age_d;age_h;psi_x;Cpm;T;H_a;rho
34;1;-2.25658735325303;0.498583808932498;19.6;68.9;159.430664156039
34;2;-2.25657093143791;0.496614984012162;19.4;70;159.167759406707
34;3;-2.24213127267774;0.494876601530999;19.9;66.6;158.904986264163
34;4;-2.26816174439957;0.493241864983393;20;65.7;158.64234610702
34;5;-2.2857230618979;0.491600018128006;19.5;67.7;158.379840311001
34;6;-2.30544040871919;0.490169861578429;19.3;68.8;158.117470248908
34;7;-6.46758725666649;0.470425760546846;19;71.5;157.855237290601
34;8;-6.74199107626125;0.486416407445166;19;74.8;157.593142802964
34;9;-6.93244013891705;0.488533634061176;19;76.4;157.331188149881
34;10;-6.97622966440927;0.490860103351689;18.8;79.2;157.069374692209
34;11;-8.66197018927438;0.49730570546767;19.1;77.8;156.807703787748
34;12;-10.6219185783563;0.50357060714098;19.5;75.2;156.54617679122
34;13;-16.032065756171;0.504279069442453;21;71.1;156.284795054236
34;14;-9.97440478900007;0.501413434103736;21.3;67.8;156.023559925274
34;15;-8.05160919577731;0.498575870774526;18.4;74.3;155.762472749649
34;16;-8.449841626678;0.505683665130474;15.7;78.3;155.501534869491
34;17;-6.45142957816375;0.502049366443425;14.8;81.8;155.240747623714
34;18;-5.89517361177641;0.496726342061255;15.1;84.8;154.980112347994
34;19;-5.80811508985161;0.494596198663507;15.1;87.8;154.719630374742
34;20;-5.31642992673206;0.488699470399957;14.3;92.8;154.459303033075
34;21;-5.32411277937276;0.492732773746113;13.8;92.8;154.199131648798
34;22;-2.39151891599391;0.49269254110878;13.4;93;153.939117544369
34;23;-2.40088374955199;0.491874383855833;13.3;93.2;153.679262038882
34;24;-2.38838421026348;0.491080695234221;13.3;93.4;153.419566448039
35;1;-2.36363934243167;0.4933646669109;13.3;94;153.160032084122
35;2;-2.36363020248754;0.492160050567409;13.3;94.7;152.900660255973
35;3;-2.36362085692264;0.491318781577887;13.5;94.7;152.641452268967
35;4;-2.33516033546848;0.491060996681523;13.5;92.4;152.382409424987
35;5;-2.34961262087561;0.490855419123656;13.5;91.7;152.123533022402
35;6;-2.34960339140753;0.491273664204773;13.2;91.5;151.864824356038
35;7;-5.06770584185294;0.47777254883031;13;90.7;151.606284717161
35;8;-8.84881445063476;0.513543270510535;13.8;85.1;151.347915393448
35;9;-9.15031232586818;0.506357376359243;15.4;77;151.089717668964
35;10;-10.5601119597504;0.504610345585534;16.4;73.1;150.83169282414
35;11;-10.2676767940301;0.504450497593117;16.4;72.5;150.573842135748
35;12;-8.16414045385008;0.503038201169922;15.3;76.3;150.31616687688
35;13;-11.8618919489473;0.507901178837392;16.2;70.2;150.058668316922
35;14;-15.3462693111887;0.503763248712749;16.7;65.4;149.801347721533
35;15;-10.4999733574081;0.502107696487682;17;64.3;149.544206352622
35;16;-12.5041626325102;0.504448252532249;16.9;65.5;149.287245468325
35;17;-11.7599759796935;0.503561062573818;17.1;68.1;149.030466322984
35;18;-10.4359403379147;0.502510645224542;16.4;68.1;148.773870167122
35;19;-9.22088577534327;0.498267586731968;16.4;65.8;148.517458247424
35;20;-6.7568602336045;0.494494670615276;15;74.8;148.261231806712
35;21;-6.7177406098683;0.493018433700598;14;79.6;148.005192083927
35;22;-2.37573577145915;0.492533491164233;13.6;80.8;147.749340314103
35;23;-2.37572635539004;0.491708329725379;13.3;82.8;147.493677728351
35;24;-2.40061470916714;0.492608101527276;12.9;84.3;147.238205553831
36;1;-2.41317812460912;0.494543304164541;12.5;86.9;146.982925013737
36;2;-2.38810933154778;0.494244249666505;12.2;88.4;146.727837327274
36;3;-2.40686704743001;0.493148530866764;12.2;88.9;146.472943709636
36;4;-2.40685960856612;0.492135836998432;12.3;88.4;146.218245371986
36;5;-2.41735720789996;0.491198681846154;12.5;88.1;145.963743521436
36;6;-2.42579512886868;0.490915175554007;12.2;87.9;145.70943936103
36;7;-5.51508190392585;0.476188994463987;12.3;86.2;145.455334089716
36;8;-9.78646504455751;0.507982600489209;13.2;81.5;145.201428902335
36;9;-10.373120558443;0.505486013710072;14;74.8;144.947724989595
36;10;-13.0023265869202;0.505110282388678;14.9;65.3;144.694223538055
36;11;-14.6552293145833;0.505712805186934;15.5;58.3;144.440925730103
36;12;-14.2570297180588;0.502896712190496;16.3;58.5;144.18783274394
36;13;-15.6185553200495;0.503552751993507;17;56.6;143.934945753558
36;14;-16.2659907643137;0.502223795951124;17.6;56.2;143.682265928723
36;15;-17.8730323622136;0.505398028719112;17.7;57.7;143.429794434957
36;16;-15.4550136606054;0.50593078762364;17.4;57;143.177532433515
36;17;-14.8141986448894;0.508477945885397;16.7;57.6;142.925481081375
36;18;-15.9072869428594;0.511439733118317;16.3;58.9;142.673641531211
36;19;-11.6472287752419;0.508064483401315;15.3;60.9;142.422014931381
36;20;-6.41034981159905;0.499541073184025;14;64.7;142.170602425907
36;21;-6.38272239692676;0.497754087809447;13.1;70;141.919405154458
36;22;-2.42245852140633;0.496700724653526;12.4;74.3;141.668424252333
36;23;-2.40667184443665;0.497401212593252;11.4;81.3;141.417660850443
36;24;-2.39101515639671;0.496241077105015;11.1;86.8;141.167116075293
37;1;-2.40038370503161;0.494875678868169;11.5;87;140.916791048968
37;2;-2.4277206446721;0.495974011096863;10.6;86.3;140.666686889114
37;3;-2.4383358378995;0.500416176202474;9.2;88;140.416804708924
37;4;-2.49388179910888;0.503662899456616;8.1;90.6;140.167145617118
37;5;-2.48451132731129;0.508401325181447;6.8;95;139.917710717929
37;6;-2.51274500391285;0.507267276469734;6.7;96.3;139.66850111109
37;7;-6.11801818716254;0.492324506610561;7.3;95.3;139.419517891812
37;8;-10.0774342982493;0.52619706289865;9.4;88.4;139.170762150774
37;9;-15.4528091260042;0.515347869128771;12.8;76.7;138.922234974103
37;10;-14.6577196452067;0.506428253607989;15.6;65.8;138.673937443365
37;11;-16.2975320002009;0.503643555615569;16.9;60.1;138.425870635542
37;12;-14.6934852397883;0.501531020482571;17.5;59.5;138.178035623024
37;13;-16.2598710736263;0.503952126158735;17.6;60.3;137.930433473593
37;14;-17.6928137289577;0.503855314843695;18.1;59.2;137.683065250404
37;15;-17.7436210701548;0.50427040628431;18.4;57.5;137.435932011977
37;16;-18.3243519814533;0.505340150475218;18.3;58.3;137.189034812178
37;17;-16.9821061273641;0.504132103735052;18.2;57.7;136.94237470021
37;18;-16.5488564739826;0.504925637725999;18;59.8;136.695952720593
37;19;-12.8690072155841;0.50191674660669;17.5;61.2;136.449769913157
37;20;-7.64780853036105;0.4932641724129;17;67.5;136.203827313024
37;21;-7.60259130906627;0.488641909454774;15.7;72.6;135.958125950596
37;22;-2.56054805444049;0.487648850835878;14.6;80.8;135.712666851545
37;23;-2.57026648995437;0.488095403926754;13.3;88.6;135.467451036796
37;24;-2.58003249588931;0.485285288323082;13.3;91.8;135.222479522516
38;1;-2.56052276192602;0.488539395582704;12.2;92.8;134.977753320103
38;2;-2.6096183251941;0.489701271910656;11;94.7;134.733273436171
38;3;-2.6096127719335;0.492034886716943;10;96;134.489040872542
38;4;-2.6396323725586;0.49457420959962;8.9;96.5;134.24505662623
38;5;-2.59969125020803;0.497479295602562;8;96.9;134.001321689432
38;6;-2.58163534974906;0.499502481737114;7.2;97.3;133.757837049514
38;7;-5.04126288356065;0.481640418133474;8.9;97.7;133.514603689004
38;8;-6.82184687137912;0.518086321029572;12.8;91;133.271622585576
38;9;-7.49853262261266;0.511037157159432;17;71.5;133.028894712043
38;10;-8.62600340197071;0.506229378158551;19.4;58.6;132.786421036344
38;11;-8.49885219099427;0.504976873608364;21.4;47.1;132.544202521533
38;12;-9.0972543103694;0.505839798074918;21;48.3;132.302240125773
38;13;-10.0991393749393;0.50933137194638;21.2;50.8;132.06053480232
38;14;-10.3697706470578;0.509892888029322;23;43.5;131.819087499516
38;15;-10.5227769601421;0.513122033674563;24.2;45.1;131.57789916078
38;16;-9.83802331020453;0.514214521305089;23.8;48.2;131.336970724596
38;17;-9.69914254480277;0.514908048233155;23.6;49.2;131.096303124505
38;18;-9.57807136040873;0.513262076138881;23.2;51.7;130.855897289098
38;19;-7.02142629844769;0.509809286967098;22.4;58.2;130.615754142001
38;20;-5.11943740105385;0.496517453458258;20.9;57.6;130.375874601873
38;21;-5.01513436741727;0.49468205047678;18.2;66.7;130.136259582393
38;22;-1.7128756049055;0.493474142363646;15.9;80;129.896909992251
38;23;-1.71867524890605;0.493521307490606;14.2;86.9;129.657826735143
38;24;-1.71189171252874;0.492794557018895;13.1;90.5;129.419010709762
39;1;-1.69843950430407;0.494669263288912;12.2;92.9;129.180462809787
39;2;-1.67852780888996;0.493304943412471;11.8;93.7;128.942183923879
39;3;-1.67064672795735;0.493116387177197;10.8;94.6;128.704174935672
39;4;-1.67064183692266;0.49319811951289;10.1;95.9;128.466436723765
39;5;-1.68643805048815;0.493269647149311;9.5;96.5;128.228970161716
39;6;-1.72681261777212;0.492655166009161;9.1;96.9;127.991776118033
39;7;-4.03251755094312;0.476367414851177;10.2;96.3;127.754855456171
39;8;-6.56604357438959;0.514601046828495;15.1;81.3;127.518209034521
39;9;-7.88749261044564;0.506544662332762;19.2;62.6;127.281837706406
39;10;-9.56116203939831;0.503567967181559;21.3;51;127.045742320074
39;11;-10.5461146515189;0.503688453987845;22.2;48.3;126.809923718691
39;12;-9.87089402036283;0.501135183760545;22.9;46.8;126.574382740339
39;13;-11.0451181934804;0.505064164610637;24;44.3;126.339120218005
39;14;-11.2370603982805;0.505353700787469;25;43.6;126.104136979578
39;15;-11.8104890025869;0.509099121807868;24.4;45.8;125.869433847845
39;16;-11.1867373315747;0.510000457840489;23.7;51;125.635011640482
39;17;-9.98203559493144;0.508451593092916;23.4;51.5;125.400871170053
39;18;-9.7750772816781;0.508413238428658;22.8;51.5;125.167013244003
39;19;-6.21650310649476;0.500369587135201;21;61;124.933438664654
39;20;-5.08375888122208;0.49057659371656;19.3;70.5;124.700148229199
39;21;-5.01606854963929;0.488184294510002;18;75.9;124.4671427297
39;22;-1.82888740368996;0.48593207880819;17.3;81.5;124.234422953084
39;23;-1.87382474388735;0.483118878984224;17.1;82.4;124.001989681135
39;24;-1.85792130227687;0.480725367200119;16.9;85.1;123.769843690496
40;1;-1.85791179361407;0.4805057996924;16.6;84.2;123.53798575266
40;2;-1.86167135020466;0.478420227268146;16.5;82.5;123.306416633971
40;3;-1.89217043298585;0.476220325097833;16.5;82.9;123.075137095619
40;4;-1.89216179909566;0.474365148311014;16.2;84.1;122.844147893635
40;5;-1.8921532536689;0.47281100513827;16;82.1;122.613449778891
40;6;-1.8921449322592;0.471231647991622;15.9;83.2;122.383043497097
40;7;-4.60654749894443;0.452645323299281;16.1;81.7;122.152929788796
40;8;-6.42749663144759;0.493998782660341;16.8;80.8;121.923109389365
40;9;-6.57003803600441;0.496180670500371;17.7;78.8;121.693583029009
40;10;-7.26188634747649;0.495746535944768;19.1;73.3;121.464351432764
40;11;-7.44943188304375;0.495791425568392;19.5;66.9;121.235415320488
40;12;-7.73186298400206;0.497787446423761;19.7;66.3;121.006775406868
40;13;-7.46694578048685;0.50025311603182;19.4;68.1;120.778432401412
40;14;-8.0888266404279;0.499560118219448;19.8;66.6;120.550387008448
40;15;-9.94599122496131;0.502334463354511;20.5;63.7;120.322639927127
40;16;-8.57825860503964;0.500692863950866;19.8;69.2;120.095191851419
40;17;-6.37441594558732;0.494656435416251;18.3;83.3;119.868043470112
40;18;-6.30523158876361;0.492775627920906;18;81;119.641195466812
40;19;-5.31891257275116;0.484968886383963;17.6;81.1;119.414648519943
40;20;-4.8586651284519;0.472115616880909;17;83.9;119.188403302745
40;21;-4.85520168938119;0.47572250682016;16.4;89.6;118.962460483277
40;22;-1.95820218713876;0.473458324454565;16.2;92.7;118.736820724412
40;23;-1.93897360624837;0.471178897383105;15.9;94.2;118.511484683844
40;24;-1.93896532228858;0.469258104915551;15.9;96;118.286453014081
41;1;-1.92706848555978;0.469082201722129;16.1;96.7;118.06172636245
41;2;-1.90123671452126;0.467604341541099;15.9;96.9;117.837305371097
41;3;-1.90355799307198;0.466079469298975;15.9;97.4;117.613190676988
41;4;-1.8919422837162;0.464681887612423;16;97.5;117.389382911908
41;5;-1.89193448301252;0.463652313609112;15.4;97.2;117.165882702463
41;6;-1.75957652195466;0.463548334017574;14.2;97.4;116.942690670085
41;7;-3.92901568066038;0.446215901354901;14.5;97.8;116.719807431027
41;8;-4.69325916796472;0.495084268878923;16.3;94.4;116.497233596368
41;9;-5.23735816398122;0.500463928698355;18.8;85;116.274969772018
41;10;-5.49059647477217;0.497143525425745;20.7;74.4;116.053016558711
41;11;-6.91175900321167;0.498004335918973;22;64.8;115.831374552019
41;12;-6.77843685751237;0.496631769405629;23.1;63.5;115.610044342342
41;13;-7.52508880002162;0.500284009802028;23.6;60.3;115.389026514921
41;14;-8.53035259085354;0.503011024510377;23.8;56.2;115.168321649832
41;15;-8.88311121386869;0.50701031999258;23.7;56;114.947930321996
41;16;-7.64912908083621;0.509361085999837;23;65.6;114.727853101176
41;17;-6.47533321884876;0.509934892091091;22.1;71.5;114.508090551982
41;18;-5.35254180012245;0.508004612953965;21.4;72.5;114.288643233878
41;19;-4.82897241278628;0.502516499140382;21.3;73.2;114.069511701178
41;20;-4.15313871214008;0.489733968401297;20.4;74.8;113.850696503055
41;21;-4.09094815249869;0.483516594603978;18.3;83.8;113.632198183544
41;22;-1.41047021892513;0.480183817392886;17.3;89.7;113.414017281542
41;23;-1.40578804649874;0.476758975900158;17.7;90;113.196154330818
41;24;-1.44539096503109;0.473900988733569;17.8;88;112.97860986001
42;1;-1.4781820921352;0.472672788581871;17.6;87.7;112.761384392635
42;2;-1.5119976784496;0.470038270608907;17.6;89.3;112.544478447093
42;3;-1.54687263044648;0.467549182990286;17.4;89.5;112.327892536666
42;4;-1.54332760172503;0.465174252918626;17.2;90.3;112.111627169528
42;5;-1.56470691109656;0.462956928908114;16.7;92.7;111.895682848749
42;6;-1.5493822264465;0.460853393365205;16.9;93.1;111.680060072297
42;7;-3.98403843456362;0.440782181829712;17.6;89.6;111.464759333048
42;8;-4.74071534777688;0.480513280999973;18.7;84.5;111.249781118786
42;9;-4.92584785283047;0.480945340417734;19.9;76.1;111.035125912212
42;10;-4.69550481772584;0.477186532322148;20.1;77.6;110.820794190946
42;11;-4.31677319612358;0.477236690982145;18.5;91;110.606786427538
42;12;-4.61467086329129;0.484872722611507;19.1;92.4;110.393103089468
42;13;-4.58991558754584;0.486676027424865;20.7;87.8;110.179744639155
42;14;-4.21136626862184;0.477499322845714;20;89.6;109.966711533964
42;15;-4.08742429472245;0.477327533084055;19;93.5;109.754004226207
42;16;-4.08013265979465;0.477556125645421;19.4;93.3;109.541623163158
42;17;-4.24952121014987;0.485017502151412;19.8;91.6;109.32956878705
42;18;-3.87029384263247;0.469506473202694;19.8;91.3;109.117841535088
42;19;-3.76698651346258;0.460068040787462;18.9;96.1;108.906441839454
42;20;-3.74143117840614;0.452175430295576;18.9;96.4;108.695370127311
42;21;-3.73903671342578;0.456086502154858;18.5;97;108.484626820815
42;22;-1.30005024619516;0.454159912104254;18.3;97.1;108.274212337118
42;23;-1.30470101588425;0.451999648516389;17.9;96.6;108.064127088379
42;24;-1.3379714962431;0.450347781679226;17.5;93.5;107.854371481765
43;1;-1.3575148434401;0.450359895505313;17.4;94.4;107.644945919466
43;2;-1.35750757575244;0.449021568588539;17.2;94.9;107.435850798699
43;3;-1.40296627351399;0.447805429201991;16.9;95.4;107.227086511713
43;4;-1.41858241592188;0.44668984932376;16.7;95.6;107.018653445802
43;5;-1.42383645757297;0.445667228508109;16.5;96.6;106.81055198331
43;6;-1.39266166118805;0.444765846882913;16.6;96.4;106.602782501641
43;7;-3.76038577839973;0.42414388053457;16.4;97.7;106.395345373264
43;8;-3.9109705347474;0.45235111370576;16.5;98.1;106.188240965724
43;9;-3.92331061548766;0.457415649173937;16.7;97.9;105.981469641649
43;10;-3.89872819581041;0.460437400599937;16.8;97.6;105.775031758762
43;11;-3.80072555378037;0.462906036357038;16.9;98;105.568927669884
43;12;-3.840603301372;0.463998026523499;17;97;105.363157722947
43;13;-3.81231118474652;0.465732437827422;16.5;96.3;105.157722261001
43;14;-3.84263458133714;0.462209511059281;17;93.2;104.952621622225
43;15;-3.90917548817788;0.468125019693716;16.8;93.1;104.747856139933
43;16;-3.9504291306343;0.470730663839559;16.5;93.4;104.543426142588
43;17;-3.84065311902182;0.464272432295975;16.4;92.2;104.339331953805
43;18;-3.76819156046146;0.453639390431611;16.3;88.8;104.135573892367
43;19;-3.75923736885523;0.446074543178508;16.2;88.2;103.932152272229
43;20;-3.71577910221895;0.43739713660857;15.8;88.4;103.729067402533
43;21;-3.72265384574141;0.44176163316342;15.6;88.7;103.526319587612
43;22;-1.33782101083501;0.440336964651053;15.3;90.2;103.323909127006
43;23;-1.35244116243339;0.438748380307082;14.6;94.4;103.121836315467
43;24;-1.38236251219274;0.437676856867738;14.6;95.2;102.920101442972
44;1;-1.37328302613298;0.437746855339173;14.6;96.9;102.718704794731
44;2;-1.37327761555786;0.436903607589248;14.3;98;102.517646651201
44;3;-1.3853893163952;0.436196332046126;14;98;102.316927288093
44;4;-1.39764974582859;0.43552188635726;13.9;98;102.116546976384
44;5;-1.40798087943656;0.434892827115935;13.9;98;101.916505982326
44;6;-1.41005576671317;0.434335558966407;13.9;98.2;101.716804567459
44;7;-3.81490926670191;0.415269839592936;14.2;98;101.517442988623
44;8;-4.00913076123284;0.448930889083548;15;95;101.318421497963
44;9;-4.23722553577716;0.465065174071487;16.1;86.9;101.119740342947
44;10;-4.60309323106077;0.470037592125963;17.7;76.2;100.921399766372
44;11;-4.69362953739142;0.470250576521161;17.8;75.4;100.723400006379
44;12;-4.7697088869042;0.470937324665611;18.3;75.3;100.525741296461
44;13;-5.74971213471254;0.478631844953023;19.3;76.4;100.328423865478
44;14;-6.69346271567124;0.483336122408687;20;75.9;100.131447937664
44;15;-6.56511741695465;0.486276239370105;19.7;73.3;99.9348137326436
44;16;-6.95938900994798;0.490498129607385;19.8;70.3;99.7385214654392
44;17;-6.41820848727703;0.491633528954658;19.8;71.3;99.5425713464861
44;18;-5.878526938401;0.491341665778354;19.5;69.3;99.3469635816426
44;19;-4.64810123146118;0.482245709844876;18.5;72.7;99.1516983722026
44;20;-4.08808608264725;0.468756810079611;17.5;78.3;98.9567759149074
44;21;-4.03948806532981;0.460804351047571;16.5;86.8;98.7621964019581
44;22;-1.43340869463257;0.457023488593272;16.1;87.5;98.5679600210273
44;23;-1.43797640780112;0.452916013099129;16.3;86.3;98.3740669552719
44;24;-1.44256405958142;0.449495569120444;16.5;85.1;98.1805173833457
45;1;-1.45025912676729;0.447218056510343;16.4;86;97.987311479411
45;2;-1.43948674314505;0.444128702250187;16.3;87.5;97.7944494131519
45;3;-1.44485019068328;0.441246583026463;15.8;89.8;97.6019313497866
45;4;-1.45566585649346;0.438611564602089;15.2;92.2;97.4097574500803
45;5;-1.44807383103855;0.436325350994142;14.3;94.7;97.2179278703579
45;6;-1.40989703730678;0.434699551231252;12.9;95.7;97.0264427625167
45;7;-3.64332691267036;0.417551798225872;12.8;97.4;96.8353022740396
45;8;-4.21579403087966;0.474612279339451;16.7;88.9;96.6445065480081
45;9;-4.34430408567439;0.475853400540523;18.3;80.6;96.4540557231153
45;10;-4.57110812409186;0.47593116134334;19.4;75.3;96.263949933679
45;11;-5.02750258602856;0.474424010244929;20;72;96.0741893096551
45;12;-5.032159582742;0.473403136741575;20.6;70.6;95.8847739766508
45;13;-5.18742031813316;0.477524452462686;20.7;72.5;95.6957040559381
45;14;-5.37834996168211;0.479374511287434;21;72.1;95.5069796644671
45;15;-5.15812541912019;0.483024961268418;21.1;74.7;95.3186009148798
45;16;-5.44066086553475;0.488557345471689;21;77;95.1305679155235
45;17;-5.59272464831306;0.490779326397366;21.4;74.5;94.9428807704642
45;18;-4.401942521323;0.486926000840909;20.9;77.7;94.7555395795009
45;19;-3.80786498212183;0.469358266893605;19.6;83.3;94.568544438179
45;20;-3.72432443530058;0.458680163206519;19;85;94.3818954378043
45;21;-3.6998377936998;0.453275836239567;18.3;87.6;94.195592665457
45;22;-1.22812202780165;0.449101648566831;18;90;94.0096362040054
45;23;-1.22811541801633;0.445027140415938;18;93.4;93.8240261321202
45;24;-1.22810880045753;0.441307299176947;17.3;95.6;93.6387625242886
46;1;-1.21786971001434;0.438791595381598;17.3;90;93.4538454508284
46;2;-1.2384524782717;0.435451979284355;17.1;82;93.2692749779021
46;3;-1.24892754130596;0.432225200398725;16.5;87.4;93.0850511675317
46;4;-1.27568172344489;0.429682139422842;17;94;92.9011740776124
46;5;-1.28660726537688;0.427179262219864;17;91.7;92.7176437619275
46;6;-1.28660144978417;0.424933436235551;17;90.2;92.5344602701623
46;7;-3.71881238420275;0.402688771770791;17.4;88.8;92.3516236479195
46;8;-4.02798113255473;0.442894509057726;17.9;85.9;92.1691339367329
46;9;-4.09609235505373;0.4464000959954;18.3;83.4;91.9869911740825
46;10;-4.47256736113438;0.457424569030366;19.6;78.3;91.805195393409
46;11;-4.55681941175673;0.456959707924745;20.4;74.4;91.6237466241286
46;12;-5.18560341287574;0.459379715182616;21.4;67.7;91.4426448916478
46;13;-4.64120880204889;0.464101405303063;20.7;70.7;91.2618902173783
46;14;-5.53098859947228;0.465155263575848;21.4;66.6;91.0814826187514
46;15;-5.99887707352048;0.471579392940731;21.6;67.2;90.9014221092338
46;16;-5.47573818947436;0.473829676399368;21.3;69.8;90.7217086983418
46;17;-4.45124054230941;0.468861035700345;20.4;75.7;90.5423423916565
46;18;-4.01564259810816;0.456348709033042;19.8;81;90.3633231908392
46;19;-3.85038029163674;0.445830200694341;19.5;85.2;90.1846510936462
46;20;-3.78062360871642;0.43347964956823;19.4;82.8;90.006326093944
46;21;-3.76127649332725;0.433591986755198;19.2;71.5;89.8283481817246
46;22;-1.2878679838332;0.429775113564403;18.7;73;89.6507173431205
46;23;-1.30173325347617;0.426029421904776;18.6;73.9;89.4734335604202
46;24;-1.30172684234035;0.422674770855961;18;77.8;89.2964968120838
47;1;-1.33010068074499;0.420226691161818;17.1;87.2;89.1199070727576
47;2;-1.3373253204976;0.417497077107714;16.4;93.2;88.9436643132902
47;3;-1.33731999710604;0.41518281275731;16.1;95.4;88.7677685007475
47;4;-1.32577267457938;0.413139262816786;15.9;95.4;88.5922195984286
47;5;-1.32576758926015;0.411518436200863;16.2;95.8;88.4170175658807
47;6;-1.32004356577441;0.410293555345057;16.8;92.4;88.2421623589155
47;7;-3.71870305151978;0.387323570279916;17.3;91.6;88.0676539296238
47;8;-4.04425922301605;0.435163921558772;18.2;89.3;87.8934922263919
47;9;-4.10351851445506;0.436819613833416;18.9;85.6;87.7196771939171
47;10;-4.6115725687543;0.449751401360109;20.4;79.2;87.5462087732228
47;11;-5.46099752565043;0.452620850684819;21.4;70.9;87.373086901675
47;12;-6.08860995588549;0.454005995698647;22.4;65.6;87.2003115129976
47;13;-5.91778300768306;0.454698561839671;22.9;64.2;87.0278825372883
47;14;-7.28912757783797;0.461073394322452;24.6;56.8;86.8557999010344
47;15;-9.53635813658399;0.470725564441704;25.6;51;86.6840635271285
47;16;-8.71679187358243;0.471951123282562;25.9;50.3;86.5126733348847
47;17;-8.36831242520804;0.473216749247617;25.2;53.6;86.3416292400539
47;18;-7.75042301765612;0.472580218372026;25.6;53;86.1709311548404
47;19;-5.71250394345346;0.463244922832544;25.3;50.6;86.0005789879173
47;20;-4.20961716186599;0.44158549361411;23.9;53.1;85.8305726444428
47;21;-4.05881427134961;0.437819359410634;22.9;53;85.660912026076
47;22;-1.30158174578431;0.432063851976736;21.7;57.5;85.4915970309929
47;23;-1.315657398948;0.426673526411125;20.9;60.8;85.3226275539025
47;24;-1.33717799761855;0.422363041053239;20.3;63;85.1540034860628
48;1;-1.35672198020175;0.418187568253151;19.2;68.3;84.9857247152972
48;2;-1.38171762344405;0.414425102509292;18.6;70.9;84.8177911260098
48;3;-1.38824388168439;0.411234136270737;18.7;71.6;84.6502025992025
48;4;-1.41032267295852;0.407553844064972;17.8;76.1;84.4829590124902
48;5;-1.4374627200073;0.404282014523599;16.8;83.7;84.3160602401177
48;6;-1.44205144065445;0.402138741958113;16.9;86.9;84.1495061529754
48;7;-3.89527228533618;0.378149528705419;18.3;83.3;83.9832966186157
48;8;-5.70285701095893;0.448594348456239;21.2;68.8;83.817431501269
48;9;-7.04777224230475;0.455768887211429;22.4;64.3;83.6519106618601
48;10;-6.47523704043586;0.449130021942544;23.2;60.7;83.4867339580245
48;11;-5.76418661588114;0.446337446463706;22.9;64.8;83.321901244124
48;12;-4.96619374260919;0.444252207697434;23.1;65.5;83.1574123712641
48;13;-4.48379172932818;0.437258390367458;21.9;74.1;82.9932671873091
48;14;-4.09109514478744;0.429289827341112;18.9;90.6;82.829465536899
48;15;-4.48003008442864;0.448604386646594;19.2;91.5;82.6660072614657
48;16;-4.16821151216733;0.445157558508306;19.2;88.9;82.5028921992492
48;17;-3.83358784949374;0.427946729918937;17.9;90.2;82.3401201853138
48;18;-3.83054608902203;0.428044128460645;17.7;90.9;82.1776910515649
48;19;-3.8004308999007;0.424114898807394;17.6;90.2;82.0156046267645
48;20;-3.69446012302124;0.408386034868782;17.4;89.7;81.8538607365483
48;21;-3.6910815630028;0.403960052281974;16.8;90.6;81.6924592034417
48;22;-1.24849786466156;0.400870306466246;16.5;92.3;81.531399846876
48;23;-1.25378069419597;0.39767283556854;16.5;92.8;81.3706824832049
48;24;-1.28069660114824;0.395016693201156;16.2;93.2;81.210306925721
49;1;-1.28984702485733;0.393448566408886;16.2;93.4;81.0502729846717
49;2;-1.30374894168014;0.391301049608604;15.9;94.2;80.8905804672761
49;3;-1.32261625457359;0.389481228333953;15.7;95;80.7312291777409
49;4;-1.32261184117785;0.387850171341816;15.5;95.7;80.572218917277
49;5;-1.32056727181686;0.386499347649781;15.5;96.1;80.4135494841157
49;6;-1.32875040279442;0.385373763722281;15.5;97.3;80.2552206735253
49;7;-3.67840181920172;0.362422532782065;15.6;96.3;80.0972322778272
49;8;-3.87593380169421;0.407480978026879;16.2;95.4;79.9395840864123
49;9;-3.89065795976779;0.41070404983079;16.8;96.6;79.7822758857575
49;10;-4.03635677852815;0.422547905712537;17.5;95.9;79.6253074594419
49;11;-4.19692887438418;0.430752202050498;18.5;92.4;79.4686785881631
49;12;-4.54785619997543;0.431497301008366;20;88.7;79.3123890497539
49;13;-4.86918923215023;0.43837443221725;21.9;84.8;79.1564386191981
49;14;-6.16003414683425;0.445482045696573;23.2;78;79.0008270686472
49;15;-6.63677125143781;0.451037479684575;23.6;73.9;78.8455541674369
49;16;-6.39864069197777;0.455327432593753;23.4;75.1;78.6906196821027
49;17;-5.11283263418029;0.453227977123921;22.8;76.8;78.536023376397
49;18;-4.38933646045621;0.442811495862314;22.5;78.1;78.3817650113052
49;19;-4.2151153751656;0.435583520120539;22.3;78.5;78.2278443450615
49;20;-3.89780485963617;0.416923749702927;21.6;79.7;78.074261133166
49;21;-3.85362602308387;0.410393109042775;20.2;84.5;77.9210151284002
49;22;-1.30832086989114;0.404971465432843;19.3;90.4;77.7681060808441
49;23;-1.31639713991765;0.399832611507903;18.8;92.8;77.6155337378915
49;24;-1.33276659710729;0.395559021923024;18.4;94.7;77.4632978442673
50;1;-1.3368993965662;0.392054977451133;18;96.2;77.3113981420429
50;2;-1.35362753272181;0.389033706845418;18;96.9;77.1598343706527
50;3;-1.36636420780635;0.385712364266198;17.7;96.1;77.0086062669107
50;4;-1.35361734510749;0.382597468419974;17.1;97.6;76.8577135650261
50;5;-1.36635430508027;0.380254927782569;17.1;97.4;76.7071559966198
50;6;-1.35360764310902;0.377940209284603;16.9;97.4;76.5569332907407
50;7;-3.77852422482325;0.352889795363092;17.6;94.2;76.4070451738816
50;8;-4.20921747163451;0.409300254608965;19.4;83.6;76.2574913699955
50;9;-4.36078114541358;0.413930525216396;20.5;76.3;76.1082716005119
50;10;-6.38956474266753;0.43315480852184;22.8;67.2;75.9593855843525
50;11;-7.55736836715051;0.435020603399573;25.1;56.6;75.8108330379476
50;12;-7.62654949977614;0.432909772831387;26.6;53.4;75.6626136752522
50;13;-7.71758123309618;0.439383943282904;25.5;62.3;75.5147272077618
50;14;-9.02573215526934;0.444945406017554;26.1;56.9;75.367173344529
50;15;-9.58663027927768;0.451180726360876;26.4;53.9;75.2199517921789
50;16;-9.86972372274655;0.455087015551997;26.5;51.5;75.0730622549256
50;17;-7.04072059673155;0.447616180471703;24.7;58.8;74.9265044345876
50;18;-5.88020981622669;0.44315589790128;23.3;63.7;74.7802780306048
50;19;-5.00493287417506;0.435121665493116;23.7;60.2;74.6343827400532
50;20;-4.19515659133297;0.412451498477157;22.8;63.6;74.4888182576619
50;21;-4.10237260797492;0.405847380155595;21.2;71.3;74.3435842758284
50;22;-1.3662516808612;0.400358113013475;20.5;76.3;74.1986804846347
50;23;-1.37375566665937;0.393065363666607;18.7;85.1;74.054106571863
50;24;-1.38436040478895;0.387190742680452;17.6;90.5;73.9098622230119
51;1;-1.39149192685777;0.38241414025177;16.7;92.8;73.7659471213119
51;2;-1.39148735406601;0.377761436888597;15.8;95;73.6223609477413
51;3;-1.41215509458934;0.373678923222216;15.1;96.2;73.479103381042
51;4;-1.4279336046925;0.370256562008209;14.9;97.2;73.3361740977353
51;5;-1.42792960291874;0.367057266482874;14.5;97.4;73.1935727721373
51;6;-1.44164720767866;0.364301252336661;14;97.8;73.0512990763751
51;7;-3.83754197194695;0.341774168617686;15.2;98.2;72.9093526804024
51;8;-5.0795021031104;0.435354616875296;17.6;92.7;72.7677332520145
51;9;-5.17143454613867;0.432227042950423;21.4;77.7;72.6264404568648
51;10;-6.99659944565487;0.432430356812079;23.4;66.1;72.4854739584798
51;11;-8.10055283298403;0.432230416303034;24.9;58.3;72.344833418275
51;12;-8.58544818752705;0.43148119985915;26.3;52.7;72.2045184955703
51;13;-9.1946639032797;0.435352383337044;27.5;50;72.0645288476054
51;14;-9.94362172096741;0.438830098417323;27.8;53.5;71.9248641295556
51;15;-8.56430403080103;0.438938299980824;27.1;58.3;71.7855239945468
51;16;-9.72118271473655;0.446261216461801;25.9;60.8;71.6465080936714
51;17;-7.9334550112356;0.444095322368822;24.3;64.4;71.5078160760035
51;18;-7.20898839036082;0.442565236711843;23.5;66.8;71.3694475886141
51;19;-5.31835287550866;0.430649284815731;23.1;67.8;71.2314022765867
51;20;-4.40101298694633;0.409274757619689;22.2;70.8;71.0936797830323
51;21;-4.30896991970876;0.398425087795053;20.5;82.9;70.9562797491052
51;22;-1.46954526742962;0.391771543424283;19.5;87.7;70.8192018140175
51;23;-1.48861323920573;0.384912408194849;18.7;89;70.6824456150549
51;24;-1.49342911902274;0.378962556402552;17.7;89.9;70.5460107875919
52;1;-1.51784985001923;0.373946450561783;17.1;92.1;70.4098969651063
52;2;-1.5377770301416;0.370091652813276;17.3;91.5;70.2741037791949
52;3;-1.53275648535121;0.366646685293011;17.6;90.5;70.1386308595887
52;4;-1.55294939394927;0.363240187307531;17.5;92;70.0034778341672
52;5;-1.56317831209119;0.360703852836727;17.6;90.1;69.8686443289742
52;6;-1.56317370250211;0.357947204306473;17.5;90.1;69.7341299682322
52;7;-4.05315907813866;0.331442237042584;18;87.1;69.5999343743578
52;8;-4.85285373577423;0.398970633816321;19;84.6;69.4660571679763
52;9;-5.00028998399726;0.399470798155573;20.1;81.2;69.3324979679365
52;10;-6.60347198130651;0.410200798070516;22.7;67.4;69.199256391326
52;11;-8.44084658777306;0.414533645483645;24.5;57.9;69.0663320534855
52;12;-7.79797606961945;0.410436549590709;24.5;55.1;68.9337245680236
52;13;-8.90983394485703;0.416765834878339;25.4;48.6;68.8014335468321
52;14;-10.4521267698406;0.424156661463239;26.9;43.3;68.6694586000998
52;15;-10.1581432359231;0.430089213967608;26.3;52.4;68.5377993363279
52;16;-10.2431631266154;0.434640072481729;26.1;52.1;68.4064553623442
52;17;-9.20596581319165;0.432856840208208;25.8;53.1;68.2754262833179
52;18;-7.2700596413184;0.424923811010074;24.1;56.7;68.1447117027739
52;19;-4.90270391725287;0.404763659173378;22.3;66.9;68.0143112226076
52;20;-4.34971997506684;0.381011079490043;21;73.8;67.8842244430991
52;21;-4.30599956887583;0.379476493397874;20.1;79.3;67.7544509629277
52;22;-1.59222473566232;0.373696900068433;19.9;81.6;67.6249903791864
52;23;-1.58120701542112;0.368066757917404;19.6;83.9;67.495842287396
52;24;-1.58730742789807;0.36320308882183;19.3;87.7;67.3670062815196
53;1;-1.61830855287233;0.357732947800211;17.8;92.5;67.238481953977
53;2;-1.63093328592476;0.352500002680075;16.8;94.6;67.1102688956585
53;3;-1.66308277804648;0.348683682503734;16.1;96.2;66.9823666959394
53;4;-1.63092498569415;0.345913049002536;16;96.7;66.854774942694
53;5;-1.65380243018149;0.34326675776081;15.4;97.1;66.7274932223098
53;6;-1.67616852886601;0.34139817739728;15.1;97.7;66.6005211197016
53;7;-4.13820662693298;0.317311176394506;15.8;97.9;66.4738582183254
53;8;-6.09447038966224;0.413389358429465;18.9;89.1;66.3475041001923
53;9;-6.21529096241936;0.410288486958688;21.1;78.8;66.2214583458827
53;10;-6.61732694964951;0.404739970950352;23;74.2;66.09572053456
53;11;-8.47102984148042;0.410233318947949;24.5;68.3;65.9702902439843
53;12;-8.18629316635154;0.404494935117644;25.1;59.3;65.8451670505267
53;13;-11.0273176279401;0.413320973195438;26.7;53.5;65.7203505291827
53;14;-11.5098953898325;0.411803709294176;26.5;55.1;65.5958402535858
53;15;-10.8467476170004;0.419071469927176;26.4;53.1;65.4716357960217
53;16;-12.0127195917694;0.426975293276134;26.7;51.5;65.3477367274411
53;17;-9.28446285019961;0.420456132413664;25.8;54.2;65.2241426174744
53;18;-8.04726040620583;0.414937132298235;25.3;59.4;65.1008530344441
53;19;-7.05537598616943;0.405791549807801;26.7;54.6;64.9778675453793
53;20;-5.71405172906328;0.38617716455801;27.6;45.8;64.8551857160284
53;21;-5.47017877663617;0.377422719198081;25;54;64.7328071108729
53;22;-1.6526035827474;0.370387592079531;23.7;56.4;64.6107312931409
53;23;-1.72437582111185;0.361087516981548;22.1;62.8;64.4889578248198
53;24;-1.74921122928756;0.35570271572805;22;55.2;64.3674862666705
54;1;-1.79166427776255;0.346979678886318;19.5;63.9;64.2463161782399
54;2;-1.84441136209493;0.342401209694104;17.7;72.1;64.1254471178743
54;3;-1.85339547748008;0.338445783728347;16.8;79.5;64.0048786427326
54;4;-1.85339140798988;0.337065629714429;17;80.4;63.8846103087995
54;5;-1.75757393669327;0.335369625353301;17;84.6;63.7646416708983
54;6;-1.66816939503368;0.333534574736274;16.5;93.6;63.6449722827043
54;7;-3.86942360183294;0.307369430338284;16.5;95;63.5256016967572
54;8;-3.86753319537115;0.328049000023658;15.8;93.7;63.4065294644745
54;9;-3.85466110744359;0.340019389240156;15.6;95.2;63.2877551361642
54;10;-3.90298701113685;0.345972834026045;15.7;94.3;63.1692782610377
54;11;-3.91144278230408;0.353387305659724;15.5;91.3;63.0510983872223
54;12;-3.86429338868856;0.3537954296161;15.5;91.6;62.9332150617745
54;13;-3.94075693044904;0.362907290672061;15.2;94.4;62.8156278306919
54;14;-3.8730802632386;0.354909528126865;15.1;95.2;62.6983362389265
54;15;-3.96235334087573;0.366372500939699;14.8;91;62.5813398303973
54;16;-3.98191768591646;0.36992491835057;14.6;87.7;62.4646381480021
54;17;-3.8487448202852;0.357061261777946;14.7;90.1;62.3482307336308
54;18;-3.83481461384136;0.347202840241157;14.5;88.4;62.2321171281776
54;19;-3.82872535293872;0.341537735698331;14.3;88.8;62.1162968715532
54;20;-3.72451976407379;0.325736957546635;13.8;91.5;62.0007695026973
54;21;-3.73032678420463;0.323104793174739;13.3;95.6;61.8855345595912
54;22;-1.35585535894772;0.320901992853046;12.9;97.3;61.7705915792695
54;23;-1.34602786247474;0.318691295342684;12.5;97.9;61.6559400978326
54;24;-1.32667151900009;0.317210937599009;12;98.3;61.541579650459
55;1;-1.31240794845735;0.316645550059248;12.1;98.4;61.4275097714172
55;2;-1.28911079735297;0.316205711666326;12.2;98.5;61.3137299940777
55;3;-1.26908765004515;0.31569156804631;12.3;98.9;61.2002398509254
55;4;-1.26370105757964;0.315387840273841;12.3;99.1;61.0870388735712
55;5;-1.24423204205374;0.315139011295428;12.5;99.3;60.974126592764
55;6;-1.19739453366665;0.315057021336794;12.6;99.4;60.8615025384027
55;7;-3.4808225286867;0.294634950687322;12.8;99.5;60.749166239548
55;8;-3.6921819143933;0.361901605186144;13.4;99.4;60.637117224434
55;9;-3.74601170200203;0.371639764607664;14.6;97.9;60.5253550204801
55;10;-3.8413196688423;0.376255332001069;16.6;91.9;60.4138791543027
55;11;-3.92073776931348;0.380528794481532;17.9;87.1;60.3026891517266
55;12;-4.27006601052379;0.384831866173869;19.8;82.4;60.1917845377969
55;13;-5.00129613397041;0.395533159197373;20.4;80.4;60.0811648367904
55;14;-5.85462343767203;0.405085363507555;20.7;80.2;59.9708295722268
55;15;-5.35118487329659;0.410022956374722;20.5;83.5;59.8607782668807
55;16;-4.45204087112056;0.411592267649271;20.2;87.2;59.7510104427926
55;17;-4.08004727489235;0.402351036490006;19.9;90.3;59.6415256212802
55;18;-3.87373464602514;0.383711871711053;19.7;91.3;59.5323233229498
55;19;-3.70453650869773;0.364368274772366;19.2;92.7;59.4234030677077
55;20;-3.62780496246765;0.348180246097091;19.3;92.3;59.3147643747711
55;21;-3.62500223716661;0.348350750589143;19.3;92.5;59.2064067626794
55;22;-1.19319339081293;0.342981845993984;19.3;93.2;59.0983297493053
55;23;-1.1809158011463;0.337788628151992;19;95.3;58.9905328518657
55;24;-1.17283018474653;0.3333695297594;18.7;96.7;58.8830155869328
56;1;-1.16653232303811;0.329663251066549;18.4;97.3;58.7757774704451
56;2;-1.16482013437711;0.326819662475927;18.3;98;58.6688180177182
56;3;-1.16243088322759;0.324047814405619;18.2;98.6;58.5621367434555
56;4;-1.17684370623161;0.321814008715045;18;98.4;58.4557331617595
56;5;-1.17200529033079;0.319539626273449;18;92.2;58.3496067861418
56;6;-1.162418488146;0.317140778877855;17.4;92.4;58.2437571295344
56;7;-3.54397198420795;0.291074117214412;17.4;95.8;58.1381837043002
56;8;-3.66561458420433;0.332987773816739;17.8;95.1;58.0328860222433
56;9;-3.70280782967298;0.344069508279992;18;95;57.9278635946199
56;10;-3.79521533457111;0.360845065486744;18.8;92.1;57.8231159321486
56;11;-3.81937817843448;0.366439417893676;19.2;86.7;57.7186425450211
56;12;-3.83666560577092;0.371417288635113;18.8;92.3;57.6144429429122
56;13;-3.80787003130153;0.369974276615498;19.2;90.4;57.5105166349903
56;14;-3.92652205752534;0.37915031999563;18.7;93.7;57.4068631299279
56;15;-3.96975646798298;0.385750693040133;19.3;89.6;57.3034819359117
56;16;-3.70635833625601;0.358649011870273;19.6;86.2;57.2003725606527
56;17;-3.67761091507587;0.351880370432551;19.3;89.3;57.0975345113964
56;18;-3.63240806038547;0.34304112395125;18.4;92.1;56.994967294933
56;19;-3.58916252306825;0.335950908911257;18;93.5;56.8926704176074
56;20;-3.51385859898301;0.313576224311155;18;92.3;56.7906433853291
56;21;-3.51902802946715;0.318766129969982;17.7;91.9;56.6888857035823
56;22;-1.12060692393367;0.31590191447365;17.4;93.8;56.5873968774357
56;23;-1.12060300898683;0.313377331222156;17.2;95.9;56.4861764115523
56;24;-1.10717131271151;0.311499216960552;17.1;97.6;56.3852238101993
57;1;-1.09071323311398;0.310195824838197;17.2;97.1;56.2845385772579
57;2;-1.08530487470508;0.309368919074393;17.6;94.9;56.1841202162328
57;3;-1.09614994830271;0.308993158235186;17.8;95.9;56.0839682302622
57;4;-1.0039950428833;0.309211973500992;18.3;97.3;55.9840821221269
57;5;-0.997634068185294;0.308496743440628;18.2;98.1;55.8844613942602
57;6;-0.997630054667505;0.307520489561814;18;97.9;55.7851055487575
57;7;-0.972803516672531;0.306877788609707;17.9;98.1;55.6860140873854
57;8;-3.38033629076883;0.28024246741024;17.9;97.8;55.5871865115914
57;9;-3.42423582598097;0.302192177116729;18;97.7;55.488622322513
57;10;-3.47804079863229;0.318973127014597;18.7;97;55.3903210209873
57;11;-3.511239741591;0.327657939426085;19;96.5;55.29228210756
57;12;-3.55819339211579;0.339546655058007;19.2;95.7;55.1945050824949
57;13;-3.58135177280945;0.338489579485823;19.2;95.7;55.0969894457825
57;14;-3.58261693059395;0.336761850161313;19.4;95.6;54.99973469715
57;15;-3.51528565516766;0.323316012973717;19.5;96.4;54.9027403360693
57;16;-3.50436002115292;0.319796075826613;19.1;97.9;54.806005861767
57;17;-3.50081548026248;0.317705337144879;19.1;97.9;54.7095307732327
57;18;-3.50254513477313;0.319013998588116;19.1;97.8;54.6133145692281
57;19;-3.68964723993497;0.353013779710187;19.6;94.2;54.5173567482959
57;20;-3.47771293117443;0.320594008398511;19.3;91.7;54.4216568087688
57;21;-3.46549155488695;0.309483624870282;18.5;92.1;54.3262142487779
57;22;-1.03130290148271;0.304556956830343;18;93.9;54.2310285662616
57;23;-1.03129900211709;0.301332974704183;17.7;96.2;54.1360992589743
57;24;-1.04745111068563;0.299509810021498;17.3;97.1;54.0414258244952
58;1;-1.05566808425722;0.297467807810176;16.2;98.6;53.9470077602362
58;2;-1.09387396883342;0.296477986797513;16.1;99.4;53.8528445634514
58;3;-1.11598824330324;0.293935636062895;14.8;99.3;53.7589357312446
58;4;-1.14340289673686;0.292188121303738;14;99.8;53.6652807605787
58;5;-1.14884523810529;0.292023172882121;13.6;100;53.571879148283
58;6;-1.14884234209733;0.290854426158641;13.1;100;53.4787303910626
58;7;-3.51122264312581;0.271331345195702;14;100;53.385833985506
58;8;-3.86440366813701;0.343767113788031;17.3;92.8;53.2931894280934
58;9;-4.88582055749187;0.391325579409383;20.4;75.9;53.2007962152054
58;10;-5.67873126095777;0.38379941400594;22.2;68.7;53.1086538431304
58;11;-4.80568757818437;0.372722632347257;21.9;70.7;53.0167618080731
58;12;-5.29117709349159;0.373606426974754;22.8;73;52.9251196061626
58;13;-5.48616779959692;0.377943308868385;23.7;71.6;52.8337267334604
58;14;-5.79944436729778;0.384246864438341;23.6;71.1;52.7425826859681
58;15;-5.75873754440981;0.391161157293934;22.6;74.8;52.6516869596354
58;16;-5.73829533596827;0.395877445867921;23;73.5;52.5610390503682
58;17;-4.03666102146252;0.381442871184793;20.7;81.8;52.470638454036
58;18;-3.74906420677776;0.358797132186503;20.4;81.8;52.3804846664801
58;19;-3.81110637487468;0.362399627385674;18.7;84.2;52.2905771835211
58;20;-3.54938180686415;0.334209773164945;17.4;91.7;52.2009155009662
58;21;-3.54223451155947;0.323798502259721;16.8;92.6;52.1114991146177
58;22;-1.10698402002643;0.316723551698972;15.8;93;52.0223275202798
58;23;-1.1294932274806;0.311785038516174;16;92.9;51.9334002137664
58;24;-1.12948976043255;0.306646279190491;15.4;95.5;51.8447166909085
59;1;-1.1585800231828;0.302496828369992;14.8;97.5;51.7562764475619
59;2;-1.18877024661073;0.299222295637062;14.7;98.3;51.6680789796143
59;3;-1.19618229989175;0.295565812641795;14;98.5;51.5801237829928
59;4;-1.19287563439364;0.294270940818479;14.4;99.1;51.4924103536711
59;5;-1.21373870207987;0.29229180902456;14.5;99;51.4049381876766
59;6;-1.21120430247764;0.289330770832827;13.4;98.8;51.3177067810982
59;7;-3.53705797666641;0.26966256863462;14.4;99.2;51.2307156300928
59;8;-3.77437745871134;0.324165245229134;16.8;92.8;51.1439642308926
59;9;-4.46489875832507;0.384877054816499;18.9;85;51.0574520798124
59;10;-5.2289288527376;0.375252604982449;21.9;67.2;50.9711786732565
59;11;-5.63991442713643;0.367483880397528;23.4;57.6;50.8851435077254
59;12;-7.00269578312754;0.369316751461894;24.3;48.1;50.7993460798233
59;13;-7.76123097996596;0.378120821387216;24.9;44.6;50.7137858862643
59;14;-8.75439310277154;0.385454232339927;25.9;41.8;50.6284624238797
59;15;-9.22500828347202;0.392845352467034;25.7;41.5;50.5433751896251
59;16;-9.3235242220052;0.396973240489322;25.6;38.8;50.4585236805861
59;17;-8.71665057511892;0.39518643933435;25.3;37.5;50.373907393986
59;18;-8.11325579551217;0.391852018585638;24.5;37.6;50.2895258271923
59;19;-6.46055889280868;0.380074822746199;23.3;38.4;50.2053784777227
59;20;-4.23730185895841;0.35300903822471;21.9;41.3;50.1214648432524
59;21;-3.99367894325681;0.332394160845968;19.2;48.8;50.0377844216203
59;22;-1.21185404268889;0.323302601715261;17.8;53.4;49.9543367108354
59;23;-1.21547190729809;0.315206823243731;17.1;56.5;49.8711212090836
59;24;-1.23011086194338;0.307812987940124;16.2;58.2;49.7881374147336
60;1;-1.24125504664851;0.302043437708818;15.3;62.3;49.7053848263437
60;2;-1.23751998090329;0.297560826299583;15.1;63.6;49.6228629426679
60;3;-1.23938069720774;0.293330941998304;14.7;65.5;49.5405712626622
60;4;-1.25253734278051;0.288509943000172;12.9;72.6;49.4585092854907
60;5;-1.26141814434344;0.288418678473459;14.8;55.2;49.376676510532
60;6;-1.26589034344952;0.28524327295919;14.4;56.8;49.2950724373853
60;7;-3.81787003547881;0.264708695199723;14.4;63.3;49.2136965658762
60;8;-4.47167883753347;0.332981118936812;16.8;56.8;49.1325483960634
60;9;-7.38170519089116;0.376604396787634;18.6;51.6;49.0516274282438
60;10;-4.78957708843491;0.350265099069099;18.9;51.1;48.9709331629593
60;11;-6.63239844187662;0.359362042746851;20.2;47.1;48.8904651010022
60;12;-5.90205059704067;0.349174950174045;21.5;45.4;48.8102227434214
60;13;-7.18956690143918;0.362161482717655;22.3;43.8;48.730205591528
60;14;-7.81262745587964;0.369431278870612;23.1;40.8;48.6504131469013
60;15;-7.58117501974564;0.37527219051393;22.9;46.6;48.5708449113943
60;16;-7.99876663147324;0.385695221742753;22;56.1;48.4915003871396
60;17;-7.09218092419932;0.385240937900998;21.2;58.9;48.4123790765552
60;18;-6.53544450035746;0.382591036950774;20.8;58.5;48.3334804823498
60;19;-4.94335497811823;0.370414696544907;20.1;59.6;48.2548041075286
60;20;-4.01380809992979;0.341753579480551;18.6;68.1;48.1763494553987
60;21;-3.89991333554899;0.32041037267603;16.8;77.3;48.098116029575
60;22;-1.24805557910406;0.310784892065713;15.1;85.4;48.020103333985
60;23;-1.26134444004105;0.302240740712332;13.8;91.3;47.9423108728749
60;24;-1.27483491200866;0.295654035731261;13;94.6;47.8647381508145
61;1;-1.29777763550654;0.290893552660373;12.9;95.6;47.7873846727027
61;2;-1.3118217700887;0.286373466893426;12.4;96.6;47.7102499437729
61;3;-1.32607997352466;0.282526484999566;11.9;97.1;47.6333334695983
61;4;-1.32607768896862;0.279417330723674;11.4;97.2;47.5566347560967
61;5;-1.34055370116707;0.276241315222014;10.6;95.7;47.4801533095362
61;6;-1.34055178093307;0.273467206371713;9.6;95.7;47.4038886365402
61;7;-3.62831204722255;0.258363207050895;10.8;94.7;47.3278402440922
61;8;-4.08176363836362;0.32858310686091;13.3;87.4;47.2520076395411
61;9;-4.70830798657117;0.368163181090981;15.9;77.2;47.1763903306065
61;10;-5.2346512746765;0.357619928147173;18;64.4;47.1009878253831
61;11;-6.21996110512357;0.357040574769701;19.8;56.2;47.025799632346
61;12;-6.54541257384653;0.355298795535058;21.2;50.5;46.9508252603556
61;13;-7.178771758874;0.363764977967255;22.6;51.9;46.8760642186624
61;14;-7.37997940684201;0.371266502255756;22.4;56.4;46.8015160169118
61;15;-8.09132939075946;0.379770068536226;22.7;56.5;46.7271801651489
61;16;-8.19758275678103;0.384780991973627;22.8;55.4;46.6530561738233
61;17;-7.47998090945516;0.383684117213638;22.7;57.3;46.5791435537937
61;18;-7.02543425381115;0.380672685001801;22.6;56.5;46.5054418163329
61;19;-5.40389976522809;0.368461356242687;21.7;60.4;46.4319504731319
61;20;-4.18906461684731;0.339686576961618;20.3;67.9;46.3586690363049
61;21;-4.07016017291151;0.319274442506007;18.3;83.8;46.2855970183937
61;22;-1.35026271014713;0.309879072810699;16.7;89.7;46.2127339323724
61;23;-1.35765543980085;0.300101007972811;15.3;92.8;46.1400792916516
61;24;-1.37513033269816;0.293308813453859;14.5;93.3;46.067632610083
62;1;-1.38017834511812;0.287113679408458;13.4;95.4;45.9953934019638
62;2;-1.39548332072612;0.281861606282949;12.7;96.9;45.9233611820411
62;3;-1.40581638175676;0.277530886961907;11.9;97.1;45.8515354655164
62;4;-1.40581411067597;0.27453902744308;11.9;96.8;45.7799157680493
62;5;-1.41101925549853;0.271352390507525;10.8;97.3;45.7085016057624
62;6;-1.41101719457747;0.268939522826302;10.3;98.1;45.6372924952453
62;7;-3.74793055552027;0.253272437146;11.7;97.4;45.5662879535588
62;8;-4.25940697896409;0.314595086051058;15;85.4;45.4954874982388
62;9;-6.22088653314723;0.365161354473496;18.6;70.1;45.4248906473011
62;10;-7.23644413162257;0.355828233081003;21.6;51.1;45.3544969192444
62;11;-8.14758428387411;0.355972483149576;23.6;47.7;45.2843058330555
62;12;-8.35166886917255;0.355827005068841;25.4;47.1;45.2143169082127
62;13;-8.64479532690666;0.360083886575585;26;48.1;45.1445296646894
62;14;-10.3218746253385;0.369907211503436;27.2;42.7;45.0749436229591
62;15;-10.6465144673361;0.375304209090645;27.3;39;45.0055583039983
62;16;-10.0445560681201;0.377240951775367;26.8;40.1;44.9363732292909
62;17;-9.64079336728119;0.377302328200215;26.4;42.6;44.8673879208318
62;18;-9.2026526224289;0.373827737100369;26.1;40.6;44.7986019011309
62;19;-7.72189366860776;0.361759329752592;25.2;40.1;44.7300146932166
62;20;-5.03589006898914;0.332633541350148;23.8;45.7;44.6616258206398
62;21;-4.81623170934386;0.312615810188872;21.1;62.1;44.5934348074776
62;22;-1.48111782868984;0.302454143869279;19.5;67.1;44.5254411783364
62;23;-1.48111391282768;0.297458820240594;19.8;58.1;44.4576444583564
62;24;-1.46725109156864;0.288302084248789;18.3;61.3;44.3900441732146
63;1;-1.50080944039921;0.281645419240567;16.7;64.7;44.3226398491283
63;2;-1.50593017687266;0.279097956767515;17;58.2;44.2554310128591
63;3;-1.50935601260067;0.277649848941971;17.4;54.9;44.1884171917162
63;4;-1.49796285004628;0.274726578756847;17;56;44.1215979135593
63;5;-1.4971503140067;0.270755439356574;15.6;63.6;44.0549727068031
63;6;-1.50201051423264;0.264083737831981;12.3;81.9;43.9885411004197
63;7;-3.9859353577086;0.247165248366984;13.3;81.2;43.9223026239425
63;8;-5.1604618716451;0.310344899397761;18;60.7;43.8562568074693
63;9;-9.58023899237742;0.359364174004102;20.8;49.3;43.7904031816659
63;10;-8.11793258815274;0.348850902623379;22.9;46.8;43.7247412777687
63;11;-9.09584608568225;0.348265682313778;24.6;41.9;43.6592706275888
63;12;-8.42757553724499;0.341490821010458;25.2;43.2;43.5939907635147
63;13;-10.5478605235745;0.356294421990333;27.3;41.4;43.5289012185152
63;14;-11.2442558789523;0.362134423418091;29.1;41.1;43.4640015261432
63;15;-10.8215726253405;0.368331909962087;29.5;39.8;43.3992912205383
63;16;-10.7582863784795;0.373770609746969;29.9;35;43.3347698364302
63;17;-10.3687156840515;0.372424104902227;29.1;37.3;43.2704369091413
63;18;-9.8657580067445;0.368829821274218;28.4;36.7;43.2062919745901
63;19;-8.02220364526319;0.356191327221923;26.8;38.8;43.1423345692942
63;20;-5.27099881083373;0.327670466288177;25.4;41;43.078564230373
63;21;-4.97477109564886;0.309200209798847;23.6;45.5;43.0149804955506
63;22;-1.52078475841617;0.300024560499305;22.5;48.4;42.9515829031588
63;23;-1.55007242531745;0.291880779448443;21.6;50.8;42.8883709921402
63;24;-1.59236781134342;0.286630213047269;21.1;51;42.8253443020506
64;1;-1.60918219465945;0.281738484567276;20.6;50.5;42.7625023730618
64;2;-1.62533137499297;0.276212203580895;19.5;53.8;42.6998447459648
64;3;-1.53155600708056;0.270309096268936;17.7;59.6;42.6373709621721
64;4;-1.45423290080358;0.267196073914769;17;59.1;42.5750805637207
64;5;-1.41082426295968;0.265480297277537;16.4;60.2;42.5129730932745
64;6;-1.32579275328557;0.264373658700604;16.5;59.9;42.4510480941272
64;7;-3.6995187285782;0.242306846885237;16.7;61.5;42.3893051102046
64;8;-4.09739435305419;0.308339268680404;18.4;57.6;42.3277436860676
64;9;-7.24676174257188;0.354563692375698;20.7;49.6;42.2663633669145
64;10;-6.32799461994393;0.344560696927915;22.2;47.4;42.2051636985834
64;11;-6.85037631740599;0.343013419598554;23.5;45;42.1441442275549
64;12;-7.07032742093482;0.341347422335199;24.9;42.2;42.0833045009548
64;13;-7.85195477611219;0.350022944459483;25.9;41.3;42.0226440665559
64;14;-8.9571954634172;0.35994740673352;27;39.1;41.9621624727811
64;15;-9.5035751383738;0.367891541955579;27.9;37.4;41.9018592687052
64;16;-9.78792535779587;0.374261606209033;28.8;36;41.8417340040577
64;17;-8.2168250648912;0.370252092655633;26.4;48.9;41.781786229225
64;18;-7.13729582677273;0.365224807743241;24.3;53.2;41.7220154952524
64;19;-5.85510051113893;0.355741722202529;24.3;54.2;41.662421353847
64;20;-3.99420954439237;0.325272946625166;22.9;64.8;41.6030033573793
64;21;-3.74830799488565;0.293958127498627;21.2;73.3;41.5437610588857
64;22;-3.71644312594161;0.294112492788379;19.1;82.2;41.484694012071
64;23;-1.20898082359235;0.285643362309028;17.8;88.4;41.4258017713098
64;24;-1.20418596152038;0.277745746947416;17;88.7;41.3670838916495
65;1;-1.21742459304989;0.271802263107675;15.9;90.7;41.3085399288117
65;2;-1.22595680666597;0.266819170238295;14.8;91.6;41.2501694391948
65;3;-1.22595395049914;0.261766257284649;13.5;93.4;41.1919719798757
65;4;-1.23025113556193;0.258163762192169;12.5;95.1;41.1339471086122
65;5;-1.22594914877252;0.255394892078026;11.8;96.4;41.0760943838444
65;6;-1.25207029350538;0.253465255504576;11.4;96.9;41.0184133646975
65;7;-3.58435610145023;0.238003772276683;12.9;94.5;40.960903610983
65;8;-4.0809465832286;0.302361713566757;17.2;78.2;40.9035646832011
65;9;-5.79464863873921;0.347742650275583;21;64.3;40.8463961425424
65;10;-6.1447993879427;0.340505215603867;23.4;53.7;40.7893975508898
65;11;-7.00857975459508;0.339364415421406;25;49.7;40.7325684708204
65;12;-7.19860614901243;0.338869529507325;26.3;48.9;40.6759084656074
65;13;-7.91485933556039;0.350049227618375;26.2;54.4;40.6194170992217
65;14;-8.45538965638743;0.356692259379958;26.8;53.2;40.5630939363338
65;15;-8.95703606079059;0.365206085625583;26.3;52.5;40.5069385423155
65;16;-9.19225077286625;0.369027355192385;25.6;52;40.4509504832417
65;17;-8.2591746524189;0.366457349574082;26;49.1;40.3951293258921
65;18;-7.87117676900406;0.362898192499589;25.8;47.2;40.3394746377527
65;19;-6.54822395444327;0.351963058789761;25.6;45.1;40.2839859870179
65;20;-4.24878781268613;0.322096848900392;24.2;49.9;40.2286629425914
65;21;-3.93032610690742;0.289921937772653;22.7;58;40.1735050740886
65;22;-3.85842859153571;0.29190587335953;20.6;68.6;40.1185119518375
65;23;-1.27346879349076;0.282712951018019;18.6;81;40.0636831468809
65;24;-1.26804889640632;0.274343810708824;17.1;87.5;40.0090182309774
66;1;-1.28347648901701;0.268447671521251;16.3;90.7;39.9545167766031
66;2;-1.28806218818071;0.263912108889059;15.4;92.7;39.9001783569533
66;3;-1.29465486960744;0.260204823283136;15.2;93.8;39.8460025459434
66;4;-1.31067634074992;0.25690101798366;14.5;94.5;39.7919889182112
66;5;-1.3106735802342;0.254500793422037;13.8;95.7;39.7381370491174
66;6;-1.31878744486407;0.25199653190474;13.4;96.3;39.6844465147477
66;7;-3.66066239676137;0.23454100619068;14.6;93.8;39.6309168919138
66;8;-4.11905754183402;0.294927767573507;17.1;85.4;39.5775477581548
66;9;-5.50813822754189;0.34419720376306;20.5;74.3;39.5243386917387
66;10;-5.4311771445034;0.333932617612557;22.8;68.1;39.4712892716635
66;11;-6.22314894918062;0.335798824032622;23.8;64.4;39.4183990776586
66;12;-6.58126718254726;0.332272644116941;25;57.3;39.3656676901861
66;13;-7.34880993121131;0.33974471105027;25.2;52.5;39.3130946904419
66;14;-6.9683629057218;0.345574385368739;24.8;62.9;39.260679660357
66;15;-8.82285813778024;0.362907965527514;25;63.3;39.2084221825987
66;16;-8.34924878964814;0.368150551805633;25.1;65.2;39.1563218405719
66;17;-6.79546943316787;0.366369887226237;24.8;68;39.1043782184198
66;18;-6.0657269721418;0.361035745866543;24.4;65.9;39.0525909010257
66;19;-4.60068942607403;0.347124440715535;23.8;66.5;39.0009594740135
66;20;-3.74605813032042;0.316838963646308;22.2;73.4;38.9494835237494
66;21;-3.62959458370386;0.297349252749172;20.5;81.6;38.8981626373424
66;22;-1.075816697616;0.289628620968514;19.9;83.1;38.8469964026454
66;23;-1.07723329246447;0.282403848656322;19.8;79.3;38.7959844082569
66;24;-1.05967132514602;0.275882218717675;19.2;79.3;38.7451262435211
67;1;-1.06314502004427;0.269915897265824;18.4;80.4;38.6944214985295
67;2;-1.07580171936498;0.265300090422494;17.9;78;38.6438697641218
67;3;-1.07579829443722;0.261720942497822;17.6;79.3;38.5934706318863
67;4;-1.09302595018974;0.258707182539676;17.3;80.5;38.5432236941617
67;5;-1.10992074477372;0.255803924222835;16.8;76.9;38.4931285440375
67;6;-1.11513671163344;0.25322326487886;16.4;76.5;38.4431847753548
67;7;-3.59824857404556;0.232812444855035;16.4;77.3;38.3933919827073
67;8;-3.89635521654068;0.284615425370758;16.8;76.4;38.3437497614424
67;9;-4.35797665190496;0.327527079775681;18;71.9;38.2942577076616
67;10;-4.1528563473035;0.312518773507105;18.7;67.8;38.2449154182218
67;11;-5.05282961412588;0.318176213447405;20.2;60.2;38.1957224907355
67;12;-5.31848117337599;0.317377742086504;20.9;59.2;38.146678523572
67;13;-5.26927076506499;0.32418291957111;21.1;61.7;38.0977831158581
67;14;-6.4337156644734;0.334595424676567;22;57;38.0490358674788
67;15;-6.28961126481578;0.338404871114399;22;56.8;38.0004363790779
67;16;-5.9873570442074;0.337404700480668;22.4;56.5;37.951984252059
67;17;-5.05969107862811;0.330316420884576;21.8;62.1;37.9036790885856
67;18;-4.18690685806691;0.315627514106846;20;67.9;37.8555204915827
67;19;-3.79611907395991;0.285527597641603;18.8;72.1;37.8075080647363
67;20;-3.68579038912343;0.264428183898721;18;75;37.7596414124951
67;21;-3.66278812100324;0.265947424782204;17.4;75.2;37.7119201400703
67;22;-1.19323764108544;0.261500371099941;17.1;76.2;37.6643438534368
67;23;-1.18618902502565;0.257897061137994;16.9;78.5;37.6169121593333
67;24;-1.17978006092858;0.254767120773582;16.3;83;37.5696246652631
68;1;-1.17977696905423;0.250661442985398;15;88.8;37.5224809794945
68;2;-1.17977415110102;0.24739294177308;14;93.1;37.4754807110617
68;3;-1.17169065335371;0.247263243986485;14.7;92;37.4286234697647
68;4;-1.12484637382886;0.24684925985507;15.3;90.1;37.3819088661703
68;5;-1.08787014299349;0.246032080779781;15.3;90.7;37.3353365116123
68;6;-1.0735784122375;0.245036635236695;15.2;90.5;37.288906018192
68;7;-3.43504777409507;0.226427331140047;15.6;89.4;37.2426169987789
68;8;-3.69289362452066;0.287693902458951;16.9;85.6;37.1964690670105
68;9;-4.09821467912028;0.334511241082075;18.8;80.4;37.1504618372935
68;10;-4.52065338009246;0.326919562563407;20.6;72.3;37.1045949248035
68;11;-5.57202764719813;0.324534445147526;22.5;62.3;37.0588679454858
68;12;-5.82431551889199;0.325100534997863;23.6;61.9;37.0132805160555
68;13;-5.82243097020083;0.332637034623321;23.1;68.6;36.967832253998
68;14;-7.75798699404888;0.347453415678338;24.6;60;36.9225227775695
68;15;-7.72151410457625;0.35337388629276;24.4;60.1;36.8773517057967
68;16;-6.82368453691273;0.35502889830628;23.5;63.2;36.8323186584778
68;17;-7.0783129045261;0.357895290652437;23.4;60.3;36.7874232561823
68;18;-5.1852965338636;0.3458288018914;23.1;65.2;36.7426651202513
68;19;-5.00769636888797;0.341850409928825;23;63.7;36.6980438727982
68;20;-3.88280168101999;0.31423119279536;22.3;64.9;36.6535591367083
68;21;-3.61223571441438;0.280802382631916;20.7;73.8;36.6092105356394
68;22;-3.58530811908196;0.278698408340497;18.6;84.2;36.5649976940221
68;23;-1.12857032455345;0.27071292577467;17.5;87.2;36.5209202370594
68;24;-1.12856701819552;0.263664255990049;16.5;88.5;36.4769777907276
69;1;-1.14007193649888;0.257157183347852;15.4;89.2;36.4331699817761
69;2;-1.14505354785934;0.251735650696447;13.8;93.1;36.3894964377275
69;3;-1.14839159167175;0.247095836019744;12.7;95.1;36.3459567868777
69;4;-1.15962732545076;0.243721095716185;11.8;96.2;36.3025506582962
69;5;-1.132371438418;0.241144395386689;11.1;96.8;36.2592776818263
69;6;-1.11347061806787;0.238779055083566;10.9;97.5;36.2161374880846
69;7;-3.3752031340583;0.22489549500561;12.3;96.6;36.1731297084618
69;8;-3.67201317966954;0.280197256824851;16.5;84.5;36.1302539751223
69;9;-5.13598804909641;0.332515593715955;20.5;62.7;36.0875099210043
69;10;-5.46440298428189;0.324750923384915;22.8;56.3;36.0448971798201
69;11;-6.72337470210757;0.328060847833788;25.2;51.5;36.0024153860557
69;12;-6.12607471061552;0.318730008523902;26.2;49.4;35.9600641749711
69;13;-7.46298245813967;0.332018640630285;27;46.3;35.9178431826002
69;14;-7.5404667907969;0.335409392604964;27.1;44.6;35.8757520457507
69;15;-7.91802843281744;0.343220963682935;27.1;49.3;35.8337904020044
69;16;-5.77454262220338;0.331996075577838;26.5;54.1;35.7919578897165
69;17;-4.09790954174616;0.313557017247831;25.4;60.8;35.7502541480163
69;18;-4.0633587013843;0.308035499796378;24;65.1;35.7086788168064
69;19;-4.00707494290602;0.3004174227504;23.9;61.6;35.6672315367633
69;20;-3.79480180223418;0.279855665592988;23.3;62.8;35.6259119493367
69;21;-3.68096282581517;0.269814170096825;22.1;66.9;35.5847196967497
69;22;-1.10045278615357;0.263382642287628;20.5;76;35.5436544219987
69;23;-1.06989695725853;0.257894727381431;19.1;82.6;35.5027157688531
69;24;-1.08411247036524;0.254025959492014;18.5;83.8;35.4619033818553
70;1;-1.08410905047368;0.251009246009915;18;86.5;35.4212169063203
70;2;-1.094954324743;0.249520449336787;17.8;88;35.3806559883358
70;3;-1.10596044177264;0.246535211374765;17.3;91.4;35.3402202747618
70;4;-1.11338753873989;0.244618072038903;17;92;35.2999094132306
70;5;-1.1284661646288;0.242875647715566;16.6;92.7;35.2597230521464
70;6;-1.12466480335347;0.240969706726814;16;94.4;35.2196608406853
70;7;-3.51485246106702;0.222376920940768;16.8;93.1;35.1797224287945
70;8;-3.73796719222879;0.268287815242508;19.4;84.5;35.1399074671931
70;9;-4.05818471731097;0.305720496078095;22;76.8;35.1002156073706
70;10;-4.02022022995856;0.300041549636811;23.2;71.1;35.0606465015876
70;11;-4.31344286585868;0.306075970924555;23.5;70.8;35.021199802875
70;12;-5.88520417625725;0.313348198705186;25;63.9;34.9818751650339
70;13;-7.30128735546546;0.328095445698372;26.4;58.9;34.9426722426353
70;14;-8.58120008614634;0.341720211050675;26.6;56.9;34.9035906910198
70;15;-8.46703613009151;0.347448742759541;26;57.2;34.864630166297
70;16;-8.53409319282493;0.353352446900347;25.8;58;34.8257903253455
70;17;-5.63503583803466;0.337151176818515;24.4;64.7;34.7870708258124
70;18;-3.84833627405906;0.300217704478482;22.7;72.3;34.7484713261131
70;19;-3.95639295869135;0.309205876187664;21.6;79.7;34.7099914854306
70;20;-3.5786040510017;0.273464271091903;20.6;84;34.6716309637155
70;21;-3.55949166812284;0.26693616359359;18.4;95.1;34.6333894216852
70;22;-1.0733386990863;0.261258032910864;18.2;96.2;34.595266520824
70;23;-1.07333529665272;0.256171690606843;18;96.6;34.5572619233823
70;24;-1.01237420612858;0.252757946496078;18.1;96.8;34.5193752923761
71;1;-1.01237088864707;0.249419731677005;18;97.3;34.4816062915872
71;2;-1.00913494571922;0.247003597120681;17.9;97.9;34.4439545855619
71;3;-1.00913172634617;0.244924136021826;17.7;97.7;34.4064198396112
71;4;-1.02215387049853;0.242284489453266;17.2;97.7;34.3690017198101
71;5;-1.02215081122108;0.240966340024602;16.9;98.2;34.3316998929971
71;6;-1.02214777608785;0.239967663525682;17;97.2;34.2945140267736
71;7;-3.38133268345791;0.218991595940544;15.7;92.5;34.257443789504
71;8;-3.57029575646477;0.265050893787268;16.1;89.2;34.2204888503143
71;9;-3.90279342105826;0.321127271310811;17.1;83.8;34.1836488790923
71;10;-3.89515511418573;0.308178845339573;18.5;78.3;34.1469235464868
71;11;-4.01935516109022;0.305123649733163;19.2;74.5;34.1103125239072
71;12;-3.88504969510139;0.297153683579338;19.4;73;34.0738154835228
71;13;-3.92477700345448;0.302054548925033;19.3;73.9;34.0374320982623
71;14;-4.03871903598054;0.312523238485355;18.6;78;34.0011620418134
71;15;-3.93833675365887;0.305970914181775;19;75.1;33.9650049886219
71;16;-3.75241146811179;0.28502360395287;18.3;74.6;33.9289606138916
71;17;-3.8303031027602;0.288302832294193;18.1;73;33.8930285935833
71;18;-3.7355171699222;0.278849711815042;17.9;73.4;33.8572086044144
71;19;-3.58311599189616;0.256704304447322;17.3;73.6;33.8215003238583
71;20;-3.49149928143069;0.240112163144251;16.1;82.3;33.7859034301438
71;21;-3.48686371583952;0.243012348478905;15.1;90.8;33.7504176022544
71;22;-1.0743482155851;0.240250004682165;14.8;93.8;33.7150425199277
71;23;-1.06084510390627;0.237395090248818;14.3;93.5;33.6797778636549
71;24;-1.04056749877201;0.235687753003366;14.1;95.9;33.64462331468
72;1;-1.0435614669484;0.233960239123331;13.7;97.1;33.6095785549991
72;2;-1.03658776430403;0.232988295769919;13.7;97.1;33.57464326736
72;3;-1.04522706904881;0.232064417587829;13.7;96.9;33.5398171352614
72;4;-1.04522471517849;0.231429736874553;13.6;97.2;33.5050998429521
72;5;-1.0485753044358;0.230649563783962;13.4;97.1;33.4704910754305
72;6;-1.05668699462075;0.228384212655213;12.3;97.7;33.4359905184437
72;7;-3.39970909689106;0.213993349621575;12.6;98.8;33.4015978584873
72;8;-3.63701135036821;0.259608679711107;14.4;96.5;33.367312782804
72;9;-3.8988391402129;0.308049940906447;16.5;86.1;33.3331349793834
72;10;-3.9883744623245;0.306066146613874;17.9;82.3;33.299064136961
72;11;-4.17210855453628;0.306053978944451;18.9;79.4;33.2650999450178
72;12;-4.8797353933607;0.308299648733298;19.9;76;33.2312420937791
72;13;-5.64215919135338;0.320744845064842;20.6;75.2;33.1974902742142
72;14;-6.20034589863695;0.331480486011733;21.2;74.6;33.1638441780354
72;15;-6.47888024364773;0.339540397068197;21.5;73.2;33.1303034976973
72;16;-6.91958533926304;0.348130704039321;22.1;71.8;33.0968679263962
72;17;-5.87175999592771;0.343850695930404;22.3;70.8;33.0635371580689
72;18;-3.97757284924599;0.315966820446574;21.1;71.7;33.0303108873925
72;19;-3.95175220076855;0.310507547457065;20.8;72.2;32.9971888097831
72;20;-3.59272778978825;0.275392890758901;20;77.6;32.9641706213954
72;21;-3.56220346252494;0.268138363103878;19;80.1;32.9312560191217
72;22;-1.15642079818405;0.261716356247592;18.8;84.5;32.898444700591
72;23;-1.15641746758383;0.254579961619969;18.1;85.7;32.8657363641686
72;24;-1.16914064085191;0.248267158474729;16.9;90.6;32.8331307089547
73;1;-1.17774768573469;0.242956009571194;15.4;91.2;32.8006274347842
73;2;-1.18208821961447;0.237703082420661;13.9;90.9;32.7682262422253
73;3;-1.17774270743332;0.234671439219773;12.6;93.6;32.735926832579
73;4;-1.17774053473189;0.231128144200207;11.9;93.5;32.7037289078784
73;5;-1.18315836699461;0.228813364710614;11.3;94.2;32.6716321708873
73;6;-1.16065963984538;0.227080765409231;10.9;94.3;32.6396363250999
73;7;-3.34347884429684;0.213879245953514;11.8;93.2;32.6077410747396
73;8;-3.61631060472109;0.272510752722016;14.5;84;32.5759461247585
73;9;-4.06279514969492;0.318349447910427;17.3;76.6;32.544251180836
73;10;-4.52483870783006;0.309944576501562;19.6;67.4;32.5126559493784
73;11;-5.04531772343781;0.306223427943512;21.3;62.1;32.4811601375177
73;12;-5.37863926136883;0.304710729025429;22.2;59.9;32.449763453111
73;13;-6.24222402993716;0.317497558056028;22;60.7;32.4184656047392
73;14;-7.03759135942296;0.328575542263313;22;59.5;32.3872663017066
73;15;-7.57201050945028;0.337701734466598;22.5;58;32.3561652540397
73;16;-7.1849278530249;0.340532270209033;22.5;56.9;32.3251621724861
73;17;-6.89849902379238;0.342614160943999;22.2;57.8;32.2942567685141
73;18;-5.88823261442623;0.336108611278716;21.8;60.5;32.2634487543113
73;19;-4.49102763748243;0.322707273439462;21.2;64.2;32.232737842784
73;20;-3.76836837619221;0.29414769630159;20.4;70;32.2021237475561
73;21;-3.64761940608101;0.271195189551693;18.7;80.1;32.171606182968
73;22;-1.20414884326477;0.261761097215241;17.3;88.2;32.1411848640761
73;23;-1.1999162800632;0.254027650009192;16.5;91.3;32.1108595066516
73;24;-1.21312683325896;0.247727189257492;15.6;94.2;32.0806298271793
74;1;-1.22320507631395;0.242936435917966;15;94.7;32.0504955428572
74;2;-1.23687601169165;0.238547719285995;14.2;95.8;32.020456371595
74;3;-1.24660590570264;0.227688247662456;13.7;97;31.9905120320135
74;4;-1.25931484826788;0.225005716690016;13.3;97.8;31.9606622434434
74;5;-1.27225101017488;0.223473569053739;13.3;98.1;31.9309067259245
74;6;-1.27224894270573;0.220845096293383;12.4;97;31.9012452002045
74;7;-3.48362639162356;0.20557182856562;12.7;96.7;31.8716773877383
74;8;-3.76854593745854;0.262474305092008;15;88.8;31.8422030106868
74;9;-4.44799461722773;0.31691166559381;17.9;79.4;31.812821791916
74;10;-5.13929559493412;0.307126404810919;21.1;64.3;31.7835334549957
74;11;-5.92846129207005;0.306434247189319;22.9;61.3;31.7543377241991
74;12;-5.88197154133026;0.304890771967699;23.9;64.3;31.7252343245014
74;13;-7.00750744424484;0.318775698507031;24.3;61.8;31.6962229815785
74;14;-7.87606209869586;0.328654741472731;24.3;57.7;31.6673034218068
74;15;-8.25867551726383;0.337304631181435;24.2;58.3;31.6384753722613
74;16;-8.15945703190957;0.341696477946347;24.1;55.8;31.6097385607152
74;17;-7.4942883212368;0.340458994691298;23.8;56.6;31.5810927156385
74;18;-6.68132079710606;0.334140292357716;23.4;56.2;31.5525375661973
74;19;-5.27670128499628;0.320921256320289;22.8;58.5;31.5240728422523
74;20;-4.05478929500622;0.289764008829303;21.5;62.7;31.4956982743583
74;21;-3.90555643625478;0.26692409127026;19.7;77.8;31.4674135937626
74;22;-1.49177863848839;0.25672854536473;17.8;86.7;31.4392185324046
74;23;-1.4864436045371;0.24874726659785;16.8;90.2;31.411112822914
74;24;-1.48999126327955;0.242029990707491;15.9;91.1;31.3830961986104
75;1;-1.49714225310351;0.236159524193527;15.1;94.2;31.3551683935019
75;2;-1.50800373122175;0.232167007317122;14.8;94.6;31.3273291422839
75;3;-1.50800142567435;0.227996856898852;13.9;95.4;31.2995781803386
75;4;-1.46035455725277;0.224120507625805;13;96.5;31.2719152437333
75;5;-1.43917916154269;0.221269620560234;12.4;97.5;31.2443400692196
75;6;-1.41194384542773;0.218777654741431;11.9;97.9;31.2168523942324
75;7;-3.52029737571706;0.204172057546408;12.7;98.2;31.1894519568887
75;8;-3.71410471089059;0.257415226934064;15.2;92.2;31.1621384959866
75;9;-4.05648110214793;0.311668781576976;18.1;83.5;31.1349117510041
75;10;-4.23656029457918;0.305085292721705;21.2;76.4;31.107771462098
75;11;-5.02189217800417;0.303904613973417;22.3;69.9;31.0807173701029
75;12;-5.49105860146089;0.305343935483964;23;66.3;31.0537492165303
75;13;-6.4254658104449;0.316850396784507;23.5;62.9;31.026866743567
75;14;-7.30079855890677;0.32894592936682;23.8;60.3;31.0000696940744
75;15;-7.60260497726821;0.335960561734111;24.1;57.5;30.9733578115872
75;16;-7.45167938593243;0.343011111732314;24;60.4;30.9467308403123
75;17;-6.41798844896982;0.339995853656232;23.6;63.8;30.9201885251281
75;18;-5.88831966925497;0.33566804169755;23.1;64;30.8937306115825
75;19;-4.75924943777642;0.321752758185448;22.4;65.7;30.8673568458927
75;20;-3.79640313838332;0.285394012750191;21;75.4;30.8410669749436
75;21;-3.72223103141715;0.266338613906737;19.3;84;30.8148607462867
75;22;-1.46247330318847;0.257526197161766;18.6;87.3;30.788737908139
75;23;-1.48020510898119;0.250734020317938;18.4;88.9;30.7626982093821
75;24;-1.48590602023337;0.244493487271034;17.8;90.5;30.7367413995607
76;1;-1.4872650865469;0.237878001639553;16.5;93.4;30.7108672288817
76;2;-1.49549380075981;0.232125421341393;15.6;96;30.6850754482131
76;3;-1.49872062127477;0.229142947740373;15.7;96.7;30.6593658090827
76;4;-1.48907807217998;0.226770254834455;15.9;94;30.6337380636769
76;5;-1.47331978285023;0.223553016888498;14.6;95.5;30.60819196484
76;6;-1.44293530032952;0.220160471795567;13.7;97.4;30.5827272660724
76;7;-3.49783452883334;0.203971282927973;14.8;98.5;30.55734372153
76;8;-3.66371916268945;0.252140632783883;15.9;98.6;30.5320410860227
76;9;-3.93276715806486;0.309350064695593;18.6;92.1;30.5068191150136
76;10;-4.09538802013173;0.302862452863224;21.1;75.5;30.4816775646175
76;11;-5.02221876577057;0.300328078944245;22.3;65.3;30.4566161915998
76;12;-5.40325630276897;0.300438693357823;23;63;30.4316347533754
76;13;-6.36146627025626;0.313083309902496;23.4;58.1;30.4067330080079
76;14;-7.40840124102813;0.326942697416342;23.6;55.5;30.3819107142077
76;15;-7.72420357442002;0.334230271259185;24.1;53.9;30.3571676313313
76;16;-7.9899258358338;0.339015065201143;24.3;48.9;30.3325035193801
76;17;-7.28833525661337;0.338915803196322;23.8;53.6;30.3079181389994
76;18;-5.82832014942567;0.331022911182736;23.1;63.2;30.2834112514767
76;19;-4.58896191502003;0.319376648894927;22.1;67.5;30.2589826187409
76;20;-3.91978539467502;0.287631760562519;21.3;72.2;30.2346320033613
76;21;-3.76379415786779;0.253726784931162;19.5;79.4;30.2103591685458
76;22;-3.755632420135;0.252058999812973;17.5;86.8;30.1861638781405
76;23;-1.66112662512782;0.244175048424976;16.3;90.6;30.162045896628
76;24;-1.65374500535201;0.236255526613791;14.9;93;30.1380049891262
77;1;-1.66112205842982;0.230139408340602;13.8;94.9;30.1140409213874
77;2;-1.6691010976206;0.225355134623432;12.9;96.5;30.0901534597971
77;3;-1.68811795559582;0.22168366867062;12.5;97.5;30.0663423713724
77;4;-1.69923868708352;0.21866240624454;11.7;97.6;30.0426074237614
77;5;-1.69643881613352;0.215612925926939;11.5;98.2;30.0189483852415
77;6;-1.70203005869726;0.214064968051945;11.6;98.9;29.9953650247185
77;7;-3.67992131438108;0.200025442463117;11.9;99.5;29.9718571117255
77;8;-3.90985663654503;0.248024179855793;13.3;99.9;29.9484244164212
77;9;-4.21249723539609;0.303552042719572;16.3;95.3;29.9250667095893
77;10;-4.48271458243408;0.300774713831471;20.1;74.5;29.9017837626371
77;11;-5.30252931428108;0.29788889147359;21.4;65.2;29.878575347594
77;12;-5.49508937745732;0.294635667970186;22.1;60.5;29.8554412371107
77;13;-6.54442574593013;0.313454717113181;22.5;60.4;29.8323812044579
77;14;-7.09251679881748;0.324228765358504;22.9;61.1;29.809395023525
77;15;-7.51424765470671;0.333186309420124;23.4;59.5;29.7864824688188
77;16;-7.67128660929765;0.339910247872155;23.7;59;29.7636433154626
77;17;-6.89375502536773;0.337369229102192;23.5;60.3;29.7408773391949
77;18;-6.1101451626017;0.331386378884031;23.2;62.6;29.7181843163681
77;19;-4.85958857861141;0.318936793858225;22.6;66.4;29.6955640239471
77;20;-4.10455827304131;0.286501544898905;21.6;72.1;29.6730162395085
77;21;-4.00647515964764;0.263369845177507;19.5;82.6;29.6505407412394
77;22;-1.88927411878518;0.254135243932501;18.8;87.2;29.6281373079356
77;23;-1.89995846308016;0.246860942436573;18.5;88.7;29.605805719001
77;24;-1.89995585623827;0.240720617458189;18.2;90.8;29.5835457544462
78;1;-1.89727243771492;0.236167054187711;17.9;93.1;29.5613571948873
78;2;-1.89462378813928;0.232673647686804;18.1;92.8;29.5392398215445
78;3;-1.89154819319436;0.227695822537941;16.9;95.3;29.517193416241
78;4;-1.86756891398396;0.224609638241993;16.3;96.6;29.4952177614021
78;5;-1.84734516050731;0.221362015583635;15.9;96.7;29.4733126400535
78;6;-1.82835093036788;0.217970931337955;14.8;96.8;29.4514778358203
78;7;-3.66858479847841;0.200452658754545;15.4;98.3;29.4297131329258
78;8;-3.8888420106101;0.254763717583085;17.8;93.8;29.4080183161903
78;9;-4.12803924333586;0.306013837705649;20.4;84.5;29.3863931710297
78;10;-4.30843236069486;0.300572997452536;22.1;77.2;29.3648374834546
78;11;-5.22016280331699;0.301362831083289;23.8;71.6;29.3433510400688
78;12;-5.36859251237344;0.302155529471172;24.6;71.2;29.3219336280683
78;13;-6.21252019754388;0.318406216569049;24.8;72.2;29.3005850352396
78;14;-6.68601303513197;0.330112410473653;24.9;70.7;29.2793050499593
78;15;-6.71560050559666;0.33583280863796;25;70.2;29.2580934611921
78;16;-6.92875024342084;0.343751398504207;25.1;70.4;29.2369500584901
78;17;-6.96430157752882;0.346336575851805;25.6;67.3;29.2158746319913
78;18;-5.93130853594262;0.33676911481525;25.2;67.5;29.1948669724183
78;19;-4.5128276801764;0.319520391328238;23.7;72.2;29.1739268710775
78;20;-4.04049324804259;0.290622838748383;22.1;77.5;29.1530541198574
78;21;-3.95134936215769;0.26847409433852;21.3;82.5;29.1322485112277
78;22;-1.99379772895033;0.259314154348112;20.7;84;29.1115098382378
78;23;-2.00370015349231;0.251352979488191;20.3;83.8;29.090837894516
78;24;-2.00369749986632;0.244520435967707;19.7;84.4;29.0702324742678
79;1;-1.99817055017566;0.23878001000261;19.2;84.3;29.0496933722749
79;2;-2.00369245777654;0.23394849896431;18.7;85.8;29.0292203838941
79;3;-1.987277670546;0.230279356241226;18.6;84.6;29.0088133050558
79;4;-1.98324685573537;0.227347442244573;18.4;86.5;28.988471932263
79;5;-1.95975535715938;0.224920870829596;18.3;86.1;28.96819606259
79;6;-1.96510882082194;0.222926631783244;18.3;83;28.947985493681
79;7;-1.9712947626693;0.22125673251391;18.2;81.6;28.9278400237492
79;8;-3.85293780442556;0.200619955051486;18.5;81.3;28.9077594515755
79;9;-4.05743330031882;0.249044060351456;19.1;79;28.8877435765069
79;10;-4.44705004280665;0.284353623775708;21.3;71.9;28.8677921984558
79;11;-4.29184762337689;0.281380304537696;22;69.2;28.8479051178985
79;12;-4.28379046070102;0.282206958795504;21.5;72.3;28.8280821358741
79;13;-4.54957358131304;0.293658877400624;20.7;73.4;28.8083230539829
79;14;-4.33395293244241;0.292991615778507;20.8;70.5;28.7886276743857
79;15;-4.88840655503841;0.300985311124661;21.4;68.4;28.7689957998023
79;16;-6.19287060044571;0.317097887361249;22;61.3;28.7494272335104
79;17;-4.20684852942223;0.279598841341412;20.1;69.9;28.7299217793442
79;18;-4.15910645134229;0.269513399404671;17.8;74;28.7104792416933
79;19;-4.06679393202694;0.250393692128414;17;73.7;28.6910994255013
79;20;-3.99267869113796;0.227347714626419;16.3;75.4;28.671782136265
79;21;-3.98114885326706;0.225450496187074;15.8;79.4;28.6525271800327
79;22;-2.2071223945398;0.222404045392904;15.7;78.3;28.6333343634032
79;23;-2.19429931505928;0.21907842931002;15.3;78.5;28.6142034935248
79;24;-2.18593505188653;0.216374626698813;15;77.3;28.5951343780934
80;1;-2.19424004419145;0.214110356811123;14.6;76.7;28.5761268253521
80;2;-2.2077881198394;0.211959426329073;14.2;76.1;28.5571806440894
80;3;-2.19703318159025;0.204951273868647;14.2;71.5;28.5382956436382
80;4;-2.17780861368951;0.203060460972615;13.8;73;28.5194716338747
80;5;-2.15737665481504;0.201470794534057;13.3;75.9;28.5007084252167
80;6;-2.15150875031226;0.199954812986185;12.7;80.4;28.482005828623
80;7;-3.79823079641556;0.184730049391635;12.3;81.5;28.4633636555919
80;8;-3.91293047193876;0.224029732810284;13.4;75.5;28.4447817181598
80;9;-4.05899718685156;0.265356495727503;14.5;66;28.4262598289001
80;10;-4.05447416695132;0.260523074637734;15;60.2;28.4077978009224
80;11;-4.13826430653179;0.261148431385047;15.5;55.8;28.3893954478707
80;12;-4.35472356179198;0.265549138152799;16.6;51.3;28.3710525839222
80;13;-5.22290209316257;0.284869185851127;17.8;48.7;28.3527690237866
80;14;-5.65641865510547;0.297546194675145;18.7;47.7;28.3345445827046
80;15;-6.94698597248911;0.318149147355187;19.9;45.5;28.3163790764463
80;16;-6.52653209841696;0.321617891794173;19.8;47.6;28.2982723213107
80;17;-5.19010092652317;0.305807256257619;19.4;49.3;28.280224134124
80;18;-5.31810171205408;0.305314516679768;19.8;49;28.2622343322384
80;19;-4.92713791531232;0.300758724849947;18.8;51.5;28.2443027335314
80;20;-4.10888423500629;0.266951252175117;17.7;55.3;28.2264291564036
80;21;-3.93342460288638;0.232754709114607;15.7;63.3;28.2086134197787
80;22;-3.91243553719272;0.226164769052321;13.8;70.6;28.1908553431012
80;23;-2.24559875711447;0.218661559225551;12.3;78.9;28.173154746336
80;24;-2.25760530862524;0.212512114878771;11.2;84.2;28.1555114499666
81;1;-2.26108942374444;0.207543154356019;10.1;88.6;28.1379252749943
81;2;-2.27169189475382;0.20338368351818;8.8;92.7;28.1203960429368
81;3;-2.28252035326044;0.200602942441984;8.3;95;28.1029235758271
81;4;-2.28033539952833;0.197588613963639;7.3;95.4;28.0855076962121
81;5;-2.28506192354467;0.195394030654345;6.8;96.8;28.0681482271517
81;6;-2.28506130119705;0.193794047384387;6.5;97.4;28.0508449922173
81;7;-3.7654071280235;0.183902747235605;7.7;97.4;28.0335978154908
81;8;-3.99173712862626;0.231935313856118;11.2;88.5;28.0164065215632
81;9;-4.28784630945913;0.287801767661634;14.4;74;27.9992709355337
81;10;-4.50665586298394;0.284488241079315;16.8;62;27.9821908830082
81;11;-5.02880086299631;0.283066032183199;18.3;54.2;27.9651661900982
81;12;-5.55427595242463;0.284766640291863;19.9;47.8;27.9481966834197
81;13;-6.40815488116385;0.301093899976098;21.3;44.5;27.931282190092
81;14;-6.55834192117017;0.313728938737177;21.5;51.9;27.9144225377362
81;15;-7.0084697802588;0.326871635734608;21.5;54.4;27.8976175544745
81;16;-6.75145526094002;0.329537954208105;21.3;54.3;27.8808670689285
81;17;-6.23126752978874;0.328309530787935;21.2;55.7;27.8641709102185
81;18;-5.65325703738545;0.322844842808912;20.9;56.7;27.8475289079618
81;19;-4.41970123688399;0.297145787528705;19.3;61.2;27.8309408922721
81;20;-4.19460155892838;0.267389133857087;18.4;63.6;27.8144066937575
81;21;-4.07188419622942;0.238606836424523;17.1;70.7;27.7979261435204
81;22;-4.05864237408829;0.233257799985016;15.4;81;27.7814990731551
81;23;-2.52246389509778;0.225804293212572;14.1;86.6;27.7651253147476
81;24;-2.52348911126935;0.218689419098003;13;91.2;27.748804700874
82;1;-2.51871548665138;0.213155820539003;12.1;93.2;27.7325370645992
82;2;-2.52589061404383;0.208728691700819;11.6;94.7;27.716322239476
82;3;-2.52492654137103;0.20569389564183;11.3;95.6;27.7001600595436
82;4;-2.52348454138697;0.202356119784649;10.7;96;27.6840503593269
82;5;-2.525887476665;0.199929495877753;10.1;96.8;27.6679929738347
82;6;-2.49328588347645;0.19721812721084;9.5;96.9;27.6519877385591
82;7;-3.88324823162871;0.184772203887562;10.1;97.5;27.6360344894739
82;8;-4.03712634147802;0.233801038353426;13.4;91.3;27.6201330630338
82;9;-4.41535442789595;0.294730668527414;17.9;75;27.6042832961727
82;10;-4.90640361469621;0.294884111865608;20.7;62.2;27.5884850263032
82;11;-5.52667450571607;0.295380388353207;23.2;54.4;27.5727380913148
82;12;-6.05587835614051;0.297809795932155;25.8;44.7;27.5570423295731
82;13;-7.12389367647963;0.316567613500968;27.4;40.8;27.5413975799186
82;14;-7.2958911555469;0.327287475362882;27.3;46.6;27.5258036816654
82;15;-7.5601648469215;0.334596889542509;27.7;44.3;27.5102604746
82;16;-7.06791673938409;0.333567252876081;27;43.5;27.4947677989804
82;17;-6.06044000385606;0.323394479074455;25.6;48.8;27.4793254955348
82;18;-5.4928980209198;0.311871155491877;25;49;27.4639334054603
82;19;-4.82121215164502;0.301570487833251;24.2;55.9;27.4485913704217
82;20;-4.32385888165375;0.282750926431722;24.4;61.4;27.4332992325508
82;21;-4.18987752275254;0.255675522232682;22;72.9;27.4180568344447
82;22;-2.62271655930927;0.242017090605096;19.5;83.4;27.4028640191649
82;23;-2.62711243855526;0.232821250623337;18.1;85.4;27.3877206302363
82;24;-2.62271276286786;0.225170600101316;16.6;89.5;27.3726265116456
83;1;-2.62054593852501;0.218901036676188;15.6;92.5;27.3575815078405
83;2;-2.62270958726552;0.214159813196107;14.7;93.7;27.3425854637286
83;3;-2.61629695585549;0.21056839677912;14.3;93.2;27.3276382246758
83;4;-2.59965289859908;0.206448577148818;13.3;94.4;27.3127396365058
83;5;-2.59277329631684;0.203623968476612;12.9;96;27.2978895454983
83;6;-2.58758864029969;0.200910837347297;12.1;96;27.2830877983884
83;7;-3.90918769865034;0.185699780082646;11.6;97.1;27.2683342423651
83;8;-3.9884584119378;0.213455237928325;13.6;96.2;27.2536287250702
83;9;-4.11807600535337;0.262461330234862;17.2;83.8;27.2389710945974
83;10;-4.18053482275872;0.266177020664716;20.1;72.5;27.2243611994909
83;11;-4.24025004359051;0.269989989182261;21.4;68.7;27.2097988887443
83;12;-4.32178215376305;0.274015729851256;22.5;60.8;27.1952840117997
83;13;-4.51326288057386;0.282790617434961;22.3;64.8;27.1808164185463
83;14;-5.56391927655445;0.303597428918169;23.3;61;27.1663959593191
83;15;-6.94894303282127;0.327776130031003;24.6;52.1;27.1520224848984
83;16;-7.13535749464262;0.336845995560466;25.5;49.3;27.1376958465081
83;17;-6.16370716604634;0.330197738434648;24.9;52;27.1234158958147
83;18;-5.07241633880943;0.311335356252575;23.6;55.1;27.1091824849263
83;19;-4.35879924413694;0.297483487601496;23;63.8;27.0949954663914
83;20;-4.13204701085203;0.263444680693895;21.4;72.9;27.0808546931978
83;21;-4.07573607220443;0.235653163033909;20.7;76.8;27.0667600187715
83;22;-4.06326754016136;0.235171549182234;19.5;83.3;27.0527112969753
83;23;-2.74705596302622;0.22707126298497;18.1;90;27.0387083821081
83;24;-2.74919904128081;0.2204653600093;17.1;92.5;27.0247511289037
84;1;-2.75108400364831;0.21446133324952;15.9;94.6;27.0108393925292
84;2;-2.74919610374669;0.210349518103361;15.1;95.6;26.9969730285847
84;3;-2.74994824742328;0.206979464303907;15.1;97.2;26.9831518931015
84;4;-2.76604370260161;0.203731334650431;14.2;96.6;26.9693758425412
84;5;-2.77076470957562;0.20100106999527;13.6;97.1;26.9556447337949
84;6;-2.77552041694079;0.198404193493518;12.8;97.3;26.9419584241814
84;7;-3.99866827110029;0.18346131612549;13.2;97.8;26.9283167714469
84;8;-4.15579469330253;0.235428608971735;15.8;91.2;26.9147196337633
84;9;-4.43658640854807;0.295137367733623;19;80.5;26.9011668697274
84;10;-4.84319225155294;0.298076517577672;21.9;68;26.8876583383595
84;11;-5.31885907041005;0.297167191108542;23.8;60.5;26.8741938991029
84;12;-5.67856158783339;0.298468793704572;25;53.8;26.8607734118219
84;13;-6.35445880348167;0.317041012865262;25.7;56.1;26.8473967368017
84;14;-6.58098148167018;0.328848145670993;25.4;56.7;26.8340637347465
84;15;-6.88041184283236;0.337469462278635;25.5;54.8;26.8207742667787
84;16;-6.78947537381648;0.342232888666713;25.5;53.8;26.807528194438
84;17;-6.16871587817334;0.342440046174429;24.8;63.2;26.79432537968
84;18;-4.66456885609644;0.321422350719607;23.7;71.4;26.7811656848755
84;19;-4.36620257089648;0.306848805957876;23.1;76.5;26.7680489728088
84;20;-4.21280875688271;0.282791155512691;22.4;81.9;26.7549751066771
84;21;-4.12065980044537;0.246919383474921;21.2;87.7;26.7419439500895
84;22;-4.11933344074715;0.246981907893764;20.8;89.3;26.7289553670655
84;23;-2.85966132336342;0.241074201101904;20.6;89;26.7160092220342
84;24;-2.86940752676147;0.234413911732967;19.9;91.5;26.7031053798331
85;1;-2.86352821598681;0.227774955847952;19;93.2;26.6902437057071
85;2;-2.86546703113327;0.220960052528359;17.8;95.4;26.6774240653076
85;3;-2.86354334419176;0.215841868505558;16.6;96.4;26.664646324691
85;4;-2.86162918699993;0.210045666925093;15.5;96.9;26.6519103503179
85;5;-2.86353162365185;0.206206770138126;14.5;97;26.6392160090521
85;6;-2.8700976661001;0.202531482304195;13.5;97.3;26.6265631681592
85;7;-4.03127110418564;0.185623688245446;13.1;97.8;26.6139516953062
85;8;-4.16090265203619;0.230222870669103;15.2;96.8;26.6013814585595
85;9;-4.39271534415745;0.291197103468217;18.9;84.9;26.5888523263846
85;10;-5.34883260732369;0.298094640056956;22.3;55.3;26.5763641676449
85;11;-5.65194864269904;0.294196681255088;24;44.8;26.5639168516002
85;12;-5.879891867818;0.29594750211603;25.2;40.2;26.5515102479062
85;13;-6.6478219625005;0.315395944656222;26.1;40;26.5391442266132
85;14;-6.71417088571763;0.325051302912696;25.9;46.3;26.5268186581649
85;15;-6.58122582712253;0.330444054344673;25.3;52.3;26.5145334133976
85;16;-6.37226543901548;0.334966606556089;24.4;56.8;26.5022883635392
85;17;-5.5222041315481;0.321973844615827;24;56.4;26.4900833802078
85;18;-5.70221248097037;0.324812685675154;23.9;58.3;26.4779183354109
85;19;-4.89136647549271;0.308929905579881;22.6;61;26.4657931015445
85;20;-4.43726927627691;0.27869551481239;22;63.4;26.4537075513916
85;21;-4.27792523235741;0.243586695457415;20.4;71.5;26.4416615581218
85;22;-4.26352580789257;0.238862301576394;19.1;76.7;26.4296549952895
85;23;-3.11375490676136;0.232814869618928;19.1;77.6;26.4176877368336
85;24;-3.11375348660265;0.227354342513551;18.7;80.2;26.4057596570761
86;1;-3.11375208865659;0.221284665256241;17.6;85.6;26.3938706307208
86;2;-3.11527845812414;0.216251416856463;16.9;88.1;26.3820205328529
86;3;-3.11527719247649;0.212411705235593;16.5;91;26.3702092389376
86;4;-3.11680207358044;0.209972024248437;16.7;78.6;26.3584366248189
86;5;-3.12297043183442;0.207394645542689;16.4;81.9;26.3467025667191
86;6;-3.13242248491793;0.203877595664493;15.2;90.4;26.3350069412373
86;7;-4.22257286795158;0.185301062422038;14.7;85.7;26.3233496253485
86;8;-4.27964000180594;0.2023566958799;14.9;80.6;26.3117304964027
86;9;-4.29054274089616;0.217899870794258;14.8;83.3;26.3001494321239
86;10;-4.37956798556765;0.237430611025177;15.8;75.4;26.2886063106089
86;11;-4.4820729402054;0.253809682651465;16.9;66.9;26.2771010103265
86;12;-4.5009722748087;0.258833094364419;17.6;61.5;26.2656334101161
86;13;-4.83411756629955;0.276078250854852;18;56.3;26.2542033891872
86;14;-4.9337287300905;0.285478119171605;18.1;54.3;26.2428108271183
86;15;-5.02651955260053;0.291868591294368;18;53.9;26.2314556038553
86;16;-6.05403740927989;0.313763432258069;19.6;46.1;26.2201375997114
86;17;-5.89373532389494;0.319438972592638;18.9;49.5;26.2088566953654
86;18;-5.29513950587565;0.308984754193654;18.5;51.8;26.197612771861
86;19;-4.73596055872656;0.291926625449219;17.8;53.7;26.1864057106059
86;20;-4.47692730545252;0.261080191641833;16.8;58.1;26.1752353933703
86;21;-4.3363302541864;0.226115544720026;15.3;64.6;26.1641017022867
86;22;-4.32325372164356;0.21839785088645;13.4;71.3;26.1530045198481
86;23;-3.23912796296146;0.210338708786805;12.2;77.3;26.1419437289075
86;24;-3.23912718990455;0.205528522803846;12;78.5;26.130919212677
87;1;-3.2437980334012;0.201411470450763;11.4;79.5;26.1199308547264
87;2;-3.24145448548271;0.197150205264228;10.1;84.1;26.1089785389823
87;3;-3.2352748984447;0.194160990363658;9.3;85.9;26.0980621497274
87;4;-3.22994848706112;0.191387707016349;8.4;89;26.0871815715995
87;5;-3.22488260905266;0.18918270221189;8;90.6;26.0763366895901
87;6;-3.20848253666758;0.187338325921846;7.2;92.7;26.0655273890439
87;7;-4.1357760534933;0.177483253767781;7.4;93.4;26.0547535556575
87;8;-4.27789017137639;0.224717874622288;10.7;82.3;26.0440150754786
87;9;-4.44530979924752;0.279670213991532;14.3;68.8;26.033311834905
87;10;-4.7671969978069;0.287204072732914;17.1;58.7;26.0226437206836
87;11;-4.51288738896765;0.272819630677205;18.9;50.2;26.0120106199095
87;12;-4.63801805897226;0.274664633847364;18.7;51.1;26.0014124200249
87;13;-4.91664191425631;0.285947839727265;18.9;54.1;25.9908490088183
87;14;-4.79183896678317;0.286533147950161;19.3;54.2;25.9803202744235
87;15;-4.78360516938488;0.287094285067055;19.4;55.4;25.9698261053183
87;16;-4.67512050003826;0.285367385513174;19;56.3;25.9593663903242
87;17;-5.0879860572161;0.30077165795539;19.4;55.3;25.9489410186051
87;18;-4.7904311119677;0.299613802415943;18.7;60.7;25.9385498796659
87;19;-4.4839416954625;0.288070056489658;18.3;61.9;25.9281928633525
87;20;-4.31160927458461;0.25067976302065;17.2;67.7;25.9178698598501
87;21;-4.2634689602932;0.219873872001017;16.2;69.3;25.9075807596824
87;22;-4.2535199015496;0.217638363523813;15.8;72.8;25.8973254537109
87;23;-3.26197282899586;0.213261685287469;15.8;72.4;25.8871038331338
87;24;-3.2644337799608;0.209984816841977;15.6;74.3;25.8769157894849
88;1;-3.26350729078443;0.207468661246266;15.5;76;25.8667612146331
88;2;-3.26258354306143;0.204833176369314;15.2;77.8;25.8566400007808
88;3;-3.27288507452207;0.20229578523192;14.7;81;25.8465520404637
88;4;-3.27525863489943;0.2009500836629;14.8;82.4;25.8364972265494
88;5;-3.27052639065831;0.199853957232826;14.9;82.9;25.8264754522364
88;6;-3.27052548517651;0.199226762272578;15;81.5;25.8164866110537
88;7;-4.23151895318686;0.18227685660764;14.9;82.8;25.8065305968592
88;8;-4.30581971716025;0.213054131600908;15.6;80.8;25.7966073038392
88;9;-4.64653697538879;0.279203697149964;17.4;71;25.7867166265075
88;10;-4.67992168974056;0.281882778521369;19.1;60.7;25.7768584597043
88;11;-4.47061903799447;0.269706113988574;18.3;63.7;25.7670326985952
88;12;-4.51363619785361;0.274640436424276;18.6;66.2;25.7572392386705
88;13;-5.02630213900731;0.291520656008709;19.8;61.1;25.7474779757443
88;14;-5.60583643383639;0.310506904537752;20.4;55.3;25.7377488059533
88;15;-5.75255516166148;0.319698544561436;20.6;52.4;25.7280516257563
88;16;-5.81537691217388;0.32944721950836;20.2;53.9;25.7183863319329
88;17;-5.7574596974263;0.332653771507996;19.8;55.8;25.7087528215828
88;18;-5.25840423136151;0.32538168150087;19.5;58.6;25.6991509921249
88;19;-4.87832538309879;0.312267811884459;19.3;58.8;25.6895807412962
88;20;-4.42565068434012;0.276214550922765;18.7;59.7;25.6800419671513
88;21;-4.36497081767265;0.246586001893786;16.9;67.2;25.6705345680609
88;22;-3.38148625827273;0.232296061544259;14.2;79.2;25.6610584427117
88;23;-3.37764238374257;0.22150973648473;12;88.8;25.6516134901046
88;24;-3.38122701168725;0.214205588531949;11.3;93;25.6421996095545
89;1;-3.38664962881124;0.210674150106731;12.8;88.6;25.6328167006893
89;2;-3.37988494156721;0.206995969882728;12.7;89.1;25.6234646634485
89;3;-3.38664821752104;0.202454513752375;11.7;90.7;25.614143398083
89;4;-3.39590505202799;0.198315547161284;10.3;94.2;25.6048528051538
89;5;-3.38970218181491;0.195176684308735;9.7;96.1;25.5955927855312
89;6;-3.39124070054082;0.193719387694589;10.2;96.7;25.586363240394
89;7;-4.21941965389391;0.180930665042918;10.2;96.2;25.5771640712285
89;8;-4.28571466937492;0.205507280647328;12.1;94.1;25.5679951798277
89;9;-4.3155283521162;0.228339159047689;14.4;88.5;25.5588564682903
89;10;-4.36792132572731;0.253680443813522;16.5;86.9;25.5497478390202
89;11;-4.40418433991385;0.260608624622475;17.6;79.9;25.5406691947251
89;12;-4.48313191558098;0.269096060235916;18.4;73.8;25.5316204384159
89;13;-5.27426454657588;0.298609065412053;20.6;60.7;25.522601473406
89;14;-5.10047824176129;0.307685663421285;20.4;62.5;25.5136122033101
89;15;-5.36388985840789;0.324885850518871;20.7;66.9;25.5046525320436
89;16;-5.17695269508298;0.324757142396986;20.6;65.2;25.4957223638214
89;17;-5.05520935536163;0.318198403054604;20.5;62.1;25.4868216031575
89;18;-4.51164290010842;0.298498384458922;19.4;71.2;25.4779501548638
89;19;-4.45441418474901;0.287408603190807;18.9;76.9;25.4691079240494
89;20;-4.36485962066922;0.257951924973001;18.7;73.4;25.4602948161196
89;21;-4.34428799847875;0.238191861099161;18.2;72.9;25.4515107367753
89;22;-3.50788197683332;0.228505147349863;17.5;76.9;25.4427555920119
89;23;-3.50705701585282;0.221393289173418;16.9;79.7;25.4340292881185
89;24;-3.50705617765314;0.216301846689142;16.7;82.6;25.4253317316771
90;1;-3.50705535322225;0.21335279365428;16.9;83.5;25.4166628295618
90;2;-3.51113867556759;0.210347669541409;16.9;83.1;25.4080224889379
90;3;-3.50840831944915;0.207465202007487;16.1;87.1;25.3994106172611
90;4;-3.49645538137718;0.203846375953611;15.1;91;25.3908271222766
90;5;-3.49076661932949;0.201937593217397;15.3;91.4;25.3822719120183
90;6;-3.48431502548707;0.198865512461537;14.5;92;25.3737448948078
90;7;-3.48132460931695;0.198046978589743;14.7;92.3;25.3652459792541
90;8;-4.2111833640009;0.181986802766602;15.6;91.7;25.3567750742519
90;9;-4.25528270340092;0.214771961753294;16.6;90;25.3483320889817
90;10;-4.30309077816889;0.252772322026813;17.6;90.1;25.3399169329084
90;11;-4.38495545750905;0.272637031421172;20;76.6;25.3315295157803
90;12;-4.64004427393788;0.282335531526647;21.3;66.3;25.3231697476292
90;13;-5.25391801962636;0.30783195189047;22;62.1;25.3148375387683
90;14;-5.81464946030368;0.330041254050407;23.2;54.2;25.3065327997926
90;15;-5.87134619612594;0.338970279281065;23.3;52;25.2982554415772
90;16;-5.73997432127611;0.34302189156662;23;54.2;25.2900053752769
90;17;-5.59423219130626;0.34182579093446;22.6;53.8;25.2817825123254
90;18;-5.24402777964778;0.334034990937158;22.5;54.8;25.2735867644343
90;19;-4.8746602851282;0.320059016809259;22.2;54;25.2654180435922
90;20;-4.36628111490312;0.284868454449501;21;58.1;25.2572762620645
90;21;-4.30366607409108;0.246215644699292;18.9;67.2;25.2491613323917
90;22;-4.29294429637746;0.240068070323769;17.1;75.5;25.2410731673894
90;23;-3.55074357547044;0.231794759524466;16.5;80.7;25.2330116801471
90;24;-3.55074280332026;0.224484257062181;15.9;82.8;25.2249767840272
91;1;-3.55210115773575;0.217089966579667;14.5;86.6;25.2169683926648
91;2;-3.55323922740355;0.21105601633221;13.6;88.7;25.2089864199664
91;3;-3.55307558855504;0.20711321200562;13.4;88.3;25.2010307801093
91;4;-3.5521070878129;0.203228285140525;12.8;90.2;25.1931013875407
91;5;-3.55210651997735;0.199122965300282;11.9;90.9;25.1851981569772
91;6;-3.54875037281879;0.196515979480914;11.1;94.5;25.1773210034035
91;7;-4.24432221741087;0.181602005208876;11.1;94.1;25.1694698420722
91;8;-4.32890249846461;0.224516080359001;14.3;85.6;25.1616445885025
91;9;-4.48567724716062;0.285475019801204;17.2;74.8;25.1538451584798
91;10;-4.7191315144081;0.294422484169712;19.4;66.3;25.1460714680547
91;11;-4.89984360927985;0.29206599419612;21.3;58.6;25.1383234335423
91;12;-5.18997509133143;0.297368873666465;22.9;53.1;25.1306009715214
91;13;-5.71386348707163;0.318695291129957;24.2;48.5;25.1229039988337
91;14;-6.07924679304199;0.333948762078274;25.6;41.1;25.1152324325831
91;15;-5.97002408004008;0.341303282819671;25.8;48.3;25.1075861901348
91;16;-5.76560679693497;0.345172710449997;24.5;55.7;25.0999651891149
91;17;-5.49575245676734;0.343746724233992;23.4;58.9;25.092369347409
91;18;-5.15117765822303;0.336282929116616;22.5;62.3;25.084798583162
91;19;-4.69703142952912;0.320976977701119;22.1;64;25.0772528147771
91;20;-4.3967783578036;0.284003215572999;20.9;68.8;25.0697319609148
91;21;-4.36343329213044;0.256119942928271;18.6;77.3;25.0622359404929
91;22;-3.62770147566684;0.242582682600169;16.7;84.9;25.0547646726847
91;23;-3.63042213038732;0.232767071992799;15.8;88.4;25.0473180769192
91;24;-3.62905669533002;0.223908369893959;14.5;91.8;25.0398960728798
92;1;-3.63179370140291;0.218348169774884;14.7;95.2;25.0324985805035
92;2;-3.63179307233856;0.215266498432524;16;91.7;25.0251255199806
92;3;-3.62983362625585;0.212486559529578;16.7;89.6;25.0177768117534
92;4;-3.63064021636959;0.209866339274124;16.6;90.4;25.0104523765161
92;5;-3.63177454338557;0.206447077003754;15.9;92;25.0031521352134
92;6;-3.63521291961355;0.203186425964986;15.4;94.1;24.9958760090401
92;7;-4.29196163747618;0.184659195579322;14.3;94.6;24.9886239194402
92;8;-4.3744960629201;0.225177189828672;16.1;90.1;24.9813957881066
92;9;-4.55050034009266;0.291257839676588;18.9;82.6;24.9741915369796
92;10;-4.8464840662558;0.299547814881887;21;66.8;24.967011088247
92;11;-4.9719511145153;0.294732069023185;22.6;60;24.9598543643426
92;12;-5.29131555294594;0.30183577747362;24.8;52.2;24.952721287946
92;13;-5.65963032884995;0.322114273656809;25.9;55.2;24.9456117819817
92;14;-5.76743792053936;0.337868640843894;25.4;60.5;24.9385257696184
92;15;-5.76237181975262;0.34409081950108;25.1;58.7;24.9314631742681
92;16;-5.93420626201176;0.351702409029576;25.9;55.3;24.9244239195855
92;17;-5.50767189964447;0.34729653988078;25.4;59.4;24.9174079294675
92;18;-5.10309840163817;0.338432347930986;24.5;63.7;24.9104151280522
92;19;-4.54771363513508;0.309176057968333;23.4;66.5;24.903445439718
92;20;-4.4321209127662;0.273279088920511;22;72.2;24.8964987890835
92;21;-4.41452896955143;0.258584822241333;21.2;79.4;24.8895751010063
92;22;-3.73801123629445;0.248017766772989;20.4;82.2;24.8826743005822
92;23;-3.73534803061239;0.238250870053125;19.1;85.9;24.8757963131448
92;24;-3.73645269867733;0.228909187996871;17.4;90.8;24.868941064265
93;1;-3.73271576163213;0.220636330704985;16.1;93.6;24.8621084797495
93;2;-3.7320623044891;0.214177991759236;15.2;93.3;24.8552984856408
93;3;-3.74036343409981;0.208380964035635;14.4;94.2;24.8485110082164
93;4;-3.74377139837936;0.204289555122858;13.8;94.8;24.8417459739876
93;5;-3.74480341975979;0.202154243547194;14.2;95.2;24.8350033096994
93;6;-3.74618684818317;0.200834683949452;14.9;92.5;24.8282829423296
93;7;-4.37690200945814;0.184059010769701;15;93.2;24.821584799088
93;8;-4.43570654447589;0.208869915091053;17.4;83.1;24.8149088074156
93;9;-4.57046009144693;0.260302625720996;20.1;72.2;24.8082548949845
93;10;-4.5263089638786;0.25725598473253;21.2;68.5;24.8016229896963
93;11;-4.55952743766603;0.259338322573459;22;65.7;24.7950130196821
93;12;-4.57737270673897;0.26469149068887;22;67;24.7884249133018
93;13;-4.57958539882185;0.266937908238614;21.3;63.3;24.7818585991429
93;14;-4.62375120314284;0.268865260346693;21;56.8;24.7753140060203
93;15;-4.83636425942021;0.280088152371898;20.8;54;24.7687910629753
93;16;-5.05420904267;0.293678872020546;21.9;52.1;24.7622896992754
93;17;-4.99775731719496;0.293493625585674;23.4;49.7;24.755809844413
93;18;-4.60627546863429;0.287284639683999;19.7;69.6;24.749351428105
93;19;-4.5678184624754;0.278167850326809;18.7;70.8;24.7429143802923
93;20;-4.47193774250848;0.247382345340417;17.4;72.4;24.7364986311389
93;21;-4.45087244387789;0.223205254477647;16.7;73.9;24.7301041110312
93;22;-3.80725577157659;0.213418695195478;16.3;74.3;24.7237307505776
93;23;-3.80919342730885;0.207804383661127;15.3;84.6;24.7173784806075
93;24;-3.81373494776753;0.203507337194639;14.7;87.1;24.7110472321709
94;1;-3.81465457750145;0.200613585676384;14.2;88.2;24.7047369365374
94;2;-3.82120695859451;0.198994108237913;14.2;87.4;24.6984475251961
94;3;-3.82120646615854;0.197089779881987;13.8;87.7;24.6921789298543
94;4;-3.82455715460023;0.195361424708708;13.3;90.3;24.6859310824373
94;5;-3.81157782659136;0.19398297035182;12.9;92.5;24.6797039150874
94;6;-3.80334753139307;0.192409902597669;12.6;92.9;24.6734973601637
94;7;-4.33886758481105;0.178036849687947;12.1;95.2;24.6673113502408
94;8;-4.35619731434227;0.201648065575836;12.9;92.9;24.6611458181089
94;9;-4.38561998856;0.245011398253122;13.9;89.6;24.6550006967724
94;10;-4.4727479161803;0.279686647625129;17;75.6;24.6488759194499
94;11;-4.7462804393034;0.28313223164093;20.1;55;24.6427714195731
94;12;-5.00711382980086;0.291209969998544;21.5;46.7;24.6366871307864
94;13;-5.23985967628214;0.31552855972743;21.5;55.9;24.630622986946
94;14;-5.18604804538447;0.330982007815331;21.3;64.9;24.6245789221197
94;15;-5.31356698272633;0.341546086109908;21;64;24.6185548705859
94;16;-5.29091425441802;0.34461002773772;21.4;60.1;24.6125507668328
94;17;-5.16534261137617;0.344148408185895;21.2;59.7;24.6065665455584
94;18;-4.91676199646464;0.335778923905266;21;59.8;24.6006021416691
94;19;-4.7813770486982;0.320461272766596;20.8;53.5;24.5946574902798
94;20;-4.50349215167859;0.283616427625563;19.5;59.5;24.5887325267127
94;21;-4.47288838549304;0.256894685879243;18.1;65.3;24.5828271864968
94;22;-3.92975558559731;0.244127025609938;17.8;68.7;24.5769414053676
94;23;-3.93212466497125;0.235491572992614;17.4;72.6;24.5710751192661
94;24;-3.93212410944699;0.226647537263879;16.2;80.1;24.5652282643381
95;1;-3.93452853609801;0.217398087242907;14.1;87.5;24.5594007769342
95;2;-3.93861630275657;0.210184225283545;12.7;91.3;24.5535925936084
95;3;-3.9407820612438;0.204718652588086;11.9;92.9;24.5478036511179
95;4;-3.94027936029784;0.199297120292318;10.7;95.2;24.5420338864225
95;5;-3.94027906628731;0.195332774399004;9.7;95.9;24.5362832366839
95;6;-3.94027880351175;0.192342251681485;9.2;97.1;24.5305516392649
95;7;-4.4188074826522;0.179741080272454;9.3;97.7;24.5248390317291
95;8;-4.475316314444;0.220100650603845;12.2;94.8;24.5191453518403
95;9;-4.56185434930545;0.282081265615962;15.6;84;24.5134705375614
95;10;-4.6811934648435;0.293396107194532;18.7;68.7;24.5078145270544
95;11;-4.84335326168019;0.291535557063212;21;57.2;24.5021772586794
95;12;-4.98770872834294;0.298163107265152;22.5;54.1;24.4965586709943
95;13;-5.27126656458649;0.320462941269886;22.5;54.4;24.4909587027536
95;14;-5.46433255718071;0.33574158038615;22.7;52;24.4853772929088
95;15;-5.5067711433908;0.342673780454372;23.2;50.5;24.4798143806066
95;16;-5.5106866324589;0.346995337837351;23.3;48.7;24.4742699051895
95;17;-5.3772378364268;0.345328079701039;23.2;49.2;24.4687438061941
95;18;-5.14233072809672;0.337644848519123;23.1;52.7;24.4632360233514
95;19;-4.84183264534609;0.321445491902868;22.3;54.5;24.4577464965856
95;20;-4.55721359792605;0.285143743089105;21.5;61.1;24.4522751660139
95;21;-4.52921944487372;0.259785063973759;19.7;71.7;24.4468219719455
95;22;-3.99218699536812;0.244366928223778;17.6;82;24.4413868548816
95;23;-3.99218646824576;0.233217417944872;15.9;89.1;24.4359697555141
95;24;-3.99077367085618;0.223780903476235;14.8;92.5;24.4305706147257
96;1;-3.99147791161892;0.21724756719958;14.1;94.5;24.4251893735888
96;2;-3.99360957386834;0.211929540681099;13.8;95.8;24.4198259733652
96;3;-3.99360917939622;0.206109823503472;13.1;95.7;24.4144803555053
96;4;-3.99164172672098;0.20190666018494;12.4;96.1;24.4091524616478
96;5;-3.9926220101407;0.19813444584537;11.8;96.7;24.4038422336189
96;6;-3.99165289843686;0.196092503132001;11.9;97.6;24.3985496134319
96;7;-4.44169214621019;0.18154016841283;11.9;97.7;24.3932745432864
96;8;-4.49540480577961;0.221899025373356;14.2;92.8;24.3880169655679
96;9;-4.58834223967185;0.284037454387169;17.5;82.2;24.3827768228472
96;10;-4.79376523926064;0.299465014463677;21.3;66.5;24.3775540578797
96;11;-4.94744151986456;0.295667549021773;24.5;51.9;24.372348613605
96;12;-5.18909540093733;0.303730695870725;26.2;44.4;24.3671604331465
96;13;-5.55648287902315;0.327232122492392;27.1;45;24.3619894598101
96;14;-5.71994950760859;0.342162782437477;26.6;44.3;24.3568356370847
96;15;-5.54714926356527;0.344896589230239;25;52.7;24.3516989086408
96;16;-5.4027964033358;0.347484101187927;23.5;61.7;24.3465792183301
96;17;-5.29408481651228;0.343976633716597;23.2;60.3;24.3414765101852
96;18;-4.70321712676139;0.316385765491067;22;62.9;24.3363907284191
96;19;-4.70267764970285;0.306105652757362;21.6;61.8;24.3313218174242
96;20;-4.56030538367008;0.271289319297863;20.4;69.2;24.3262697217719
96;21;-4.54406990893137;0.25237556267752;19.5;76.4;24.3212343862125
96;22;-4.05539463317545;0.241976458196993;19;79.7;24.316215755674
96;23;-4.05094086028059;0.233488288905854;18.6;80.3;24.3112137752619
96;24;-4.0509403354779;0.227487708012927;18.6;81.8;24.3062283902587
97;1;-4.05141102338305;0.221349502306849;18.3;83.3;24.301259546123
97;2;-4.05742114335542;0.216649262852487;17.8;85.1;24.2963071884896
97;3;-4.04791004638315;0.212986660352186;17.7;85.6;24.2913712631681
97;4;-4.03572439446209;0.209893772276318;17.5;87.4;24.2864517161432
97;5;-4.03016376041788;0.207589895351121;17.2;90.4;24.2815484935735
97;6;-4.03016329270153;0.204809720056723;16.8;94.5;24.2766615417914
97;7;-4.03016283619545;0.203204825484952;16.7;96;24.2717908073023
97;8;-4.4628872338305;0.184416838719338;17.7;88.6;24.2669362367842
97;9;-4.48129849447255;0.203543603206876;18.4;82.9;24.2620977770872
97;10;-4.49223160158235;0.214026452568949;18.7;80.9;24.2572753752328
97;11;-4.50033927604795;0.221412643754681;19;79.7;24.2524689784134
97;12;-4.5247560452228;0.241428712031722;19;80.2;24.247678533992
97;13;-4.52164118572721;0.248218594594616;19.1;81.6;24.2429039895014
97;14;-4.50917929035553;0.248177947214224;18.3;89.1;24.2381452926438
97;15;-4.50725607169048;0.24538635496308;18.6;89;24.2334023912903
97;16;-4.51434309276528;0.243588724078028;19.2;83;24.2286752334801
97;17;-4.50191190035665;0.232169448440285;19.1;83.4;24.2239637674206
97;18;-4.51198321410207;0.238375047581862;19.2;83.6;24.2192679414862
97;19;-4.49004569891305;0.223665361828337;18.9;86.1;24.214587704218
97;20;-4.48505419431236;0.211136926045566;19.1;86.6;24.2099230043236
97;21;-4.48321576721593;0.208005192207266;19.1;87.7;24.2052737906761
97;22;-4.07549640944655;0.206228978842995;19.2;88.3;24.2006400123141
97;23;-4.07603053299818;0.205760061954257;19.4;88.3;24.1960216184405
97;24;-4.07514038364823;0.205274706132941;19.3;89.5;24.1914185584228
98;1;-4.07602959273522;0.204421106877077;19.3;90.3;24.1868307817918
98;2;-4.07250921908239;0.204083906188785;19.2;89.7;24.1822582382418
98;3;-4.07337907760953;0.203398560602796;19.1;88.8;24.1777008776295
98;4;-4.07396238533515;0.201925128236022;18.6;91.6;24.173158649974
98;5;-4.07337816460154;0.200797224457338;18;93.5;24.1686315054558
98;6;-4.07337772526105;0.198122677626644;16.8;96.2;24.1641193944166
98;7;-4.47070723772183;0.17956190010386;17.4;97.3;24.1596222673589
98;8;-4.4912554783928;0.206450569779036;18.8;91.3;24.1551400749453
98;9;-4.5392530535133;0.259799734113609;20.5;82.4;24.1506727679979
98;10;-4.56334412718069;0.275443413163711;21.4;71.4;24.146220297498
98;11;-4.59410557288707;0.274229044205818;22.6;66.3;24.1417826145856
98;12;-4.7842025648937;0.287854775252945;23.4;63.5;24.1373596705589
98;13;-4.85623114859184;0.301261793315268;23.4;60.2;24.1329514168736
98;14;-4.86865846588866;0.318342370534569;20.9;73.2;24.1285578051428
98;15;-4.95697622280745;0.326316832855948;22.7;66.6;24.124178787136
98;16;-4.58673678484041;0.298370835035684;21.3;76.6;24.119814314779
98;17;-4.77309968796199;0.324253255328017;22.1;76.3;24.1154643401535
98;18;-4.63797878879469;0.314773862287936;22.5;71;24.1111288154961
98;19;-4.55779428730635;0.287038605224546;21.5;75.6;24.1068076931984
98;20;-4.52496334504574;0.261397029306553;21.4;78.4;24.102500925806
98;21;-4.51537323694282;0.242754594594027;20.5;84.3;24.0982084660183
98;22;-4.12569859293617;0.233182903903765;19.8;89.4;24.0939302666883
98;23;-4.12232398310984;0.226245963488103;19.4;91.8;24.0896662808214
98;24;-4.12232353468812;0.221215729283831;19.6;87.8;24.0854164615755
99;1;-4.11797563611464;0.216228646068414;18.4;91.1;24.0811807622604
99;2;-4.11765594863453;0.211721113480645;17.8;96.2;24.0769591363371
99;3;-4.11560291349279;0.209566933265165;18.2;94.6;24.0727515374177
99;4;-4.1163873676676;0.208046158771242;18.2;94.1;24.0685579192645
99;5;-4.10842701394408;0.204872177758194;17.3;96.3;24.0643782357901
99;6;-4.10559696550461;0.202742706726445;17;97.4;24.0602124410562
99;7;-4.10536446277177;0.201554775095783;16.8;98.1;24.0560604892737
99;8;-4.47286816120695;0.18242711532941;17.2;98.5;24.0519223348021
99;9;-4.52802365579926;0.254217088613704;19;95;24.0477979321488
99;10;-4.52732040771381;0.276308885977775;20.3;88;24.0436872359691
99;11;-4.55448699626465;0.28443191643262;22.8;78.5;24.0395902010651
99;12;-4.82629727765163;0.306251801425916;24.5;74.4;24.0355067823859
99;13;-5.1315690954899;0.332659589006679;25.3;72;24.0314369350267
99;14;-5.330573841736;0.351768852560503;25.9;68.3;24.0273806142285
99;15;-5.23849299909653;0.350063037616256;27;62.3;24.0233377753775
99;16;-4.79071871355204;0.334793159458119;24.7;68.9;24.019308374005
99;17;-5.25483132190951;0.357087149184757;26;64.9;24.0152923657865
99;18;-5.02040022938534;0.348496640852357;27.4;57.2;24.0112897065415
99;19;-4.63678346038916;0.321824709242454;25.1;62.9;24.0073003522331
99;20;-4.52544850062476;0.286163352909976;23.5;70.3;24.0033242589673
99;21;-4.50905210948645;0.265879353219399;22.5;78.7;23.9993613829927
99;22;-4.13929949778581;0.250842339490365;20.3;89.9;23.9954116807002
99;23;-4.14062874656114;0.240802765212651;19.2;93.3;23.9914751086223
99;24;-4.14182504699666;0.232367183506347;18.3;95.4;23.9875516234327
100;1;-4.14482846914123;0.224664286810345;17.7;96.5;23.9836411819461
100;2;-4.14543949304549;0.218667994144424;17.2;96.2;23.9797437411174
100;3;-4.14708722635441;0.21735931431479;18.5;85.4;23.9758592580414
100;4;-4.14811271752858;0.219322007211694;21.2;68.8;23.9719876899525
100;5;-4.14869303975231;0.214964419887857;20.1;62;23.9681289942242
100;6;-4.14913034641482;0.210683714162763;19.3;54.2;23.9642831283683
100;7;-4.49614455940394;0.186819261646783;17.1;66.8;23.9604500500352
100;8;-4.53052218569282;0.22363722487964;17.5;71.2;23.9566297170127
100;9;-4.5500403837616;0.271554078613375;16;76.2;23.9528220872261
100;10;-4.52977280632054;0.265591552227664;15.9;73.7;23.9490271187374
100;11;-4.53196762257658;0.259973315108648;15.9;72.1;23.9452447697452
100;12;-4.55613476722763;0.269325788023933;16.8;66.6;23.941474998584
100;13;-4.78341168003768;0.292729907395732;19.1;54.1;23.9377177637239
100;14;-4.99501914334108;0.31594255488357;19.9;50.6;23.9339730237701
100;15;-4.95810589234088;0.324735923143446;19.1;52.3;23.9302407374627
100;16;-5.00998786396399;0.3324386677338;19.6;51.2;23.9265208636759
100;17;-5.08156583288346;0.337121490575818;20.1;47.8;23.9228133614179
100;18;-4.90773691628324;0.329994897640406;19.8;47.7;23.9191181898303
100;19;-4.73488115154713;0.313878556922398;19.1;47;23.9154353081877
100;20;-4.5376955840068;0.272371728551132;17.6;51.6;23.9117646758973
100;21;-4.51892383528017;0.24400261492604;15.9;54.7;23.9081062524986
100;22;-4.1706589976351;0.23040853170478;14.8;58.5;23.9044599976628
100;23;-4.17014351515983;0.22079250842404;14.2;60.3;23.9008258711925
100;24;-4.17221938753525;0.211971568428247;12.5;69.3;23.897203833021
101;1;-4.17433676767354;0.204767331232035;10.1;82.3;23.8935938432125
101;2;-4.17759273070798;0.199746768948286;9.6;84.8;23.889995861961
101;3;-4.18038114965015;0.19509805749595;8.7;88.2;23.8864098495905
101;4;-4.1722186686767;0.190914697856209;7.5;93.3;23.882835766554
101;5;-4.16760419302501;0.188207247554545;7;94;23.8792735734335
101;6;-4.16760408351055;0.186399529650274;6.9;93.1;23.8757232309395
101;7;-4.4664298337754;0.175951446119811;7.4;92;23.8721846999105
101;8;-4.49707713991198;0.218689203262329;10.4;84.2;23.8686579413128
101;9;-4.54433580846037;0.273203117003873;14.2;70.1;23.8651429162398
101;10;-4.63832729255353;0.289135960484177;16.4;61;23.8616395859118
101;11;-4.69088935189232;0.28461236618726;18.2;50.5;23.8581479116755
101;12;-4.69372242130598;0.283655561346712;18.9;48;23.8546678550039
101;13;-4.9385870167485;0.307179840623906;19.9;43.6;23.8511993774952
101;14;-5.07184395181617;0.327995301431005;20.1;48.3;23.8477424408733
101;15;-5.0875986201879;0.337413870562802;20;49.5;23.8442970069867
101;16;-5.07124519034937;0.342055203806529;20.2;48.5;23.8408630378084
101;17;-4.9742809251953;0.339953539195095;19.6;46.8;23.8374404954355
101;18;-4.83709523376154;0.332242414461969;19;50.6;23.8340293420888
101;19;-4.67015686807278;0.317065239521655;18.4;52.3;23.8306295401122
101;20;-4.53575347898958;0.276321697740111;17.5;55.5;23.8272410519728
101;21;-4.52019301425922;0.24859772942658;15.8;64.4;23.8238638402599
101;22;-4.18906901790139;0.232941070042533;13.2;83.1;23.820497867685
101;23;-4.1890687903454;0.221952207831039;11.5;89.4;23.8171430970813
101;24;-4.18906859899323;0.213508365475762;10.4;92;23.8137994914035
102;1;-4.19204190038164;0.206739084141636;9.6;94.5;23.8104670137271
102;2;-4.19204174571258;0.201286899943909;9.1;95.4;23.807145627248
102;3;-4.19315413835736;0.197030364826926;8.6;96.1;23.8038352952826
102;4;-4.19254566936899;0.193536183394509;8.3;96.6;23.800535981267
102;5;-4.19153963626056;0.190676694162421;7.9;96.8;23.7972476487565
102;6;-4.19254542793888;0.188000038372873;7.5;97;23.7939702614257
102;7;-4.47895940366876;0.177077145806929;7.1;97.7;23.7907037830677
102;8;-4.51076258897527;0.207807508388396;9.2;96.3;23.7874481775939
102;9;-4.54639028660179;0.26208418796199;12.5;86.7;23.7842034090338
102;10;-4.57814235327494;0.281360921790037;15.7;76.2;23.7809694415342
102;11;-4.59877875243442;0.280683446897812;18.6;67.1;23.777746239359
102;12;-4.75028538922101;0.293875112596161;19.9;61.9;23.7745337668891
102;13;-4.95941349523336;0.318800894983628;20.4;57.6;23.7713319886217
102;14;-5.06280726179516;0.336633104057471;20.7;57.3;23.76814086917
102;15;-5.05681332074913;0.344570768548082;21;57.2;23.764960373263
102;16;-5.01739963011791;0.34759686620537;21.2;56.8;23.7617904657448
102;17;-4.94107751016149;0.347020598043974;21.3;57.4;23.7586311115746
102;18;-4.7774215733546;0.339614737930047;21.1;62.3;23.7554822758261
102;19;-4.61508822876353;0.324129147575124;20.5;65.4;23.7523439236872
102;20;-4.5289273317264;0.283104009979665;19.7;69.5;23.7492160204597
102;21;-4.51916928020139;0.257359192557722;18.1;76.8;23.7460985315587
102;22;-4.21325420215276;0.242292459049487;15.9;86.9;23.7429914225127
102;23;-4.21415825640235;0.230727474700864;14.4;92.3;23.7398946589626
102;24;-4.21599359185491;0.222164498557623;13.4;94;23.7368082066619
103;1;-4.2188155022152;0.215025955033189;12.8;95.8;23.7337320314762
103;2;-4.22172238988261;0.208733231682766;12.5;96.2;23.7306660993826
103;3;-4.22320848455336;0.203747912174478;11.6;96.7;23.7276103764697
103;4;-4.22411076083031;0.19933947291323;10.9;97;23.7245648289368
103;5;-4.22411059627163;0.195630573643136;10.3;97.5;23.721529423094
103;6;-4.22411044185266;0.192814686417864;9.9;98.1;23.7185041253617
103;7;-4.5004065016781;0.179912016791489;9.8;98.5;23.7154889022701
103;8;-4.52930465317237;0.213916732545115;12.5;97.6;23.7124837204589
103;9;-4.56591306984846;0.270683320830432;16;88.4;23.7094885466771
103;10;-4.65046383112768;0.293817734056839;19.8;71.7;23.7065033477826
103;11;-4.77528602219033;0.294036242017314;23.1;54.3;23.7035280907417
103;12;-4.97561150308465;0.308863975338833;25;46.5;23.7005627426288
103;13;-5.19862486688534;0.332979149991971;26.4;44.3;23.6976072706262
103;14;-5.23539105843473;0.346068405095034;26;47.8;23.6946616420238
103;15;-5.25019790586278;0.352630177730592;26.4;45.3;23.6917258242184
103;16;-5.20850004407094;0.353638583478609;25.6;45;23.6887997847137
103;17;-5.15650755520179;0.352030131299058;25.5;44.5;23.6858834911197
103;18;-5.02427759429137;0.343641231765611;25.2;42.3;23.6829769111528
103;19;-4.8213070032059;0.327041912832806;24.1;47.3;23.6800800126348
103;20;-4.59463425383266;0.285530930309421;22.4;60.6;23.6771927634932
103;21;-4.58161529963707;0.260623343022171;19.9;76.9;23.6743151317603
103;22;-4.28334608463018;0.246316438785316;18.2;81.9;23.6714470855735
103;23;-4.28428421079365;0.23734110106574;18;82.7;23.6685885931744
103;24;-4.28475665443027;0.230620447946335;18.3;80.5;23.6657396229085
104;1;-4.28523146047809;0.225018353834926;18.4;79.9;23.6629001432255
104;2;-4.2841487563249;0.220241873531751;18.3;80.8;23.6600701226781
104;3;-4.28215182282594;0.215885895284377;18;83.1;23.6572495299223
104;4;-4.27752930328482;0.212099254344699;17.8;82.4;23.6544383337167
104;5;-4.27457558144293;0.209134751544078;17.7;82;23.6516365029224
104;6;-4.27136971255173;0.20660666363905;17.6;82.1;23.6488440065027
104;7;-4.26761264055659;0.20483233066618;17.4;82.2;23.6460608135224
104;8;-4.53692629263769;0.18486601103604;17.7;80.8;23.6432868931481
104;9;-4.55689187870856;0.219799903170306;18.4;78.4;23.6405222146471
104;10;-4.56963250738547;0.24285460834287;19.4;70.7;23.6377667473877
104;11;-4.58479305775426;0.256916673342766;20.2;63.7;23.6350204608388
104;12;-4.59669175389785;0.269181932889476;21;59.4;23.6322833245691
104;13;-4.7296906179896;0.291211841925801;21.9;57.3;23.6295553082475
104;14;-4.8170080573578;0.310487872234108;22.4;58.6;23.6268363816421
104;15;-4.90901700612411;0.328662477984918;22.1;63;23.6241265146203
104;16;-4.86909736989367;0.337361192717473;21.6;68.8;23.6214256771484
104;17;-4.9098482692;0.34501248384717;22.1;67.1;23.6187338392911
104;18;-4.72321784915674;0.332779163748097;21.3;68.9;23.6160509712115
104;19;-4.58476621426672;0.293172213122213;20.7;71.7;23.6133770431706
104;20;-4.55944307689894;0.261900900620834;19.8;75.2;23.6107120255268
104;21;-4.55510400001297;0.243002987135566;18.3;81.8;23.608055888736
104;22;-4.28591670989126;0.232731269588049;17.9;83.7;23.6054086033509
104;23;-4.28591645781222;0.225837357466716;18.2;83.2;23.6027701400211
104;24;-4.28535264780137;0.221444023786411;18.5;82.8;23.6001404694923
105;1;-4.28535239007431;0.217974547767981;18.7;82.8;23.5975195626064
105;2;-4.28535213266903;0.214512337257014;18.7;83;23.5949073903009
105;3;-4.28462341048222;0.212349975237129;18.8;82.9;23.5923039236088
105;4;-4.2875802284088;0.210285619079071;18.9;81.3;23.5897091336582
105;5;-4.28535136162511;0.209096078087436;19;80.3;23.5871229916721
105;6;-4.28623470791101;0.20789360118083;18.9;83;23.5845454689678
105;7;-4.54227580919227;0.18580283747368;18.3;85.8;23.581976536957
105;8;-4.5613596435622;0.217701894286709;19.8;81;23.5794161671452
105;9;-4.5871619251047;0.26361560320086;20.4;77.2;23.5768643311315
105;10;-4.60046737940137;0.285009176854871;21;76.1;23.5743210006083
105;11;-4.61996167373497;0.284381227661147;21.9;70.6;23.571786147361
105;12;-4.76004176855306;0.301727083033764;22.7;66.6;23.5692597432677
105;13;-4.97344521672588;0.329040747696005;23.6;61.1;23.5667417602989
105;14;-5.11240995738957;0.348216488281696;24.3;58.1;23.5642321705172
105;15;-4.95419760333111;0.345418352500351;24;59.2;23.561730946077
105;16;-4.68363090454294;0.325672615470636;22.7;65;23.5592380592242
105;17;-4.59543451795874;0.304257199986169;22.2;69.3;23.5567534822958
105;18;-4.8572860785845;0.340452138947985;23.2;69.1;23.5542771877199
105;19;-4.59180306376981;0.311076302161365;22.2;75.8;23.5518091480151
105;20;-4.56107504988903;0.273412731709514;21.5;80.5;23.5493493357904
105;21;-4.55696591894062;0.253939784120831;20.5;86.2;23.5468977237449
105;22;-4.29842217952766;0.242024119329908;19.6;90.6;23.5444542846672
105;23;-4.2980526553932;0.232897975564288;18.9;93;23.5420189914357
105;24;-4.2998735458553;0.226212046169154;18.5;80.2;23.5395918170176
106;1;-4.30211853811198;0.219836022233622;17.8;74.6;23.5371727344694
106;2;-4.30217257341933;0.211302299630386;15.3;86.1;23.5347617169358
106;3;-4.30448659536033;0.20503177115058;13.7;92.6;23.5323587376502
106;4;-4.30601076249127;0.201532374169491;13.3;94.6;23.5299637699335
106;5;-4.30803042493717;0.200155768552373;14;96.5;23.527576787195
106;6;-4.30885231024122;0.199762438212773;15.3;95.3;23.5251977629309
106;7;-4.54321683576142;0.183190794577177;16;95;23.5228266707248
106;8;-4.56627110469057;0.217693711202014;19.1;87.7;23.5204634842473
106;9;-4.63248188194763;0.283207561882982;21.4;77.8;23.5181081772555
106;10;-4.70671776945373;0.297697652175774;22.8;68.9;23.5157607235928
106;11;-4.68445189228618;0.290765277703508;23.7;64.8;23.5134210971887
106;12;-4.83388413066589;0.306565491709334;24.5;61.7;23.5110892720584
106;13;-5.12584267668741;0.337413513077187;26.4;55;23.5087652223029
106;14;-5.13331650089987;0.347869107148528;27.4;49.6;23.506448922108
106;15;-5.14807531307044;0.351999464567066;28.4;44.7;23.5041403457447
106;16;-5.15353497582562;0.355560003857624;28.3;43.4;23.5018394675687
106;17;-5.06302936204178;0.351426202172596;28.3;42.3;23.49954626202
106;18;-5.02335817195137;0.348013260768535;28.3;42.7;23.4972607036228
106;19;-4.72001915208898;0.319131724945401;26.6;47.3;23.494982766985
106;20;-4.59763069876653;0.273615823618552;25.2;51.2;23.4927124267983
106;21;-4.58587936325936;0.263764401679961;23.8;55.6;23.4904496578375
106;22;-4.32677400685463;0.253431824696092;22.8;59.4;23.4881944349608
106;23;-4.32521575461107;0.244178491944629;22;60.9;23.4859467331087
106;24;-4.32483077521111;0.236547913428992;21.5;63.1;23.4837065273046
107;1;-4.32516012276917;0.230433425463754;21;65.7;23.4814737926539
107;2;-4.3252149269735;0.22455421403086;20.5;66.6;23.4792485043441
107;3;-4.32444716908867;0.218364894781306;19.6;70.6;23.4770306376445
107;4;-4.32482971944079;0.214691830278866;19.4;71.8;23.4748201679055
107;5;-4.32716646843919;0.212605651814784;19.5;71;23.4726170705591
107;6;-4.32812065048267;0.212995949039027;20.6;63.8;23.470421321118
107;7;-4.32860188758755;0.210181713388757;19.8;67.4;23.4682328951755
107;8;-4.58288285307714;0.187833565480669;20.5;65.8;23.4660517684055
107;9;-4.6119367643573;0.224487450747331;21.3;62.9;23.4638779165619
107;10;-4.62020712061529;0.243150693491137;22.3;59.5;23.4617113154784
107;11;-4.62266424079518;0.250905785967456;22.7;59.5;23.4595519410685
107;12;-4.9422656497418;0.291889699838326;25.1;52.3;23.457399769325
107;13;-4.94837181486453;0.30901043789199;26.3;47.5;23.4552547763198
107;14;-5.1682633932406;0.33202879333553;27.3;45.1;23.4531169382036
107;15;-5.2382766874588;0.345745348845006;28.1;44.7;23.4509862312056
107;16;-4.81785435388623;0.320997353598724;26.4;50.3;23.4488626316337
107;17;-4.68385620305116;0.303473769409275;25.7;59.7;23.4467461158735
107;18;-5.13704890125745;0.335855856573383;27.9;50.1;23.4446366603885
107;19;-4.69494906599291;0.299867608417759;27.8;48.2;23.4425342417201
107;20;-4.63130669666458;0.270754054544365;26.2;53.7;23.4404388364865
107;21;-4.61567727306811;0.249328601936452;22.9;71;23.4383504213834
107;22;-4.33723915824787;0.236099517075145;21.5;75.7;23.4362689731832
107;23;-4.3372388879743;0.225945525707095;19.6;81.3;23.4341944687348
107;24;-4.33768536156087;0.220939471784241;19.5;77.7;23.4321268849635
108;1;-4.33723838584885;0.214017307736993;18.1;83;23.4300661988707
108;2;-4.33679366992686;0.208815605657482;17.3;87.1;23.4280123875335
108;3;-4.33723794111149;0.206593648132675;17.5;85.6;23.4259654281047
108;4;-4.3340866074254;0.207552240756929;18.6;75.2;23.4239252978125
108;5;-4.32956732158442;0.203369592816562;17.2;83.5;23.4218919739601
108;6;-4.32811397191996;0.198895380292132;15.4;88.8;23.4198654339255
108;7;-4.55035779383232;0.180173642168751;14.3;92;23.4178456551615
108;8;-4.56322913829515;0.214563438246529;17.3;83.7;23.4158326151952
108;9;-4.67799385424515;0.277825360544257;21.4;63.6;23.4138262916275
108;10;-4.8293400635675;0.300407657261965;23.8;52.4;23.4118266621338
108;11;-4.81859957924842;0.296270530590863;25.5;45.4;23.4098337044626
108;12;-4.91529956530295;0.311790141612647;25.9;49.5;23.4078473964361
108;13;-5.12063650058973;0.337458468849164;27;45.9;23.4058677159496
108;14;-5.15182490656704;0.350930329083258;27.2;46.3;23.4038946409714
108;15;-5.13509934422607;0.356138292388871;27.7;47.2;23.4019281495422
108;16;-5.09436586220656;0.359567536516804;27.8;51.6;23.3999682197756
108;17;-5.00838880607719;0.358010369155174;27.2;54.9;23.398014829857
108;18;-4.88824919069116;0.350708219344974;26.6;58.1;23.3960679580441
108;19;-4.60154895277822;0.315251091428474;26;60;23.3941275826663
108;20;-4.58254168890716;0.289310760458216;25.1;63.8;23.3921936821243
108;21;-4.56990662377136;0.268047861914931;23.1;73.9;23.3902662348904
108;22;-4.31681670600736;0.254302430729024;21.8;76.3;23.3883452195076
108;23;-4.3168164290986;0.243055562593203;20.2;79.8;23.3864306145902
108;24;-4.31681616942203;0.238666019426894;20.5;72.4;23.3845223988226
109;1;-4.31681589892477;0.234674800658567;21.3;69.3;23.3826205509599
109;2;-4.31716087864093;0.225394887151752;18.9;79.4;23.3807250498271
109;3;-4.31716062960642;0.222191568775223;20.4;70.8;23.3788358743194
109;4;-4.31820631968004;0.212574108545991;17;85.9;23.3769530034014
109;5;-4.31820610499415;0.205916343839186;15.6;90.8;23.3750764161074
109;6;-4.32254709322184;0.202115119072589;15.3;92.6;23.3732060915406
109;7;-4.55494448432344;0.184036219603691;15.1;92.8;23.3713420088735
109;8;-4.57564787350514;0.220269427521417;18.7;84.1;23.3694841473473
109;9;-4.71234542300984;0.282404020393094;23.5;64.1;23.3676324862716
109;10;-4.82741795890048;0.304122783261438;25.3;59.5;23.3657870050247
109;11;-4.7090242095803;0.294036790372933;24.7;66.1;23.3639476830525
109;12;-4.82028938405365;0.309100624840698;24.1;67.6;23.3621144998693
109;13;-5.09452175925576;0.340506098933322;25;62.9;23.3602874350566
109;14;-4.62388172059382;0.305653900405957;22.9;66.4;23.3584664682637
109;15;-4.58674536175121;0.267306198368209;20.5;73.2;23.356651579207
109;16;-4.58222857948719;0.255590904512952;18.9;81.4;23.3548427476698
109;17;-4.57705635906793;0.248214588031564;18.2;86.6;23.3530399535024
109;18;-4.5747820845498;0.240527617049388;18.1;86.9;23.3512431766215
109;19;-4.57100781290526;0.229620723742858;18;86.7;23.3494523970102
109;20;-4.562798205818;0.210326791343086;17.2;90.8;23.3476675947178
109;21;-4.56314540960724;0.209533514228243;16.3;95.5;23.3458887498595
109;22;-4.33181855408066;0.206984573730706;16.1;96.4;23.344115842616
109;23;-4.33174816173543;0.204736361213402;16.1;96.8;23.3423488532339
109;24;-4.33217018326031;0.202850822012578;16.1;97.2;23.3405877620248
110;1;-4.33111909080516;0.201337497459107;16.2;97;23.3388325493653
110;2;-4.32872608487829;0.200087323500319;16.2;97.1;23.337083195697
110;3;-4.32608964402398;0.199043287546652;16.2;97.3;23.3353396815263
110;4;-4.32608945034453;0.19819452259734;16.2;97.4;23.3336019874237
110;5;-4.32608925693271;0.197705416555621;16.3;97.7;23.3318700940241
110;6;-4.3260890624368;0.197229200836298;16.3;97.7;23.3301439820263
110;7;-4.32608886809872;0.197020381831326;16.4;97.7;23.3284236321932
110;8;-4.55379117334017;0.178916938371761;16.4;97.9;23.3267090253509
110;9;-4.56078946694482;0.19833465510877;16.7;97.9;23.3250001423892
110;10;-4.55495541093845;0.209251980188354;17.2;97;23.3232969642609
110;11;-4.55635357061593;0.215741974677277;17.4;97.3;23.3215994719818
110;12;-4.55568344563674;0.220558941079779;17.2;96.7;23.3199076466306
110;13;-4.5566189609302;0.224950759464915;17;96.6;23.3182214693484
110;14;-4.56065028610944;0.236746973667054;16.8;95.9;23.3165409213387
110;15;-4.55839752407645;0.235009482908363;17.4;94.8;23.3148659838673
110;16;-4.55313879944008;0.221531963504869;17;91.8;23.3131966382618
110;17;-4.55010373118868;0.215685270495517;16.5;91.3;23.3115328659115
110;18;-4.54697274734389;0.205512998887918;16.5;91.3;23.3098746482675
110;19;-4.54600371774214;0.198544372202104;16.1;93.8;23.308221966842
110;20;-4.54358716265843;0.187390012822174;15.8;93;23.3065748032085
110;21;-4.54422486212989;0.191167646383329;15.4;94.2;23.3049331390013
110;22;-4.32813551861832;0.191329643023612;15.1;96;23.3032969559157
110;23;-4.32813535778579;0.191022627571318;15;95.5;23.3016662357073
110;24;-4.328135198341;0.190659933165605;14.8;97;23.3000409601921
111;1;-4.32813504022226;0.190504611036374;14.8;98.2;23.2984211112465
111;2;-4.3281348821686;0.190572485078775;15;97;23.2968066708065
111;3;-4.3281347229158;0.190264105547869;14.7;97.8;23.2951976208681
111;4;-4.32813456952289;0.19002924372302;14.7;96;23.2935939434867
111;5;-4.32813441748407;0.189666489534845;14.5;96.6;23.2919956207774
111;6;-4.32813426806531;0.190188688566121;14.8;96.7;23.2904026349141
111;7;-4.32813411362678;0.190327291094602;14.8;98;23.28881496813
111;8;-4.32813395915882;0.191651158088147;15.6;96.4;23.2872326027167
111;9;-4.53735584412783;0.175185659193481;15.6;97.5;23.2856555210249
111;10;-4.53952551812156;0.18722658364329;16.4;96.9;23.2840837054633
111;11;-4.53957405128154;0.192327064979901;17.1;95.9;23.2825171384991
111;12;-4.54171307276143;0.20222605306095;17.5;95.9;23.2809558026572
111;13;-4.54539747332062;0.216218228271867;17.7;96;23.2793996805208
111;14;-4.54974694198025;0.228452972623215;17.9;96.2;23.2778487547304
111;15;-4.5485910566287;0.229666184625079;18.3;95.8;23.276303007984
111;16;-4.55139327230425;0.238121520185528;18.6;95.1;23.274762423037
111;17;-4.55481935516438;0.242976273834563;18.4;96.3;23.2732269827018
111;18;-4.54795680746967;0.227384080252386;18.4;96.2;23.2716966698477
111;19;-4.5449273588853;0.211366696296558;18.3;96.7;23.2701714674008
111;20;-4.54205089952609;0.19441832473995;18.2;96.7;23.2686513583436
111;21;-4.54222503750058;0.197900667110889;18.2;97.4;23.267136325715
111;22;-4.3292126321377;0.198372307569144;18.3;97.7;23.2656263526101
111;23;-4.32952541599803;0.19829047942503;18.3;98.2;23.26412142218
111;24;-4.3299453410474;0.198009406787683;18.4;96.9;23.2626215176315
112;1;-4.32983981102307;0.197778796417047;18.4;97.7;23.2611266222269
112;2;-4.33079494711183;0.197597825335148;18.4;98.2;23.2596367192843
112;3;-4.33047446640698;0.197716472541518;18.4;98.7;23.2581517921767
112;4;-4.3304742685637;0.197725782922173;18.4;99;23.2566718243322
112;5;-4.33111649453609;0.197714058553404;18.3;99.3;23.255196799234
112;6;-4.33168454113171;0.197717928516552;18.4;99.5;23.2537267004198
112;7;-4.33154852543183;0.198131926660037;18.5;99.4;23.2522615114819
112;8;-4.54523110396617;0.177863572228495;18.7;99.2;23.250801216067
112;9;-4.55679670743473;0.206415582279317;19.1;98.8;23.2493457978758
112;10;-4.55921736575748;0.225132849200813;19.5;97.8;23.2478952406632
112;11;-4.56154935760644;0.236217916616392;19.6;97.9;23.2464495282378
112;12;-4.57874995793887;0.269740849946734;20.3;96.3;23.2450086444619
112;13;-4.58842520771289;0.299756069776551;20.6;95.7;23.2435725732511
112;14;-4.59051019678875;0.316131047459946;20.3;96.8;23.2421412985745
112;15;-4.58975262876951;0.321720587396394;20.5;95.6;23.2407148044541
112;16;-4.65072895634541;0.337869431921292;21.1;91.4;23.2392930749652
112;17;-4.58716769828956;0.330694609510586;21.1;91.3;23.2378760942354
112;18;-4.56971465991875;0.306776442576138;20.3;93.9;23.2364638464453
112;19;-4.55475293938104;0.269106447696686;20;93.8;23.2350563158275
112;20;-4.55022464747078;0.24760355190474;19.9;91.9;23.2336534866673
112;21;-4.54932508887963;0.236546663651887;19.4;91.6;23.2322553433018
112;22;-4.33375789212845;0.228766801320283;19.1;93.1;23.23086187012
112;23;-4.33375767879493;0.222782855102157;19;94.2;23.2294730515629
112;24;-4.33375746878873;0.218002858160504;18.9;94.8;23.2280888721226
113;1;-4.33375726163595;0.214206401054216;18.7;94.9;23.2267093163431
113;2;-4.33375705682451;0.211546947179376;18.7;95.6;23.2253343688192
113;3;-4.3337568519989;0.209775285426358;19;94.7;23.2239640141972
113;4;-4.33375664576765;0.208311335177012;19.1;94.6;23.2225982371738
113;5;-4.33375643905813;0.206735271293679;19;95.2;23.2212370224969
113;6;-4.33375623392729;0.205337858285426;18.9;94.2;23.2198803549646
113;7;-4.33375603029271;0.204559927375049;18.9;94;23.2185282194256
113;8;-4.55436319370133;0.218063794485424;19.6;92.8;23.2171806007787
113;9;-4.5783458376829;0.275307188384004;20.5;89.7;23.2158374839729
113;10;-4.58133534243674;0.289329567679642;21.2;88;23.214498854007
113;11;-4.59478048711964;0.299313643169289;21.7;85.8;23.2131646959295
113;12;-4.66798477313508;0.316022971933952;22.1;84.2;23.2118349948387
113;13;-4.74778075908085;0.336431533524984;22.3;83.6;23.2105097358819
113;14;-4.85961696595583;0.356678746765155;22.7;83;23.2091889042561
113;15;-4.86874611802617;0.364967537168102;23.2;81.8;23.2078724852071
113;16;-4.88470430343612;0.372038747430701;23.5;80.1;23.2065604640298
113;17;-4.80590541732812;0.371473854509914;23.5;79.7;23.2052528260676
113;18;-4.72125068543473;0.365567982339062;23.3;79;23.2039495567128
113;19;-4.56226493821922;0.312614253853272;22.2;83.5;23.202650641406
113;20;-4.55465813580675;0.282498827128536;21.2;88.1;23.201356065636
113;21;-4.55355435904458;0.270290828654476;20.7;90.5;23.20006581494
113;22;-4.34343413023196;0.259726742784846;20.3;91.6;23.1987798749029
113;23;-4.34343390027745;0.251193218662232;20.3;91.3;23.1974982311575
113;24;-4.34343367276518;0.243376152683272;20.2;91.5;23.1962208693844
114;1;-4.34343344917808;0.236128946192794;20;92.8;23.1949477753114
114;2;-4.34343323014341;0.229262354514764;19.7;93.8;23.1936789347138
114;3;-4.34343301736013;0.223387699992105;19.3;94.6;23.1924143334143
114;4;-4.34343280965683;0.218993415162501;19.3;96.4;23.1911539572823
114;5;-4.34343260356641;0.217292831023724;20;97;23.1898977922341
114;6;-4.34343239101375;0.21499463809134;20.1;96.4;23.188645824233
114;7;-4.34343217928281;0.212249473946476;19.7;97.1;23.1873980392886
114;8;-4.55609144312306;0.215852172640741;20.4;96.8;23.186154423457
114;9;-4.57811780100104;0.267401355938866;22.2;91.2;23.1849149628407
114;10;-4.58502257485956;0.284702833661885;24.1;83.3;23.183679643588
114;11;-4.67625276516447;0.304938339177066;25.8;77.5;23.1824484518935
114;12;-4.75960700121472;0.323011421289535;26.1;77.7;23.1812213739975
114;13;-4.87209333945338;0.344846097765788;26.1;75.9;23.1799983961857
114;14;-4.87539785002606;0.356409960330813;26.1;76.2;23.1787795047897
114;15;-4.96781146340242;0.369800229416827;26.7;74.4;23.1775646861862
114;16;-4.97415637422925;0.376525096079615;27.3;72.3;23.1763539267972
114;17;-4.89859705333622;0.376525322050923;27;72.9;23.1751472130899
114;18;-4.77511127584115;0.369999450189117;26.4;75.5;23.173944531576
114;19;-4.58355375875805;0.326666447313987;25.6;78.1;23.1727458688125
114;20;-4.56953619064356;0.29116656049766;24.9;81;23.1715512114006
114;21;-4.56698825039626;0.28191195022946;24.8;82;23.1703605459861
114;22;-4.36633838630932;0.273291156087115;24.9;79;23.1691738592592
114;23;-4.36633814233495;0.262315308421779;23.5;81.7;23.1679911379543
114;24;-4.36633790521529;0.25145154736207;22;89.5;23.1668123688497
115;1;-4.36633767759779;0.242439737396764;21.3;93.7;23.1656375387676
115;2;-4.36633745759183;0.236022114362523;21.4;92.7;23.164466634574
115;3;-4.36633724005561;0.229685252207845;20.9;95.3;23.1632996431786
115;4;-4.3663370282756;0.224446541227418;20.6;94.2;23.1621365515343
115;5;-4.36633682066031;0.22027416377904;20.4;95.5;23.1609773466376
115;6;-4.36633661610755;0.217069812421298;20.5;93.6;23.159822015528
115;7;-4.36633641357109;0.213595853998439;20.1;92.5;23.1586705452881
115;8;-4.56563994020902;0.212323303474447;20.7;87.5;23.1575229230432
115;9;-4.57784332118704;0.239253150926001;22.1;81.1;23.1563791359617
115;10;-4.57904636818007;0.247640529474097;23.2;78.9;23.1552391712543
115;11;-4.57946579951882;0.249519843545905;23.5;78.9;23.1541030161743
115;12;-4.57737534286754;0.249391372989072;23.2;81.8;23.1529706580174
115;13;-4.59106745224391;0.270736056644478;23.9;77.5;23.1518420841212
115;14;-4.63275317582999;0.295371801443487;25.3;69.6;23.1507172818657
115;15;-4.7059047930046;0.308977569771268;26.4;65.1;23.1495962386725
115;16;-4.59891434584882;0.295281995914716;25.7;73.2;23.1484789420053
115;17;-4.58585233980503;0.278024472883038;24.9;79.2;23.1473653793691
115;18;-4.57155471426876;0.251476156896509;22.5;88.3;23.1462555383106
115;19;-4.56698296206922;0.231216175495013;21.2;90.2;23.1451494064178
115;20;-4.5625990220633;0.20989956811675;20.7;91.9;23.14404697132
115;21;-4.56267791230338;0.212345798075341;19.8;95.3;23.1429482206875
115;22;-4.36633303196103;0.210235129214983;19.2;97;23.1418531422315
115;23;-4.36633284219652;0.208023601685048;18.9;97.8;23.1407617237041
115;24;-4.36633265586865;0.206441907652238;18.8;98.2;23.1396739528982
116;1;-4.36633247098316;0.205230724519932;18.7;98.5;23.138589817647
116;2;-4.36633228736403;0.203961909741946;18.5;98.7;23.1375093058243
116;3;-4.36633210599674;0.203404019051065;18.6;98.9;23.1364324053441
116;4;-4.36633192389965;0.203141188031165;18.7;98.9;23.1353591041606
116;5;-4.36633174091859;0.202811403462312;18.8;98.8;23.134289390268
116;6;-4.36633155804537;0.20252854001835;18.7;98.7;23.1332232517003
116;7;-4.36633137525535;0.202513887233552;18.8;98.9;23.1321606765315
116;8;-4.36633119157307;0.202579557646715;19;98.9;23.1311016528749
116;9;-4.57213555540855;0.223765220839824;19.4;98.6;23.1300461688835
116;10;-4.57174329268548;0.23025891764494;20.4;95.6;23.1289942127497
116;11;-4.57909551164757;0.249633729884619;20.7;95.3;23.1279457727049
116;12;-4.58831209621834;0.275224133116818;21.1;95.2;23.1269008370198
116;13;-4.60044841493862;0.305280629589905;21.3;95.7;23.1258593940041
116;14;-4.58863281637123;0.301222630147433;21.9;93.3;23.1248214320062
116;15;-4.58232594822243;0.288361107997223;22.1;92.7;23.1237869394133
116;16;-4.59080258365125;0.302741948203995;22.1;93.1;23.1227559046512
116;17;-4.57745378317366;0.278391656521397;22.9;91.2;23.1217283161841
116;18;-4.58012246938743;0.277319824745376;22.9;91.2;23.1207041625147
116;19;-4.56582861016912;0.237766482096014;21.8;92;23.1196834321837
116;20;-4.56325419435473;0.214310666363962;19.7;95.4;23.1186661137699
116;21;-4.56331745822054;0.213483356490625;18.6;96.3;23.1176521958902
116;22;-4.37290253848803;0.210378098850603;18.2;95.5;23.1166416671994
116;23;-4.37290236943648;0.207603174241744;18;96.4;23.1156345163897
116;24;-4.37290220306242;0.205084478229213;17.6;97.8;23.1146307321911
117;1;-4.37290204032641;0.203274963721455;17.5;98;23.113630303371
117;2;-4.37290187905075;0.20198203438364;17.4;98.1;23.1126332187343
117;3;-4.37290171820513;0.200636074515971;17.3;98.6;23.1116394671228
117;4;-4.37290155967017;0.199779570209383;17.3;98.5;23.1106490374157
117;5;-4.37290140136066;0.198963527747726;17.2;98.2;23.1096619185289
117;6;-4.37290124428181;0.198642622990654;17.3;98.4;23.1086780994153
117;7;-4.3729010862854;0.198337124931784;17.2;98.7;23.1076975690646
117;8;-4.56696903842153;0.206521735911153;17.6;98.8;23.1067203165029
117;9;-4.57212442011139;0.224983233113847;18.4;97.8;23.1057463307929
117;10;-4.57234714300765;0.232058106181445;19.3;94.1;23.1047756010337
117;11;-4.57306178641363;0.23567076699546;18.8;97;23.1038081163606
117;12;-4.58053291463218;0.258380436029525;18.5;95.1;23.102843865945
117;13;-4.58125276527408;0.274764765347387;18;93.5;23.1018828389942
117;14;-4.58448891158038;0.293166633722037;17.6;92.5;23.1009250247517
117;15;-4.57691550732284;0.27907560097147;16.7;89.2;23.0999704124965
117;16;-4.57460967686403;0.269474211733495;15.5;89.5;23.0990189915432
117;17;-4.57557795794482;0.267214230428448;15.8;86.7;23.0980707512422
117;18;-4.57746467107452;0.272271790552822;15.4;85.8;23.0971256809791
117;19;-4.56444466862839;0.232170727450694;14.8;88;23.0961837701749
117;20;-4.56133497254469;0.208528885657861;14.3;86.9;23.0952450082857
117;21;-4.56177149842172;0.203073015360957;13.9;87.6;23.0943093848027
117;22;-4.37945596158715;0.19916671464722;13.3;90.8;23.093376889252
117;23;-4.37945585255431;0.19635817479689;13.1;91.3;23.0924475111947
117;24;-4.37945574718512;0.194416727079412;13;90.6;23.0915212402264
118;1;-4.37945564315985;0.19308200030452;13;88.6;23.0905980659775
118;2;-4.37945553939415;0.191934404872482;12.9;90.3;23.0896779781127
118;3;-4.37945543685773;0.190832010281399;12.6;89.9;23.0887609663312
118;4;-4.37945533654948;0.189856783835871;12.5;91.1;23.0878470203664
118;5;-4.37945523842186;0.189036138480205;12.3;92.3;23.086936129986
118;6;-4.3794551425006;0.188738638610715;12.4;91.2;23.0860282849914
118;7;-4.37945504561942;0.188629693980718;12.4;91.6;23.0851234752183
118;8;-4.56152884269723;0.193893470990345;12.7;90.4;23.084221690536
118;9;-4.56846328161832;0.213570488843542;13.4;88.5;23.0833229208476
118;10;-4.57785979005523;0.238670397878831;14.5;81.9;23.0824271560896
118;11;-4.58222684012819;0.254597582296426;15.6;78.1;23.0815343862321
118;12;-4.60859288660408;0.28554039265347;16.9;72.1;23.0806446012788
118;13;-4.59665120886873;0.291760661401441;16.7;72.6;23.0797577912662
118;14;-4.59839772872079;0.300936975456365;16.6;73.1;23.0788739462643
118;15;-4.59143180219884;0.295842849269403;15.9;74.4;23.0779930563759
118;16;-4.58476186467474;0.284039079076066;15.4;76.5;23.0771151117369
118;17;-4.60294765163857;0.304903032600453;16.3;69.2;23.076240102516
118;18;-4.64496634160293;0.312712127311702;17.3;62;23.0753680189145
118;19;-4.59115399126503;0.28188838989325;17.4;59;23.0744988511664
118;20;-4.57478178160066;0.246228262462024;16.3;65.3;23.0736325895382
118;21;-4.57102095134549;0.224328138449881;14.5;78.1;23.0727692243287
118;22;-4.38650798179989;0.213264291319187;13.5;86;23.071908745869
118;23;-4.38650787250451;0.206845666919802;13.4;87.9;23.0710511445225
118;24;-4.38650776767808;0.202666743273951;13.3;86.6;23.0701964106845
119;1;-4.38650766570677;0.199704607801961;13.1;84.7;23.0693445347823
119;2;-4.38650756535843;0.196450204012787;12.1;89.2;23.0684955072752
119;3;-4.38650747359784;0.194085083243955;11.8;89.4;23.067649318654
119;4;-4.38650738522348;0.192025419351309;11.7;89.4;23.0668059594413
119;5;-4.38650730118399;0.191877624584553;12.4;88;23.0659654201913
119;6;-4.38650720826087;0.191515820300949;12.6;87.1;23.0651276914895
119;7;-4.38650711343308;0.190970933238191;12.5;88.4;23.0642927639528
119;8;-4.56402373111072;0.195126294627394;12.9;87.7;23.0634606282293
119;9;-4.56983773541493;0.208214455224165;13.9;83.2;23.0626312749982
119;10;-4.57774542072001;0.230946922750348;14.8;80.1;23.0618046949699
119;11;-4.59526620450592;0.264697950253339;16.6;72.7;23.0609808788854
119;12;-4.66261070971445;0.293877553790452;17.7;67.2;23.0601598175168
119;13;-4.70344441431869;0.311225753553158;18.8;64.4;23.0593415016668
119;14;-4.73643709120406;0.320876031616138;19.9;59.1;23.0585259221687
119;15;-4.83745736099894;0.340627856143619;20.2;60.8;23.0577130698864
119;16;-4.87631736628133;0.355985400002441;20;64.6;23.0569029357141
119;17;-4.80666564422285;0.357266722046959;19.8;66.9;23.0560955105763
119;18;-4.73690568973072;0.351558559620864;19.4;66.2;23.0552907854278
119;19;-4.59697361424158;0.306191437213119;18.4;66.9;23.0544887512536
119;20;-4.58194634304925;0.270208694200812;16.9;75.6;23.0536893990685
119;21;-4.57976462118799;0.250026401799163;15.4;82.8;23.0528927199172
119;22;-4.40858803290069;0.236105902702825;13.5;91.5;23.0520987048745
119;23;-4.40858792436754;0.22510412758603;12.1;95.2;23.0513073450446
119;24;-4.40858783034817;0.21593331237966;11.2;96.8;23.0505186315615
120;1;-4.40858774789074;0.208325469657459;10.4;97.5;23.0497325555886
120;2;-4.40858767533419;0.202881857610545;10.1;98.4;23.0489491083189
120;3;-4.40858760448881;0.199819305880542;11;99.1;23.0481682809745
120;4;-4.40858752652135;0.195851785826512;9.9;98.7;23.0473900648068
120;5;-4.40858745931302;0.192195911502781;9;98.8;23.0466144510965
120;6;-4.40858740143639;0.189083682608775;8.2;99.1;23.045841431153
120;7;-4.40858735134103;0.186733333656213;8;99.4;23.045070996315
120;8;-4.57558036628746;0.204321208710033;9.7;99.7;23.0443031379498
120;9;-4.58412700867899;0.236414326546016;12.6;96.8;23.0435378474535
120;10;-4.59395052276113;0.263197729226228;15.8;88.1;23.0427751162508
120;11;-4.61747664002027;0.289205509289068;18.5;77.5;23.0420149357951
120;12;-4.73151527970992;0.316210338636913;20;71.7;23.0412572975682
120;13;-4.82043557158907;0.338076148795626;20.9;68.6;23.0405021930802
120;14;-4.89815640801682;0.354542235414851;22.1;65.5;23.0397496138694
120;15;-4.92462224702346;0.364399059717866;23.2;64.4;23.0389995515026
120;16;-4.90928285047188;0.368518198944788;23.8;61.6;23.0382519975744
120;17;-4.85941965616402;0.367924407729101;23.6;61.5;23.0375069437074
120;18;-4.77870698316464;0.361932475555484;22.7;62.1;23.0367643815522
120;19;-4.6029326022615;0.321085532126962;21.4;68.9;23.0360243027872
120;20;-4.58858896294835;0.28629066690198;20;74;23.0352866991185
120;21;-4.58552202512101;0.26663766250121;18.3;84.1;23.0345515622798
120;22;-4.41923681728578;0.252699857822182;16.6;91.5;23.0338188840324
120;23;-4.41923667697968;0.240821675106279;15.3;94.6;23.0330886561648
120;24;-4.41923655282109;0.230799874144124;14.3;95.9;23.0323608704933
121;1;-4.41923643969691;0.222597170665611;13.9;97.2;23.031635518861
121;2;-4.41923633223446;0.217134077644291;14.6;97.2;23.0309125931384
121;3;-4.41923621930475;0.2060159784086;14;95.3;23.0301920852232
121;4;-4.41923611445817;0.200553700043364;13.8;95.2;23.0294739870397
121;5;-4.41923601170457;0.195683460353667;12.9;96.1;23.0287582905394
121;6;-4.41923591914133;0.191808799890744;12.3;97;23.0280449877007
121;7;-4.4192358337221;0.189277898155704;12.3;97.4;23.0273340705283
121;8;-4.57918020306507;0.19517624179048;12.9;96.5;23.026625531054
121;9;-4.58748771022035;0.222394858738119;14.9;92;23.0259193613359
121;10;-4.5971036390948;0.24600072845212;17.9;79.8;23.0252155534586
121;11;-4.64146110807547;0.278521348653375;19.7;70.2;23.0245140995331
121;12;-4.75831554680171;0.305324944149623;21.2;60.3;23.0238149916965
121;13;-4.80016489692131;0.32382305154937;22;59.5;23.0231182221124
121;14;-4.88508253883718;0.346624945185919;22;62.5;23.0224237829703
121;15;-4.89858873563932;0.356852951795218;22.4;61.7;23.0217316664857
121;16;-4.86209623804984;0.362035617765777;21.7;66.6;23.0210418649003
121;17;-4.80542086399825;0.361561343820681;21.6;67.1;23.0203543704812
121;18;-4.71753930003131;0.355918317606455;21.4;70.1;23.0196691755218
121;19;-4.60545536985523;0.310451739869994;20.3;72.6;23.0189862723407
121;20;-4.59173863256877;0.269672987462513;19;78.3;23.0183056532824
121;21;-4.59059910514417;0.255604856658665;18;83.6;23.0176273107168
121;22;-4.43234438460706;0.245032142305431;17.5;87.7;23.0169512370391
121;23;-4.43234424319694;0.234553144128909;16;92.4;23.0162774246701
121;24;-4.43234411491743;0.226438782984715;15.8;96.1;23.0156058660557
122;1;-4.43234398960653;0.219840924324454;15.9;96.3;23.014936553667
122;2;-4.43234386505102;0.212989783692474;15.2;96.2;23.0142694800001
122;3;-4.43234374832114;0.206802561061195;14.6;97;23.0136046375763
122;4;-4.43234363925658;0.202376237988187;14.6;98.1;23.0129420189416
122;5;-4.43234353208986;0.198487852773405;14.2;98.1;23.012281616667
122;6;-4.43234342932483;0.195190793147804;13.7;98.3;23.0116234233482
122;7;-4.43234333084902;0.192068160540449;13.2;98.4;23.0109674316056
122;8;-4.58936569439939;0.202682006686286;13.9;98.9;23.0103136340842
122;9;-4.5987985253749;0.23532753432423;17.8;94.5;23.0096620234534
122;10;-4.61670579099038;0.269879501197389;21.1;76.3;23.0090125924071
122;11;-4.70847706894593;0.295420964179574;22.4;65.3;23.0083653336637
122;12;-4.79606777363093;0.317844301533301;23.4;60.1;23.0077202399656
122;13;-4.85451002902231;0.338748991631665;23.5;61.5;23.0070773040797
122;14;-4.92291520066211;0.355260529353112;24.4;60.4;23.0064365187966
122;15;-4.90924687848318;0.362891224090695;24.4;62.3;23.0057978769313
122;16;-4.87493201907945;0.368061866068897;24.1;66.7;23.0051613713225
122;17;-4.80681323312539;0.36765263899983;23.3;69.9;23.004526994833
122;18;-4.72518663904959;0.361463469081961;22.5;73;23.0038947403492
122;19;-4.60667585957151;0.319131209770649;21.6;75.6;23.0032646007813
122;20;-4.59405213583667;0.284120203664878;20.7;79.8;23.0026365690631
122;21;-4.59186719489237;0.266005786193584;19.7;84.3;23.0020106381519
122;22;-4.43234066808773;0.25488847814198;19.5;86.7;23.0013868010287
122;23;-4.43234050915272;0.245842162457457;19.1;88.6;23.0007650506975
122;24;-4.43234035421641;0.235900188580618;17.7;91.9;23.0001453801861
123;1;-4.43234021108363;0.225903833111601;16.2;95.1;22.9995277825451
123;2;-4.43234008304685;0.217411575638878;15.3;97;22.9989122508485
123;3;-4.4323399659293;0.209831066269579;14.1;96.6;22.9982987781934
123;4;-4.43233986039644;0.203882464574459;13.6;97.9;22.9976873576999
123;5;-4.43233976158853;0.198684520823859;12.9;98.3;22.9970779825109
123;6;-4.43233967102054;0.194356678564964;12.3;98.6;22.9964706457923
123;7;-4.43233958755845;0.191423150335121;12.1;99.1;22.9958653407328
123;8;-4.58943363331197;0.203635314128279;13.7;99.3;22.9952620605436
123;9;-4.59836953833581;0.235850012138806;17.7;88.6;22.9946607984589
123;10;-4.61719488460838;0.269291558918634;20.8;73.7;22.994061547735
123;11;-4.6981437121665;0.296931587248543;22.6;69.2;22.9934643016511
123;12;-4.79451292737151;0.319688861367242;23.7;61.6;22.9928690535086
123;13;-4.85998909261978;0.339976623547675;24.3;59.6;22.9922757966312
123;14;-4.91402992293138;0.355035918851456;24.9;57.4;22.991684524365
123;15;-4.82603175270322;0.353197241597642;24.5;60.9;22.9910952300781
123;16;-4.87261071023226;0.365744619067927;24;64.3;22.990507907161
123;17;-4.85272044644938;0.368024920008917;24.4;63.6;22.9899225490259
123;18;-4.76914313420395;0.361175148896784;23.3;66.6;22.9893391491072
123;19;-4.62002420181729;0.311540065417711;22.2;74.9;22.988757700861
123;20;-4.6109660373845;0.278321980007508;21.2;81.7;22.9881781977655
123;21;-4.60946493019063;0.262694902771413;20.1;85.2;22.9876006333205
123;22;-4.46825150196195;0.250648671730037;19;85.1;22.9870250010473
123;23;-4.4682513631715;0.240412820886314;17.8;89.8;22.9864512944891
123;24;-4.46825123263054;0.23257488111892;17.5;92;22.9858795072104
124;1;-4.46825110402325;0.224991491095547;17.4;94.5;22.9853096327973
124;2;-4.46825098093476;0.219174106643137;17.4;94.6;22.9847416648573
124;3;-4.46825085854793;0.213904245087526;17.2;94.9;22.9841755970191
124;4;-4.46825073887523;0.209717747917608;17.4;93.8;22.9836114229328
124;5;-4.46825062021041;0.205824479033953;17.1;93.5;22.9830491362694
124;6;-4.46825050465101;0.202816177346257;16.8;95;22.9824887307213
124;7;-4.46825039057236;0.200375578141725;16.7;94.9;22.9819302000019
124;8;-4.60674759928715;0.200929570809754;17;95.3;22.9813735378454
124;9;-4.61320526667896;0.222810848622732;18.2;90.8;22.9808187380071
124;10;-4.62474009231277;0.25242197040584;20.3;80.1;22.9802657942628
124;11;-4.65081663009637;0.27650589198941;22.6;67.9;22.9797147004095
124;12;-4.76594061667781;0.308369686395855;23.3;62.9;22.9791654502646
124;13;-4.78888738773698;0.326297989679692;24;63;22.9786180376661
124;14;-4.66281085528974;0.321514356250126;21.5;76.2;22.9780724564728
124;15;-4.61959108047909;0.292283138042418;19;89.1;22.9775287005637
124;16;-4.68394939713008;0.33633517080958;19.7;86.3;22.9769867638384
124;17;-4.62073854134656;0.294549032227805;19.8;81.3;22.9764466402167
124;18;-4.60994385121753;0.257133645879056;18.2;87.9;22.9759083236388
124;19;-4.60783778154048;0.236367519758197;18;88.4;22.9753718080652
124;20;-4.60595844535212;0.216757456912061;17.7;88.8;22.9748370874762
124;21;-4.60621284555761;0.215800424997733;17.2;90.3;22.9743041558726
124;22;-4.46824822308047;0.211535136924439;16.9;91.5;22.9737730072749
124;23;-4.46824810845121;0.207850477398153;16.9;94.3;22.9732436357238
124;24;-4.46824799391582;0.203888530342846;16.4;94;22.9727160352795
125;1;-4.46824788400827;0.200350866077339;15.9;96.9;22.9721902000225
125;2;-4.46824777868513;0.197739142079911;15.6;96.8;22.9716661240526
125;3;-4.46824767549044;0.194943105441858;15.1;97.1;22.9711438014897
125;4;-4.46824757752321;0.192947589874552;14.9;96.6;22.9706232264729
125;5;-4.46824748155828;0.19134838747523;14.7;96.6;22.9701043931611
125;6;-4.46824738744534;0.190316221096635;14.7;97.2;22.9695872957327
125;7;-4.46824729351468;0.189884686704752;14.8;96.8;22.9690719283854
125;8;-4.60649535275799;0.193240072533737;15.2;95.3;22.9685582853363
125;9;-4.61223559435045;0.216074743176986;16.9;90.4;22.9680463608218
125;10;-4.62248274769273;0.250999545674051;18;86.1;22.9675361490976
125;11;-4.62952961848899;0.274969790353126;19.3;81.1;22.9670276444385
125;12;-4.64505972577677;0.292591659970101;20.7;75.6;22.9665208411384
125;13;-4.78454558506547;0.328166262417818;21.4;72.3;22.9660157335101
125;14;-4.77391410735262;0.343884683736469;21.6;77.8;22.9655123158857
125;15;-4.84538219982762;0.360357922770812;21.8;75.9;22.9650105826159
125;16;-4.85942475468063;0.367011839421666;22.2;72.9;22.9645105280704
125;17;-4.80301120298916;0.363031522684279;22.2;68.4;22.9640121466377
125;18;-4.66623083579565;0.344790585854742;20.8;72.3;22.9635154327249
125;19;-4.61696548109256;0.298764631045462;20.1;77.4;22.963020380758
125;20;-4.60982088131133;0.265711759077052;19.4;80.9;22.9625269851812
125;21;-4.60882285337853;0.253377291460595;18.5;83.7;22.9620352404577
125;22;-4.46824503748008;0.243268665130781;17.9;88.3;22.9615451410687
125;23;-4.46824490888527;0.236341598281428;18.5;91.5;22.9610566815144
125;24;-4.46824477700482;0.229723233809619;18.6;93;22.9605698563127
126;1;-4.46824464604281;0.223680550592611;18.6;93;22.9600846600003
126;2;-4.46824451663736;0.21822301406849;18.5;93.3;22.9596010871319
126;3;-4.46824438925904;0.213593772636962;18.4;93.7;22.9591191322803
126;4;-4.46824426376256;0.209379982229918;18.1;94.4;22.9586387900367
126;5;-4.46824414130788;0.205826601258041;17.8;95.7;22.9581600550101
126;6;-4.46824402184352;0.202811102771816;17.6;95.5;22.9576829218275
126;7;-4.46824390525774;0.199465763561765;16.6;97;22.957207385134
126;8;-4.60930206008354;0.208206410481992;17.9;96.3;22.9567334395924
126;9;-4.61796706145238;0.241534064912853;19.5;91.6;22.9562610798833
126;10;-4.63097755634051;0.274625041319818;21.8;82.3;22.9557903007052
126;11;-4.67642752950299;0.300390536041135;22.5;78.2;22.9553210967742
126;12;-4.75275221352902;0.322637683451887;23.2;73.6;22.9548534628241
126;13;-4.84459717032581;0.34637102072165;23.7;70.6;22.9543873936062
126;14;-4.88476933060021;0.35949232007837;24.3;67;22.9539228838893
126;15;-4.90989688492886;0.368184561945658;24.5;65.2;22.9534599284597
126;16;-4.87478216997662;0.370266235386842;24.4;65.8;22.9529985221211
126;17;-4.73906523235605;0.359621583206272;23.3;71.2;22.9525386596946
126;18;-4.69052782590292;0.353712027141189;23.2;73.7;22.9520803360184
126;19;-4.62229961680607;0.316253452781846;22.7;76.6;22.9516235459482
126;20;-4.6103761456442;0.279310243902172;21.3;82.9;22.9511682843567
126;21;-4.60912821236587;0.26388600365501;20;88.7;22.9507145461337
126;22;-4.46824142813371;0.252015724173594;19.2;91.4;22.950262326186
126;23;-4.46824128971219;0.243921687501996;19.3;91.3;22.9498116194377
126;24;-4.46824115134316;0.236873069569148;19.4;90.5;22.9493624208294
127;1;-4.46824101413226;0.228476115193458;18.3;94;22.948914725319
127;2;-4.46824088558288;0.220388362935449;17.3;96.3;22.948468527881
127;3;-4.46824076616159;0.213249336385784;16.5;97.2;22.9480238235067
127;4;-4.46824065519226;0.206984475503958;15.5;97.6;22.9475806072041
127;5;-4.46824055256476;0.201385301628944;14.6;98.1;22.947138873998
127;6;-4.46824045906302;0.197272466055533;14.3;98.3;22.9466986189297
127;7;-4.46824037040646;0.194635018813013;14;97;22.946259837057
127;8;-4.60616610440135;0.199129446736384;14.8;93.8;22.9458225234543
127;9;-4.61223243355174;0.219024152737244;16.6;87.3;22.9453866732124
127;10;-4.63497847120557;0.266102045027624;19.5;73.2;22.9449522814385
127;11;-4.70117253452188;0.2967613067718;20.6;68.3;22.9445193432561
127;12;-4.69776971608115;0.307859154049138;20.6;67;22.944087853805
127;13;-4.71943009330538;0.318346042550549;21.2;65.1;22.9436578082413
127;14;-4.75043869589717;0.330613549114127;21;64.6;22.9432292017371
127;15;-4.78178018033416;0.341597505571734;21.1;63.3;22.9428020294808
127;16;-4.77101362022468;0.343060394460091;21.2;61.2;22.9423762866767
127;17;-4.72467544593788;0.338755296992231;20.7;63.4;22.9419519685453
127;18;-4.65449845419462;0.327796399095462;19.7;68.6;22.9415290703228
127;19;-4.61518974400811;0.2792070284308;18.5;74.7;22.9411075872615
127;20;-4.60820385921142;0.24456377903573;17.2;81.4;22.9406875146295
127;21;-4.60781900645411;0.235369380056716;16.3;86.9;22.9402688477107
127;22;-4.46823822938315;0.226255837552303;15.3;95.3;22.9398515818047
127;23;-4.46823812405143;0.218594597176891;15;96.3;22.9394357122269
127;24;-4.46823802362083;0.212025924130101;14.7;96.3;22.9390212343082
128;1;-4.4682379277705;0.20690604976794;14.6;94.2;22.9386081433952
128;2;-4.46823783372617;0.202614297339057;14.4;94.7;22.93819643485
128;3;-4.46823774211881;0.198972510694035;14.1;95.6;22.9377861040502
128;4;-4.46823765365258;0.196497862016102;14.2;95.8;22.9373771463887
128;5;-4.46823756484868;0.19434666633606;14.1;96.4;22.936969557274
128;6;-4.46823748433489;0.19248596545051;14;95.4;22.9365633321298
128;7;-4.46823740483478;0.191350271743067;14.2;94.7;22.9361584663951
128;8;-4.5991037573877;0.191477224764221;14.4;92.6;22.9357549555242
128;9;-4.60500499168612;0.213306080612192;15;88.3;22.9353527949863
128;10;-4.61276282380553;0.240461534631565;16.1;81.6;22.9349519802662
128;11;-4.62396848536313;0.273910709632325;17.5;76.1;22.9345525068633
128;12;-4.61848958320067;0.272059161118221;17.4;74;22.9341543702924
128;13;-4.64961087087634;0.296421954128224;17.7;66.6;22.933757566083
128;14;-4.71944130673245;0.317941668209996;18.4;60.7;22.9333620897797
128;15;-4.7831474248663;0.337918138020363;18.4;58.8;22.932967936942
128;16;-4.73091592309638;0.332604027448804;18.6;56;22.932575103144
128;17;-4.76753978254244;0.343473226614385;18.3;58.8;22.9321835839748
128;18;-4.64345378882762;0.319976331866157;17.8;60.5;22.9317933750382
128;19;-4.61235313525419;0.273643995668552;16.7;61.5;22.9314044719525
128;20;-4.60574509655969;0.241246061030606;15.9;65.1;22.9310168703509
128;21;-4.60407937579962;0.228737471176218;15;70.3;22.930630565881
128;22;-4.46823570071566;0.220020203395504;15.1;71.2;22.9302455542051
128;23;-4.46823561099161;0.212217856243004;14.3;78.1;22.9298618309996
128;24;-4.46823552710975;0.204065694551479;12.8;82.8;22.9294793919559
129;1;-4.46823545712883;0.197373638894222;11.5;88.1;22.9290982327793
129;2;-4.46823539758264;0.193167622447867;11.1;91.1;22.9287183491898
129;3;-4.46823533995146;0.191357618335608;11.8;88.5;22.9283397369213
129;4;-4.46823527690274;0.190061628000548;12.3;85;22.9279623917224
129;5;-4.46823521113049;0.188767834253129;12.3;85;22.9275863093556
129;6;-4.46823514479935;0.187137883396593;12;84.6;22.9272114855976
129;7;-4.46823508085476;0.185739171320044;11.8;84.1;22.9268379162393
129;8;-4.60152568141233;0.190979621966585;11.9;82.8;22.9264655970855
129;9;-4.6078557235067;0.216783845766063;13.1;81.2;22.9260945239551
129;10;-4.61350122167201;0.243595090465785;15.1;81.5;22.9257246926811
129;11;-4.62145741193736;0.271042328034494;16.9;77;22.9253560991101
129;12;-4.62517117432051;0.282874976180334;18.8;70.1;22.9249887391029
129;13;-4.63411627586158;0.291301636643228;19.3;65;22.9246226085339
129;14;-4.75273695966107;0.320289388547934;20.6;57.7;22.9242577032913
129;15;-4.7034318493376;0.318031416516884;20.8;58.1;22.9238940192772
129;16;-4.7778559018387;0.338468696095209;20.8;60.9;22.9235315524073
129;17;-4.71717004473543;0.335670344158118;20.1;64;22.9231702986107
129;18;-4.63066851523041;0.326092879570185;18.4;74.1;22.9228102538305
129;19;-4.60645582125426;0.269327518265686;17.6;78.6;22.9224514140232
129;20;-4.60208105119775;0.238631613712607;16.9;83.1;22.9220937751586
129;21;-4.60177887407564;0.228478852312719;16.1;86.7;22.9217373332202
129;22;-4.46823334102705;0.220154808820859;15.8;88.3;22.9213820842049
129;23;-4.46823324446486;0.213207600616043;15.6;90.2;22.9210280241228
129;24;-4.46823315139348;0.207622779155403;15.2;91.9;22.9206751489975
130;1;-4.46823306081621;0.202471416399132;14.5;94.9;22.9203234548659
130;2;-4.46823297614987;0.198982120235951;14.5;95;22.9199729377779
130;3;-4.46823289283212;0.195590556130204;13.7;96.5;22.9196235937969
130;4;-4.46823281437843;0.192409701094138;13.1;97.2;22.9192754189993
130;5;-4.46823274144109;0.188725041105525;11.8;97.1;22.9189284094744
130;6;-4.46823267832637;0.186371992411079;11.5;98.1;22.918582561325
130;7;-4.46823261837212;0.186708220078439;12.7;99.3;22.9182378706667
130;8;-4.59986382855787;0.191845190233433;13.1;99.7;22.9178943336279
130;9;-4.60628439515402;0.218092414886115;14.5;99.6;22.9175519463502
130;10;-4.61338538013401;0.25070501693251;16.1;94.5;22.9172107049879
130;11;-4.63682259380717;0.291512464424306;19;80.1;22.9168706057084
130;12;-4.71568768503951;0.316760641364892;21.5;70.4;22.9165316446916
130;13;-4.80311983527592;0.341154157404114;22.1;67.6;22.9161938181304
130;14;-4.84416311506393;0.357950537970072;22.3;68;22.9158571222301
130;15;-4.81930857787535;0.36384644229543;22.1;70.4;22.9155215532092
130;16;-4.86202403132976;0.370446641149271;22.7;65.3;22.9151871072983
130;17;-4.81812557898126;0.36932495023015;22.3;65.6;22.9148537807408
130;18;-4.675338679956;0.3476302960892;20.8;68.9;22.9145215697929
130;19;-4.62632332147625;0.308573197564533;20.5;68.4;22.9141904707228
130;20;-4.61578181835011;0.272931280099122;19;76.4;22.9138604798116
130;21;-4.61438102596986;0.25846386606625;18;83.2;22.9135315933526
130;22;-4.48479915869857;0.248163098047058;17.8;84;22.9132038076516
130;23;-4.48479904682565;0.23947003892754;17.8;81.5;22.9128771190267
130;24;-4.48479893738961;0.230812489275147;17.2;82.9;22.9125515238082
131;1;-4.48479883366777;0.222607693339305;16.5;86.5;22.9122270183388
131;2;-4.48479873633722;0.214545832222288;15.1;93.5;22.9119035989733
131;3;-4.48479864819013;0.207591263946315;14.4;95.9;22.9115812620789
131;4;-4.48479856764618;0.203837404352099;15;93.7;22.9112600040346
131;5;-4.4847984835572;0.200592146746299;14.9;93.2;22.9109398212318
131;6;-4.48479840000335;0.197019773799935;14.3;93.7;22.9106207100738
131;7;-4.48479832124414;0.193275707504914;13.5;88.7;22.910302666976
131;8;-4.61236909535397;0.198267476513164;13.9;85.3;22.9099856883657
131;9;-4.61673080159348;0.21276224968257;14.4;81.4;22.9096697706821
131;10;-4.61838599349035;0.223448576107799;14.7;80.9;22.9093549103764
131;11;-4.62755605639859;0.252284272509429;15.9;74.7;22.9090411039117
131;12;-4.62229687980564;0.247616037121821;15.1;75.7;22.9087283477627
131;13;-4.62213041222293;0.250763707200781;14.7;78.6;22.9084166384161
131;14;-4.62912679943949;0.265072097214992;15.9;68.8;22.9081059723703
131;15;-4.6423395580785;0.282699662596343;16.7;58;22.9077963461352
131;16;-4.73984501571659;0.31567875703081;17.6;53.1;22.9074877562327
131;17;-4.76669670574663;0.334469799210177;18;53.7;22.907180199196
131;18;-4.64860048354455;0.309952714918337;17;56.5;22.90687367157
131;19;-4.62115971009533;0.25734284616171;15.9;58;22.9065681699113
131;20;-4.61616682239541;0.22285259171858;15.1;62.6;22.9062636907878
131;21;-4.61487378726468;0.21283455783399;13.9;66.6;22.9059602307789
131;22;-4.49103318440924;0.202909854438538;12.3;70;22.9056577864755
131;23;-4.49103312542296;0.195397270714468;11;77;22.9053563544799
131;24;-4.49103307403013;0.190504312052932;10.7;80;22.9050559314056
132;1;-4.4910330257145;0.188456354569421;11.3;77.3;22.9047565138777
132;2;-4.49103297309232;0.187511589724864;11.9;74.5;22.9044580985323
132;3;-4.49103291669282;0.186646892375764;11.9;75.3;22.9041606820168
132;4;-4.49103285904163;0.185895147784513;12;77;22.9038642609899
132;5;-4.49103280084098;0.185056990577099;11.9;80.1;22.9035688321214
132;6;-4.49103274333517;0.184304662031035;11.7;83;22.9032743920923
132;7;-4.49103268659367;0.183669131204735;11.7;84;22.9029809375945
132;8;-4.61104894623389;0.183012257541279;11.9;83.9;22.9026884653313
132;9;-4.61568060451081;0.20173413201562;12.7;82.1;22.9023969720166
132;10;-4.62098342962466;0.225984499463034;13.7;78.3;22.9021064543756
132;11;-4.62891138989543;0.258144857561958;15;73.2;22.9018169091443
132;12;-4.6360832109304;0.285459443606739;15.9;69.3;22.9015283330696
132;13;-4.6899425026248;0.31351179538877;16.6;67.1;22.9012407229093
132;14;-4.71958300629648;0.326273316913118;17.7;60.3;22.9009540754321
132;15;-4.67110942279776;0.318214828757511;17.6;60.8;22.9006683874175
132;16;-4.70193640360382;0.327365931932568;17.8;60.3;22.9003836556555
132;17;-4.68013878471674;0.328413603556185;17.5;64.4;22.9000998769472
132;18;-4.65274641275124;0.322187636234311;17;65.3;22.8998170481042
132;19;-4.62136762155036;0.26891281532217;16.4;65.6;22.8995351659487
132;20;-4.61749666672086;0.237500493167977;15.4;66;22.8992542273136
132;21;-4.61609201558484;0.224849859932726;14.4;71.8;22.8989742290425
132;22;-4.49804431803516;0.215171512278566;13.5;77.1;22.8986951679893
132;23;-4.49804424833323;0.208450303192924;13.6;80.2;22.8984170410186
132;24;-4.49804417896331;0.203120455394781;13.5;81.8;22.8981398450054
133;1;-4.49804411102007;0.197836857600258;12.5;85.6;22.8978635768352
133;2;-4.49804404964704;0.193524576848048;11.6;91.4;22.8975882334039
133;3;-4.49804399332811;0.189705016007002;11;93.4;22.8973138116176
133;4;-4.49804394312998;0.186588702914538;10.2;95.2;22.8970403083931
133;5;-4.49804389755208;0.184494456414107;10;95.6;22.8967677206571
133;6;-4.49804385330963;0.182894710922583;9.8;96.6;22.8964960453469
133;7;-4.49804381046635;0.182442926777291;10.3;96.4;22.8962252794098
133;8;-4.60979055090486;0.183513418017822;10.9;95.3;22.8959554198035
133;9;-4.61778327150299;0.214090609216178;13.2;87;22.8956864634957
133;10;-4.63015279810406;0.257447759120732;15.7;76.1;22.8954184074643
133;11;-4.6363313063724;0.282542659587678;16.9;68.1;22.8951512486974
133;12;-4.65029800975654;0.293777060181543;17.7;63.4;22.8948849841929
133;13;-4.76568946873475;0.325647011434833;19.1;58.1;22.8946196109591
133;14;-4.79792271356552;0.34638737415926;19.3;62.9;22.894355126014
133;15;-4.78687876380064;0.353095285576682;19.6;63.1;22.8940915263858
133;16;-4.82137192960416;0.361600320990729;19.6;60.1;22.8938288091123
133;17;-4.76981139514499;0.358093885078066;19.4;60.7;22.8935669712415
133;18;-4.71888686761701;0.350943248496704;18.9;62.3;22.8933060098312
133;19;-4.62599794720327;0.302545554740332;17.9;67.1;22.8930459219491
133;20;-4.6163973345885;0.261326950390185;16.8;71.9;22.8927867046724
133;21;-4.61547644885594;0.248840991878851;16.3;75;22.8925283550884
133;22;-4.49804225492405;0.238445440702905;15.7;79.4;22.892270870294
133;23;-4.49804216788435;0.229528799510799;15.5;80.6;22.8920142473959
133;24;-4.49804208364487;0.221480969988645;15.1;84.2;22.8917584835102
134;1;-4.49804200270571;0.213513297902371;14.2;87.4;22.891503575763
134;2;-4.49804192899094;0.207643820626354;14;88.9;22.8912495212898
134;3;-4.49804185614973;0.200683288151723;12.2;92.4;22.8909963172357
134;4;-4.49804179538497;0.195612547719109;11.4;96.1;22.8907439607553
134;5;-4.49804173979136;0.192838843013905;12;95;22.8904924490128
134;6;-4.4980416826295;0.189989673671688;11.6;95.9;22.8902417791819
134;7;-4.49804162894323;0.186780463610742;10.4;96.2;22.8899919484456
134;8;-4.60979160570199;0.186107709008071;11.1;96.7;22.8897429539965
134;9;-4.6189083012129;0.218433942530206;14.7;84.3;22.8894947930364
134;10;-4.62523400262364;0.243739327767015;16.2;76.4;22.8892474627766
134;11;-4.62787136940066;0.260704655138007;16.9;74.5;22.8890009604377
134;12;-4.65867901886582;0.294452749103806;17.9;70.2;22.8887552832495
134;13;-4.70790256074414;0.315322617144459;19.5;63.2;22.8885104284511
134;14;-4.63380276352138;0.312532036500785;17.6;77.9;22.8882663932909
134;15;-4.6845450543011;0.326822227680598;17.7;67.6;22.8880231750265
134;16;-4.68852867307301;0.32727931806182;17.7;62.5;22.8877807709245
134;17;-4.77965766275418;0.346247532344946;18.3;54.8;22.8875391782608
134;18;-4.68876492381758;0.328957861035991;18;54.7;22.8872983943204
134;19;-4.62088224013926;0.270970142470908;16.5;63.6;22.8870584163973
134;20;-4.61753223009875;0.243470054004244;15.5;67.9;22.8868192417946
134;21;-4.49804026742497;0.230165722653234;15.2;67.7;22.8865808678244
134;22;-4.4980401855077;0.220375720740503;14.7;68.2;22.8863432918077
134;23;-4.49804010849919;0.211668796890675;13.6;71.8;22.8861065110746
134;24;-4.49804003940579;0.205481966561805;13.5;72.2;22.8858705229642
135;1;-4.49803997185517;0.200515786866015;13.2;74.6;22.8856353248241
135;2;-4.49803990694906;0.196742082232507;13;76.6;22.8854009140112
135;3;-4.49803984384961;0.193645388670355;12.6;80.1;22.885167287891
135;4;-4.49803978309115;0.19135678739138;12.5;79;22.8849344438379
135;5;-4.49803972326377;0.189683485856204;12.5;78.4;22.884702379235
135;6;-4.49803966363563;0.187823597315103;12.2;79.3;22.8844710914743
135;7;-4.49803960674844;0.18610706306585;11.8;81.2;22.8842405779563
135;8;-4.61271974612058;0.180631692234542;12.1;80.7;22.8840108360904
135;9;-4.61657363145074;0.198038845365258;13;80.3;22.8837818632946
135;10;-4.62400331387015;0.228983316970611;14.7;75;22.8835536569953
135;11;-4.63324985432556;0.264360175070159;16.3;67.9;22.8833262146279
135;12;-4.68148176595326;0.290668300413004;18;54.6;22.8830995336361
135;13;-5.14446457331138;0.302098576379562;18.5;55.5;22.8828736114723
135;14;-5.04826527595966;0.303694144211407;19;55.2;22.8826484455972
135;15;-5.19121055570678;0.318967475455814;19.3;55.5;22.8824240334803
135;16;-5.03812262024853;0.313804179074372;19.3;56.7;22.8822003725993
135;17;-5.14116338120379;0.32461868450579;19;58;22.8819774604404
135;18;-4.9268675445023;0.309644995768486;18.5;60.1;22.8817552944983
135;19;-4.76184589837944;0.267620599781983;17.6;64.5;22.881533872276
135;20;-4.68758523737305;0.230771261602996;16.4;70.7;22.8813131912848
135;21;-4.68682244727426;0.215111876657868;13.7;81.4;22.8810932490444
135;22;-4.54984879781959;0.204003869206922;11.6;88.4;22.8808740430828
135;23;-4.55104759399418;0.196699793270493;10.3;92.7;22.8806555709362
135;24;-4.55226852156816;0.191242225130304;10;95;22.8804378301491
136;1;-4.5522684804185;0.18734140484316;9.4;96;22.8802208182742
136;2;-4.55414237935629;0.184412145244762;8.9;96.5;22.8800045328723
136;3;-4.55477855114592;0.176860424883326;7.9;96.7;22.8797889715125
136;4;-4.55672264105811;0.173171940204067;7.3;97.7;22.8795741317718
136;5;-4.5577150223724;0.170892429166876;6.8;98.2;22.8793600112357
136;6;-4.55804886912816;0.169969802362253;6.5;98.6;22.8791466074973
136;7;-4.55872122891808;0.16935371979182;6.4;98.9;22.8789339181581
136;8;-4.6685532229454;0.178886313604853;7.2;99.4;22.8787219408274
136;9;-4.71167366842194;0.210714248918121;9.9;98.1;22.8785106731227
136;10;-4.77827882611248;0.241949894547747;13.3;88.1;22.8783001126692
136;11;-4.9679623383361;0.280394894482128;17.1;74.9;22.8780902571003
136;12;-4.99011621742953;0.292858126482133;19.3;63.9;22.8778811040572
136;13;-5.08709338015256;0.30831450970759;20.6;61.5;22.8776726511889
136;14;-5.03418113042496;0.313252910011424;20.9;61;22.8774648961525
136;15;-5.04298363847095;0.319339504461015;20.7;61.5;22.8772578366127
136;16;-5.00770405513911;0.319510669369686;20.1;65.9;22.8770514702422
136;17;-4.91750685907278;0.311580159143503;19.5;68;22.8768457947212
136;18;-4.92485167732558;0.307831457876078;19;69;22.8766408077379
136;19;-4.73852241876505;0.25851991335219;18.1;72.6;22.8764365069882
136;20;-4.68851415266843;0.220103593849908;17.2;78.8;22.8762328901757
136;21;-4.68821672187085;0.211821054999754;15.1;87.7;22.8760299550116
136;22;-4.55477711362798;0.201986344233333;12.9;92.2;22.8758276992148
136;23;-4.55541913476469;0.194183268986625;11.6;94.8;22.8756261205119
136;24;-4.55574234654451;0.189280370894935;11.8;96;22.8754252166369
137;1;-4.55541903392481;0.186249275089448;11.9;95.4;22.8752249853317
137;2;-4.55572429263096;0.183673549203429;11.5;96;22.8750254243453
137;3;-4.55273340756861;0.18002544201217;10.1;96.5;22.8748265314348
137;4;-4.5527333685575;0.177045710936082;9.4;97.3;22.8746283043642
137;5;-4.55302627740429;0.175758436784539;9.8;98.5;22.8744307409055
137;6;-4.55302624259421;0.174519353166116;9.2;98.5;22.8742338388378
137;7;-4.55421151151562;0.172544932486334;8.2;98.4;22.8740375959477
137;8;-4.65601796190123;0.178144673850201;7.9;98.7;22.8738420100294
137;9;-4.69912138914574;0.208522534953666;11;98.7;22.8736470788841
137;10;-4.77942285668914;0.244054638862894;14.7;89.2;22.8734528003208
137;11;-4.88899996082454;0.27694246300934;17.1;78.7;22.8732591721555
137;12;-5.02211774443668;0.29224351101815;20;63.6;22.8730661922116
137;13;-5.08657408296726;0.306364732596641;21.2;61.2;22.8728738583198
137;14;-5.09857648348997;0.311963600944505;21.3;57.4;22.872682168318
137;15;-4.99009736154275;0.308375478359851;20.1;65.8;22.8724911200514
137;16;-5.20061084924333;0.319522401953654;21.1;60.1;22.8723007113724
137;17;-4.97670940448015;0.303596861251499;20.7;62.7;22.8721109401405
137;18;-5.11351741448438;0.314079509216732;20.5;67.6;22.8719218042225
137;19;-4.76303134888474;0.267137444389179;19.8;71.8;22.8717333014922
137;20;-4.67129221014348;0.225222110997236;18.2;78.4;22.8715454298306
137;21;-4.67110399255065;0.211718981547686;14.8;88;22.8713581871256
137;22;-4.56014833067459;0.200517357782703;12.4;92.6;22.8711715712725
137;23;-4.56014827656616;0.192660624308063;11.1;95.3;22.8709855801734
137;24;-4.55949833316422;0.187515482342044;10.9;97.4;22.8708002117373
138;1;-4.55949828949837;0.183763498373703;10.6;97.8;22.8706154638806
138;2;-4.55949824849356;0.17955662178538;9.2;97.5;22.8704313345263
138;3;-4.56014811290141;0.1766409546777;8.6;98;22.8702478216045
138;4;-4.56047529816017;0.174873816227287;8.4;98.6;22.8700649230522
138;5;-4.56080400498219;0.172849514177136;7.8;98.9;22.8698826368133
138;6;-4.56146604717979;0.172234493643401;8.4;99.5;22.8697009608385
138;7;-4.56179936562487;0.173205773130522;9.4;99.9;22.8695198930855
138;8;-4.66733367860512;0.178275230107273;10.2;100;22.8693394315188
138;9;-4.71799594322989;0.20585586962808;11.5;100;22.8691595741095
138;10;-4.81696521313476;0.238434617054206;14;100;22.8689803188358
138;11;-4.92312852560132;0.27795836269002;16.6;97;22.8688016636825
138;12;-5.05828582287113;0.30125109015615;19.9;77.1;22.8686236066411
138;13;-5.09757018227636;0.308183535115531;20.9;67.3;22.8684461457098
138;14;-5.08370755603408;0.314502148326655;21.2;65.4;22.8682692788937
138;15;-5.09877375416401;0.322166155730341;21.7;62.2;22.8680930042044
138;16;-5.00901609167712;0.31732212273773;21.5;63.7;22.8679173196601
138;17;-5.13260102889258;0.327877791585103;22;63.7;22.8677422232858
138;18;-4.91616432792079;0.311014131031628;21.6;72.2;22.867567713113
138;19;-4.74317891702541;0.269119159809729;20.8;78.5;22.8673937871798
138;20;-4.67875200568056;0.231778720362659;19.5;84.1;22.8672204435309
138;21;-4.67850772758204;0.220322197618803;17.8;90.6;22.8670476802174
138;22;-4.55917398377399;0.210719915057993;16.8;93.3;22.8668754952972
138;23;-4.56014649788123;0.202950648092142;15.7;95.3;22.8667038868343
138;24;-4.56047363848999;0.197467496578619;15.1;96.9;22.8665328528996
