year,day,hour,fPARLow_ratio,fPARMid_ratio,fPARUp_ratio,fabsSoil_ratio,fparSoil_ratio,fabsFarRed_correction
2021,326,1,0,0,0,NA,NA,NA
2021,326,2,0,0,0,NA,NA,NA
2021,326,3,0,0,0,NA,NA,NA
2021,326,4,0,0,0,NA,NA,NA
2021,326,5,0,0,0,NA,NA,NA
2021,326,6,0.4832776903174638,0.6751893558683252,0.9388441271698,0.6206062064203757,0.5793552673274366,1.1442076868631479
2021,326,7,0.4637124814932492,0.6553144301401294,0.9290141074452204,0.606316502604308,0.5649248927449212,1.14726504483292
2021,326,8,0.48165620437100426,0.6637978680177626,0.9321596932069576,0.6098384322928087,0.568552115891224,1.1477411414713319
2021,326,9,0.4725005396903322,0.6735894643727064,0.9358081935419975,0.6227099560355083,0.5819309572694306,1.1428627868626848
2021,326,10,0.4885472246361661,0.6716659701994427,0.9410695975707604,0.6286733078194953,0.5878036499889473,1.1380585517327586
2021,326,11,0.5131107647860599,0.7056421894245332,0.9364813821746497,0.6529099418893306,0.6127603158081176,1.1377682649255942
2021,326,12,0.6954701807685089,0.8235611944594972,0.9658924843602155,0.767195454649015,0.7181977827750567,1.139301560605853
2021,326,13,0.5158653033039817,0.6880528340335972,0.9415600370927408,0.6320147200894974,0.5907954674267033,1.1353860860396066
2021,326,14,0.5050179248649141,0.6781726131440228,0.9321168479689574,0.6223386843398961,0.5806804605410464,1.137976821185985
2021,326,15,0.49725441738855786,0.6682469619939779,0.9365588739256258,0.6242507759331142,0.5837658569400134,1.1412345832615292
2021,326,16,0.4971052336431014,0.6759130021774099,0.9392821268672576,0.6281437805812571,0.5859676647860085,1.1421641720765963
2021,326,17,0.47422843793705066,0.6692008909439958,0.935037558806584,0.621597805287105,0.5799871175512018,1.1467457075093663
2021,326,18,0.48219206653659435,0.6749315352336663,0.9354274324816955,0.6138043014009692,0.5707631440000657,1.1469201461305478
2021,326,19,0.48615368424758437,0.6786502594231236,0.9350993573233368,0.6301858545520529,0.5875821922701234,1.1446822035134425
2021,326,20,0,0,0,0.6301858545520529,0.5875821922701234,NA
2021,326,21,0,0,0,0.6301858545520529,0.5875821922701234,NA
2021,326,22,0,0,0,0.6301858545520529,0.5875821922701234,NA
2021,326,23,0,0,0,0.6301858545520529,0.5875821922701234,NA
2021,327,0,0,0,0,0.6301858545520529,0.5875821922701234,NA
2021,327,1,0,0,0,0.6301858545520529,0.5875821922701234,NA
2021,327,2,0,0,0,0.6301858545520529,0.5875821922701234,NA
2021,327,3,0,0,0,0.6301858545520529,0.5875821922701234,NA
2021,327,4,0,0,0,0.6301858545520529,0.5875821922701234,NA
2021,327,5,0,0,0,0.6301858545520529,0.5875821922701234,NA
2021,327,6,0.47472142248643046,0.673620933019288,0.934870757136114,0.6242510382397493,0.582547073527037,1.1468576158283756
2021,327,7,0.09695805841449313,0.37361469051083046,0.8308833308582824,0.17250095424297426,0.13622684640146743,1.1512722502320747
2021,327,8,0.4395134003719302,0.597303261832276,0.9062465271567186,0.5381003157449331,0.4972760582726717,1.1173065555595296
2021,327,9,0.47655535471856714,0.6699433153456574,0.9366662199280023,0.5816301804995178,0.5455940117300434,1.1327548619945484
2021,327,10,0.4951026765484209,0.6796895422441561,0.9383230319434125,0.6241037816455678,0.583561483527564,1.1399565932798161
2021,327,11,0.483872225679808,0.6848248829786294,0.9315125444300447,0.6236700751173997,0.5822847857149818,1.1429681149918491
2021,327,12,0.518041012151051,0.6886897889920423,0.9391512676552624,0.6340525152299741,0.5919687700021954,1.1403717299854907
2021,327,13,0.5179424394280766,0.6957003284122523,0.9321068359910145,0.6305131463292265,0.5881618424532811,1.1410827101033671
2021,327,14,0.5012425870775,0.6904390827919753,0.9335702890818581,0.6383353256678272,0.5970838551444293,1.1407590540135568
2021,327,15,0.5064343076802785,0.6912586727018037,0.9382258772278057,0.6388749089732539,0.5979106557920555,1.1399679631595605
2021,327,16,0.4891083190949282,0.6654218134556827,0.9311037420247535,0.62205479896202,0.5853184072502785,1.1386383353887677
2021,327,17,0.4699954241574319,0.6679484268720832,0.9299441210785946,0.5946673069429074,0.5579141088007363,1.14002739572682
2021,327,18,0.4048312295447816,0.6664042547704997,0.9321765923225303,0.5653749078166967,0.5183753643660435,1.1554473802631806
2021,327,19,0.47754597723987335,0.6767830030268307,0.9326784616261636,0.620843249028513,0.5797110405197018,1.147665689310644
2021,327,20,0,0,0,0.620843249028513,0.5797110405197018,NA
2021,327,21,0,0,0,0.620843249028513,0.5797110405197018,NA
2021,327,22,0,0,0,0.620843249028513,0.5797110405197018,NA
2021,327,23,0,0,0,0.620843249028513,0.5797110405197018,NA
2021,328,0,0,0,0,0.620843249028513,0.5797110405197018,NA
2021,328,1,0,0,0,0.620843249028513,0.5797110405197018,NA
2021,328,2,0,0,0,0.620843249028513,0.5797110405197018,NA
2021,328,3,0,0,0,0.620843249028513,0.5797110405197018,NA
2021,328,4,0,0,0,0.620843249028513,0.5797110405197018,NA
2021,328,5,0,0,0,0.620843249028513,0.5797110405197018,NA
2021,328,6,0.4867237639390291,0.6699459194902851,0.9363073131597505,0.6255639739938325,0.5830937722331561,1.143554712535662
2021,328,7,0.13386006603027079,0.3957031874939555,0.8471896810718805,0.284064458738406,0.23843750595078392,1.1502052767703974
2021,328,8,0.43920578488173234,0.6033269601697652,0.9070301003565645,0.47678769379065405,0.4297149712051476,1.1204231246937257
2021,328,9,0.47476654478215935,0.6737853312227524,0.9438396029822644,0.5990538823572019,0.5669190789688354,1.1277994410401733
2021,328,10,0.6066128358561791,0.7857917422597248,0.9638789508441078,0.6967096300981213,0.6464681726077295,1.140358310792092
2021,328,11,0.8713331954574095,0.944168124101132,0.9883008083381363,0.9458147651799926,0.8964351972800408,1.0868651003534309
2021,328,12,0.8342871452352003,0.9235398098759159,0.9817761757393656,0.7796232568881143,0.7288698518747324,1.1334386194515003
2021,328,13,0.9060259329731029,0.9617459358023144,0.9909219120392353,0.7943631644082005,0.7372451356562694,1.066618200458957
2021,328,14,0.8364535504038912,0.8928187050053475,0.9795456520789396,0.8003667736590198,0.7489660978241975,1.1236692074152304
2021,328,15,0.7283189529934808,0.797223213307087,0.9667662302446554,0.6934680699202803,0.658847909683991,1.1187808808355646
2021,328,16,0.5567062671610316,0.6697823348134144,0.9521564073703956,0.7542457619482408,0.7293018069905866,1.1096131948383468
2021,328,17,0.4523142351136037,0.6443415203735292,0.9609142094667744,0.46991687015256745,0.3597555713405692,1.1097046185922128
2021,328,18,0.26677182884225625,0.6546141201868093,0.9152290121227746,0.1899965339700486,0.14655260879123436,1.1733542576968747
2021,328,19,0.4652243678217942,0.6706509337375086,0.934258004038499,0.623124244521548,0.581642866092456,1.1476161084718228
2021,328,20,0,0,0,0.623124244521548,0.581642866092456,NA
2021,328,21,0,0,0,0.623124244521548,0.581642866092456,NA
2021,328,22,0,0,0,0.623124244521548,0.581642866092456,NA
2021,328,23,0,0,0,0.623124244521548,0.581642866092456,NA
2021,329,0,0,0,0,0.623124244521548,0.581642866092456,NA
2021,329,1,0,0,0,0.623124244521548,0.581642866092456,NA
2021,329,2,0,0,0,0.623124244521548,0.581642866092456,NA
2021,329,3,0,0,0,0.623124244521548,0.581642866092456,NA
2021,329,4,0,0,0,0.623124244521548,0.581642866092456,NA
2021,329,5,0,0,0,0.623124244521548,0.581642866092456,NA
2021,329,6,0.4859564245846977,0.6744102315084803,0.9397697839349751,0.6232126332157767,0.5804157560101525,1.1480506980272738
2021,329,7,0.10600410963083848,0.3711474363994914,0.8308104031159103,0.18662469731154124,0.145813475025105,1.1501306041694752
2021,329,8,0.4296487772958972,0.5657280563893772,0.8914641225946627,0.3807932545459386,0.3241262370065353,1.1054494491053162
2021,329,9,0.4468343238846026,0.6656878832003311,0.9545104258565084,0.43987992726718533,0.41271052088136245,1.0952184348422778
2021,329,10,0.6754025355950232,0.8534215874020771,0.9740693085343587,0.5645974957038469,0.5324081680129318,1.1396734215351563
2021,329,11,0.8669385795758493,0.931712216656286,0.987127081288949,0.7166207175479472,0.6749902172267862,1.0935905512260824
2021,329,12,0.8898911180725946,0.9763694651051604,0.985253738666376,0.8757738421378662,0.8156554194338188,1.0684265766045447
2021,329,13,0.9115346715373223,0.9876519341999042,0.9981471318615754,1,0.9793721113332977,1.0399831519972453
2021,329,14,0.8646747581083658,0.9103470965080385,0.9862212351328355,0.6720261480922431,0.6297458076365113,1.12354837682937
2021,329,15,0.7183204137842929,0.7975442271564182,0.9667961411299232,0.7197636970378384,0.6816872577809682,1.1192775457686612
2021,329,16,0.5572296977333125,0.666000519613732,0.9465420407821256,0.61008824188052,0.580716127479385,1.109673848811617
2021,329,17,0.45041122285927115,0.6405925938390682,0.9619951905388665,0.43342198107425156,0.40589336385197283,1.1085578128818105
2021,329,18,0.26595369000825647,0.6537694197905783,0.9134222843626036,0.2130788049435037,0.16245242520590603,1.1699451476141425
2021,329,19,0.4983562346985063,0.6786300763349367,0.9387908480103695,0.6263772960931026,0.5824589968338927,1.1480189051445358
2021,329,20,0,0,0,0.6263772960931026,0.5824589968338927,NA
2021,329,21,0,0,0,0.6263772960931026,0.5824589968338927,NA
2021,329,22,0,0,0,0.6263772960931026,0.5824589968338927,NA
2021,329,23,0,0,0,0.6263772960931026,0.5824589968338927,NA
2021,330,0,0,0,0,0.6263772960931026,0.5824589968338927,NA
2021,330,1,0,0,0,0.6263772960931026,0.5824589968338927,NA
2021,330,2,0,0,0,0.6263772960931026,0.5824589968338927,NA
2021,330,3,0,0,0,0.6263772960931026,0.5824589968338927,NA
2021,330,4,0,0,0,0.6263772960931026,0.5824589968338927,NA
2021,330,5,0,0,0,0.6263772960931026,0.5824589968338927,NA
2021,330,6,0.48549625839118044,0.6736644879183431,0.9289507804541767,0.6276349088684501,0.5853221859505922,1.1472207298814165
2021,330,7,0.10184175091803988,0.3620864236732003,0.8329057412244869,0.18460958632797148,0.14438329796336058,1.1490835492372042
2021,330,8,0.4223974205222093,0.5649270098628064,0.8850191439656045,0.4497756159289453,0.4180745951213308,1.1064595326742066
2021,330,9,0.4935097239559452,0.7152006009319415,0.970182666513636,0.4725366848483385,0.3533459508408695,1.0970834456619083
2021,330,10,0.66261354841118,0.8480568047091144,0.9725450916111725,0.5588326671166471,0.5227226123260297,1.1396066274412981
2021,330,11,0.8536366078802606,0.9459516562122997,0.9922829844601121,0.940012355588269,0.891004395394452,1.0882898832189518
2021,330,12,0.8873045420622342,0.9743340699419002,0.9885234414066274,0.8932928966311701,0.8324891547125054,1.070338648589758
2021,330,13,0.892348742558735,0.9597775694610834,0.990741818295946,1,1,1.0742740174809184
2021,330,14,0.8533732462583528,0.900191988420225,0.9786528652685961,0.6612259452448305,0.619992750747337,1.1219050938720239
2021,330,15,0.7384945892067589,0.8015117015516429,0.9658236183328073,0.5841258770080842,0.5522429997465789,1.1162748608477346
2021,330,16,0.5568402787034236,0.656337934635537,0.9482690726453173,0.6026199692183528,0.5797314683062041,1.1095665048232437
2021,330,17,0.4070869753439139,0.6042350455230391,0.9508840410669543,0.48423408040164284,0.4606830871628148,1.1068872695093797
2021,330,18,0.27028320664147365,0.6580103991091575,0.9167110332817036,0.5337399374032408,0.3733283268675898,1.1715649689141396
2021,330,19,0.48930544554825883,0.6708891719708469,0.9395378045174293,0.6288710694681892,0.5873294608647365,1.1453787250984822
2021,330,20,0,0,0,0.6288710694681892,0.5873294608647365,NA
2021,330,21,0,0,0,0.6288710694681892,0.5873294608647365,NA
2021,330,22,0,0,0,0.6288710694681892,0.5873294608647365,NA
2021,330,23,0,0,0,0.6288710694681892,0.5873294608647365,NA
2021,331,0,0,0,0,0.6288710694681892,0.5873294608647365,NA
2021,331,1,0,0,0,0.6288710694681892,0.5873294608647365,NA
2021,331,2,0,0,0,0.6288710694681892,0.5873294608647365,NA
2021,331,3,0,0,0,0.6288710694681892,0.5873294608647365,NA
2021,331,4,0,0,0,0.6288710694681892,0.5873294608647365,NA
2021,331,5,0,0,0,0.6288710694681892,0.5873294608647365,NA
2021,331,6,0.4856734048345283,0.6636468885279675,0.934464483030121,0.6240668496890807,0.5823285471735195,1.1497676134491477
2021,331,7,0.09875713025159512,0.358455518491781,0.8272833140380623,0.17680541318814985,0.1397219474844113,1.1512440158746884
2021,331,8,0.45223394909943226,0.5850735679909824,0.8947711953431664,0.4470651588459373,0.3734549627681316,1.1047605841000014
2021,331,9,0.4375614666737,0.662016975459917,0.9569970785952312,0.48186761643464887,0.45746996933716544,1.0980634268724208
2021,331,10,0.665870655166867,0.8637736572365278,0.9800967674017015,1,0.9177569326602428,1.138189200745908
2021,331,11,0.895607267680066,0.9422225728102377,0.9893713960383599,0.6580952813076877,0.6234310924789699,1.0736289821980223
2021,331,12,0.8999487547447107,0.9877970543493072,0.9900790643977203,1,0.9507391142312771,1.051426451538835
2021,331,13,0.9191181179277086,0.9875944990914334,0.9916822454561554,0.9875422703450227,0.9124867415098198,1.0447344517833659
2021,331,14,0.8578121658749023,0.8995210648956188,0.9810875908077518,0.6383791673595003,0.5982508398623142,1.1216200729712837
2021,331,15,0.7298692423263736,0.7987959026675878,0.9668868101062329,0.6500278596829984,0.6160400121608285,1.1166638778648283
2021,331,16,0.565542673130036,0.6655277638259262,0.9512967690023474,0.6824749144808426,0.6621039313661744,1.1087569678491356
2021,331,17,0.41139771206675374,0.6024750272104439,0.954031606334826,0.4575954931557788,0.4369755195881708,1.106114601181456
2021,331,18,0.3597532489587498,0.668574052375696,0.9202228681503549,0.3657541751940938,0.32107852003767895,1.160019603556913
2021,331,19,0.46906237950864926,0.6677854532925535,0.9375903168978064,0.6247842577313242,0.5827691428848217,1.1475151466672449
2021,331,20,0,0,0,0.6247842577313242,0.5827691428848217,NA
2021,331,21,0,0,0,0.6247842577313242,0.5827691428848217,NA
2021,331,22,0,0,0,0.6247842577313242,0.5827691428848217,NA
2021,331,23,0,0,0,0.6247842577313242,0.5827691428848217,NA
2021,332,0,0,0,0,0.6247842577313242,0.5827691428848217,NA
2021,332,1,0,0,0,0.6247842577313242,0.5827691428848217,NA
2021,332,2,0,0,0,0.6247842577313242,0.5827691428848217,NA
2021,332,3,0,0,0,0.6247842577313242,0.5827691428848217,NA
2021,332,4,0,0,0,0.6247842577313242,0.5827691428848217,NA
2021,332,5,0,0,0,0.6247842577313242,0.5827691428848217,NA
2021,332,6,0.4843996525986156,0.6739496081697944,0.9331337896130677,0.6256410299770873,0.583564476440587,1.1487843429047437
2021,332,7,0.08900911465443317,0.34712161883959747,0.8211910683289273,0.17372428020703257,0.12870116692974512,1.1522487435680597
2021,332,8,0.4197309517032758,0.5605117538365838,0.8842435232282294,0.4379837365619022,0.4054598353271774,1.1046740588607853
2021,332,9,0.4366217593273472,0.6625202853332275,0.9543635854439217,0.6148649222740746,0.5817918676103704,1.096494279060705
2021,332,10,0.6632979282850783,0.8475894794038102,0.9796696997984252,0.7578276116373212,0.6417882340091376,1.1348974044196511
2021,332,11,0.6376748769152714,0.7726546230469407,0.9625884722168788,0.891810110780266,0.8314984395752377,1.144742273245221
2021,332,12,0.6006413973714614,0.7625196684289134,0.9538192662034878,0.7756177141160534,0.7242005228906719,1.13930027922052
2021,332,13,0.6813403251529362,0.7828611985904426,0.9562126094754717,0.6556015405876428,0.6110388602514201,1.1371079624146514
2021,332,14,0.749529890231331,0.8428476856975347,0.9696438760757626,0.8584879045930873,0.805821991690103,1.1256088067573202
2021,332,15,0.5590847849158559,0.710017529545959,0.9391680590561121,0.6614244100645963,0.6212822311345692,1.1340176945457983
2021,332,16,0.47554366357820727,0.6695769689765209,0.933916686730759,0.6329095950915582,0.5919423580207362,1.139281069826135
2021,332,17,0.47488362110528076,0.6780883777961998,0.9344130537190611,0.5830285515123864,0.5417255478991198,1.1393392672594467
2021,332,18,0.470865800090855,0.6748415349774395,0.9311401910109279,0.599717817514896,0.556505621638826,1.1488459753770006
2021,332,19,0.4941322184123159,0.6803477047881474,0.9404757873395141,0.6222486590374772,0.5790878414033688,1.145795313483005
2021,332,20,0,0,0,0.6222486590374772,0.5790878414033688,NA
2021,332,21,0,0,0,0.6222486590374772,0.5790878414033688,NA
2021,332,22,0,0,0,0.6222486590374772,0.5790878414033688,NA
2021,332,23,0,0,0,0.6222486590374772,0.5790878414033688,NA
2021,333,0,0,0,0,0.6222486590374772,0.5790878414033688,NA
2021,333,1,0,0,0,0.6222486590374772,0.5790878414033688,NA
2021,333,2,0,0,0,0.6222486590374772,0.5790878414033688,NA
2021,333,3,0,0,0,0.6222486590374772,0.5790878414033688,NA
2021,333,4,0,0,0,0.6222486590374772,0.5790878414033688,NA
2021,333,5,0,0,0,0.6222486590374772,0.5790878414033688,NA
2021,333,6,0.49538659167135923,0.6694702438194393,0.9379165629111036,0.6297129695888064,0.5867707664560277,1.1455702942448194
2021,333,7,0.09900748542867004,0.35021160940044405,0.8251119979659439,0.25568712616718164,0.1950959770829294,1.1527993938622294
2021,333,8,0.4252746387675337,0.5644562815050007,0.8829973484513005,0.41612055648758906,0.3729641723253925,1.1040192921339576
2021,333,9,0.4695323106673666,0.684706040281744,0.9678487524826174,0.5372160198391077,0.5160387111581689,1.096119470650848
2021,333,10,0.649157104477486,0.8369638122338933,0.9751487842693904,0.630849792345821,0.591463529715408,1.1356428471623405
2021,333,11,0.8784682670218037,0.9403839825789437,0.9841940163219948,0.6523152846741092,0.6183908137981897,1.084776297898312
2021,333,12,0.9199298858282602,0.9814290072336163,0.9892184596586641,0.7328318912270517,0.6848816846217881,1.0446500892596955
2021,333,13,0.8934362733273004,0.9652709916002178,0.9847241605836385,1,0.9263219367261696,1.076488992006532
2021,333,14,0.8600984483589977,0.8973745879719716,0.9850327445589216,0.6442399409427819,0.6038399442330951,1.1204522149785552
2021,333,15,0.752716619451585,0.8142002895981337,0.9699684164098201,0.6331996980643733,0.6015946512164938,1.1144273328936039
2021,333,16,0.5676788634600457,0.6645711548835634,0.9583984929566473,0.6651503150689403,0.6448783002013254,1.1067534184893835
2021,333,17,0.43599097169348544,0.6113256960623581,0.9517070772754372,0.5147679971339019,0.49403244633939614,1.10755081932728
2021,333,18,0.2855856560324784,0.6599476603848233,0.9113333629250852,0.25213606426677815,0.1832317951722432,1.1700284996004018
2021,333,19,0.4872407704158676,0.6685151549095456,0.9327014772028361,0.6305582088652445,0.5878894333427446,1.1471088699706287
2021,333,20,0,0,0,0.6305582088652445,0.5878894333427446,NA
2021,333,21,0,0,0,0.6305582088652445,0.5878894333427446,NA
2021,333,22,0,0,0,0.6305582088652445,0.5878894333427446,NA
2021,333,23,0,0,0,0.6305582088652445,0.5878894333427446,NA
2021,334,0,0,0,0,0.6305582088652445,0.5878894333427446,NA
2021,334,1,0,0,0,0.6305582088652445,0.5878894333427446,NA
2021,334,2,0,0,0,0.6305582088652445,0.5878894333427446,NA
2021,334,3,0,0,0,0.6305582088652445,0.5878894333427446,NA
2021,334,4,0,0,0,0.6305582088652445,0.5878894333427446,NA
2021,334,5,0,0,0,0.6305582088652445,0.5878894333427446,NA
2021,334,6,0.47679772203318105,0.6697516346482529,0.9412823855184942,0.6273261243969585,0.5852780927691998,1.1462445110558206
2021,334,7,0.10079889081622723,0.34491162234278555,0.8287710912606855,0.25903498293625826,0.2081230066921881,1.1516231966426678
2021,334,8,0.45257366145504274,0.5863347349047442,0.8918755805207997,0.5083407664112528,0.3874640972746909,1.1077868080949287
2021,334,9,0.4742549290292678,0.6703141125295758,0.9328320792250379,0.5923833976774644,0.5564556023797929,1.1321262010432194
2021,334,10,0.49451386170451794,0.6800308384092012,0.9412418897507882,0.6198962663481301,0.57979016828057,1.1373650524758134
2021,334,11,0.5466080651049176,0.7084072078869118,0.9543793928776795,0.7007986410694769,0.652303495759765,1.1391363008573654
2021,334,12,0.5391583772626025,0.7064624609261495,0.9391007922875112,0.656987301052285,0.6157320418045719,1.1365817084581367
2021,334,13,0.49789416391171537,0.6800583110315469,0.926792823437452,0.6252614979439606,0.5857690437914405,1.135377835834272
2021,334,14,0.5042772753709306,0.6781983498127759,0.9341233675800227,0.6218050574863597,0.5815223777012445,1.1344830328866715
2021,334,15,0.4952941636134485,0.6714720017400319,0.9348360243405696,0.6285961562401715,0.5888270861601251,1.135576286704811
2021,334,16,0.5402701796480539,0.6930128316267649,0.945338882105141,0.7105442553278944,0.6715849487734207,1.1247037840946308
2021,334,17,0.48383855488301464,0.6628317650507269,0.9402113541989743,0.6276108069340458,0.5861900751013996,1.144590736427077
2021,334,18,0.4680962267950571,0.677623666079775,0.9288743858020192,0.6305316123549877,0.5873316905641223,1.1472152225175845
2021,334,19,0.4847009638220361,0.6709733523596558,0.9422487604443809,0.6263339901694794,0.5827334893201928,1.1471975731053563
2021,334,20,0,0,0,0.6263339901694794,0.5827334893201928,NA
2021,334,21,0,0,0,0.6263339901694794,0.5827334893201928,NA
2021,334,22,0,0,0,0.6263339901694794,0.5827334893201928,NA
2021,334,23,0,0,0,0.6263339901694794,0.5827334893201928,NA
2021,335,0,0,0,0,0.6263339901694794,0.5827334893201928,NA
2021,335,1,0,0,0,0.6263339901694794,0.5827334893201928,NA
2021,335,2,0,0,0,0.6263339901694794,0.5827334893201928,NA
2021,335,3,0,0,0,0.6263339901694794,0.5827334893201928,NA
2021,335,4,0,0,0,0.6263339901694794,0.5827334893201928,NA
2021,335,5,0,0,0,0.6263339901694794,0.5827334893201928,NA
2021,335,6,0.47833924667768324,0.6714320986667723,0.93892636397466,0.6256478257797072,0.5838903499334227,1.148040719951807
2021,335,7,0.3124078458028024,0.5290544989631218,0.8946676899753414,0.5847487406338279,0.5427985204707061,1.1478543405972657
2021,335,8,0.4815706900003704,0.6497311860821077,0.928634865303693,0.6061957986766975,0.5626979419551537,1.1388940835822532
2021,335,9,0.48703932902192415,0.676709561333549,0.9285248511104213,0.6202109350744643,0.5786819048355665,1.1416687458673178
2021,335,10,0.5021118027622574,0.6766591785113504,0.9369667882209805,0.6231734260963946,0.5818988871702886,1.1410199193138864
2021,335,11,0.4976868368403094,0.6858082285889618,0.9342746893546465,0.6266709178351685,0.5854926717101934,1.137854152790975
2021,335,12,0.4915270500622957,0.6807112635143486,0.9260042962215302,0.6273362834194851,0.5863255002739279,1.1394891293579739
2021,335,13,0.49851351312281883,0.6792629602530492,0.9364711728782108,0.6216658199691533,0.5804864225922912,1.1355176302244296
2021,335,14,0.49672073679224754,0.6759626587465364,0.9398047919005486,0.6327067753078296,0.5922668047700842,1.1367303880690813
2021,335,15,0.5146852494016839,0.6870447539990628,0.9337419276420771,0.6272489051228964,0.5874662952175059,1.1367217824409512
2021,335,16,0.48685976873410286,0.6720355565063966,0.9315223478427698,0.6243902968880023,0.5830560967720051,1.141829116331702
2021,335,17,0.48671323520758747,0.673827284938366,0.9260165117370246,0.6251219759896638,0.5830854048241165,1.1476865378739842
2021,335,18,0.4692118951048706,0.6709550586636046,0.9429323953543745,0.6151760393353446,0.5733959380283689,1.1472930904155634
2021,335,19,0.4755864077863289,0.6837298408832915,0.9343317127350202,0.6249531913090767,0.583836107174328,1.146911914984814
2021,335,20,0,0,0,0.6249531913090767,0.583836107174328,NA
2021,335,21,0,0,0,0.6249531913090767,0.583836107174328,NA
2021,335,22,0,0,0,0.6249531913090767,0.583836107174328,NA
2021,335,23,0,0,0,0.6249531913090767,0.583836107174328,NA
2021,336,0,0,0,0,0.6249531913090767,0.583836107174328,NA
2021,336,1,0,0,0,0.6249531913090767,0.583836107174328,NA
2021,336,2,0,0,0,0.6249531913090767,0.583836107174328,NA
2021,336,3,0,0,0,0.6249531913090767,0.583836107174328,NA
2021,336,4,0,0,0,0.6249531913090767,0.583836107174328,NA
2021,336,5,0,0,0,0.6249531913090767,0.583836107174328,NA
2021,336,6,0.4848904427845061,0.6744880041080848,0.9366514764318024,0.6270708899404359,0.585528066971438,1.1460976205845799
2021,336,7,0.24655630708553408,0.4602100423112519,0.8733646373778149,0.49025900217452434,0.4502282606758939,1.1444725281889445
2021,336,8,0.43430935964454875,0.5808870241764468,0.8892651686527154,0.4771194235261101,0.44249766217859204,1.1115086483042171
2021,336,9,0.44520234192810654,0.6519561463468487,0.950302008919227,0.5683343596953622,0.5491761507648115,1.098884212766679
2021,336,10,0.6947026055348205,0.8739724596390019,0.9763821558094391,0.5485103993455691,0.5162924623839362,1.1372441675248939
2021,336,11,0.7907014534517948,0.9216126819702408,0.9827061866916559,0.9080983339835201,0.8522942522801357,1.145637412056134
2021,336,12,0.9095272834394881,0.9819409890013926,0.9846321043161955,0.6855686995647469,0.640128340490143,1.0582678045505625
2021,336,13,0.9257466479263515,0.9739490576453692,0.9794265402450026,0.6629964763933038,0.6126180751316423,1.054048675337246
2021,336,14,0.8486605341644697,0.896589756854734,0.9781693204863968,0.6240507015606147,0.5837038328487658,1.1242527332597407
2021,336,15,0.7562626026704957,0.8063476262884464,0.9647087637405071,0.5927579951417798,0.5593767503963937,1.1157710820253128
2021,336,16,0.5824509389110674,0.6632008030430153,0.952688380491278,0.651482829897537,0.6295631858990276,1.1080190770616638
2021,336,17,0.4584568647853345,0.6193370872203638,0.9444629662177516,0.3989388853646444,0.3584417994861822,1.1041418505127205
2021,336,18,0.30381790778334955,0.6454121454032926,0.9047654584811949,0.20532097811141153,0.15967634189982638,1.1668855222971652
2021,336,19,0.4878247481098512,0.6692440483737843,0.9338367376088446,0.6313168040286097,0.5888916173022223,1.1467848973217212
2021,336,20,0,0,0,0.6313168040286097,0.5888916173022223,NA
2021,336,21,0,0,0,0.6313168040286097,0.5888916173022223,NA
2021,336,22,0,0,0,0.6313168040286097,0.5888916173022223,NA
2021,336,23,0,0,0,0.6313168040286097,0.5888916173022223,NA
2021,337,0,0,0,0,0.6313168040286097,0.5888916173022223,NA
2021,337,1,0,0,0,0.6313168040286097,0.5888916173022223,NA
2021,337,2,0,0,0,0.6313168040286097,0.5888916173022223,NA
2021,337,3,0,0,0,0.6313168040286097,0.5888916173022223,NA
2021,337,4,0,0,0,0.6313168040286097,0.5888916173022223,NA
2021,337,5,0,0,0,0.6313168040286097,0.5888916173022223,NA
2021,337,6,0.47923694249033516,0.67826993056215,0.9329698418903695,0.6249502123447109,0.5834057407091165,1.1448830489730861
2021,337,7,0.09701496068351761,0.32447594959235226,0.8239987104807177,0.36624038274260157,0.29884469499198574,1.1520416240690272
2021,337,8,0.44060202439850116,0.5728476679099453,0.8855295175608326,0.4312939055476854,0.38377930179302666,1.1062410046256015
2021,337,9,0.4832362449676154,0.689482699576442,0.9640329190870389,0.6377960245349004,0.5137542127759082,1.0952546907094827
2021,337,10,0.6784402657993497,0.8501671912917342,0.9727150492577787,0.5149788275857351,0.4857412668167866,1.1349104258580978
2021,337,11,0.837462472304117,0.961256334363495,0.9952412200424734,1,1,1.089865042364064
2021,337,12,0.8978145244282418,1,0.9904835843869622,1,0.9529483774673727,1.045301944701555
2021,337,13,0.9194378980677281,0.9714485112367481,0.9830588084310505,0.6650212837884357,0.6172106563169067,1.055784701231258
2021,337,14,0.8447699731383048,0.8993992865575879,0.9768998400557307,0.626905261759135,0.5858640519411702,1.123497954855606
2021,337,15,0.7389606540141735,0.8036658660745072,0.9613017506567009,0.7206210389122826,0.6811232013677473,1.1135358013109689
2021,337,16,0.5817932763067928,0.6622082752675724,0.9483533552847204,0.6228977895821838,0.5936321563194824,1.1085576314141479
2021,337,17,0.4941713410063828,0.6450872340263224,0.9535525892732705,0.4512271751769706,0.4155861278856135,1.1044206385111837
2021,337,18,0.450308762233455,0.6729599625390801,0.9378209204444453,0.562698174369509,0.520046053412946,1.1496074561785066
2021,337,19,0.4881304821374309,0.6721752421057956,0.9358993808582726,0.6223256652860368,0.5804189984103921,1.1473029208804455
2021,337,20,0,0,0,0.6223256652860368,0.5804189984103921,NA
2021,337,21,0,0,0,0.6223256652860368,0.5804189984103921,NA
2021,337,22,0,0,0,0.6223256652860368,0.5804189984103921,NA
2021,337,23,0,0,0,0.6223256652860368,0.5804189984103921,NA
2021,338,0,0,0,0,0.6223256652860368,0.5804189984103921,NA
2021,338,1,0,0,0,0.6223256652860368,0.5804189984103921,NA
2021,338,2,0,0,0,0.6223256652860368,0.5804189984103921,NA
2021,338,3,0,0,0,0.6223256652860368,0.5804189984103921,NA
2021,338,4,0,0,0,0.6223256652860368,0.5804189984103921,NA
2021,338,5,0,0,0,0.6223256652860368,0.5804189984103921,NA
2021,338,6,0.48208204087695905,0.6761200011413686,0.9300749951905318,0.623865649930904,0.5815648898273368,1.1464630613076987
2021,338,7,0.14737600904011444,0.36843750690984656,0.8390459854781739,0.3463602919191019,0.3032355277823466,1.149780308945671
2021,338,8,0.4378570590489901,0.589271742966428,0.9049258764977464,0.4959744864706677,0.4599951298181437,1.1187727159236536
2021,338,9,0.4313232469829724,0.6409153966176067,0.952702031239281,0.5332528498430724,0.5099326094511335,1.0940590310358087
2021,338,10,0.687775102438462,0.8580719368654676,0.9712379661185037,0.5190827191128964,0.48878526640022224,1.1353005166161574
2021,338,11,0.8238020935346674,0.9656774299034202,0.9980848952988227,1,1,1.091895400488696
2021,338,12,0.641614065880234,0.79055450609092,0.9575715325527172,0.7100664997080218,0.6637653500143853,1.1409202184737577
2021,338,13,0.8710493591568336,0.9290820065983881,0.979890812117353,0.6389560240287022,0.5916874722093569,1.110504625277314
2021,338,14,0.8077330969138959,0.864057810160872,0.9788674875683975,0.6601111976405676,0.6167652721298187,1.1239345091579516
2021,338,15,0.7186255081382534,0.788475728197961,0.9582118538526554,0.6119440560360023,0.577343441194797,1.1195969987456005
2021,338,16,0.5528497650120112,0.6796633886567173,0.9564670044805845,0.6398317603556921,0.6028595220798343,1.1259047315975432
2021,338,17,0.4725980697817866,0.664221923418053,0.940641821943816,0.6062858795703383,0.5656649332264806,1.1413186396894508
2021,338,18,0.4665261771747546,0.6767594776203635,0.9271507565037186,0.5927183499830679,0.5492398946126306,1.1491161148850106
2021,338,19,0.47068771136829934,0.6720670766839856,0.9376929932318366,0.6229807342034929,0.5813698448393312,1.1481155202924347
2021,338,20,0,0,0,0.6229807342034929,0.5813698448393312,NA
2021,338,21,0,0,0,0.6229807342034929,0.5813698448393312,NA
2021,338,22,0,0,0,0.6229807342034929,0.5813698448393312,NA
2021,338,23,0,0,0,0.6229807342034929,0.5813698448393312,NA
2021,339,0,0,0,0,0.6229807342034929,0.5813698448393312,NA
2021,339,1,0,0,0,0.6229807342034929,0.5813698448393312,NA
2021,339,2,0,0,0,0.6229807342034929,0.5813698448393312,NA
2021,339,3,0,0,0,0.6229807342034929,0.5813698448393312,NA
2021,339,4,0,0,0,0.6229807342034929,0.5813698448393312,NA
2021,339,5,0,0,0,0.6229807342034929,0.5813698448393312,NA
2021,339,6,0.48935857367261304,0.677017257932858,0.9368360521159441,0.6235134005978941,0.5820170175659831,1.1466723529235492
2021,339,7,0.12442414420706147,0.33630890083536036,0.8303693355938186,0.3842216883084624,0.33156810024267924,1.1512839255209006
2021,339,8,0.439732826876643,0.5837082895018368,0.8987450164502185,0.5017446786942422,0.46471924391560926,1.1163249265181108
2021,339,9,0.4535297543729758,0.6588890640178646,0.96040964006351,0.602312127818549,0.5803354024755824,1.0948036264069065
2021,339,10,0.692734675476052,0.8555671503180755,0.9718393219263236,0.5170747493218945,0.48617845739568494,1.135421222203536
2021,339,11,0.8104539607956099,0.9404036067342849,0.9886114008372314,0.9557170301653846,0.8846901157665069,1.121598106327685
2021,339,12,0.8930178705133119,0.9795650424131448,0.9937566528614517,0.7970973240399911,0.7452852459545947,1.0610344746887375
2021,339,13,0.8512569825791229,0.9428201219328382,0.9866489721316071,0.9121139024153652,0.843579565626781,1.1083748685631574
2021,339,14,0.823008555210974,0.9014769129865623,0.9836968212988806,1,0.9996021965020251,1.1227374501895202
2021,339,15,0.7601268999399686,0.8229201019266579,0.969627972822853,0.8166085437197685,0.7696440291512008,1.1176347770382487
2021,339,16,0.6022820515632137,0.6800957876843323,0.9575218555682422,0.8239633554254149,0.7900065312234614,1.1100724918201101
2021,339,17,0.4431635092139591,0.6045008070815729,0.9392894506740761,0.4688915280496254,0.4462731102767116,1.1000123808564815
2021,339,18,0.3113739518355179,0.6376233860652268,0.9051232022524256,0.5812178162414089,0.4097734793728814,1.1645573945118821
2021,339,19,0.4929560325075555,0.6702488651863676,0.9290752082429947,0.6249412229258189,0.5820247092918821,1.1483832176539557
2021,339,20,0,0,0,0.6249412229258189,0.5820247092918821,NA
2021,339,21,0,0,0,0.6249412229258189,0.5820247092918821,NA
2021,339,22,0,0,0,0.6249412229258189,0.5820247092918821,NA
2021,339,23,0,0,0,0.6249412229258189,0.5820247092918821,NA
2021,340,0,0,0,0,0.6249412229258189,0.5820247092918821,NA
2021,340,1,0,0,0,0.6249412229258189,0.5820247092918821,NA
2021,340,2,0,0,0,0.6249412229258189,0.5820247092918821,NA
2021,340,3,0,0,0,0.6249412229258189,0.5820247092918821,NA
2021,340,4,0,0,0,0.6249412229258189,0.5820247092918821,NA
2021,340,5,0,0,0,0.6249412229258189,0.5820247092918821,NA
2021,340,6,0.48531718974345955,0.6763165603176553,0.9360714887526609,0.6271211736787486,0.5850483925540354,1.14605086023515
2021,340,7,0.10343403117967431,0.3004179737485639,0.8147925164342309,0.2479867745175439,0.18951364916827423,1.1530355632518376
2021,340,8,0.4417021758296284,0.5719069080523514,0.8846263092609097,0.40598164749845633,0.3509841501653934,1.1061349007798218
2021,340,9,0.4996236306817075,0.6934520302379621,0.9744013198659324,0.4111828909886336,0.35297848502232504,1.095810846816903
2021,340,10,0.6773998672972847,0.8429650773412355,0.9729533782287715,0.5346363741246676,0.5018820737780668,1.1342122975096238
2021,340,11,0.5172090750265838,0.6966049054878538,0.9323862290798639,0.6575281320552259,0.6115605855375827,1.1402928350860262
2021,340,12,0.4921264638758461,0.6739594535290047,0.9461874083569554,0.6270731427824136,0.5874035508495854,1.133406013489699
2021,340,13,0.48602056211965916,0.6792062864226072,0.9306966184405328,0.6205296898210023,0.5804447728681966,1.1362683125661697
2021,340,14,0.7076713611238854,0.807941297704768,0.968393406426026,0.7029326985838334,0.6576878142157412,1.1262258104918894
2021,340,15,0.5320531085483701,0.6928595649082789,0.9351009789765351,0.6528964461023575,0.6101081400926267,1.1349792233678722
2021,340,16,0.4886040844013582,0.6686429410780846,0.9336175778167471,0.6233577690021793,0.5825526158986281,1.1391096385373505
2021,340,17,0.47874165727528395,0.6631892341812324,0.9300972245377084,0.6105891265034402,0.5707767406999177,1.1433176764774524
2021,340,18,0.40941234822741474,0.655231530332135,0.9279060887963262,0.5336591779215453,0.4850907889616787,1.1520531493170574
2021,340,19,0.47963485339528883,0.6744898385823965,0.9341687010307222,0.6241157346431454,0.5818559935816565,1.1472759058350026
2021,340,20,0,0,0,0.6241157346431454,0.5818559935816565,NA
2021,340,21,0,0,0,0.6241157346431454,0.5818559935816565,NA
2021,340,22,0,0,0,0.6241157346431454,0.5818559935816565,NA
2021,340,23,0,0,0,0.6241157346431454,0.5818559935816565,NA
2021,341,0,0,0,0,0.6241157346431454,0.5818559935816565,NA
2021,341,1,0,0,0,0.6241157346431454,0.5818559935816565,NA
2021,341,2,0,0,0,0.6241157346431454,0.5818559935816565,NA
2021,341,3,0,0,0,0.6241157346431454,0.5818559935816565,NA
2021,341,4,0,0,0,0.6241157346431454,0.5818559935816565,NA
2021,341,5,0,0,0,0.6241157346431454,0.5818559935816565,NA
2021,341,6,0.4900661298471986,0.6762992279401167,0.9314233980985959,0.6262148398420502,0.5850876219271077,1.146435285240507
2021,341,7,0.1857295427173585,0.3785987561545715,0.8519555316832679,0.43059478263027345,0.3848734979432501,1.1484310462433713
2021,341,8,0.4493758240308577,0.6219313843169503,0.9142004483115008,0.5585195688385505,0.5121739061771853,1.1303479330169925
2021,341,9,0.47705872181513326,0.6697783014015802,0.9477223887253609,0.5758408395019518,0.5408863584258565,1.123711921588947
2021,341,10,0.5853445513000446,0.7710010444818913,0.9616015344791514,0.5770792014161618,0.5401281202157777,1.137517181162805
2021,341,11,0.826114071022906,0.9733282680418908,0.9895008778501615,1,1,1.0926154993070982
2021,341,12,0.891517821984253,0.981105832802097,0.9896863371663889,0.7040814106418124,0.6580850720532139,1.0625405493689302
2021,341,13,0.8726613625395278,0.9602626990317873,0.9805772885756461,1,0.9389618844789804,1.091488604556953
2021,341,14,0.8121171027327354,0.8985816256048195,0.9795966789377138,1,1,1.121416738148978
2021,341,15,0.7625906673358737,0.8206691192468422,0.9694677977163318,0.7453910497601755,0.7039873882156569,1.116661876342671
2021,341,16,0.5741947127653272,0.671352171232641,0.9545102686425949,0.7636787578411225,0.7259084098851546,1.1133484339107613
2021,341,17,0.4923046599754923,0.6525826211918659,0.9401838499386583,0.5424228043953722,0.5081945111433334,1.1224386207323658
2021,341,18,0.35296495537361594,0.6421951685784095,0.912337564066524,0.28341058140648595,0.2417856602812674,1.158389363178205
2021,341,19,0.4808674006382201,0.6653092729441319,0.9326385794897959,0.6290410074076102,0.5868249703171301,1.146511862411157
2021,341,20,0,0,0,0.6290410074076102,0.5868249703171301,NA
2021,341,21,0,0,0,0.6290410074076102,0.5868249703171301,NA
2021,341,22,0,0,0,0.6290410074076102,0.5868249703171301,NA
2021,341,23,0,0,0,0.6290410074076102,0.5868249703171301,NA
2021,342,0,0,0,0,0.6290410074076102,0.5868249703171301,NA
2021,342,1,0,0,0,0.6290410074076102,0.5868249703171301,NA
2021,342,2,0,0,0,0.6290410074076102,0.5868249703171301,NA
2021,342,3,0,0,0,0.6290410074076102,0.5868249703171301,NA
2021,342,4,0,0,0,0.6290410074076102,0.5868249703171301,NA
2021,342,5,0,0,0,0.6290410074076102,0.5868249703171301,NA
2021,342,6,0.47709270964656036,0.6776393556608967,0.9317321402780809,0.6257602392359604,0.583254893415005,1.1467048594315314
2021,342,7,0.1217113927425492,0.30854023419621546,0.8192526651137669,0.2684535436104813,0.2264334421012922,1.1496463971985236
2021,342,8,0.43483934045654815,0.5742000338600797,0.8893702811475955,0.4460457428069962,0.39300014991002585,1.1102619601328478
2021,342,9,0.4248286287822112,0.6420254421425823,0.9497971470927411,0.5366598495277737,0.5055748924216174,1.0947100586088423
2021,342,10,0.6529219754061697,0.8362262229771,0.9725902022005064,0.7274532836648122,0.6762491129696946,1.1348154652995324
2021,342,11,0.8396965838799102,0.9623034728498272,0.9915443977376696,0.7676149542855251,0.72442463551285885,1.0876693463708174
2021,342,12,0.888101327666204,0.9859934320427237,0.9921668356162966,0.8479139582340527,0.7912029164201588,1.0589693547680787
2021,342,13,0.9071549427088726,0.9780330445256183,0.9840383858517048,0.7608962299649181,0.7020109764180652,1.058261362012547
2021,342,14,0.8107319819303972,0.8889838976630922,0.9801927349070584,0.9374352761537136,0.8794456315022018,1.1233303809349713
2021,342,15,0.7650761915101101,0.8102358693136237,0.9684878904852199,0.622755241093701,0.5877499770683853,1.1171376830802608
2021,342,16,0.59693006613637,0.660510067995596,0.949579312693694,0.6906420499755398,0.6654816199749097,1.1088706200522962
2021,342,17,0.4505921850278194,0.6048011348226224,0.9346090350337771,0.5896335726631146,0.5609149924988036,1.1010226760532675
2021,342,18,0.32577020032210835,0.6364140650096468,0.9096784190010441,0.244454773899713,0.19280768053814376,1.1623364225113688
2021,342,19,0.4864712807185099,0.6755465417873578,0.9462462576191767,0.6274484408665353,0.5849732473459226,1.1458312050459223
2021,342,20,0,0,0,0.6274484408665353,0.5849732473459226,NA
2021,342,21,0,0,0,0.6274484408665353,0.5849732473459226,NA
2021,342,22,0,0,0,0.6274484408665353,0.5849732473459226,NA
2021,342,23,0,0,0,0.6274484408665353,0.5849732473459226,NA
2021,343,0,0,0,0,0.6274484408665353,0.5849732473459226,NA
2021,343,1,0,0,0,0.6274484408665353,0.5849732473459226,NA
2021,343,2,0,0,0,0.6274484408665353,0.5849732473459226,NA
2021,343,3,0,0,0,0.6274484408665353,0.5849732473459226,NA
2021,343,4,0,0,0,0.6274484408665353,0.5849732473459226,NA
2021,343,5,0,0,0,0.6274484408665353,0.5849732473459226,NA
2021,343,6,0.48306291942575263,0.6766977312631209,0.9308441632676071,0.6309896994623629,0.5893819710282334,1.147560029823929
2021,343,7,0.110122207973018,0.2835074019791771,0.805370358011468,0.22780352377624458,0.17718802914787526,1.152034691314764
2021,343,8,0.43352384106416736,0.5680801602546327,0.8781320343355246,0.3921653236585303,0.30866274551337936,1.1046055714730731
2021,343,9,0.4229525665412648,0.6359938503787083,0.9493846227493778,0.47625435057567506,0.45391109163901255,1.0953359469191106
2021,343,10,0.6597071371255897,0.8419747585652326,0.9742741050254659,0.6259176075619223,0.5768563754141729,1.1334118121214232
2021,343,11,0.7931921695428958,0.9371538399007657,0.9907230903208654,1,1,1.1313200341944087
2021,343,12,0.8799834413941859,1,0.9931295796342443,1,1,1.0548520118571112
2021,343,13,0.8928776700089791,0.9674434699247905,0.9839677921558172,0.7213792508845949,0.6661494824453582,1.0719830659672418
2021,343,14,0.8354243534335308,0.9039541919546732,0.9822104007760614,0.6443982405842894,0.6016010812329978,1.1211626903866057
2021,343,15,0.7759566799581766,0.8092343549814264,0.9708438716900136,0.5856228144941018,0.5519024452271211,1.1151512260418919
2021,343,16,0.6091513473547496,0.6681763668612185,0.9571068385060322,0.9082816416223641,0.8454980088878664,1.1090616212374171
2021,343,17,0.47189867082035,0.6156110196108663,0.9437469199154992,0.5689202484045212,0.5480419860214766,1.0977363846558834
2021,343,18,0.3228154287201634,0.630141371976572,0.9102828143682871,0.3518387485815732,0.25303847682597,1.1587147518150904
2021,343,19,0.48374958999430945,0.6737292489020154,0.9329465365509888,0.6288949094569602,0.5874383420933214,1.14625229268934
2021,343,20,0,0,0,0.6288949094569602,0.5874383420933214,NA
2021,343,21,0,0,0,0.6288949094569602,0.5874383420933214,NA
2021,343,22,0,0,0,0.6288949094569602,0.5874383420933214,NA
2021,343,23,0,0,0,0.6288949094569602,0.5874383420933214,NA
2021,344,0,0,0,0,0.6288949094569602,0.5874383420933214,NA
2021,344,1,0,0,0,0.6288949094569602,0.5874383420933214,NA
2021,344,2,0,0,0,0.6288949094569602,0.5874383420933214,NA
2021,344,3,0,0,0,0.6288949094569602,0.5874383420933214,NA
2021,344,4,0,0,0,0.6288949094569602,0.5874383420933214,NA
2021,344,5,0,0,0,0.6288949094569602,0.5874383420933214,NA
2021,344,6,0.4810695604304431,0.6631846230113821,0.9349676445194423,0.6237306581999004,0.5827497303899217,1.1502245507688995
2021,344,7,0.1060280649047037,0.2721776349227513,0.7972096320715899,0.18640939573562137,0.13942740036298717,1.153497716173387
2021,344,8,0.41942724400923037,0.5617310114799399,0.8741100076771454,0.4151393137326379,0.37253941209084035,1.1048281174269254
2021,344,9,0.4578820899379248,0.666084074567489,0.957003178842226,0.6139368884257064,0.5880557063128584,1.0970413801029184
2021,344,10,0.6633452635485261,0.8487809329219803,0.9765487219195405,0.5738938279176674,0.5314966224850265,1.1343714987240898
2021,344,11,0.8507470494461923,0.9619737581650077,0.9935837172775479,0.6311845194089469,0.5955722716517676,1.0824672981634778
2021,344,12,0.8569585410279843,0.978178080069344,0.9914651227982986,1,1,1.0841781858711292
2021,344,13,0.8985268023043039,0.998502895472744,1,1,1,1.0418286914138664
2021,344,14,0.820056792672094,0.9158200419210519,0.9816896734299055,0.8563217622021638,0.7993165384722218,1.124353626253304
2021,344,15,0.7508111463548306,0.8089031031034571,0.9671445540170872,0.863454173890019,0.8079746722492247,1.1179819060400606
2021,344,16,0.6120496134291735,0.657399400070306,0.9553194752158736,0.6418821207199384,0.6187849316329016,1.111970668619335
2021,344,17,0.44832811027124847,0.5991220929519121,0.9356990465356333,0.5309310385899123,0.5135868416259545,1.0990997066608923
2021,344,18,0.41261386315139725,0.6451431011821511,0.9240421008133676,0.458091747134801,0.414348020994851,1.1494680540662152
2021,344,19,0.46933368649836943,0.678807429383738,0.9399963306079971,0.6246557908576209,0.5834448622081136,1.1480969151874403
2021,344,20,0,0,0,0.6246557908576209,0.5834448622081136,NA
2021,344,21,0,0,0,0.6246557908576209,0.5834448622081136,NA
2021,344,22,0,0,0,0.6246557908576209,0.5834448622081136,NA
2021,344,23,0,0,0,0.6246557908576209,0.5834448622081136,NA
2021,345,0,0,0,0,0.6246557908576209,0.5834448622081136,NA
2021,345,1,0,0,0,0.6246557908576209,0.5834448622081136,NA
2021,345,2,0,0,0,0.6246557908576209,0.5834448622081136,NA
2021,345,3,0,0,0,0.6246557908576209,0.5834448622081136,NA
2021,345,4,0,0,0,0.6246557908576209,0.5834448622081136,NA
2021,345,5,0,0,0,0.6246557908576209,0.5834448622081136,NA
2021,345,6,0.4921563120116388,0.68230316168271,0.9349955323073343,0.6226393602862683,0.5810441744842384,1.14615755374854
2021,345,7,0.11617786221270576,0.27966532422708995,0.804613822015907,0.21615194038041868,0.1780445632399394,1.1477989091643384
2021,345,8,0.4138418258330641,0.554226478076566,0.8760720107376616,0.43821018572384907,0.40462051980247477,1.1020326905837563
2021,345,9,0.46187655536387034,0.6663534936690122,0.9586431645667675,0.530838336388912,0.5077363194117337,1.093505252402776
2021,345,10,0.6721670451701243,0.8545101271717963,0.9762859476880879,0.6576777130674127,0.5998058200928176,1.1331020682726844
2021,345,11,0.8190321092814677,0.9509917077210257,0.996198139615845,0.7611620452612137,0.7162148794674547,1.1024145014917033
2021,345,12,0.8489667093911032,0.9682557672118888,0.9935846209510547,1,1,1.089171513655013
2021,345,13,0.8172365323732095,0.9202969119648735,0.9867847077710523,0.8610076998435584,0.7934402110775953,1.1334209752366067
2021,345,14,0.8274213826655074,0.9100537089202355,0.9770127957550461,0.7008800559750279,0.6524986262046317,1.1245223888943658
2021,345,15,0.7574082900413454,0.8056528409257383,0.9643796981755618,0.7679199790338619,0.7220237360504975,1.1185798191036067
2021,345,16,0.6710454537916272,0.7109648901514218,0.9670197246799767,0.6502279165559303,0.5915833985863469,1.1108891957303375
2021,345,17,0.4555216047114584,0.6103737886796775,0.9369638721963941,0.5665506109663464,0.5475340803261585,1.1022115251344093
2021,345,18,0.33664857041006985,0.6138428905605307,0.9102190289957481,0.33209449374545735,0.26567130362624836,1.1544428530116533
2021,345,19,0.49578627730730035,0.6729909723059441,0.9361638352604252,0.6269656528850027,0.5833295458932003,1.1462984843494253
2021,345,20,0,0,0,0.6269656528850027,0.5833295458932003,NA
2021,345,21,0,0,0,0.6269656528850027,0.5833295458932003,NA
2021,345,22,0,0,0,0.6269656528850027,0.5833295458932003,NA
2021,345,23,0,0,0,0.6269656528850027,0.5833295458932003,NA
2021,346,0,0,0,0,0.6269656528850027,0.5833295458932003,NA
2021,346,1,0,0,0,0.6269656528850027,0.5833295458932003,NA
2021,346,2,0,0,0,0.6269656528850027,0.5833295458932003,NA
2021,346,3,0,0,0,0.6269656528850027,0.5833295458932003,NA
2021,346,4,0,0,0,0.6269656528850027,0.5833295458932003,NA
2021,346,5,0,0,0,0.6269656528850027,0.5833295458932003,NA
2021,346,6,0.487118979291547,0.6749264175841191,0.9346721976370905,0.6275783956054001,0.5838684552610314,1.145908594949827
2021,346,7,0.45789883549969834,0.6359332701273889,0.9287212234323854,0.6096551208772455,0.5674016693956669,1.1461168234667247
2021,346,8,0.47011456702419263,0.6658999266520655,0.9433842270695811,0.6188829721283344,0.5777231862892411,1.143423119503315
2021,346,9,0.4927526245901173,0.6803318632744537,0.9334417864446446,0.6183381612229696,0.5770709996453084,1.1420719094998417
2021,346,10,0.5003330759024079,0.6790304525900688,0.9343465567261039,0.6300006914513613,0.5878722165669267,1.139453278184594
2021,346,11,0.4930844180353173,0.6794020863130317,0.9408935534435998,0.6268460915724168,0.5865682673478405,1.138374294803338
2021,346,12,0.49515884356757855,0.67335407793864,0.9330323379420601,0.6318986126290801,0.5917538890585993,1.137789638806729
2021,346,13,0.5003534163998,0.6703085006281576,0.9394979482643288,0.6263207504613697,0.5849602834937222,1.1359686322293894
2021,346,14,0.4899735790318794,0.6795445774427527,0.9378707502263632,0.6349848519312511,0.5941078024607883,1.1396709020801823
2021,346,15,0.5007084439609125,0.672138271841159,0.9444982781044565,0.6259795304300038,0.5853345676835344,1.1370652347907404
2021,346,16,0.4824332681756658,0.674448694799093,0.9296429600503637,0.6271641331936615,0.5857889320144758,1.145598748341103
2021,346,17,0.48301214009252896,0.6745791334991909,0.9367159292687608,0.6260395532401327,0.5834382638106825,1.146017556505302
2021,346,18,0.4795268225990987,0.6650765459279793,0.9298324497056444,0.6044104302541778,0.5609193825828869,1.1490768065690653
2021,346,19,0.48513569094965786,0.6741472340760615,0.9299286255495558,0.6275069709147646,0.5852147904433141,1.1481230888305505
2021,346,20,0,0,0,0.6275069709147646,0.5852147904433141,NA
2021,346,21,0,0,0,0.6275069709147646,0.5852147904433141,NA
2021,346,22,0,0,0,0.6275069709147646,0.5852147904433141,NA
2021,346,23,0,0,0,0.6275069709147646,0.5852147904433141,NA
2021,347,0,0,0,0,0.6275069709147646,0.5852147904433141,NA
2021,347,1,0,0,0,0.6275069709147646,0.5852147904433141,NA
2021,347,2,0,0,0,0.6275069709147646,0.5852147904433141,NA
2021,347,3,0,0,0,0.6275069709147646,0.5852147904433141,NA
2021,347,4,0,0,0,0.6275069709147646,0.5852147904433141,NA
2021,347,5,0,0,0,0.6275069709147646,0.5852147904433141,NA
2021,347,6,0.4837274486730122,0.6736129789923606,0.9453502250027336,0.6262615592965776,0.584519104222065,1.144862715715862
2021,347,7,0.12711504962204798,0.283513174656775,0.805754189899458,0.2429457682702888,0.2047036574580154,1.1500077104465651
2021,347,8,0.42642422366600097,0.5651953462678225,0.8834701203268982,0.4131493177927671,0.3687985676696112,1.1030706780486654
2021,347,9,0.41364953968283485,0.6408513991646008,0.941877277818642,0.5541951610817033,0.528332837981738,1.1000104626376563
2021,347,10,0.6657698312156999,0.8430765208171559,0.9684303348098244,0.6926981713135638,0.6205522670744141,1.1386076497467457
2021,347,11,0.8352216346161226,0.9507494460125516,0.9929960122932472,0.6251262924077883,0.5860053958383481,1.0975421366546132
2021,347,12,0.850705429688873,0.9728187433546144,0.9930619209412402,1,0.9546236081493542,1.0873526297869982
2021,347,13,0.9092298722283587,1,1,1,0.9225978541255696,1.0301663761640616
2021,347,14,0.8350716190149605,0.9061771542470712,0.9821230558436322,0.5919079513956259,0.5483421318428351,1.1244710497577604
2021,347,15,0.7966062475195698,0.8193980336956,0.9652812264721562,0.5665281807019318,0.5301272305478684,1.1172175793479644
2021,347,16,0.5503636919494324,0.6814333184124057,0.9441968035197688,0.628217665395314,0.5937054062232195,1.1253855831340358
2021,347,17,0.47460217786015646,0.666266446771763,0.942285955756357,0.6159499391990985,0.5789862855894482,1.1383206769622185
2021,347,18,0.48078889429804605,0.6791935299175158,0.9325243115877692,0.6185470495507004,0.5754006871407247,1.146948972577543
2021,347,19,0.4757344748795344,0.6714793185803806,0.9385994512312734,0.6242879736482522,0.5822837248011417,1.1491529484484193
2021,347,20,0,0,0,0.6242879736482522,0.5822837248011417,NA
2021,347,21,0,0,0,0.6242879736482522,0.5822837248011417,NA
2021,347,22,0,0,0,0.6242879736482522,0.5822837248011417,NA
2021,347,23,0,0,0,0.6242879736482522,0.5822837248011417,NA
2021,348,0,0,0,0,0.6242879736482522,0.5822837248011417,NA
2021,348,1,0,0,0,0.6242879736482522,0.5822837248011417,NA
2021,348,2,0,0,0,0.6242879736482522,0.5822837248011417,NA
2021,348,3,0,0,0,0.6242879736482522,0.5822837248011417,NA
2021,348,4,0,0,0,0.6242879736482522,0.5822837248011417,NA
2021,348,5,0,0,0,0.6242879736482522,0.5822837248011417,NA
2021,348,6,0.490368310585348,0.6817336400730333,0.9339428528335095,0.6247452332569918,0.5833583308051608,1.1462346426272103
2021,348,7,0.25027649859953915,0.4130331316661949,0.8666503385932992,0.5051240024393571,0.4640796159615468,1.1463711514944053
2021,348,8,0.45190554435554264,0.6152714972273912,0.916451060680192,0.5606232593027858,0.5226095451326577,1.129239065199442
2021,348,9,0.4581230314613847,0.6580141720908876,0.942386851366575,0.5885575063792707,0.5578655777377945,1.1217857701430147
2021,348,10,0.5128359961920895,0.7096408161940333,0.9435869211297518,0.5990686676932304,0.5590112629738964,1.1398220331413613
2021,348,11,0.5295034851647122,0.708989126701065,0.9363616663110114,0.6289765854240427,0.5888512776790911,1.1411766536292243
2021,348,12,0.5092663670882522,0.6847517122332983,0.937345124779646,0.6257900827375582,0.5851087192245444,1.1378355474887112
2021,348,13,0.6213019834573804,0.7680442809506473,0.9513244655542225,0.6885345028089083,0.6393791892049799,1.1340989939436277
2021,348,14,0.6298780503949303,0.7521735528747563,0.949613708416647,0.7204827768195476,0.6595140413923446,1.1317761617082378
2021,348,15,0.49277581398352094,0.668648702165131,0.9375767737264524,0.6278785210127045,0.5874800985488671,1.1354562703941018
2021,348,16,0.4883842272773024,0.6780028950483844,0.9392155256489481,0.6305914866738308,0.589035262603497,1.138826505640774
2021,348,17,0.4894070953921396,0.6722350577736386,0.9344917158471986,0.6254627080110652,0.5844015475381819,1.1447998312518117
2021,348,18,0.4678680564283671,0.6630476082269701,0.931722178345131,0.5952124487111207,0.5525391996354027,1.1454576320972674
2021,348,19,0.4926947857974196,0.6774856890135827,0.9278192315738998,0.625843180549809,0.5828519847171778,1.1485864824670267
2021,348,20,0,0,0,0.625843180549809,0.5828519847171778,NA
2021,348,21,0,0,0,0.625843180549809,0.5828519847171778,NA
2021,348,22,0,0,0,0.625843180549809,0.5828519847171778,NA
2021,348,23,0,0,0,0.625843180549809,0.5828519847171778,NA
2021,349,0,0,0,0,0.625843180549809,0.5828519847171778,NA
2021,349,1,0,0,0,0.625843180549809,0.5828519847171778,NA
2021,349,2,0,0,0,0.625843180549809,0.5828519847171778,NA
2021,349,3,0,0,0,0.625843180549809,0.5828519847171778,NA
2021,349,4,0,0,0,0.625843180549809,0.5828519847171778,NA
2021,349,5,0,0,0,0.625843180549809,0.5828519847171778,NA
2021,349,6,0,0,0,0.625843180549809,0.5828519847171778,NA
2021,349,7,0.47381495823427555,0.6872874365148417,0.932826463680429,0.6245820065881269,0.582109610642548,1.1472880317130727
2021,349,8,0.49536127164075333,0.6738148539471405,0.9332476150328113,0.6207328392201813,0.5789537303892693,1.1452810034664371
2021,349,9,0.4867899176511919,0.6747985097284379,0.93386385642510406,0.6258316125292666,0.5845194160181764,1.1417106802407169
2021,349,10,0.48164150356349966,0.6750987265258342,0.9303933959193182,0.6212352866155608,0.5814724741401012,1.1414548265023599
2021,349,11,0.4957532655383801,0.6789082794168786,0.9405719306016403,0.6333524311439543,0.5912765585331907,1.136496516891507
2021,349,12,0.4713166981455982,0.6838207775927736,0.9326422414881886,0.6262461275178984,0.5860864768132462,1.1380847614031269
2021,349,13,0.5004455964588869,0.6823879156163513,0.9381427185548572,0.6225575910712995,0.5815342309127558,1.1340834367722605
2021,349,14,0.4850752783028987,0.6700967022594096,0.9353321217820932,0.620900962719468,0.5816802864514472,1.1356986157441082
2021,349,15,0.4894161607734876,0.6825641525467855,0.927648574836435,0.619939114975586,0.5795495741832816,1.136649401355026
2021,349,16,0.4817643118575902,0.6785814184732673,0.930304861681072,0.6259643005149721,0.5852643799796902,1.1409513226892685
2021,349,17,0.493875788198199,0.6794555196738289,0.9319551135862844,0.6218121891350745,0.580718585694329,1.146254713982525
2021,349,18,0.3337964465084232,0.5899006045773498,0.9069422576481654,0.4096812955594533,0.2965291339128929,1.1524627072038602
2021,349,19,0.48894859938443436,0.6655501373663205,0.9249245731080158,0.6262261182556714,0.5831896227916914,1.1490705921601032
2021,349,20,0,0,0,0.6262261182556714,0.5831896227916914,NA
2021,349,21,0,0,0,0.6262261182556714,0.5831896227916914,NA
2021,349,22,0,0,0,0.6262261182556714,0.5831896227916914,NA
2021,349,23,0,0,0,0.6262261182556714,0.5831896227916914,NA
2021,350,0,0,0,0,0.6262261182556714,0.5831896227916914,NA
2021,350,1,0,0,0,0.6262261182556714,0.5831896227916914,NA
2021,350,2,0,0,0,0.6262261182556714,0.5831896227916914,NA
2021,350,3,0,0,0,0.6262261182556714,0.5831896227916914,NA
2021,350,4,0,0,0,0.6262261182556714,0.5831896227916914,NA
2021,350,5,0,0,0,0.6262261182556714,0.5831896227916914,NA
2021,350,6,0.47323152350367703,0.6761097680735351,0.9333029533120847,0.6257557947789797,0.5842663248211969,1.1480842748702909
2021,350,7,0.4772845445515288,0.6834855110970794,0.9366673022182284,0.6244919229586536,0.58324547987934106,1.1459685753727147
2021,350,8,0.4309954538693801,0.5600182317208031,0.8790761565838934,0.40411399816074267,0.3300461721930184,1.1030016176122373
2021,350,9,0.42458327244588545,0.6366865484298151,0.9413227938696737,0.5550707298032014,0.5283304640981941,1.098442046513687
2021,350,10,0.7052824951343474,0.8494593132277466,0.9693884726337035,0.47017996938279555,0.4378745913036321,1.1379206676191296
2021,350,11,0.8340073575917776,0.9599015753279273,0.9877422050522993,0.6839629763001066,0.6426442920179443,1.0984027980243987
2021,350,12,0.8830602661345308,0.9891943312774205,0.9973722266054994,0.7011333313300194,0.6488061148660086,1.0551696134547646
2021,350,13,0.8184051433764292,0.929544565143978,0.9887443339759561,0.6767386475456969,0.621250238665104,1.1341309117064795
2021,350,14,0.8146910359186351,0.9061576381535147,0.9845543873272906,0.606967303194733,0.5616884203636869,1.1266726030967118
2021,350,15,0.7548417988799508,0.7952074028263841,0.9646447087737289,0.647932129079336,0.6060482164038161,1.118977904390683
2021,350,16,0.5485866151610337,0.6772259130055409,0.9316385850515755,0.6065409073851198,0.5706683028613393,1.125483101638601
2021,350,17,0.48291244747214757,0.6702856019332628,0.9345609978450675,0.6188145964734963,0.577360519317449,1.1426696739514504
2021,350,18,0.3445211207119717,0.5873033588512286,0.9010254581997658,0.3501828834297807,0.28823015699460325,1.1485720315883645
2021,350,19,0.4941523933889195,0.682706554730894,0.9390771421639883,0.6271489717165719,0.584069140197413,1.144819459497446
2021,350,20,0,0,0,0.6271489717165719,0.584069140197413,NA
2021,350,21,0,0,0,0.6271489717165719,0.584069140197413,NA
2021,350,22,0,0,0,0.6271489717165719,0.584069140197413,NA
2021,350,23,0,0,0,0.6271489717165719,0.584069140197413,NA
2021,351,0,0,0,0,0.6271489717165719,0.584069140197413,NA
2021,351,1,0,0,0,0.6271489717165719,0.584069140197413,NA
2021,351,2,0,0,0,0.6271489717165719,0.584069140197413,NA
2021,351,3,0,0,0,0.6271489717165719,0.584069140197413,NA
2021,351,4,0,0,0,0.6271489717165719,0.584069140197413,NA
2021,351,5,0,0,0,0.6271489717165719,0.584069140197413,NA
2021,351,6,0.491712170668836,0.6787136223969898,0.9338418480346458,0.624255632896091,0.5824490914760381,1.146680521424385
2021,351,7,0.48557037212850135,0.6834465675903048,0.9368431489416359,0.6229290290552021,0.581924658268518,1.1457141143606293
2021,351,8,0.4004372599335535,0.5382456395435123,0.8682671057761776,0.48342611284993714,0.45304088150535815,1.1025212162045501
2021,351,9,0.416422164401481,0.6362121626244914,0.9396815299245577,0.5279899138629882,0.5030117219253954,1.0974031244796785
2021,351,10,0.7140030588518079,0.8542510750815326,0.9705802916947704,0.4763779809554684,0.44365830253803046,1.1401898127569434
2021,351,11,0.8371152756120968,0.9622247071554021,0.9912664527400185,0.6564492536770844,0.6156714513799204,1.0898760076118004
2021,351,12,0.8729088340740244,0.9844492639895435,0.9928120884037966,0.7305347190242563,0.6750168704852985,1.0639277154926248
2021,351,13,0.8686282771362942,0.9752410836374179,0.9948020122972939,0.6932439973781193,0.6330985056421302,1.0744758440427344
2021,351,14,0.8036096330991178,0.9258300302812938,0.9927223873983242,1,0.9677188217348712,1.1301000913844303
2021,351,15,0.7706557435155011,0.8129874563909207,0.9649984177434209,0.7767427844080618,0.7161580683802905,1.1208934200765652
2021,351,16,0.6555852520545555,0.6821488453118996,0.9527468124872156,0.6176842141236172,0.5831028138205913,1.1169449394763307
2021,351,17,0.5251780487075735,0.6314250287047555,0.9469792667050168,0.4957869897879379,0.46326669563750167,1.0962526976376759
2021,351,18,0.33244704861373414,0.5724209496966092,0.8977908322302909,0.3044808133165378,0.2444645766503037,1.1489930447895902
2021,351,19,0.4943181314074171,0.6806031128665195,0.9335050537793568,0.6235052002829463,0.5810874723709647,1.1457430744782724
2021,351,20,0,0,0,0.6235052002829463,0.5810874723709647,NA
2021,351,21,0,0,0,0.6235052002829463,0.5810874723709647,NA
2021,351,22,0,0,0,0.6235052002829463,0.5810874723709647,NA
2021,351,23,0,0,0,0.6235052002829463,0.5810874723709647,NA
2021,352,0,0,0,0,0.6235052002829463,0.5810874723709647,NA
2021,352,1,0,0,0,0.6235052002829463,0.5810874723709647,NA
2021,352,2,0,0,0,0.6235052002829463,0.5810874723709647,NA
2021,352,3,0,0,0,0.6235052002829463,0.5810874723709647,NA
2021,352,4,0,0,0,0.6235052002829463,0.5810874723709647,NA
2021,352,5,0,0,0,0.6235052002829463,0.5810874723709647,NA
2021,352,6,0.48398915530325043,0.6781685142317844,0.9396852813774609,0.6256088131066283,0.5835948404462432,1.1454205385792453
2021,352,7,0.4809994953410432,0.6657812642677386,0.9311416488981266,0.6269228980608155,0.5851464609800435,1.149485838901617
2021,352,8,0.42099126770022455,0.5565603738820256,0.8762819573097128,0.45454659377685996,0.4038788473414025,1.1018617553062455
2021,352,9,0.4417688042789887,0.6515560927004693,0.9447459275358495,0.5711850413679761,0.5474075363670365,1.1044210790601805
2021,352,10,0.6922835946382574,0.8489640587996138,0.9658622469552686,0.6052866324875686,0.5416134038876406,1.1418858503876206
2021,352,11,0.8226003752191532,0.9633133177788089,0.9895874292512933,0.6956472179402232,0.6515039784005451,1.09791058400064
2021,352,12,0.868987137196635,0.9944605087127574,0.9933100598147305,0.8005496933385108,0.7371061553244849,1.0628975995167131
2021,352,13,0.8293015851684891,0.9730710565691015,0.9937706942661213,1,1,1.1001540941597154
2021,352,14,0.7677928887808634,0.907064713192344,0.9857632569020199,1,1,1.1320963097905254
2021,352,15,0.7894313905256635,0.8168007239782497,0.9672433119146029,0.6017093884000917,0.5592868327321567,1.1177163577331197
2021,352,16,0.6508104461681146,0.6722118441089953,0.9529674720079427,0.6418499798170701,0.6121769135295482,1.112664911214638
2021,352,17,0.5201116919700313,0.6269997526649695,0.9440237161912015,0.38290700766782537,0.3063926595390564,1.0959093733753118
2021,352,18,0.3392258627257749,0.5727418440453276,0.8988750512166467,0.2795753461238743,0.23917038317201297,1.1490003427661168
2021,352,19,0.4784777017544904,0.6706396923117947,0.9352241086881233,0.6227238507417386,0.580852092576576,1.1475163544857216
2021,352,20,0,0,0,0.6227238507417386,0.580852092576576,NA
2021,352,21,0,0,0,0.6227238507417386,0.580852092576576,NA
2021,352,22,0,0,0,0.6227238507417386,0.580852092576576,NA
2021,352,23,0,0,0,0.6227238507417386,0.580852092576576,NA
2021,353,0,0,0,0,0.6227238507417386,0.580852092576576,NA
2021,353,1,0,0,0,0.6227238507417386,0.580852092576576,NA
2021,353,2,0,0,0,0.6227238507417386,0.580852092576576,NA
2021,353,3,0,0,0,0.6227238507417386,0.580852092576576,NA
2021,353,4,0,0,0,0.6227238507417386,0.580852092576576,NA
2021,353,5,0,0,0,0.6227238507417386,0.580852092576576,NA
2021,353,6,0.48266499774673155,0.675922122638441,0.9327240371021349,0.6242785470759667,0.5819042823400741,1.1478787892867128
2021,353,7,0.48385224093705925,0.6742234028445003,0.9310024028315671,0.6260088760711124,0.5831082750504709,1.1462835503453839
2021,353,8,0.3949086313336514,0.5386134691583895,0.8629926286922128,0.5067185376352372,0.47906942806221814,1.1004167163768193
2021,353,9,0.47722070854721593,0.6774204062825857,0.9543965128374433,0.5258181375709806,0.48112995672130265,1.1032211860422612
2021,353,10,0.701606140915935,0.8597208456801381,0.9726778180406879,0.6758103066178415,0.6210374238412782,1.1454105462563144
2021,353,11,0.7925827326427229,0.957616543347252,0.9829693766795338,0.8819446128703337,0.8002837295751807,1.129721222566551
2021,353,12,0.8711599315835695,1,0.9993453259244294,1,1,1.0480084524310018
2021,353,13,0.8536924437110686,0.9878576846346778,0.9973490754323104,1,1,1.0735897318596619
2021,353,14,0.8071003870120105,0.9438463010904121,0.9985359269986921,1,1,1.1280891963428905
2021,353,15,0.7772056353840677,0.8203125447970723,0.9699763612233675,0.6644714454612851,0.6170970094960213,1.1190203213938554
2021,353,16,0.6607031153180541,0.6740932820445689,0.9554455139192277,0.5771219517656201,0.5339912925088786,1.1129149484235863
2021,353,17,0.46483810483069515,0.5821769799234913,0.9346743566238555,0.5360356733599765,0.5179276860062231,1.0941325889724682
2021,353,18,0.33308441938486116,0.5619973803395445,0.8893971313061301,0.326373304813216,0.2631947047424631,1.145229829718791
2021,353,19,0.49042414025858116,0.6725408197820948,0.9277588767236437,0.6278802180801487,0.5858144025385338,1.1497972834115058
2021,353,20,0,0,0,0.6278802180801487,0.5858144025385338,NA
2021,353,21,0,0,0,0.6278802180801487,0.5858144025385338,NA
2021,353,22,0,0,0,0.6278802180801487,0.5858144025385338,NA
2021,353,23,0,0,0,0.6278802180801487,0.5858144025385338,NA
2021,354,0,0,0,0,0.6278802180801487,0.5858144025385338,NA
2021,354,1,0,0,0,0.6278802180801487,0.5858144025385338,NA
2021,354,2,0,0,0,0.6278802180801487,0.5858144025385338,NA
2021,354,3,0,0,0,0.6278802180801487,0.5858144025385338,NA
2021,354,4,0,0,0,0.6278802180801487,0.5858144025385338,NA
2021,354,5,0,0,0,0.6278802180801487,0.5858144025385338,NA
2021,354,6,0.4836160775648909,0.6723145262646167,0.9375023452478496,0.6226939278132357,0.5810888812335939,1.1476314406688637
2021,354,7,0.49930843244278583,0.6752710171343745,0.9311594060941166,0.62798834588732,0.58507205354819,1.1480167541698947
2021,354,8,0.4029689427199817,0.5425230303324876,0.8640034129770229,0.39316151514090614,0.3315864759721663,1.0989516799492876
2021,354,9,0.47543029225538,0.667771612201213,0.9472876402411666,0.41034618109321946,0.30831206417371176,1.1029569312479142
2021,354,10,0.700450790924229,0.8584732457881106,0.9650493069326074,0.6203647865808392,0.5429826501532654,1.1433856900617476
2021,354,11,0.7872327261755582,0.9561181670249814,0.9835688137227767,0.9165433125435848,0.8261522444461276,1.1276752064167197
2021,354,12,0.8797640940117104,0.9956250485358871,0.9965967909631911,0.7991386727902848,0.7286131123534978,1.0537150971049396
2021,354,13,0.8415575604572184,0.9742535952030694,0.9894891949219704,0.6590287100843454,0.5988864305135799,1.0924336661937737
2021,354,14,0.7804907764212948,0.9203939680230998,0.9888989846140147,1,1,1.128957636725782
2021,354,15,0.778350589007966,0.8232139672174321,0.9676621688921672,0.6446633603802897,0.5962250072544105,1.1204485181701282
2021,354,16,0.6822420006882903,0.6911246198150007,0.9609795702320496,0.5927778696165219,0.5620122712707536,1.1110748844860714
2021,354,17,0.503891912477351,0.606650193245052,0.9466497452243294,0.6322953845231093,0.6089416519577925,1.097044675541218
2021,354,18,0.3368759446273592,0.5704327436341038,0.8911339601264926,0.30445772119183934,0.26213239797948223,1.1416448087427256
2021,354,19,0.48079665339855765,0.6741300578130912,0.935918333302539,0.6275984624791863,0.5861743412078062,1.147663334240602
2021,354,20,0,0,0,0.6275984624791863,0.5861743412078062,NA
2021,354,21,0,0,0,0.6275984624791863,0.5861743412078062,NA
2021,354,22,0,0,0,0.6275984624791863,0.5861743412078062,NA
2021,354,23,0,0,0,0.6275984624791863,0.5861743412078062,NA
2021,355,0,0,0,0,0.6275984624791863,0.5861743412078062,NA
2021,355,1,0,0,0,0.6275984624791863,0.5861743412078062,NA
2021,355,2,0,0,0,0.6275984624791863,0.5861743412078062,NA
2021,355,3,0,0,0,0.6275984624791863,0.5861743412078062,NA
2021,355,4,0,0,0,0.6275984624791863,0.5861743412078062,NA
2021,355,5,0,0,0,0.6275984624791863,0.5861743412078062,NA
2021,355,6,0.48896576089635546,0.6700895297054564,0.9306947825535332,0.6248717503602711,0.582884536720984,1.1470604038104777
2021,355,7,0.48954651629641427,0.6820968038993083,0.9380282717609588,0.6243339722922371,0.5819165188845208,1.1466802206437543
2021,355,8,0.40481710571086077,0.5350356201045393,0.8644609038431414,0.3803148981289025,0.3211072046725555,1.099171731594466
2021,355,9,0.420091074620196,0.6286250039605483,0.9373966366920511,0.5585334526724943,0.5251004192066324,1.102608064561526
2021,355,10,0.7036903870854404,0.8505900141602545,0.9633176547772166,0.48098395422802864,0.4457494267498966,1.1458911697035172
2021,355,11,0.81417508281983,0.96833340527151,0.982522687421587,0.5872042055072595,0.5444818530710982,1.104602032861282
2021,355,12,0.8517505448890011,0.9680416623092527,0.9945073907197753,0.8161960500665045,0.7491449669555892,1.08744130872496
2021,355,13,0.8305970980039962,0.9869447829498654,0.9927506948438584,0.9888259662523251,0.900243709565762,1.0917481044596555
2021,355,14,0.8005619486251485,0.9179427411382083,0.983796087733181,0.5537032700161453,0.5077330531244675,1.1279850289158433
2021,355,15,0.7761984022515153,0.8156301608230657,0.9666403295950077,0.6547797311111042,0.6042629321614208,1.1215269081076409
2021,355,16,0.6666980848045287,0.6771321097070373,0.9565413810909462,0.5569295655806819,0.5208086228171369,1.1117571738106573
2021,355,17,0.4953953353659339,0.5904323453315187,0.9456232633570792,0.5151505541323789,0.47436946713384215,1.094979579110066
2021,355,18,0.3413119935713821,0.560165457466542,0.8998268441493964,0.30942119161300713,0.26445381504283866,1.1415852934475619
2021,355,19,0.4836838889568214,0.6742919762958396,0.9309939952954028,0.6277350015913424,0.5852201802622728,1.14771082713577
2021,355,20,0,0,0,0.6277350015913424,0.5852201802622728,NA
2021,355,21,0,0,0,0.6277350015913424,0.5852201802622728,NA
2021,355,22,0,0,0,0.6277350015913424,0.5852201802622728,NA
2021,355,23,0,0,0,0.6277350015913424,0.5852201802622728,NA
2021,356,0,0,0,0,0.6277350015913424,0.5852201802622728,NA
2021,356,1,0,0,0,0.6277350015913424,0.5852201802622728,NA
2021,356,2,0,0,0,0.6277350015913424,0.5852201802622728,NA
2021,356,3,0,0,0,0.6277350015913424,0.5852201802622728,NA
2021,356,4,0,0,0,0.6277350015913424,0.5852201802622728,NA
2021,356,5,0,0,0,0.6277350015913424,0.5852201802622728,NA
2021,356,6,0.48319922807903176,0.672791977173761,0.9358842885532984,0.6292358849845189,0.5880654285904262,1.1470422587872426
2021,356,7,0.4756049156742203,0.6715238382362126,0.930504648309738,0.6260740988856883,0.5840229523311791,1.147946233280336
2021,356,8,0.3896212435880936,0.5298819165884092,0.8616454530661092,0.5005601280685055,0.47099221364668614,1.1011549670726986
2021,356,9,0.4663266575649924,0.6654005083677301,0.9529195205106792,0.5231030932463834,0.4049607753185727,1.10385559005931
2021,356,10,0.7553721628957498,0.8902866552777408,0.9816793034949711,0.5228066645669428,0.4781769619495307,1.1456350025708417
2021,356,11,0.8429846991028508,0.9968126830740173,0.987325304273455,0.6034131975991054,0.5619994844250358,1.0682209864165837
2021,356,12,0.8785896630648196,0.9790857145545732,0.9952234294819026,0.6374159258221094,0.5829159377649595,1.0645860486161935
2021,356,13,0.830750751039905,0.9680892243256229,0.9883089500076881,0.6785737833865014,0.6155624131932572,1.102361839037897
2021,356,14,0.7922859621289298,0.913943993952806,0.9909889611304209,0.5342170495191602,0.48775973243988086,1.130379866103287
2021,356,15,0.7718595327164189,0.8106229591823754,0.968925398405245,0.7687632161428815,0.7036196486600784,1.1215185580088742
2021,356,16,0.679481658333932,0.6794573149745151,0.9536123306646711,0.5528515449349196,0.50697045060154,1.1098518113650204
2021,356,17,0.5027401723323818,0.5935129137917713,0.9442423360870484,0.5823060526684914,0.5626722668532984,1.0948635066318282
2021,356,18,0.31851978213937837,0.5366063874399712,0.8935306376163072,0.3249213479236477,0.28180153674227987,1.1389669367069502
2021,356,19,0.4815428581024468,0.6691633910811282,0.9341237747174471,0.6259751698258361,0.5832339313381898,1.1473322272127593
2021,356,20,0.485732035097563,0.6726419915724785,0.937063613642926,0.6266463339255914,0.5847592796059143,1.1458089885861753
2021,356,21,0,0,0,0.6266463339255914,0.5847592796059143,NA
2021,356,22,0,0,0,0.6266463339255914,0.5847592796059143,NA
2021,356,23,0,0,0,0.6266463339255914,0.5847592796059143,NA
2021,357,0,0,0,0,0.6266463339255914,0.5847592796059143,NA
2021,357,1,0,0,0,0.6266463339255914,0.5847592796059143,NA
2021,357,2,0,0,0,0.6266463339255914,0.5847592796059143,NA
2021,357,3,0,0,0,0.6266463339255914,0.5847592796059143,NA
2021,357,4,0,0,0,0.6266463339255914,0.5847592796059143,NA
2021,357,5,0,0,0,0.6266463339255914,0.5847592796059143,NA
2021,357,6,0.479227581577333,0.6704036203587229,0.9340943851272876,0.6278881876552365,0.5856489804703869,1.144482850751234
2021,357,7,0.49328090581575235,0.680040415442786,0.9361167771901511,0.6210966633089775,0.5791284148731769,1.148204852852376
2021,357,8,0.40594219238115054,0.5339489609299036,0.8609191435831035,0.4020998550154214,0.33330070193239447,1.0981303584621518
2021,357,9,0.4327155187270616,0.6349509331146143,0.939762588934019,0.39453609048434163,0.36388117788182167,1.1036879312770917
2021,357,10,0.7396043983253011,0.8700446219731643,0.9737129042288798,0.4957318534758462,0.4558885277029194,1.1465075005079028
2021,357,11,0.8000481502675997,0.9857547567707429,0.9847413613305709,0.7715111590605824,0.7127615461364258,1.1034743769253756
2021,357,12,0.8310641224490967,0.9676595065273131,0.9949262748346984,1,1,1.1015471595569197
2021,357,13,0.8478138260954733,0.9744621384750628,0.9873284926425064,0.5436950650224777,0.49270481718079,1.0893299933978478
2021,357,14,0.7618997771308348,0.9306850292839884,0.9911111028792853,0.9474578556174033,0.8706631254602355,1.1303941483593665
2021,357,15,0.7974708607972866,0.8221073713238738,0.972347350500231,0.5625130485846794,0.5175829097338851,1.1197410472143208
2021,357,16,0.6941392066181995,0.6853674816219552,0.9529832589544935,0.6000296669375822,0.5667922774938314,1.1109686994630366
2021,357,17,0.5077382247926012,0.5949069203566254,0.9392391799074318,0.5056485926505364,0.45697322667827645,1.0929426588803648
2021,357,18,0.32293670296235383,0.5378272185795903,0.8907070799712368,0.32122570362653236,0.28578762830572496,1.1385557621039029
2021,357,19,0.473856486404594,0.6784023596399391,0.9364742554201135,0.6261186326128811,0.5844560903453292,1.1460313787752554
2021,357,20,0.4860820345529052,0.6725498448050983,0.9329138633635946,0.6261352367122637,0.5855034654935952,1.146374640840219
2021,357,21,0,0,0,0.6261352367122637,0.5855034654935952,NA
2021,357,22,0,0,0,0.6261352367122637,0.5855034654935952,NA
2021,357,23,0,0,0,0.6261352367122637,0.5855034654935952,NA
2021,358,0,0,0,0,0.6261352367122637,0.5855034654935952,NA
2021,358,1,0,0,0,0.6261352367122637,0.5855034654935952,NA
2021,358,2,0,0,0,0.6261352367122637,0.5855034654935952,NA
2021,358,3,0,0,0,0.6261352367122637,0.5855034654935952,NA
2021,358,4,0,0,0,0.6261352367122637,0.5855034654935952,NA
2021,358,5,0,0,0,0.6261352367122637,0.5855034654935952,NA
2021,358,6,0.49049916094216484,0.6772659274894376,0.93359627287546,0.6235514734665485,0.5825577621954695,1.1483102138791956
2021,358,7,0.48175961446903504,0.6729758689597609,0.9430633531169614,0.6267694702393489,0.5849351301455833,1.1464791595380848
2021,358,8,0.3887111436627228,0.522984877783874,0.8556163039887008,0.46941813947144856,0.433961148762584,1.0959358840745606
2021,358,9,0.4208543037095209,0.627531814409522,0.9401028198050136,0.4627255754256375,0.4382303702044194,1.103296976537417
2021,358,10,0.7185019891342106,0.8513747838571935,0.9697026263757952,0.4794556210124919,0.44166745457585216,1.1431170024455493
2021,358,11,0.8121320283425477,0.9687241343647625,0.9851726222964218,0.5711421559686795,0.5322990874055281,1.10257346716796
2021,358,12,0.8769371921243625,0.9810019432906223,1,0.6201853051003324,0.5651834322893309,1.0604148279021253
2021,358,13,0.7926835074211063,0.9601521800793351,0.9850931752616939,1,1,1.1374998160428111
2021,358,14,0.7729931550924628,0.9193860673065891,0.9835243523572953,0.5520875021221617,0.504655349074374,1.1267405878490377
2021,358,15,0.7820146565332713,0.8305945389864808,0.9716423707580074,1,0.9088958142810797,1.117020985150993
2021,358,16,0.6806826940912697,0.6788550767904596,0.9480416600862424,0.5352609623212283,0.5035448524596734,1.1090162263559624
2021,358,17,0.49577933895060305,0.5782992897102618,0.9375362366582796,0.4833499611020412,0.4600206059213502,1.0927349205866852
2021,358,18,0.32545585392670723,0.5318949807411396,0.8942929213324443,0.4796735864883651,0.3739420073627233,1.1382324807284698
2021,358,19,0.4796901983524905,0.6700697963193022,0.9380178157550393,0.6293414026982522,0.586751905082306,1.1450791355915277
2021,358,20,0,0,0,0.6293414026982522,0.586751905082306,NA
2021,358,21,0,0,0,0.6293414026982522,0.586751905082306,NA
2021,358,22,0,0,0,0.6293414026982522,0.586751905082306,NA
2021,358,23,0,0,0,0.6293414026982522,0.586751905082306,NA
2021,359,0,0,0,0,0.6293414026982522,0.586751905082306,NA
2021,359,1,0,0,0,0.6293414026982522,0.586751905082306,NA
2021,359,2,0,0,0,0.6293414026982522,0.586751905082306,NA
2021,359,3,0,0,0,0.6293414026982522,0.586751905082306,NA
2021,359,4,0,0,0,0.6293414026982522,0.586751905082306,NA
2021,359,5,0,0,0,0.6293414026982522,0.586751905082306,NA
2021,359,6,0.48552492030853966,0.6793189279333933,0.9405000275132385,0.6268815313429614,0.5847293942179131,1.1462725426296627
2021,359,7,0.48830221636414317,0.6729213959117198,0.9321322827407809,0.6282805825678734,0.5860095532973503,1.1449243852943987
2021,359,8,0.3931123313797203,0.5315204272071269,0.8560056951106398,0.4826063255706843,0.44742485078368543,1.0974056948906932
2021,359,9,0.4362617135895034,0.6353979679430783,0.9460483091433401,0.3728429992047839,0.33976149435393327,1.1035029874226518
2021,359,10,0.7643082434108367,0.902160688218156,0.9794745451233372,0.5867318754364568,0.5147202119957957,1.1488831891860953
2021,359,11,0.7714759815351871,0.9492604435440827,0.9849288461242918,0.6816212286019092,0.6252916485068658,1.1353544604843986
2021,359,12,0.8128879008055923,0.9392886957819658,0.9960038963749617,0.8156618818990857,0.731486811878401,1.1277675489421601
2021,359,13,0.7717694368720645,0.942583152264847,0.9921117828782489,0.7890298858380161,0.717233727627546,1.1395291745329912
2021,359,14,0.6582797727793741,0.8228827446103001,0.9736838587228024,0.5987010944621856,0.5515584086857076,1.1336611967076684
2021,359,15,0.6739183609928535,0.7684986100583311,0.9539222131929116,0.68721966968094506,0.63020421145202965,1.1289248847693112
2021,359,16,0.6002697515021569,0.6767772183445341,0.9406124836787116,0.552679060355967,0.5165390726851578,1.1258707713831901
2021,359,17,0.49573988361771054,0.6224715558723403,0.9314459612200324,0.5398220427083358,0.5049561480703169,1.1224630804736453
2021,359,18,0.469971522763999,0.6669815359748708,0.9287850735495512,0.614652173833192,0.572579206117754,1.1470629206623602
2021,359,19,0.47248523679212034,0.6702371126999725,0.9459970737310178,0.6260441769474024,0.5850484590197245,1.1460131089892749
2021,359,20,0,0,0,0.6260441769474024,0.5850484590197245,NA
2021,359,21,0,0,0,0.6260441769474024,0.5850484590197245,NA
2021,359,22,0,0,0,0.6260441769474024,0.5850484590197245,NA
2021,359,23,0,0,0,0.6260441769474024,0.5850484590197245,NA
2021,360,0,0,0,0,0.6260441769474024,0.5850484590197245,NA
2021,360,1,0,0,0,0.6260441769474024,0.5850484590197245,NA
2021,360,2,0,0,0,0.6260441769474024,0.5850484590197245,NA
2021,360,3,0,0,0,0.6260441769474024,0.5850484590197245,NA
2021,360,4,0,0,0,0.6260441769474024,0.5850484590197245,NA
2021,360,5,0,0,0,0.6260441769474024,0.5850484590197245,NA
2021,360,6,0.4812203631215445,0.6737671662897178,0.9324771459041892,0.6269352381198305,0.584896162619133,1.1479089871500676
2021,360,7,0.4791954435628731,0.6693714591201478,0.9329053955157756,0.6218324863616179,0.5811846653648626,1.146720397862878
2021,360,8,0.3931258670553855,0.5318003490208381,0.8470664272471347,0.46049163963355194,0.42355623553778876,1.0954823279705885
2021,360,9,0.42771746243130476,0.6248034149587216,0.9414228578998449,0.4391728514877119,0.41461503767533314,1.1060722758129362
2021,360,10,0.7427983599393098,0.8525136393071632,0.9696632904851442,0.43266580834310603,0.39647738299973884,1.148466259688346
2021,360,11,0.7437734003886793,0.954808416525561,0.9861348014651145,0.8032465178582293,0.7279026075489777,1.1533859742172803
2021,360,12,0.8764806284748058,1,1,1,0.931390713789732,1.0406587989630367
2021,360,13,0.8226236057594286,0.9727559410166341,0.9953360973403463,0.5371499014508473,0.4836856973274577,1.0983121489030228
2021,360,14,0.765582038641074,0.9199972563096884,0.9886632641435514,0.5261486978253865,0.47833231294940554,1.1288631188497904
2021,360,15,0.773226098012873,0.8196053813213745,0.9688929927072251,0.7937180802033282,0.7227168320315615,1.1185796035698017
2021,360,16,0.6832434574604345,0.6788844240548328,0.9479805697909718,0.5433999258890717,0.5084387116248984,1.1152750135540503
2021,360,17,0.5060937921824659,0.5814930288732516,0.9359034552334808,0.5758033415742907,0.5565365037048523,1.0942156784428483
2021,360,18,0.3127649164821982,0.5129722461619045,0.8833412220367999,0.3947184652048974,0.3392320824182996,1.1339528430031072
2021,360,19,0.49176099202651435,0.6703312409102803,0.9257102927715699,0.6255939117073843,0.5834968765736929,1.1488402846282186
2021,360,20,0.49330656057498523,0.6774109725830383,0.9321167691648986,0.6273204407747174,0.5838648644759378,1.1456691260585647
2021,360,21,0,0,0,0.6273204407747174,0.5838648644759378,NA
2021,360,22,0,0,0,0.6273204407747174,0.5838648644759378,NA
2021,360,23,0,0,0,0.6273204407747174,0.5838648644759378,NA
2021,361,0,0,0,0,0.6273204407747174,0.5838648644759378,NA
2021,361,1,0,0,0,0.6273204407747174,0.5838648644759378,NA
2021,361,2,0,0,0,0.6273204407747174,0.5838648644759378,NA
2021,361,3,0,0,0,0.6273204407747174,0.5838648644759378,NA
2021,361,4,0,0,0,0.6273204407747174,0.5838648644759378,NA
2021,361,5,0,0,0,0.6273204407747174,0.5838648644759378,NA
2021,361,6,0.49593350771769595,0.6654902554519087,0.933885208513707,0.626884266612198,0.5845773883222796,1.1466844829686957
2021,361,7,0.4852968392115389,0.674238755125705,0.9324116272836964,0.6280343022278478,0.5850705088265392,1.1490613940926444
2021,361,8,0.3795565779721781,0.5166964992748637,0.8455605567207797,0.4331879101685791,0.395740760522144,1.09520434787211
2021,361,9,0.4492578074616578,0.6406048447316622,0.9439118411468135,0.40044929368211657,0.3532898011833132,1.1068783761760903
2021,361,10,0.7287765959170469,0.8648397629177217,0.9710974852250083,0.5730183135304906,0.4721943258955051,1.1479897290879193
2021,361,11,0.7403592266596493,0.9549965148724054,0.9903057595049631,0.7758896819543181,0.7039420899365348,1.1478191601578733
2021,361,12,0.8324996783344691,0.9782532707781719,0.9933048590852653,0.7494415587991433,0.6723707322899605,1.092344192338874
2021,361,13,0.8049314792152552,0.9950606691236528,0.9969850529302159,0.9404803337612502,0.8196405096389809,1.098562773149451
2021,361,14,0.7151677299616084,0.8915869045925969,0.9791372654061876,0.7625966002247996,0.6986374768557462,1.1297349936708074
2021,361,15,0.5861005446534489,0.7221913953231552,0.9399710578619933,0.6652857057764074,0.6140491950536913,1.1311790399768107
2021,361,16,0.5008807331474089,0.675322276048055,0.9358211446582398,0.6299686482208001,0.5882102100767366,1.1377442303446688
2021,361,17,0.5092515417754393,0.6479558936175337,0.934946388149162,0.61171640712562,0.5596792861441574,1.1271960087373025
2021,361,18,0.3552643909112757,0.5547223191207782,0.8949806128000507,0.4407342869655474,0.4040687599737095,1.1351884159693837
2021,361,19,0.4876119460742434,0.6784521308895971,0.9406250275584579,0.6218967883840529,0.5791734602310895,1.146325075318337
2021,361,20,0,0,0,0.6218967883840529,0.5791734602310895,NA
2021,361,21,0,0,0,0.6218967883840529,0.5791734602310895,NA
2021,361,22,0,0,0,0.6218967883840529,0.5791734602310895,NA
2021,361,23,0,0,0,0.6218967883840529,0.5791734602310895,NA
2021,362,0,0,0,0,0.6218967883840529,0.5791734602310895,NA
2021,362,1,0,0,0,0.6218967883840529,0.5791734602310895,NA
2021,362,2,0,0,0,0.6218967883840529,0.5791734602310895,NA
2021,362,3,0,0,0,0.6218967883840529,0.5791734602310895,NA
2021,362,4,0,0,0,0.6218967883840529,0.5791734602310895,NA
2021,362,5,0,0,0,0.6218967883840529,0.5791734602310895,NA
2021,362,6,0.47803788874832126,0.6761163389269478,0.9317498726700801,0.6303866297555134,0.5884316093049714,1.1467193569425134
2021,362,7,0.48725507596095435,0.6777512240746761,0.9298741372345302,0.6236639498532441,0.5815741625849674,1.1480946476428713
2021,362,8,0.38939809224973204,0.5248342781785007,0.8482277290233907,0.5450804056133207,0.5197191776652244,1.0954329094523407
2021,362,9,0.45231174413731384,0.6333227744947112,0.9496762821827607,0.4379899418653392,0.3986808695710938,1.109582128046371
2021,362,10,0.710142676593679,0.8412649558312363,0.9643153655660759,0.5142436316981537,0.4507985348137057,1.1450608410392116
2021,362,11,0.7770346361550119,0.9673427757135531,0.986328432304723,0.5408493541257473,0.5003766057599992,1.1166295037522174
2021,362,12,0.8592587156772932,0.9833333917517542,0.9939489531489444,0.5586762763922838,0.50447641089975,1.0724944795550613
2021,362,13,0.7775959514125442,0.9835964654549716,0.9951830147158282,1,0.92341433037927,1.1259473214313434
2021,362,14,0.7492922715519872,0.9407985907584195,0.9929406926216864,1,0.8725142201522101,1.128791676810443
2021,362,15,0.7883376927111099,0.8182617303752194,0.9658286772867405,0.5606934634862979,0.508463018402172,1.1194310053159504
2021,362,16,0.6442611551022381,0.6816036306842036,0.9436498394477864,0.6514347183429787,0.5955227565930902,1.1191038515396543
2021,362,17,0.48072265746197324,0.6765807972151038,0.9333865155391543,0.6183557629931794,0.577242966886524,1.1431007221170195
2021,362,18,0.30211686364384016,0.5173900945506724,0.8779842212006934,0.3716811767121216,0.34137291406499165,1.131357504827231
2021,362,19,0.48815006546024514,0.6746806419346317,0.9315245770217306,0.6241634528717875,0.581613888971739,1.1492229638534202
2021,362,20,0,0,0,0.6241634528717875,0.581613888971739,NA
2021,362,21,0,0,0,0.6241634528717875,0.581613888971739,NA
2021,362,22,0,0,0,0.6241634528717875,0.581613888971739,NA
2021,362,23,0,0,0,0.6241634528717875,0.581613888971739,NA
2021,363,0,0,0,0,0.6241634528717875,0.581613888971739,NA
2021,363,1,0,0,0,0.6241634528717875,0.581613888971739,NA
2021,363,2,0,0,0,0.6241634528717875,0.581613888971739,NA
2021,363,3,0,0,0,0.6241634528717875,0.581613888971739,NA
2021,363,4,0,0,0,0.6241634528717875,0.581613888971739,NA
2021,363,5,0,0,0,0.6241634528717875,0.581613888971739,NA
2021,363,6,0.48190250660409717,0.6851261023393809,0.9412250858608874,0.6286679587368745,0.5865940710992154,1.1459705047968445
2021,363,7,0.48311553571139193,0.6780883814078177,0.9322012126419429,0.6242527036359393,0.5817175127616557,1.1441188484814595
2021,363,8,0.3729824725765158,0.5050524193931396,0.840543413307033,0.498648763925807,0.47397204910582286,1.0935008677388751
2021,363,9,0.46831217766881317,0.6485564506014075,0.9462528282814621,0.5320471496810047,0.4986034190413112,1.1096530280157637
2021,363,10,0.7330214922235363,0.8630634338733334,0.9657246691671986,0.47618582643259616,0.4166796993841977,1.151718003309444
2021,363,11,0.5100407053277255,0.6990436243297594,0.940871233051899,0.6377204454920178,0.5945118749693791,1.1435605009369199
2021,363,12,0.5444987492516347,0.7133513954594559,0.9434041881702457,0.6459823221623191,0.5986511029820173,1.139670210902199
2021,363,13,0.7214234341298152,0.9071709356430797,0.9832658840069458,0.684644066479826,0.6199163500790159,1.1402269503256628
2021,363,14,0.5193203322032209,0.7028183880483725,0.9406730933651359,0.6056570069529343,0.563413474014559,1.1364218652026592
2021,363,15,0.48227004883518015,0.677599461769196,0.9338887587461293,0.6240661342988174,0.5827702097258788,1.1394216462123836
2021,363,16,0.5289296204813416,0.675379794238704,0.9331660941636968,0.6129145803039504,0.5679882615043359,1.139709262505383
2021,363,17,0.49472085880743855,0.6620970155624153,0.9289537953165925,0.6301533424391705,0.5874104679201718,1.1377577593429478
2021,363,18,0.4832078504662822,0.6753564631257014,0.9361370427071384,0.6189367610496599,0.5769263989838112,1.1463726348249623
2021,363,19,0.48329089507776785,0.6810948359569429,0.9381568795766755,0.6283597794277208,0.5858932907027894,1.1466899485354523
2021,363,20,0,0,0,0.6283597794277208,0.5858932907027894,NA
2021,363,21,0,0,0,0.6283597794277208,0.5858932907027894,NA
2021,363,22,0,0,0,0.6283597794277208,0.5858932907027894,NA
2021,363,23,0,0,0,0.6283597794277208,0.5858932907027894,NA
2021,364,0,0,0,0,0.6283597794277208,0.5858932907027894,NA
2021,364,1,0,0,0,0.6283597794277208,0.5858932907027894,NA
2021,364,2,0,0,0,0.6283597794277208,0.5858932907027894,NA
2021,364,3,0,0,0,0.6283597794277208,0.5858932907027894,NA
2021,364,4,0,0,0,0.6283597794277208,0.5858932907027894,NA
2021,364,5,0,0,0,0.6283597794277208,0.5858932907027894,NA
2021,364,6,0.49498548428468575,0.6828808937483622,0.9355460329559634,0.6209766547305536,0.5790335408594587,1.1452268398438994
2021,364,7,0.4913087017888898,0.681481212002659,0.933337212616917,0.6248701279675682,0.5820671482841415,1.1468174341332813
2021,364,8,0.3889458404477791,0.5196136528833737,0.844754573766235,0.5529759049437961,0.5283463990366363,1.0946758407371413
2021,364,9,0.4762964272866064,0.6527732815246279,0.9431843981049919,0.49090352659180847,0.4545665615855926,1.110354869410903
2021,364,10,0.7457430380772841,0.8694237613361423,0.9680327282958414,0.5250242810258775,0.4297112964361697,1.152306481225271
2021,364,11,0.7304939857445968,0.9732122242916829,0.9922064603240549,0.7834180629505191,0.7187299766894593,1.1402270382520099
2021,364,12,0.8197610441936161,0.9837519837715902,0.990884940117645,0.9191824130646861,0.779824573091192,1.1025990631768954
2021,364,13,0.7910416729986686,0.976686896400391,0.9920516629400158,0.517485521466419,0.4636186235489863,1.119001457155381
2021,364,14,0.7294611088120536,0.9152094609159521,0.9859841733964849,0.6029819341237598,0.5427532960108505,1.1302338064382003
2021,364,15,0.8120154932668968,0.829797662768354,0.9718864237478748,0.44193637624661714,0.3988887377310198,1.1208251155757303
2021,364,16,0.6748353839252841,0.6858825706840079,0.9484452962086347,0.5725709567938769,0.5243584050737146,1.1160789457087241
2021,364,17,0.5211043524844626,0.6254382202900503,0.9241923807071354,0.6140132146584352,0.5789528259894378,1.120514984685773
2021,364,18,0.28588165354001704,0.4928987307774543,0.8595487106370605,0.3866242301797299,0.3519222964125842,1.1224960852806496
2021,364,19,0.483220762911475,0.6801040700952234,0.9337682960575626,0.6224981201205431,0.5807792343754833,1.1472899956930984
2021,364,20,0,0,0,0.6224981201205431,0.5807792343754833,NA
2021,364,21,0,0,0,0.6224981201205431,0.5807792343754833,NA
2021,364,22,0,0,0,0.6224981201205431,0.5807792343754833,NA
2021,364,23,0,0,0,0.6224981201205431,0.5807792343754833,NA
2021,365,0,0,0,0,0.6224981201205431,0.5807792343754833,NA
2021,365,1,0,0,0,0.6224981201205431,0.5807792343754833,NA
2021,365,2,0,0,0,0.6224981201205431,0.5807792343754833,NA
2021,365,3,0,0,0,0.6224981201205431,0.5807792343754833,NA
2021,365,4,0,0,0,0.6224981201205431,0.5807792343754833,NA
2021,365,5,0,0,0,0.6224981201205431,0.5807792343754833,NA
2021,365,6,0.4792990550641262,0.6789941780368274,0.9262051698133366,0.62429967719597,0.5834329371505037,1.148255685729349
2021,365,7,0.47425715398094664,0.6717450837541793,0.9345356341647157,0.6219570339772391,0.5805196753862372,1.146003586088841
2021,365,8,0.38945461541452225,0.5128925442531118,0.8424086704211012,0.4893257540349557,0.45670914961804504,1.0907809690422563
2021,365,9,0.4488121229746011,0.627679182556212,0.9307153182958029,0.44299935718674976,0.41253591995894967,1.1115993914264513
2021,365,10,0.738350587646921,0.8620723631117068,0.9633793613891064,0.451939683061262,0.405623681790704,1.1541999339921998
2021,365,11,0.7315745563290257,0.9731730295109425,0.9873668419910409,0.602968123243771,0.5536437946175063,1.137195167698244
2021,365,12,0.828823007921622,0.9847932535167776,0.9907823936855671,0.5602746889191949,0.4970800915615918,1.0906687048066868
2021,365,13,0.779833875910064,0.9759969843405186,0.9945097499724012,0.5100155328230952,0.45437625236845186,1.1239665782497243
2021,365,14,0.7329563917021068,0.923503160193259,0.986850508503902,0.5465550380951169,0.4913574368352463,1.1303935299985133
2021,365,15,0.7706654515348007,0.8255216562076377,0.9673680502985845,0.8426914564010066,0.7306583098499677,1.123950611891765
2021,365,16,0.7014581680862321,0.7027848062734402,0.9580703338821361,0.5526463355543376,0.5088184737321975,1.1184639195226103
2021,365,17,0.5555167816396611,0.6043860862539442,0.9400387659903385,0.5152326575619929,0.46685995437489436,1.0990760483648985
2021,365,18,0.2930608079407652,0.5006692023019763,0.8609369806239144,0.41066085778018446,0.38163896778548906,1.123809115386286
2021,365,19,0.47805131891462754,0.6722924381379725,0.9439939447959457,0.6218341630817481,0.5805631724134025,1.1465287416285843
2021,365,20,0,0,0,0.6218341630817481,0.5805631724134025,NA
2021,365,21,0,0,0,0.6218341630817481,0.5805631724134025,NA
2021,365,22,0,0,0,0.6218341630817481,0.5805631724134025,NA
2021,365,23,0,0,0,0.6218341630817481,0.5805631724134025,NA
2022,1,0,0,0,0,0.6218341630817481,0.5805631724134025,NA
2022,1,1,0,0,0,0.6218341630817481,0.5805631724134025,NA
2022,1,2,0,0,0,0.6218341630817481,0.5805631724134025,NA
2022,1,3,0,0,0,0.6218341630817481,0.5805631724134025,NA
2022,1,4,0,0,0,0.6218341630817481,0.5805631724134025,NA
2022,1,5,0,0,0,0.6218341630817481,0.5805631724134025,NA
2022,1,6,0.4798003900099465,0.6691757363595867,0.9355725507798497,0.6251594914023305,0.5829804097116988,1.1469927068887196
2022,1,7,0.47805930695047044,0.6732203919329605,0.9412525821218176,0.6302856561989277,0.5870655126784131,1.1484921410048181
2022,1,8,0.3694312987698878,0.5005364979258256,0.838692455679816,0.5035483944294691,0.4801270706418275,1.09064894540069
2022,1,9,0.4818343070900004,0.6490338099348608,0.9372101635299839,0.33805370779743793,0.28103527951756924,1.1136678426959055
2022,1,10,0.74779575292705,0.8715463007703519,0.9665658173420072,0.39982828338501913,0.359629696167388,1.1530374348660777
2022,1,11,0.6953597358118171,0.9547803497426817,0.9832570000534615,0.7215308596693646,0.6514060849556735,1.1691190727242624
2022,1,12,0.7935994955988965,0.9827995273926018,0.9948920815511401,0.7982128989012466,0.6884142690543282,1.1145417274611256
2022,1,13,0.7471861343745867,0.9751507318251478,0.9920887849575745,0.6511208881778172,0.5815770484893759,1.143954308252075
2022,1,14,0.7159800415413189,0.9284023540830612,0.9887992999471823,0.7670000655350245,0.6886790252823588,1.1308128258026726
2022,1,15,0.771812054856432,0.8378514435916617,0.9726966663252943,0.8386504857341858,0.736970601898122,1.1232198243970526
2022,1,16,0.6957694778620087,0.7153848372851525,0.9563617771795639,0.8700728052126265,0.6187034091978753,1.116423272039135
2022,1,17,0.5712737416494973,0.604889716976692,0.9366996194430154,0.4324214223652579,0.379566870837759,1.0993971758381482
2022,1,18,0.3007392189916342,0.4942007624710666,0.8588349421176015,0.38725792129766395,0.3429715005786689,1.1205408934307641
2022,1,19,0.48597569116126815,0.6771498899570572,0.9361676744227643,0.6239272271394763,0.5819092428090525,1.1452401343129401
2022,1,20,0,0,0,0.6239272271394763,0.5819092428090525,NA
2022,1,21,0,0,0,0.6239272271394763,0.5819092428090525,NA
2022,1,22,0,0,0,0.6239272271394763,0.5819092428090525,NA
2022,1,23,0,0,0,0.6239272271394763,0.5819092428090525,NA
2022,2,0,0,0,0,0.6239272271394763,0.5819092428090525,NA
2022,2,1,0,0,0,0.6239272271394763,0.5819092428090525,NA
2022,2,2,0,0,0,0.6239272271394763,0.5819092428090525,NA
2022,2,3,0,0,0,0.6239272271394763,0.5819092428090525,NA
2022,2,4,0,0,0,0.6239272271394763,0.5819092428090525,NA
2022,2,5,0,0,0,0.6239272271394763,0.5819092428090525,NA
2022,2,6,0.48367760723115094,0.679226486261397,0.9306248406963823,0.6238183733476913,0.5826040893421829,1.1445831922091196
2022,2,7,0.47602849117836826,0.6747199763114706,0.9318770517867241,0.6215214320437705,0.580358662609145,1.1461243996217334
2022,2,8,0.3785765042159812,0.5009015425830277,0.8328380319676012,0.46387835569961616,0.4260479864141169,1.091047596471309
2022,2,9,0.5134104547881322,0.6728718136618851,0.9461278865877791,0.3560519638621938,0.30646737531908136,1.1141366290416346
2022,2,10,0.7367132089324157,0.8784984714290938,0.9689587234229858,0.4767810521808747,0.3881350569987719,1.154568182610178
2022,2,11,0.718525041991281,0.9968556856896137,0.9892436995064172,1,0.8044476258519109,1.132507623297868
2022,2,12,0.772455294966627,0.9799621176012764,0.996587294618558,0.8689287277483855,0.7287018453757401,1.1256001833331388
2022,2,13,0.7275396955912713,0.9754726770033113,0.992993419205802,0.742203173045793,0.6631548354743996,1.1450783641987137
2022,2,14,0.7191106301037181,0.9193440979802276,0.9863501220287354,0.6037814686980436,0.5390401364853112,1.1311332837987305
2022,2,15,0.772044489017344,0.8242957827302221,0.9657497619639024,0.5616543830500356,0.5018537175564058,1.1224050814119728
2022,2,16,0.6752561317687152,0.6924801374386848,0.9467848621069007,0.5112284561676679,0.467722671284601,1.11917662348938
2022,2,17,0.54690044017188,0.5921517104735463,0.929784687023279,0.47924855092517327,0.4020574709721371,1.0999492626078422
2022,2,18,0.29651107350372,0.4898319785983533,0.8544839182576234,0.41005343103809566,0.3645356291157129,1.1167794534865805
2022,2,19,0.4821166198621221,0.6821766995359803,0.9331568108340164,0.6220642062925662,0.5798236069381608,1.1478413199075832
2022,2,20,0,0,0,0.6220642062925662,0.5798236069381608,NA
2022,2,21,0,0,0,0.6220642062925662,0.5798236069381608,NA
2022,2,22,0,0,0,0.6220642062925662,0.5798236069381608,NA
2022,2,23,0,0,0,0.6220642062925662,0.5798236069381608,NA
2022,3,0,0,0,0,0.6220642062925662,0.5798236069381608,NA
2022,3,1,0,0,0,0.6220642062925662,0.5798236069381608,NA
2022,3,2,0,0,0,0.6220642062925662,0.5798236069381608,NA
2022,3,3,0,0,0,0.6220642062925662,0.5798236069381608,NA
2022,3,4,0,0,0,0.6220642062925662,0.5798236069381608,NA
2022,3,5,0,0,0,0.6220642062925662,0.5798236069381608,NA
2022,3,6,0.4851957649632305,0.6754612292071485,0.9406636548889739,0.6286594094114379,0.5876270769629759,1.1475498948892442
2022,3,7,0.48510947232140417,0.6813043450031953,0.9344822038964752,0.6274610748989303,0.5857929836392103,1.1457157186502722
2022,3,8,0.39759850201022984,0.513414984980332,0.839734337723605,0.5026499647843801,0.4653905215628383,1.090190384635017
2022,3,9,0.47226055830790636,0.6410377441285587,0.9363759261904308,0.38670285850488345,0.34080187170024556,1.1176144794203813
2022,3,10,0.7554811885114712,0.9068128892928612,0.9799968655368085,0.49908331215055857,0.44098384526480927,1.1570313807464
2022,3,11,0.6913678691416444,0.969354216239796,0.9841197274931927,0.6072789532528311,0.5478135632887511,1.1638301473436834
2022,3,12,0.8055343911707947,0.9926828605254233,0.996186884010294,0.47515742376099585,0.4203767115869431,1.0947056405984164
2022,3,13,0.7022500520287267,0.9696654389163877,0.9960609049126108,1,1,1.145259861366394
2022,3,14,0.7036468042410436,0.9179377704835581,0.9866567811942666,0.7292247493636335,0.6495691058708668,1.1323289164459132
2022,3,15,0.7664366144520499,0.8267339372651367,0.9709776905784192,0.5222265711595026,0.46326321631288125,1.1226365361314268
2022,3,16,0.664235842435548,0.6960542720188956,0.9500074412616146,0.5068784908912018,0.4616962198996418,1.1208342581887898
2022,3,17,0.5508885831373123,0.57624758663901,0.9239924054107034,0.3952584613246839,0.3515197654339253,1.0999191147323049
2022,3,18,0.293263579445971,0.48359638106753533,0.8551892977053996,0.39847712387687245,0.35746445349134937,1.1152268332697859
2022,3,19,0.48989356568343234,0.6748402443778121,0.9337807583103153,0.6233088087358356,0.5803617116113763,1.145732410484638
2022,3,20,0.4907689959002433,0.660491936667882,0.9289836079672633,0.6266990464762,0.5847597948801794,1.1485780644073422
2022,3,21,0,0,0,0.6266990464762,0.5847597948801794,NA
2022,3,22,0,0,0,0.6266990464762,0.5847597948801794,NA
2022,3,23,0,0,0,0.6266990464762,0.5847597948801794,NA
2022,4,0,0,0,0,0.6266990464762,0.5847597948801794,NA
2022,4,1,0,0,0,0.6266990464762,0.5847597948801794,NA
2022,4,2,0,0,0,0.6266990464762,0.5847597948801794,NA
2022,4,3,0,0,0,0.6266990464762,0.5847597948801794,NA
2022,4,4,0,0,0,0.6266990464762,0.5847597948801794,NA
2022,4,5,0,0,0,0.6266990464762,0.5847597948801794,NA
2022,4,6,0.4863922229086706,0.6733499412187989,0.9338634603014218,0.6251091648620282,0.5825079914424077,1.145941484733239
2022,4,7,0.4878545240104818,0.6720452691332433,0.9254213770044049,0.6235643330391624,0.5813387311020608,1.1463442071250056
2022,4,8,0.37817394751542566,0.49716211039217517,0.8369403784845035,0.590401835019002,0.5716192583246779,1.086968241922202
2022,4,9,0.47581234404824996,0.632958356409959,0.9289691134874247,0.38121076163282014,0.34623236957886094,1.1185280516828722
2022,4,10,0.7340693521068579,0.8786185297617705,0.9710704330324436,0.40207333157226,0.35636187709461203,1.1588643653268322
2022,4,11,0.7256021493078331,0.983555215982242,0.992323418386533,0.5046538508182495,0.46049766248543866,1.1268924927573836
2022,4,12,0.7744875793663774,1,1,1,1,1.1060676108163112
2022,4,13,0.7317466396215556,0.9786435066483508,0.9958958245953714,0.4846494591811165,0.427988308756303,1.143816844389352
2022,4,14,0.7149690734826996,0.9279232363501467,0.9851861818668994,0.52892993346196,0.46858443049854276,1.1331361898424683
2022,4,15,0.7559996190368661,0.8318799094347871,0.9737011441154615,0.5521270101356561,0.48681128834979775,1.1227315352531453
2022,4,16,0.6787052007339118,0.7003891709025314,0.944816678656673,0.4513940944608468,0.4136740251769584,1.1215440871305788
2022,4,17,0.5551184561065953,0.5777264002202989,0.9251860062131755,0.5374081521313873,0.5084155910417385,1.098749696278872
2022,4,18,0.27739783764131537,0.4780906865483231,0.8503601138470374,0.426723994185478,0.39895496990097085,1.110180839657997
2022,4,19,0.4956669522274659,0.683098714380468,0.9343501906996786,0.6226076878201887,0.5789157428542278,1.1480400023087407
2022,4,20,0,0,0,0.6226076878201887,0.5789157428542278,NA
2022,4,21,0,0,0,0.6226076878201887,0.5789157428542278,NA
2022,4,22,0,0,0,0.6226076878201887,0.5789157428542278,NA
2022,4,23,0,0,0,0.6226076878201887,0.5789157428542278,NA
2022,5,0,0,0,0,0.6226076878201887,0.5789157428542278,NA
2022,5,1,0,0,0,0.6226076878201887,0.5789157428542278,NA
2022,5,2,0,0,0,0.6226076878201887,0.5789157428542278,NA
2022,5,3,0,0,0,0.6226076878201887,0.5789157428542278,NA
2022,5,4,0,0,0,0.6226076878201887,0.5789157428542278,NA
2022,5,5,0,0,0,0.6226076878201887,0.5789157428542278,NA
2022,5,6,0.47806809062130773,0.6736569975367984,0.9315994235928478,0.6306042042599168,0.5879042168775814,1.1473517100978396
2022,5,7,0.4984463990536005,0.6734816018675646,0.9342677181204834,0.6246034679472063,0.5820099707513238,1.1479893473503533
2022,5,8,0.3985815336892536,0.5018148376320937,0.8368622150193631,0.5220126095338938,0.44634368400046964,1.0857031162394675
2022,5,9,0.4893396988108406,0.6366596289564344,0.932424725895107,0.3739257953123386,0.32668276674816116,1.116021457326303
2022,5,10,0.7558371132814098,0.8964278362547974,0.9734900131873235,0.37848088554277987,0.3361599392062469,1.1594706735975029
2022,5,11,0.6823720436730166,0.9653907531842774,0.9898740934226824,0.5316915158033158,0.48059558968900856,1.1685289131900238
2022,5,12,0.7445979908764788,0.9780179475724986,0.995914024546689,0.6420204303917132,0.5614530706741859,1.1341830849575438
2022,5,13,0.7120163605312212,0.9768698992398563,0.9907279912491762,0.5294684591040502,0.46517677125729945,1.1421357327225392
2022,5,14,0.6952818771122409,0.9287339040624057,0.9876101071168377,0.8551050589216328,0.7600625556185668,1.1306035777048637
2022,5,15,0.7778487982834132,0.8352293785608056,0.9718336939503371,0.4014015897137965,0.3551583868009595,1.1195119480123124
2022,5,16,0.6824793000110813,0.700033660429933,0.9465474538681437,0.40880451012096036,0.3567143598342199,1.1179215994046077
2022,5,17,0.576584933905761,0.5863593435822149,0.9309172597594844,0.49715514568988173,0.45967854012080117,1.1002688764914375
2022,5,18,0.29935993011253204,0.49105078762128346,0.8576235852186755,0.4198163158037186,0.3802729092329654,1.1096300912138468
2022,5,19,0.4831015961595956,0.6683074512625925,0.9281504422359607,0.6275775188645737,0.5864202125335893,1.1451095450761595
2022,5,20,0,0,0,0.6275775188645737,0.5864202125335893,NA
2022,5,21,0,0,0,0.6275775188645737,0.5864202125335893,NA
2022,5,22,0,0,0,0.6275775188645737,0.5864202125335893,NA
2022,5,23,0,0,0,0.6275775188645737,0.5864202125335893,NA
2022,6,0,0,0,0,0.6275775188645737,0.5864202125335893,NA
2022,6,1,0,0,0,0.6275775188645737,0.5864202125335893,NA
2022,6,2,0,0,0,0.6275775188645737,0.5864202125335893,NA
2022,6,3,0,0,0,0.6275775188645737,0.5864202125335893,NA
2022,6,4,0,0,0,0.6275775188645737,0.5864202125335893,NA
2022,6,5,0,0,0,0.6275775188645737,0.5864202125335893,NA
2022,6,6,0,0,0,0.6275775188645737,0.5864202125335893,NA
2022,6,7,0.47280943736068476,0.6633045959971554,0.9400647031112089,0.6243142182391095,0.5818097875815871,1.1494474259406946
2022,6,8,0.40725492876579994,0.5380112822531012,0.8668307297926491,0.5512053394814702,0.5176308759929896,1.1070117000222757
2022,6,9,0.4866401994840535,0.6388903449078891,0.9303767912072087,0.3823163250666707,0.34249759486896747,1.1189989851655557
2022,6,10,0.6662194801024591,0.8442866979618273,0.9695583629290712,0.5214977116227366,0.46435495258969645,1.1567196858056574
2022,6,11,0.5484604379150751,0.7737536955328485,0.9549006911212626,0.5859054623540281,0.5413339783497436,1.1514190680347718
2022,6,12,0.7130535213864858,0.9175240106473407,0.9838819278161974,0.4929368472740971,0.4338748008072705,1.1510038995576002
2022,6,13,0.5227769623827657,0.7209396560436071,0.9456401843959582,0.6384865176416834,0.5908269963430388,1.1382502992044055
2022,6,14,0.5964918950022507,0.8040782993079536,0.9573139752912077,0.609905830107321,0.55568147182412,1.1346080539360242
2022,6,15,0.7635975191509927,0.8307325292833887,0.9732294600069288,0.39819949184897896,0.34968746694993985,1.1257964294318112
2022,6,16,0.5012713413273802,0.6661785583012318,0.9381930487986447,0.6138150999348393,0.5725068581933487,1.142622107636054
2022,6,17,0.5049920956757169,0.6423579526883842,0.9356723256273018,0.6093254129893132,0.5714675832505501,1.134303826066787
2022,6,18,0.4380599784248169,0.6286344067252803,0.9169761689731794,0.5999378598216835,0.5618526385559669,1.140376644834436
2022,6,19,0.4848748425131007,0.678001789277062,0.9313940197070818,0.6299527361085844,0.587710975046023,1.145936715151961
2022,6,20,0,0,0,0.6299527361085844,0.587710975046023,NA
2022,6,21,0,0,0,0.6299527361085844,0.587710975046023,NA
2022,6,22,0,0,0,0.6299527361085844,0.587710975046023,NA
2022,6,23,0,0,0,0.6299527361085844,0.587710975046023,NA
2022,7,0,0,0,0,0.6299527361085844,0.587710975046023,NA
2022,7,1,0,0,0,0.6299527361085844,0.587710975046023,NA
2022,7,2,0,0,0,0.6299527361085844,0.587710975046023,NA
2022,7,3,0,0,0,0.6299527361085844,0.587710975046023,NA
2022,7,4,0,0,0,0.6299527361085844,0.587710975046023,NA
2022,7,5,0,0,0,0.6299527361085844,0.587710975046023,NA
2022,7,6,0.48644263342370714,0.6695507760492939,0.9344277548469152,0.6276853056583043,0.5849459038190636,1.1474712837586587
2022,7,7,0.49002333446586444,0.6695103714829004,0.9300867172387319,0.6291936339806293,0.5869957234563447,1.1461420550265844
2022,7,8,0.39318888480110353,0.4920041426850607,0.8372198081858734,0.5725555308780026,0.5529036544862078,1.0813778574206103
2022,7,9,0.519152764970688,0.6729297108623142,0.9416723360604418,0.6478800476483297,0.5148103524888691,1.1240675969392075
2022,7,10,0.7105277762091822,0.8867657539675229,0.9695806850396071,0.3814802334004649,0.33324551262887064,1.1710576822485237
2022,7,11,0.6512455435617492,0.9657645207100347,0.9895810526648569,0.719291523979013,0.6215343652816647,1.1810901871428663
2022,7,12,0.7309922548651321,0.9808002101767846,0.9929099511416017,0.7404616819972414,0.6172917942452544,1.1479612216602568
2022,7,13,0.7096091775112837,0.9766728338098002,0.9982061928559117,0.42082373480920093,0.36570003141842444,1.1501455813435797
2022,7,14,0.7179730143356338,0.9328524987065062,0.9843840613932076,0.39637910679251936,0.3456383737855738,1.1377608175813378
2022,7,15,0.7651897608046511,0.8373313025654262,0.9715786298865977,0.37577816485780896,0.3291712926000562,1.1304949676584823
2022,7,16,0.6341291264433302,0.7032018143515953,0.947498445416773,0.4870308179131105,0.4406036145025419,1.1288109574366079
2022,7,17,0.5602465222116554,0.5642970536238733,0.9145118833516679,0.46271587617968724,0.42475465888353336,1.102771112372948
2022,7,18,0.2740722613317218,0.47014171034448615,0.8468122054791709,0.49720543924424526,0.47869497687862006,1.1056551579388398
2022,7,19,0.4909890323423838,0.6795846525113786,0.9367897246782187,0.6211928100573573,0.5790161070293294,1.145644699304735
2022,7,20,0.47526849759247725,0.6682746673471985,0.9282271122145305,0.6268801597134279,0.5862959719741903,1.1486494626814472
2022,7,21,0,0,0,0.6268801597134279,0.5862959719741903,NA
2022,7,22,0,0,0,0.6268801597134279,0.5862959719741903,NA
2022,7,23,0,0,0,0.6268801597134279,0.5862959719741903,NA
2022,8,0,0,0,0,0.6268801597134279,0.5862959719741903,NA
2022,8,1,0,0,0,0.6268801597134279,0.5862959719741903,NA
2022,8,2,0,0,0,0.6268801597134279,0.5862959719741903,NA
2022,8,3,0,0,0,0.6268801597134279,0.5862959719741903,NA
2022,8,4,0,0,0,0.6268801597134279,0.5862959719741903,NA
2022,8,5,0,0,0,0.6268801597134279,0.5862959719741903,NA
2022,8,6,0.47853149389835214,0.674351015319811,0.9253544465319415,0.6322508300859151,0.5904202175868128,1.1469648129783354
2022,8,7,0.49018788718874684,0.6652029274356152,0.9359030154794737,0.6249182673043281,0.5827134625413598,1.1436250839336526
2022,8,8,0.4018819359311316,0.49704828451846195,0.8313933193254227,0.5715640647930922,0.5068952473969052,1.0795425110363843
2022,8,9,0.541032358090014,0.6718523824127345,0.9435704478210942,0.40661563263944306,0.3674051116840316,1.1228706031989897
2022,8,10,0.6942345064389335,0.8962743907793832,0.9720637475423497,0.3801633678725602,0.30965479267958657,1.1711801368969774
2022,8,11,0.6815175671992568,0.9843141569606657,0.9917040623792366,0.45441483203281297,0.409282281384893,1.155098725012854
2022,8,12,0.7431614489416841,0.989040134905612,0.9954285747419334,0.5379858975575085,0.4578898559396565,1.130855049359759
2022,8,13,0.6888612000546052,0.982376527790153,0.993353816776286,0.4266963174214787,0.37135818917469315,1.1489692681006636
2022,8,14,0.6788410956564446,0.9288020709624755,0.9874243480089381,0.9427421446108232,0.753338672943992,1.1360552211879087
2022,8,15,0.7340549330609161,0.8310690012707038,0.9746037804897588,0.5018110924844006,0.43508808286190703,1.128064349092496
2022,8,16,0.672496795423009,0.7089602497243704,0.948069771226999,0.41149567236709217,0.37180093438388334,1.1254457341755235
2022,8,17,0.5666216245961913,0.5711520878861542,0.9165202870264978,0.5116707936296778,0.4803819719867075,1.1026277079471765
2022,8,18,0.28790658632332083,0.47477101795160004,0.8415064716336054,0.49636608728008835,0.4767663037798087,1.1014491476169193
2022,8,19,0.4824118939671984,0.6711026750814222,0.9270668935629046,0.6291003890969605,0.5869960126545464,1.1471086327786244
2022,8,20,0.4762277669242676,0.6628704262278236,0.9328781710825245,0.6291446603234008,0.5869849266115613,1.1473589185616375
2022,8,21,0,0,0,0.6291446603234008,0.5869849266115613,NA
2022,8,22,0,0,0,0.6291446603234008,0.5869849266115613,NA
2022,8,23,0,0,0,0.6291446603234008,0.5869849266115613,NA
2022,9,0,0,0,0,0.6291446603234008,0.5869849266115613,NA
2022,9,1,0,0,0,0.6291446603234008,0.5869849266115613,NA
2022,9,2,0,0,0,0.6291446603234008,0.5869849266115613,NA
2022,9,3,0,0,0,0.6291446603234008,0.5869849266115613,NA
2022,9,4,0,0,0,0.6291446603234008,0.5869849266115613,NA
2022,9,5,0,0,0,0.6291446603234008,0.5869849266115613,NA
2022,9,6,0.48577490142387375,0.6756804510327077,0.9336193532633309,0.6233118774149784,0.5815878775970521,1.1454993181708226
2022,9,7,0.4840236199511612,0.6769557569804167,0.9364981760252754,0.6257424060561242,0.5847603847543715,1.1453547511351534
2022,9,8,0.4024922487557984,0.49834698157321805,0.8286660934711618,0.5891716613689775,0.5193910608482049,1.0794888188182434
2022,9,9,0.5391468461805446,0.6810139082079949,0.9444479948032622,0.42728065036746515,0.30551645236579167,1.1224563427898193
2022,9,10,0.6692224993676674,0.8962131192951206,0.97311641364099,0.5100575658745177,0.41924467676614857,1.166338741458441
2022,9,11,0.6408603595857065,0.9749126763539498,0.9931009541996907,0.6712799101698868,0.5947985711957082,1.1738486869822014
2022,9,12,0.7153759781992327,0.9931507218297524,0.9952492577053879,0.7736181781718491,0.65235214079226,1.1457222718775015
2022,9,13,0.6642104133006955,0.9819604908892193,0.9914372300921145,0.46280517319524805,0.40386554490264165,1.1457957989373462
2022,9,14,0.671474389743033,0.9299740956009821,0.9905810350179388,0.5570310805959865,0.48610310909560234,1.1360118228396936
2022,9,15,0.7156710028632541,0.8328964696306576,0.976675229602421,0.610520971486892,0.5214303735330353,1.1269201082719804
2022,9,16,0.6427099726926454,0.7070395015693179,0.9485805459452216,0.5642360590642648,0.46407374149002406,1.1245316853560188
2022,9,17,0.5781301965294353,0.5764671625574335,0.922628764551205,0.44237399110609327,0.37699800898316876,1.1037040859810583
2022,9,18,0.2819319857115927,0.4584316064017128,0.8329371311303756,0.49107133189290136,0.4697858751357864,1.1012553467842374
2022,9,19,0.47036794879217414,0.6729946263107313,0.9372549624310872,0.6252326426741607,0.5821616395599856,1.1459788508489193
2022,9,20,0,0,0,0.6252326426741607,0.5821616395599856,NA
2022,9,21,0,0,0,0.6252326426741607,0.5821616395599856,NA
2022,9,22,0,0,0,0.6252326426741607,0.5821616395599856,NA
2022,9,23,0,0,0,0.6252326426741607,0.5821616395599856,NA
2022,10,0,0,0,0,0.6252326426741607,0.5821616395599856,NA
2022,10,1,0,0,0,0.6252326426741607,0.5821616395599856,NA
2022,10,2,0,0,0,0.6252326426741607,0.5821616395599856,NA
2022,10,3,0,0,0,0.6252326426741607,0.5821616395599856,NA
2022,10,4,0,0,0,0.6252326426741607,0.5821616395599856,NA
2022,10,5,0,0,0,0.6252326426741607,0.5821616395599856,NA
2022,10,6,0.4804250823104571,0.6682814884158801,0.9241801460873066,0.6304886855093815,0.5889667049677517,1.1455526522213582
2022,10,7,0.4947863111696702,0.6758828560688434,0.9302962875895323,0.6286502227628493,0.5857134253400996,1.147694376137172
2022,10,8,0.37744053422427093,0.47576251167339706,0.8144687877187954,0.5473618390656577,0.5315622505490362,1.0773654580876246
2022,10,9,0.5405904157089809,0.6703779235882523,0.940884512935707,0.3675911628801031,0.32191180596998153,1.125499370250973
2022,10,10,0.5758371753926922,0.7716634604060696,0.9532527016393089,0.5088567958405872,0.4587318631087632,1.1539442469357195
2022,10,11,0.5146116013844131,0.7401105267394195,0.947938876012991,0.6484696126013273,0.5924918064154812,1.148677112332027
2022,10,12,0.541397976299946,0.7449466438958449,0.9518911095036774,0.6434897554757147,0.5898182663852358,1.1437287954006439
2022,10,13,0.6290524949717482,0.9735234260285164,0.9920186847592094,0.9898410066263416,0.8128698632905346,1.1462814986758394
2022,10,14,0.6462346103225608,0.9235350273951151,0.9887569800418007,1,0.9024441807081195,1.1361138551538694
2022,10,15,0.7373142723813302,0.8458089338679672,0.9751801809964372,0.3847045017695478,0.33064834239953134,1.1305234733353067
2022,10,16,0.6630215781661324,0.7181469520636188,0.9560163903154837,0.3711509414422252,0.2620613903702907,1.1251486868354195
2022,10,17,0.5781724633409557,0.5665801755847492,0.9144947973295188,0.5133770497233007,0.452746791153703,1.1032291067086102
2022,10,18,0.31168470004784327,0.4755429739292205,0.8379020510451017,0.45960176538785386,0.4102442758210273,1.096432608931453
2022,10,19,0.4756843395017987,0.6698858423097237,0.9422799918060472,0.6249551553138306,0.5832430830415651,1.1463069442372058
2022,10,20,0.49254541898259135,0.6705024163745432,0.9277817541689045,0.6238762436915601,0.5813779715526437,1.1484631697904333
2022,10,21,0,0,0,0.6238762436915601,0.5813779715526437,NA
2022,10,22,0,0,0,0.6238762436915601,0.5813779715526437,NA
2022,10,23,0,0,0,0.6238762436915601,0.5813779715526437,NA
2022,11,0,0,0,0,0.6238762436915601,0.5813779715526437,NA
2022,11,1,0,0,0,0.6238762436915601,0.5813779715526437,NA
2022,11,2,0,0,0,0.6238762436915601,0.5813779715526437,NA
2022,11,3,0,0,0,0.6238762436915601,0.5813779715526437,NA
2022,11,4,0,0,0,0.6238762436915601,0.5813779715526437,NA
2022,11,5,0,0,0,0.6238762436915601,0.5813779715526437,NA
2022,11,6,0.4702213941606158,0.6709186663664084,0.9300914816982616,0.62791204731808,0.5865903614447068,1.1481565276100683
2022,11,7,0.48946016161997524,0.6755109362425805,0.9299042848802773,0.6264796073871675,0.5854040101299973,1.1468821689868784
2022,11,8,0.41021566613815263,0.49953174242662424,0.8272168520308588,0.5297166439475712,0.5051431484608535,1.0766987582145497
2022,11,9,0.5299274661121114,0.6546873651280084,0.938889240818261,0.3925880363421851,0.3160975129395282,1.1275755658116102
2022,11,10,0.669303301307078,0.9082206165829457,0.9737899186498264,0.3455636219175767,0.2854522246997748,1.1714793026396162
2022,11,11,0.6157808446051585,0.9572499579160229,0.9835603247888547,0.5530860165759769,0.4886297440766214,1.1777824710151235
2022,11,12,0.6846653146150283,0.9803079008451043,0.9934308791944897,0.6351880829963841,0.5164540111898744,1.1545280486178209
2022,11,13,0.6451556523791082,0.9824472113939792,0.9963174233216268,0.5160572088947655,0.4434151310772559,1.1477200041167133
2022,11,14,0.6516486942108749,0.9237606216085885,0.9888477148886459,0.5621849175549357,0.47595782530233605,1.1355842652147956
2022,11,15,0.6998272589937042,0.832689920491822,0.9705212580314408,0.48629238068122116,0.4103433774428402,1.128016001077158
2022,11,16,0.6593154608568672,0.7121227352272658,0.9491813985046046,0.3595770423217657,0.31644841713413896,1.1223326886164378
2022,11,17,0.5932246315208387,0.5638078592665221,0.9098665464483671,0.45879826893477466,0.4155860237329918,1.1034182681197904
2022,11,18,0.3278163202806769,0.47295091050921967,0.8379705169938038,0.5383477168684567,0.5199174130209667,1.0929170875929017
2022,11,19,0.48901687332836274,0.6765474334175973,0.9310538576072136,0.6270493915747692,0.5849001044031525,1.148685910609804
2022,11,20,0.48620954135703476,0.6626758707336329,0.9275343012001819,0.6262038571006909,0.5845264379354556,1.1482863545547297
2022,11,21,0,0,0,0.6262038571006909,0.5845264379354556,NA
2022,11,22,0,0,0,0.6262038571006909,0.5845264379354556,NA
2022,11,23,0,0,0,0.6262038571006909,0.5845264379354556,NA
2022,12,0,0,0,0,0.6262038571006909,0.5845264379354556,NA
2022,12,1,0,0,0,0.6262038571006909,0.5845264379354556,NA
2022,12,2,0,0,0,0.6262038571006909,0.5845264379354556,NA
2022,12,3,0,0,0,0.6262038571006909,0.5845264379354556,NA
2022,12,4,0,0,0,0.6262038571006909,0.5845264379354556,NA
2022,12,5,0,0,0,0.6262038571006909,0.5845264379354556,NA
2022,12,6,0.4795628882423475,0.673268592849903,0.9371302501406357,0.6278760249342047,0.5854254418352246,1.1438351054760987
2022,12,7,0.4893530458589086,0.6723689062252451,0.9335734069289114,0.6280002853603942,0.5857473666664628,1.1476132338107283
2022,12,8,0.36993447045724004,0.4704579655572745,0.8072770587696181,0.5623120917187105,0.5499805648380781,1.07396185757713
2022,12,9,0.519467148266868,0.6553540294249548,0.9374097286175856,0.43434944294205124,0.3591520616276551,1.1292534499816727
2022,12,10,0.6708124877988143,0.9162932594319171,0.9721918746735422,0.3297479040651809,0.2791803672451853,1.1764904635118345
2022,12,11,0.6128339212493684,0.9604452107129522,0.9876393372299936,0.7943859517640983,0.575135230315978,1.1814136670914577
2022,12,12,0.6752963988794772,0.9949118646023941,0.9941561986942378,1,0.7360235739142987,1.160180037049682
2022,12,13,0.6521993123148745,0.9831154312580215,0.9945309024297623,0.37662469294663625,0.3235671816485902,1.147639406897575
2022,12,14,0.6470619227799934,0.9423276725814194,0.991623686049106,0.6557388645219335,0.5538327466531043,1.1361241601997634
2022,12,15,0.6881009360515647,0.8359906121173861,0.9771560592986994,0.7315594454857277,0.5694174177840419,1.1284699279833745
2022,12,16,0.632505881977186,0.7160362773445669,0.954176109006408,0.43529326821598796,0.3805145919375336,1.1291275140597352
2022,12,17,0.5978361051896698,0.5643966344665731,0.9053181040620112,0.4497517891512742,0.41100864656563396,1.1034665942773492
2022,12,18,0.31883811743275914,0.45330270106275056,0.8244059678175184,0.484693520896254,0.46765723974843204,1.0872949283599844
2022,12,19,0.47773877278248933,0.6726514726823736,0.9386532768318929,0.62408657189568,0.5818144803023801,1.1449534420369418
2022,12,20,0.48369054472964645,0.6696857449307125,0.9319887704231437,0.6255768120024211,0.5829506703198493,1.1465098393899127
2022,12,21,0,0,0,0.6255768120024211,0.5829506703198493,NA
2022,12,22,0,0,0,0.6255768120024211,0.5829506703198493,NA
2022,12,23,0,0,0,0.6255768120024211,0.5829506703198493,NA
2022,13,0,0,0,0,0.6255768120024211,0.5829506703198493,NA
2022,13,1,0,0,0,0.6255768120024211,0.5829506703198493,NA
2022,13,2,0,0,0,0.6255768120024211,0.5829506703198493,NA
2022,13,3,0,0,0,0.6255768120024211,0.5829506703198493,NA
2022,13,4,0,0,0,0.6255768120024211,0.5829506703198493,NA
2022,13,5,0,0,0,0.6255768120024211,0.5829506703198493,NA
2022,13,6,0.4803326435781324,0.6731734850002625,0.9252800441783424,0.6255322088695179,0.5832779013015099,1.1464030030678654
2022,13,7,0.48201504609414036,0.6826452438148699,0.9439995126535429,0.6283609033248878,0.5864371370955159,1.1457172909421351
2022,13,8,0.43595755864703967,0.5938431566360204,0.8979981373564287,0.614130773128327,0.5820907265756694,1.1278713513904686
2022,13,9,0.4987855140931897,0.6626970046619853,0.9304518999099467,0.5238771036353294,0.4803147359620089,1.1414660054164019
2022,13,10,0.5474606285785699,0.7559700289704454,0.9562384083609601,0.4584830266898318,0.4143913109896922,1.1589243850465931
2022,13,11,0.5102450229328049,0.7026922092602897,0.9465442482210488,0.6254641694522658,0.578339177689807,1.146576918914496
2022,13,12,0.5722899356535867,0.8239916471366469,0.9676463212565226,0.5371965121967226,0.48001306214025435,1.1509132252367515
2022,13,13,0.5350191669307955,0.7935686530530268,0.9564761646131089,0.5505554918227018,0.4998025068661471,1.1467467593193232
2022,13,14,0.5708257288157144,0.810253191684783,0.9604741129094626,0.6019378598983146,0.5396728618201556,1.141973609206714
2022,13,15,0.6896059088395186,0.8306975373615403,0.9703587688251647,0.47434776284746055,0.39275026023216736,1.1344009040300214
2022,13,16,0.6330275913193067,0.7215328245277524,0.9473514836250615,0.3226237110084132,0.24827028756737557,1.131735408704723
2022,13,17,0.6025289981617351,0.5631830603089801,0.9103163514765775,0.4469071980327309,0.4120625212462003,1.1097714210391074
2022,13,18,0.3346396844702861,0.45043761235818297,0.8203642967404253,0.5498851070287699,0.5357549345697606,1.086409317012322
2022,13,19,0.48427979169146634,0.6789298435073953,0.931402133359773,0.6258317945938361,0.584308331761765,1.1439933818672894
2022,13,20,0.47051812941358295,0.6672785299369971,0.9299625504613397,0.6266705751351128,0.5856594747907619,1.1457252373294233
2022,13,21,0,0,0,0.6266705751351128,0.5856594747907619,NA
2022,13,22,0,0,0,0.6266705751351128,0.5856594747907619,NA
2022,13,23,0,0,0,0.6266705751351128,0.5856594747907619,NA
2022,14,0,0,0,0,0.6266705751351128,0.5856594747907619,NA
2022,14,1,0,0,0,0.6266705751351128,0.5856594747907619,NA
2022,14,2,0,0,0,0.6266705751351128,0.5856594747907619,NA
2022,14,3,0,0,0,0.6266705751351128,0.5856594747907619,NA
2022,14,4,0,0,0,0.6266705751351128,0.5856594747907619,NA
2022,14,5,0,0,0,0.6266705751351128,0.5856594747907619,NA
2022,14,6,0.46986884723468114,0.668808599973494,0.929802098141454,0.626379488170961,0.5851632822656104,1.1469205292169855
2022,14,7,0.4921568555031832,0.6771754980465202,0.9343212330804476,0.6228211767029097,0.5809856490325529,1.146903956853163
2022,14,8,0.3683379627963789,0.4617155731650359,0.8113580100677148,0.5720864658260713,0.5528953346417976,1.0739930294822924
2022,14,9,0.5429673307208491,0.6709271246315617,0.9388137711975827,0.33211597878440907,0.29004992804793556,1.1322484520347587
2022,14,10,0.5952289759683884,0.8242210493216865,0.9673729592390479,0.38403227797318507,0.3382311000114171,1.1694137448510489
2022,14,11,0.5492467552497593,0.8181524564428454,0.9604042227879945,0.5865776795712395,0.5261657081375584,1.1677201741705172
2022,14,12,0.5980358061875926,0.8738009725436285,0.9682601289621863,0.5215252610834809,0.4536106697328855,1.1557264541684984
2022,14,13,0.5049320585717295,0.7312139368912549,0.9388955380387682,0.5581613309678161,0.514137419804748,1.146765354287489
2022,14,14,0.5347324167369875,0.7458903622262326,0.9442820970916671,0.551684079114581,0.505064577363098,1.1398903478437967
2022,14,15,0.5522957748773286,0.7192115368808045,0.9455567830873522,0.5396304564881435,0.4934635466255332,1.1407816257952255
2022,14,16,0.6080654593466762,0.7155242264814915,0.950154053164958,0.3449590874031447,0.28026927530659285,1.1341788713667542
2022,14,17,0.6051668866746132,0.569531185924885,0.9044674796129807,0.3991412901487006,0.3310534240831046,1.1065693356915887
2022,14,18,0.368926977937263,0.4664346830536648,0.8255420308645383,0.507287497615891,0.4598143876550964,1.0813422459031279
2022,14,19,0.47757656889266004,0.673576781416184,0.937100215965725,0.6197029759659415,0.5784069758515338,1.1469898918564208
2022,14,20,0.47038321806507094,0.67661884542027,0.9321483295538281,0.6235088163162531,0.5820387717663955,1.1457019730631592
2022,14,21,0,0,0,0.6235088163162531,0.5820387717663955,NA
2022,14,22,0,0,0,0.6235088163162531,0.5820387717663955,NA
2022,14,23,0,0,0,0.6235088163162531,0.5820387717663955,NA
2022,15,0,0,0,0,0.6235088163162531,0.5820387717663955,NA
2022,15,1,0,0,0,0.6235088163162531,0.5820387717663955,NA
2022,15,2,0,0,0,0.6235088163162531,0.5820387717663955,NA
2022,15,3,0,0,0,0.6235088163162531,0.5820387717663955,NA
2022,15,4,0,0,0,0.6235088163162531,0.5820387717663955,NA
2022,15,5,0,0,0,0.6235088163162531,0.5820387717663955,NA
2022,15,6,0.474304433469763,0.6720994036909813,0.9273449451222068,0.6269087989106625,0.5855958180567411,1.1456388056286602
2022,15,7,0.48879837879335014,0.6747503411492004,0.9307899738970999,0.6295880965473493,0.5874579109457122,1.1471401745307768
2022,15,8,0.3917757553043819,0.47528300164785964,0.82578603916188,0.6057836305845914,0.5789832663223843,1.0743157397249927
2022,15,9,0.5511112966376466,0.6842562787647735,0.9369486665550233,0.35431769972885274,0.2929924666068251,1.1375039834928131
2022,15,10,0.5484285972440213,0.7641389140949133,0.954896699245807,0.4742151445424753,0.42432897733140584,1.1588423596015813
2022,15,11,0.5697420799839188,0.8646415984931587,0.9732369836427155,0.5392887302400745,0.4771267646685404,1.171240722524364
2022,15,12,0.6278023083464126,0.9812685095229526,0.9900229646722727,0.6460642608704763,0.5168972317752069,1.1609127131676553
2022,15,13,0.6128245536338844,0.9818861622837768,0.9982537996729528,0.3611440271296479,0.30695533237481715,1.1504125004524264
2022,15,14,0.6220476105970077,0.9236655290136877,0.9851072389071137,0.5125365973326073,0.4335282791358198,1.1414450406371506
2022,15,15,0.6642797068672897,0.8303775093448815,0.9737085736523874,0.46686010134516837,0.3813259356865195,1.1338018250669584
2022,15,16,0.6093158080406967,0.7291577981276304,0.953913653444655,0.34260071623719823,0.293578429500286,1.1332888794733669
2022,15,17,0.5958051249096658,0.5707542532920704,0.9058824160114641,0.46831780688745384,0.4003023998170517,1.1088378067782254
2022,15,18,0.3802703488512526,0.4613833913194876,0.8246129324828113,0.5825848441082997,0.5622979765203927,1.0800217839679278
2022,15,19,0.4809720542225335,0.6720465575964344,0.9345602061814859,0.6223618513258045,0.5805331068483467,1.1457714216623764
2022,15,20,0,0,0,0.6223618513258045,0.5805331068483467,NA
2022,15,21,0,0,0,0.6223618513258045,0.5805331068483467,NA
2022,15,22,0,0,0,0.6223618513258045,0.5805331068483467,NA
2022,15,23,0,0,0,0.6223618513258045,0.5805331068483467,NA
2022,16,0,0,0,0,0.6223618513258045,0.5805331068483467,NA
2022,16,1,0,0,0,0.6223618513258045,0.5805331068483467,NA
2022,16,2,0,0,0,0.6223618513258045,0.5805331068483467,NA
2022,16,3,0,0,0,0.6223618513258045,0.5805331068483467,NA
2022,16,4,0,0,0,0.6223618513258045,0.5805331068483467,NA
2022,16,5,0,0,0,0.6223618513258045,0.5805331068483467,NA
2022,16,6,0.49342912717761434,0.6673018193417042,0.9284091891982411,0.6225835360355372,0.5806165620312653,1.146488632042534
2022,16,7,0.4831805816302765,0.6678650398994396,0.9284635228840566,0.6273760330124786,0.5850209010732084,1.1490117772666264
2022,16,8,0.40130916481069917,0.5219155719004019,0.857841939025128,0.5698034747552759,0.5423110653705198,1.1054394047895064
2022,16,9,0.5667887672563272,0.691274875828241,0.9346809298096389,0.3204226539077767,0.2541076116978239,1.139682561023434
2022,16,10,0.5605828899668134,0.800099431510731,0.9547262479116659,0.5276139203411186,0.45261056933263205,1.162208059174791
2022,16,11,0.5988938389464867,0.9544481110850661,0.9916960223773533,0.5044561753758354,0.4311399462391061,1.1771101944615667
2022,16,12,0.6517828083483124,0.9955092428545609,0.9964161614835545,0.3144823431536027,0.260364655206361,1.1609897573801757
2022,16,13,0.5589118855571144,0.9285771758727971,0.9850463892206374,0.7970510977546809,0.6455558633354378,1.1483745142754787
2022,16,14,0.6095150524800079,0.9266594594828277,0.9836176543913955,1,0.7065072416501841,1.1382895534373052
2022,16,15,0.6528732518141883,0.8294917118191434,0.977132781528869,0.41406553511100985,0.3403292551941939,1.1320817925793736
2022,16,16,0.5816083810702777,0.720105349237059,0.9448421730460748,0.37851346123518037,0.3217665971223102,1.1355410270948885
2022,16,17,0.5865976541390249,0.5813909848701176,0.912605345141036,0.44182074591262865,0.3955746820657146,1.114029717260287
2022,16,18,0.36397405625998064,0.4422610240817173,0.8140139549140295,0.5296411193520537,0.5119367362157401,1.0791251542380924
2022,16,19,0.4822895531399153,0.6780877694866425,0.9372766977848856,0.6283968243411416,0.5870916067983418,1.1450710564988271
2022,16,20,0,0,0,0.6283968243411416,0.5870916067983418,NA
2022,16,21,0,0,0,0.6283968243411416,0.5870916067983418,NA
2022,16,22,0,0,0,0.6283968243411416,0.5870916067983418,NA
2022,16,23,0,0,0,0.6283968243411416,0.5870916067983418,NA
2022,17,0,0,0,0,0.6283968243411416,0.5870916067983418,NA
2022,17,1,0,0,0,0.6283968243411416,0.5870916067983418,NA
2022,17,2,0,0,0,0.6283968243411416,0.5870916067983418,NA
2022,17,3,0,0,0,0.6283968243411416,0.5870916067983418,NA
2022,17,4,0,0,0,0.6283968243411416,0.5870916067983418,NA
2022,17,5,0,0,0,0.6283968243411416,0.5870916067983418,NA
2022,17,6,0,0,0,0.6283968243411416,0.5870916067983418,NA
2022,17,7,0.4847527221927805,0.670987879627289,0.9344419586522156,0.6251342386476244,0.5825333123868937,1.1486147740158876
2022,17,8,0.4226927348415245,0.5609266718932979,0.878990970931892,0.5807955369235486,0.5498093792359002,1.1184299129592548
2022,17,9,0.551791378008386,0.6857063789067842,0.9340107756065386,0.3254302523352275,0.26998417528718555,1.141308659342533
2022,17,10,0.5975470216781461,0.9216121314415359,0.9750067346814407,0.31478362805084903,0.2464586546584648,1.1807640556748802
2022,17,11,0.5923008083358641,0.9588936203732058,0.998192045353278,0.3752002080900715,0.3243979463415131,1.179603443560667
2022,17,12,0.6336138250406839,0.987367166536675,0.9955264929644934,0.30011051482497403,0.2451739972854356,1.1608078932188586
2022,17,13,0.5467275937204428,0.9669842342255779,0.9914815924972007,0.9022914092358543,0.7637703330622934,1.149578725991411
2022,17,14,0.6023196498704231,0.9217017364519643,0.9886880364660929,0.6269104634822757,0.5183147391803552,1.140210180761243
2022,17,15,0.6540242458930312,0.8377236733595709,0.973210919705062,0.34355546391905106,0.2818194056074285,1.1331990554029496
2022,17,16,0.5819535128585883,0.7293544009532391,0.9507812961257572,0.29768923575615225,0.2522583789202805,1.1331530271203984
2022,17,17,0.60535945997181,0.5721314238593211,0.9057699383276131,0.3865227443946473,0.3478441386357516,1.1117780471060472
2022,17,18,0.3816595044124938,0.45117522605245547,0.8139094844521558,0.571948336558116,0.557847489672269,1.077532056613646
2022,17,19,0.4886581666258703,0.6647773450715782,0.9359702340049626,0.6274045841333478,0.5851970335281641,1.1471801858869353
2022,17,20,0.4779329530999944,0.6660512550966429,0.9168544694689932,0.6263544684930205,0.5840543708437824,1.1473118393507837
2022,17,21,0,0,0,0.6263544684930205,0.5840543708437824,NA
2022,17,22,0,0,0,0.6263544684930205,0.5840543708437824,NA
2022,17,23,0,0,0,0.6263544684930205,0.5840543708437824,NA
2022,18,0,0,0,0,0.6263544684930205,0.5840543708437824,NA
2022,18,1,0,0,0,0.6263544684930205,0.5840543708437824,NA
2022,18,2,0,0,0,0.6263544684930205,0.5840543708437824,NA
2022,18,3,0,0,0,0.6263544684930205,0.5840543708437824,NA
2022,18,4,0,0,0,0.6263544684930205,0.5840543708437824,NA
2022,18,5,0,0,0,0.6263544684930205,0.5840543708437824,NA
2022,18,6,0.4767542782608333,0.671883466937674,0.9357646747486609,0.6259557779595035,0.5840783286880318,1.1455960149933087
2022,18,7,0.48237323097873114,0.6761658499118395,0.9312919676423363,0.6287668162783508,0.5868742431658617,1.1456245657220814
2022,18,8,0.3621514686232747,0.46323873873215793,0.8066060122407449,0.6126206159709071,0.5838596976962689,1.0760247144962753
2022,18,9,0.5403499641497345,0.686064927512428,0.9320465057567454,0.27386710960471583,0.22390758870616276,1.14326819351052
2022,18,10,0.5917036702551929,0.9311350373744345,0.9852722773275192,0.3469700157494898,0.2842350609433194,1.1829718616840572
2022,18,11,0.5620073450711699,0.9559087791127171,0.9942458860617006,0.4729685748561163,0.4037182745086874,1.1823370890571359
2022,18,12,0.5924336996729825,0.9777435269792287,0.9948754366518656,0.3807604984955759,0.3050533376775175,1.1625606758587614
2022,18,13,0.5521299337917466,0.9746015297247086,0.9934208494194211,0.6235941987936466,0.5171587214162757,1.1520460902873353
2022,18,14,0.594397300610028,0.9078161873483128,0.984101278990057,0.43601915824956583,0.35930868443264513,1.1402507626038676
2022,18,15,0.6437904108855357,0.8444711153359666,0.9752209917979624,0.28731091679311177,0.23656893203124796,1.1313440594955355
2022,18,16,0.5624242298797373,0.7270752343080268,0.9509388034380937,0.2720700148295807,0.19885656023643766,1.131592273203767
2022,18,17,0.5934181173632883,0.5805846442080789,0.909230181680002,0.38801269579421194,0.30910282564287905,1.113407570106908
2022,18,18,0.3721729733231429,0.43764872881110217,0.8003329583391982,0.5096398891622418,0.4941869705259888,1.0764488270467871
2022,18,19,0.4926378393837322,0.6780316577314229,0.9368109286391485,0.62537984995648,0.5830520368677382,1.1472671955481188
2022,18,20,0,0,0,0.62537984995648,0.5830520368677382,NA
2022,18,21,0,0,0,0.62537984995648,0.5830520368677382,NA
2022,18,22,0,0,0,0.62537984995648,0.5830520368677382,NA
2022,18,23,0,0,0,0.62537984995648,0.5830520368677382,NA
2022,19,0,0,0,0,0.62537984995648,0.5830520368677382,NA
2022,19,1,0,0,0,0.62537984995648,0.5830520368677382,NA
2022,19,2,0,0,0,0.62537984995648,0.5830520368677382,NA
2022,19,3,0,0,0,0.62537984995648,0.5830520368677382,NA
2022,19,4,0,0,0,0.62537984995648,0.5830520368677382,NA
2022,19,5,0,0,0,0.62537984995648,0.5830520368677382,NA
2022,19,6,0.4884349478823292,0.6765080562751752,0.931856191116469,0.628650988598918,0.5871569283512734,1.1458111185866011
2022,19,7,0.48490837961312966,0.6667397801807686,0.9311396740631626,0.6227566835180265,0.5802552844049723,1.146140176319241
2022,19,8,0.34878361617525305,0.4471589559835839,0.8014470726958688,0.5069367176996261,0.4880565698170461,1.0770758022035216
2022,19,9,0.5267832745621668,0.6795924937866912,0.9308390451112177,0.27404432035423326,0.22321852991238741,1.1459567019441224
2022,19,10,0.5729193157948557,0.9419864701261544,0.977500039462108,0.31677306119889215,0.2648621474597436,1.1851472723919558
2022,19,11,0.5650284065922213,0.9627274300731131,0.9978630098254517,0.37890365036063933,0.3244368766423387,1.1786440471486284
2022,19,12,0.5916906543823681,0.981957611840679,0.9925274003333748,0.2968809381959525,0.23919905246146558,1.1596756589081183
2022,19,13,0.5563243724030617,0.9662021871236238,0.9990758717711099,0.3403565059910005,0.2880233206985038,1.1468786036162077
2022,19,14,0.5921121226235141,0.9110844469782757,0.9833368430309956,0.49976535646933584,0.41119943230534967,1.1391586453776017
2022,19,15,0.5996702986921855,0.8352595290888734,0.9722544412870033,0.45606678168634607,0.3664652226187005,1.1324753067930118
2022,19,16,0.5570668486990137,0.736572088864108,0.9567024257217823,0.27899750031662046,0.23304089417480894,1.1320144937194145
2022,19,17,0.5880176440856482,0.5831096386816208,0.9070097275285894,0.36195207248721517,0.2705557452534765,1.1144813172581065
2022,19,18,0.3963105976293577,0.4485105940908931,0.8072751078072307,0.6723968695151644,0.6384552089932436,1.0775073915128246
2022,19,19,0.47661005915260535,0.6707122105016545,0.933669465960348,0.6267552738821951,0.5848024160320565,1.147268923679234
2022,19,20,0,0,0,0.6267552738821951,0.5848024160320565,NA
2022,19,21,0,0,0,0.6267552738821951,0.5848024160320565,NA
2022,19,22,0,0,0,0.6267552738821951,0.5848024160320565,NA
2022,19,23,0,0,0,0.6267552738821951,0.5848024160320565,NA
2022,20,0,0,0,0,0.6267552738821951,0.5848024160320565,NA
2022,20,1,0,0,0,0.6267552738821951,0.5848024160320565,NA
2022,20,2,0,0,0,0.6267552738821951,0.5848024160320565,NA
2022,20,3,0,0,0,0.6267552738821951,0.5848024160320565,NA
2022,20,4,0,0,0,0.6267552738821951,0.5848024160320565,NA
2022,20,5,0,0,0,0.6267552738821951,0.5848024160320565,NA
2022,20,6,0.48664768592616486,0.6723006747788806,0.9271043582471931,0.6239700662086523,0.5816238380376305,1.1451950227517322
2022,20,7,0.4982146159937575,0.677031740051656,0.9310750783768886,0.6220354180797582,0.579453499936206,1.1456916456697646
2022,20,8,0.3496897132748032,0.4479493210020844,0.8076989505417689,0.552126719400505,0.5385159633712883,1.0776362717109271
2022,20,9,0.4860097041150478,0.68053996435953,0.9345292021914933,0.5186424479903012,0.470872541293898,1.1474738416345263
2022,20,10,0.502035135647923,0.7023532073732187,0.9407518873178196,0.559025770553801,0.5149856231247665,1.1471059693667027
2022,20,11,0.48984622158872804,0.7018492404624738,0.941902583774756,0.6061298200984644,0.5622186220683233,1.1447892553138708
2022,20,12,0.49186354801038745,0.6939970771286144,0.9438287460261938,0.6104742320235398,0.5682575876629412,1.1397260540942402
2022,20,13,0.4978545815120561,0.6913696792807436,0.9336299952535766,0.626223736863347,0.58165320018097455,1.1419128657988136
2022,20,14,0.521192225857536,0.7370170327157662,0.9516380036581151,0.5778893041974068,0.5306727834454102,1.1402707074010436
2022,20,15,0.5698980174798558,0.7682294096437211,0.956617660858127,0.4548710991826049,0.40423620036844915,1.139384947897022
2022,20,16,0.5100661875918617,0.7120823037551844,0.9409328082375099,0.5534257958468333,0.4863610771901888,1.1406458925339904
2022,20,17,0.5859545569474837,0.5932694136535835,0.9113188311630306,0.3828404604479103,0.3320227109486945,1.1173908563142674
2022,20,18,0.39539980495778165,0.4303946086309379,0.8069737532969381,0.4596590132031598,0.4392610597712637,1.0717961531681675
2022,20,19,0.4890212428398522,0.6782896331579994,0.9368875734507595,0.6269273960929316,0.584210254505936,1.1454281554127
2022,20,20,0,0,0,0.6269273960929316,0.584210254505936,NA
2022,20,21,0,0,0,0.6269273960929316,0.584210254505936,NA
2022,20,22,0,0,0,0.6269273960929316,0.584210254505936,NA
2022,20,23,0,0,0,0.6269273960929316,0.584210254505936,NA
2022,21,0,0,0,0,0.6269273960929316,0.584210254505936,NA
2022,21,1,0,0,0,0.6269273960929316,0.584210254505936,NA
2022,21,2,0,0,0,0.6269273960929316,0.584210254505936,NA
2022,21,3,0,0,0,0.6269273960929316,0.584210254505936,NA
2022,21,4,0,0,0,0.6269273960929316,0.584210254505936,NA
2022,21,5,0,0,0,0.6269273960929316,0.584210254505936,NA
2022,21,6,0.48620086257710576,0.6758226156638173,0.9336265252645238,0.6261202080984646,0.5832531251933252,1.14601747029137
2022,21,7,0.48280759986328103,0.6643419233145659,0.9322622829849141,0.6272334292093348,0.5852851756041626,1.1482802351760726
2022,21,8,0.36038536756981604,0.4432709192651331,0.7970327898382646,0.4401113094560638,0.4154731026938972,1.079363170416058
2022,21,9,0.5192178876251985,0.687412412461063,0.929973199764152,0.267138754426543,0.1873715304652559,1.1507556289241823
2022,21,10,0.5544178841737336,0.9392558783006201,0.9742854635357563,0.2942093690606751,0.23920794478406798,1.193416458188198
2022,21,11,0.5447460489770569,0.9656973475243317,0.9933412976925361,0.35042063246761385,0.29484994743129983,1.1835328004433676
2022,21,12,0.5606036355946525,0.9810342870042695,0.993915334688848,0.2849296106863963,0.22769071413245276,1.1623033344944234
2022,21,13,0.5197836309957261,0.9647623984942766,0.9964467445986026,0.3932488496369592,0.33113468235730575,1.1502520482845298
2022,21,14,0.5708260929880979,0.9085983053478901,0.9802642322982849,0.3790667435154996,0.3099397466950459,1.1413903673153896
2022,21,15,0.5944099515322345,0.8412470606159568,0.9736260827890916,0.2884050214952541,0.23256301222305337,1.136134151922457
2022,21,16,0.5322701043397885,0.7360532403037315,0.951848214103694,0.24482926054441287,0.18997628651659,1.136575577778387
2022,21,17,0.5745419609018116,0.5865600410259136,0.892826280848523,0.301836912953795,0.24158415116941628,1.1182061758540414
2022,21,18,0.3956728673688146,0.4325367974865331,0.8037920718279356,0.5807977132012848,0.5597013381312115,1.0722204656289844
2022,21,19,0.4842846783179182,0.6688824110666103,0.9334468536634472,0.6264808310877598,0.5847013844059288,1.1476866931200815
2022,21,20,0,0,0,0.6264808310877598,0.5847013844059288,NA
2022,21,21,0,0,0,0.6264808310877598,0.5847013844059288,NA
2022,21,22,0,0,0,0.6264808310877598,0.5847013844059288,NA
2022,21,23,0,0,0,0.6264808310877598,0.5847013844059288,NA
2022,22,0,0,0,0,0.6264808310877598,0.5847013844059288,NA
2022,22,1,0,0,0,0.6264808310877598,0.5847013844059288,NA
2022,22,2,0,0,0,0.6264808310877598,0.5847013844059288,NA
2022,22,3,0,0,0,0.6264808310877598,0.5847013844059288,NA
2022,22,4,0,0,0,0.6264808310877598,0.5847013844059288,NA
2022,22,5,0,0,0,0.6264808310877598,0.5847013844059288,NA
2022,22,6,0.4868012468109065,0.6615034742409117,0.9323540306049205,0.6283026781964999,0.5856260851259654,1.1486944886882564
2022,22,7,0.49099380739438586,0.6729557188869335,0.9376796663930401,0.6231438999923551,0.5786297929771436,1.1463156849060137
2022,22,8,0.3571721953103303,0.43458559078702785,0.7998530650265103,0.4503675472898248,0.4318752356998194,1.0798586396563783
2022,22,9,0.5038482145759341,0.69031154101928,0.9282433574614997,0.33943768229035287,0.2276319790099516,1.1556219408817068
2022,22,10,0.509091187408502,0.9196177966177493,0.9713611315168371,0.31703613679463544,0.2572277490415104,1.1917411171330627
2022,22,11,0.5174685810382053,0.9568993271756034,0.9956455914462455,0.5790207932059467,0.4749649486459512,1.1775023646964207
2022,22,12,0.521847732283456,0.9752696228921478,0.9907244611929943,0.3738842777907821,0.2896831349921704,1.1638214147021286
2022,22,13,0.5001675652265049,0.9724946797221314,0.992586046222525,1,0.7242497247260968,1.1505618471114136
2022,22,14,0.582310530139924,0.909205664993207,0.984990282144744,0.2890777857933838,0.23816138613051763,1.1420987150024553
2022,22,15,0.5894466245865572,0.8476278977011371,0.9769208294333716,0.34094221372135325,0.27432111404989634,1.1373104667748013
2022,22,16,0.5135076771554183,0.734139374443929,0.9433422524990368,0.28176809031198197,0.22309398826833812,1.137479257578637
2022,22,17,0.5708719645739395,0.5893127278526086,0.8931608614708477,0.3310598313500686,0.2873490941368142,1.1180630066785384
2022,22,18,0.41428703530355593,0.4376470414911781,0.8050858882270655,0.4171515679062091,0.3731918671910228,1.0745053419826829
2022,22,19,0.4922984365806496,0.6803224859873592,0.9307535458458442,0.6229488259634692,0.5799866414275504,1.145205607023473
2022,22,20,0,0,0,0.6229488259634692,0.5799866414275504,NA
2022,22,21,0,0,0,0.6229488259634692,0.5799866414275504,NA
2022,22,22,0,0,0,0.6229488259634692,0.5799866414275504,NA
2022,22,23,0,0,0,0.6229488259634692,0.5799866414275504,NA
2022,23,0,0,0,0,0.6229488259634692,0.5799866414275504,NA
2022,23,1,0,0,0,0.6229488259634692,0.5799866414275504,NA
2022,23,2,0,0,0,0.6229488259634692,0.5799866414275504,NA
2022,23,3,0,0,0,0.6229488259634692,0.5799866414275504,NA
2022,23,4,0,0,0,0.6229488259634692,0.5799866414275504,NA
2022,23,5,0,0,0,0.6229488259634692,0.5799866414275504,NA
2022,23,6,0.4896486522356181,0.6763507182693368,0.9273597426949605,0.6251213360175445,0.5824048792688692,1.1458669884071755
2022,23,7,0.4810614534104119,0.6751203268421513,0.9312744103838224,0.6216711577894958,0.5806684560727098,1.1471958777452138
2022,23,8,0.3804367367533511,0.44799713695495025,0.8004564376517075,0.4830753930086156,0.46032139267414196,1.0824698268588469
2022,23,9,0.5111823725234679,0.6917126458770703,0.9397045328991523,0.26290813847928024,0.174184855190328,1.156595271616419
2022,23,10,0.5022604193869536,0.9310391892500731,0.9771308769893006,0.26918280266833317,0.22505954767578873,1.1926128264289186
2022,23,11,0.5418409337731128,0.9574334639124901,0.9883055785191327,0.29492541330084904,0.24432519914175702,1.1807900535573026
2022,23,12,0.5345796687358372,0.9859689897389687,1,0.2881675940081166,0.23346900766798212,1.1619185982382638
2022,23,13,0.5023882401577242,0.9693320477032604,0.9931857295821975,0.37164073908267997,0.3103690006795719,1.1510540941870113
2022,23,14,0.5317343157386488,0.9010446941120513,0.9865290586706438,0.8533259596622045,0.6212088781881723,1.1426095496701474
2022,23,15,0.5433006463217911,0.8316265632526255,0.9738899678458269,0.5701349615266267,0.4161483152024508,1.1373247917501836
2022,23,16,0.5077062726344689,0.7456171725117363,0.9503293554790069,0.27595719834347954,0.21693809580792559,1.1365311616888993
2022,23,17,0.5439275768538323,0.5974035750190722,0.899533720089822,0.37562813123627947,0.319481980408389,1.1219255709701734
2022,23,18,0.41164676276792217,0.42533571773624784,0.7981802017657074,0.5310173697256151,0.5142406863715482,1.0748541251448933
2022,23,19,0.48172318438380113,0.6718280378954853,0.931863012554307,0.627474070445494,0.5855649553129625,1.147241320757547
2022,23,20,0,0,0,0.627474070445494,0.5855649553129625,NA
2022,23,21,0,0,0,0.627474070445494,0.5855649553129625,NA
2022,23,22,0,0,0,0.627474070445494,0.5855649553129625,NA
2022,23,23,0,0,0,0.627474070445494,0.5855649553129625,NA
2022,24,0,0,0,0,0.627474070445494,0.5855649553129625,NA
2022,24,1,0,0,0,0.627474070445494,0.5855649553129625,NA
2022,24,2,0,0,0,0.627474070445494,0.5855649553129625,NA
2022,24,3,0,0,0,0.627474070445494,0.5855649553129625,NA
2022,24,4,0,0,0,0.627474070445494,0.5855649553129625,NA
2022,24,5,0,0,0,0.627474070445494,0.5855649553129625,NA
2022,24,6,0,0,0,0.627474070445494,0.5855649553129625,NA
2022,24,7,0.48870253674523007,0.6773538541814066,0.9319598371655208,0.625364453839467,0.5829487769185195,1.1454488566807512
2022,24,8,0.4663020312221079,0.6404680756150454,0.9239067411888572,0.6172262623602882,0.5773034367654324,1.141358250788974
2022,24,9,0.49548603266091384,0.6798149104303762,0.9292730721262689,0.6172370022042727,0.5733408258236911,1.1482374081110582
2022,24,10,0.4825094448608964,0.6726225063357651,0.9347822773762969,0.6197984507297757,0.5772004329749932,1.1431261017435808
2022,24,11,0.4807177991792289,0.6917890866135838,0.9339627233966961,0.6041876037294694,0.5625957337737829,1.1392258510100737
2022,24,12,0.49785493061913033,0.6802820953140397,0.9302803140228157,0.6150836228577119,0.5743413962360893,1.1384072045629838
2022,24,13,0.47612662736315914,0.6792058029389798,0.9418860429737091,0.6256415608512556,0.5838235277094911,1.1347831457869204
2022,24,14,0.48887491371331604,0.6783952900951552,0.9312826070417043,0.6167532227287198,0.576511601605184,1.1365521418133024
2022,24,15,0.49502899677905293,0.6781749479367452,0.9427275665544993,0.6134594452873683,0.5722401793183979,1.140982041045255
2022,24,16,0.493823651099966,0.681024472529527,0.9297816490951115,0.6273958335790027,0.5852948282193808,1.1427054298638795
2022,24,17,0.49409787653376763,0.6525581481197871,0.9203039667683969,0.5536632512862291,0.5109561541063478,1.1404357818166608
2022,24,18,0.4624279988976464,0.6026888064517572,0.9078605913796599,0.6048071277994868,0.565440182253352,1.1361596508943403
2022,24,19,0.48389712817358455,0.6764713870648785,0.933635542921777,0.6262187370925938,0.5840729260535554,1.1457694461955792
2022,24,20,0,0,0,0.6262187370925938,0.5840729260535554,NA
2022,24,21,0,0,0,0.6262187370925938,0.5840729260535554,NA
2022,24,22,0,0,0,0.6262187370925938,0.5840729260535554,NA
2022,24,23,0,0,0,0.6262187370925938,0.5840729260535554,NA
2022,25,0,0,0,0,0.6262187370925938,0.5840729260535554,NA
2022,25,1,0,0,0,0.6262187370925938,0.5840729260535554,NA
2022,25,2,0,0,0,0.6262187370925938,0.5840729260535554,NA
2022,25,3,0,0,0,0.6262187370925938,0.5840729260535554,NA
2022,25,4,0,0,0,0.6262187370925938,0.5840729260535554,NA
2022,25,5,0,0,0,0.6262187370925938,0.5840729260535554,NA
2022,25,6,0.47767102439183057,0.671257609916407,0.9273093571814525,0.6251658918848221,0.5828037412423537,1.144398605997389
2022,25,7,0.4872218552434641,0.6778501834119844,0.938226816530141,0.6270502475518444,0.5841435488744651,1.1444973266031329
2022,25,8,0.381878424130901,0.43552153782498176,0.7952085661873808,0.559471280038664,0.5230345645627721,1.0866601041510409
2022,25,9,0.493946309672827,0.7103755444958098,0.9267426355793379,0.24450690269432898,0.17101837150786486,1.1633458209403522
2022,25,10,0.4727169613453335,0.9240125783106138,0.9807544349643814,0.2622005744199562,0.21249249365255357,1.1932288033606113
2022,25,11,0.5151115603672454,0.9542338641268591,0.99712092412215,0.29944936879226425,0.24541852116120003,1.1778825097682795
2022,25,12,0.4697614578384711,0.8405651038224577,0.9655932075534273,0.670874733603541,0.5840356052264225,1.1529594715526406
2022,25,13,0.4815387375234664,0.9537855197070965,0.9930786208037892,0.3510839410755621,0.29150515395767707,1.15071609313966
2022,25,14,0.5157360533954873,0.8829268165231485,0.9784041937506274,0.4629356291794404,0.38071371248741387,1.1406961361611674
2022,25,15,0.503509070338729,0.7161973769267354,0.9353550629138119,0.5394672691299525,0.49630569998472107,1.1390930732793088
2022,25,16,0.47969013631935753,0.7473244405457328,0.9520499350861047,0.2246854783401837,0.1770264595250821,1.1358645829163114
2022,25,17,0.5013026179572871,0.5928269010756247,0.8895522423827997,0.31373040187130463,0.24671367657294405,1.1267365463099455
2022,25,18,0.42712641759995446,0.41460060064096727,0.7829346152772169,0.41659663481764153,0.3857456447920456,1.0710068833523452
2022,25,19,0.491572590428747,0.6720276800305198,0.9318698313291245,0.6283188224595407,0.5856921827929492,1.1478654152000538
2022,25,20,0,0,0,0.6283188224595407,0.5856921827929492,NA
2022,25,21,0,0,0,0.6283188224595407,0.5856921827929492,NA
2022,25,22,0,0,0,0.6283188224595407,0.5856921827929492,NA
2022,25,23,0,0,0,0.6283188224595407,0.5856921827929492,NA
2022,26,0,0,0,0,0.6283188224595407,0.5856921827929492,NA
2022,26,1,0,0,0,0.6283188224595407,0.5856921827929492,NA
2022,26,2,0,0,0,0.6283188224595407,0.5856921827929492,NA
2022,26,3,0,0,0,0.6283188224595407,0.5856921827929492,NA
2022,26,4,0,0,0,0.6283188224595407,0.5856921827929492,NA
2022,26,5,0,0,0,0.6283188224595407,0.5856921827929492,NA
2022,26,6,0,0,0,0.6283188224595407,0.5856921827929492,NA
2022,26,7,0.49078417958924464,0.6756672740739625,0.9423208099363507,0.6217135479135933,0.5795611881740463,1.1478012233011134
2022,26,8,0.3998954778114475,0.42554424781190076,0.7988665941221741,0.5378738754655328,0.5032090609941379,1.0890926756972976
2022,26,9,0.4785249913644661,0.6975494170703848,0.9299536567310006,0.23683036021662088,0.17016246955066613,1.1662323996353567
2022,26,10,0.4527758889327215,0.930017967281629,0.9818174011619244,0.25856222535623086,0.20074102204540853,1.1898289788522383
2022,26,11,0.49533585493227206,0.936784580704542,0.9984688743206172,0.2688414993109371,0.21759879147412062,1.1718225979990682
2022,26,12,0.4717689618785208,0.9818253304411245,0.9925995905964085,0.2903828458315369,0.23187582915822771,1.15691959571505
2022,26,13,0.46062620588030273,0.9559518174831367,0.988357624080468,0.939714056813232,0.6290967038919986,1.1478017967200844
2022,26,14,0.5247083399030098,0.9021814638143715,0.9827313076444317,0.26013150447788186,0.21387010101572865,1.1370908134584083
2022,26,15,0.4996866029773095,0.7942331829884159,0.9611556985971652,0.3505939335461678,0.2986722154411826,1.1352470029257926
2022,26,16,0.4653994634755491,0.7445742358214169,0.9435716015116202,0.2107205853362384,0.1529322126200622,1.1349566879625987
2022,26,17,0.4836383976145709,0.5914160808751606,0.8874008083756982,0.29419787020193644,0.24446829028873152,1.129376125184102
2022,26,18,0.43190241831358517,0.41740384208953696,0.7846400156143618,0.5282989145289381,0.5065810031465584,1.0753786621058872
2022,26,19,0.47374515646695015,0.669154616938223,0.9360245207139806,0.6264914738741812,0.5843788536333534,1.1466633991537174
2022,26,20,0,0,0,0.6264914738741812,0.5843788536333534,NA
2022,26,21,0,0,0,0.6264914738741812,0.5843788536333534,NA
2022,26,22,0,0,0,0.6264914738741812,0.5843788536333534,NA
2022,26,23,0,0,0,0.6264914738741812,0.5843788536333534,NA
2022,27,0,0,0,0,0.6264914738741812,0.5843788536333534,NA
2022,27,1,0,0,0,0.6264914738741812,0.5843788536333534,NA
2022,27,2,0,0,0,0.6264914738741812,0.5843788536333534,NA
2022,27,3,0,0,0,0.6264914738741812,0.5843788536333534,NA
2022,27,4,0,0,0,0.6264914738741812,0.5843788536333534,NA
2022,27,5,0,0,0,0.6264914738741812,0.5843788536333534,NA
2022,27,6,0.4697573499623571,0.6744465876412826,0.9215067474565961,0.6235078870886935,0.5812361654041975,1.1450848950888783
2022,27,7,0.48676052246213936,0.671617671667947,0.9367456668142056,0.6255687440871084,0.5835955428145382,1.1472644546160735
2022,27,8,0.4047686718883427,0.4206117575363908,0.7924038634562278,0.49517055308295044,0.4628123605263642,1.0921583274634865
2022,27,9,0.4645036439270562,0.7100074982358081,0.9380281022511311,0.4717044060430204,0.36638364442699,1.1651815247682302
2022,27,10,0.4544014026393969,0.751502711370714,0.9521484488673251,0.5579182838336965,0.49987348389960445,1.1679463599723903
2022,27,11,0.47148825502045916,0.7801600732407878,0.9627066337981506,0.48622465448901825,0.43285324183267015,1.1614260012891746
2022,27,12,0.44328325830323845,0.9370015640961757,0.9820821314212762,0.3983939267291419,0.3174327155690025,1.1642160415192695
2022,27,13,0.4544863608246981,0.9504156746532255,0.9908703553541984,0.34687857854292103,0.282049953863923,1.1552033735433693
2022,27,14,0.491362628998257,0.8943869998961168,0.9835019770131643,0.39611307554597985,0.31725720912060074,1.1470369094883441
2022,27,15,0.48720778459049546,0.8271541349112855,0.9705332624692644,0.23685774314674946,0.1890980753471999,1.143155074150068
2022,27,16,0.4607064473927277,0.7438994716975048,0.9486476238400539,0.19933082014742623,0.13576808554228814,1.1391058195055979
2022,27,17,0.47659052545738606,0.6005464618750744,0.8856164600133309,0.2639642053352774,0.20835744348789062,1.1273767527436993
2022,27,18,0.4434677369821927,0.4295724244356261,0.7872558467519157,0.6535461252458648,0.6140537687771855,1.0755528655201716
2022,27,19,0.4918635007728273,0.6748400047533271,0.9331265139903457,0.6230197998257252,0.5807418781219219,1.1461109231855944
2022,27,20,0,0,0,0.6230197998257252,0.5807418781219219,NA
2022,27,21,0,0,0,0.6230197998257252,0.5807418781219219,NA
2022,27,22,0,0,0,0.6230197998257252,0.5807418781219219,NA
2022,27,23,0,0,0,0.6230197998257252,0.5807418781219219,NA
2022,28,0,0,0,0,0.6230197998257252,0.5807418781219219,NA
2022,28,1,0,0,0,0.6230197998257252,0.5807418781219219,NA
2022,28,2,0,0,0,0.6230197998257252,0.5807418781219219,NA
2022,28,3,0,0,0,0.6230197998257252,0.5807418781219219,NA
2022,28,4,0,0,0,0.6230197998257252,0.5807418781219219,NA
2022,28,5,0,0,0,0.6230197998257252,0.5807418781219219,NA
2022,28,6,0.47883525699346374,0.6660995426329744,0.934233796565639,0.6294813359894662,0.5872981832143105,1.1456595476506841
2022,28,7,0.47274680111669803,0.6740762545943014,0.936342913428533,0.6264434564977253,0.5848187615410083,1.1446846079466702
2022,28,8,0.41149069440807856,0.4267185969728807,0.7940981766826227,0.49025286021548864,0.462224662306424,1.0962463230756065
2022,28,9,0.4416230426499074,0.7100853577899984,0.9319556143727782,0.333810239592311,0.2006639562232485,1.1715717425785375
2022,28,10,0.3917089528590929,0.9062856702399268,0.9807656243198218,0.2742006785254607,0.22474629661363088,1.2006825781938413
2022,28,11,0.4807636929099871,0.9393783960992793,1,0.25745141019010925,0.2051132008232362,1.1850042704002912
2022,28,12,0.4437858706809153,0.9742847139201253,0.9948658897772419,0.27148948077207563,0.21543221320548475,1.1680369761633025
2022,28,13,0.46070756461108625,0.9528705608598631,0.9901576788825022,0.2846209136000077,0.23550229101496786,1.1541501556082183
2022,28,14,0.48640227118627316,0.8968150477663988,0.9812832830737988,0.32738444097601366,0.2658285670802653,1.1469595020972867
2022,28,15,0.46972529911552474,0.822852613643775,0.9727090932931537,0.24187197063163104,0.19269856875642008,1.1436125416290222
2022,28,16,0.45363299094540876,0.7480226235537462,0.9473205613580338,0.19255134605510246,0.14467696996793172,1.1417648926651136
2022,28,17,0.4484608570417285,0.598293282359143,0.8841868626003413,0.25602471937294624,0.20837038501348737,1.1300650444835618
2022,28,18,0.46165088061126314,0.43433014286705074,0.788540458960795,0.46398515613064734,0.4233787328257398,1.0773099112591735
2022,28,19,0.47957076809848675,0.6766676213496337,0.9372608087267329,0.6297591003439019,0.5874535791847597,1.1454816678289568
2022,28,20,0,0,0,0.6297591003439019,0.5874535791847597,NA
2022,28,21,0,0,0,0.6297591003439019,0.5874535791847597,NA
2022,28,22,0,0,0,0.6297591003439019,0.5874535791847597,NA
2022,28,23,0,0,0,0.6297591003439019,0.5874535791847597,NA
2022,29,0,0,0,0,0.6297591003439019,0.5874535791847597,NA
2022,29,1,0,0,0,0.6297591003439019,0.5874535791847597,NA
2022,29,2,0,0,0,0.6297591003439019,0.5874535791847597,NA
2022,29,3,0,0,0,0.6297591003439019,0.5874535791847597,NA
2022,29,4,0,0,0,0.6297591003439019,0.5874535791847597,NA
2022,29,5,0,0,0,0.6297591003439019,0.5874535791847597,NA
2022,29,6,0.4681073961128289,0.6683582433423584,0.9389100429508451,0.6267940110387897,0.5848018900430303,1.1452340531929677
2022,29,7,0.47760306046939,0.6835000687274488,0.93700061158451,0.6280417334042807,0.5865739313072991,1.1453785075279765
2022,29,8,0.42249189094801254,0.43474644665336326,0.7931017555605381,0.5279856928828155,0.48281388880158344,1.097510511565491
2022,29,9,0.4309573065986681,0.7101713296159817,0.9349371872291976,0.22309465067439013,0.1428860289491874,1.1774103739492459
2022,29,10,0.369969749099563,0.8981964988578303,0.9802108948100237,0.30654830288356966,0.20040340327596678,1.2017868513716738
2022,29,11,0.45132229589560996,0.9148681991943952,0.998503299740456,0.28422288828867004,0.22372497791244308,1.1798360987706702
2022,29,12,0.4273983223758382,0.9720055423864838,0.9944428209087884,0.25619833536936837,0.2047690450562132,1.1648466646879871
2022,29,13,0.43503931697959125,0.9416552233676926,0.9917529472421147,0.32992433700724927,0.26618889425769215,1.1524924927610773
2022,29,14,0.4621646868126754,0.8870889499403068,0.9821338689002459,0.3802321835753828,0.3040719737818678,1.1446643881820164
2022,29,15,0.45289419863003444,0.8150546957657625,0.9727613999002945,0.21346640677822362,0.170049571062074,1.1428718159197988
2022,29,16,0.434992318748429,0.7444718380503819,0.9447063919840394,0.1846282667503633,0.13906614982518065,1.1399373561387711
2022,29,17,0.42190890837264844,0.5925229069814807,0.8799247780487339,0.2628209684477512,0.18362354090858007,1.1322384480321417
2022,29,18,0.4618301452299953,0.42246491124375496,0.7817293057315954,0.4029726380393924,0.3525586565977984,1.077834976438055
2022,29,19,0.4830084309288042,0.6782727665274529,0.9394833450066886,0.6290389637061445,0.5856079116226695,1.1452012989905378
2022,29,20,0,0,0,0.6290389637061445,0.5856079116226695,NA
2022,29,21,0,0,0,0.6290389637061445,0.5856079116226695,NA
2022,29,22,0,0,0,0.6290389637061445,0.5856079116226695,NA
2022,29,23,0,0,0,0.6290389637061445,0.5856079116226695,NA
2022,30,0,0,0,0,0.6290389637061445,0.5856079116226695,NA
2022,30,1,0,0,0,0.6290389637061445,0.5856079116226695,NA
2022,30,2,0,0,0,0.6290389637061445,0.5856079116226695,NA
2022,30,3,0,0,0,0.6290389637061445,0.5856079116226695,NA
2022,30,4,0,0,0,0.6290389637061445,0.5856079116226695,NA
2022,30,5,0,0,0,0.6290389637061445,0.5856079116226695,NA
2022,30,6,0.49556418191276846,0.6703604845134579,0.928482638241624,0.6265534788433329,0.5839675496355118,1.1462987392388655
2022,30,7,0.4771916444963877,0.673975804432673,0.9340710271532012,0.6225565033250058,0.5805141037104025,1.1483798312041391
2022,30,8,0.4375436252362076,0.44351864631672644,0.7945142684742457,0.4707208480923284,0.43706418318655854,1.0989416358880177
2022,30,9,0.40943391393939527,0.7152165297871842,0.9323192073526426,0.18420639326231508,0.12975338875181633,1.1793577813464844
2022,30,10,0.3595686996424015,0.8912426449551608,0.9825002886332524,0.234071496966596,0.18996593483331392,1.2031368264138944
2022,30,11,0.42171510098197695,0.9062207822791025,1,0.4655973654668617,0.3446817613815054,1.1806481958519304
2022,30,12,0.414296275005441,0.9673602002361018,0.9953470059844279,0.2321058024533989,0.1837576641727803,1.163013257462405
2022,30,13,0.4322010219843638,0.943851732347091,0.9961030509142225,0.28206049701999664,0.231754505435558,1.1502675285749757
2022,30,14,0.4514524360248042,0.8894954357248275,0.9816823026954473,0.651939004672393,0.461687049760118,1.1417310381213595
2022,30,15,0.4425464294772528,0.817218606437632,0.9774301895988073,0.22363460597421406,0.17867575673318914,1.1405626028321016
2022,30,16,0.42247894925362417,0.7450543186665844,0.945867716667925,0.19491456241547817,0.1431873205009566,1.1396465972481011
2022,30,17,0.4002615806181049,0.5906504516423698,0.8790441632920969,0.24888659120740916,0.17619353857717554,1.1331897343859332
2022,30,18,0.4567827689968581,0.42029997728881735,0.7680317028147587,0.4915367249670039,0.4667532362565305,1.0783022805704419
2022,30,19,0.48615821247955504,0.6724277275348879,0.9331557848183639,0.626015208548454,0.5837243482908823,1.1466240229058444
2022,30,20,0,0,0,0.626015208548454,0.5837243482908823,NA
2022,30,21,0,0,0,0.626015208548454,0.5837243482908823,NA
2022,30,22,0,0,0,0.626015208548454,0.5837243482908823,NA
2022,30,23,0,0,0,0.626015208548454,0.5837243482908823,NA
2022,31,0,0,0,0,0.626015208548454,0.5837243482908823,NA
2022,31,1,0,0,0,0.626015208548454,0.5837243482908823,NA
2022,31,2,0,0,0,0.626015208548454,0.5837243482908823,NA
2022,31,3,0,0,0,0.626015208548454,0.5837243482908823,NA
2022,31,4,0,0,0,0.626015208548454,0.5837243482908823,NA
2022,31,5,0,0,0,0.626015208548454,0.5837243482908823,NA
2022,31,6,0,0,0,0.626015208548454,0.5837243482908823,NA
2022,31,7,0.48215568741497017,0.666825744910012,0.9368997902231727,0.6273396031980211,0.5864728930546027,1.145851018270942
2022,31,8,0.45084049629154654,0.4928382813037108,0.8357058325330935,0.5917752267033107,0.5294087575995152,1.1136566220822313
2022,31,9,0.4397164585510543,0.69631487197266,0.9368837631626055,0.4543948423805352,0.39598531804986664,1.1641181424906355
2022,31,10,0.40496734603367673,0.7912371700097419,0.9613610901141334,0.3728619451161589,0.32920796988349244,1.1757302395686366
2022,31,11,0.4559285235824001,0.7572053866763993,0.959792640761261,0.5511498445005737,0.4973245132946987,1.155108634293521
2022,31,12,0.4448187098106836,0.8390781968958836,0.9654876074010154,0.4138507264533821,0.36215213830221366,1.1545840546334798
2022,31,13,0.43149587023320357,0.8708306206188416,0.9774847739549394,0.4479688491227067,0.3862094893046215,1.1481626434614118
2022,31,14,0.44461760998971933,0.8892197175729726,0.9843033330051715,0.39047366778610393,0.31071641112357284,1.142981071920389
2022,31,15,0.39705778448208,0.8115319099935613,0.9729977363249472,0.49025107528147804,0.34811118777474515,1.1410875576566806
2022,31,16,0.3915758837900298,0.7429332608103554,0.9435783746056964,0.30161222795066106,0.20225726054001844,1.1417591457605614
2022,31,17,0.3761104450743334,0.5931082896617254,0.876392522453804,0.23094459557757824,0.17169322525222294,1.1335167114372275
2022,31,18,0.4820274660634495,0.6795182322451027,0.9432900873656151,0.6249092746644039,0.5821349287625112,1.146763385549697
2022,31,19,0.4897212958946944,0.6706353551178683,0.941820149137966,0.6242065674405781,0.5809715783953231,1.1456643282839876
2022,31,20,0,0,0,0.6242065674405781,0.5809715783953231,NA
2022,31,21,0,0,0,0.6242065674405781,0.5809715783953231,NA
2022,31,22,0,0,0,0.6242065674405781,0.5809715783953231,NA
2022,31,23,0,0,0,0.6242065674405781,0.5809715783953231,NA
2022,32,0,0,0,0,0.6242065674405781,0.5809715783953231,NA
2022,32,1,0,0,0,0.6242065674405781,0.5809715783953231,NA
2022,32,2,0,0,0,0.6242065674405781,0.5809715783953231,NA
2022,32,3,0,0,0,0.6242065674405781,0.5809715783953231,NA
2022,32,4,0,0,0,0.6242065674405781,0.5809715783953231,NA
2022,32,5,0,0,0,0.6242065674405781,0.5809715783953231,NA
2022,32,6,0.4779392707667165,0.6722345134694704,0.9343145356598279,0.6277660129298895,0.5855554323096839,1.145902756287537
2022,32,7,0.48492922646758213,0.6732127466482144,0.9387755032696745,0.6257288190085101,0.5844164118044957,1.147140871094265
2022,32,8,0.41774281474184444,0.43789684931560635,0.7924033408060452,0.5279787726818406,0.4833906407010607,1.0984511822180574
2022,32,9,0.4321471205377366,0.7051828140001404,0.9281484729642168,0.1910316579946157,0.1375175757242013,1.1774818686056436
2022,32,10,0.37194817028480626,0.8995776812325501,0.9783080804350537,0.4899271771285225,0.2908036559215775,1.1954708824413927
2022,32,11,0.4483751104826858,0.9130650554902714,0.9965242203891731,0.3055442053415546,0.24090803789886425,1.1761436611190579
2022,32,12,0.42684650997096124,0.9727529519175229,0.9914450972238699,0.25548097886669696,0.20536884499218686,1.1608543263137725
2022,32,13,0.43181565229589014,0.938159404542063,0.9915340275369349,0.367757759990423,0.29788076003131314,1.1492253445617746
2022,32,14,0.4781712485954643,0.8902356982284056,0.9819023468416357,0.2717816345509238,0.2210468065052921,1.1413600224444584
2022,32,15,0.465554385696223,0.7592725831418424,0.9596546122034383,0.36323047418533583,0.3185089713860662,1.140188116716791
2022,32,16,0.4592819729457384,0.702215134864746,0.9431340263240516,0.5492255589077183,0.49620444619346143,1.142130077409333
2022,32,17,0.4231511685880189,0.5919435821903912,0.8839416591420686,0.2907885769391555,0.19296641727792907,1.1317758001035294
2022,32,18,0.45674276041400796,0.4241508596527645,0.7801067729541834,0.4520886004997224,0.4044811856388706,1.0788911063960627
2022,32,19,0.48004395617312207,0.6740069829954035,0.9360002989960042,0.6280241117263087,0.5860660606909892,1.1470170136051623
2022,32,20,0,0,0,0.6280241117263087,0.5860660606909892,NA
2022,32,21,0,0,0,0.6280241117263087,0.5860660606909892,NA
2022,32,22,0,0,0,0.6280241117263087,0.5860660606909892,NA
2022,32,23,0,0,0,0.6280241117263087,0.5860660606909892,NA
2022,33,0,0,0,0,0.6280241117263087,0.5860660606909892,NA
2022,33,1,0,0,0,0.6280241117263087,0.5860660606909892,NA
2022,33,2,0,0,0,0.6280241117263087,0.5860660606909892,NA
2022,33,3,0,0,0,0.6280241117263087,0.5860660606909892,NA
2022,33,4,0,0,0,0.6280241117263087,0.5860660606909892,NA
2022,33,5,0,0,0,0.6280241117263087,0.5860660606909892,NA
2022,33,6,0.4799965535270298,0.6683022406701504,0.9269055228050127,0.6233429833664673,0.580126806955598,1.1460884510552076
2022,33,7,0.49183618216514885,0.6682180721557339,0.92831878702345,0.6261634685148988,0.5835410451558082,1.1464557272180738
2022,33,8,0.43916808219716214,0.4466135080903314,0.797492399992796,0.5311596202015356,0.4914002762778752,1.0991922498677482
2022,33,9,0.4070422615196627,0.7130111887821727,0.9349010828402817,0.1823191490683365,0.12790512729621542,1.1796504944267725
2022,33,10,0.3623903885853685,0.8913361650709815,0.9833687695351125,0.24833396383121353,0.2047431623355167,1.2008613832615533
2022,33,11,0.43595569865722367,0.9139514280650569,1,0.27266456376074527,0.2158207996248079,1.1763437869186375
2022,33,12,0.40964095053458627,0.9682849633779539,0.9913117696900081,0.27283051088730526,0.21648153455504143,1.1600383447357436
2022,33,13,0.4117544017371942,0.9365291031894587,0.9934789692052285,0.4729428706627689,0.3662152114868956,1.148130274634478
2022,33,14,0.462822761785942,0.8938108533511999,0.9791195437704976,0.33112905513369023,0.2688996206966943,1.1400248628119587
2022,33,15,0.44362753153804463,0.8175525291382246,0.9780487090754894,0.226688582888419,0.18053016728777105,1.1402777117356102
2022,33,16,0.42008943649841385,0.7442132378853329,0.9482545312966546,0.23563145779775976,0.1680362266345645,1.1399702870941915
2022,33,17,0.3963587817333319,0.5911079080751637,0.8802481128060119,0.31515568918459047,0.20633908819998023,1.1340552947223923
2022,33,18,0.46428865258871604,0.42524842347118647,0.7730430362006511,0.5236826603401395,0.4971447536264124,1.0788193995023456
2022,33,19,0.47782725847513036,0.6632055650027155,0.9323968974017893,0.6265078304803363,0.5844257467119341,1.1465410002284133
2022,33,20,0,0,0,0.6265078304803363,0.5844257467119341,NA
2022,33,21,0,0,0,0.6265078304803363,0.5844257467119341,NA
2022,33,22,0,0,0,0.6265078304803363,0.5844257467119341,NA
2022,33,23,0,0,0,0.6265078304803363,0.5844257467119341,NA
2022,34,0,0,0,0,0.6265078304803363,0.5844257467119341,NA
2022,34,1,0,0,0,0.6265078304803363,0.5844257467119341,NA
2022,34,2,0,0,0,0.6265078304803363,0.5844257467119341,NA
2022,34,3,0,0,0,0.6265078304803363,0.5844257467119341,NA
2022,34,4,0,0,0,0.6265078304803363,0.5844257467119341,NA
2022,34,5,0,0,0,0.6265078304803363,0.5844257467119341,NA
2022,34,6,0,0,0,0.6265078304803363,0.5844257467119341,NA
2022,34,7,0.48493391729131935,0.6711201553456317,0.9333633766211531,0.629506217994883,0.5866406179316211,1.145487713215009
2022,34,8,0.4698017509802911,0.4950352101242875,0.8292065149706763,0.48573920919994223,0.4361842250579291,1.114427406158728
2022,34,9,0.44872062721673106,0.682612320341414,0.9408802318319712,0.5669659978534315,0.513329441724825,1.1569880641030363
2022,34,10,0.46552515674477785,0.7013718999291103,0.9303278399615605,0.5654845037558918,0.520832549915084,1.1530219821021421
2022,34,11,0.4133242150910438,0.9181358485127347,0.9954985095962149,0.30721084700557744,0.23493592829499493,1.1769025932998831
2022,34,12,0.41356725259555016,0.8739314306053838,0.9779407659405708,0.559198606316938,0.47223077027694593,1.1577013666199174
2022,34,13,0.4004772981052365,0.9322837641895075,0.9913436869008914,0.47081131431901097,0.359169460780372,1.150105863129983
2022,34,14,0.4498470004609807,0.8865539793047595,0.9802752805953188,0.2643751452587124,0.2141466377825563,1.142148259919702
2022,34,15,0.4360397596918797,0.7702626613247034,0.9537695939173912,0.370577510255571,0.32426883222099223,1.1412740275275977
2022,34,16,0.43749744096519044,0.7116204689655063,0.9397022933097884,0.4891391471823928,0.43720501835370434,1.1404520198794192
2022,34,17,0.3845118972646895,0.5946643461370097,0.8775124269990301,0.237459866827705,0.16669976698907538,1.1330722932574897
2022,34,18,0.48423165321974587,0.6715244715459582,0.9278463137521289,0.630115795179905,0.5873438362133637,1.1487666097446771
2022,34,19,0.4773812664132886,0.6757916344729498,0.9273893843113101,0.6275221656368848,0.5856719174395073,1.146706166161846
2022,34,20,0,0,0,0.6275221656368848,0.5856719174395073,NA
2022,34,21,0,0,0,0.6275221656368848,0.5856719174395073,NA
2022,34,22,0,0,0,0.6275221656368848,0.5856719174395073,NA
2022,34,23,0,0,0,0.6275221656368848,0.5856719174395073,NA
2022,35,0,0,0,0,0.6275221656368848,0.5856719174395073,NA
2022,35,1,0,0,0,0.6275221656368848,0.5856719174395073,NA
2022,35,2,0,0,0,0.6275221656368848,0.5856719174395073,NA
2022,35,3,0,0,0,0.6275221656368848,0.5856719174395073,NA
2022,35,4,0,0,0,0.6275221656368848,0.5856719174395073,NA
2022,35,5,0,0,0,0.6275221656368848,0.5856719174395073,NA
2022,35,6,0.47548185432605594,0.6668788544788586,0.9330015905002508,0.6267835311726294,0.584731367619577,1.1464413908680613
2022,35,7,0.47996331174040113,0.6741619035130286,0.9397540320641729,0.6253978252443494,0.5837876497298203,1.1456276932396885
2022,35,8,0.4798150155046656,0.4610860796224479,0.8057876999830278,0.42708246051100907,0.38790462803680814,1.1030991497010643
2022,35,9,0.37216283210554946,0.7158171517658838,0.9357670949262329,0.19569387085968815,0.1252593760904556,1.1829533671374177
2022,35,10,0.33239820477874654,0.8942057066231827,0.9836439418498286,0.2504614628610022,0.201597134083377,1.2021803502049728
2022,35,11,0.40183560810584246,0.9149957543396698,0.997927292334981,0.28331416456142217,0.2117685281746827,1.1770352284238088
2022,35,12,0.41167419829355895,0.9566867668036485,0.9938819654106561,0.2427761564577938,0.1938537079201885,1.1622895266278097
2022,35,13,0.408731713995089,0.935422810247924,0.996611772036696,0.44887719012754246,0.3499778024634128,1.1493107184099163
2022,35,14,0.4359453004899034,0.882153253750421,0.98219600139064,0.28805570360124716,0.23396950081986181,1.142052713523022
2022,35,15,0.40404309248674963,0.8213414055629478,0.9740120020191884,0.22552477880353483,0.1788818845648988,1.1379532947535034
2022,35,16,0.3886680941356319,0.743959158218033,0.947004957264063,0.1863791071051076,0.13484499178835269,1.1373033594877269
2022,35,17,0.3532056112893284,0.5901185523446697,0.8759774963794246,0.2518625785341889,0.164180621130299,1.1364001102796366
2022,35,18,0.4883351587013981,0.6810027054304054,0.9389170708334459,0.6221496825246866,0.5791014898817773,1.1474169664675946
2022,35,19,0.47969954615310817,0.6792053636818263,0.9372398533099983,0.6261801902967179,0.5844021170436406,1.147611746360036
2022,35,20,0,0,0,0.6261801902967179,0.5844021170436406,NA
2022,35,21,0,0,0,0.6261801902967179,0.5844021170436406,NA
2022,35,22,0,0,0,0.6261801902967179,0.5844021170436406,NA
2022,35,23,0,0,0,0.6261801902967179,0.5844021170436406,NA
2022,36,0,0,0,0,0.6261801902967179,0.5844021170436406,NA
2022,36,1,0,0,0,0.6261801902967179,0.5844021170436406,NA
2022,36,2,0,0,0,0.6261801902967179,0.5844021170436406,NA
2022,36,3,0,0,0,0.6261801902967179,0.5844021170436406,NA
2022,36,4,0,0,0,0.6261801902967179,0.5844021170436406,NA
2022,36,5,0,0,0,0.6261801902967179,0.5844021170436406,NA
2022,36,6,0.4877979444046508,0.6666176687411097,0.9306753388600411,0.6238472917280377,0.5820978750648688,1.1452226318817775
2022,36,7,0.48246794402168147,0.677098123261667,0.9326197703812728,0.6230182467045453,0.5817591061510037,1.1472818774939193
2022,36,8,0.47648856622781244,0.45593083669598256,0.7909153939732468,0.39480531311810946,0.3228149217635492,1.1062109300115033
2022,36,9,0.3423843348014904,0.7223776090657058,0.9301091756279156,0.21440061384183554,0.13601255544845908,1.1864194112035054
2022,36,10,0.31434093130590673,0.8768858881090084,0.9813320716037718,0.23719863774649302,0.19571693078874536,1.1967749124575229
2022,36,11,0.3784447143372431,0.9118292215110487,0.9925730286826876,0.25435637492254837,0.1935406259829886,1.1748453857124272
2022,36,12,0.3893305402775479,0.9519388572182594,0.9918141530904815,0.25410867062741826,0.20365031623238564,1.1601301534011013
2022,36,13,0.46680276041369945,0.7026662561570051,0.9425723859974281,0.5912541197344656,0.5492067379842389,1.1401660712349955
2022,36,14,0.4863323742602341,0.6890636337174417,0.9322930844715139,0.6188566732180198,0.5775645300213637,1.1386330647795853
2022,36,15,0.4946222723952561,0.6821838857745721,0.9240514356231396,0.6154818507572758,0.5729555758909446,1.1407430341493625
2022,36,16,0.475061109137452,0.6766116534821197,0.9279912804774822,0.629287992860243,0.587090150054859,1.1456107182597175
2022,36,17,0.4694540526874119,0.6637639563481639,0.9338900353894468,0.5959137011789964,0.5532208976612503,1.14628844067611
2022,36,18,0.4894452984649604,0.679645649176365,0.9360264361983284,0.6222307351992273,0.5805316302416879,1.1445421495075845
2022,36,19,0.4798173405311649,0.677387745706403,0.9301332689040616,0.622600842336601,0.579463339741482,1.1474084650003773
2022,36,20,0,0,0,0.622600842336601,0.579463339741482,NA
2022,36,21,0,0,0,0.622600842336601,0.579463339741482,NA
2022,36,22,0,0,0,0.622600842336601,0.579463339741482,NA
2022,36,23,0,0,0,0.622600842336601,0.579463339741482,NA
2022,37,0,0,0,0,0.622600842336601,0.579463339741482,NA
2022,37,1,0,0,0,0.622600842336601,0.579463339741482,NA
2022,37,2,0,0,0,0.622600842336601,0.579463339741482,NA
2022,37,3,0,0,0,0.622600842336601,0.579463339741482,NA
2022,37,4,0,0,0,0.622600842336601,0.579463339741482,NA
2022,37,5,0,0,0,0.622600842336601,0.579463339741482,NA
2022,37,6,0,0,0,0.622600842336601,0.579463339741482,NA
2022,37,7,0.471383937651552,0.678973471131089,0.9378711267190091,0.6273824563467068,0.5860416178070199,1.1482049588004597
2022,37,8,0.4891788324570102,0.6299980086242066,0.9098152482411416,0.6000266153709567,0.5572813821231704,1.1420112772835092
2022,37,9,0.4799859632041277,0.6746281039777764,0.9347623533492193,0.614239892731072,0.5711136019927647,1.148193440416469
2022,37,10,0.4767548594476576,0.681044138974127,0.9330619020613214,0.6136637981339642,0.5718032002861763,1.148338982900449
2022,37,11,0.4767532526130095,0.6807618051344815,0.9361543187446598,0.6162510343201456,0.5754380858366132,1.1426988568046355
2022,37,12,0.4848106224177772,0.6702706989366793,0.9324090391481594,0.619923634615526,0.5790565295950596,1.1401368586391376
2022,37,13,0.4677428219682407,0.6791301266962806,0.9322477447272672,0.6211801137883954,0.580629490191239,1.1391313723417755
2022,37,14,0.4926544962486624,0.6764608639333232,0.9359685145285509,0.6227349536183452,0.5803551401788043,1.1381981849211784
2022,37,15,0.4734866228056957,0.6814219201401249,0.9298489596222625,0.6180260397556876,0.5773522015094821,1.1407785520932339
2022,37,16,0.4738056165574694,0.6696766558691967,0.9432004585637702,0.6235731793641901,0.5806458901973763,1.149498964664812
2022,37,17,0.48724918778095305,0.6798091529285837,0.9318567108423197,0.618894971885298,0.5758270537632104,1.1462402549396224
2022,37,18,0.48464291573949986,0.6736892033118178,0.9363943668029052,0.6253406012327112,0.5814424813037326,1.1454914374099205
2022,37,19,0.4779684619193125,0.6772549167038683,0.9369595041032116,0.6250413312639352,0.5829553621683207,1.1454345591167545
2022,37,20,0,0,0,0.6250413312639352,0.5829553621683207,NA
2022,37,21,0,0,0,0.6250413312639352,0.5829553621683207,NA
2022,37,22,0,0,0,0.6250413312639352,0.5829553621683207,NA
2022,37,23,0,0,0,0.6250413312639352,0.5829553621683207,NA
2022,38,0,0,0,0,0.6250413312639352,0.5829553621683207,NA
2022,38,1,0,0,0,0.6250413312639352,0.5829553621683207,NA
2022,38,2,0,0,0,0.6250413312639352,0.5829553621683207,NA
2022,38,3,0,0,0,0.6250413312639352,0.5829553621683207,NA
2022,38,4,0,0,0,0.6250413312639352,0.5829553621683207,NA
2022,38,5,0,0,0,0.6250413312639352,0.5829553621683207,NA
2022,38,6,0,0,0,0.6250413312639352,0.5829553621683207,NA
2022,38,7,0,0,0,0.6250413312639352,0.5829553621683207,NA
2022,38,8,0.48714554480100475,0.6691259521084552,0.9297718287644166,0.6240028428644077,0.5829486791930328,1.1460322932725915
2022,38,9,0.4801357721842277,0.6761811846934396,0.9355152118246431,0.6231115258331846,0.5805548069186172,1.1472214983374993
2022,38,10,0.47630422634578146,0.6830203628445699,0.944941725196088,0.6239472682380613,0.5820282059881615,1.145601244892911
2022,38,11,0.48618642446014543,0.6746675038944202,0.9352541822447245,0.6222617298012774,0.5807642421996877,1.1407803921976942
2022,38,12,0.4926820554733052,0.6781985867785244,0.933303748192645,0.6188698005044664,0.5773080050204579,1.1389406199468137
2022,38,13,0.47792094337640917,0.6772264719928117,0.9421103368774386,0.6248344446639393,0.582920393282993,1.1377593768966214
2022,38,14,0.48226267802299516,0.6798322700025118,0.9414959257204086,0.6193634701364015,0.5781485185196412,1.13710678326655
2022,38,15,0.47930730418501855,0.6832922471630047,0.937251070547796,0.6091156551500156,0.5686108525921143,1.1390840213785527
2022,38,16,0.4531172443927696,0.6842667084214173,0.9319153644573649,0.5594534965201888,0.5160054492806073,1.1443710657751498
2022,38,17,0.4760200933201963,0.6632528527664492,0.9294935673955425,0.6174287904108823,0.5727616244252595,1.1458959715862407
2022,38,18,0.48908614552416674,0.6742830590493479,0.9357540468173197,0.625753122107748,0.5829459910897806,1.147938214833998
2022,38,19,0.4938288851011846,0.6703277327156374,0.9378490935359207,0.6252599487866525,0.5837231611703839,1.1470683376372612
2022,38,20,0,0,0,0.6252599487866525,0.5837231611703839,NA
2022,38,21,0,0,0,0.6252599487866525,0.5837231611703839,NA
2022,38,22,0,0,0,0.6252599487866525,0.5837231611703839,NA
2022,38,23,0,0,0,0.6252599487866525,0.5837231611703839,NA
2022,39,0,0,0,0,0.6252599487866525,0.5837231611703839,NA
2022,39,1,0,0,0,0.6252599487866525,0.5837231611703839,NA
2022,39,2,0,0,0,0.6252599487866525,0.5837231611703839,NA
2022,39,3,0,0,0,0.6252599487866525,0.5837231611703839,NA
2022,39,4,0,0,0,0.6252599487866525,0.5837231611703839,NA
2022,39,5,0,0,0,0.6252599487866525,0.5837231611703839,NA
2022,39,6,0,0,0,0.6252599487866525,0.5837231611703839,NA
2022,39,7,0.4778759565193897,0.6737213831152099,0.9399241790944081,0.6228415589556772,0.5812579125510168,1.1503705456638076
2022,39,8,0.4767701362144026,0.5573829583260632,0.8464512481616084,0.5235335914174383,0.48109812676119795,1.1313152673450726
2022,39,9,0.4366795473947231,0.6810188833729474,0.9407999609584224,0.5350677287819495,0.4904669240203004,1.1549754616468473
2022,39,10,0.4669591753678785,0.6885128123072204,0.9431318389749938,0.580697796448579,0.5374457555187063,1.148707649926782
2022,39,11,0.3807821342820955,0.8746728665416637,0.9724018163496807,0.2707706490705284,0.2263124917411783,1.16682499103336
2022,39,12,0.36739381772167695,0.9103232850593946,0.9853400864724882,0.27826114021105025,0.23351791913250858,1.1581939068519511
2022,39,13,0.3979507689298576,0.8654276042732498,0.9828331107370308,0.3016366557945052,0.25844472459067724,1.14658673163401
2022,39,14,0.39457752682503267,0.8319266909725646,0.9729525458190301,0.31728780558778397,0.2698541366347078,1.1418510352070061
2022,39,15,0.3247318147698563,0.8078545204150906,0.9632902187518548,0.20625942242206535,0.16507972049554948,1.141802788764914
2022,39,16,0.32021807747700237,0.7440557689684504,0.9367370203950374,0.16071200843225578,0.11872790417628284,1.1416740990953471
2022,39,17,0.28156268978451043,0.5877500957943459,0.8659395854882901,0.22938616963298356,0.1587209197554313,1.1429495578211086
2022,39,18,0.48857096081142665,0.6689118843418276,0.9371443264164684,0.6231326864723767,0.5814827476005663,1.1482374883960298
2022,39,19,0.48904478009930785,0.6748432810678436,0.9325818953862549,0.6269474654749827,0.5840985990633537,1.1474035850889615
2022,39,20,0,0,0,0.6269474654749827,0.5840985990633537,NA
2022,39,21,0,0,0,0.6269474654749827,0.5840985990633537,NA
2022,39,22,0,0,0,0.6269474654749827,0.5840985990633537,NA
2022,39,23,0,0,0,0.6269474654749827,0.5840985990633537,NA
2022,40,0,0,0,0,0.6269474654749827,0.5840985990633537,NA
2022,40,1,0,0,0,0.6269474654749827,0.5840985990633537,NA
2022,40,2,0,0,0,0.6269474654749827,0.5840985990633537,NA
2022,40,3,0,0,0,0.6269474654749827,0.5840985990633537,NA
2022,40,4,0,0,0,0.6269474654749827,0.5840985990633537,NA
2022,40,5,0,0,0,0.6269474654749827,0.5840985990633537,NA
2022,40,6,0,0,0,0.6269474654749827,0.5840985990633537,NA
2022,40,7,0.4864210135423767,0.6689839190572894,0.9261990879687441,0.6285734507454357,0.5856652125867655,1.1462464842696045
2022,40,8,0.4871837901239086,0.4836772594355539,0.77655722825809,0.4203444762119128,0.3742619022115848,1.120282577242211
2022,40,9,0.272959898751541,0.7307189898433413,0.9309199170167173,0.14875710915434848,0.10471876029014159,1.1922545692885715
2022,40,10,0.2475657530966242,0.8448501316710608,0.9724378478701272,0.2199330175307716,0.17664151905659364,1.2032425342783841
2022,40,11,0.33667864269271647,0.903824546982525,0.9855681250179383,0.25326813244151763,0.1955731542800979,1.174783925077977
2022,40,12,0.33662468397496464,0.9370726669153148,1,0.2911615210896971,0.23629458832956743,1.157641741566335
2022,40,13,0.3815230622105332,0.9038878244121353,0.9957202975079036,0.273871115383376,0.22770878177750672,1.1460166307613888
2022,40,14,0.3557617531251587,0.8513782413751585,0.9801507322287272,0.43510367062896416,0.3413753627532375,1.141362179444899
2022,40,15,0.31766326791566624,0.8040846334743783,0.9648339401431889,0.19205814754264428,0.1508514591077949,1.1408723582745512
2022,40,16,0.3094604195654765,0.7420110576641772,0.93552781024493,0.1748446154550047,0.11504173355881493,1.1427120789607956
2022,40,17,0.25583249123194307,0.5843852380880156,0.864254716117481,0.19508258308486842,0.13239993217074192,1.1429747352870163
2022,40,18,0.48366740490114957,0.6804287585768418,0.9395488350034489,0.6210504012666418,0.579326512875268,1.148344834143931
2022,40,19,0.48699997457804717,0.6733756056596941,0.9271811976355635,0.6285255528182295,0.5864306013923664,1.1475579673953522
2022,40,20,0,0,0,0.6285255528182295,0.5864306013923664,NA
2022,40,21,0,0,0,0.6285255528182295,0.5864306013923664,NA
2022,40,22,0,0,0,0.6285255528182295,0.5864306013923664,NA
2022,40,23,0,0,0,0.6285255528182295,0.5864306013923664,NA
2022,41,0,0,0,0,0.6285255528182295,0.5864306013923664,NA
2022,41,1,0,0,0,0.6285255528182295,0.5864306013923664,NA
2022,41,2,0,0,0,0.6285255528182295,0.5864306013923664,NA
2022,41,3,0,0,0,0.6285255528182295,0.5864306013923664,NA
2022,41,4,0,0,0,0.6285255528182295,0.5864306013923664,NA
2022,41,5,0,0,0,0.6285255528182295,0.5864306013923664,NA
2022,41,6,0,0,0,0.6285255528182295,0.5864306013923664,NA
2022,41,7,0.48924513480027326,0.6733277935217391,0.9314944325210359,0.6240691610844391,0.5830516534940149,1.1460664504846028
2022,41,8,0.49252466290093067,0.4907583030101326,0.7803741404117049,0.38461780511062266,0.3096492619001197,1.1234345406282742
2022,41,9,0.2508854880792909,0.727587911349343,0.9310433145242005,0.15925715259228893,0.11235066899471978,1.1943459397528442
2022,41,10,0.23120125793810548,0.8321421084899469,0.9767157771165735,0.3274537792495167,0.2475520614541684,1.1969325784697857
2022,41,11,0.31679353385149633,0.8951310142651734,0.9944149081455769,0.2397781958093117,0.18092147748103798,1.1690505960209991
2022,41,12,0.32803537110624914,0.9293973727075904,1,0.2903742637007023,0.23736057097661598,1.1560355719530842
2022,41,13,0.3783884502873491,0.8958250762423411,0.999742198678758,0.34510215548089984,0.28210940747258567,1.1457426176516665
2022,41,14,0.3588098257840236,0.8557439516124832,0.9807982603826003,0.23314588690929466,0.19131642973680477,1.140547878432833
2022,41,15,0.29477328330972674,0.7954462523186124,0.9621576760944142,0.26537230086180374,0.20162567614027596,1.1383164555473626
2022,41,16,0.28333395140210554,0.7279488874795046,0.9345970034672484,0.22199353742155592,0.14974112653642196,1.1393355419666036
2022,41,17,0.2235813130339294,0.5811507030762559,0.8630220387008496,0.2030067500958862,0.13648099352340246,1.145328522823692
2022,41,18,0.4885536088290508,0.6768970450943571,0.9376356407954851,0.6240956283448887,0.5829248431297355,1.146884370008796
2022,41,19,0.4876743905633982,0.6726395464417637,0.9391619052959141,0.6185461685728364,0.5756110619308868,1.146279410729849
2022,41,20,0,0,0,0.6185461685728364,0.5756110619308868,NA
2022,41,21,0,0,0,0.6185461685728364,0.5756110619308868,NA
2022,41,22,0,0,0,0.6185461685728364,0.5756110619308868,NA
2022,41,23,0,0,0,0.6185461685728364,0.5756110619308868,NA
2022,42,0,0,0,0,0.6185461685728364,0.5756110619308868,NA
2022,42,1,0,0,0,0.6185461685728364,0.5756110619308868,NA
2022,42,2,0,0,0,0.6185461685728364,0.5756110619308868,NA
2022,42,3,0,0,0,0.6185461685728364,0.5756110619308868,NA
2022,42,4,0,0,0,0.6185461685728364,0.5756110619308868,NA
2022,42,5,0,0,0,0.6185461685728364,0.5756110619308868,NA
2022,42,6,0,0,0,0.6185461685728364,0.5756110619308868,NA
2022,42,7,0.4851872541302256,0.67567776282559,0.9301234730424255,0.625427434563775,0.5840395889932659,1.1447812961849437
2022,42,8,0.488871457426406,0.4886382063410939,0.7682968438918115,0.3673558044688826,0.2966716765349116,1.1264376162508882
2022,42,9,0.3495238761481526,0.7019371294988833,0.9312910501256648,0.5703528374965068,0.5072813288190501,1.1689754189909087
2022,42,10,0.45818603168961475,0.685536857330809,0.943047327834778,0.6008660596627329,0.5590835999906809,1.1435181962405552
2022,42,11,0.4808644007278318,0.6845371984648488,0.9325119128640962,0.6068851749460886,0.5655551443205895,1.1390554866931537
2022,42,12,0.4430969704923653,0.711937258047105,0.9389140352690236,0.5991191851188054,0.5565212409117081,1.1386417551780204
2022,42,13,0.43890382844574843,0.7426148979481108,0.9438402530366182,0.5257101332021865,0.48200764154390285,1.1383448145873127
2022,42,14,0.4248042397015425,0.7592439361114731,0.9432018263671508,0.47338881231346114,0.43025741800160894,1.1416335293175974
2022,42,15,0.42651424596099324,0.7035936261218043,0.9365744207961966,0.5700707494886456,0.5274860136218841,1.1383806374777143
2022,42,16,0.44239396323025515,0.6915750262958198,0.9307448617458383,0.5402856192708959,0.4987754522709419,1.142174572601478
2022,42,17,0.4360024804269288,0.6653785711169786,0.9231609272243948,0.6223997656053006,0.5782156223024922,1.1468450955184655
2022,42,18,0.4867374397179678,0.6807220035817846,0.9229013634992528,0.6227102253732262,0.5803471582645547,1.1483839648186867
2022,42,19,0.4793207037925123,0.6725785847541204,0.9309274672731949,0.6257553834277145,0.5839239332874927,1.1470196807357147
2022,42,20,0,0,0,0.6257553834277145,0.5839239332874927,NA
2022,42,21,0,0,0,0.6257553834277145,0.5839239332874927,NA
2022,42,22,0,0,0,0.6257553834277145,0.5839239332874927,NA
2022,42,23,0,0,0,0.6257553834277145,0.5839239332874927,NA
2022,43,0,0,0,0,0.6257553834277145,0.5839239332874927,NA
2022,43,1,0,0,0,0.6257553834277145,0.5839239332874927,NA
2022,43,2,0,0,0,0.6257553834277145,0.5839239332874927,NA
2022,43,3,0,0,0,0.6257553834277145,0.5839239332874927,NA
2022,43,4,0,0,0,0.6257553834277145,0.5839239332874927,NA
2022,43,5,0,0,0,0.6257553834277145,0.5839239332874927,NA
2022,43,6,0,0,0,0.6257553834277145,0.5839239332874927,NA
2022,43,7,0,0,0,0.6257553834277145,0.5839239332874927,NA
2022,43,8,0.4862151201434182,0.5154873145196842,0.7987408358604046,0.40312410579406766,0.3490721273938766,1.13181641201404
2022,43,9,0.434495265755913,0.6897040242452496,0.9256086100124207,0.5841246884149481,0.5367080592582035,1.1547074560256583
2022,43,10,0.39983732005749706,0.7064047128517688,0.948510112312047,0.5156929957330001,0.47045137237760454,1.1583935124149072
2022,43,11,0.344804416454749,0.8179108135575373,0.9710064356946426,0.35529087712042307,0.3034476841089219,1.1637750334155577
2022,43,12,0.3009843856517113,0.8774084286310788,0.9867277633596793,0.44399330780198315,0.36663534736063064,1.158066038086596
2022,43,13,0.42249784439181715,0.7328640136943734,0.9461296908696757,0.585128838310162,0.5387827910949831,1.1418852083151805
2022,43,14,0.46406966824265855,0.6985406231147154,0.9327108021467109,0.5895372770694752,0.5491244139694428,1.1370129191582166
2022,43,15,0.3744414737982525,0.738697841373307,0.9525481322060798,0.4522498553513566,0.40702134059177036,1.1371681801720683
2022,43,16,0.4383607184776486,0.6811410038691029,0.9334705341159099,0.5801857684294423,0.537609651788479,1.1406929586939243
2022,43,17,0.25776209140186057,0.5998208743395699,0.8822174439933285,0.3032657901588583,0.26128881535338333,1.143923094292489
2022,43,18,0.4903485397833887,0.6727879416375087,0.9326541536915743,0.6283757764048111,0.5838256919670695,1.1465404246506097
2022,43,19,0.48249379601389725,0.6779507162817131,0.934493912258471,0.6269489162650614,0.5854268193312089,1.146176302445618
2022,43,20,0,0,0,0.6269489162650614,0.5854268193312089,NA
2022,43,21,0,0,0,0.6269489162650614,0.5854268193312089,NA
2022,43,22,0,0,0,0.6269489162650614,0.5854268193312089,NA
2022,43,23,0,0,0,0.6269489162650614,0.5854268193312089,NA
2022,44,0,0,0,0,0.6269489162650614,0.5854268193312089,NA
2022,44,1,0,0,0,0.6269489162650614,0.5854268193312089,NA
2022,44,2,0,0,0,0.6269489162650614,0.5854268193312089,NA
2022,44,3,0,0,0,0.6269489162650614,0.5854268193312089,NA
2022,44,4,0,0,0,0.6269489162650614,0.5854268193312089,NA
2022,44,5,0,0,0,0.6269489162650614,0.5854268193312089,NA
2022,44,6,0,0,0,0.6269489162650614,0.5854268193312089,NA
2022,44,7,0.4919487857050912,0.6740736548816673,0.9362658754509008,0.6238747327805914,0.5803082964540729,1.1464746929856502
2022,44,8,0.47207041071712036,0.5178817864713254,0.7891303457142349,0.42073034648923135,0.3602073003789247,1.1336699776745105
2022,44,9,0.3785965242489602,0.6898942355634795,0.9350281308320383,0.48246975822785715,0.43877796740668107,1.1616987066823379
2022,44,10,0.4600288056238099,0.6797541934493498,0.9417414484686817,0.6176868508567716,0.5752082080693074,1.1475904463382105
2022,44,11,0.39911041714973544,0.7487003135780281,0.9551455938167612,0.4907568851990275,0.44286935057411253,1.1550404650426174
2022,44,12,0.4216397244852108,0.7403130947840765,0.9474692433715974,0.5004642016492438,0.4577186431648151,1.1480915398093914
2022,44,13,0.4017637752582359,0.7651810330265582,0.9580674443195338,0.442205369358219,0.39733962071688644,1.1456707661091667
2022,44,14,0.46420986562993666,0.6991714804840209,0.9442335083173709,0.5758664896241931,0.5336573592528698,1.1389676234690036
2022,44,15,0.43815757265946736,0.6911495793304473,0.9353768699969914,0.5514080828017599,0.5114975399553964,1.1461274850478969
2022,44,16,0.3918278908652586,0.6908100600330965,0.9390357837726069,0.5441217092136174,0.49619808462308373,1.1445718595679195
2022,44,17,0.20636667830502764,0.5798248461472922,0.8773386960717902,0.22822907090003022,0.18607218006355372,1.1468864110541528
2022,44,18,0.4826895965581128,0.668093911146453,0.9354703564005533,0.6269271488213001,0.5852121774028447,1.1440419875067969
2022,44,19,0.4945564925037999,0.6809297385342573,0.9262713754111407,0.6268049767491161,0.583458155593867,1.1465503572734916
2022,44,20,0,0,0,0.6268049767491161,0.583458155593867,NA
2022,44,21,0,0,0,0.6268049767491161,0.583458155593867,NA
2022,44,22,0,0,0,0.6268049767491161,0.583458155593867,NA
2022,44,23,0,0,0,0.6268049767491161,0.583458155593867,NA
2022,45,0,0,0,0,0.6268049767491161,0.583458155593867,NA
2022,45,1,0,0,0,0.6268049767491161,0.583458155593867,NA
2022,45,2,0,0,0,0.6268049767491161,0.583458155593867,NA
2022,45,3,0,0,0,0.6268049767491161,0.583458155593867,NA
2022,45,4,0,0,0,0.6268049767491161,0.583458155593867,NA
2022,45,5,0,0,0,0.6268049767491161,0.583458155593867,NA
2022,45,6,0,0,0,0.6268049767491161,0.583458155593867,NA
2022,45,7,0.47427833102351835,0.6791944692341185,0.936751640350431,0.6235099335469267,0.5818680591273917,1.1464332509345017
2022,45,8,0.49024975649955094,0.6707074193578955,0.940778278142116,0.6203165214519254,0.5771468211343641,1.145713135529716
2022,45,9,0.18019830200918427,0.7086058687118222,0.9417163872209138,0.23820534382035108,0.15249232072584032,1.2024612949228737
2022,45,10,0.3061371446467271,0.7486903819233821,0.959606059335601,0.5253624437459958,0.4478999839853137,1.1840863929896326
2022,45,11,0.2718782996251871,0.8770353470013826,0.9963919944408117,0.34543447574129443,0.24934221925892208,1.1818642790951701
2022,45,12,0.37217788338623964,0.7974539405592357,0.9691040095669524,0.4066216278590139,0.3621958331378283,1.1562819332277279
2022,45,13,0.3827958418914521,0.7730146637596785,0.9625772584513358,0.5477629748752267,0.491552875865132,1.149716258905329
2022,45,14,0.4214170619146182,0.7316607566268003,0.9505250289026234,0.5333324719225273,0.48881830709696894,1.1467341196237357
2022,45,15,0.40712505363841955,0.7000281712927637,0.9433574322439621,0.50000441820367,0.4592142031848435,1.1476382121690194
2022,45,16,0.2459381072000056,0.7081181839033066,0.930029522654295,0.19471779423902247,0.15534344891307847,1.1449594817774802
2022,45,17,0.15285708421592809,0.5539908155823294,0.8648249633727475,0.1484838748857447,0.1074572638278992,1.1479365555693088
2022,45,18,0.4710025279972908,0.6740410172599113,0.9405008304881992,0.6257950902497417,0.5843943214589744,1.1478359077706437
2022,45,19,0.485998426322181,0.6817409788469471,0.9376411267563247,0.6269796045329348,0.5853631854051473,1.1451654987195048
2022,45,20,0,0,0,0.6269796045329348,0.5853631854051473,NA
2022,45,21,0,0,0,0.6269796045329348,0.5853631854051473,NA
2022,45,22,0,0,0,0.6269796045329348,0.5853631854051473,NA
2022,45,23,0,0,0,0.6269796045329348,0.5853631854051473,NA
2022,46,0,0,0,0,0.6269796045329348,0.5853631854051473,NA
2022,46,1,0,0,0,0.6269796045329348,0.5853631854051473,NA
2022,46,2,0,0,0,0.6269796045329348,0.5853631854051473,NA
2022,46,3,0,0,0,0.6269796045329348,0.5853631854051473,NA
2022,46,4,0,0,0,0.6269796045329348,0.5853631854051473,NA
2022,46,5,0,0,0,0.6269796045329348,0.5853631854051473,NA
2022,46,6,0,0,0,0.6269796045329348,0.5853631854051473,NA
2022,46,7,0.49171976433688974,0.6679947544457329,0.9336265912017395,0.624269464256676,0.5821866895311405,1.147069400940706
2022,46,8,0.485602028763226,0.6747250820989955,0.9371764405577068,0.6261538737617575,0.5850115891959647,1.1465394984049095
2022,46,9,0.2270730293006581,0.7040351885851218,0.9370776478576329,0.326029846887179,0.2621978825451791,1.1866788607076906
2022,46,10,0.20396382424205287,0.7896506783676182,0.979552885210171,0.22456871299054185,0.1739813856122779,1.2071693496066236
2022,46,11,0.26197941848535744,0.8770589557235153,0.9986068340437988,0.40617737526827485,0.2823192608394045,1.1819775418378216
2022,46,12,0.27425263762329044,0.8749796061740752,1,0.27095196502572827,0.2218636683598416,1.167085590322841
2022,46,13,0.3413438411367847,0.819094263594221,0.9792043031560689,0.422910807462166,0.36397571398520273,1.1543556683280167
2022,46,14,0.3093274251458227,0.8152965776680763,0.9731802133620427,0.23008198361273488,0.18643408278029902,1.1512038192806648
2022,46,15,0.23239213576088114,0.7767613051897705,0.9555681198145423,0.19886876086762934,0.15674395186801104,1.1474062413016295
2022,46,16,0.22082504615136253,0.7002210406111847,0.9347263782635301,0.19665748690042978,0.1443399180445862,1.1469438023771965
2022,46,17,0.13855090892558075,0.5357355076916799,0.8658115731511444,0.16794387250389176,0.1187790387799169,1.1500833157895491
2022,46,18,0.47529658357303944,0.6728171830720431,0.9385318395985169,0.6225701061183966,0.5807241516988034,1.146925520836589
2022,46,19,0.4963976357252328,0.6702308138199238,0.932851718017221,0.6266105043760873,0.5843295682901563,1.1479965657011149
2022,46,20,0,0,0,0.6266105043760873,0.5843295682901563,NA
2022,46,21,0,0,0,0.6266105043760873,0.5843295682901563,NA
2022,46,22,0,0,0,0.6266105043760873,0.5843295682901563,NA
2022,46,23,0,0,0,0.6266105043760873,0.5843295682901563,NA
2022,47,0,0,0,0,0.6266105043760873,0.5843295682901563,NA
2022,47,1,0,0,0,0.6266105043760873,0.5843295682901563,NA
2022,47,2,0,0,0,0.6266105043760873,0.5843295682901563,NA
2022,47,3,0,0,0,0.6266105043760873,0.5843295682901563,NA
2022,47,4,0,0,0,0.6266105043760873,0.5843295682901563,NA
2022,47,5,0,0,0,0.6266105043760873,0.5843295682901563,NA
2022,47,6,0,0,0,0.6266105043760873,0.5843295682901563,NA
2022,47,7,0.4769250958229692,0.6816126698914128,0.9323897820830502,0.6229118782107959,0.5817097740890982,1.1459926272649743
2022,47,8,0.48881571197673185,0.6788168502038772,0.9371609196789167,0.6226192736458213,0.5816536551776014,1.1459412665136108
2022,47,9,0.16122277510016478,0.6841945298100425,0.9302870908583298,0.18804563131849367,0.12298373393545758,1.2031359711466396
2022,47,10,0.1928432733055693,0.7732246326433168,0.9743569009348688,0.2262530970971253,0.18129466622524218,1.2061690579344049
2022,47,11,0.26065895715714876,0.8638520909100141,0.9885447061957164,0.2732239297957222,0.20856203897897882,1.177796390141276
2022,47,12,0.2636983789809678,0.8604303331984465,1,0.4230894792750152,0.3344267292207716,1.1657515666748983
2022,47,13,0.2964594444155027,0.8367806702858366,0.9883558648181069,0.2836964539345542,0.23479773055312952,1.152548828135496
2022,47,14,0.2912766797325776,0.8083767744840553,0.9711587856996147,0.3541193700690901,0.2657142352338304,1.1499472024601656
2022,47,15,0.2224017337477712,0.7729249383374919,0.9538608390777482,0.19756980283365785,0.15486964474904605,1.144472337238628
2022,47,16,0.21230340184035196,0.688520294263407,0.9274446913576179,0.17723227355591575,0.13158559082086624,1.147360560273813
2022,47,17,0.1293485577548337,0.5194851171352187,0.866315693265537,0.2113308827906071,0.14727738425233097,1.150419538646712
2022,47,18,0.49500068015966703,0.6803900079492082,0.9347846780486546,0.6230436119249164,0.5804587599851738,1.146303715463724
2022,47,19,0.48095238933846,0.6728895595478472,0.9359286148562206,0.6288582235786975,0.5872903156204197,1.1471666440392503
2022,47,20,0,0,0,0.6288582235786975,0.5872903156204197,NA
2022,47,21,0,0,0,0.6288582235786975,0.5872903156204197,NA
2022,47,22,0,0,0,0.6288582235786975,0.5872903156204197,NA
2022,47,23,0,0,0,0.6288582235786975,0.5872903156204197,NA
2022,48,0,0,0,0,0.6288582235786975,0.5872903156204197,NA
2022,48,1,0,0,0,0.6288582235786975,0.5872903156204197,NA
2022,48,2,0,0,0,0.6288582235786975,0.5872903156204197,NA
2022,48,3,0,0,0,0.6288582235786975,0.5872903156204197,NA
2022,48,4,0,0,0,0.6288582235786975,0.5872903156204197,NA
2022,48,5,0,0,0,0.6288582235786975,0.5872903156204197,NA
2022,48,6,0,0,0,0.6288582235786975,0.5872903156204197,NA
2022,48,7,0.4775488975417166,0.6667000735059122,0.9329315298350203,0.6271922430538011,0.5860791671078769,1.1490799704281907
2022,48,8,0.4890899596573719,0.6783324798022188,0.9308192342483136,0.6301400005966968,0.5872802373481445,1.1452025924365934
2022,48,9,0.14735649030610815,0.6763993653554508,0.9356337844870618,0.24883376485066494,0.1626107856345355,1.201069431595002
2022,48,10,0.19159333971672368,0.7507396205055009,0.9784225095309823,0.2702807947175512,0.17772093456329371,1.2039030478432289
2022,48,11,0.2720033489730441,0.867714571346999,0.9884193031017542,0.21700190014486587,0.17322132552770583,1.1778674583671518
2022,48,12,0.2760896984444624,0.8563384458423007,0.9943142592344879,0.24833051136346226,0.20660526844891366,1.1661947932014352
2022,48,13,0.2971617756193772,0.8317862144442316,0.9853192413852293,0.25612529577596693,0.2146195953327049,1.1539002198224835
2022,48,14,0.2973324824091152,0.7953426893377662,0.9729201531188582,0.23915720390407846,0.19863690743769133,1.1519490919700273
2022,48,15,0.21631448556998534,0.765550794411945,0.9579928610178354,0.2325974687513102,0.17761102461034065,1.1441098481792515
2022,48,16,0.20639978780981336,0.6813980629839254,0.9225094787266876,0.1940188065238828,0.13638146019726594,1.148223083624199
2022,48,17,0.12467558570363964,0.5093546622595377,0.8556566611732233,0.14963637648037484,0.11017484289007157,1.1509527114519842
2022,48,18,0.48989967694466174,0.6649571026398245,0.9281046517663424,0.625287540847555,0.5827952737644922,1.1490167908757
2022,48,19,0.484232244518891,0.6722973769761185,0.9280342102835235,0.6307866742056414,0.5891174904648303,1.1451989451801818
2022,48,20,0,0,0,0.6307866742056414,0.5891174904648303,NA
2022,48,21,0,0,0,0.6307866742056414,0.5891174904648303,NA
2022,48,22,0,0,0,0.6307866742056414,0.5891174904648303,NA
2022,48,23,0,0,0,0.6307866742056414,0.5891174904648303,NA
2022,49,0,0,0,0,0.6307866742056414,0.5891174904648303,NA
2022,49,1,0,0,0,0.6307866742056414,0.5891174904648303,NA
2022,49,2,0,0,0,0.6307866742056414,0.5891174904648303,NA
2022,49,3,0,0,0,0.6307866742056414,0.5891174904648303,NA
2022,49,4,0,0,0,0.6307866742056414,0.5891174904648303,NA
2022,49,5,0,0,0,0.6307866742056414,0.5891174904648303,NA
2022,49,6,0,0,0,0.6307866742056414,0.5891174904648303,NA
2022,49,7,0.4830830221383973,0.6747053100491294,0.9288730526920755,0.6277458344794065,0.5853744127177043,1.146185362866814
2022,49,8,0.47889365524821337,0.6825360542904688,0.9389993840753639,0.6246995948498866,0.5823564310517966,1.1464831478908781
2022,49,9,0.14938457165626268,0.6692115529292576,0.9385081015518816,0.14170278585275467,0.09971492069473056,1.204910076106645
2022,49,10,0.1809311720641942,0.7477564459682347,0.9776970753602353,0.2145675453416375,0.1714972650589878,1.2075730031915901
2022,49,11,0.26215368160276825,0.8590959265032488,0.9916165104615637,0.23192690798017185,0.18567861317018167,1.1757470731194366
2022,49,12,0.2582712429247435,0.8425162374497555,0.9966214508074972,0.4087963891294785,0.31989992094648473,1.1640919275924406
2022,49,13,0.28003921506560386,0.827136831350415,0.9886047266403126,0.325697249603682,0.26850181205823354,1.1531810977853132
2022,49,14,0.29009587102233203,0.7924438444839164,0.9765968125173679,0.2878189980281407,0.23619422867732737,1.1494394760625966
2022,49,15,0.20983484709972527,0.7584725895043649,0.9544131124413787,0.25143474826765644,0.1921728964239843,1.1427000134545873
2022,49,16,0.20265680346720102,0.6800876119169109,0.9238640623875929,0.17942539809077102,0.12000631355228099,1.1486293528918914
2022,49,17,0.11694508388775042,0.496056076351783,0.8540732384904992,0.17660080513161755,0.12923415053501258,1.1501095083369148
2022,49,18,0.4837828734008337,0.6722702234677265,0.9314400438983673,0.6280728682827287,0.5860938339766554,1.145484615603639
2022,49,19,0.4853130708814782,0.6720104302593367,0.9265084095098258,0.6288195090182737,0.5869698415487917,1.1457984068716147
2022,49,20,0,0,0,0.6288195090182737,0.5869698415487917,NA
2022,49,21,0,0,0,0.6288195090182737,0.5869698415487917,NA
2022,49,22,0,0,0,0.6288195090182737,0.5869698415487917,NA
2022,49,23,0,0,0,0.6288195090182737,0.5869698415487917,NA
2022,50,0,0,0,0,0.6288195090182737,0.5869698415487917,NA
2022,50,1,0,0,0,0.6288195090182737,0.5869698415487917,NA
2022,50,2,0,0,0,0.6288195090182737,0.5869698415487917,NA
2022,50,3,0,0,0,0.6288195090182737,0.5869698415487917,NA
2022,50,4,0,0,0,0.6288195090182737,0.5869698415487917,NA
2022,50,5,0,0,0,0.6288195090182737,0.5869698415487917,NA
2022,50,6,0,0,0,0.6288195090182737,0.5869698415487917,NA
2022,50,7,0.47309355664481334,0.6658682614360926,0.9335379750561208,0.6231450725171639,0.5809779316267678,1.1472683400863146
2022,50,8,0.47465285523355905,0.6765008556543789,0.9370539727999428,0.6267023508040417,0.5849084802614718,1.1462137757279174
2022,50,9,0.14983477591172914,0.6570332475530433,0.9422930151139148,0.14393701899381622,0.10115539423941451,1.206278610829445
2022,50,10,0.18219573282574839,0.7264295816995082,0.9861714324131086,0.2076189096407308,0.16550449369765596,1.2072636348547503
2022,50,11,0.25550362486752703,0.840601856122136,0.9928998119229783,0.2570861582189536,0.20127798979434253,1.1746167057686168
2022,50,12,0.2508839021946263,0.837598441434651,0.997263730147963,0.233618987945678,0.19346734397177862,1.1630989959694502
2022,50,13,0.2887335349854759,0.8354179679657077,0.9909382392158536,0.29062453669280747,0.24474927620218034,1.1518766093141326
2022,50,14,0.2854305016071352,0.7844285474221756,0.9747358327710134,0.25987281291061676,0.20863832614084393,1.1496448554490235
2022,50,15,0.21190432448157767,0.758150249962029,0.9598926852504729,0.19738421703421027,0.14701197106077882,1.1440258400469534
2022,50,16,0.18217013821945552,0.6638322860273336,0.9167639285306206,0.28656829718956045,0.1944500875494519,1.1519271286054096
2022,50,17,0.11220320385658374,0.47837778831793937,0.858096898701316,0.14888547275981784,0.1113757066178129,1.1496522849164106
2022,50,18,0.4958780314112732,0.6740245791740798,0.9392309557889237,0.6262710300918835,0.5845297750778754,1.145882844889616
2022,50,19,0.48153279693659445,0.6698207355504503,0.9354948672997265,0.6245785393020931,0.5811951758532181,1.1485218985879206
2022,50,20,0,0,0,0.6245785393020931,0.5811951758532181,NA
2022,50,21,0,0,0,0.6245785393020931,0.5811951758532181,NA
2022,50,22,0,0,0,0.6245785393020931,0.5811951758532181,NA
2022,50,23,0,0,0,0.6245785393020931,0.5811951758532181,NA
2022,51,0,0,0,0,0.6245785393020931,0.5811951758532181,NA
2022,51,1,0,0,0,0.6245785393020931,0.5811951758532181,NA
2022,51,2,0,0,0,0.6245785393020931,0.5811951758532181,NA
2022,51,3,0,0,0,0.6245785393020931,0.5811951758532181,NA
2022,51,4,0,0,0,0.6245785393020931,0.5811951758532181,NA
2022,51,5,0,0,0,0.6245785393020931,0.5811951758532181,NA
2022,51,6,0,0,0,0.6245785393020931,0.5811951758532181,NA
2022,51,7,0.4923928038550766,0.6741869502504353,0.9301542268071656,0.6262606609575997,0.5835165548880302,1.1484883550331286
2022,51,8,0.48591571327326644,0.668530637296813,0.931169785408905,0.6282644688860656,0.5862945196569287,1.1457931200464029
2022,51,9,0.13708401668617512,0.6393722756655764,0.9343013094478493,0.21834722770365864,0.14453145176255627,1.2039329083945303
2022,51,10,0.18860007238437004,0.7248362517137561,0.9841067603735079,0.19334344998325992,0.14237780783262424,1.2042453661361248
2022,51,11,0.25796166784289815,0.8366281907016189,0.990964314123082,0.21373647247963798,0.17368305498293515,1.1742189907829097
2022,51,12,0.24130840159232841,0.8300544996724692,0.9943572650769156,0.2784873345473832,0.22480281813722605,1.1624865763270233
2022,51,13,0.3259876340030037,0.785479705421984,0.9703481296609098,0.3462459526616194,0.3059074390467365,1.1481134771806785
2022,51,14,0.4508496099221461,0.6926110771306031,0.9443303126010504,0.5672507463832519,0.5264654613610082,1.141381132457195
2022,51,15,0.1956564866571325,0.7418156056259229,0.9580161830265411,0.20061896983345606,0.1638701678653184,1.1461381920821494
2022,51,16,0.3651936665982417,0.6612545341495483,0.931443309680657,0.47693361706902393,0.43717096233722963,1.1489343480576846
2022,51,17,0.4508160648648875,0.6525994359234072,0.9317225790579781,0.6000469731727828,0.5587340447197138,1.1465502881523357
2022,51,18,0.47369282815355424,0.6772466172432487,0.9415123177153466,0.6279508219646397,0.5861660122220854,1.1470472189361645
2022,51,19,0.4877301550969545,0.6710365446303873,0.918599980722451,0.6277624126910719,0.5843946369066109,1.1461890636590981
2022,51,20,0,0,0,0.6277624126910719,0.5843946369066109,NA
2022,51,21,0,0,0,0.6277624126910719,0.5843946369066109,NA
2022,51,22,0,0,0,0.6277624126910719,0.5843946369066109,NA
2022,51,23,0,0,0,0.6277624126910719,0.5843946369066109,NA
2022,52,0,0,0,0,0.6277624126910719,0.5843946369066109,NA
2022,52,1,0,0,0,0.6277624126910719,0.5843946369066109,NA
2022,52,2,0,0,0,0.6277624126910719,0.5843946369066109,NA
2022,52,3,0,0,0,0.6277624126910719,0.5843946369066109,NA
2022,52,4,0,0,0,0.6277624126910719,0.5843946369066109,NA
2022,52,5,0,0,0,0.6277624126910719,0.5843946369066109,NA
2022,52,6,0,0,0,0.6277624126910719,0.5843946369066109,NA
2022,52,7,0.4950189754356255,0.6799605510840039,0.9367959789113532,0.6239671700208054,0.5828086003649756,1.1463430561247825
2022,52,8,0.48422732199989793,0.6779730407157182,0.9369066644176373,0.6287562992218654,0.5869506524482744,1.1455373129599349
2022,52,9,0.13305569842670553,0.6319379630475368,0.9328391506796777,0.18049293650069267,0.12198913207485777,1.2076017471694915
2022,52,10,0.17919539448921154,0.7172072310828101,0.9813359787604632,0.18081408141898186,0.13685015993694832,1.2050298908331936
2022,52,11,0.2508627032854593,0.8295232000701275,0.9923068480918183,0.20816695383184036,0.1650482089741838,1.173838759058984
2022,52,12,0.2419798350509389,0.8262217388548512,0.9990929248859063,0.4203986049975774,0.33355694105256706,1.1642364863668697
2022,52,13,0.2655729694597113,0.815052425102862,0.9902377974680917,0.6353616931699114,0.4739108955078902,1.1551192515515916
2022,52,14,0.2749308896113121,0.77957445140725945,0.9698571638536552,0.22116006751692757,0.1800945672917427,1.14887137062565
2022,52,15,0.18991766651838463,0.7288715718069734,0.9556289654878943,0.32473993611218643,0.2285873737579088,1.1463772976435092
2022,52,16,0.17215343312763073,0.6414678322372127,0.922480046458312,0.21640964688062703,0.1428873368308263,1.15284828192801
2022,52,17,0.09649667678974229,0.4468476349411534,0.8481204271847194,0.15645614847438216,0.11758619705797285,1.153984288047988
2022,52,18,0.4892755519140855,0.6745015346484214,0.9314509018565211,0.6247771242675798,0.5830888241494169,1.1493256250504449
2022,52,19,0.4879126560511722,0.6782035821829457,0.9318153732651053,0.6238792885395729,0.5823938766990562,1.146635788016483
2022,52,20,0,0,0,0.6238792885395729,0.5823938766990562,NA
2022,52,21,0,0,0,0.6238792885395729,0.5823938766990562,NA
2022,52,22,0,0,0,0.6238792885395729,0.5823938766990562,NA
2022,52,23,0,0,0,0.6238792885395729,0.5823938766990562,NA
2022,53,0,0,0,0,0.6238792885395729,0.5823938766990562,NA
2022,53,1,0,0,0,0.6238792885395729,0.5823938766990562,NA
2022,53,2,0,0,0,0.6238792885395729,0.5823938766990562,NA
2022,53,3,0,0,0,0.6238792885395729,0.5823938766990562,NA
2022,53,4,0,0,0,0.6238792885395729,0.5823938766990562,NA
2022,53,5,0,0,0,0.6238792885395729,0.5823938766990562,NA
2022,53,6,0,0,0,0.6238792885395729,0.5823938766990562,NA
2022,53,7,0.4787779725978091,0.6778421692649859,0.934070160083435,0.6260896302939961,0.5837875478885681,1.1480674288275678
2022,53,8,0.4940215238738177,0.6760141565930822,0.9238384843759225,0.62966054701367,0.5863155055432491,1.1475331613311286
2022,53,9,0.1279351431071981,0.6200247812019444,0.9314626848536149,0.18002930291110947,0.12466512576041289,1.2053559211733758
2022,53,10,0.17110505021054445,0.6966706552964966,0.9770824514930672,0.19189683701209834,0.1451549543784508,1.203251951076242
2022,53,11,0.2584540497193685,0.8236682122623404,0.9904339396191836,0.23320314217976398,0.18393884169678248,1.171352016416816
2022,53,12,0.23893838575320156,0.8100806638069149,0.9973355761015674,0.39866967575247275,0.313416438477316,1.1644767653018886
2022,53,13,0.26611272587542706,0.7997036862307576,0.988765681715651,0.24253246400993644,0.20375098400705988,1.1505372952963362
2022,53,14,0.2659603350344346,0.764119807383663,0.9695877260656895,0.4984885523520374,0.35401179889320217,1.1482756913107641
2022,53,15,0.19681852549296866,0.7222954838448984,0.9631849185296383,0.19259972650292098,0.14562891851069656,1.147976289255066
2022,53,16,0.1620394293151849,0.63243684351777,0.9255324711700883,0.17969688119687638,0.12651020108191188,1.15119798022985
2022,53,17,0.09509596617284759,0.438586480279703,0.8520727482689483,0.15713751713516785,0.11823999290273342,1.1550933460551782
2022,53,18,0.4806449521591051,0.6688697985675932,0.9313201789469435,0.6296295071583488,0.5882391497135763,1.145828144649653
2022,53,19,0.4958976272341907,0.6750611051981539,0.9407083679147147,0.6241399488147711,0.5814390950614436,1.1464420621557934
2022,53,20,0,0,0,0.6241399488147711,0.5814390950614436,NA
2022,53,21,0,0,0,0.6241399488147711,0.5814390950614436,NA
2022,53,22,0,0,0,0.6241399488147711,0.5814390950614436,NA
2022,53,23,0,0,0,0.6241399488147711,0.5814390950614436,NA
2022,54,0,0,0,0,0.6241399488147711,0.5814390950614436,NA
2022,54,1,0,0,0,0.6241399488147711,0.5814390950614436,NA
2022,54,2,0,0,0,0.6241399488147711,0.5814390950614436,NA
2022,54,3,0,0,0,0.6241399488147711,0.5814390950614436,NA
2022,54,4,0,0,0,0.6241399488147711,0.5814390950614436,NA
2022,54,5,0,0,0,0.6241399488147711,0.5814390950614436,NA
2022,54,6,0,0,0,0.6241399488147711,0.5814390950614436,NA
2022,54,7,0.4842780598301797,0.6782670793161436,0.9279896987827042,0.627788273094242,0.5857074175456488,1.1460693826153165
2022,54,8,0.4795176007761688,0.6716479820317511,0.932877947627014,0.6273586511189664,0.5843104632930645,1.14574851597443
2022,54,9,0.12437727260541771,0.6009264166806213,0.9357576501048627,0.16245940460048358,0.11300675109130497,1.2076229219981927
2022,54,10,0.17823181118329412,0.6783076889100723,0.9776871604356537,0.3950896157088824,0.26367309458729105,1.2054214960073244
2022,54,11,0.24824215659582086,0.8111738222370938,0.9911071816493523,0.24630124638681591,0.1933398574736533,1.1749461755384867
2022,54,12,0.25307941533700334,0.792537610875475,0.9956300927936795,0.2677171888801249,0.2229494067897285,1.1661648596071754
2022,54,13,0.2626118630943646,0.7920214180986432,0.9857119497365707,0.24444454918867686,0.20224338858316368,1.1562045707612203
2022,54,14,0.2570072090116851,0.7510409144999927,0.9683375652893876,0.27147716548432227,0.21199793270997264,1.1524708949092464
2022,54,15,0.18682081799129763,0.7118931881010873,0.9569194252704605,0.21896167082589163,0.1753977347515996,1.151117915674737
2022,54,16,0.15693239391873698,0.6276865151923534,0.9219315828018039,0.19238512165141075,0.13657215384150692,1.1507260862509217
2022,54,17,0.08775659167532585,0.42225737426456805,0.8462795998630575,0.15687616584026656,0.11885139177824622,1.1573510473556392
2022,54,18,0.475221622811993,0.6747363301538963,0.9297855398987911,0.6258666441803116,0.5846309600505902,1.1467073506089318
2022,54,19,0.48560300170470355,0.66531859554739,0.9230612113565282,0.6267933678737864,0.5849135227314413,1.1485470841243735
2022,54,20,0,0,0,0.6267933678737864,0.5849135227314413,NA
2022,54,21,0,0,0,0.6267933678737864,0.5849135227314413,NA
2022,54,22,0,0,0,0.6267933678737864,0.5849135227314413,NA
2022,54,23,0,0,0,0.6267933678737864,0.5849135227314413,NA
2022,55,0,0,0,0,0.6267933678737864,0.5849135227314413,NA
2022,55,1,0,0,0,0.6267933678737864,0.5849135227314413,NA
2022,55,2,0,0,0,0.6267933678737864,0.5849135227314413,NA
2022,55,3,0,0,0,0.6267933678737864,0.5849135227314413,NA
2022,55,4,0,0,0,0.6267933678737864,0.5849135227314413,NA
2022,55,5,0,0,0,0.6267933678737864,0.5849135227314413,NA
2022,55,6,0,0,0,0.6267933678737864,0.5849135227314413,NA
2022,55,7,0.49089976711807376,0.6796827544393366,0.9324970743025215,0.6199404606288705,0.5781050015978014,1.1469782958937915
2022,55,8,0.47703477061752453,0.6745173848491679,0.9339481261439392,0.6243117314298429,0.581889800543143,1.1483103461944153
2022,55,9,0.12640589905021626,0.5875201243613897,0.9351474533923788,0.14479067215172228,0.10293677822842615,1.2048130100112173
2022,55,10,0.1719646295750291,0.6648282800189587,0.9757535111118377,0.24385116386506592,0.17818734123717256,1.2061563539438969
2022,55,11,0.3759918615817397,0.7356817177956442,0.955247960303464,0.4110858096706571,0.3690347191802193,1.1575199082417167
2022,55,12,0.2729882348677293,0.7733115612902127,0.9809985524076492,0.29143785706744113,0.24793398232919353,1.1664654065768962
2022,55,13,0.26992034091874095,0.7757278413762309,0.9853341444237984,0.2579717375388522,0.2172965542485692,1.159254517955259
2022,55,14,0.251512008585293,0.7484620432920871,0.9745463459392951,0.2893441001035651,0.2228143711979245,1.1570569363917733
2022,55,15,0.18907108825137417,0.6933917406270852,0.9581142115944541,0.1800372796231617,0.13735359069292744,1.150932425441468
2022,55,16,0.1435040969228094,0.6073573975258163,0.9230443654121577,0.17151217724058115,0.1223606594177576,1.1505037079091953
2022,55,17,0.08993234240909274,0.40681210146207697,0.8451872503846285,0.16151772196444222,0.12234408012435617,1.1540023394953942
2022,55,18,0.4783020939020473,0.6856775621346787,0.9325676807890019,0.62890611704675,0.5862106213714456,1.143731008976176
2022,55,19,0.48815528178060813,0.6772195604765117,0.931907197584531,0.6292361760964106,0.5876236565466411,1.1447960821450898
2022,55,20,0,0,0,0.6292361760964106,0.5876236565466411,NA
2022,55,21,0,0,0,0.6292361760964106,0.5876236565466411,NA
2022,55,22,0,0,0,0.6292361760964106,0.5876236565466411,NA
2022,55,23,0,0,0,0.6292361760964106,0.5876236565466411,NA
2022,56,0,0,0,0,0.6292361760964106,0.5876236565466411,NA
2022,56,1,0,0,0,0.6292361760964106,0.5876236565466411,NA
2022,56,2,0,0,0,0.6292361760964106,0.5876236565466411,NA
2022,56,3,0,0,0,0.6292361760964106,0.5876236565466411,NA
2022,56,4,0,0,0,0.6292361760964106,0.5876236565466411,NA
2022,56,5,0,0,0,0.6292361760964106,0.5876236565466411,NA
2022,56,6,0,0,0,0.6292361760964106,0.5876236565466411,NA
2022,56,7,0.4822789584522728,0.6756030145419842,0.9376612041112655,0.6231740457965407,0.5811792221399165,1.1468202128026626
2022,56,8,0.4838771847070412,0.6703140801260599,0.930909455254962,0.6280064429951414,0.5873636706454887,1.147123985759345
2022,56,9,0.12244006067926672,0.5746491640749009,0.9286364014728303,0.14971624258607388,0.1057065834860334,1.208162096595753
2022,56,10,0.1682414589546145,0.6654787785473485,0.9709168150636108,0.21532050500500344,0.15905313582907046,1.2021966794451746
2022,56,11,0.2892471235301748,0.7647361698520262,0.9778420178859286,0.3773248700153707,0.3148374904170236,1.1694396573384367
2022,56,12,0.3509810126338148,0.7290190585897246,0.9629638935301251,0.5018600995509088,0.45086092012861007,1.1556519098864437
2022,56,13,0.2673664477543298,0.7692167668861734,0.9805553993983188,0.2539912020762919,0.2143647252214345,1.1567508984525299
2022,56,14,0.3203628799094725,0.7266253083359707,0.9620836338970274,0.38324351121893263,0.3339915877897862,1.1503380900220619
2022,56,15,0.18298948826791886,0.6801573504336895,0.9570610890618024,0.18885548996033769,0.14878046780462897,1.153094714747124
2022,56,16,0.141071123460013,0.5949412418085953,0.9294070774457504,0.15238749446935218,0.11327562273863376,1.1493766748298642
2022,56,17,0.08613374329359125,0.38957017426883167,0.8474508199574331,0.16113965050790785,0.1249203123938825,1.156082854989262
2022,56,18,0.4945505251749035,0.6691539215314517,0.9384427698510306,0.6291368772204715,0.5858317108498352,1.1478365623571074
2022,56,19,0.48067056685696424,0.6671899880943281,0.9335647374678969,0.6265003906621845,0.5839706562578528,1.1463443348012379
2022,56,20,0,0,0,0.6265003906621845,0.5839706562578528,NA
2022,56,21,0,0,0,0.6265003906621845,0.5839706562578528,NA
2022,56,22,0,0,0,0.6265003906621845,0.5839706562578528,NA
2022,56,23,0,0,0,0.6265003906621845,0.5839706562578528,NA
2022,57,0,0,0,0,0.6265003906621845,0.5839706562578528,NA
2022,57,1,0,0,0,0.6265003906621845,0.5839706562578528,NA
2022,57,2,0,0,0,0.6265003906621845,0.5839706562578528,NA
2022,57,3,0,0,0,0.6265003906621845,0.5839706562578528,NA
2022,57,4,0,0,0,0.6265003906621845,0.5839706562578528,NA
2022,57,5,0,0,0,0.6265003906621845,0.5839706562578528,NA
2022,57,6,0,0,0,0.6265003906621845,0.5839706562578528,NA
2022,57,7,0.4930725431714002,0.6813922490617913,0.9331738984829725,0.6216003739446438,0.5789651757161397,1.14605124302516
2022,57,8,0.49601051719523803,0.6684389927519809,0.9414458134385156,0.6291156007417935,0.5858519358216958,1.1463008022059613
2022,57,9,0.1253163580754019,0.5583484903342605,0.9376912822507572,0.15732001516379082,0.1121557889636525,1.2049492865463831
2022,57,10,0.17534666457055792,0.6530495032139234,0.9751243444797315,0.31492122100526654,0.20486949974294538,1.203051729705039
2022,57,11,0.2448388332073415,0.7795106679063591,0.9926488059848503,0.19734541578745066,0.1565585269514874,1.1742625938372333
2022,57,12,0.23691276380853532,0.7710630474535263,0.9950921571803083,0.5337645938813671,0.38722622272682966,1.1678707081977286
2022,57,13,0.24977988240416657,0.7733845723531767,0.9842049811218864,0.23328876994906617,0.19317715883210967,1.1555900044667515
2022,57,14,0.25053924425734264,0.7393098371877359,0.9773020904781742,0.22598265119248873,0.16458373626345774,1.1500189488768702
2022,57,15,0.18306773831062806,0.6725348191524895,0.9550475180070698,0.18108402866873696,0.1306977224776226,1.1506913536681087
2022,57,16,0.13494188350227737,0.5787758906188049,0.9276693820463768,0.266983056848495,0.17594526998678273,1.1528712111027444
2022,57,17,0.08357127809394922,0.3746595700094062,0.8432258867557575,0.18147918574479996,0.14080274076697324,1.1552869811760482
2022,57,18,0.48203384952879835,0.6728641477592853,0.9366788646948457,0.6285508515913448,0.5882128093382588,1.1468783384383952
2022,57,19,0.4849767081502594,0.6782980077839562,0.9361837348702109,0.6236308893354353,0.5812384728107897,1.1454282994754776
2022,57,20,0,0,0,0.6236308893354353,0.5812384728107897,NA
2022,57,21,0,0,0,0.6236308893354353,0.5812384728107897,NA
2022,57,22,0,0,0,0.6236308893354353,0.5812384728107897,NA
2022,57,23,0,0,0,0.6236308893354353,0.5812384728107897,NA
2022,58,0,0,0,0,0.6236308893354353,0.5812384728107897,NA
2022,58,1,0,0,0,0.6236308893354353,0.5812384728107897,NA
2022,58,2,0,0,0,0.6236308893354353,0.5812384728107897,NA
2022,58,3,0,0,0,0.6236308893354353,0.5812384728107897,NA
2022,58,4,0,0,0,0.6236308893354353,0.5812384728107897,NA
2022,58,5,0,0,0,0.6236308893354353,0.5812384728107897,NA
2022,58,6,0,0,0,0.6236308893354353,0.5812384728107897,NA
2022,58,7,0.4902457118866844,0.6815605281773113,0.9317817394501835,0.6241258840660681,0.582377112281609,1.1466981849500155
2022,58,8,0.47113946854697203,0.6761423761273131,0.9336050432207605,0.6258801716821702,0.5830465653240623,1.1486594847508762
2022,58,9,0.2802493876686578,0.602482317915909,0.9332721570125234,0.344551713241339,0.3046907903378298,1.173720847750265
2022,58,10,0.202720505920656,0.6461879004045543,0.9683824816453046,0.2998811717509048,0.23801075674632358,1.1917809229172014
2022,58,11,0.44982812899637276,0.6855622548322203,0.935074701754842,0.5623990551612208,0.5196168935324866,1.151202468017035
2022,58,12,0.460945528454366,0.6869440668901903,0.936566473808388,0.5894327041780241,0.5481069702702235,1.14645509563469
2022,58,13,0.43037850552024165,0.6937839414679444,0.9419241523763716,0.560564904240654,0.5155676181751242,1.1457536258647445
2022,58,14,0.36767649979007505,0.6979529322034427,0.9486305751609709,0.570943341149828,0.5140869876797114,1.149764287569003
2022,58,15,0.17713213525585578,0.6584568783561895,0.9504593537184295,0.19328342305209775,0.14817387181840816,1.1548698443155598
2022,58,16,0.13438615425075476,0.5650964057606425,0.9209790572605573,0.1384909210679818,0.10280945472284272,1.1506175068125697
2022,58,17,0.0811920326367748,0.35134831606414924,0.837661683129293,0.18383830772623935,0.14287819576284286,1.1564027495796383
2022,58,18,0.4951607014599149,0.675519950187836,0.9414509236033938,0.6247961470490324,0.5827578829325822,1.1459545536226607
2022,58,19,0.49082323422401086,0.67543915708485,0.937140538172754,0.6221537721080374,0.5798664276502745,1.1462252690916532
2022,58,20,0,0,0,0.6221537721080374,0.5798664276502745,NA
2022,58,21,0,0,0,0.6221537721080374,0.5798664276502745,NA
2022,58,22,0,0,0,0.6221537721080374,0.5798664276502745,NA
2022,58,23,0,0,0,0.6221537721080374,0.5798664276502745,NA
2022,59,0,0,0,0,0.6221537721080374,0.5798664276502745,NA
2022,59,1,0,0,0,0.6221537721080374,0.5798664276502745,NA
2022,59,2,0,0,0,0.6221537721080374,0.5798664276502745,NA
2022,59,3,0,0,0,0.6221537721080374,0.5798664276502745,NA
2022,59,4,0,0,0,0.6221537721080374,0.5798664276502745,NA
2022,59,5,0,0,0,0.6221537721080374,0.5798664276502745,NA
2022,59,6,0,0,0,0.6221537721080374,0.5798664276502745,NA
2022,59,7,0.4893609400555335,0.6781340143692148,0.9399813025727926,0.6250519465993175,0.5836038703879542,1.1475245880761014
2022,59,8,0.4715384578889164,0.6745201808004543,0.9304652182272111,0.6289446638986907,0.5865960025160903,1.1466041957237771
2022,59,9,0.12908050331025972,0.5210697149891476,0.9346883190235149,0.206517258849983,0.15078600103343964,1.2069714434028143
2022,59,10,0.17711701704871832,0.6438403434026944,0.9771001130197712,0.34726953056134663,0.2285763159605059,1.1983576624822119
2022,59,11,0.2446082370088608,0.7665800390543402,0.9995865706319131,0.24400790019637497,0.1850999465308308,1.1794221548474888
2022,59,12,0.23684432117365678,0.7446853430281387,1,0.3453145467428044,0.2355421190658081,1.1720233550781387
2022,59,13,0.2343253104655865,0.7540276344863663,0.9836204870442349,0.44497505555071426,0.33273317131048424,1.1636829855721667
2022,59,14,0.2951077369331405,0.7028085507444201,0.9596255160601047,0.47540322474395796,0.4082522597894518,1.1536346241670659
2022,59,15,0.19300608506123715,0.6510069519890909,0.9463636076561246,0.1993092552186296,0.15907139406026666,1.1544400438244464
2022,59,16,0.13438930856495268,0.5528773615450522,0.9164991398771072,0.20443410576029392,0.13915491451013587,1.1541397001978226
2022,59,17,0.08638768056595574,0.33945056129683443,0.8364040918466982,0.15996152557414975,0.12547806404564324,1.1537239980031595
2022,59,18,0.4885084712233305,0.6764054267935388,0.9408083612460109,0.6261769032889601,0.5847744783642598,1.144148584603328
2022,59,19,0.4925498980925559,0.677345962004018,0.925471940102006,0.62044430358679,0.5792549848321998,1.1452562511499984
2022,59,20,0,0,0,0.62044430358679,0.5792549848321998,NA
2022,59,21,0,0,0,0.62044430358679,0.5792549848321998,NA
2022,59,22,0,0,0,0.62044430358679,0.5792549848321998,NA
2022,59,23,0,0,0,0.62044430358679,0.5792549848321998,NA
2022,60,0,0,0,0,0.62044430358679,0.5792549848321998,NA
2022,60,1,0,0,0,0.62044430358679,0.5792549848321998,NA
2022,60,2,0,0,0,0.62044430358679,0.5792549848321998,NA
2022,60,3,0,0,0,0.62044430358679,0.5792549848321998,NA
2022,60,4,0,0,0,0.62044430358679,0.5792549848321998,NA
2022,60,5,0,0,0,0.62044430358679,0.5792549848321998,NA
2022,60,6,0,0,0,0.62044430358679,0.5792549848321998,NA
2022,60,7,0.49261571208690036,0.6750189603165316,0.9368008636407873,0.6275089078357242,0.5846211929061434,1.1458416645444305
2022,60,8,0.4895592352969161,0.6675811315429143,0.9377687782117511,0.6279304858345682,0.5859447803500047,1.1469727683971804
2022,60,9,0.13199397381844782,0.4600496133927203,0.9296469803142229,0.1585043107642012,0.11533805120407249,1.2073436942209792
2022,60,10,0.17597210718197864,0.5874144944521568,0.9755892210633847,0.15896262432918687,0.11657902644471294,1.1981707166244178
2022,60,11,0.2414572590070183,0.7187028987767933,0.9910148994293363,0.22866916196809256,0.16985267878587576,1.1828070785017286
2022,60,12,0.23449542079090488,0.7011694945627227,0.993430419407248,0.20439862281043558,0.15873449584094682,1.1733804491466913
2022,60,13,0.2339003237895224,0.7233964784957013,0.9830679070364379,0.25192616110386695,0.19877981176391765,1.1629198562816065
2022,60,14,0.22582945878460606,0.6868606165426073,0.9775110390821504,0.19854394740222364,0.13308128790261262,1.1582015094881606
2022,60,15,0.17099951738206373,0.6182028728109656,0.9444947791343319,0.23285640825882525,0.1581672664647145,1.1574240862849408
2022,60,16,0.12477293141966032,0.4921970626368278,0.9157078709784633,0.1434313332717162,0.09977998804362226,1.1557882331673461
2022,60,17,0.08160907580982775,0.27652554234050836,0.8218257621397934,0.17353558503350142,0.13870043502534232,1.155500687419972
2022,60,18,0.48974955522238806,0.6702016698485813,0.9365260268456711,0.6266458876924584,0.5849526494483188,1.1448977787293941
2022,60,19,0.47615664208410163,0.6714029223598682,0.9327258852019885,0.6249537286215351,0.583047889610836,1.1461698355624463
2022,60,20,0,0,0,0.6249537286215351,0.583047889610836,NA
2022,60,21,0,0,0,0.6249537286215351,0.583047889610836,NA
2022,60,22,0,0,0,0.6249537286215351,0.583047889610836,NA
2022,60,23,0,0,0,0.6249537286215351,0.583047889610836,NA
2022,61,0,0,0,0,0.6249537286215351,0.583047889610836,NA
2022,61,1,0,0,0,0.6249537286215351,0.583047889610836,NA
2022,61,2,0,0,0,0.6249537286215351,0.583047889610836,NA
2022,61,3,0,0,0,0.6249537286215351,0.583047889610836,NA
2022,61,4,0,0,0,0.6249537286215351,0.583047889610836,NA
2022,61,5,0,0,0,0.6249537286215351,0.583047889610836,NA
2022,61,6,0,0,0,0.6249537286215351,0.583047889610836,NA
2022,61,7,0.4842979978878017,0.6755922129317603,0.9333867732274683,0.6261944745495736,0.5849241790406068,1.1448357980031307
2022,61,8,0.4844370275703651,0.6635372685435913,0.9327586303858594,0.6292294903405478,0.5868044438531298,1.1488612431159702
2022,61,9,0.12849761789615027,0.43782489939213615,0.9297760702276784,0.2968353969104963,0.2120704586671735,1.2061867266134358
2022,61,10,0.22546191425402015,0.5970396254191949,0.9734386126763916,0.23516655121941454,0.19177767661217218,1.1874915140137867
2022,61,11,0.23658766267974027,0.6953167989499215,0.9931627247756613,0.24331091721205234,0.15237211065651765,1.1809737535249596
2022,61,12,0.23589023755448826,0.6905760983070646,1,0.23868009004137652,0.18493117331269185,1.1725620155227081
2022,61,13,0.30081295566442884,0.6998329010618627,0.9633144364057978,0.3055080329843433,0.2648751594374245,1.1562106801694503
2022,61,14,0.23430169922676944,0.6838148919778835,0.976899847551852,0.2712825979861418,0.20461718843066395,1.1606351337475567
2022,61,15,0.18682044418264568,0.6159559528380524,0.9390086203870142,0.19127410831668248,0.1478603385723905,1.1542273586760747
2022,61,16,0.11503875185275475,0.47657756946447605,0.9105424158917019,0.1497633182568075,0.10468743463092672,1.1544485691770765
2022,61,17,0.08233637725132682,0.2610513283824704,0.8102963512373554,0.17196923090219987,0.14023484905390093,1.1545327175900848
2022,61,18,0.48173131934872065,0.6735206967641276,0.9361081010033467,0.6305216523143286,0.5884554147700535,1.147041873750259
2022,61,19,0,0,0,0.6305216523143286,0.5884554147700535,NA
2022,61,20,0,0,0,0.6305216523143286,0.5884554147700535,NA
2022,61,21,0,0,0,0.6305216523143286,0.5884554147700535,NA
2022,61,22,0,0,0,0.6305216523143286,0.5884554147700535,NA
2022,61,23,0,0,0,0.6305216523143286,0.5884554147700535,NA
2022,62,0,0,0,0,0.6305216523143286,0.5884554147700535,NA
2022,62,1,0,0,0,0.6305216523143286,0.5884554147700535,NA
2022,62,2,0,0,0,0.6305216523143286,0.5884554147700535,NA
2022,62,3,0,0,0,0.6305216523143286,0.5884554147700535,NA
2022,62,4,0,0,0,0.6305216523143286,0.5884554147700535,NA
2022,62,5,0,0,0,0.6305216523143286,0.5884554147700535,NA
2022,62,6,0,0,0,0.6305216523143286,0.5884554147700535,NA
2022,62,7,0.48346882243454187,0.6750534580324571,0.9266232898068255,0.6323891272599622,0.5895410117670068,1.145904179786605
2022,62,8,0.4966409861291183,0.6755740172211666,0.933708362289047,0.6275165373392023,0.5852929936349114,1.146839401248568
2022,62,9,0.12787398761279514,0.41728344643462667,0.9277135955533811,0.16053502929959754,0.12177922513402102,1.2115456055910427
2022,62,10,0.1827246898985042,0.5773138326570253,0.9852620943037786,0.1588804498983982,0.10928546525570712,1.196243974236277
2022,62,11,0.24084712854112653,0.6820143337076835,0.9937673480520729,0.17134877298417817,0.12876723019446107,1.178401929297602
2022,62,12,0.24358362725806332,0.6821498166167539,1,0.1959693200608254,0.15244526240306858,1.1729751669684108
2022,62,13,0.23347167586497491,0.6997771620172973,0.9791792014441152,0.19277653943510717,0.15286796730224153,1.1639731651227248
2022,62,14,0.22020748271708443,0.6737081656984724,0.9703121723049217,0.1698088168671842,0.12493767956577373,1.1643509376441181
2022,62,15,0.17529799845144944,0.5982103503339294,0.9409852639315056,0.15533247602525438,0.11707146140490736,1.1550057260474071
2022,62,16,0.1148863500882289,0.4670720797159069,0.9129320180476496,0.14528722090258037,0.10092968153860626,1.1556719381961473
2022,62,17,0.07910564895442432,0.24843284302523336,0.8113505616559311,0.196792830844319,0.15605471888047137,1.1539221760737917
2022,62,18,0.49267401656803284,0.6758209031662072,0.9396691249957665,0.629778636186457,0.5849393612448702,1.1469857707450304
2022,62,19,0.48327943020781944,0.6644424107952149,0.9296317690939474,0.6267310579638559,0.5850982929980357,1.1461399976539504
2022,62,20,0,0,0,0.6267310579638559,0.5850982929980357,NA
2022,62,21,0,0,0,0.6267310579638559,0.5850982929980357,NA
2022,62,22,0,0,0,0.6267310579638559,0.5850982929980357,NA
2022,62,23,0,0,0,0.6267310579638559,0.5850982929980357,NA
2022,63,0,0,0,0,0.6267310579638559,0.5850982929980357,NA
2022,63,1,0,0,0,0.6267310579638559,0.5850982929980357,NA
2022,63,2,0,0,0,0.6267310579638559,0.5850982929980357,NA
2022,63,3,0,0,0,0.6267310579638559,0.5850982929980357,NA
2022,63,4,0,0,0,0.6267310579638559,0.5850982929980357,NA
2022,63,5,0,0,0,0.6267310579638559,0.5850982929980357,NA
2022,63,6,0,0,0,0.6267310579638559,0.5850982929980357,NA
2022,63,7,0.48579275774818015,0.6682454960486736,0.9264590556426235,0.6276975994351583,0.5856281427582863,1.1440376003525436
2022,63,8,0.48294951189043617,0.6754554180787429,0.9364947296531834,0.6232348105022082,0.58081179967053,1.1465059039409873
2022,63,9,0.12569787523793088,0.39864609702465265,0.9237356935856597,0.18542363097293255,0.13524271683626168,1.2100781053217422
2022,63,10,0.18035648168437593,0.5749256994260771,0.9906481490454292,0.21142397118386017,0.13857260730512078,1.1943534596054461
2022,63,11,0.23029240885395436,0.6769629317468873,0.9870944377881316,0.17192977948270768,0.12612498503049502,1.1808789996280353
2022,63,12,0.2299433175961191,0.6710125495610356,0.9941031848631013,0.23204254366446309,0.1752789016303106,1.1698868599259833
2022,63,13,0.21939190226227745,0.6851130761464109,0.9776548902106398,0.249190532219994,0.19182595498787428,1.162259137663296
2022,63,14,0.22499800264140182,0.6597420978578699,0.9692490476310713,0.30773714844882244,0.20585386580521525,1.1612718349578697
2022,63,15,0.17995160679684394,0.5910966206866791,0.941027409823456,0.15178112257168325,0.10530823027865613,1.1548258292654658
2022,63,16,0.11383725243108699,0.45801559725395985,0.9061369179678338,0.14386893090692798,0.0994265995221552,1.1552641435140152
2022,63,17,0.0813506801464854,0.23952835736497458,0.7959785580097946,0.17616232276859,0.14448698016223793,1.1518682727696405
2022,63,18,0.48850602267398013,0.6762124445515977,0.9333166575723215,0.6257008185934199,0.5835345090203174,1.1467269219876308
2022,63,19,0.48006121399482876,0.6682601574032512,0.9365085734853649,0.6282271003977197,0.5855999031129269,1.1462827364478225
2022,63,20,0,0,0,0.6282271003977197,0.5855999031129269,NA
2022,63,21,0,0,0,0.6282271003977197,0.5855999031129269,NA
2022,63,22,0,0,0,0.6282271003977197,0.5855999031129269,NA
2022,63,23,0,0,0,0.6282271003977197,0.5855999031129269,NA
2022,64,0,0,0,0,0.6282271003977197,0.5855999031129269,NA
2022,64,1,0,0,0,0.6282271003977197,0.5855999031129269,NA
2022,64,2,0,0,0,0.6282271003977197,0.5855999031129269,NA
2022,64,3,0,0,0,0.6282271003977197,0.5855999031129269,NA
2022,64,4,0,0,0,0.6282271003977197,0.5855999031129269,NA
2022,64,5,0,0,0,0.6282271003977197,0.5855999031129269,NA
2022,64,6,0,0,0,0.6282271003977197,0.5855999031129269,NA
2022,64,7,0.4862658964771572,0.6766099162290311,0.9414387286019444,0.6232066785262008,0.5804831080128263,1.1483090954480408
2022,64,8,0.47873189108840725,0.6803004161562222,0.9310537573990546,0.623015280012353,0.5803309257564526,1.1468340224718983
2022,64,9,0.12031791802415696,0.3872464218545749,0.9229105428401723,0.48802043802302186,0.35841247312859664,1.210197754570176
2022,64,10,0.17875948405314884,0.5605664935555483,0.9849122019237312,0.22720361431851427,0.149097280185849,1.1970332844333154
2022,64,11,0.23145824982123092,0.6589291668171908,0.9925766183086734,0.185992440544856,0.12532954359332843,1.180268478772489
2022,64,12,0.22695440872472974,0.6604934615094115,0.9901289126674554,0.1891854170460516,0.13862674530588473,1.1711190115705068
2022,64,13,0.2190546643097532,0.6770618229756064,0.97618819214738894,0.22488958867420625,0.17402364292262865,1.161379206621529
2022,64,14,0.21949658743331785,0.6459953311211111,0.9630800196372734,0.17882368775859767,0.11755806469864258,1.1595109474325827
2022,64,15,0.18368392424952654,0.5834164270667992,0.9396646763646195,0.1724303367136529,0.1186700116302253,1.1541819514341212
2022,64,16,0.11021612370089647,0.4452281507523544,0.90901823206221255,0.1684434992524319,0.11421206642701988,1.1559925728754825
2022,64,17,0.08445676498560309,0.22930276592258508,0.7901650753813736,0.20232317983821657,0.16652243926988247,1.150638917016829
2022,64,18,0.48718800705462956,0.6771496308839999,0.9242848775643128,0.6265181845079912,0.5858409113585159,1.1457568261034723
2022,64,19,0.46820884728317735,0.6716136556074893,0.9337897105989567,0.6283818275252526,0.585134689554668,1.145724964656254
2022,64,20,0,0,0,0.6283818275252526,0.585134689554668,NA
2022,64,21,0,0,0,0.6283818275252526,0.585134689554668,NA
2022,64,22,0,0,0,0.6283818275252526,0.585134689554668,NA
2022,64,23,0,0,0,0.6283818275252526,0.585134689554668,NA
2022,65,0,0,0,0,0.6283818275252526,0.585134689554668,NA
2022,65,1,0,0,0,0.6283818275252526,0.585134689554668,NA
2022,65,2,0,0,0,0.6283818275252526,0.585134689554668,NA
2022,65,3,0,0,0,0.6283818275252526,0.585134689554668,NA
2022,65,4,0,0,0,0.6283818275252526,0.585134689554668,NA
2022,65,5,0,0,0,0.6283818275252526,0.585134689554668,NA
2022,65,6,0,0,0,0.6283818275252526,0.585134689554668,NA
2022,65,7,0.481080159818706,0.6777814296921376,0.9334502048319431,0.6272742853943806,0.5848332369465633,1.146811434567263
2022,65,8,0.48469683337394603,0.681596035579241,0.9387973873695471,0.6291801180181201,0.586639742706171,1.1454891073892295
2022,65,9,0.11987234833118603,0.37487068466852164,0.9202437779615844,0.1660793093033397,0.12904304947552628,1.2113124071416332
2022,65,10,0.174352488610289,0.5508753182067523,0.9842165840088396,0.29800815386343116,0.18750668612432794,1.199165480799996
2022,65,11,0.23071057087267935,0.6543237573504791,0.9951711497198662,0.20255493889075143,0.1402766065250317,1.179643415568843
2022,65,12,0.23915854210642712,0.6539754116172746,0.995664225427866,0.1978065027482483,0.14926201395502872,1.17059201777431
2022,65,13,0.22091639323141424,0.670959978654752,0.9736307471598666,0.18644360430629806,0.14779765389772473,1.1609384187810128
2022,65,14,0.22304652771993416,0.6406931360037875,0.967576651192778,0.23277545634074268,0.16442426894069997,1.1587537993360733
2022,65,15,0.1864636970825353,0.5811245096421754,0.9395864092337076,0.17100334888146407,0.11633005133612025,1.1533616831117524
2022,65,16,0.11309600925790948,0.43192954260033845,0.9062193150135874,0.13109739264426398,0.09240947627987522,1.152936483583796
2022,65,17,0.07894365558831662,0.2170489270479164,0.7856718928066551,0.23329735976799082,0.19202269562393437,1.153157772381078
2022,65,18,0.4925151797657301,0.6844345092525932,0.9317651996942041,0.6243794155383239,0.5803406983427423,1.145663757144788
2022,65,19,0.49069746439215683,0.6664257474485034,0.9335493382509363,0.6290158978180652,0.5869531798054646,1.1452374614328802
2022,65,20,0,0,0,0.6290158978180652,0.5869531798054646,NA
2022,65,21,0,0,0,0.6290158978180652,0.5869531798054646,NA
2022,65,22,0,0,0,0.6290158978180652,0.5869531798054646,NA
2022,65,23,0,0,0,0.6290158978180652,0.5869531798054646,NA
2022,66,0,0,0,0,0.6290158978180652,0.5869531798054646,NA
2022,66,1,0,0,0,0.6290158978180652,0.5869531798054646,NA
2022,66,2,0,0,0,0.6290158978180652,0.5869531798054646,NA
2022,66,3,0,0,0,0.6290158978180652,0.5869531798054646,NA
2022,66,4,0,0,0,0.6290158978180652,0.5869531798054646,NA
2022,66,5,0,0,0,0.6290158978180652,0.5869531798054646,NA
2022,66,6,0,0,0,0.6290158978180652,0.5869531798054646,NA
2022,66,7,0.4827918340475141,0.674050662653479,0.9331659884595266,0.6251090403513747,0.5831858118686319,1.146237581443779
2022,66,8,0.4719945296101243,0.6798948385052803,0.9300767542778704,0.6255515708592839,0.5842164802303272,1.1460773436015943
2022,66,9,0.11346852040813028,0.3506027423328509,0.918450614310064,0.2230407596320152,0.16836824499744701,1.2152197255950061
2022,66,10,0.16282836054350264,0.5331909478651738,0.9765055222802748,0.17270607138359034,0.11557652786404501,1.1969325692147605
2022,66,11,0.2364153390500132,0.6424671719241151,0.9907519466754081,0.1836566287043671,0.12951844320590306,1.1790355104231152
2022,66,12,0.23666688068549505,0.6318511717908931,1,0.16408976784832177,0.12378041777055634,1.1665563541340287
2022,66,13,0.22289924667471459,0.6577843961466969,0.9813938162373981,0.18822771520782397,0.14745132387098145,1.161260527369286
2022,66,14,0.22386973327058482,0.6243043738924268,0.964334750182294,0.15998284854740547,0.12137360720429176,1.1581788589168953
2022,66,15,0.18844574286328714,0.5717539179049939,0.9397104390995997,0.1392854975917628,0.10072221345222877,1.1553666935083031
2022,66,16,0.1060258892858641,0.41998732148256523,0.9045978290169785,0.1732293299242026,0.11784548168998016,1.156551632764916
2022,66,17,0.08009629758399374,0.2075591681729329,0.7738471539767646,0.22165536708219347,0.18276890984554686,1.1533234280739837
2022,66,18,0.47042326940040713,0.6766121168780169,0.9307550174152195,0.6261782088111598,0.5841754142229075,1.147073950675399
2022,66,19,0,0,0,0.6261782088111598,0.5841754142229075,NA
2022,66,20,0,0,0,0.6261782088111598,0.5841754142229075,NA
2022,66,21,0,0,0,0.6261782088111598,0.5841754142229075,NA
2022,66,22,0,0,0,0.6261782088111598,0.5841754142229075,NA
2022,66,23,0,0,0,0.6261782088111598,0.5841754142229075,NA
2022,67,0,0,0,0,0.6261782088111598,0.5841754142229075,NA
2022,67,1,0,0,0,0.6261782088111598,0.5841754142229075,NA
2022,67,2,0,0,0,0.6261782088111598,0.5841754142229075,NA
2022,67,3,0,0,0,0.6261782088111598,0.5841754142229075,NA
2022,67,4,0,0,0,0.6261782088111598,0.5841754142229075,NA
2022,67,5,0,0,0,0.6261782088111598,0.5841754142229075,NA
2022,67,6,0,0,0,0.6261782088111598,0.5841754142229075,NA
2022,67,7,0.47325358167132997,0.6699927669232182,0.9288526120123773,0.6238890918866886,0.5822483288446932,1.1492217952745536
2022,67,8,0.48256204127102775,0.6695735446706956,0.9305123746729349,0.6293833982077687,0.5875511210443641,1.1449862363102135
2022,67,9,0.11234823287958608,0.34410178650165196,0.9199526856031048,0.16781793101947465,0.13041511871637038,1.2127889373193645
2022,67,10,0.16104745386714348,0.5252047203455514,0.9747121990376271,0.1685329015410245,0.11397576189067915,1.1957924006696516
2022,67,11,0.23122916382437447,0.6228548516180034,0.9902028064471471,0.22179533628000625,0.14840933003163626,1.1782725381018126
2022,67,12,0.23338668927779235,0.6290608193080122,0.9958749831014959,0.21901014299300114,0.1578791506499028,1.1668734811079755
2022,67,13,0.2143575659260418,0.6542424798325494,0.9793813794878028,0.5227566027446015,0.3429185820790822,1.160623796772812
2022,67,14,0.2148454301221953,0.6142079315641442,0.9609537121521894,0.3619270210924043,0.2310795287355665,1.159504993078198
2022,67,15,0.18877512741220284,0.5649572366113804,0.9349250780846503,0.20448239835471466,0.1415937922885144,1.1547684489664767
2022,67,16,0.10322245434249851,0.40862702060078776,0.9062160642682943,0.13090924745105734,0.09205846893966775,1.156514709358052
2022,67,17,0.4810648206923763,0.6676377204483825,0.9369994700436793,0.6219380239065883,0.5809092991910807,1.1489073436497845
2022,67,18,0.48832181572386446,0.6737745122113157,0.9328297982161058,0.6244337160437985,0.5810109612663252,1.1465038449849079
2022,67,19,0.4952610987195011,0.6773430928728782,0.9202563295787887,0.6270894104917163,0.5832340516607621,1.1473872612086806
2022,67,20,0,0,0,0.6270894104917163,0.5832340516607621,NA
2022,67,21,0,0,0,0.6270894104917163,0.5832340516607621,NA
2022,67,22,0,0,0,0.6270894104917163,0.5832340516607621,NA
2022,67,23,0,0,0,0.6270894104917163,0.5832340516607621,NA
2022,68,0,0,0,0,0.6270894104917163,0.5832340516607621,NA
2022,68,1,0,0,0,0.6270894104917163,0.5832340516607621,NA
2022,68,2,0,0,0,0.6270894104917163,0.5832340516607621,NA
2022,68,3,0,0,0,0.6270894104917163,0.5832340516607621,NA
2022,68,4,0,0,0,0.6270894104917163,0.5832340516607621,NA
2022,68,5,0,0,0,0.6270894104917163,0.5832340516607621,NA
2022,68,6,0,0,0,0.6270894104917163,0.5832340516607621,NA
2022,68,7,0.48719110358062606,0.6668169379635931,0.9332687947345729,0.6277221686664246,0.585498770550544,1.1475078319025784
2022,68,8,0.4837594577137701,0.6777417147522318,0.9385843604567082,0.6225065436910574,0.5816915936285645,1.1454331443431758
2022,68,9,0.11010386116082337,0.3321540700806905,0.9200265061442571,0.20303067862026922,0.15177054770358184,1.210100100286434
2022,68,10,0.16297457124001283,0.5253674360786939,0.9726342990783139,0.15235422023657055,0.10316510052511216,1.1953797690800863
2022,68,11,0.22555359819757548,0.6107248192879774,0.9855065001763897,0.1983278505051426,0.13776427616537154,1.1768309043372813
2022,68,12,0.23295237073886502,0.6172645651842786,0.9943540169534674,0.16433937685463387,0.11956398194472279,1.1686870810260248
2022,68,13,0.2182391634203642,0.6432755974275838,0.985294197899901,0.24826098345361372,0.18326458869187567,1.1585698212203575
2022,68,14,0.21875487244160585,0.604016431832716,0.9622090327476498,0.15881676178053555,0.11480635322534255,1.1586041902878903
2022,68,15,0.1823246471328717,0.5404239326094594,0.9292269933636195,0.17569194607240424,0.12111848877390838,1.1535116435140735
2022,68,16,0.0987397403677464,0.39535030901422474,0.8966728943953646,0.13509323566947073,0.09595105437795096,1.1585076984809
2022,68,17,0.49169706414544023,0.6718279926895133,0.9321892432225267,0.6251429800628947,0.5827246497072681,1.1464742551354705
2022,68,18,0.49067700162636796,0.6790746829604236,0.9350814224135502,0.6253678657698665,0.5831850479310112,1.1459954966712176
2022,68,19,0.47954270909182006,0.6684118298022788,0.9297539488302592,0.6262744256281448,0.5847052855820335,1.1449486775984412
2022,68,20,0,0,0,0.6262744256281448,0.5847052855820335,NA
2022,68,21,0,0,0,0.6262744256281448,0.5847052855820335,NA
2022,68,22,0,0,0,0.6262744256281448,0.5847052855820335,NA
2022,68,23,0,0,0,0.6262744256281448,0.5847052855820335,NA
2022,69,0,0,0,0,0.6262744256281448,0.5847052855820335,NA
2022,69,1,0,0,0,0.6262744256281448,0.5847052855820335,NA
2022,69,2,0,0,0,0.6262744256281448,0.5847052855820335,NA
2022,69,3,0,0,0,0.6262744256281448,0.5847052855820335,NA
2022,69,4,0,0,0,0.6262744256281448,0.5847052855820335,NA
2022,69,5,0,0,0,0.6262744256281448,0.5847052855820335,NA
2022,69,6,0,0,0,0.6262744256281448,0.5847052855820335,NA
2022,69,7,0.48005352446029714,0.6780200991906162,0.9371517153948128,0.6271727789287839,0.5849743375489177,1.14448997805271
2022,69,8,0.4837399974659194,0.6712054061273467,0.9382108889259799,0.6262700251363953,0.5833687198843454,1.145487651840722
2022,69,9,0.11123058105715217,0.3168134791893415,0.9219657955682649,0.1710466584483754,0.1316702319492583,1.2133745495936008
2022,69,10,0.154746334296632,0.5185956194155951,0.9681194583122977,0.1494148502095805,0.1043090972456325,1.195996602464278
2022,69,11,0.22579453263699892,0.6052968945198193,0.991253648883205,0.27738017287668404,0.18477580513244304,1.178661279473638
2022,69,12,0.23659067070989806,0.6131396914960482,0.9977820628959018,0.1673083116490132,0.1252216479338019,1.16945048119524
2022,69,13,0.2155684833835893,0.6353808580395437,0.9846859051918019,0.18533791543704198,0.1374660037692244,1.1617253180622695
2022,69,14,0.22130096372722186,0.592347243611766,0.9579648139182999,0.1963150628110107,0.14220149917815528,1.1599784901709134
2022,69,15,0.17712889640996332,0.5330607391453788,0.9249222828127162,0.3814208041267872,0.25170645741506187,1.1575757818276684
2022,69,16,0.0984869028092054,0.3857669349796805,0.8984118873907361,0.1575420472607412,0.10878916185818722,1.1574758765220339
2022,69,17,0.4848469583473807,0.6705699427281105,0.93770492865794,0.6297747020061658,0.5877268422007145,1.1468704312505955
2022,69,18,0.4822090548564654,0.6779498030035487,0.942124683096056,0.6273378180847606,0.5861320298022654,1.1454570846375898
2022,69,19,0.47301445769764444,0.6614708824087233,0.9314815030191143,0.6239101898632218,0.581149740229077,1.147016192622495
2022,69,20,0,0,0,0.6239101898632218,0.581149740229077,NA
2022,69,21,0,0,0,0.6239101898632218,0.581149740229077,NA
2022,69,22,0,0,0,0.6239101898632218,0.581149740229077,NA
2022,69,23,0,0,0,0.6239101898632218,0.581149740229077,NA
2022,70,0,0,0,0,0.6239101898632218,0.581149740229077,NA
2022,70,1,0,0,0,0.6239101898632218,0.581149740229077,NA
2022,70,2,0,0,0,0.6239101898632218,0.581149740229077,NA
2022,70,3,0,0,0,0.6239101898632218,0.581149740229077,NA
2022,70,4,0,0,0,0.6239101898632218,0.581149740229077,NA
2022,70,5,0,0,0,0.6239101898632218,0.581149740229077,NA
2022,70,6,0,0,0,0.6239101898632218,0.581149740229077,NA
2022,70,7,0.4987478998335665,0.6746140440640829,0.9332296263603129,0.6219425519242678,0.5785089551515675,1.1475466443715292
2022,70,8,0.49261534063620327,0.6750837218573446,0.9408060668984416,0.6206517707050169,0.5788205224403645,1.1456440017829403
2022,70,9,0.10940583570456949,0.3094925940965183,0.9059887130430595,0.16897338965338443,0.1305454542290508,1.213469336428008
2022,70,10,0.15992946382002005,0.5126110772058828,0.9725071759807653,0.2272133480248819,0.14336367117022147,1.1978575992785032
2022,70,11,0.2132305730916676,0.5798154072576979,0.9887123724083947,0.2058104664575655,0.14539185975255892,1.1787530731424907
2022,70,12,0.22040265184390062,0.5944729288767703,0.9912604360092853,0.20989518259126455,0.15008850582578384,1.1720710446397873
2022,70,13,0.2056395426558415,0.6206905411373344,0.9840231768784499,0.20132779649576213,0.13519267645534083,1.162582723693506
2022,70,14,0.22177180710351885,0.5768135986091718,0.9558035331795618,0.16345032624598485,0.11205108936229784,1.1633216709530383
2022,70,15,0.1820214291895132,0.5278406435499486,0.9239993864221043,0.1320631149863189,0.09430228015432641,1.1548702400335267
2022,70,16,0.0960531456612994,0.37790325926442275,0.8943902672200478,0.126171603617044,0.09029940719627155,1.159358743206929
2022,70,17,0.48489951965991596,0.6746987637724252,0.9398881100090088,0.623315107961651,0.5813089497060002,1.1461121266785863
2022,70,18,0.4742359170538747,0.6705127328389847,0.9364056106024905,0.6226222498499657,0.5809197008354959,1.1468290347967276
2022,70,19,0,0,0,0.6226222498499657,0.5809197008354959,NA
2022,70,20,0,0,0,0.6226222498499657,0.5809197008354959,NA
2022,70,21,0,0,0,0.6226222498499657,0.5809197008354959,NA
2022,70,22,0,0,0,0.6226222498499657,0.5809197008354959,NA
2022,70,23,0,0,0,0.6226222498499657,0.5809197008354959,NA
2022,71,0,0,0,0,0.6226222498499657,0.5809197008354959,NA
2022,71,1,0,0,0,0.6226222498499657,0.5809197008354959,NA
2022,71,2,0,0,0,0.6226222498499657,0.5809197008354959,NA
2022,71,3,0,0,0,0.6226222498499657,0.5809197008354959,NA
2022,71,4,0,0,0,0.6226222498499657,0.5809197008354959,NA
2022,71,5,0,0,0,0.6226222498499657,0.5809197008354959,NA
2022,71,6,0,0,0,0.6226222498499657,0.5809197008354959,NA
2022,71,7,0.4735766362191569,0.669000340516407,0.9416866810449311,0.6279234491006279,0.586238801748499,1.1481209388215534
2022,71,8,0.4861316211389096,0.6840637589544034,0.9291903968322619,0.6258283282943508,0.5826957545963067,1.147656727763342
2022,71,9,0.10391935741991934,0.30036240233079714,0.8961745922801413,0.202737565566184,0.15386861504038973,1.2162295561599752
2022,71,10,0.15003214535311765,0.5011645696088285,0.9667581640113337,0.2220700075624662,0.14289206169993704,1.1958661160976258
2022,71,11,0.21697496056452648,0.5726251019962925,0.985789530041071,0.1695944684847476,0.1192211317634652,1.1801987459442835
2022,71,12,0.23098810502935793,0.595625485584206,0.9932262045216168,0.16412744699337303,0.11752560583454459,1.1709749344083589
2022,71,13,0.20795868490428687,0.6190530036629909,0.9887576396360436,0.1765655943635594,0.13415075344872998,1.1623468553742278
2022,71,14,0.2211013019212448,0.5732470541456554,0.9590610384816393,0.1812940071221988,0.12801207643108534,1.1627697150363807
2022,71,15,0.1730241841810285,0.5178688027285168,0.9177966551240098,0.1413483619229441,0.09770820164840782,1.1566635361367221
2022,71,16,0.09610753001039506,0.3682718173048469,0.8960015823997549,0.13311335399437293,0.09623195975036944,1.158892117032595
2022,71,17,0.48385351513751834,0.6829388209198268,0.9283511576695731,0.6303346191864055,0.5873804228847133,1.1468151735525236
2022,71,18,0.48264711143818645,0.6722426164387602,0.9367351411134394,0.6254413501117535,0.5837534328640673,1.1463068325277481
2022,71,19,0,0,0,0.6254413501117535,0.5837534328640673,NA
2022,71,20,0,0,0,0.6254413501117535,0.5837534328640673,NA
2022,71,21,0,0,0,0.6254413501117535,0.5837534328640673,NA
2022,71,22,0,0,0,0.6254413501117535,0.5837534328640673,NA
2022,71,23,0,0,0,0.6254413501117535,0.5837534328640673,NA
2022,72,0,0,0,0,0.6254413501117535,0.5837534328640673,NA
2022,72,1,0,0,0,0.6254413501117535,0.5837534328640673,NA
2022,72,2,0,0,0,0.6254413501117535,0.5837534328640673,NA
2022,72,3,0,0,0,0.6254413501117535,0.5837534328640673,NA
2022,72,4,0,0,0,0.6254413501117535,0.5837534328640673,NA
2022,72,5,0,0,0,0.6254413501117535,0.5837534328640673,NA
2022,72,6,0,0,0,0.6254413501117535,0.5837534328640673,NA
2022,72,7,0.48272792408326926,0.6743597325169244,0.9382098044740196,0.6295402916726069,0.587073330447643,1.1439671678858612
2022,72,8,0.4786469633937805,0.6648193613433416,0.9420716196774243,0.6253092847247216,0.5826099532948515,1.1485239758521084
2022,72,9,0.1131094768790557,0.3087370057878885,0.895267733529891,0.1931117448019905,0.15230080631789877,1.2123911071485396
2022,72,10,0.46181999195924794,0.6608451192132728,0.9368751601776703,0.5991110356654832,0.5562666826823627,1.1500064699500854
2022,72,11,0.442328345448432,0.6610405937088611,0.9360411560725955,0.5962180732504843,0.5533037625713404,1.1491299077050083
2022,72,12,0.4572214108966178,0.6644076434681315,0.9364157558239683,0.6145961080666292,0.5694349482400617,1.1475522858608675
2022,72,13,0.4000707875344274,0.6539066938415304,0.9351667319438961,0.5455623399497564,0.49965185336993934,1.1510083215433071
2022,72,14,0.435787542324869,0.6588600538767629,0.9372180907059108,0.5619624605062195,0.5200828746274263,1.1462305854968364
2022,72,15,0.26520180630477336,0.5584088170117403,0.9249314402262483,0.3013133363905893,0.26258284737345383,1.1536653439158604
2022,72,16,0.30099082760983,0.521302118032465,0.9239128141535405,0.4632083642707597,0.42499187156896495,1.149741460876661
2022,72,17,0.4901627152109002,0.6697785892922489,0.9296492401881734,0.6257128499938421,0.5825335824973933,1.1491760489806384
2022,72,18,0.47375175763613186,0.678748164371624,0.9264155378118379,0.6229953978495135,0.58128337729181,1.1471006559753545
2022,72,19,0.48109449558393474,0.6650357234832992,0.9317452310614128,0.6269912173954085,0.5843350890928034,1.1466408300797948
2022,72,20,0,0,0,0.6269912173954085,0.5843350890928034,NA
2022,72,21,0,0,0,0.6269912173954085,0.5843350890928034,NA
2022,72,22,0,0,0,0.6269912173954085,0.5843350890928034,NA
2022,72,23,0,0,0,0.6269912173954085,0.5843350890928034,NA
2022,73,0,0,0,0,0.6269912173954085,0.5843350890928034,NA
2022,73,1,0,0,0,0.6269912173954085,0.5843350890928034,NA
2022,73,2,0,0,0,0.6269912173954085,0.5843350890928034,NA
2022,73,3,0,0,0,0.6269912173954085,0.5843350890928034,NA
2022,73,4,0,0,0,0.6269912173954085,0.5843350890928034,NA
2022,73,5,0,0,0,0.6269912173954085,0.5843350890928034,NA
2022,73,6,0,0,0,0.6269912173954085,0.5843350890928034,NA
2022,73,7,0.48545147128908545,0.6682510017958482,0.9273466537610233,0.6228331820556329,0.5810076428372241,1.1483673854503902
2022,73,8,0.48602387797079133,0.6732087656349846,0.9313260758694346,0.6270312207944122,0.5856974250528917,1.1479872192578289
2022,73,9,0.10048125955134482,0.28175490281648974,0.8888379653541361,0.26098904142472057,0.1915190342557568,1.214545307291969
2022,73,10,0.150527333312542,0.48921871768772673,0.9701357877800117,0.24620987273733974,0.1655395086084685,1.195966630040647
2022,73,11,0.363910497332717,0.6135409954164299,0.9537553931464894,0.496013668249613,0.4514335101899869,1.160002827553574
2022,73,12,0.3476221242054956,0.6140604886653449,0.9540477457983076,0.38603032490281597,0.3462121783581155,1.156605171964944
2022,73,13,0.1935724199508661,0.5996713822434443,0.9712613165514017,0.195080111739776,0.14726650179277065,1.1632625693781868
2022,73,14,0.3250175179052851,0.6068131430259328,0.9383592101736123,0.48975048017662487,0.4380570852452598,1.1533130264150753
2022,73,15,0.16707646062610665,0.5034197895497335,0.92120949330128,0.17682157407215002,0.12550818614197953,1.1573842588479835
2022,73,16,0.09869969175696511,0.3478566946700929,0.888023719745546,0.12331700115106677,0.0906244100883224,1.1570437106407958
2022,73,17,0.47564154046677426,0.6768257332206552,0.9382490978419976,0.623550100878068,0.5816200955146048,1.1474879443049693
2022,73,18,0.4859345322534188,0.6691117308550342,0.9384305645321515,0.626903933301391,0.584232858478136,1.147480942574914
2022,73,19,0,0,0,0.626903933301391,0.584232858478136,NA
2022,73,20,0,0,0,0.626903933301391,0.584232858478136,NA
2022,73,21,0,0,0,0.626903933301391,0.584232858478136,NA
2022,73,22,0,0,0,0.626903933301391,0.584232858478136,NA
2022,73,23,0,0,0,0.626903933301391,0.584232858478136,NA
2022,74,0,0,0,0,0.626903933301391,0.584232858478136,NA
2022,74,1,0,0,0,0.626903933301391,0.584232858478136,NA
2022,74,2,0,0,0,0.626903933301391,0.584232858478136,NA
2022,74,3,0,0,0,0.626903933301391,0.584232858478136,NA
2022,74,4,0,0,0,0.626903933301391,0.584232858478136,NA
2022,74,5,0,0,0,0.626903933301391,0.584232858478136,NA
2022,74,6,0,0,0,0.626903933301391,0.584232858478136,NA
2022,74,7,0.4853707291245412,0.665900208794045,0.9334204479224117,0.6233302104969826,0.5809285149098017,1.1455372623450737
2022,74,8,0.4775771777699348,0.6772275478712692,0.9361372946665402,0.6285361647492181,0.586121155321961,1.1455780545216045
2022,74,9,0.18408183626482905,0.3667600528583731,0.8925509859598666,0.27990440757915197,0.24213189899687684,1.1930699159936968
2022,74,10,0.21522619092289744,0.5193635823930435,0.9580403065395422,0.3132297692286067,0.26002218256279874,1.1787570721354212
2022,74,11,0.21063602504256435,0.5423417778434346,0.9850345730856542,0.18333730612231652,0.13260908588344558,1.1786088185587569
2022,74,12,0.2687323528446602,0.5772865288759437,0.9736617723211496,0.2533038604588096,0.21239889395068223,1.1680510342729442
2022,74,13,0.3442679587431959,0.6440469392580207,0.943804273718504,0.4416167449552285,0.3993758547377859,1.1542949059655507
2022,74,14,0.4334439067207091,0.6470932366285117,0.9321238763428583,0.5613288590625553,0.5214863998053931,1.1510030762103538
2022,74,15,0.3622328170502725,0.6018375267279411,0.9318973027324302,0.5842869786826332,0.539626040427037,1.150212277540204
2022,74,16,0.0925793644041906,0.3323135173847004,0.8887872382659602,0.12212102318450276,0.09008786306683655,1.1559725446673812
2022,74,17,0.4852549049675767,0.6738134981021938,0.9410197793277123,0.6279707255809298,0.5860697762667875,1.1446252792687486
2022,74,18,0.4936227199833372,0.6774447000447702,0.9328675561001958,0.6299427575544404,0.5871376454596712,1.1460987896329726
2022,74,19,0,0,0,0.6299427575544404,0.5871376454596712,NA
2022,74,20,0,0,0,0.6299427575544404,0.5871376454596712,NA
2022,74,21,0,0,0,0.6299427575544404,0.5871376454596712,NA
2022,74,22,0,0,0,0.6299427575544404,0.5871376454596712,NA
2022,74,23,0,0,0,0.6299427575544404,0.5871376454596712,NA
2022,75,0,0,0,0,0.6299427575544404,0.5871376454596712,NA
2022,75,1,0,0,0,0.6299427575544404,0.5871376454596712,NA
2022,75,2,0,0,0,0.6299427575544404,0.5871376454596712,NA
2022,75,3,0,0,0,0.6299427575544404,0.5871376454596712,NA
2022,75,4,0,0,0,0.6299427575544404,0.5871376454596712,NA
2022,75,5,0,0,0,0.6299427575544404,0.5871376454596712,NA
2022,75,6,0,0,0,0.6299427575544404,0.5871376454596712,NA
2022,75,7,0,0,0,0.6299427575544404,0.5871376454596712,NA
2022,75,8,0.47965105770605293,0.6772495210443564,0.9365178340254948,0.6313392527538307,0.5897943542123406,1.147200284850991
2022,75,9,0.120281697398537,0.2969706081806377,0.898034823212111,0.20694533026770714,0.16686439870197503,1.2101917008687568
2022,75,10,0.13415461153234282,0.4664093338365883,0.96405909490837,0.14178028091493447,0.09870506947855502,1.191867126977205
2022,75,11,0.21029346481890973,0.5387623921294102,0.9800568242881259,0.18932410153190515,0.14830330971838102,1.1789835470730314
2022,75,12,0.28770636386290127,0.5837032716533642,0.9664230072110755,0.3859348347315583,0.3339809039167196,1.1629419572211557
2022,75,13,0.19532641027170689,0.5824608236066597,0.9644257824836526,0.1774028561152714,0.1363394173662699,1.165252530380723
2022,75,14,0.2020481021289577,0.5376408006205011,0.9443856149512084,0.4189730051034761,0.2736303332929041,1.161996595325797
2022,75,15,0.14173381624690007,0.4788171265567412,0.9118117834322612,0.132247473268671,0.09663547411706438,1.1587798045806301
2022,75,16,0.08849337699446158,0.31108870860649446,0.8814889653823544,0.121386572592973,0.08850496556597102,1.1585990950624878
2022,75,17,0.489540611602517,0.6817822544156892,0.935555409919613,0.6198028344793539,0.5772613030495732,1.148372267560481
2022,75,18,0.4823079955733618,0.6752823117215225,0.931371806310692,0.6245302619275521,0.5838864397450936,1.1478380316674408
2022,75,19,0,0,0,0.6245302619275521,0.5838864397450936,NA
2022,75,20,0,0,0,0.6245302619275521,0.5838864397450936,NA
2022,75,21,0,0,0,0.6245302619275521,0.5838864397450936,NA
2022,75,22,0,0,0,0.6245302619275521,0.5838864397450936,NA
2022,75,23,0,0,0,0.6245302619275521,0.5838864397450936,NA
2022,76,0,0,0,0,0.6245302619275521,0.5838864397450936,NA
2022,76,1,0,0,0,0.6245302619275521,0.5838864397450936,NA
2022,76,2,0,0,0,0.6245302619275521,0.5838864397450936,NA
2022,76,3,0,0,0,0.6245302619275521,0.5838864397450936,NA
2022,76,4,0,0,0,0.6245302619275521,0.5838864397450936,NA
2022,76,5,0,0,0,0.6245302619275521,0.5838864397450936,NA
2022,76,6,0,0,0,0.6245302619275521,0.5838864397450936,NA
2022,76,7,0.4833835267791407,0.6718702531252555,0.9301144022213576,0.6249510896060765,0.5818893097471398,1.146074172418491
2022,76,8,0.4885715671509329,0.6727550971043409,0.9425862416041673,0.6238844582884703,0.5819701467064468,1.1451378964753527
2022,76,9,0.2751419337844777,0.4682445577159967,0.9185022424566864,0.5144079545051649,0.4686309463561878,1.170725078278101
2022,76,10,0.3034153477883586,0.5729161443492699,0.9500073939636908,0.47194602687335263,0.4247034814712882,1.1632243255561883
2022,76,11,0.22291174440100778,0.5451081638525312,0.9687319746456476,0.2615756556912272,0.20989059633740878,1.1733064011128338
2022,76,12,0.21976251114104656,0.542403122229455,0.9906003639976991,0.17817334929934006,0.1350370481963697,1.1756365366893635
2022,76,13,0.21892496289370586,0.5735220692944415,0.9619245949415647,0.2542256162713056,0.2046658462408517,1.1632501088812868
2022,76,14,0.24448877478948594,0.5538769584108174,0.939639810347765,0.30884348877587775,0.2555527227171534,1.157572617129551
2022,76,15,0.1537614605246325,0.4807763588788923,0.9104850953826713,0.17824134256965407,0.13109770530545914,1.1601138768089436
2022,76,16,0.08675796423457778,0.3011040224207053,0.8766009444797092,0.12202841268062513,0.08980558838707935,1.1593307658478516
2022,76,17,0.48937045674034324,0.6759940444235326,0.9385687334553416,0.621994048685164,0.5796868526753581,1.1465943183319411
2022,76,18,0.494058231013637,0.6744190202067328,0.9343459809135409,0.6297928751212526,0.5866617550764541,1.1479946685508597
2022,76,19,0,0,0,0.6297928751212526,0.5866617550764541,NA
2022,76,20,0,0,0,0.6297928751212526,0.5866617550764541,NA
2022,76,21,0,0,0,0.6297928751212526,0.5866617550764541,NA
2022,76,22,0,0,0,0.6297928751212526,0.5866617550764541,NA
2022,76,23,0,0,0,0.6297928751212526,0.5866617550764541,NA
2022,77,0,0,0,0,0.6297928751212526,0.5866617550764541,NA
2022,77,1,0,0,0,0.6297928751212526,0.5866617550764541,NA
2022,77,2,0,0,0,0.6297928751212526,0.5866617550764541,NA
2022,77,3,0,0,0,0.6297928751212526,0.5866617550764541,NA
2022,77,4,0,0,0,0.6297928751212526,0.5866617550764541,NA
2022,77,5,0,0,0,0.6297928751212526,0.5866617550764541,NA
2022,77,6,0,0,0,0.6297928751212526,0.5866617550764541,NA
2022,77,7,0.47328269944618034,0.674346406567,0.9302952376369917,0.6221271190372251,0.5796909366616505,1.1475790981376313
2022,77,8,0.49107332094387574,0.669058424143328,0.9371857993568553,0.6253552279335949,0.583660596503566,1.1455658708303496
2022,77,9,0.08809920754727495,0.26035332305479825,0.8872438179603611,0.20260478559848066,0.1487617425408418,1.2153266233501943
2022,77,10,0.13515720216621155,0.4606232541373485,0.9632642295750474,0.16218647708275025,0.11010878698265113,1.1918019721450253
2022,77,11,0.18557380524390835,0.5096432617176581,0.984091176241585,0.1621650738027424,0.11975980668466443,1.1808889760098102
2022,77,12,0.18727373439460393,0.5231842788987161,0.9864216925063446,0.17849477647394119,0.12835374894141463,1.1786980655312527
2022,77,13,0.19042256976389388,0.5584196581993665,0.9731368188622695,0.23672552459224258,0.17215873203191312,1.1667693860785269
2022,77,14,0.23157404605965265,0.5369415256225577,0.9361703946951452,0.229243868777412,0.18366513271348667,1.1585038093338942
2022,77,15,0.14188480845647777,0.4592310851795239,0.9118732432468918,0.14656927215211754,0.09995976692405019,1.160342223126626
2022,77,16,0.087381048322871,0.2979952060777561,0.8761666057292669,0.13026845267907491,0.09548436617096359,1.1579709265133604
2022,77,17,0.4778887624372947,0.673489275917793,0.9381548420216069,0.6232742681046166,0.5826153817494869,1.1451383296845092
2022,77,18,0.48415020120055446,0.6720609607591692,0.9343120546989989,0.6271666121559683,0.5848740360907265,1.1437091819117042
2022,77,19,0,0,0,0.6271666121559683,0.5848740360907265,NA
2022,77,20,0,0,0,0.6271666121559683,0.5848740360907265,NA
2022,77,21,0,0,0,0.6271666121559683,0.5848740360907265,NA
2022,77,22,0,0,0,0.6271666121559683,0.5848740360907265,NA
2022,77,23,0,0,0,0.6271666121559683,0.5848740360907265,NA
2022,78,0,0,0,0,0.6271666121559683,0.5848740360907265,NA
2022,78,1,0,0,0,0.6271666121559683,0.5848740360907265,NA
2022,78,2,0,0,0,0.6271666121559683,0.5848740360907265,NA
2022,78,3,0,0,0,0.6271666121559683,0.5848740360907265,NA
2022,78,4,0,0,0,0.6271666121559683,0.5848740360907265,NA
2022,78,5,0,0,0,0.6271666121559683,0.5848740360907265,NA
2022,78,6,0,0,0,0.6271666121559683,0.5848740360907265,NA
2022,78,7,0.48732352143522545,0.6728312147380552,0.92590320679444,0.6249690896413248,0.5836577368956656,1.1465988326485719
2022,78,8,0.4896952296368602,0.6757020708330278,0.9369184757548847,0.6279462340517752,0.5858653230750805,1.1456152700751612
2022,78,9,0.08360859668117805,0.2515130065622639,0.8808508677788893,0.5083624237847997,0.4013950361780604,1.2147268965711153
2022,78,10,0.13051956380318439,0.4483106876305295,0.951670682429651,0.2689927876974248,0.17659270705000835,1.1901762019294893
2022,78,11,0.17469994536289138,0.5011441114210093,0.9852141325564363,0.15441129015887275,0.11347282463936101,1.18028109344354
2022,78,12,0.190045175682401,0.5242879436851616,0.9857102119064748,0.15112735602919536,0.11140422370255712,1.178886225853618
2022,78,13,0.19157510871058234,0.5519404070273655,0.970166089767486,0.27249206378135454,0.1856929974809391,1.1666125267219787
2022,78,14,0.19025798510933645,0.5109721496542445,0.9318206153291844,0.15375980368753014,0.11160328836049684,1.162947080146961
2022,78,15,0.1313779878642867,0.4510525067890615,0.9071673217445904,0.13726294916590662,0.10109744849141349,1.160140990593177
2022,78,16,0.08264227859865665,0.28875228935201414,0.8591711347195125,0.1563651405717226,0.1125662845011131,1.16163465586293
2022,78,17,0.48218708946994526,0.6778186144783386,0.9412308327497896,0.6247066190734473,0.5828311594639809,1.149272575945107
2022,78,18,0.4689288858920536,0.68149315977609215,0.9331179395474042,0.626766495073577,0.5844029885937384,1.145337092197658
2022,78,19,0,0,0,0.626766495073577,0.5844029885937384,NA
2022,78,20,0,0,0,0.626766495073577,0.5844029885937384,NA
2022,78,21,0,0,0,0.626766495073577,0.5844029885937384,NA
2022,78,22,0,0,0,0.626766495073577,0.5844029885937384,NA
2022,78,23,0,0,0,0.626766495073577,0.5844029885937384,NA
2022,79,0,0,0,0,0.626766495073577,0.5844029885937384,NA
2022,79,1,0,0,0,0.626766495073577,0.5844029885937384,NA
2022,79,2,0,0,0,0.626766495073577,0.5844029885937384,NA
2022,79,3,0,0,0,0.626766495073577,0.5844029885937384,NA
2022,79,4,0,0,0,0.626766495073577,0.5844029885937384,NA
2022,79,5,0,0,0,0.626766495073577,0.5844029885937384,NA
2022,79,6,0,0,0,0.626766495073577,0.5844029885937384,NA
2022,79,7,0.49191089913615016,0.6760686573925684,0.924474040464205,0.6214778925251302,0.5796730955239169,1.1450223238717427
2022,79,8,0.49191578816581316,0.6783911471214187,0.9375004904602441,0.6232042339057013,0.580615167154969,1.1461335637787555
2022,79,9,0.08804279012129837,0.24468401762817377,0.8740504734986129,0.15858902148755555,0.12357219047512762,1.2104021594768777
2022,79,10,0.12876672264097822,0.4362562993070098,0.9525112192173671,0.25483844979651116,0.17098697822274916,1.1898518523324149
2022,79,11,0.17122080181484903,0.4864544041213704,0.981063527791249,0.15682654354172357,0.11835542127202689,1.1796034184625643
2022,79,12,0.19436243164967468,0.521842118609007,0.9872513452954077,0.1672380075393989,0.12245154766357993,1.1765460957066813
2022,79,13,0.20078681741674617,0.5360431222669316,0.9644977306633677,0.18064980419715385,0.1273922913544204,1.1654029668149275
2022,79,14,0.19477866002759606,0.5099252270725125,0.9288950326568631,0.17724396642081428,0.12473517635051293,1.1627323116813595
2022,79,15,0.12853241067590349,0.4406838261783026,0.9068035581556926,0.1348865321119706,0.10072669704090134,1.1594156887024423
2022,79,16,0.07994818768850767,0.2796288281309546,0.8499662843312152,0.17844771937082754,0.1285536841042706,1.1605161974569755
2022,79,17,0.4850307830751819,0.6743553233612031,0.9309072522490671,0.6293899779096611,0.5867569916403942,1.1450141814419288
2022,79,18,0.47940317536335947,0.671472858940565,0.9320798322933003,0.6233453423986541,0.5820699679139707,1.1475413018692064
2022,79,19,0,0,0,0.6233453423986541,0.5820699679139707,NA
2022,79,20,0,0,0,0.6233453423986541,0.5820699679139707,NA
2022,79,21,0,0,0,0.6233453423986541,0.5820699679139707,NA
2022,79,22,0,0,0,0.6233453423986541,0.5820699679139707,NA
2022,79,23,0,0,0,0.6233453423986541,0.5820699679139707,NA
2022,80,0,0,0,0,0.6233453423986541,0.5820699679139707,NA
2022,80,1,0,0,0,0.6233453423986541,0.5820699679139707,NA
2022,80,2,0,0,0,0.6233453423986541,0.5820699679139707,NA
2022,80,3,0,0,0,0.6233453423986541,0.5820699679139707,NA
2022,80,4,0,0,0,0.6233453423986541,0.5820699679139707,NA
2022,80,5,0,0,0,0.6233453423986541,0.5820699679139707,NA
2022,80,6,0,0,0,0.6233453423986541,0.5820699679139707,NA
2022,80,7,0.48092620845095335,0.6676570692635916,0.928941032345726,0.6261527083776688,0.5844623645850581,1.1465158624876932
2022,80,8,0.4914573260482673,0.6748742998897732,0.9329188780934589,0.6232410499085679,0.5811261104169193,1.1459325494275805
2022,80,9,0.3680606693669811,0.5696003344680174,0.9172418037828545,0.5315574679922361,0.4901456051251677,1.1543297716523075
2022,80,10,0.4699543479279747,0.6666348515755844,0.9344825076569024,0.6186307632975773,0.5749437221148385,1.1504610196587244
2022,80,11,0.4719948076146914,0.6688404097530372,0.9331028762535437,0.6180021610082915,0.5755307697496611,1.1468059051795287
2022,80,12,0.4594434509549702,0.6607931445426257,0.9468134078750642,0.6028669664769966,0.5615851506024923,1.1446444645951823
2022,80,13,0.47654056882948514,0.6636121464811119,0.9287228152782484,0.6178019598995605,0.5763544065197085,1.1453164492208132
2022,80,14,0.4689250601322986,0.6756420171284406,0.9303593547356903,0.6170754115800663,0.5757990276061221,1.1474749231292156
2022,80,15,0.48993597838116204,0.6639152023709233,0.9338242021059417,0.6212839844424753,0.5788893719159794,1.1468176856153303
2022,80,16,0.32129516323475005,0.5130025774997264,0.9145419447095099,0.4824526603906109,0.44420854093102496,1.1500138944454434
2022,80,17,0.48166344955221185,0.6739957280390008,0.9354922860360663,0.6280137868439202,0.5859153218242581,1.1458961564050996
2022,80,18,0.4760446789237431,0.6788173642754266,0.9381283254013676,0.6293938885213357,0.5872257817196753,1.1440956566814675
2022,80,19,0,0,0,0.6293938885213357,0.5872257817196753,NA
2022,80,20,0,0,0,0.6293938885213357,0.5872257817196753,NA
2022,80,21,0,0,0,0.6293938885213357,0.5872257817196753,NA
2022,80,22,0,0,0,0.6293938885213357,0.5872257817196753,NA
2022,80,23,0,0,0,0.6293938885213357,0.5872257817196753,NA
2022,81,0,0,0,0,0.6293938885213357,0.5872257817196753,NA
2022,81,1,0,0,0,0.6293938885213357,0.5872257817196753,NA
2022,81,2,0,0,0,0.6293938885213357,0.5872257817196753,NA
2022,81,3,0,0,0,0.6293938885213357,0.5872257817196753,NA
2022,81,4,0,0,0,0.6293938885213357,0.5872257817196753,NA
2022,81,5,0,0,0,0.6293938885213357,0.5872257817196753,NA
2022,81,6,0,0,0,0.6293938885213357,0.5872257817196753,NA
2022,81,7,0.4925230428823221,0.6703649637079953,0.9321722727237379,0.6282390546144998,0.5851447944228979,1.148707109072944
2022,81,8,0.48561666883510685,0.6691409153938641,0.9348337197712147,0.623762190007123,0.5822750689165157,1.1468557783832707
2022,81,9,0.085567680370386,0.23077169184053012,0.865073625620647,0.1889474831758779,0.14296893890798812,1.210473886378003
2022,81,10,0.12748719926984997,0.4295482388770715,0.9496892910837571,0.14452493573172034,0.10675887299453674,1.187279489989923
2022,81,11,0.17143222989851353,0.47623537146488365,0.9824696201820556,0.19572471848495362,0.14265458318713506,1.1808551138177257
2022,81,12,0.18566620821779445,0.5087746021011013,0.9879909839233615,0.18812272142301337,0.13686433041470564,1.1709299654870011
2022,81,13,0.19950363234753943,0.5349684997038158,0.9594331175806216,0.17549894555244694,0.1349140439498684,1.1618918452130926
2022,81,14,0.18822846148306993,0.4979476530022522,0.9277469919711969,0.25974591611366266,0.17865809374258912,1.1598693832443985
2022,81,15,0.12622925188920378,0.41557358985912624,0.9090402160953689,0.1573323543585754,0.11811953068671564,1.161168929587662
2022,81,16,0.0765981597720614,0.2557254051077168,0.8440228822189211,0.13076982400085582,0.0977970989076457,1.1622763250996022
2022,81,17,0.4720706975224093,0.6668608828391783,0.9363707422543203,0.6256506198476454,0.5843797981131506,1.1480104820374564
2022,81,18,0.49353938591378127,0.6717111144144556,0.9347447538960711,0.6236951966073767,0.5813008673991008,1.1456638829256756
2022,81,19,0,0,0,0.6236951966073767,0.5813008673991008,NA
2022,81,20,0,0,0,0.6236951966073767,0.5813008673991008,NA
2022,81,21,0,0,0,0.6236951966073767,0.5813008673991008,NA
2022,81,22,0,0,0,0.6236951966073767,0.5813008673991008,NA
2022,81,23,0,0,0,0.6236951966073767,0.5813008673991008,NA
2022,82,0,0,0,0,0.6236951966073767,0.5813008673991008,NA
2022,82,1,0,0,0,0.6236951966073767,0.5813008673991008,NA
2022,82,2,0,0,0,0.6236951966073767,0.5813008673991008,NA
2022,82,3,0,0,0,0.6236951966073767,0.5813008673991008,NA
2022,82,4,0,0,0,0.6236951966073767,0.5813008673991008,NA
2022,82,5,0,0,0,0.6236951966073767,0.5813008673991008,NA
2022,82,6,0,0,0,0.6236951966073767,0.5813008673991008,NA
2022,82,7,0,0,0,0.6236951966073767,0.5813008673991008,NA
2022,82,8,0.4891208252325562,0.6765207809075894,0.9336227384831576,0.6250458703299664,0.5832494559607367,1.1472918117340005
2022,82,9,0.4645116575392443,0.6510963224258985,0.9342423361296269,0.614040577763059,0.5719553241757755,1.147426589453998
2022,82,10,0.39474195517188326,0.617316834000587,0.9396112621317974,0.5306174173080962,0.489350359956725,1.15151976575005
2022,82,11,0.4283640963972224,0.6437310431984729,0.9375654121383215,0.6025040445897704,0.5562511024275933,1.1505396186885326
2022,82,12,0.4073805802412919,0.6298575088182622,0.9421737497534901,0.5193590979741011,0.4785465048792187,1.1505409730308305
2022,82,13,0.4514182039242794,0.6595789596790026,0.9236515911561591,0.5804434658171248,0.5374243227209946,1.1482945910408797
2022,82,14,0.4583727579187019,0.6595453647595649,0.9310423463031989,0.6036996276714631,0.5611102928453766,1.1463950180853142
2022,82,15,0.46591164177089506,0.6700533974007425,0.9304500211606943,0.6232296779470797,0.5813707786849379,1.148742336234974
2022,82,16,0.4690858147750229,0.6530527857274591,0.9362934181101897,0.6219134415892211,0.5799674596775424,1.1475955460676852
2022,82,17,0.48408294626883575,0.6676786830068917,0.930737383936225,0.6311432157210318,0.58891377011281,1.1457343854244564
2022,82,18,0.4915335938734103,0.6758302740521512,0.9370496575819149,0.6231543704135267,0.5814277565964936,1.1468822125427627
2022,82,19,0,0,0,0.6231543704135267,0.5814277565964936,NA
2022,82,20,0,0,0,0.6231543704135267,0.5814277565964936,NA
2022,82,21,0,0,0,0.6231543704135267,0.5814277565964936,NA
2022,82,22,0,0,0,0.6231543704135267,0.5814277565964936,NA
2022,82,23,0,0,0,0.6231543704135267,0.5814277565964936,NA
2022,83,0,0,0,0,0.6231543704135267,0.5814277565964936,NA
2022,83,1,0,0,0,0.6231543704135267,0.5814277565964936,NA
2022,83,2,0,0,0,0.6231543704135267,0.5814277565964936,NA
2022,83,3,0,0,0,0.6231543704135267,0.5814277565964936,NA
2022,83,4,0,0,0,0.6231543704135267,0.5814277565964936,NA
2022,83,5,0,0,0,0.6231543704135267,0.5814277565964936,NA
2022,83,6,0,0,0,0.6231543704135267,0.5814277565964936,NA
2022,83,7,0,0,0,0.6231543704135267,0.5814277565964936,NA
2022,83,8,0.49398273854572095,0.6761989716407952,0.9293086458851101,0.6201919258247124,0.5775556600447413,1.1471833168875119
2022,83,9,0.0866167342737345,0.22799381610868044,0.854400886211101,0.22126881293163755,0.16552811032533385,1.2119799589816176
2022,83,10,0.11776916164065585,0.41660726331879633,0.9534106698194901,0.2903191222586401,0.19572365949929976,1.189498936974073
2022,83,11,0.16098500320551543,0.4545647880282955,0.974216587327659,0.16635763606937834,0.1258161008523927,1.1810471613648956
2022,83,12,0.21058876440532695,0.5049367301120686,0.9701751393229011,0.24245363976586864,0.193166442692578,1.170021371221631
2022,83,13,0.2532265495568562,0.5514085195609363,0.9527351053250345,0.3812629739103906,0.32845362646984255,1.1550166762209355
2022,83,14,0.18114314428791523,0.4761891201341835,0.9211647222192693,0.16060949757288004,0.1211715557669851,1.1624306752692175
2022,83,15,0.12141904090696282,0.39523404354140024,0.9109264596407147,0.22154958790289736,0.15189040448833774,1.1619133337956562
2022,83,16,0.25461393734414983,0.4358552012147436,0.885832065300387,0.5237914624023706,0.4832995588236568,1.146392857474745
2022,83,17,0.4817184807856705,0.6796049379004249,0.9283924949827389,0.62287067461075,0.5807489941188638,1.1459017070288762
2022,83,18,0,0,0,0.62287067461075,0.5807489941188638,NA
2022,83,19,0,0,0,0.62287067461075,0.5807489941188638,NA
2022,83,20,0,0,0,0.62287067461075,0.5807489941188638,NA
2022,83,21,0,0,0,0.62287067461075,0.5807489941188638,NA
2022,83,22,0,0,0,0.62287067461075,0.5807489941188638,NA
2022,83,23,0,0,0,0.62287067461075,0.5807489941188638,NA
2022,84,0,0,0,0,0.62287067461075,0.5807489941188638,NA
2022,84,1,0,0,0,0.62287067461075,0.5807489941188638,NA
2022,84,2,0,0,0,0.62287067461075,0.5807489941188638,NA
2022,84,3,0,0,0,0.62287067461075,0.5807489941188638,NA
2022,84,4,0,0,0,0.62287067461075,0.5807489941188638,NA
2022,84,5,0,0,0,0.62287067461075,0.5807489941188638,NA
2022,84,6,0,0,0,0.62287067461075,0.5807489941188638,NA
2022,84,7,0,0,0,0.62287067461075,0.5807489941188638,NA
2022,84,8,0.47818757707268145,0.6750826836189067,0.927585157858177,0.6217163993432477,0.5809360851026439,1.1471214350918002
2022,84,9,0.4222607870678444,0.61173637220323,0.9164243089193002,0.5794733872005035,0.538535908706256,1.1528940291275567
2022,84,10,0.4104912908327092,0.6287552273459229,0.9333316523382488,0.5685303814932097,0.5260692333244316,1.1514176164210115
2022,84,11,0.44041276770851534,0.6571224525396248,0.9329373743531544,0.5975828725424202,0.5563444955056372,1.1484894400893224
2022,84,12,0.4110506001647687,0.6301732700546359,0.9371653147444199,0.6285869164131606,0.5832518375244418,1.1507944683697935
2022,84,13,0.30330092799454106,0.5723078467425442,0.9500786429307218,0.43174326660264795,0.38444403606575356,1.1534915872550937
2022,84,14,0.4471037866175629,0.6481900748713786,0.933294129083186,0.5864788917510962,0.5453000033730159,1.1487028275959674
2022,84,15,0.4351722283910844,0.6279300401415553,0.9351354152531236,0.5718663157442992,0.5303791948388602,1.149951014327229
2022,84,16,0.4136254332990973,0.5984006664604397,0.9298641735947013,0.5773581721833797,0.5370491546448948,1.1474469256297533
2022,84,17,0.4820605539367088,0.6809380617717951,0.9410772562393069,0.6253992967194593,0.5832295762994917,1.146826415186875
2022,84,18,0,0,0,0.6253992967194593,0.5832295762994917,NA
2022,84,19,0,0,0,0.6253992967194593,0.5832295762994917,NA
2022,84,20,0,0,0,0.6253992967194593,0.5832295762994917,NA
2022,84,21,0,0,0,0.6253992967194593,0.5832295762994917,NA
2022,84,22,0,0,0,0.6253992967194593,0.5832295762994917,NA
2022,84,23,0,0,0,0.6253992967194593,0.5832295762994917,NA
2022,85,0,0,0,0,0.6253992967194593,0.5832295762994917,NA
2022,85,1,0,0,0,0.6253992967194593,0.5832295762994917,NA
2022,85,2,0,0,0,0.6253992967194593,0.5832295762994917,NA
2022,85,3,0,0,0,0.6253992967194593,0.5832295762994917,NA
2022,85,4,0,0,0,0.6253992967194593,0.5832295762994917,NA
2022,85,5,0,0,0,0.6253992967194593,0.5832295762994917,NA
2022,85,6,0,0,0,0.6253992967194593,0.5832295762994917,NA
2022,85,7,0,0,0,0.6253992967194593,0.5832295762994917,NA
2022,85,8,0.49370439484733436,0.6712478514939684,0.930950009519561,0.6266141725171206,0.5839138537013571,1.149033515848478
2022,85,9,0.08597233465133004,0.21744728892307033,0.840348742518342,0.18389961499009785,0.1428392930292077,1.2128981819059255
2022,85,10,0.11169520247944863,0.40327059302793156,0.9424659286043454,0.1768062587119115,0.12978311558235212,1.1883545831007236
2022,85,11,0.1557623143434899,0.43855045530953035,0.9799906148008805,0.1595565902175085,0.1200870206171831,1.1832611135117812
2022,85,12,0.17155954404046736,0.4714706597443961,0.9809758247063916,0.17143769479768672,0.12637389111355918,1.1772655986152758
2022,85,13,0.18523409410545605,0.49988957257024885,0.9603351684700888,0.37029840990297264,0.24152372979728562,1.1670147516994183
2022,85,14,0.16871080760752735,0.4607816819400722,0.9226366376422889,0.16938991464376257,0.12087018078868528,1.1636284950868419
2022,85,15,0.12425928550833945,0.38742044283918153,0.9081520545834164,0.16975966096068265,0.13363110798611313,1.1604430932350858
2022,85,16,0.0607751749876218,0.22849214257660852,0.8170807578311082,0.12542398822880113,0.09441229744920944,1.1627017445796781
2022,85,17,0.4710214173896429,0.6755175988337785,0.9296640184313042,0.6243201382158662,0.5836573335222899,1.1461430487028674
2022,85,18,0.477965056628142,0.6741236520802829,0.929636484108239,0.6302254577057536,0.5885780750239755,1.148183432233541
2022,85,19,0,0,0,0.6302254577057536,0.5885780750239755,NA
2022,85,20,0,0,0,0.6302254577057536,0.5885780750239755,NA
2022,85,21,0,0,0,0.6302254577057536,0.5885780750239755,NA
2022,85,22,0,0,0,0.6302254577057536,0.5885780750239755,NA
2022,85,23,0,0,0,0.6302254577057536,0.5885780750239755,NA
2022,86,0,0,0,0,0.6302254577057536,0.5885780750239755,NA
2022,86,1,0,0,0,0.6302254577057536,0.5885780750239755,NA
2022,86,2,0,0,0,0.6302254577057536,0.5885780750239755,NA
2022,86,3,0,0,0,0.6302254577057536,0.5885780750239755,NA
2022,86,4,0,0,0,0.6302254577057536,0.5885780750239755,NA
2022,86,5,0,0,0,0.6302254577057536,0.5885780750239755,NA
2022,86,6,0,0,0,0.6302254577057536,0.5885780750239755,NA
2022,86,7,0,0,0,0.6302254577057536,0.5885780750239755,NA
2022,86,8,0.48330991767550374,0.6787757238293641,0.9333071302951208,0.6242800738555976,0.5821196281931565,1.1471688434307876
2022,86,9,0.0810703208112398,0.22355331554752736,0.8268844127055308,0.16861512597589684,0.12934511801335238,1.209845977942544
2022,86,10,0.10894759845128008,0.3869052639189209,0.9421594842458977,0.19127396249928835,0.13955858814656835,1.1892727643977041
2022,86,11,0.15598835783671047,0.43358679729370975,0.975648695046273,0.22913468670759768,0.1636517842232984,1.18301483352404
2022,86,12,0.17769144763748168,0.4664160038603432,0.9809562871478695,0.16094993590162568,0.11279623039821056,1.1758672121652083
2022,86,13,0.18456421821533406,0.4842607936793833,0.9518604469670863,0.17153512937200183,0.12815986048320466,1.1648050766615148
2022,86,14,0.1679003743023344,0.4584075321221124,0.9264355794668134,0.15451952921233847,0.11947683652931802,1.1619901014388794
2022,86,15,0.11011426841821023,0.3722128419061504,0.9073741566489235,0.16427658116912133,0.12188661749224046,1.1628532007058454
2022,86,16,0.06904059404609296,0.22735296684953246,0.8124278655419452,0.15512698201694164,0.11433973417930986,1.1658040565532661
2022,86,17,0.4829217674176598,0.6716603975261218,0.9326883596215115,0.6248774316983474,0.583510356309181,1.147217298551419
2022,86,18,0.4869692438551841,0.6691689650721553,0.9368641515149515,0.6238742102151786,0.5813652736325431,1.1484272964023847
2022,86,19,0,0,0,0.6238742102151786,0.5813652736325431,NA
2022,86,20,0,0,0,0.6238742102151786,0.5813652736325431,NA
2022,86,21,0,0,0,0.6238742102151786,0.5813652736325431,NA
2022,86,22,0,0,0,0.6238742102151786,0.5813652736325431,NA
2022,86,23,0,0,0,0.6238742102151786,0.5813652736325431,NA
2022,87,0,0,0,0,0.6238742102151786,0.5813652736325431,NA
2022,87,1,0,0,0,0.6238742102151786,0.5813652736325431,NA
2022,87,2,0,0,0,0.6238742102151786,0.5813652736325431,NA
2022,87,3,0,0,0,0.6238742102151786,0.5813652736325431,NA
2022,87,4,0,0,0,0.6238742102151786,0.5813652736325431,NA
2022,87,5,0,0,0,0.6238742102151786,0.5813652736325431,NA
2022,87,6,0,0,0,0.6238742102151786,0.5813652736325431,NA
2022,87,7,0,0,0,0.6238742102151786,0.5813652736325431,NA
2022,87,8,0.48696705720415595,0.6755382520252087,0.9320141090586691,0.6283591495321784,0.5864670459231296,1.1468977167700287
2022,87,9,0.08393696126173586,0.21364522327216298,0.8258793486524701,0.16126092221897023,0.12403742254673604,1.209031657696575
2022,87,10,0.30164545758430433,0.5298034092244712,0.9419494702103852,0.5734300125062864,0.5226875453008615,1.1603408631374466
2022,87,11,0.4416455432960345,0.637195818658128,0.9340281719225825,0.5983822866281965,0.5550716904907637,1.1480126439048135
2022,87,12,0.34839525151218415,0.5883599762208936,0.9413789369045785,0.5208831448416961,0.47498147682321185,1.1569735229128413
2022,87,13,0.3480980038965409,0.590885384463389,0.9376188418707458,0.5456407931391092,0.4983361584601076,1.1525597739155344
2022,87,14,0.47236543541254733,0.6543286701781653,0.9393490414627894,0.6164474516732179,0.5745210387379872,1.1485053418833515
2022,87,15,0.466687962690899,0.6441095931782804,0.9438348773717985,0.61928930700813,0.5760796658267845,1.1479067650469368
2022,87,16,0.4378171162193508,0.6147656387793123,0.9261461789508398,0.6111807430559693,0.5698063142509933,1.1474034360396144
2022,87,17,0.4789241865701641,0.6737316792773675,0.932488651690994,0.6278585225632264,0.5859986495579343,1.1453538098880163
2022,87,18,0,0,0,0.6278585225632264,0.5859986495579343,NA
2022,87,19,0,0,0,0.6278585225632264,0.5859986495579343,NA
2022,87,20,0,0,0,0.6278585225632264,0.5859986495579343,NA
2022,87,21,0,0,0,0.6278585225632264,0.5859986495579343,NA
2022,87,22,0,0,0,0.6278585225632264,0.5859986495579343,NA
2022,87,23,0,0,0,0.6278585225632264,0.5859986495579343,NA
2022,88,0,0,0,0,0.6278585225632264,0.5859986495579343,NA
2022,88,1,0,0,0,0.6278585225632264,0.5859986495579343,NA
2022,88,2,0,0,0,0.6278585225632264,0.5859986495579343,NA
2022,88,3,0,0,0,0.6278585225632264,0.5859986495579343,NA
2022,88,4,0,0,0,0.6278585225632264,0.5859986495579343,NA
2022,88,5,0,0,0,0.6278585225632264,0.5859986495579343,NA
2022,88,6,0,0,0,0.6278585225632264,0.5859986495579343,NA
2022,88,7,0,0,0,0.6278585225632264,0.5859986495579343,NA
2022,88,8,0.479189499860759,0.6791429096634294,0.9393912404910042,0.6245140379988509,0.5826110845278588,1.147741092450322
2022,88,9,0.0819143047285766,0.21146113181657222,0.8230815777412394,0.18446973363412889,0.14025813154718944,1.212353343967175
2022,88,10,0.10949633217135803,0.37347910225029507,0.9359400294248741,0.1837997231633039,0.14432805640667887,1.1872389190644546
2022,88,11,0.20813877809117642,0.4580631276553617,0.9675817081636269,0.2779242710540526,0.2337494157309242,1.1722121594745722
2022,88,12,0.3004168785998008,0.5431110150969035,0.9456719373034773,0.4265481864117262,0.38089565891770705,1.1625109822535151
2022,88,13,0.18957450662482647,0.47566343593574073,0.9564997886072009,0.16909427466696964,0.12856869663870746,1.1612569490806046
2022,88,14,0.20373503049795647,0.48302974151173805,0.9280870492521782,0.3961125849260463,0.3354394059783456,1.1606530789495912
2022,88,15,0.10910824154401937,0.34967284013844574,0.9017881971713484,0.1825958462048622,0.1368109473804458,1.1640364396861016
2022,88,16,0.07080073117607816,0.22178260906458802,0.7955706374359243,0.1796453880984132,0.1356231388732389,1.1657259857684945
2022,88,17,0.4905729045207008,0.6651903099517671,0.9378878941467127,0.6276648758097535,0.5848136185924195,1.146934795349003
2022,88,18,0.4800757274677558,0.664843616094357,0.9357614652019621,0.6203135426996013,0.5782504777703374,1.1460496901444235
2022,88,19,0,0,0,0.6203135426996013,0.5782504777703374,NA
2022,88,20,0,0,0,0.6203135426996013,0.5782504777703374,NA
2022,88,21,0,0,0,0.6203135426996013,0.5782504777703374,NA
2022,88,22,0,0,0,0.6203135426996013,0.5782504777703374,NA
2022,88,23,0,0,0,0.6203135426996013,0.5782504777703374,NA
2022,89,0,0,0,0,0.6203135426996013,0.5782504777703374,NA
2022,89,1,0,0,0,0.6203135426996013,0.5782504777703374,NA
2022,89,2,0,0,0,0.6203135426996013,0.5782504777703374,NA
2022,89,3,0,0,0,0.6203135426996013,0.5782504777703374,NA
2022,89,4,0,0,0,0.6203135426996013,0.5782504777703374,NA
2022,89,5,0,0,0,0.6203135426996013,0.5782504777703374,NA
2022,89,6,0,0,0,0.6203135426996013,0.5782504777703374,NA
2022,89,7,0,0,0,0.6203135426996013,0.5782504777703374,NA
2022,89,8,0.49171143796562844,0.6808099700543344,0.9363188705011398,0.6246110989523094,0.5828815397347559,1.1462253742648687
2022,89,9,0.08227183521770041,0.19894868613398245,0.8180463029131301,0.1705622321934575,0.13215565621604913,1.2086559318137398
2022,89,10,0.10746416606996499,0.36929938698263853,0.9407635714891098,0.18410326824178902,0.1380579900598445,1.185402555599678
2022,89,11,0.1531609719101879,0.41369147293155906,0.9751059782806524,0.2007850803363133,0.143181038242669,1.181722791806187
2022,89,12,0.15317313229034882,0.44210283594093813,0.974722834960568,0.17149765436236908,0.12900258221943003,1.1727213549487354
2022,89,13,0.18600657307248586,0.4671514891551788,0.9489840439109128,0.3183859613936444,0.2047789237592151,1.163295205220325
2022,89,14,0.15200088532607908,0.4473140500419056,0.9285707575437046,0.16107220632984778,0.12445312345082181,1.1616762884286262
2022,89,15,0.11362709731137775,0.3443352958305059,0.9008014289929746,0.2002441816909853,0.139691640662671,1.1624547148281783
2022,89,16,0.0705044317174634,0.21282387004597011,0.7901913019313435,0.14156190841091024,0.10752426504964897,1.1634264473826295
2022,89,17,0.4822363156211086,0.6723911430097784,0.9349321869993306,0.6256748906370276,0.5833623820882136,1.146351512564125
2022,89,18,0.4882588055892626,0.6701185492918875,0.9349630236537055,0.6252029767728867,0.5831938019010724,1.1475558868694389
2022,89,19,0,0,0,0.6252029767728867,0.5831938019010724,NA
2022,89,20,0,0,0,0.6252029767728867,0.5831938019010724,NA
2022,89,21,0,0,0,0.6252029767728867,0.5831938019010724,NA
2022,89,22,0,0,0,0.6252029767728867,0.5831938019010724,NA
2022,89,23,0,0,0,0.6252029767728867,0.5831938019010724,NA
2022,90,0,0,0,0,0.6252029767728867,0.5831938019010724,NA
2022,90,1,0,0,0,0.6252029767728867,0.5831938019010724,NA
2022,90,2,0,0,0,0.6252029767728867,0.5831938019010724,NA
2022,90,3,0,0,0,0.6252029767728867,0.5831938019010724,NA
2022,90,4,0,0,0,0.6252029767728867,0.5831938019010724,NA
2022,90,5,0,0,0,0.6252029767728867,0.5831938019010724,NA
2022,90,6,0,0,0,0.6252029767728867,0.5831938019010724,NA
2022,90,7,0,0,0,0.6252029767728867,0.5831938019010724,NA
2022,90,8,0.48511687862212394,0.6720268933267242,0.9287045912319221,0.6301926450606053,0.5877698755803692,1.14702533187468
2022,90,9,0.09501849599270756,0.201186036473089,0.8184507886697118,0.21387543216031976,0.16290260380685165,1.2083031906727175
2022,90,10,0.11225686045818403,0.36412154679727865,0.9457471601219957,0.17462904356353123,0.13503068159500814,1.1817564193352337
2022,90,11,0.15697304063897377,0.4021542050669314,0.9740955063371973,0.24289960091379892,0.16243289577947315,1.1837692241106943
2022,90,12,0.17392026449853565,0.4498220860643437,0.970000521839591,0.22034394350477024,0.1721718868510774,1.1728376956151774
2022,90,13,0.17502405531817125,0.45516868784230025,0.9471685799534529,0.20714558820934142,0.15673697400211864,1.165325892899574
2022,90,14,0.14856702436638922,0.4373552298548637,0.9251376610760293,0.2635135650024657,0.17959943978107926,1.1629547211410491
2022,90,15,0.10782823118464549,0.33488292912070533,0.8907702164879372,0.16076716619989745,0.12529634520140467,1.1645991223999528
2022,90,16,0.06853005157504063,0.209752678899059,0.7954761354463372,0.1364573978060383,0.10428415869474661,1.1619634785298616
2022,90,17,0.49428881544290326,0.6734326108939306,0.9316000710622105,0.6253851416958573,0.5827695805755365,1.1463275505794992
2022,90,18,0.4938147833072448,0.6760173093324976,0.9263439316587261,0.6255600947754727,0.5813621088792666,1.1463189353989827
2022,90,19,0,0,0,0.6255600947754727,0.5813621088792666,NA
2022,90,20,0,0,0,0.6255600947754727,0.5813621088792666,NA
2022,90,21,0,0,0,0.6255600947754727,0.5813621088792666,NA
2022,90,22,0,0,0,0.6255600947754727,0.5813621088792666,NA
2022,90,23,0,0,0,0.6255600947754727,0.5813621088792666,NA
2022,91,0,0,0,0,0.6255600947754727,0.5813621088792666,NA
2022,91,1,0,0,0,0.6255600947754727,0.5813621088792666,NA
2022,91,2,0,0,0,0.6255600947754727,0.5813621088792666,NA
2022,91,3,0,0,0,0.6255600947754727,0.5813621088792666,NA
2022,91,4,0,0,0,0.6255600947754727,0.5813621088792666,NA
2022,91,5,0,0,0,0.6255600947754727,0.5813621088792666,NA
2022,91,6,0,0,0,0.6255600947754727,0.5813621088792666,NA
2022,91,7,0,0,0,0.6255600947754727,0.5813621088792666,NA
2022,91,8,0.49517604495205264,0.6708173502994613,0.9323473884832684,0.6217227869001847,0.5788453441009543,1.146905960343633
2022,91,9,0.08992389893712863,0.19943264393545349,0.8180413015437312,0.2800215837780646,0.21437482241783845,1.2081575344310975
2022,91,10,0.10831845895152241,0.36064926668278835,0.9414741846672984,0.17182648497662886,0.13131040384096943,1.1817901189798845
2022,91,11,0.47317929143259263,0.6544693580614159,0.9389916630850724,0.6099505999705047,0.5672431782468403,1.1497665977383438
2022,91,12,0.25996078353126956,0.5112614012595507,0.9531199337655094,0.32641398017963397,0.28877476468063207,1.1635693046690685
2022,91,13,0.33848543852244156,0.5706757010966036,0.9399079139011617,0.556619273460951,0.509934933838883,1.15410099731807
2022,91,14,0.41716647067674084,0.6307512720506918,0.9306329645635993,0.5716155972333381,0.5304418221034048,1.150401095813752
2022,91,15,0.2543771645962762,0.4664990083453509,0.913540964356055,0.398479266584427,0.3614892037578998,1.154351214301137
2022,91,16,0.2652345321432253,0.4268065968737291,0.8786572231544115,0.43608799018294414,0.40091274749791006,1.1480733774989846
2022,91,17,0.4774946093813782,0.6721398709158585,0.9345786593159333,0.6259895160683279,0.5846353288050641,1.1488126387813806
2022,91,18,0.48524891093365813,0.6752266108702284,0.9247228136408762,0.6329377209053073,0.5903944231853917,1.144721644678616
2022,91,19,0,0,0,0.6329377209053073,0.5903944231853917,NA
2022,91,20,0,0,0,0.6329377209053073,0.5903944231853917,NA
2022,91,21,0,0,0,0.6329377209053073,0.5903944231853917,NA
2022,91,22,0,0,0,0.6329377209053073,0.5903944231853917,NA
2022,91,23,0,0,0,0.6329377209053073,0.5903944231853917,NA
2022,92,0,0,0,0,0.6329377209053073,0.5903944231853917,NA
2022,92,1,0,0,0,0.6329377209053073,0.5903944231853917,NA
2022,92,2,0,0,0,0.6329377209053073,0.5903944231853917,NA
2022,92,3,0,0,0,0.6329377209053073,0.5903944231853917,NA
2022,92,4,0,0,0,0.6329377209053073,0.5903944231853917,NA
2022,92,5,0,0,0,0.6329377209053073,0.5903944231853917,NA
2022,92,6,0,0,0,0.6329377209053073,0.5903944231853917,NA
2022,92,7,0,0,0,0.6329377209053073,0.5903944231853917,NA
2022,92,8,0.4830412142355653,0.6767295543534253,0.9303257979828967,0.6232730465025589,0.5806843647475587,1.1467898187807029
2022,92,9,0.0915529331093533,0.19041031665986824,0.8075973395128413,0.24662592788765134,0.1891764110824183,1.2069998112832936
2022,92,10,0.10490616121866052,0.34763014717449564,0.9524528252631888,0.1749638470220943,0.1337313725710681,1.181509614577109
2022,92,11,0.15122507949114605,0.38899315319548483,0.973290900019494,0.22913120249713764,0.1496886974538897,1.1830328546642552
2022,92,12,0.16106446934632737,0.43806876707252906,0.9709226642156256,0.42628525609346096,0.2780646341410953,1.177805366886159
2022,92,13,0.18492638305403636,0.45341603593603863,0.943432995944677,0.1901267237668362,0.144663148049215,1.16411902214135
2022,92,14,0.1450770882523516,0.4327851986909587,0.926065635777122,0.17181752501045353,0.13498483351009366,1.1623450280587622
2022,92,15,0.11242745859443302,0.3314986510887677,0.8905668393271099,0.18880043437142668,0.1359178458413257,1.1635474016862246
2022,92,16,0.07261112350062918,0.20558608016920543,0.7867045670096748,0.13985198581142672,0.10891577934068294,1.159888035314569
2022,92,17,0.4883100880867447,0.6712526075720231,0.929737621998757,0.6287962799370488,0.5857428160688866,1.1475364576607205
2022,92,18,0.48462736787821,0.6652799658746009,0.9323266744748328,0.6266209274163537,0.5852255186055743,1.147311839470567
2022,92,19,0,0,0,0.6266209274163537,0.5852255186055743,NA
2022,92,20,0,0,0,0.6266209274163537,0.5852255186055743,NA
2022,92,21,0,0,0,0.6266209274163537,0.5852255186055743,NA
2022,92,22,0,0,0,0.6266209274163537,0.5852255186055743,NA
2022,92,23,0,0,0,0.6266209274163537,0.5852255186055743,NA
2022,93,0,0,0,0,0.6266209274163537,0.5852255186055743,NA
2022,93,1,0,0,0,0.6266209274163537,0.5852255186055743,NA
2022,93,2,0,0,0,0.6266209274163537,0.5852255186055743,NA
2022,93,3,0,0,0,0.6266209274163537,0.5852255186055743,NA
2022,93,4,0,0,0,0.6266209274163537,0.5852255186055743,NA
2022,93,5,0,0,0,0.6266209274163537,0.5852255186055743,NA
2022,93,6,0,0,0,0.6266209274163537,0.5852255186055743,NA
2022,93,7,0,0,0,0.6266209274163537,0.5852255186055743,NA
2022,93,8,0.4739391671844639,0.6750353515583607,0.9334421995556117,0.6255202090748838,0.5830647902591846,1.147494165103741
2022,93,9,0.4780943286721112,0.6854441397894011,0.9366802761678606,0.6288599039694011,0.5863476553530049,1.1463009539398543
2022,93,10,0.11081668846840183,0.34228682051344544,0.9465857866314294,0.2340937118316137,0.169087067510638,1.1819395468621772
2022,93,11,0.14379485691903593,0.38125478784702604,0.9692738068074109,0.1871446516209309,0.14118449349052908,1.182838637521166
2022,93,12,0.15309102270602554,0.42297303484690674,0.9753021043228548,0.22168751401148026,0.1558531843756606,1.174467437181761
2022,93,13,0.1766245140654483,0.44146023815783486,0.9321935130821639,0.21335647672090652,0.15488869998134233,1.1642753245972468
2022,93,14,0.13986621907884747,0.42846944558573286,0.9173457237496393,0.20910284212821612,0.16127257573759396,1.163475141905781
2022,93,15,0.10684173642247528,0.3272376415977058,0.8917108630902181,0.1745128198177489,0.13454447141614784,1.1597928217248965
2022,93,16,0.07644094767165938,0.20651600857893151,0.7848472361329354,0.13975952420714696,0.10561868219218751,1.1639120092377073
2022,93,17,0.481574567804767,0.6661067815729051,0.9377201560070263,0.6297087144808615,0.5879296710336552,1.148886094032096
2022,93,18,0.4872356929922946,0.6683487174812401,0.9226077051941997,0.6285643745595678,0.586454293500526,1.1479300634806702
2022,93,19,0,0,0,0.6285643745595678,0.586454293500526,NA
2022,93,20,0,0,0,0.6285643745595678,0.586454293500526,NA
2022,93,21,0,0,0,0.6285643745595678,0.586454293500526,NA
2022,93,22,0,0,0,0.6285643745595678,0.586454293500526,NA
2022,93,23,0,0,0,0.6285643745595678,0.586454293500526,NA
2022,94,0,0,0,0,0.6285643745595678,0.586454293500526,NA
2022,94,1,0,0,0,0.6285643745595678,0.586454293500526,NA
2022,94,2,0,0,0,0.6285643745595678,0.586454293500526,NA
2022,94,3,0,0,0,0.6285643745595678,0.586454293500526,NA
2022,94,4,0,0,0,0.6285643745595678,0.586454293500526,NA
2022,94,5,0,0,0,0.6285643745595678,0.586454293500526,NA
2022,94,6,0,0,0,0.6285643745595678,0.586454293500526,NA
2022,94,7,0,0,0,0.6285643745595678,0.586454293500526,NA
2022,94,8,0.4864283373202453,0.6796428280957961,0.9348619976997481,0.6227721274111822,0.5802244092470652,1.1457688617144632
2022,94,9,0.49391171872400824,0.6721904746449723,0.9375589943929533,0.6254898512991037,0.5827883248071245,1.1471483553645387
2022,94,10,0.1095993669314794,0.3257959495158876,0.9366629299906556,0.19001244072016185,0.14412229370783824,1.1837917802518714
2022,94,11,0.14367695630848998,0.3796380857794841,0.9648781791962995,0.222423859620756,0.16156153386611122,1.1813696517544914
2022,94,12,0.15403403637071858,0.4151496196491295,0.97193574433186,0.19556966766639905,0.1506759363590534,1.1758671008632429
2022,94,13,0.17580309961080193,0.43690461259063385,0.9311053698418322,0.17646149428952965,0.13781751086785518,1.165442801011349
2022,94,14,0.15025027218728143,0.42913066287835133,0.9248514275976127,0.19577351911583993,0.1434347587940395,1.1622274191921846
2022,94,15,0.11073257079050504,0.31865029436923037,0.8911472645504257,0.17337984131902553,0.1303344644620292,1.1660158992376255
2022,94,16,0.07660215067972287,0.19973000175063552,0.775180447912534,0.4793076925329339,0.4097367290407993,1.1593026453668336
2022,94,17,0.4756172753482993,0.6714229772390145,0.9462147697212486,0.6261491807596282,0.5848117415876424,1.1465214860413702
2022,94,18,0.4803268078440163,0.6765613393867627,0.9381031368552497,0.6272533851370874,0.5854993806056333,1.1443649399851683
2022,94,19,0,0,0,0.6272533851370874,0.5854993806056333,NA
2022,94,20,0,0,0,0.6272533851370874,0.5854993806056333,NA
2022,94,21,0,0,0,0.6272533851370874,0.5854993806056333,NA
2022,94,22,0,0,0,0.6272533851370874,0.5854993806056333,NA
2022,94,23,0,0,0,0.6272533851370874,0.5854993806056333,NA
2022,95,0,0,0,0,0.6272533851370874,0.5854993806056333,NA
2022,95,1,0,0,0,0.6272533851370874,0.5854993806056333,NA
2022,95,2,0,0,0,0.6272533851370874,0.5854993806056333,NA
2022,95,3,0,0,0,0.6272533851370874,0.5854993806056333,NA
2022,95,4,0,0,0,0.6272533851370874,0.5854993806056333,NA
2022,95,5,0,0,0,0.6272533851370874,0.5854993806056333,NA
2022,95,6,0,0,0,0.6272533851370874,0.5854993806056333,NA
2022,95,7,0,0,0,0.6272533851370874,0.5854993806056333,NA
2022,95,8,0.47659596251243264,0.6721561752336762,0.9354078659831052,0.6258744744730533,0.5848297138425074,1.1481287344539925
2022,95,9,0.4859713770127691,0.683742975400178,0.9314135526742549,0.6240920554224418,0.5812851059132108,1.1498304501931038
2022,95,10,0.11185781482449705,0.3277484300264333,0.933201256100816,0.2586044742138086,0.18816689695495908,1.1845614973181542
2022,95,11,0.14178923855867476,0.3688921380747244,0.9609839661032463,0.20050082293173793,0.14664968219479663,1.1816156549820187
2022,95,12,0.15547897022161816,0.4116267151634683,0.9723742785376631,0.19988579678270774,0.14543851690671672,1.1745646500104128
2022,95,13,0.17367712490734966,0.4315861365058989,0.9308651313162377,0.17595748599489347,0.13789245020322896,1.1647691565776541
2022,95,14,0.14371804520864315,0.4204433485871648,0.921508966207126,0.16928309073666237,0.13342542997738924,1.162683775176876
2022,95,15,0.11388764492155479,0.3107351302962848,0.8878883198646228,0.18100643657320975,0.1395369256782785,1.1655545689184095
2022,95,16,0.08177669061755888,0.19386025981850516,0.7768712473361289,0.1426607029868871,0.1096970928805235,1.1601335423340573
2022,95,17,0.4808147697719833,0.6701884301913131,0.936997498690076,0.6266961130017449,0.5842788078159195,1.1445376142102162
2022,95,18,0.47732264614073894,0.6683462832007521,0.932504887188931,0.6248597184380169,0.5837805615521537,1.1479001914840832
2022,95,19,0,0,0,0.6248597184380169,0.5837805615521537,NA
2022,95,20,0,0,0,0.6248597184380169,0.5837805615521537,NA
2022,95,21,0,0,0,0.6248597184380169,0.5837805615521537,NA
2022,95,22,0,0,0,0.6248597184380169,0.5837805615521537,NA
2022,95,23,0,0,0,0.6248597184380169,0.5837805615521537,NA
2022,96,0,0,0,0,0.6248597184380169,0.5837805615521537,NA
2022,96,1,0,0,0,0.6248597184380169,0.5837805615521537,NA
2022,96,2,0,0,0,0.6248597184380169,0.5837805615521537,NA
2022,96,3,0,0,0,0.6248597184380169,0.5837805615521537,NA
2022,96,4,0,0,0,0.6248597184380169,0.5837805615521537,NA
2022,96,5,0,0,0,0.6248597184380169,0.5837805615521537,NA
2022,96,6,0,0,0,0.6248597184380169,0.5837805615521537,NA
2022,96,7,0,0,0,0.6248597184380169,0.5837805615521537,NA
2022,96,8,0.4928091988838985,0.66404148379596994,0.9356585173558674,0.6281244361672393,0.5858225856153004,1.1452206427830172
2022,96,9,0.4918842219316972,0.6763458899475804,0.9346347145531367,0.6280669174926331,0.5855062418617138,1.1463659025035464
2022,96,10,0.10071980615264162,0.3148225371172524,0.9313620709791246,0.17227100354705896,0.13588467723742162,1.184031230462315
2022,96,11,0.14262560540502717,0.36593678767587917,0.9628728353479215,0.18218538499784268,0.13304505235709424,1.1819858931990428
2022,96,12,0.14528407586875877,0.4056528704202475,0.9662685190309753,0.20273781007419264,0.15739865941279138,1.175869287483403
2022,96,13,0.18031677002125454,0.4277449439437445,0.9325501895773307,0.17601078703157155,0.13966684284686362,1.1635599395316958
2022,96,14,0.15105523892396122,0.4222099573706762,0.9114780172292821,0.19242907708696716,0.14941030360834648,1.160059536576973
2022,96,15,0.12877872732342407,0.3129941366055313,0.8891189401344846,0.20254103589249264,0.16538816968517675,1.1659299757005233
2022,96,16,0.08557905930939677,0.19053325499676602,0.7762999591249337,0.17022666816530993,0.12788472809020118,1.1614008506398896
2022,96,17,0.479250920243095,0.666953978399206,0.9292446830827071,0.6259959894573817,0.5855918047209451,1.1469951401065477
2022,96,18,0.4777903960179308,0.6683283341448142,0.9365537424818238,0.6267465357458165,0.585367086934866,1.1446204555896604
2022,96,19,0,0,0,0.6267465357458165,0.585367086934866,NA
2022,96,20,0,0,0,0.6267465357458165,0.585367086934866,NA
2022,96,21,0,0,0,0.6267465357458165,0.585367086934866,NA
2022,96,22,0,0,0,0.6267465357458165,0.585367086934866,NA
2022,96,23,0,0,0,0.6267465357458165,0.585367086934866,NA
2022,97,0,0,0,0,0.6267465357458165,0.585367086934866,NA
2022,97,1,0,0,0,0.6267465357458165,0.585367086934866,NA
2022,97,2,0,0,0,0.6267465357458165,0.585367086934866,NA
2022,97,3,0,0,0,0.6267465357458165,0.585367086934866,NA
2022,97,4,0,0,0,0.6267465357458165,0.585367086934866,NA
2022,97,5,0,0,0,0.6267465357458165,0.585367086934866,NA
2022,97,6,0,0,0,0.6267465357458165,0.585367086934866,NA
2022,97,7,0,0,0,0.6267465357458165,0.585367086934866,NA
2022,97,8,0.4828069591377753,0.6781663071627443,0.9349318525982728,0.6260652616113442,0.5831823755200358,1.1460931435504675
2022,97,9,0.4794939392802765,0.6728172532661582,0.9366824628244178,0.6248077260129413,0.582925493049716,1.148074169258618
2022,97,10,0.10172519862887586,0.31836685947398924,0.9255851025687822,0.24608802044733746,0.18006049097655236,1.1828003901333641
2022,97,11,0.14007606153067745,0.3589315401273378,0.9605890847275119,0.17586208692954441,0.13725141186716,1.1792041275068046
2022,97,12,0.15113248158268044,0.4062842937750315,0.9639988981491112,0.328844736515206,0.21292803799057233,1.1737986708971535
2022,97,13,0.16622139018560328,0.4188165251063361,0.9244754919227842,0.17220478329908165,0.13746497042540942,1.1636547762104863
2022,97,14,0.14442183694752792,0.4152509178388691,0.913116743635321,0.24373095911657836,0.16590088815237297,1.1634040178327107
2022,97,15,0.11628910696616718,0.2976404117050356,0.8802323422211977,0.17016411315142202,0.12665610072850295,1.1670236182502647
2022,97,16,0.08191606138150767,0.18103135568216472,0.7670685915417133,0.20962157377196058,0.15848197850955914,1.1605616799475182
2022,97,17,0.49235041303403043,0.6771261519028531,0.9335468450524129,0.6252214768972969,0.5828979597662645,1.146075044300047
2022,97,18,0.4765436883886029,0.6632922727914093,0.937476434999889,0.624813149074238,0.582818432732105,1.1468640397092837
2022,97,19,0,0,0,0.624813149074238,0.582818432732105,NA
2022,97,20,0,0,0,0.624813149074238,0.582818432732105,NA
2022,97,21,0,0,0,0.624813149074238,0.582818432732105,NA
2022,97,22,0,0,0,0.624813149074238,0.582818432732105,NA
2022,97,23,0,0,0,0.624813149074238,0.582818432732105,NA
2022,98,0,0,0,0,0.624813149074238,0.582818432732105,NA
2022,98,1,0,0,0,0.624813149074238,0.582818432732105,NA
2022,98,2,0,0,0,0.624813149074238,0.582818432732105,NA
2022,98,3,0,0,0,0.624813149074238,0.582818432732105,NA
2022,98,4,0,0,0,0.624813149074238,0.582818432732105,NA
2022,98,5,0,0,0,0.624813149074238,0.582818432732105,NA
2022,98,6,0,0,0,0.624813149074238,0.582818432732105,NA
2022,98,7,0,0,0,0.624813149074238,0.582818432732105,NA
2022,98,8,0.48529176983815353,0.6713554918226993,0.9332526214999031,0.6233831575479324,0.5819097450399398,1.1468604211955906
2022,98,9,0.49287804648410993,0.6633350421909168,0.9382195559857341,0.62669863269104,0.5846899926024259,1.1458440991313656
2022,98,10,0.1083378681049791,0.31552939331721247,0.9300151699109384,0.3819586583960561,0.27841824888806876,1.179539323930487
2022,98,11,0.15079577632044114,0.3586519071384953,0.9618197346523332,0.19894803823018642,0.1413858271022246,1.1779794153939398
2022,98,12,0.14144003836997812,0.39804256879877575,0.9572428812666448,0.18025123968119847,0.14341535475594558,1.1735975617847587
2022,98,13,0.16112493599366853,0.4171258367082736,0.9239230331919471,0.327732359175094,0.23062230954184865,1.1664748131501472
2022,98,14,0.14778638528638344,0.4192200574925235,0.9130586582213385,0.244808907976099,0.1802124453068148,1.1617812319560255
2022,98,15,0.12420747731047585,0.29501828357697313,0.8768492582672475,0.3565180121876269,0.2524451961570165,1.166667972951732
2022,98,16,0.08174043993956373,0.17458020242183625,0.7619194851910263,0.17647401188037948,0.1323794957006302,1.160255660831914
2022,98,17,0.4958239071404137,0.6792966879815698,0.9383356551776296,0.6265593954895298,0.5846033417992365,1.1450698177310108
2022,98,18,0.48807502977266093,0.6696908881903831,0.9340015742223833,0.6274909162022158,0.584521279893258,1.146867943538422
2022,98,19,0,0,0,0.6274909162022158,0.584521279893258,NA
2022,98,20,0,0,0,0.6274909162022158,0.584521279893258,NA
2022,98,21,0,0,0,0.6274909162022158,0.584521279893258,NA
2022,98,22,0,0,0,0.6274909162022158,0.584521279893258,NA
2022,98,23,0,0,0,0.6274909162022158,0.584521279893258,NA
2022,99,0,0,0,0,0.6274909162022158,0.584521279893258,NA
2022,99,1,0,0,0,0.6274909162022158,0.584521279893258,NA
2022,99,2,0,0,0,0.6274909162022158,0.584521279893258,NA
2022,99,3,0,0,0,0.6274909162022158,0.584521279893258,NA
2022,99,4,0,0,0,0.6274909162022158,0.584521279893258,NA
2022,99,5,0,0,0,0.6274909162022158,0.584521279893258,NA
2022,99,6,0,0,0,0.6274909162022158,0.584521279893258,NA
2022,99,7,0,0,0,0.6274909162022158,0.584521279893258,NA
2022,99,8,0.4825386240336389,0.6795356695720349,0.9296592479261107,0.6239683596191634,0.5815076367585021,1.1470639355079832
2022,99,9,0.4786911371085476,0.6747578187746566,0.9315886563558856,0.6291777948944116,0.5878743674049077,1.1483222460494047
2022,99,10,0.10736401326938386,0.30936781135500896,0.9294344204662208,0.17992047218781854,0.14042966529535525,1.1795624235682647
2022,99,11,0.14111344939898854,0.3507468363208672,0.957581835534947,0.17754998643491485,0.13763306086668028,1.1802273212640202
2022,99,12,0.15447091071423563,0.39254682209370184,0.9569186663989362,0.1920642641663368,0.1489695513432816,1.176070354537869
2022,99,13,0.16892506085416673,0.41834587615212226,0.9271542021683203,0.1785000839577385,0.12648666108326626,1.1660855779041892
2022,99,14,0.14394447809795344,0.41001461791333565,0.9152332425648902,0.18546062838153188,0.1459607018629229,1.1621386944996388
2022,99,15,0.12002626773832124,0.2824219395451666,0.8705805732652971,0.17581705880311094,0.13556081243492193,1.1656008328763172
2022,99,16,0.07860800032884746,0.16678585867342238,0.757199600940669,0.1586135704389795,0.12254243352064095,1.1607091557259426
2022,99,17,0.4769616259780166,0.6781738185667765,0.9308460669243798,0.6239096793642029,0.5818692150321874,1.148423620717018
2022,99,18,0.4771827941397376,0.6727242945214679,0.9310177710544448,0.6284338620550447,0.5862628970341712,1.1451162824577321
2022,99,19,0,0,0,0.6284338620550447,0.5862628970341712,NA
2022,99,20,0,0,0,0.6284338620550447,0.5862628970341712,NA
2022,99,21,0,0,0,0.6284338620550447,0.5862628970341712,NA
2022,99,22,0,0,0,0.6284338620550447,0.5862628970341712,NA
2022,99,23,0,0,0,0.6284338620550447,0.5862628970341712,NA
2022,100,0,0,0,0,0.6284338620550447,0.5862628970341712,NA
2022,100,1,0,0,0,0.6284338620550447,0.5862628970341712,NA
2022,100,2,0,0,0,0.6284338620550447,0.5862628970341712,NA
2022,100,3,0,0,0,0.6284338620550447,0.5862628970341712,NA
2022,100,4,0,0,0,0.6284338620550447,0.5862628970341712,NA
2022,100,5,0,0,0,0.6284338620550447,0.5862628970341712,NA
2022,100,6,0,0,0,0.6284338620550447,0.5862628970341712,NA
2022,100,7,0,0,0,0.6284338620550447,0.5862628970341712,NA
2022,100,8,0.4823568761648864,0.6842802651771183,0.9380465572938195,0.6286026811218586,0.5869230521473722,1.1454134719733577
2022,100,9,0.49332486899523675,0.6808146580400424,0.9314043860965995,0.6210702525564344,0.5792067685215031,1.1474635376497044
2022,100,10,0.11752496747744076,0.3096440893603042,0.9306757284244281,0.4554641493750703,0.3319185290288591,1.177310448295656
2022,100,11,0.13912406814142408,0.34007342328759704,0.9552236713845904,0.18129178664834733,0.14167604030992964,1.1806691400958358
2022,100,12,0.14864586223603346,0.3942587375666824,0.9556868980544483,0.48108309286365175,0.3230041084594177,1.1759873249935446
2022,100,13,0.15451393542923547,0.4041559427760104,0.9193317060168729,0.18765423283711877,0.14657165540966302,1.1654031570562613
2022,100,14,0.14322311778734656,0.4070953754577611,0.9099220364905233,0.26119420595666554,0.16667877902862885,1.162018581176032
2022,100,15,0.11859512930500016,0.28639471292832724,0.8698162508772138,0.1713049305802657,0.13787818586057962,1.1646741117689743
2022,100,16,0.08607722703320239,0.16667108762896687,0.7524323586531882,0.14671981304790233,0.11489483599446565,1.158766811852844
2022,100,17,0.48371430005966565,0.6764657948369617,0.9369351292911376,0.624785138108333,0.582482588707901,1.1478360407444717
2022,100,18,0.4724507544594751,0.6664067144614443,0.9229510757640901,0.6235499920146483,0.5821418598612376,1.1470342856842821
2022,100,19,0,0,0,0.6235499920146483,0.5821418598612376,NA
2022,100,20,0,0,0,0.6235499920146483,0.5821418598612376,NA
2022,100,21,0,0,0,0.6235499920146483,0.5821418598612376,NA
2022,100,22,0,0,0,0.6235499920146483,0.5821418598612376,NA
2022,100,23,0,0,0,0.6235499920146483,0.5821418598612376,NA
2022,101,0,0,0,0,0.6235499920146483,0.5821418598612376,NA
2022,101,1,0,0,0,0.6235499920146483,0.5821418598612376,NA
2022,101,2,0,0,0,0.6235499920146483,0.5821418598612376,NA
2022,101,3,0,0,0,0.6235499920146483,0.5821418598612376,NA
2022,101,4,0,0,0,0.6235499920146483,0.5821418598612376,NA
2022,101,5,0,0,0,0.6235499920146483,0.5821418598612376,NA
2022,101,6,0,0,0,0.6235499920146483,0.5821418598612376,NA
2022,101,7,0,0,0,0.6235499920146483,0.5821418598612376,NA
2022,101,8,0.49576118697698573,0.6856096439818927,0.9284418608444877,0.6187427206689196,0.5766610319644475,1.146936649984362
2022,101,9,0.49191511931461235,0.6800172831217038,0.9354699136381094,0.6252706588693646,0.5827828838446174,1.145897190710608
2022,101,10,0.11565129367609404,0.29249990552732724,0.9245064010881604,0.19457811068449038,0.14935806453470857,1.1784957846229696
2022,101,11,0.14492604683435178,0.3380825508252366,0.9544110239180759,0.21261379597366542,0.15941654542457379,1.1771254755410268
2022,101,12,0.15012123811817427,0.3916706335406612,0.9482380465154655,0.19117621347503816,0.13558785122018926,1.1757644326086623
2022,101,13,0.16128097885963996,0.40311873784634056,0.9236163096752934,0.18549680541543478,0.1465535224632173,1.1636215980731905
2022,101,14,0.13830280672791237,0.4043277248669492,0.9166438176604972,0.18449147495253398,0.1441656971275437,1.160688864627502
2022,101,15,0.119309003387415,0.28079316799202364,0.87060481576244,0.17420023402549764,0.1389371419346316,1.1668630646512912
2022,101,16,0.08823831082973789,0.1615792206147579,0.7501056811956032,0.1560664107134173,0.1236464957437865,1.1610668652285994
2022,101,17,0.4810315681934416,0.6731229416053889,0.9336182510040878,0.6266592797262942,0.5846124650347269,1.1464244402241013
2022,101,18,0.47737009474796394,0.6646553758219294,0.9211781037051492,0.6232171102492274,0.5812192913479138,1.147101554025213
2022,101,19,0,0,0,0.6232171102492274,0.5812192913479138,NA
2022,101,20,0,0,0,0.6232171102492274,0.5812192913479138,NA
2022,101,21,0,0,0,0.6232171102492274,0.5812192913479138,NA
2022,101,22,0,0,0,0.6232171102492274,0.5812192913479138,NA
2022,101,23,0,0,0,0.6232171102492274,0.5812192913479138,NA
2022,102,0,0,0,0,0.6232171102492274,0.5812192913479138,NA
2022,102,1,0,0,0,0.6232171102492274,0.5812192913479138,NA
2022,102,2,0,0,0,0.6232171102492274,0.5812192913479138,NA
2022,102,3,0,0,0,0.6232171102492274,0.5812192913479138,NA
2022,102,4,0,0,0,0.6232171102492274,0.5812192913479138,NA
2022,102,5,0,0,0,0.6232171102492274,0.5812192913479138,NA
2022,102,6,0,0,0,0.6232171102492274,0.5812192913479138,NA
2022,102,7,0,0,0,0.6232171102492274,0.5812192913479138,NA
2022,102,8,0.499005753006929,0.6818561315449285,0.935445293993383,0.6255277722110116,0.582173711673533,1.1472957698930606
2022,102,9,0.4698373852942184,0.6663202864236555,0.9384503147253296,0.6242756955347841,0.5829613370511777,1.1479984806423973
2022,102,10,0.11272698358024048,0.2898460149364,0.9202958118924245,0.1762270226739286,0.13876850631107698,1.1778581494486842
2022,102,11,0.15090653533623533,0.33668603757949234,0.9513335360879238,0.2505033799064363,0.166345805937581,1.1761519437786934
2022,102,12,0.14622322818747832,0.3868929457880086,0.9423794672332295,0.21398729861296398,0.15573941500182248,1.1765683639885354
2022,102,13,0.15941420249608085,0.3980402641780437,0.9250902251468172,0.18959815680288128,0.14857316082732616,1.1651540793330888
2022,102,14,0.13006625028843408,0.39190316264575775,0.9025217145830349,0.209700752862579,0.16631152107725264,1.1625437697131842
2022,102,15,0.12598347112249733,0.27963170004637994,0.8703381272834148,0.18830107659473222,0.1429741131770217,1.1654449039916703
2022,102,16,0.08539424756127935,0.15644026612217324,0.7409121226232336,0.18368155064200467,0.14499027631866854,1.1629644823456853
2022,102,17,0.4852715320832796,0.6687112081522558,0.9376439544972058,0.6267453472856372,0.5848398200436596,1.1455778314989642
2022,102,18,0.49346654587483246,0.6654915364365491,0.9201424444808116,0.620905017954016,0.5779383856058139,1.1456032584685678
2022,102,19,0,0,0,0.620905017954016,0.5779383856058139,NA
2022,102,20,0,0,0,0.620905017954016,0.5779383856058139,NA
2022,102,21,0,0,0,0.620905017954016,0.5779383856058139,NA
2022,102,22,0,0,0,0.620905017954016,0.5779383856058139,NA
2022,102,23,0,0,0,0.620905017954016,0.5779383856058139,NA
2022,103,0,0,0,0,0.620905017954016,0.5779383856058139,NA
2022,103,1,0,0,0,0.620905017954016,0.5779383856058139,NA
2022,103,2,0,0,0,0.620905017954016,0.5779383856058139,NA
2022,103,3,0,0,0,0.620905017954016,0.5779383856058139,NA
2022,103,4,0,0,0,0.620905017954016,0.5779383856058139,NA
2022,103,5,0,0,0,0.620905017954016,0.5779383856058139,NA
2022,103,6,0,0,0,0.620905017954016,0.5779383856058139,NA
2022,103,7,0,0,0,0.620905017954016,0.5779383856058139,NA
2022,103,8,0,0,0,0.620905017954016,0.5779383856058139,NA
2022,103,9,0.4904485518810926,0.6820298555209183,0.935228587836165,0.6210204656674626,0.5788639042171211,1.1476701830684735
2022,103,10,0.27231507312025083,0.45284582291428505,0.9255936009975241,0.4491025164520428,0.40700213238019756,1.1592197441312964
2022,103,11,0.19599424755907158,0.38438845563515617,0.9462344725664553,0.27181836494164224,0.22968022418708345,1.1685011480691938
2022,103,12,0.15436879196636313,0.3916832286319734,0.9444079343550081,0.2594967486443742,0.1990134895969139,1.17369006015383
2022,103,13,0.3136600873788338,0.5320272642000765,0.9310585637832984,0.46657391218014316,0.42403569984417244,1.1531149709531734
2022,103,14,0.46317459443915765,0.6584163127335432,0.9345623272860253,0.6110464116021019,0.5694154139156146,1.1479206668383797
2022,103,15,0.45135971589962776,0.6507583162854225,0.9348958832160144,0.6075643028689204,0.5658995917115988,1.1480237065372676
2022,103,16,0.46338173152636714,0.6335747501382503,0.9257715379851784,0.6087037892882953,0.567194163052506,1.1462181621132905
2022,103,17,0,0,0,0.6087037892882953,0.567194163052506,NA
2022,103,18,0,0,0,0.6087037892882953,0.567194163052506,NA
2022,103,19,0,0,0,0.6087037892882953,0.567194163052506,NA
2022,103,20,0,0,0,0.6087037892882953,0.567194163052506,NA
2022,103,21,0,0,0,0.6087037892882953,0.567194163052506,NA
2022,103,22,0,0,0,0.6087037892882953,0.567194163052506,NA
2022,103,23,0,0,0,0.6087037892882953,0.567194163052506,NA
2022,104,0,0,0,0,0.6087037892882953,0.567194163052506,NA
2022,104,1,0,0,0,0.6087037892882953,0.567194163052506,NA
2022,104,2,0,0,0,0.6087037892882953,0.567194163052506,NA
2022,104,3,0,0,0,0.6087037892882953,0.567194163052506,NA
2022,104,4,0,0,0,0.6087037892882953,0.567194163052506,NA
2022,104,5,0,0,0,0.6087037892882953,0.567194163052506,NA
2022,104,6,0,0,0,0.6087037892882953,0.567194163052506,NA
2022,104,7,0,0,0,0.6087037892882953,0.567194163052506,NA
2022,104,8,0.4921999238776638,0.6751446977229373,0.9342124148108727,0.6260411912755227,0.5832975163604857,1.1480159461764994
2022,104,9,0.47748310303362895,0.6719854039695653,0.9364077227927436,0.6215499912213062,0.5800516589479049,1.1473896963266452
2022,104,10,0.11006830159057697,0.2706593120372059,0.9135444328861022,0.1853817430301121,0.1421806390064897,1.1799715454773172
2022,104,11,0.14591941750664839,0.3304056480039734,0.9489304109925917,0.19076892380196891,0.13672769281707667,1.1770620754763228
2022,104,12,0.14284150336308568,0.3749387929996203,0.9419298199758495,0.285791212815268,0.199409687356446,1.1753041814342433
2022,104,13,0.16553467243169415,0.40003905234720033,0.9237044441571751,0.21969038818216277,0.15871824810150437,1.1646272526336565
2022,104,14,0.13175996566544462,0.3841659585758907,0.9048243255801586,0.19205561275104702,0.15333395301225222,1.1638671467283026
2022,104,15,0.11659214851811753,0.26439312079243205,0.8695245692353627,0.16587896890567366,0.132979415817884,1.1655264833836019
2022,104,16,0.08228636502789789,0.1450914424323742,0.7294757555739534,0.2610498194894203,0.20731146246105409,1.1653597740526807
2022,104,17,0.48441666962507235,0.6764904282187278,0.9360828800996422,0.6231224196378928,0.5807595423369989,1.1473317285182296
2022,104,18,0.46624101117685696,0.65931565623287125,0.9274595037127099,0.6274400794812144,0.5846130097236514,1.1472039047301208
2022,104,19,0,0,0,0.6274400794812144,0.5846130097236514,NA
2022,104,20,0,0,0,0.6274400794812144,0.5846130097236514,NA
2022,104,21,0,0,0,0.6274400794812144,0.5846130097236514,NA
2022,104,22,0,0,0,0.6274400794812144,0.5846130097236514,NA
2022,104,23,0,0,0,0.6274400794812144,0.5846130097236514,NA
2022,105,0,0,0,0,0.6274400794812144,0.5846130097236514,NA
2022,105,1,0,0,0,0.6274400794812144,0.5846130097236514,NA
2022,105,2,0,0,0,0.6274400794812144,0.5846130097236514,NA
2022,105,3,0,0,0,0.6274400794812144,0.5846130097236514,NA
2022,105,4,0,0,0,0.6274400794812144,0.5846130097236514,NA
2022,105,5,0,0,0,0.6274400794812144,0.5846130097236514,NA
2022,105,6,0,0,0,0.6274400794812144,0.5846130097236514,NA
2022,105,7,0,0,0,0.6274400794812144,0.5846130097236514,NA
2022,105,8,0.4893296779270946,0.6773357211576854,0.9338973290382282,0.6254479592842963,0.5838775356871145,1.1460121477666254
2022,105,9,0.4871738554793037,0.6722175361119176,0.9278146167553927,0.6280415841810475,0.5846656255221883,1.145964372704309
2022,105,10,0.111319627035871,0.2619800747927206,0.9135184197985188,0.17909870466329256,0.1372592245772064,1.1809012751782624
2022,105,11,0.14985735138845208,0.32854526328619194,0.9443423669890296,0.26964825762351297,0.1838911015337321,1.1754220555320494
2022,105,12,0.14138972088201793,0.3751632822691884,0.9368905315770354,0.20911464398509394,0.16422217049897259,1.1760168962323982
2022,105,13,0.16328480849130989,0.38987937818980917,0.9188053957524903,0.23973628578079956,0.18095944735772299,1.1632097450243246
2022,105,14,0.13280262103135465,0.3791599585680181,0.9022949812312747,0.19353100516030128,0.1563738334260916,1.1645361084791022
2022,105,15,0.11741956442173952,0.2597514314527402,0.8697001964235026,0.17087199750002302,0.13276296269306084,1.1633468082491563
2022,105,16,0.08798543203028493,0.14088350531207494,0.7242747987877741,0.29419484699933274,0.23333793292322505,1.1631044495886922
2022,105,17,0.4877918652143393,0.6777748958909211,0.9348617038930488,0.6273782677801508,0.5843668733323831,1.145257887246831
2022,105,18,0,0,0,0.6273782677801508,0.5843668733323831,NA
2022,105,19,0,0,0,0.6273782677801508,0.5843668733323831,NA
2022,105,20,0,0,0,0.6273782677801508,0.5843668733323831,NA
2022,105,21,0,0,0,0.6273782677801508,0.5843668733323831,NA
2022,105,22,0,0,0,0.6273782677801508,0.5843668733323831,NA
2022,105,23,0,0,0,0.6273782677801508,0.5843668733323831,NA
2022,106,0,0,0,0,0.6273782677801508,0.5843668733323831,NA
2022,106,1,0,0,0,0.6273782677801508,0.5843668733323831,NA
2022,106,2,0,0,0,0.6273782677801508,0.5843668733323831,NA
2022,106,3,0,0,0,0.6273782677801508,0.5843668733323831,NA
2022,106,4,0,0,0,0.6273782677801508,0.5843668733323831,NA
2022,106,5,0,0,0,0.6273782677801508,0.5843668733323831,NA
2022,106,6,0,0,0,0.6273782677801508,0.5843668733323831,NA
2022,106,7,0,0,0,0.6273782677801508,0.5843668733323831,NA
2022,106,8,0.48244296022402733,0.6817719015019276,0.9389792396772436,0.6254388420933196,0.5834022731358344,1.1462905135888928
2022,106,9,0.4800855931568736,0.6809260388498258,0.9407124647139155,0.6208378963089954,0.5793759136376326,1.1480469189631073
2022,106,10,0.11087257189484774,0.26022424928488913,0.9152274226314525,0.24022772798395509,0.1819307764272396,1.1836087013178838
2022,106,11,0.15139520389422123,0.3255803264512852,0.9416088448046981,0.19810013306650193,0.1527408996991854,1.175642220692802
2022,106,12,0.14031097594155786,0.3670808504214768,0.9375229181218875,0.21388382870082778,0.15658063274928855,1.174103677151638
2022,106,13,0.1644004492023796,0.3879963344442626,0.9200437213991827,0.2315453028854736,0.16516658525278452,1.165261946023135
2022,106,14,0.13759100536133603,0.3796487626900237,0.894799649321766,0.20840026851106044,0.16816887851348086,1.1621912388337168
2022,106,15,0.12473009958296119,0.2594076782678181,0.8686741032515356,0.22736614777081682,0.1668938459163444,1.1629716305775735
2022,106,16,0.4962227877186695,0.6836225551256544,0.931761173279164,0.6219467419106208,0.5785340583465851,1.1467754660563485
2022,106,17,0.4808974585169659,0.6704606272238179,0.9269132163561841,0.6273416504606095,0.5848237231636321,1.146899731013609
2022,106,18,0,0,0,0.6273416504606095,0.5848237231636321,NA
2022,106,19,0,0,0,0.6273416504606095,0.5848237231636321,NA
2022,106,20,0,0,0,0.6273416504606095,0.5848237231636321,NA
2022,106,21,0,0,0,0.6273416504606095,0.5848237231636321,NA
2022,106,22,0,0,0,0.6273416504606095,0.5848237231636321,NA
2022,106,23,0,0,0,0.6273416504606095,0.5848237231636321,NA
2022,107,0,0,0,0,0.6273416504606095,0.5848237231636321,NA
2022,107,1,0,0,0,0.6273416504606095,0.5848237231636321,NA
2022,107,2,0,0,0,0.6273416504606095,0.5848237231636321,NA
2022,107,3,0,0,0,0.6273416504606095,0.5848237231636321,NA
2022,107,4,0,0,0,0.6273416504606095,0.5848237231636321,NA
2022,107,5,0,0,0,0.6273416504606095,0.5848237231636321,NA
2022,107,6,0,0,0,0.6273416504606095,0.5848237231636321,NA
2022,107,7,0,0,0,0.6273416504606095,0.5848237231636321,NA
2022,107,8,0.4980829623647439,0.6711351140565257,0.935114287084323,0.6264846713483077,0.5830069442431381,1.1491338791561674
2022,107,9,0.49328131782545626,0.6778047809963463,0.9401341653860884,0.6220442114229985,0.579625974868939,1.1440315106393673
2022,107,10,0.11295201864235599,0.2543502087816845,0.9046609319802186,0.24150872694675282,0.18348055393408275,1.1816734021938302
2022,107,11,0.14759770815985146,0.3206675415108785,0.9443600318155033,0.2687765855779504,0.18358049481668787,1.1770774360867082
2022,107,12,0.1499492791879466,0.37456235638752117,0.9429789057758685,0.1990159813069615,0.1356568033654172,1.1741521180343861
2022,107,13,0.15721881990625625,0.37863976344760725,0.9163114212670624,0.20893164493838995,0.1646795398363873,1.1663331691436443
2022,107,14,0.13846512927423632,0.37529659908934065,0.8901081944328249,0.25951604207742496,0.18972556688967046,1.1625957679856436
2022,107,15,0.11256361274949667,0.24639142597294056,0.8628455004245008,0.1726232637485511,0.13463436129979792,1.164331637639684
2022,107,16,0.48726415408762086,0.6781482172347055,0.9353584815441419,0.6263452488304732,0.5844958373629505,1.1440143833216005
2022,107,17,0.48430907252119326,0.6733921980219157,0.9364782576337091,0.6244346556580641,0.5827261192662323,1.1474259871610974
2022,107,18,0,0,0,0.6244346556580641,0.5827261192662323,NA
2022,107,19,0,0,0,0.6244346556580641,0.5827261192662323,NA
2022,107,20,0,0,0,0.6244346556580641,0.5827261192662323,NA
2022,107,21,0,0,0,0.6244346556580641,0.5827261192662323,NA
2022,107,22,0,0,0,0.6244346556580641,0.5827261192662323,NA
2022,107,23,0,0,0,0.6244346556580641,0.5827261192662323,NA
2022,108,0,0,0,0,0.6244346556580641,0.5827261192662323,NA
2022,108,1,0,0,0,0.6244346556580641,0.5827261192662323,NA
2022,108,2,0,0,0,0.6244346556580641,0.5827261192662323,NA
2022,108,3,0,0,0,0.6244346556580641,0.5827261192662323,NA
2022,108,4,0,0,0,0.6244346556580641,0.5827261192662323,NA
2022,108,5,0,0,0,0.6244346556580641,0.5827261192662323,NA
2022,108,6,0,0,0,0.6244346556580641,0.5827261192662323,NA
2022,108,7,0,0,0,0.6244346556580641,0.5827261192662323,NA
2022,108,8,0.49440332009715643,0.6819621286422554,0.9298117065642527,0.627533438276186,0.5842694313241378,1.1458591551037434
2022,108,9,0.4811018767703191,0.6678978623476063,0.9398958825407621,0.6293181021534422,0.5863695007715893,1.1482124324237355
2022,108,10,0.13282931287240834,0.2724969806343251,0.9046088070681484,0.22313882856158598,0.18003499109470664,1.177051833752592
2022,108,11,0.16242941535722444,0.3367639308483535,0.9392046593521209,0.21992399164919302,0.18185259507582555,1.174349065078835
2022,108,12,0.27198863756444946,0.4807484270801672,0.9325953067020257,0.46880251482591884,0.4181593769849942,1.1605624705164308
2022,108,13,0.18294557957647295,0.40089616927243843,0.9126411899501713,0.23487667169247367,0.19804512134463695,1.162821573020132
2022,108,14,0.19283144482503417,0.4184375864001894,0.8975920723044487,0.3420764004577708,0.292296298944577,1.1613422955730934
2022,108,15,0.11423796675005779,0.2493751993802754,0.8586718429945235,0.17875479521164778,0.14385239605516512,1.165150782829826
2022,108,16,0.48604847497453846,0.680188092649624,0.9364007077060965,0.6259243189075148,0.5840882070161887,1.1453220068510905
2022,108,17,0.47849556930499054,0.6773421924671807,0.9358891755614187,0.6258247645381253,0.583786031955547,1.1472526019001736
2022,108,18,0,0,0,0.6258247645381253,0.583786031955547,NA
2022,108,19,0,0,0,0.6258247645381253,0.583786031955547,NA
2022,108,20,0,0,0,0.6258247645381253,0.583786031955547,NA
2022,108,21,0,0,0,0.6258247645381253,0.583786031955547,NA
2022,108,22,0,0,0,0.6258247645381253,0.583786031955547,NA
2022,108,23,0,0,0,0.6258247645381253,0.583786031955547,NA
2022,109,0,0,0,0,0.6258247645381253,0.583786031955547,NA
2022,109,1,0,0,0,0.6258247645381253,0.583786031955547,NA
2022,109,2,0,0,0,0.6258247645381253,0.583786031955547,NA
2022,109,3,0,0,0,0.6258247645381253,0.583786031955547,NA
2022,109,4,0,0,0,0.6258247645381253,0.583786031955547,NA
2022,109,5,0,0,0,0.6258247645381253,0.583786031955547,NA
2022,109,6,0,0,0,0.6258247645381253,0.583786031955547,NA
2022,109,7,0,0,0,0.6258247645381253,0.583786031955547,NA
2022,109,8,0.4809925238106262,0.6724716808195161,0.9353850358464706,0.6285229246413283,0.5871203968702622,1.1478239096949925
2022,109,9,0.4721639043735644,0.6765862065273854,0.9293740251659124,0.6254368321989122,0.5839231669809304,1.1462990061266818
2022,109,10,0.11401396047880048,0.24341691482327954,0.9019795299510281,0.1867452015582643,0.14633478809025377,1.1805506494756943
2022,109,11,0.15388622227870935,0.31700936228007903,0.933535493717915,0.37709409531836097,0.2590368751378129,1.17612054199541
2022,109,12,0.14416598203653824,0.36927294773200836,0.9318575729727995,0.18610196212308075,0.14301970751006787,1.174886732421712
2022,109,13,0.16126023277219861,0.3747410286521544,0.9165260673027801,0.19559950660242015,0.15889031523810287,1.1687505808694447
2022,109,14,0.1324760879094426,0.36642875376936784,0.8944491605658963,0.21636203605302962,0.16761387778807416,1.1648649522455448
2022,109,15,0.11627245216924242,0.2444709172521042,0.8534401771659256,0.185854032368982,0.14389068085157472,1.166385630164286
2022,109,16,0.4843574422171255,0.6652831024301382,0.9310977887403872,0.626385690670873,0.584317672080272,1.145271413762262
2022,109,17,0.47555680795090716,0.669882440072724,0.9466749657999289,0.6248587934687168,0.5828285220385275,1.147134055319682
2022,109,18,0,0,0,0.6248587934687168,0.5828285220385275,NA
2022,109,19,0,0,0,0.6248587934687168,0.5828285220385275,NA
2022,109,20,0,0,0,0.6248587934687168,0.5828285220385275,NA
2022,109,21,0,0,0,0.6248587934687168,0.5828285220385275,NA
2022,109,22,0,0,0,0.6248587934687168,0.5828285220385275,NA
2022,109,23,0,0,0,0.6248587934687168,0.5828285220385275,NA
2022,110,0,0,0,0,0.6248587934687168,0.5828285220385275,NA
2022,110,1,0,0,0,0.6248587934687168,0.5828285220385275,NA
2022,110,2,0,0,0,0.6248587934687168,0.5828285220385275,NA
2022,110,3,0,0,0,0.6248587934687168,0.5828285220385275,NA
2022,110,4,0,0,0,0.6248587934687168,0.5828285220385275,NA
2022,110,5,0,0,0,0.6248587934687168,0.5828285220385275,NA
2022,110,6,0,0,0,0.6248587934687168,0.5828285220385275,NA
2022,110,7,0,0,0,0.6248587934687168,0.5828285220385275,NA
2022,110,8,0.48396137186399296,0.6777182906475753,0.933505120516703,0.6263572746182902,0.584003048045404,1.1452185918392312
2022,110,9,0.49301710177335284,0.674659363871016,0.9340531715480561,0.6260559158588093,0.5836934368165531,1.146651003808305
2022,110,10,0.11772618577010525,0.23943002085335044,0.8996580218933438,0.228350264245949,0.17153491644198257,1.180950808757983
2022,110,11,0.15779946032707615,0.31643931467320174,0.933430227836896,0.21983930392656093,0.16035219800778688,1.17572627000848
2022,110,12,0.14516232384306138,0.365192158691997,0.929289014554419,0.23036023688737847,0.1490137326031605,1.1749711861290444
2022,110,13,0.15856436027079365,0.3748092216825398,0.9134857834540205,0.32056474613180586,0.2279791237240723,1.1680866334013418
2022,110,14,0.12846418841867716,0.3566236086180527,0.8892832617003423,0.2188158551004696,0.16251345964598965,1.1640951963880886
2022,110,15,0.11496696587352061,0.2436744885928379,0.8536840215414037,0.2138283498539177,0.16162104493258997,1.1653487626666457
2022,110,16,0.4931832218642351,0.6779007577194065,0.9329761495157183,0.6261474388496715,0.5833772188873595,1.1477241956771125
2022,110,17,0.47325344261843916,0.6672973460914499,0.9344279977322457,0.6238565008982474,0.5818502116905363,1.1467031662592313
2022,110,18,0,0,0,0.6238565008982474,0.5818502116905363,NA
2022,110,19,0,0,0,0.6238565008982474,0.5818502116905363,NA
2022,110,20,0,0,0,0.6238565008982474,0.5818502116905363,NA
2022,110,21,0,0,0,0.6238565008982474,0.5818502116905363,NA
2022,110,22,0,0,0,0.6238565008982474,0.5818502116905363,NA
2022,110,23,0,0,0,0.6238565008982474,0.5818502116905363,NA
2022,111,0,0,0,0,0.6238565008982474,0.5818502116905363,NA
2022,111,1,0,0,0,0.6238565008982474,0.5818502116905363,NA
2022,111,2,0,0,0,0.6238565008982474,0.5818502116905363,NA
2022,111,3,0,0,0,0.6238565008982474,0.5818502116905363,NA
2022,111,4,0,0,0,0.6238565008982474,0.5818502116905363,NA
2022,111,5,0,0,0,0.6238565008982474,0.5818502116905363,NA
2022,111,6,0,0,0,0.6238565008982474,0.5818502116905363,NA
2022,111,7,0,0,0,0.6238565008982474,0.5818502116905363,NA
2022,111,8,0.4777654978921861,0.6707854352447579,0.939445472219321,0.6262253032928231,0.5838993867973598,1.1471507971261845
2022,111,9,0.4832340514708417,0.6816852015613246,0.9351169902856846,0.6270310529015002,0.585281120205006,1.1456096868044954
2022,111,10,0.11460616799644893,0.23574956147675571,0.893660791373307,0.23401603750677194,0.1821342783887362,1.180508007128637
2022,111,11,0.1519957203445902,0.3091629652437294,0.9308519958088454,0.24538476626049466,0.16798072089579827,1.1763285094604226
2022,111,12,0.1397486777239956,0.35713244361499924,0.9269776839048222,0.21136887962307038,0.1679108104587292,1.1760941571147665
2022,111,13,0.1613282603031559,0.3703759506370347,0.910924655320115,0.20855114436127806,0.14353668527934008,1.1654933897269601
2022,111,14,0.12921939213688563,0.3483028106530802,0.886643149081754,0.19723504193035543,0.16327766398527052,1.1663542741277824
2022,111,15,0.11566760986869452,0.24128470034025426,0.8476432374857287,0.1794270149336226,0.14141076873490793,1.1650928085612877
2022,111,16,0.4993864839000926,0.6840201247982661,0.9360900637671584,0.6261365027751007,0.5831534920417454,1.145761519726777
2022,111,17,0.49003529845914656,0.6769373994046347,0.9374852413862285,0.6247015906462204,0.5827142950427068,1.1470807138301398
2022,111,18,0.4714375850433002,0.6597757045605549,0.9325621764828538,0.6301990025742067,0.5880085860277425,1.1471932542315901
2022,111,19,0,0,0,0.6301990025742067,0.5880085860277425,NA
2022,111,20,0,0,0,0.6301990025742067,0.5880085860277425,NA
2022,111,21,0,0,0,0.6301990025742067,0.5880085860277425,NA
2022,111,22,0,0,0,0.6301990025742067,0.5880085860277425,NA
2022,111,23,0,0,0,0.6301990025742067,0.5880085860277425,NA
2022,112,0,0,0,0,0.6301990025742067,0.5880085860277425,NA
2022,112,1,0,0,0,0.6301990025742067,0.5880085860277425,NA
2022,112,2,0,0,0,0.6301990025742067,0.5880085860277425,NA
2022,112,3,0,0,0,0.6301990025742067,0.5880085860277425,NA
2022,112,4,0,0,0,0.6301990025742067,0.5880085860277425,NA
2022,112,5,0,0,0,0.6301990025742067,0.5880085860277425,NA
2022,112,6,0,0,0,0.6301990025742067,0.5880085860277425,NA
2022,112,7,0,0,0,0.6301990025742067,0.5880085860277425,NA
2022,112,8,0.47476106255570405,0.6713792585268972,0.9383938877219352,0.6242908138148511,0.5826515209657736,1.1456620860477633
2022,112,9,0.482274821922734,0.6701129627713116,0.937327060573199,0.6281154751304393,0.5863125705694769,1.1452392880841948
2022,112,10,0.20053463162173651,0.32657372662008255,0.9052611130487072,0.3651390043939951,0.3223742082861544,1.1677676245861393
2022,112,11,0.43917422918542665,0.6322396470277617,0.9270678052565964,0.5928466288966904,0.5524116497683702,1.1487810097546247
2022,112,12,0.1472979337678989,0.3589283155836047,0.9236876917912489,0.19289524693372023,0.156025784619252,1.174126988367544
2022,112,13,0.16381262420795614,0.3735963293641591,0.9097758756184108,0.21504390913877955,0.16586984203690577,1.1637365436937364
2022,112,14,0.12608539165277075,0.34748441990212336,0.8886417256908083,0.1938952511316724,0.160731858188559,1.1664364865498698
2022,112,15,0.11773527462819153,0.23231185461375484,0.8436526992411578,0.18265252890407868,0.14358982157689704,1.1653470534899628
2022,112,16,0.4829576470012192,0.6720114865173554,0.9363080701629671,0.6261829802511227,0.584374105940241,1.1443769796941017
2022,112,17,0.4804593550016846,0.6772243895016242,0.9384721878601807,0.6205754241032374,0.5796559280930824,1.1464279297115443
2022,112,18,0.4822241321048394,0.6602409573365298,0.924291826521378,0.6289004267613967,0.5861905871602558,1.1510952766058034
2022,112,19,0,0,0,0.6289004267613967,0.5861905871602558,NA
2022,112,20,0,0,0,0.6289004267613967,0.5861905871602558,NA
2022,112,21,0,0,0,0.6289004267613967,0.5861905871602558,NA
2022,112,22,0,0,0,0.6289004267613967,0.5861905871602558,NA
2022,112,23,0,0,0,0.6289004267613967,0.5861905871602558,NA
2022,113,0,0,0,0,0.6289004267613967,0.5861905871602558,NA
2022,113,1,0,0,0,0.6289004267613967,0.5861905871602558,NA
2022,113,2,0,0,0,0.6289004267613967,0.5861905871602558,NA
2022,113,3,0,0,0,0.6289004267613967,0.5861905871602558,NA
2022,113,4,0,0,0,0.6289004267613967,0.5861905871602558,NA
2022,113,5,0,0,0,0.6289004267613967,0.5861905871602558,NA
2022,113,6,0,0,0,0.6289004267613967,0.5861905871602558,NA
2022,113,7,0,0,0,0.6289004267613967,0.5861905871602558,NA
2022,113,8,0.49761674254163646,0.6711282500730978,0.9341267383866173,0.6250404647624485,0.5818636976431225,1.148397015766795
2022,113,9,0.48959572296500947,0.6794958587177109,0.9250128050569156,0.6238945029329453,0.5806799246344663,1.14769179559707
2022,113,10,0.11546670160080448,0.22287950052834501,0.8909795286630343,0.1848846383665742,0.1474107679019971,1.1811681117902468
2022,113,11,0.15186456592558462,0.30216132696430253,0.9270121890298608,0.2076084403017446,0.15157957600037208,1.1760262941517912
2022,113,12,0.14293939606619616,0.35220350184763544,0.9214905895739793,0.1897504971223954,0.15079381496899705,1.1764233715671701
2022,113,13,0.15773140001585512,0.3712150885077824,0.9056108040178191,0.2282209114769613,0.17879861844799305,1.167197483536253
2022,113,14,0.1307555415980768,0.34217442377526597,0.8885086295998542,0.22194510853665927,0.16744620354535872,1.1660019695468011
2022,113,15,0.11772174022082313,0.23119672100415165,0.8446592538455283,0.1737285346525735,0.13874114430863083,1.164985566971942
2022,113,16,0.4950199070027051,0.67404866024397,0.9331761826174549,0.6260247684662316,0.5833710751860448,1.1466237008561584
2022,113,17,0.4947984855857195,0.6782298170745354,0.9255281269004226,0.6231690927416792,0.5803393953453794,1.1454794535844939
2022,113,18,0,0,0,0.6231690927416792,0.5803393953453794,NA
2022,113,19,0,0,0,0.6231690927416792,0.5803393953453794,NA
2022,113,20,0,0,0,0.6231690927416792,0.5803393953453794,NA
2022,113,21,0,0,0,0.6231690927416792,0.5803393953453794,NA
2022,113,22,0,0,0,0.6231690927416792,0.5803393953453794,NA
2022,113,23,0,0,0,0.6231690927416792,0.5803393953453794,NA
2022,114,0,0,0,0,0.6231690927416792,0.5803393953453794,NA
2022,114,1,0,0,0,0.6231690927416792,0.5803393953453794,NA
2022,114,2,0,0,0,0.6231690927416792,0.5803393953453794,NA
2022,114,3,0,0,0,0.6231690927416792,0.5803393953453794,NA
2022,114,4,0,0,0,0.6231690927416792,0.5803393953453794,NA
2022,114,5,0,0,0,0.6231690927416792,0.5803393953453794,NA
2022,114,6,0,0,0,0.6231690927416792,0.5803393953453794,NA
2022,114,7,0,0,0,0.6231690927416792,0.5803393953453794,NA
2022,114,8,0.48544532299461196,0.6742115944280204,0.9309452998092562,0.6262560722261852,0.5840703611863187,1.1451495588674874
2022,114,9,0.5008519950933114,0.6790452328113651,0.935901336009188,0.6204247000348008,0.5771690053035184,1.14625438947609
2022,114,10,0.11647957108875329,0.21813284693339585,0.882405744647578,0.20043891980697526,0.15863592898651788,1.1823752824174192
2022,114,11,0.14320292246733254,0.2955892497804668,0.9268693223695111,0.19441105552767943,0.14928853565965278,1.1765354266931634
2022,114,12,0.14414101507617416,0.35211516632592765,0.9178550594918874,0.20251066126418896,0.1553509383962097,1.1763678254480285
2022,114,13,0.15896021159530443,0.36919577381291874,0.9043959490780993,0.240090657407388,0.16681990917728953,1.164759687099449
2022,114,14,0.14292803406594615,0.34608841063360185,0.8895429866359007,0.20284975575921027,0.1593403879641885,1.1624442487432929
2022,114,15,0.1217648375349916,0.2283630028152745,0.8444630300240172,0.19766651413823338,0.15453548676264628,1.1645684581015732
2022,114,16,0.48191604985724007,0.6662479916460718,0.9365752151309147,0.6284338566070221,0.5868679474642973,1.148009722596147
2022,114,17,0.47118463243752073,0.6801164667883912,0.9306826799493715,0.6273225693657343,0.5846793311523714,1.1466319437154824
2022,114,18,0,0,0,0.6273225693657343,0.5846793311523714,NA
2022,114,19,0,0,0,0.6273225693657343,0.5846793311523714,NA
2022,114,20,0,0,0,0.6273225693657343,0.5846793311523714,NA
2022,114,21,0,0,0,0.6273225693657343,0.5846793311523714,NA
2022,114,22,0,0,0,0.6273225693657343,0.5846793311523714,NA
2022,114,23,0,0,0,0.6273225693657343,0.5846793311523714,NA
2022,115,0,0,0,0,0.6273225693657343,0.5846793311523714,NA
2022,115,1,0,0,0,0.6273225693657343,0.5846793311523714,NA
2022,115,2,0,0,0,0.6273225693657343,0.5846793311523714,NA
2022,115,3,0,0,0,0.6273225693657343,0.5846793311523714,NA
2022,115,4,0,0,0,0.6273225693657343,0.5846793311523714,NA
2022,115,5,0,0,0,0.6273225693657343,0.5846793311523714,NA
2022,115,6,0,0,0,0.6273225693657343,0.5846793311523714,NA
2022,115,7,0,0,0,0.6273225693657343,0.5846793311523714,NA
2022,115,8,0.4751999735306686,0.6835906787122865,0.9371540781890104,0.626358070407789,0.5855111202247685,1.1464508790659922
2022,115,9,0.4651342535809277,0.6677459952462045,0.9348563149392659,0.6273763320606272,0.5851643582665449,1.1481304824337601
2022,115,10,0.11796057584718363,0.21743997799866513,0.8841442355741999,0.20684256230765535,0.16367376776674253,1.1818687799311034
2022,115,11,0.14950439057706116,0.2950131542942814,0.9217337919590479,0.2156175840254041,0.16116234134004723,1.1769415675786403
2022,115,12,0.28957914840022336,0.48139585142197727,0.9274797442497823,0.4331498022518022,0.38972021315368155,1.1576797905683751
2022,115,13,0.2669225312376324,0.46300245183392696,0.9127487168827838,0.3702070348683357,0.3325175777175723,1.1536606577015789
2022,115,14,0.14539899134347975,0.3377516990908177,0.8868242049837274,0.237578098385651,0.17611652960079055,1.1636474550990723
2022,115,15,0.14254291486916257,0.2483411036863718,0.8509530937746296,0.2365987315102346,0.19678874511476055,1.1620522422467472
2022,115,16,0.4731115011997176,0.6719907289381103,0.9292803484098408,0.6237292289330887,0.5824654604169659,1.1474723398173565
2022,115,17,0.48421436687482716,0.6737436943273429,0.9304921575038463,0.6290444298617196,0.5868826892101011,1.14691121094007
2022,115,18,0,0,0,0.6290444298617196,0.5868826892101011,NA
2022,115,19,0,0,0,0.6290444298617196,0.5868826892101011,NA
2022,115,20,0,0,0,0.6290444298617196,0.5868826892101011,NA
2022,115,21,0,0,0,0.6290444298617196,0.5868826892101011,NA
2022,115,22,0,0,0,0.6290444298617196,0.5868826892101011,NA
2022,115,23,0,0,0,0.6290444298617196,0.5868826892101011,NA
2022,116,0,0,0,0,0.6290444298617196,0.5868826892101011,NA
2022,116,1,0,0,0,0.6290444298617196,0.5868826892101011,NA
2022,116,2,0,0,0,0.6290444298617196,0.5868826892101011,NA
2022,116,3,0,0,0,0.6290444298617196,0.5868826892101011,NA
2022,116,4,0,0,0,0.6290444298617196,0.5868826892101011,NA
2022,116,5,0,0,0,0.6290444298617196,0.5868826892101011,NA
2022,116,6,0,0,0,0.6290444298617196,0.5868826892101011,NA
2022,116,7,0,0,0,0.6290444298617196,0.5868826892101011,NA
2022,116,8,0.4823075929050516,0.6667876317552323,0.9362938753178266,0.6251501749918399,0.5824044891738869,1.1460862020889206
2022,116,9,0.49946155792501445,0.6694851164530103,0.940183492169208,0.6255496687871308,0.5830356794791325,1.1427938688413763
2022,116,10,0.1205806757342044,0.21358203880745066,0.8856193208905255,0.2990730029386942,0.22077104587460636,1.1796994651416237
2022,116,11,0.15135507846553325,0.2912654937269266,0.9246536934114691,0.20306698363332207,0.1568061961313405,1.1744773060547717
2022,116,12,0.13741762407252034,0.34427398555071725,0.9138889141020667,0.19518364706817526,0.15522516408299397,1.177301435195158
2022,116,13,0.15466839091328463,0.36504828245598886,0.894451368483248,0.21249705020203882,0.17462096106549896,1.1659823956235087
2022,116,14,0.13513397420829282,0.3296251929995127,0.8841982655984282,0.20722949734830054,0.16447919613569328,1.162574222231323
2022,116,15,0.11717264844398378,0.21944650553546552,0.8417429463190907,0.1923122193708085,0.1523303363852026,1.166320700831657
2022,116,16,0.4706913000438422,0.670911214935801,0.9343077930717578,0.6252714537318342,0.5839939909792083,1.1475888893461583
2022,116,17,0.49229458190624376,0.6707838130031584,0.9389220410271113,0.623138618475667,0.5807809760100632,1.144799223197281
2022,116,18,0,0,0,0.623138618475667,0.5807809760100632,NA
2022,116,19,0,0,0,0.623138618475667,0.5807809760100632,NA
2022,116,20,0,0,0,0.623138618475667,0.5807809760100632,NA
2022,116,21,0,0,0,0.623138618475667,0.5807809760100632,NA
2022,116,22,0,0,0,0.623138618475667,0.5807809760100632,NA
2022,116,23,0,0,0,0.623138618475667,0.5807809760100632,NA
2022,117,0,0,0,0,0.623138618475667,0.5807809760100632,NA
2022,117,1,0,0,0,0.623138618475667,0.5807809760100632,NA
2022,117,2,0,0,0,0.623138618475667,0.5807809760100632,NA
2022,117,3,0,0,0,0.623138618475667,0.5807809760100632,NA
2022,117,4,0,0,0,0.623138618475667,0.5807809760100632,NA
2022,117,5,0,0,0,0.623138618475667,0.5807809760100632,NA
2022,117,6,0,0,0,0.623138618475667,0.5807809760100632,NA
2022,117,7,0,0,0,0.623138618475667,0.5807809760100632,NA
2022,117,8,0.47458345391092444,0.6727832745661363,0.9344882179908254,0.6229432603899224,0.5808717459218488,1.1469487353345333
2022,117,9,0.47631387092823224,0.6736065356019764,0.9331126678295074,0.6303517610041828,0.5887611894961533,1.145315379578376
2022,117,10,0.11522720065382681,0.21190486205193976,0.8753077468313347,0.2224764955603182,0.17545341460830916,1.178795831633416
2022,117,11,0.14862506150845656,0.2863792889596277,0.9244215942112193,0.2437938811363345,0.17253890946390474,1.1749648847222662
2022,117,12,0.13679936817978722,0.34178748815453447,0.9069625449872022,0.20122706953376798,0.1616688038922633,1.1782180397184931
2022,117,13,0.1553342497111933,0.36128594034165584,0.8969037155100368,0.2111107342820889,0.17456300473547184,1.1665498703285762
2022,117,14,0.13942096843315357,0.33190691591749116,0.8849920232293383,0.20423024131545808,0.15703274510541113,1.1624856786637898
2022,117,15,0.11890667191930289,0.21815771729684047,0.8398939304025307,0.2028980582888395,0.1555994024219617,1.1669864536429864
2022,117,16,0.4868056868797483,0.6758219844798418,0.9317934734908976,0.6278180830540286,0.5856798842674708,1.1454566156409691
2022,117,17,0.4961809979901525,0.6767677192576845,0.9326069703395866,0.6265392970261032,0.5833255846042945,1.145609974436082
2022,117,18,0,0,0,0.6265392970261032,0.5833255846042945,NA
2022,117,19,0,0,0,0.6265392970261032,0.5833255846042945,NA
2022,117,20,0,0,0,0.6265392970261032,0.5833255846042945,NA
2022,117,21,0,0,0,0.6265392970261032,0.5833255846042945,NA
2022,117,22,0,0,0,0.6265392970261032,0.5833255846042945,NA
2022,117,23,0,0,0,0.6265392970261032,0.5833255846042945,NA
2022,118,0,0,0,0,0.6265392970261032,0.5833255846042945,NA
2022,118,1,0,0,0,0.6265392970261032,0.5833255846042945,NA
2022,118,2,0,0,0,0.6265392970261032,0.5833255846042945,NA
2022,118,3,0,0,0,0.6265392970261032,0.5833255846042945,NA
2022,118,4,0,0,0,0.6265392970261032,0.5833255846042945,NA
2022,118,5,0,0,0,0.6265392970261032,0.5833255846042945,NA
2022,118,6,0,0,0,0.6265392970261032,0.5833255846042945,NA
2022,118,7,0,0,0,0.6265392970261032,0.5833255846042945,NA
2022,118,8,0.47373607270328116,0.6797933501749225,0.9354379547182896,0.6237579744323648,0.5825771649274167,1.1461622202823971
2022,118,9,0.484352587319031,0.6777376212333116,0.9353938695822784,0.6268579013368485,0.5845235150637059,1.146124955945988
2022,118,10,0.11613893300713403,0.2042943620008561,0.8713454043227173,0.1884505823602955,0.14634198095720352,1.1796379820064704
2022,118,11,0.14732099403839063,0.28541727010501045,0.9249558580815902,0.33990971677671306,0.235004330172371,1.174448945114189
2022,118,12,0.14106837886182919,0.3394660611526525,0.9021237413309694,0.20048228093242687,0.14135689386658626,1.1775888332474986
2022,118,13,0.16204121782633674,0.36593986371659276,0.8935150153469216,0.2893779715055073,0.18908339617151051,1.1670445959746507
2022,118,14,0.14243930429607018,0.3299632259540404,0.8784799100005146,0.2064262180410143,0.16708699925576126,1.1631174999065879
2022,118,15,0.11528794427363592,0.2131590264110691,0.8383245922168253,0.20665382196242238,0.1635521314286755,1.1654874075969017
2022,118,16,0.48667570587952313,0.6662330807673273,0.9378455974414315,0.6254023425489706,0.5821770760580206,1.1482035118297071
2022,118,17,0.478319824253141,0.681668783017191,0.9382041782086917,0.6278304204900556,0.5850065878240861,1.1482208051320226
2022,118,18,0,0,0,0.6278304204900556,0.5850065878240861,NA
2022,118,19,0,0,0,0.6278304204900556,0.5850065878240861,NA
2022,118,20,0,0,0,0.6278304204900556,0.5850065878240861,NA
2022,118,21,0,0,0,0.6278304204900556,0.5850065878240861,NA
2022,118,22,0,0,0,0.6278304204900556,0.5850065878240861,NA
2022,118,23,0,0,0,0.6278304204900556,0.5850065878240861,NA
2022,119,0,0,0,0,0.6278304204900556,0.5850065878240861,NA
2022,119,1,0,0,0,0.6278304204900556,0.5850065878240861,NA
2022,119,2,0,0,0,0.6278304204900556,0.5850065878240861,NA
2022,119,3,0,0,0,0.6278304204900556,0.5850065878240861,NA
2022,119,4,0,0,0,0.6278304204900556,0.5850065878240861,NA
2022,119,5,0,0,0,0.6278304204900556,0.5850065878240861,NA
2022,119,6,0,0,0,0.6278304204900556,0.5850065878240861,NA
2022,119,7,0,0,0,0.6278304204900556,0.5850065878240861,NA
2022,119,8,0.4826564527108558,0.676621622951816,0.9371295290722986,0.6228011161576954,0.5816224870122308,1.1468274905537283
2022,119,9,0.48235500212797167,0.674035160133167,0.9321992751660633,0.6234932413748159,0.5812954882087575,1.147452047866702
2022,119,10,0.11648928317822216,0.2006995471088373,0.8698723330627711,0.19256579474485966,0.15514940651618192,1.1802267385648282
2022,119,11,0.14309892562582982,0.2844260476136993,0.9175144477217313,0.2263206070197043,0.16578111233989834,1.1746777917972095
2022,119,12,0.14264869534050392,0.33523169522436636,0.8975647325846683,0.19389571310957013,0.15501094435450946,1.1768337144181107
2022,119,13,0.15294023007316287,0.35646069967848604,0.893413386360421,0.23247599788953643,0.1881104998290559,1.165454608885832
2022,119,14,0.13961604871397276,0.32223633911099797,0.8810376381572473,0.21985041208727793,0.16450753999298975,1.165175002951885
2022,119,15,0.11766974143391376,0.21275238755071862,0.8395773375717605,0.18076316871943024,0.14700484630455007,1.1643376544412045
2022,119,16,0.4848244369735307,0.6794968852802611,0.9308145260263478,0.6254717803109382,0.5825189412265096,1.144922693400269
2022,119,17,0.48306027350056435,0.6662810910031203,0.935229088484254,0.6214417260999915,0.5801773503817047,1.148510951511105
2022,119,18,0,0,0,0.6214417260999915,0.5801773503817047,NA
2022,119,19,0,0,0,0.6214417260999915,0.5801773503817047,NA
2022,119,20,0,0,0,0.6214417260999915,0.5801773503817047,NA
2022,119,21,0,0,0,0.6214417260999915,0.5801773503817047,NA
2022,119,22,0,0,0,0.6214417260999915,0.5801773503817047,NA
2022,119,23,0,0,0,0.6214417260999915,0.5801773503817047,NA
2022,120,0,0,0,0,0.6214417260999915,0.5801773503817047,NA
2022,120,1,0,0,0,0.6214417260999915,0.5801773503817047,NA
2022,120,2,0,0,0,0.6214417260999915,0.5801773503817047,NA
2022,120,3,0,0,0,0.6214417260999915,0.5801773503817047,NA
2022,120,4,0,0,0,0.6214417260999915,0.5801773503817047,NA
2022,120,5,0,0,0,0.6214417260999915,0.5801773503817047,NA
2022,120,6,0,0,0,0.6214417260999915,0.5801773503817047,NA
2022,120,7,0,0,0,0.6214417260999915,0.5801773503817047,NA
2022,120,8,0.4924175677963814,0.6747813761048936,0.9289420233588884,0.6252309001742264,0.5837019105169015,1.146004569971098
2022,120,9,0.4833305099998677,0.667979143317403,0.9316415663160739,0.6272602434489228,0.5847169585762994,1.1473517108348181
2022,120,10,0.10874162041574745,0.19306127607941906,0.8684279018873278,0.19292622357465547,0.15556481710192221,1.1819587640878555
2022,120,11,0.13849993134182137,0.2851988262323475,0.915458272693952,0.20929405598957998,0.17154476381400746,1.1774229700683003
2022,120,12,0.14300283209394216,0.3363780340772836,0.8953279246158588,0.19927023309107592,0.16033089101884707,1.1751679885189894
2022,120,13,0.16373398584810472,0.358293704626287,0.8934450708202123,0.23712290291958613,0.18298076051700096,1.1646019639386158
2022,120,14,0.13682116076690765,0.31822018847679356,0.8790173599197452,0.20919462656158333,0.16756490857132325,1.1662652377021026
2022,120,15,0.12081202646838728,0.21184939858653962,0.8325843135457387,0.19063125635737543,0.1503450537740464,1.1649974389161555
2022,120,16,0.47774098688436817,0.6718163115919339,0.9386813039020768,0.6251912560833314,0.5830573978217484,1.147436285814687
2022,120,17,0.47504199768064387,0.6784286123639228,0.9368098494620712,0.6187047599269913,0.577731234802072,1.1476947692802582
2022,120,18,0,0,0,0.6187047599269913,0.577731234802072,NA
2022,120,19,0,0,0,0.6187047599269913,0.577731234802072,NA
2022,120,20,0,0,0,0.6187047599269913,0.577731234802072,NA
2022,120,21,0,0,0,0.6187047599269913,0.577731234802072,NA
2022,120,22,0,0,0,0.6187047599269913,0.577731234802072,NA
