uuid,biomassPlant,biomassFruit,biomassInternode,internodeNSC,fraction_fruitUnloading,fraction_structuralRootUnloading,fraction_internodeUnloading,phloemSugarConcentration,harvest_index,meanFruitDW,Ta,cca,totalFruitNumber,incomingRadiation,leafArea,Tmax,Tmin
007caab8-346c-442d-a17d-0ee97cd578f4,67.53964933981223,57.3273054957072,97.89107876764568,5.4518174180940004,0.19198472029587543,0.010271330682912458,0.48198390507817757,0.015166984642201703,0.2599654689778861,57.32730486464577,22.517348022727273,900.0,70.0,407.27588383838383,0.10036192065991252,30.0,15.0
00a70f8c-639a-4808-97c3-c6d89362c973,116.79753866134494,62.07327245701254,259.11952611817173,95.41197742722586,0.23808230047122267,0.004807342954861111,0.4906241748994635,0.01778376458943902,0.21469850984060104,62.0732769097492,22.517348022727273,400.0,110.0,271.51725589225595,0.2509799004147781,30.0,15.0
00d491ae-5d5f-4945-871c-81deec98ff49,71.68208342870041,58.234449382248,107.04011588838365,11.586589925991934,0.2391509477465278,0.010025963392308502,0.4693353070450336,0.01570170829152301,0.3069811850098509,58.234451428182,22.517348022727273,400.0,90.0,814.5517676767677,0.10036192065991252,30.0,15.0
00e434a3-81f0-4b02-9f29-fe20d2880bdf,75.14625612458336,59.22637921408311,110.35939224398984,12.85479356603743,0.12208463690940656,0.011072318241256311,0.5131614258901513,0.015413850105567494,0.19578202327311453,59.22637968025135,22.505782674242425,650.0,50.0,678.7931397306396,0.10036192065991252,25.0,20.0
01550f82-5e19-42f7-b5d2-354aa7f11f4a,98.14351818914592,64.65317207460501,182.51196687199268,52.42189516997491,0.1867831250089436,0.006776062083922559,0.48539547411037465,0.018158684060836837,0.23462183794326752,64.65317139057058,25.011565351010102,900.0,90.0,407.27588383838383,0.16982541343694404,30.0,20.0
01b1dc4d-85a0-42ba-91e4-d4db91ad411c,71.96372693939031,55.897737534936645,109.264204970227,12.213647015509094,0.22803846203798406,0.010213205351988637,0.470337280958649,0.015376076972589072,0.30227626855736056,55.89773610045733,20.0115655155724,400.0,90.0,814.5517676767677,0.10036192065991252,25.0,15.0
01d66578-bf89-4d7f-83fd-ff57ab9f6a37,124.50984589937582,61.14945701882587,275.12750658117994,105.08257846741986,0.1582220420605745,0.005125513399042509,0.5066721027538931,0.017413554248838534,0.17762499801144505,61.1494573438642,22.505782674242425,400.0,90.0,271.51725589225595,0.2509799004147781,25.0,20.0
0212c8b4-bc7a-4e34-8230-dca356abcb2c,102.55055446971402,62.38763570765439,189.53965455637692,56.836200078006335,0.14156340558722644,0.007273852532880893,0.5056197742462121,0.01713819619312686,0.18966672296921674,62.38763669797809,22.505782674242425,400.0,70.0,678.7931397306396,0.16982541343694404,25.0,20.0
02869265-5d5c-457f-9acc-c4fe5ae4d6d5,123.90295046677326,68.49283343752496,269.0100392374491,100.63835430114645,0.24465083279876904,0.0045767302941393095,0.48910196244085646,0.018999778926557173,0.2148531392254237,68.49283205837686,22.517348022727273,1200.0,110.0,271.51725589225595,0.2509799004147781,30.0,15.0
02c05ab7-a693-4ef8-b237-6bef7407e2e2,115.47262697296009,63.30331252674578,253.09667383026616,89.59448727956143,0.18992684269057236,0.004762244939993687,0.49962340444065656,0.017725223698972673,0.18300366971588275,63.30331348568914,20.0115655155724,900.0,90.0,678.7931397306396,0.2509799004147781,25.0,15.0
031238a2-447c-407d-b36d-b8804e051796,42.69763568184503,52.91684951030919,41.45954924232389,-24.215632853513615,0.23752870698411194,0.01760425564225589,0.49266555883585855,0.013018631948284988,0.34904747742451686,52.91685054860422,20.0115655155724,1200.0,70.0,407.27588383838383,0.04796556947260091,25.0,15.0
03282b60-2eb4-4f98-b312-0b8279244777,121.21964106137912,66.39395412860439,263.0503598788732,96.54270405526161,0.13474417597408464,0.005059741006912879,0.5115037663287563,0.018922866672761808,0.14825505149162124,66.39395502922173,25.011565351010102,650.0,70.0,814.5517676767677,0.2509799004147781,30.0,20.0
0369af9f-40ca-4436-b3de-2d24bcb7c930,73.29952909729377,57.848302291924625,110.57252020477308,12.76371446702088,0.16231155068323863,0.010495822176967593,0.4905793347285354,0.01539834164188797,0.2518938502607628,57.848299378329784,22.505782674242425,900.0,70.0,678.7931397306396,0.10036192065991252,25.0,20.0
0386e2f3-811e-4eda-ac68-4369feddfb73,105.69008686808613,63.90338903430737,189.46504363445925,55.94058771962251,0.10430753152818813,0.007400798309322391,0.5185976211211069,0.017444862953748187,0.1434521055897849,63.903387509099154,22.505782674242425,650.0,50.0,407.27588383838383,0.16982541343694404,25.0,20.0
04b068f7-ff65-40b5-9a93-261e4d2ad3ee,72.19316963033684,59.05533034997376,104.03951836143561,8.359686375708357,0.13956042591771886,0.010957648508049242,0.5066268676345751,0.015358749159019885,0.19918075963988743,59.05533079460692,20.0115655155724,650.0,50.0,814.5517676767677,0.10036192065991252,25.0,15.0
059a2f2a-0a51-4b08-bcd5-ab7687319ae5,126.11550749393454,65.87377856247811,257.65909532199606,92.31188489889261,0.10976976621447812,0.005149519271485691,0.5230195709627526,0.018044411312709986,0.11140345662042113,65.87377617027246,20.0115655155724,900.0,50.0,407.27588383838383,0.2509799004147781,25.0,15.0
059c8554-e975-436e-98f3-ce42455b16e2,118.52713227981586,60.51056612484837,258.08416999620783,93.339097513411,0.18661463903622685,0.005019980197106482,0.5020624848311763,0.017238895486040642,0.18193519630788166,60.51056555531164,20.0115655155724,400.0,90.0,271.51725589225595,0.2509799004147781,25.0,15.0
05da60bf-917d-4e13-aa79-f7fb729a429f,68.73207194922016,56.07242152197841,103.63171644397778,8.23475650645428,0.22832787884690658,0.009819470732344276,0.4637148772861952,0.015158938217156557,0.304711666714733,56.072423119801094,20.0115655155724,1200.0,90.0,678.7931397306396,0.10036192065991252,25.0,15.0
060606df-c4d1-436d-a842-9daef301293e,72.17804463423644,59.18247233377938,105.41146460247165,10.417577152104524,0.19371476858769993,0.010542011209133,0.4881896231541456,0.01564839824143313,0.25854731719025087,59.182474263075434,22.517348022727273,400.0,70.0,678.7931397306396,0.10036192065991252,30.0,15.0
063362ed-bba0-42dc-b92d-1e65d1271b36,64.39676016609131,55.542426024414645,91.90590943356682,1.4623953297833452,0.14226344074363426,0.010801005306281565,0.5017024953068181,0.014625612690173357,0.20211888813993814,55.54242550568159,22.517348022727273,1200.0,50.0,407.27588383838383,0.10036192065991252,30.0,15.0
066655f0-8cae-43e3-a25f-5281a0a592b6,97.5466737948641,64.1266957555512,179.91488795029656,50.6036826949349,0.14872831994207697,0.007094774055986954,0.4994539597938763,0.017960794950594834,0.19353329414258424,64.12669726784928,25.011565351010102,650.0,70.0,678.7931397306396,0.16982541343694404,30.0,20.0
06806c5a-2ef0-4124-afbf-9f16118d23b7,121.80981057370468,65.46405541169614,262.83175348971184,95.44519036190002,0.19107193437628364,0.0047416744788930975,0.49992885610111526,0.01818542598503042,0.18191199661636712,65.46405806771432,20.0115655155724,1200.0,90.0,407.27588383838383,0.2509799004147781,25.0,15.0
0721d805-cee0-4fc9-b2a0-043dc704dfc1,126.71690020840967,63.62194302662293,271.8782721914158,101.07698143486294,0.09232585192825127,0.005145543583186026,0.5247119831891836,0.018243169043025878,0.10674317747016997,63.62194398634833,22.505782674242425,1200.0,50.0,814.5517676767677,0.2509799004147781,25.0,20.0
07ad6eab-e59e-40bd-8462-3bba1f4ae900,113.37937140060237,63.108239875628136,255.01294916502033,90.78419780242534,0.22911850389925295,0.004581901115183081,0.48947769068060815,0.017763839509805576,0.21413408624085728,63.10824107388772,20.0115655155724,900.0,110.0,678.7931397306396,0.2509799004147781,25.0,15.0
07e31964-d58f-4c91-8148-00ecdf5a78b6,46.508682568848144,52.222814506980896,47.82030484288803,-19.40031064231395,0.2538717313299663,0.017241957866792928,0.495827596265362,0.013512388210267283,0.3987285616872714,52.22281302523435,22.505782674242425,650.0,90.0,407.27588383838383,0.04796556947260091,25.0,20.0
081dbc67-cebd-4a88-a91d-f79d9434fed9,66.01937839712828,56.81071393831565,94.85963810403952,3.189217466938087,0.14289301445770203,0.010818160545107324,0.5030393817890362,0.014902153573867772,0.20182401466558764,56.81071391042951,22.517348022727273,900.0,50.0,678.7931397306396,0.10036192065991252,30.0,15.0
08225c4f-b853-4088-bb74-461f43b5e53b,71.73764145756105,57.46467777281195,110.21349660650934,14.947311350802828,0.24507633446369953,0.009899762608680557,0.45865002159795876,0.01582308773354539,0.34782917130243723,57.464674501903424,25.011565351010102,400.0,110.0,407.27588383838383,0.10036192065991252,30.0,20.0
086dcdac-c300-4b98-b6f7-b0fe3ff71252,93.31383878323518,62.37020767175439,167.19274986350513,42.45355507080152,0.17231306169607533,0.0069551232198337525,0.4955031838936764,0.017179542192073394,0.19654090610732358,62.370206907143555,22.517348022727273,900.0,70.0,407.27588383838383,0.16982541343694404,30.0,15.0
0883044c-f9e8-4bca-acc9-2695e724ddd8,44.87208196950013,56.92991764941853,45.43413240206713,-20.312697249880873,0.17754210912794613,0.018611883443939395,0.574519774712963,0.014002165663874439,0.27922586705656205,56.929918773072984,25.011565351010102,400.0,50.0,814.5517676767677,0.04796556947260091,30.0,20.0
08eb1b48-77d2-4574-9da5-b697bc571bf9,115.44132161403607,65.19815943749107,264.57330437344285,97.64346190590244,0.20422098241692974,0.004695728307523148,0.49025354456492004,0.018981600460851757,0.21238826778935135,65.19816235715967,25.011565351010102,900.0,110.0,814.5517676767677,0.2509799004147781,30.0,20.0
08ec4c69-06e9-4855-986d-4addd3b6fe63,98.64458858884088,61.049452430027806,178.3443503184795,49.42876280981162,0.16366222361253155,0.0072436987126473056,0.5014614847527358,0.016810386192531376,0.19318048078564823,61.04945345248943,20.0115655155724,400.0,70.0,271.51725589225595,0.16982541343694404,25.0,15.0
08f4c0a1-2a59-4023-b784-1be5d1c13b76,45.212160612606006,51.959202276441296,45.092664397224084,-21.733252695638665,0.2826612807421086,0.016947651739320287,0.46467904757428447,0.01349179086747938,0.40145374405646517,51.95920398160505,20.0115655155724,900.0,90.0,271.51725589225595,0.04796556947260091,25.0,15.0
092f8095-7af8-482d-bc95-7bd28740d7b0,44.69188056469186,52.290921009441774,43.73669275670407,-22.67186955592277,0.28258259515646045,0.016802241879103536,0.4607141736556187,0.013273853494682695,0.4035693552807558,52.290922479622004,20.0115655155724,1200.0,90.0,271.51725589225595,0.04796556947260091,25.0,15.0
093743b0-c462-411a-a92f-3ef76b44e54a,69.97698761429167,57.612431409596795,101.10482364541942,6.491692079685859,0.13887377222548397,0.010897150255408248,0.5045651988704756,0.01506942423949478,0.19912259544849034,57.61243216494273,20.0115655155724,900.0,50.0,678.7931397306396,0.10036192065991252,25.0,15.0
0959a5e8-d355-4991-be92-05c03c0f9571,39.00730371695493,53.70070949606529,37.05670287953483,-26.65661523235641,0.18775385081534093,0.01810903737058081,0.5349595246502525,0.012652780126346696,0.28333508884221753,53.700707695009456,22.517348022727273,900.0,50.0,407.27588383838383,0.04796556947260091,30.0,15.0
09c26c72-cdf2-480c-aab2-d39966c6f23c,100.30616445196898,62.58862639794723,191.8424477923433,57.406843536366715,0.17764505891598273,0.006827733063226012,0.4896790923344908,0.017499306342302,0.2289205683913433,62.58862611680345,22.505782674242425,650.0,90.0,814.5517676767677,0.16982541343694404,25.0,20.0
09f7d62f-fc17-445e-a300-2b12e48c6b1a,71.15299869629706,57.0878779229273,109.24172294422945,11.914916777755623,0.2709501266448864,0.00944042657501052,0.44962012522106476,0.015563006146808183,0.34629289588914974,57.08787660759535,20.0115655155724,900.0,110.0,407.27588383838383,0.10036192065991252,25.0,15.0
0a2fbeb3-14c8-4188-8278-912af5ce83b0,129.72929546791744,64.89729187081397,272.0370660356552,102.57819214141892,0.09298825334139309,0.005337999416561449,0.5275973973083965,0.01788667454899878,0.10921305727507497,64.89729016604058,22.505782674242425,400.0,50.0,678.7931397306396,0.2509799004147781,25.0,20.0
0a32ff04-1c34-4276-81a1-5d5c4e5953e4,99.48944592064498,62.61273486366219,175.8008679937769,47.14424537050524,0.121187749013952,0.007477280731881313,0.5160128783304923,0.016970132664798028,0.14773810113481456,62.612736255508594,20.0115655155724,400.0,50.0,814.5517676767677,0.16982541343694404,25.0,15.0
0a356eb9-1305-4adb-a480-e220bc71eeff,126.82225931549644,69.02441457005483,275.1181377928706,105.25558161141394,0.1716312119807976,0.004896831064341331,0.5017078565095222,0.01936765117946017,0.18215656935074823,69.02441456280599,25.011565351010102,650.0,90.0,407.27588383838383,0.2509799004147781,30.0,20.0
0a36fcd4-6613-45a2-a151-c367c3d83414,70.06335585621316,53.8286919928826,109.14766919609318,12.423428115532868,0.2669313106089015,0.0098086889842803,0.4535092395182029,0.015213777193004438,0.3433548934256255,53.828692273028366,20.0115655155724,400.0,110.0,678.7931397306396,0.10036192065991252,25.0,15.0
0a5679de-d3b7-4e91-8111-2bc4e57c80b7,109.36701421001584,61.554315374680726,235.86640322779786,79.65092318479353,0.15638336534298192,0.004961879782491583,0.5079121336230009,0.017644619192723372,0.15055500469861172,61.55431566761259,22.517348022727273,1200.0,70.0,814.5517676767677,0.2509799004147781,30.0,15.0
0a80f0e0-7519-4801-a07d-b8d8d9f202d3,114.38628012444087,59.04506231314743,256.38755725731517,92.43043424889576,0.22309275659911615,0.004845358410300925,0.49183761380534513,0.017059053740372226,0.21286497207115093,59.04506309974964,20.0115655155724,400.0,110.0,271.51725589225595,0.2509799004147781,25.0,15.0
0aab6f00-48c8-40fd-9a0c-bf500501b037,91.02348324588311,62.04689339042865,173.06592586308346,46.05618465656702,0.2595982357588384,0.006383559696243686,0.46971842205113634,0.017385101202931796,0.27481978028116555,62.04689337820023,22.517348022727273,650.0,110.0,814.5517676767677,0.16982541343694404,30.0,15.0
0b86e48c-8d5b-45d7-9ec1-deac41e8b903,45.23172298356196,48.98660426636518,47.86009470167213,-19.179474111006247,0.25353905915961694,0.017542213217718854,0.5077920530150462,0.013331162785808235,0.393987510336107,48.98660235052297,22.505782674242425,400.0,90.0,814.5517676767677,0.04796556947260091,25.0,20.0
0b87f459-0fc5-431c-9ac9-f13b916cc6f1,97.74770513654536,64.80033616111663,181.56449340549142,52.12098571380033,0.26153553199226637,0.006399773020906987,0.4707974140607114,0.017821563117881575,0.2740208617180318,64.80033752735591,22.517348022727273,650.0,110.0,271.51725589225595,0.16982541343694404,30.0,15.0
0bf7cfba-5fa0-4b9e-af6e-c5b00924809e,72.46740138485058,60.29152389494,103.51325717788806,9.062139709207568,0.14536150444633839,0.011091880434227696,0.5105601600838594,0.015588406308886983,0.20162146270511083,60.291523605035344,22.517348022727273,400.0,50.0,678.7931397306396,0.10036192065991252,30.0,15.0
0c2c6621-ec1c-4ccd-9f3c-4feec026b346,66.45000494720101,57.16154363060585,94.66244731706641,3.141488655890469,0.14303129367413722,0.010830682248453282,0.503561699400463,0.014904979916824525,0.20237775515641254,57.16154427940947,22.517348022727273,900.0,50.0,407.27588383838383,0.10036192065991252,30.0,15.0
0c417720-96eb-41a9-8206-c49408f5ea7a,120.35408172791784,67.11131912381887,257.74047191339827,93.4799969624833,0.20270733031186866,0.004788817352051768,0.49904366009853757,0.01854241810285819,0.1853909825639075,67.11131821713107,22.517348022727273,650.0,90.0,407.27588383838383,0.2509799004147781,30.0,15.0
0d596e25-3eef-4900-86e0-56eac5db4e7a,42.15260809426702,56.09564753785644,40.973224831101426,-24.17604174527416,0.1898386393042929,0.01832534897811448,0.5408381167766203,0.01345822491311223,0.28221130899745733,56.09564469072943,22.517348022727273,650.0,50.0,407.27588383838383,0.04796556947260091,30.0,15.0
0d8aa28a-e3b8-4bb8-8bd4-523eae72cd4d,100.79330045127053,63.13917477369131,195.6405656835197,59.968758432817694,0.212894604639678,0.006545068992276935,0.47739115299216106,0.017686203776252164,0.26469104308027314,63.13917664952422,22.505782674242425,900.0,110.0,407.27588383838383,0.16982541343694404,25.0,20.0
0df78a42-0fec-4994-ae43-08c60aa63b15,118.02734784047433,63.87179631759808,252.48381737464663,89.37249198876846,0.1503194840938973,0.004979675656586701,0.5109103405799664,0.01772038656932012,0.14940653918131633,63.871797543763044,20.0115655155724,650.0,70.0,814.5517676767677,0.2509799004147781,25.0,15.0
0e3b41a9-9cc5-4260-b0ed-85ffab7c6eab,126.18116828679405,65.78859170910086,258.5037346006086,92.67980957828746,0.10981560298671085,0.005196787348063972,0.5237805112159092,0.018007348980309295,0.11162416172152873,65.78859201034625,20.0115655155724,650.0,50.0,407.27588383838383,0.2509799004147781,25.0,15.0
0e7a16c4-1f70-4a3e-b382-47b6948f989b,98.69302614747721,65.20413314130082,177.8492058324321,49.59021384182909,0.218626161243266,0.006607686925641834,0.48263749636237374,0.01785777204322351,0.23690963353315028,65.20413107279421,22.517348022727273,1200.0,90.0,271.51725589225595,0.16982541343694404,30.0,15.0
0f0cbbdc-5f00-4187-b7a6-657b75412d4e,109.09607613112853,65.73468458975886,198.25361328470854,61.368485673369456,0.1428533115825442,0.007021063390751262,0.5034497064896886,0.01799083782920003,0.1874383636696186,65.7346846406979,22.505782674242425,1200.0,70.0,271.51725589225595,0.16982541343694404,25.0,20.0
0f0d3a24-f2d1-40e9-ab19-ddecf9f498e5,95.67563389107384,61.84015792900773,180.3576448286176,51.92974814912413,0.2581697074020412,0.006572062650568182,0.4727661023598484,0.01739896705285765,0.27273544598934735,61.8401567951331,22.517348022727273,400.0,110.0,271.51725589225595,0.16982541343694404,30.0,15.0
0fc14d35-8947-4dd6-95f6-397ad997f0d1,100.32901051356941,64.22536890925838,178.95936915702273,50.692713322393665,0.17331955082391623,0.0071666197349747485,0.5001252326968645,0.017521646305928593,0.19542674035576177,64.2253691673878,22.517348022727273,400.0,70.0,271.51725589225595,0.16982541343694404,30.0,15.0
0fdd4ccb-7be3-43b1-b14e-63772cf64d81,43.52686258790557,47.848534883638415,44.407410939477714,-19.761115508548365,0.2928955747450547,0.016415193812289564,0.47503555642613626,0.013327472067197265,0.4455122616748945,47.84853725539338,25.011565351010102,400.0,110.0,407.27588383838383,0.04796556947260091,30.0,20.0
0ff5f0ce-1300-4daa-aa8c-03138fd64689,92.3002282367004,60.85561763960734,177.01250499882528,47.71284453363667,0.24647889597674666,0.0063866747244318185,0.4711165587448968,0.0170607295499588,0.2711315973849772,60.85562055172281,20.0115655155724,900.0,110.0,678.7931397306396,0.16982541343694404,25.0,15.0
104a89b3-0b77-4851-8f4e-395bc0101a05,127.47113641657546,69.0779239439774,269.91775588466953,100.7980283217739,0.2033724404867424,0.004762042764846382,0.4996063229709595,0.019103799586680584,0.1830887990573193,69.07792271195949,22.517348022727273,1200.0,90.0,271.51725589225595,0.2509799004147781,30.0,15.0
10743c3b-f7c5-4705-803c-f43a478ac9d2,123.53586364545195,67.30308192780026,264.3471947545884,99.08247169903558,0.13529986310324077,0.005158819985900674,0.5132244088457492,0.018725689178315266,0.1499787761547369,67.30308242763157,25.011565351010102,400.0,70.0,678.7931397306396,0.2509799004147781,30.0,20.0
1174903c-c4fa-4976-bbf0-d48ee5c45b83,65.20904960483489,55.087781623572205,99.01712718632874,6.119198331841397,0.27947475501452024,0.009262283193507996,0.44682691553098697,0.015164152116904493,0.3509483386716327,55.08778204963688,22.517348022727273,1200.0,110.0,678.7931397306396,0.10036192065991252,30.0,15.0
119255b7-efef-45b1-a5fa-f5d0b5bb3313,68.43809574413521,58.025174301198355,99.87823149635875,6.541128262499975,0.1259367722070707,0.010920942402598905,0.5070101820845959,0.015371284082002674,0.20011798846367088,58.02517322123706,25.011565351010102,900.0,50.0,678.7931397306396,0.10036192065991252,30.0,20.0
11b6c221-a66a-4733-98de-07dabb5b2922,120.25060167171533,65.9075535263132,247.04082666322012,87.24463466745343,0.11572025969851642,0.0052845010554819025,0.5231575003243898,0.0179628957225859,0.11445632643686289,65.9075523839425,22.517348022727273,400.0,50.0,678.7931397306396,0.2509799004147781,30.0,15.0
11d550be-4651-4fe9-86e9-d2654bb0687a,104.2264448984177,67.25023932778336,190.7401224364232,58.090753003364306,0.18802879924368684,0.006744422481649831,0.486574229299032,0.018714994259657735,0.2332811070464216,67.25024303169869,25.011565351010102,1200.0,90.0,271.51725589225595,0.16982541343694404,30.0,20.0
11eb5c2c-d9b5-4c0c-be1c-5ac0d91860bb,46.27774131618378,52.001552649771064,48.738766236867,-18.79058815332259,0.21610247169349747,0.01829804088848906,0.5415357264522307,0.013646610659972764,0.3396376556791811,52.00155105183154,22.505782674242425,400.0,70.0,814.5517676767677,0.04796556947260091,25.0,20.0
12092779-7daa-4163-8b18-cc21f8591b93,129.49555206464953,69.09033390092983,274.04720517637753,103.5790588085231,0.13552069560187285,0.005026533937868265,0.511876773677662,0.01952604828469119,0.14727512550539487,69.09033627007909,25.011565351010102,900.0,70.0,407.27588383838383,0.2509799004147781,30.0,20.0
1216ea05-69df-4f0d-9c40-da3c1aa13306,44.092630904103196,46.93478777945397,47.25368218185609,-19.241384175029673,0.2543711937975589,0.017662684457954547,0.5122236637469486,0.013124451232398204,0.3916654015573597,46.934789664762086,22.505782674242425,400.0,90.0,407.27588383838383,0.04796556947260091,25.0,20.0
127ef5a5-d0c7-49e9-9c86-cb08fa28f647,66.05903527944652,56.00185735911249,97.52356448288967,5.224294449590902,0.12490518657302191,0.01089021384041456,0.5058712582651516,0.015098449442654776,0.19913912070619666,56.001855406419644,25.011565351010102,1200.0,50.0,814.5517676767677,0.10036192065991252,30.0,20.0
1286e173-8140-43d9-a3a2-03f26ad8434e,68.87727907307466,52.48565046159068,107.57073111536504,11.57918720611363,0.26566859321243685,0.009884240762910355,0.4540107762022306,0.01496707683211144,0.3429400872378088,52.4856487592477,20.0115655155724,400.0,110.0,407.27588383838383,0.10036192065991252,25.0,15.0
12a48d13-d310-47c3-867f-fe2137814ec1,100.61935274186813,62.69015560699548,192.1823062809007,57.65547553393973,0.17784409624121422,0.006836706076914983,0.48955037718002953,0.017501119012308452,0.22899217208994815,62.690158059731395,22.505782674242425,650.0,90.0,678.7931397306396,0.16982541343694404,25.0,20.0
135d9fdf-441c-4224-a60d-ddbe1669db3d,97.48548185702239,61.62575119104724,192.36243909720787,57.52025043322442,0.21223288891903408,0.006527169916529883,0.47657002068429083,0.017549209047875335,0.2641372461279711,61.625748871559736,22.505782674242425,900.0,110.0,814.5517676767677,0.16982541343694404,25.0,20.0
13d48fce-785c-49cd-b34a-30c4ed721db6,126.70579402959979,64.38301940449745,273.7130452689924,103.83483212652331,0.12774985259894783,0.005164846522337963,0.5162511957819865,0.017874282348868346,0.14578013775963947,64.38301881074415,22.505782674242425,400.0,70.0,678.7931397306396,0.2509799004147781,25.0,20.0
13f8f38f-5b03-4a67-963d-4f7f9cd12f56,73.66513614940008,59.351472341080516,105.75782310993273,9.662607387053399,0.13991699611410982,0.011052696386668769,0.5094353528715279,0.01540299740570846,0.19884338504613466,59.351473738119886,20.0115655155724,650.0,50.0,271.51725589225595,0.10036192065991252,25.0,15.0
13fe628c-a35e-45f8-af0d-e080c818fbd0,70.61400019117116,56.755946554180966,107.94424734036126,12.402391888892204,0.2813325102940867,0.009582147379461278,0.4517104246660353,0.015684362588332692,0.3484077826661234,56.75594543435679,22.517348022727273,400.0,110.0,678.7931397306396,0.10036192065991252,30.0,15.0
1492ae6e-31e9-4c84-8498-ed23f0242572,99.49116214764994,63.54455126149505,189.5282579351918,58.720562760494886,0.22164270519239268,0.006771547277083334,0.4763523971675084,0.0179809332758034,0.27032301048010127,63.54454848003738,25.011565351010102,400.0,110.0,271.51725589225595,0.16982541343694404,30.0,20.0
14e1550f-578e-44c6-b4bd-e320d4d15db8,41.983410618653174,54.210355013246804,42.070992230251555,-23.650751827972755,0.1686868710446128,0.018689184415772303,0.5562936488524831,0.012842406469108725,0.2782944825251707,54.21035635511987,22.505782674242425,900.0,50.0,678.7931397306396,0.04796556947260091,25.0,20.0
151f59ab-cfaf-4f38-b03e-5f82a4d80714,71.08297827373207,52.9112336466476,112.60775858953672,15.82512566629674,0.2320503209769571,0.010174003897474748,0.46371307460711275,0.014872802707617518,0.33955855041410454,52.91123311976609,22.505782674242425,400.0,110.0,271.51725589225595,0.10036192065991252,25.0,20.0
169fece2-6f44-444f-8450-35a3409dc840,41.94085397532049,44.93305411237069,44.42890810774115,-21.846122568576384,0.2769641205330387,0.017643291480218856,0.4891136447658881,0.013038012727418587,0.3919871657730572,44.93305518574368,20.0115655155724,400.0,90.0,271.51725589225595,0.04796556947260091,25.0,15.0
16b28046-3e28-4c6c-98d7-96b33e65e366,127.32535143881114,65.17416876442678,276.4562554476417,104.70387504310989,0.12789623846502524,0.005040744617845119,0.5149463018033459,0.01827858729061285,0.1444326823800097,65.17417143381502,22.505782674242425,650.0,70.0,678.7931397306396,0.2509799004147781,25.0,20.0
16c422ad-f38f-4588-8d90-26618af5be2e,44.942590238679216,53.18108758020688,45.38516910163248,-20.060428534702222,0.21757847541329967,0.017848361010416668,0.5405275727377945,0.013791577707669955,0.3457685873699761,53.18108524095876,25.011565351010102,400.0,70.0,271.51725589225595,0.04796556947260091,30.0,20.0
16c480e6-36cb-489a-9d41-b294ce7220ca,131.3377460804675,69.10467676818558,270.7762365275556,101.46053325402455,0.09839525930095748,0.005207781907502105,0.5235810136983375,0.019446486072379546,0.11040799134469204,69.10467830071218,25.011565351010102,900.0,50.0,407.27588383838383,0.2509799004147781,30.0,20.0
16cc8be5-36f9-4577-be83-b7d942fec21d,45.3343763092698,51.62104585220698,44.84608338962772,-21.087673861656327,0.29065454266971796,0.016216357750315658,0.45285866190751256,0.0130020886071823,0.4501300126220907,51.62104603840824,22.505782674242425,1200.0,110.0,407.27588383838383,0.04796556947260091,25.0,20.0
16cf82c6-5bfa-4cf9-bfa6-5fb698f3ab3d,45.3429995033288,52.639588380293134,43.85625439848196,-20.659824521742117,0.298284740311553,0.015916336160616586,0.4560290898973064,0.013502103880670056,0.45364904083304625,52.639589179103055,25.011565351010102,650.0,110.0,407.27588383838383,0.04796556947260091,30.0,20.0
16f1f2be-de77-43af-8b5b-43e102868412,104.97921164471357,62.958724670806646,187.828020599694,55.56731853091297,0.10425572277452651,0.007584712233554293,0.5207720555515571,0.017081761376399968,0.14431475738819743,62.95872498984685,22.505782674242425,400.0,50.0,407.27588383838383,0.16982541343694404,25.0,20.0
177cf1b1-f788-4ee0-adf9-6813934d3d17,118.836601357062,66.42368566669732,267.63065567625733,101.45452760424021,0.20544782600273567,0.00481669453811027,0.4922025465535564,0.01874028772510685,0.21527213176467966,66.423686692334,25.011565351010102,400.0,110.0,678.7931397306396,0.2509799004147781,30.0,20.0
17d203ae-7ebd-4dc1-b762-62c6fc64e1fb,114.75499450581854,63.61308331111608,257.52404217311357,92.54940806582896,0.2294439552293771,0.0046140279597537874,0.490039840133891,0.017809787089896837,0.21458082589249342,63.6130830631125,20.0115655155724,650.0,110.0,678.7931397306396,0.2509799004147781,25.0,15.0
183b9b30-9792-4415-b77b-8345dd56f271,71.98749661025289,58.24204824227321,104.67586057055955,8.963975110709978,0.185880314973327,0.01034858152294823,0.48432687614983166,0.01527066701174299,0.2563472655182472,58.24204727825014,20.0115655155724,1200.0,70.0,271.51725589225595,0.10036192065991252,25.0,15.0
1880bdaf-d021-453e-b1b3-ad5d630b1d08,44.43901818980006,53.94843507842165,42.54981461089159,-21.891282115631615,0.260571850262521,0.016529430070233584,0.4837143290164141,0.013313837390064007,0.40867726243675023,53.94843678136391,25.011565351010102,650.0,90.0,814.5517676767677,0.04796556947260091,30.0,20.0
188b7aa3-99b2-43bf-b2bd-166056c3c617,42.2150048803499,52.651986736838616,39.343828031461456,-24.158850166122953,0.2591783636302609,0.016336679249526514,0.4774883644704334,0.01274678270653752,0.4107792056479897,52.65198554865209,25.011565351010102,900.0,90.0,678.7931397306396,0.04796556947260091,30.0,20.0
18934dc7-355f-44f8-9def-6a1b7b655017,76.00117654217915,58.5304692560384,116.18354466363306,17.13394541897996,0.2008468070166246,0.010225280393560608,0.47687795993423826,0.015645858168356532,0.2996983964499354,58.53047019426779,22.505782674242425,650.0,90.0,271.51725589225595,0.10036192065991252,25.0,20.0
18ba1de0-4591-4b7e-bf21-810a06e38af0,43.32420477065557,47.526499410672116,44.286441809386105,-20.919568263832105,0.326550370529356,0.01618160275820707,0.4466380395124159,0.013428650967823526,0.4449179479856941,47.52650129027673,22.517348022727273,400.0,110.0,678.7931397306396,0.04796556947260091,30.0,15.0
19098ec0-7b2a-4d0c-b5e1-9716e7177a87,135.75856875030024,66.89642005122772,282.9850528807123,108.00364532693632,0.09311330875639731,0.005148464549442341,0.5257601945050505,0.01874665897627477,0.10681428916270841,66.89641922899283,22.505782674242425,1200.0,50.0,407.27588383838383,0.2509799004147781,25.0,20.0
1918b52f-c2c6-4101-9f2f-923ae4142104,114.0036194816339,61.900067055211,246.58842518907744,85.62211592286853,0.1492441672178872,0.00493194938655303,0.5096752801250002,0.01748722242860121,0.1484657372709146,61.90006605413877,20.0115655155724,1200.0,70.0,814.5517676767677,0.2509799004147781,25.0,15.0
1a3bbe42-3c7d-4c59-9796-2a04b1257194,102.57728717114827,62.44345491884993,189.7128118830969,56.731776847574345,0.1416963285323548,0.00726212895246212,0.5050021544305555,0.01716929588965183,0.18957262274120976,62.44345400531084,22.505782674242425,400.0,70.0,814.5517676767677,0.16982541343694404,25.0,20.0
1a940e40-3f5d-44a2-bb86-36dd9370dfbf,44.20327180326899,51.98831409511837,44.67818213486813,-21.23546749301653,0.24141101472958754,0.01783643771701389,0.5154477255531356,0.013751979502748287,0.3446630738061944,51.98831568035741,22.517348022727273,400.0,70.0,271.51725589225595,0.04796556947260091,30.0,15.0
1ac0ea98-7700-4567-909d-762537850d42,95.73721207229772,62.0940040961804,177.71430049238663,48.156404685045665,0.20697158624726428,0.006675018697390571,0.4837955167560499,0.01713202710674169,0.23457749689332694,62.094002743572155,20.0115655155724,900.0,90.0,407.27588383838383,0.16982541343694404,25.0,15.0
1adf9cb0-c4ba-4674-8c15-f4d061fc648a,123.69078066464421,63.80710531631141,275.0427531483768,104.70733138022707,0.1612946744348064,0.004998780150326178,0.5055283910626579,0.017856174826322464,0.1791164755762278,63.80710284726433,22.505782674242425,400.0,90.0,678.7931397306396,0.2509799004147781,25.0,20.0
1b01820d-c177-4dbf-a2eb-5056f300abef,73.0040239836377,59.2248965148186,105.16122614815076,9.000042983091832,0.13977835505576597,0.011021805297085439,0.5086700133589015,0.015394241285299978,0.19897572239458353,59.22489816648496,20.0115655155724,650.0,50.0,407.27588383838383,0.10036192065991252,25.0,15.0
1b4cc00e-bde9-4618-ba0d-fb5a9a4b5933,117.95646764138456,65.48198688339595,249.1615641093402,88.70067196714152,0.1590331702987374,0.005076173600568183,0.5106488559296612,0.017988803196049365,0.15240525079881093,65.48198744867139,22.517348022727273,400.0,70.0,678.7931397306396,0.2509799004147781,30.0,15.0
1b9664cd-fd96-4ac2-8fd9-c6059c25505c,96.66002038531444,61.104081802785856,191.12940224108524,56.67312312321183,0.21158958967750421,0.006506139106155302,0.47628144322174865,0.017500825271392628,0.2637131145096646,61.10407935688452,22.505782674242425,1200.0,110.0,678.7931397306396,0.16982541343694404,25.0,20.0
1b995c14-9e71-4399-ada6-ff0186e5a696,74.68736110380128,57.66419640265301,117.41109881441378,17.799432251565886,0.23699313261416244,0.00979597093036616,0.458985930369213,0.015726089306404876,0.3411653655525519,57.664198349414185,22.505782674242425,650.0,110.0,407.27588383838383,0.10036192065991252,25.0,20.0
1bbbba15-4444-452b-98cd-834c758f036b,97.4829642273846,61.26040974655904,176.88630951040054,48.42978527823176,0.16407675500126262,0.007209509977325336,0.5004870712794612,0.01682171846339067,0.19390630430321654,61.260407396011885,20.0115655155724,400.0,70.0,407.27588383838383,0.16982541343694404,25.0,15.0
1bda7520-0411-4967-8e5d-5d5b9a933523,41.91912291085507,53.609712649025695,39.331517222584665,-24.86178292469668,0.2414754986000632,0.017128122544454966,0.4931818262577863,0.01298696020446329,0.35287621894148646,53.60971061820656,22.517348022727273,900.0,70.0,271.51725589225595,0.04796556947260091,30.0,15.0
1be3a0b6-b2f6-495d-91c8-fb10b3776988,64.57565320372552,54.92385506669859,96.74822774053888,4.5412700640839825,0.23550499333007155,0.00973034989251894,0.46231585692834604,0.014967531837149368,0.3082598405666299,54.92385461777566,22.517348022727273,1200.0,90.0,814.5517676767677,0.10036192065991252,30.0,15.0
1bf1100e-877f-4150-94ff-7f16012bd6d2,68.81834330225367,58.62518729205451,96.57188912130627,4.746114452879146,0.14398273495912242,0.010827417317329545,0.5043441306311026,0.015116540232840557,0.20270312217927536,58.625187288422076,22.517348022727273,900.0,50.0,271.51725589225595,0.10036192065991252,30.0,15.0
1c481643-cac9-4439-807f-2ecb0bfc2cfd,129.31851819844786,65.01101842197845,291.99146706971567,114.40531679387963,0.19300551312100167,0.004807623989320286,0.4965130016715593,0.018466931779380896,0.20578665013943578,65.01102034970052,22.505782674242425,650.0,110.0,271.51725589225595,0.2509799004147781,25.0,20.0
1d9e2709-08da-4b26-88cb-1f2391319e48,101.80134807624259,64.25459355198005,181.87522251277824,50.70505496984502,0.1655581197142782,0.006981066231176346,0.49882867914194023,0.01742197020587212,0.1928833060081907,64.25459181488374,20.0115655155724,900.0,70.0,271.51725589225595,0.16982541343694404,25.0,15.0
1dea8e4d-1e13-45bc-85b4-f9e7edd5d654,103.41162207375262,62.989007717245904,187.432029576451,54.3248979536302,0.10395975853132366,0.007372234105324074,0.5175921861652988,0.01736525109245503,0.14317744613545785,62.98900841421864,22.505782674242425,650.0,50.0,814.5517676767677,0.16982541343694404,25.0,20.0
1e0aeb46-1de2-40bb-8e90-db2c54316fc7,42.27819661363453,52.324946537881466,39.606915391268835,-24.627169145939906,0.28832819460837544,0.01619469805239899,0.4553679520361953,0.012908934397227755,0.4097049137514041,52.32494677398671,22.517348022727273,900.0,90.0,814.5517676767677,0.04796556947260091,30.0,15.0
1e37f521-06af-4f0e-8753-8225748e4da6,106.49133105651809,67.84501004847382,190.43903901272486,58.279246028807194,0.1504520153184975,0.0071116485429713805,0.501651707384575,0.01857387324952027,0.19299302352608824,67.84501098104899,25.011565351010102,650.0,70.0,271.51725589225595,0.16982541343694404,30.0,20.0
1e4259f0-22ba-4ee5-99a2-4eaad3b28361,71.95896966142273,60.04223360984299,105.65233463396086,10.79223893002296,0.16961463431807663,0.010497998725431397,0.48898935078335437,0.015856314356646625,0.2583997044141148,60.042232119132464,25.011565351010102,650.0,70.0,407.27588383838383,0.10036192065991252,30.0,20.0
1e531215-6390-4d82-a160-b36008e29973,73.55688327434022,60.18738690347961,108.08786647066823,12.96499041590419,0.1699886333835227,0.010711628373811028,0.4940782573597432,0.015838042522671514,0.2580156064418457,60.187387343015885,25.011565351010102,400.0,70.0,678.7931397306396,0.10036192065991252,30.0,20.0
1e84c768-f4b1-456b-9354-8cd044a61288,107.26931374072963,65.14034244794784,200.6924893606158,63.15094821774344,0.1786790645255682,0.006806944060616582,0.49107326373926774,0.017974844532698892,0.22749771105818736,65.14034152115778,22.505782674242425,900.0,90.0,271.51725589225595,0.16982541343694404,25.0,20.0
1e911a95-49ab-46c3-9cff-1b0c3c8ce8c4,105.75022619804719,65.24222732321009,202.88716215207208,64.38285818075582,0.214245721605061,0.006511424383922559,0.4778460859833754,0.018110685292566417,0.26330449363078157,65.24222797108786,22.505782674242425,1200.0,110.0,271.51725589225595,0.16982541343694404,25.0,20.0
1ea68095-1319-4330-981e-94d8a5b0c6a5,107.60486984178104,63.32723625175696,191.09896494435188,57.84997851509753,0.10404729615655514,0.007624048404755893,0.5223792335359849,0.01716801372110884,0.1436379425582864,63.327235217759394,22.505782674242425,400.0,50.0,271.51725589225595,0.16982541343694404,25.0,20.0
1eba7627-628d-4c49-b3cb-5407073b7a0b,98.39491037147616,64.1357409187524,177.37925256020986,48.42079858498365,0.1089840854285038,0.007386581018381734,0.5147035211625632,0.01784900916692626,0.14708810384698368,64.13573940456796,25.011565351010102,650.0,50.0,814.5517676767677,0.16982541343694404,30.0,20.0
1f35c468-6860-4797-8de7-3c7f9f15a62c,118.6923715302183,64.6002970082435,264.12134386954295,96.32697402717064,0.2296291017131734,0.004629238507796717,0.49062694017934544,0.018029215867707827,0.2136924889890223,64.60029915863815,20.0115655155724,650.0,110.0,407.27588383838383,0.2509799004147781,25.0,15.0
1f36db03-a39c-476c-b4c9-0bff416ff7be,99.73383682237687,62.29091633730851,175.6059641783871,47.34290273953803,0.12095995239863215,0.007524836820580808,0.5168225740753367,0.016852510951872755,0.14779532320572614,62.290915872274724,20.0115655155724,400.0,50.0,407.27588383838383,0.16982541343694404,25.0,15.0
1f3a9eaf-b479-428f-b4e4-d61334adddd0,75.89148809761129,59.10772360464273,113.91765696137244,15.280586947593333,0.16323314580303028,0.010631408561931819,0.4930499881589856,0.015602555251223135,0.2518657903983141,59.10772418777223,22.505782674242425,650.0,70.0,407.27588383838383,0.10036192065991252,25.0,20.0
1f472aa1-0ab5-4f42-a8e8-3d5c18fa8603,73.98150998563202,60.77882292838436,109.57201267562415,13.966846820075334,0.2102518411500421,0.010052156544328705,0.47134179540961696,0.01612189944095864,0.3073022342630079,60.77882172831212,25.011565351010102,650.0,90.0,271.51725589225595,0.10036192065991252,30.0,20.0
1f49243b-1fde-4409-acc0-033d60cfa359,72.4724262655583,54.504674231625025,114.77506120204055,16.65789773635868,0.23354607761616164,0.01006716426205808,0.4627942256406776,0.0152038583550362,0.33983289267551403,54.504674255199745,22.505782674242425,400.0,110.0,678.7931397306396,0.10036192065991252,25.0,20.0
1f6c4660-67ad-4344-a7f6-3c32915e554f,100.14780350001841,61.84565119833525,188.12048084825022,54.59371767744522,0.14113474080502947,0.007036753694255051,0.5016463860402988,0.01739400795695671,0.18769699615517768,61.84564995128235,22.505782674242425,900.0,70.0,814.5517676767677,0.16982541343694404,25.0,20.0
1f9591c2-d7bb-4098-a6cf-864a7952b617,93.24388507585401,60.971091149640834,174.89694182444214,46.30974331215486,0.20609386089199283,0.006665426654703283,0.483526057635101,0.016981849135895163,0.23442756572123266,60.97109033849675,20.0115655155724,900.0,90.0,678.7931397306396,0.16982541343694404,25.0,15.0
1fbd287c-283c-43a3-928b-23e9579c2724,69.98329762346829,56.53985832208364,107.1588071742484,10.504273014475439,0.2703026629630682,0.009390117797958755,0.4487203240340909,0.015395734953296797,0.34679239842155035,56.53985590610864,20.0115655155724,1200.0,110.0,407.27588383838383,0.10036192065991252,25.0,15.0
1fc2ab26-c805-4077-beac-d127a92cf52f,128.37714598042896,65.94957651685502,269.41460976578486,99.1959255009235,0.1509918863069234,0.005050110516245791,0.5125502329884258,0.01826845001265544,0.14749839355209424,65.94957303127643,20.0115655155724,650.0,70.0,271.51725589225595,0.2509799004147781,25.0,15.0
20745c77-bfc1-424a-8104-bed180759c18,113.11267897541477,62.48628313255814,236.01492621801313,79.61423125046323,0.11400748558091328,0.005157601467424242,0.5199934145905933,0.017731851942659776,0.11293365400097267,62.48628573807537,22.517348022727273,1200.0,50.0,678.7931397306396,0.2509799004147781,30.0,15.0
20b10d50-1434-44f8-8a2e-7abc1daf6cf5,45.52682258724774,52.757104532667064,45.40262925704728,-21.68202592903937,0.2834965178191288,0.01692353791702441,0.46350852662047554,0.013653353103566988,0.40246392420591376,52.75710459313143,20.0115655155724,650.0,90.0,814.5517676767677,0.04796556947260091,25.0,15.0
20c814fd-3f18-4835-8e6c-30feb7ebe4c0,73.41106484901252,59.90401310536715,107.86798674633515,12.958420334697369,0.16994735982281148,0.010739328429608586,0.4943108644901094,0.015811097173941392,0.2579213271249322,59.904010876482204,25.011565351010102,400.0,70.0,407.27588383838383,0.10036192065991252,30.0,20.0
2101e40c-e04f-40ae-af82-10e56097ad82,45.08548633968643,50.040319581767825,45.37080675486015,-21.31358393061046,0.32167353587415826,0.01620916827521044,0.4361621919694866,0.013416981114991787,0.44659191410330185,50.040319317091885,20.0115655155724,900.0,110.0,271.51725589225595,0.04796556947260091,25.0,15.0
2143662f-990c-4b37-83fc-a834d77da820,43.65558320367292,55.60211678792189,43.61460567992304,-23.17797389599724,0.18729085946654042,0.01881313665104166,0.5435133851862374,0.01357856229402978,0.2784349842626448,55.602117299215095,20.0115655155724,900.0,50.0,271.51725589225595,0.04796556947260091,25.0,15.0
21779a97-da50-4c45-b40a-cf04be1897d8,93.38951456862357,59.64010285216694,179.14882042363448,49.890308776902856,0.2447525856061132,0.006604884062857744,0.4734283676654567,0.016839863329462475,0.27102836989502105,59.64010490807426,20.0115655155724,400.0,110.0,678.7931397306396,0.16982541343694404,25.0,15.0
21d7b21b-ebfb-42b3-82e4-86f7cb42f3ea,43.273476831513726,50.399047671721384,41.953418164125644,-22.87905059462432,0.2894204524473905,0.016088445103061864,0.44916593778945707,0.012486044027800227,0.45212168402138025,50.399047027219865,22.505782674242425,1200.0,110.0,814.5517676767677,0.04796556947260091,25.0,20.0
21ef266f-2cd5-4045-b33e-9907a84de71e,41.50353963165614,55.86495239383259,40.26313242389024,-24.720685150390732,0.1892332472734638,0.018266089063973066,0.5398251429503368,0.013280810478918235,0.2827360860968661,55.864954694322186,22.517348022727273,650.0,50.0,814.5517676767677,0.04796556947260091,30.0,15.0
21fe5fbc-7549-46e2-8529-40cb50cf9c30,73.72525638908023,58.0173496280276,106.55581353135317,10.360155354429864,0.13973984856812918,0.011308369276094278,0.5136517945102063,0.015273781285146051,0.1979691125376807,58.01735143147182,20.0115655155724,400.0,50.0,407.27588383838383,0.10036192065991252,25.0,15.0
221f7adb-69c0-4cbe-9634-b64c7e7464c3,99.35531807651796,65.2426227195248,174.90315988245294,47.41634318050166,0.17401475767660984,0.006913360359196127,0.49631203765488213,0.017757412747490642,0.1957319068254275,65.24262588972582,22.517348022727273,1200.0,70.0,271.51725589225595,0.16982541343694404,30.0,15.0
2230e4ec-4665-4756-bbec-c84f43a25ec4,46.121322506137034,56.36414082188982,47.571660396385646,-20.123863098481554,0.16887890249252943,0.01900224414073022,0.5726587773523779,0.013778967353657814,0.2754081261368169,56.36413900685816,22.505782674242425,650.0,50.0,271.51725589225595,0.04796556947260091,25.0,20.0
22c4cb72-b3b9-46ff-8ad9-f1e0d2d3b87b,73.27249373326778,55.16946229612819,113.12808849629366,15.566552447504023,0.19860218002146462,0.01051254197109638,0.4801420948166036,0.01508825121307946,0.29872606566727267,55.16946178920272,22.505782674242425,400.0,90.0,407.27588383838383,0.10036192065991252,25.0,20.0
22c513cc-2c4c-4a04-b4d2-4c933d516b05,100.82122857234039,62.1599742670583,188.64175249039195,55.00849584847549,0.14126162036353115,0.007043327157207491,0.5019507117959807,0.017420959230420786,0.18788594553151208,62.15997592512601,22.505782674242425,900.0,70.0,678.7931397306396,0.16982541343694404,25.0,20.0
22e20d2f-df56-452f-96f3-8e85560f98be,123.35071594279452,66.82896177240939,270.3927258280991,101.44461034015183,0.2430575651191077,0.004657225384606481,0.48992786144095113,0.018770840106893005,0.2140020749393887,66.82896278481533,22.517348022727273,650.0,110.0,271.51725589225595,0.2509799004147781,30.0,15.0
236f10fe-3771-440f-bc12-b7e7c159c20e,39.25157920301895,54.409574517267465,37.376701412558766,-26.069024224431914,0.1691138528186027,0.018069973044665406,0.5546466628125,0.012625348549803763,0.28405326139212056,54.40957465685696,25.011565351010102,900.0,50.0,407.27588383838383,0.04796556947260091,30.0,20.0
23f0b3f7-f09d-4ca1-a387-2ed877c1ade6,98.077532772338,61.24992674202815,189.258911148429,55.36517104822713,0.17682860887457913,0.006751931583964647,0.4881257537324285,0.017434630012972713,0.2275779692901404,61.249928473584106,22.505782674242425,1200.0,90.0,678.7931397306396,0.16982541343694404,25.0,20.0
242f8677-6b97-46f7-a20d-c17d817dd06c,95.40331680851983,62.76299639388784,177.5019749446598,48.42125113251934,0.14767299728372266,0.007055724662742004,0.49821336635721813,0.01785882683919237,0.1926008733061452,62.76299629374662,25.011565351010102,900.0,70.0,678.7931397306396,0.16982541343694404,30.0,20.0
24954797-a705-4c87-8afa-d0bc0d1258bd,40.313301769494394,53.03999291041198,37.02975444482594,-25.51900933814437,0.21669187989551764,0.017031166516256316,0.5100315955110478,0.012431790307547222,0.3550786713697643,53.03999456719124,25.011565351010102,1200.0,70.0,271.51725589225595,0.04796556947260091,30.0,20.0
24edb4a6-0bae-44ac-ab85-d5f19cb2b1d5,71.46059386511648,57.922261310760945,106.71658199745598,11.556894991270585,0.23899181740993264,0.010045131345717594,0.4685606052044402,0.015657352327898222,0.3068605206048174,57.92226096594148,22.517348022727273,400.0,90.0,678.7931397306396,0.10036192065991252,30.0,15.0
250af85d-bbac-452a-8cf9-a3d2cccdcc1a,44.29923276918587,51.913341290141446,41.810523286430005,-22.775599576058102,0.33179537773032414,0.01550315838573232,0.42966076976178447,0.013250505920568824,0.4545566568835287,51.913338800965505,22.517348022727273,900.0,110.0,271.51725589225595,0.04796556947260091,30.0,15.0
256b15e2-25d2-4fd0-9e8a-81d8a52d8e0c,112.37267674484875,62.75034101725231,253.73364248833914,89.88885737994877,0.22874489753940452,0.004580093491119528,0.48944310229295035,0.017721797322975116,0.21408255264325093,62.75034060484259,20.0115655155724,900.0,110.0,814.5517676767677,0.2509799004147781,25.0,15.0
2574bdd0-e334-4612-8534-b07a1bd3b5da,44.13153220972008,48.34408452145946,45.987985339958065,-20.992963011973647,0.2797367742828282,0.017413480506313125,0.4810385236185816,0.013515447616560474,0.39515954368822753,48.34408586794451,20.0115655155724,400.0,90.0,814.5517676767677,0.04796556947260091,25.0,15.0
25ffc29f-2dc1-4c35-b9a3-cd2028860f0d,127.40486264056148,66.28724087402549,288.2417465875992,111.88426642527614,0.19575127510195708,0.004686537517255892,0.49497817273332284,0.018699185411058524,0.20678715451748464,66.28724053709864,22.505782674242425,900.0,110.0,407.27588383838383,0.2509799004147781,25.0,20.0
266dc69d-9f6d-4d6e-b148-ded0605fb58b,40.61990370661566,51.38764666264449,37.14777733557707,-25.451126767008002,0.2580312488341751,0.01623064795380892,0.47480923442687284,0.012342170979022137,0.411641697598005,51.38764690752296,25.011565351010102,1200.0,90.0,407.27588383838383,0.04796556947260091,30.0,20.0
268a4975-04cf-4432-8dd1-a87e99f689a5,132.94185530279975,67.8341731107945,268.2426522908486,98.26164719167156,0.11016494281011152,0.005162960495223064,0.5240006397929292,0.018476560247764375,0.1106215626840168,67.83417118517568,20.0115655155724,1200.0,50.0,271.51725589225595,0.2509799004147781,25.0,15.0
26d28d82-7336-4cc7-ac37-b1d470c34176,113.69089409247148,64.5717989951925,252.71446795401638,91.14639639544994,0.24197719150910146,0.004683799253040823,0.48946641831650883,0.01801261717909785,0.21828743596090908,64.57179892147852,22.517348022727273,400.0,110.0,678.7931397306396,0.2509799004147781,30.0,15.0
26deb2d3-6d1e-4e96-9f83-14be731b255f,120.69314624309213,65.94472999736547,262.18476072137827,95.90144067419996,0.13419166119628578,0.005029715542876683,0.5109345276782933,0.018973114286801856,0.14760172258361423,65.94472963140078,25.011565351010102,900.0,70.0,678.7931397306396,0.2509799004147781,30.0,20.0
27206c02-85bc-4d16-a474-f10da68cf70e,75.26068319199652,58.90217192226416,113.08007176158674,14.801906418369112,0.1629587268717908,0.010584512729419194,0.49255618796738204,0.015562452655149776,0.251959951622137,58.902170578151136,22.505782674242425,650.0,70.0,678.7931397306396,0.10036192065991252,25.0,20.0
272eff5d-8325-48e3-bf75-c5e3bdf47b86,43.325140102346396,47.71155682297204,44.15122957534889,-20.888436943321153,0.3262060863298611,0.016155657339720117,0.4467751448700547,0.013387845873570225,0.44546648017492224,47.71155660824551,22.517348022727273,400.0,110.0,814.5517676767677,0.04796556947260091,30.0,15.0
27c2f228-3ed4-4099-aa8c-68d84b51b1d8,74.48174964317332,58.003026146213244,117.05930495331846,17.431426588282157,0.23698397327178033,0.009728875312542087,0.4582939480138889,0.015769856511854377,0.3415757250329403,58.00302584155942,22.505782674242425,650.0,110.0,814.5517676767677,0.10036192065991252,25.0,20.0
27d65d7a-5a6f-46da-887c-2c4dfcbdcfa8,69.41744100118726,57.99928085078242,104.95492370828315,10.32404324441319,0.20816161367718855,0.009959733533059763,0.4681767831524621,0.015756074630478276,0.3065145019792215,57.99928030299637,25.011565351010102,900.0,90.0,678.7931397306396,0.10036192065991252,30.0,20.0
27ee38c5-8721-4568-b03e-63ae52bae085,130.59121676919335,66.75365119170846,287.5848661894557,111.30885766257674,0.1624299828768624,0.004842746789783249,0.504602451671612,0.018742903710513657,0.1763018693723609,66.75365134688622,22.505782674242425,900.0,90.0,407.27588383838383,0.2509799004147781,25.0,20.0
27ff6bdb-3def-4627-9b94-1583423e5509,41.871296368930956,50.82349758534577,39.93445737192813,-25.063870772576564,0.28105524802367426,0.016610354359185606,0.45484897461816076,0.012627154111214782,0.4065327891637603,50.823498266979314,20.0115655155724,1200.0,90.0,814.5517676767677,0.04796556947260091,25.0,15.0
2811cc8a-6339-413d-b821-ed20eab80e5e,121.6712709259068,66.0199184638666,247.4348620963521,86.46097815925492,0.11523495914189816,0.005145496279976852,0.5212379664434974,0.018327076923022257,0.11287058737525757,66.0199207662401,22.517348022727273,1200.0,50.0,407.27588383838383,0.2509799004147781,30.0,15.0
286d0b62-6fd9-42e8-a5ca-a8c3740ae1b3,43.46159926389089,55.3009494173828,43.82218224023083,-22.569346189655796,0.1670266163459596,0.018773981348958337,0.5621325257744108,0.013173066969985272,0.2778304444865977,55.30095047560156,22.505782674242425,900.0,50.0,407.27588383838383,0.04796556947260091,25.0,20.0
288a2107-51d5-4356-bc80-00c49b2ebb6c,126.09994856178173,68.65559747096545,274.27275470207593,104.25733219259313,0.17123016382317968,0.004857961002072812,0.5011306402449495,0.019468851956172192,0.18136114195691444,68.65559654683865,25.011565351010102,900.0,90.0,407.27588383838383,0.2509799004147781,30.0,20.0
28917cd9-7b6c-4828-b0f0-144f247800b6,45.722761173415606,56.346205303873646,46.97914540430888,-20.474875423285756,0.16799926992613637,0.018969744050557662,0.5690987198421718,0.01369900670766168,0.27593297527404165,56.34620575299974,22.505782674242425,650.0,50.0,407.27588383838383,0.04796556947260091,25.0,20.0
28a9ada3-033e-46b3-bf85-8b00fefcc762,45.24588850122507,50.69943302715437,45.28772314940978,-21.522420033619397,0.32293181345275673,0.01612899978299663,0.4335500931212121,0.013467229823826378,0.44787085072021937,50.69943352197056,20.0115655155724,900.0,110.0,407.27588383838383,0.04796556947260091,25.0,15.0
293d5116-9e27-4408-bb8e-c902f63ada1a,44.150110815786626,56.19867595050157,44.30724672581182,-22.86806119009125,0.18880969718434346,0.018834923926609848,0.5434495927676767,0.013760598743479797,0.2785184962917376,56.19867821175478,20.0115655155724,650.0,50.0,678.7931397306396,0.04796556947260091,25.0,15.0
295969cb-a2c2-4f65-96cb-11675f7f58a3,70.02657177047882,57.31921597328689,103.33721069787491,7.8316977259999225,0.18548228075699705,0.010337781768108165,0.48289918108207064,0.015217953509773471,0.2561880558444068,57.3192166612194,20.0115655155724,900.0,70.0,814.5517676767677,0.10036192065991252,25.0,15.0
29780e34-7072-4289-9a71-0cdb1b7bf79b,101.16112977438627,61.42999957776111,185.31287761754314,52.62846866071944,0.10340082129789563,0.0072934597959911605,0.5157492669000421,0.01729462386958842,0.14197473194158314,61.4299990555375,22.505782674242425,1200.0,50.0,678.7931397306396,0.16982541343694404,25.0,20.0
2978543a-2f5a-4071-8e7b-aae2ddec65c3,66.82556003191907,57.195892846415106,93.68460734893428,2.9869108406576643,0.14308328913236534,0.0107924962975484,0.5028231498342803,0.014843422754966386,0.20274438807985037,57.195891588056035,22.517348022727273,1200.0,50.0,271.51725589225595,0.10036192065991252,30.0,15.0
2999b721-a433-4b46-9536-fd9b1c7cf554,71.81837764194412,57.52042998885165,108.98702721194996,11.96171671124548,0.2709535081857113,0.009405119404292929,0.4494632004802188,0.015501363505614645,0.3466668708986334,57.5204283276522,20.0115655155724,1200.0,110.0,271.51725589225595,0.10036192065991252,25.0,15.0
29ebda1f-ed10-4bf8-a7c0-b731a2f398cd,75.96341474599335,59.56749364684596,111.23807634811075,13.238293681099101,0.12217337001694023,0.011111573598863635,0.514799001113952,0.015464804710811976,0.19577555393339,59.56749142044219,22.505782674242425,650.0,50.0,407.27588383838383,0.10036192065991252,25.0,20.0
29f532f0-3a43-4ebf-80e3-58b6c7bbcb3d,70.11520545924539,53.62414704345563,106.73816640345689,11.141247085834651,0.22614650499242422,0.010362891517255892,0.4708860768051346,0.014935226993081576,0.3016169243313152,53.62414690176326,20.0115655155724,400.0,90.0,271.51725589225595,0.10036192065991252,25.0,15.0
2a2f0758-65a3-453f-a2a6-bdc64bd66d47,130.3705063014348,68.629319474459,268.4526193472523,101.45202884912064,0.09860284653758417,0.0053695340891308915,0.526005763089857,0.018907175257925117,0.11204725018933093,68.62932052574922,25.011565351010102,400.0,50.0,407.27588383838383,0.2509799004147781,30.0,20.0
2a3940f0-9077-4242-8b88-7bbcc8017836,70.19332814396898,58.15984892244382,105.87336849237627,10.750221687513934,0.28290743864120366,0.009356134259269781,0.44920351843102907,0.01576892879104815,0.3507954988063227,58.15985060876858,22.517348022727273,650.0,110.0,407.27588383838383,0.10036192065991252,30.0,15.0
2a41c144-ad06-4269-a6db-5ab0a5d5a5fd,124.77997292263203,68.19616396660632,272.62015394201427,102.45470369236742,0.2449230727732534,0.004599598259617002,0.4896580036343118,0.01907035349539769,0.2138524813019795,68.19616559503689,22.517348022727273,900.0,110.0,271.51725589225595,0.2509799004147781,30.0,15.0
2a53b34f-beea-45fd-a4d2-05a828aa4cba,120.7843126512151,66.77984937903044,265.79814112620505,99.8158642354417,0.17095639444439184,0.004980482207060185,0.5022641474691709,0.01873138303399887,0.18404743748355987,66.77985102211011,25.011565351010102,400.0,90.0,814.5517676767677,0.2509799004147781,30.0,20.0
2a5d0131-97e7-4394-9470-b32d49f86187,95.03212930801939,61.59329956576322,173.94493903611675,46.03774120031505,0.10801277674409722,0.0073281644827125425,0.5127243171741374,0.01769403840267432,0.14549942255890067,61.59330013640123,25.011565351010102,1200.0,50.0,678.7931397306396,0.16982541343694404,30.0,20.0
2a8bda21-838e-4275-bb8d-a3f7b03e0317,71.57143655699839,59.49395777427456,107.66478943297591,12.141477653036755,0.2091766593943603,0.010018712935332493,0.47041279065067343,0.01595569761798292,0.30699710193146296,59.4939570829355,25.011565351010102,650.0,90.0,814.5517676767677,0.10036192065991252,30.0,20.0
2aa915cd-db36-406e-9ff9-98a542a6892e,96.45989198426776,63.733018491216384,185.15734250056926,55.402272584336075,0.2229466101885522,0.00669665247075968,0.47535563180971174,0.017902791965901364,0.27251972517680173,63.73301798010442,25.011565351010102,400.0,110.0,814.5517676767677,0.16982541343694404,30.0,20.0
2b874dc4-d05d-45c4-87e3-96f5ce9216ca,44.96824414138862,49.50542691403595,47.83194196487508,-19.280891567586643,0.21174627361553033,0.018516304597748317,0.5505830399284511,0.013335691753441327,0.3372161138363979,49.505427237946,22.505782674242425,400.0,70.0,271.51725589225595,0.04796556947260091,25.0,20.0
2c03a9be-884c-4824-b352-8b4993889760,43.443824196490354,54.75218266412462,41.7832101778044,-23.403338816791294,0.24276558064309764,0.017275991155039982,0.4958521311963384,0.013433972609164702,0.3517629081611815,54.7521843948114,22.517348022727273,650.0,70.0,678.7931397306396,0.04796556947260091,30.0,15.0
2c3e585b-c7c0-4fab-bb84-6d539c260c9a,74.16924670626823,58.333031948025805,111.3509782874771,13.624754932977323,0.16230950332512625,0.010528238141845538,0.4920484606073232,0.015443786454608192,0.25212511491576794,58.33303007842863,22.505782674242425,900.0,70.0,407.27588383838383,0.10036192065991252,25.0,20.0
2c574ab2-8134-400c-90fa-f9860b76db8e,42.92708266720923,57.05649656073345,41.88550025955371,-22.88649723132908,0.17176723907996636,0.018311584360690233,0.5627674769743266,0.013538527003806635,0.28260006333369775,57.05649995548999,25.011565351010102,650.0,50.0,271.51725589225595,0.04796556947260091,30.0,20.0
2c7bacb4-f12e-40d2-a001-e35da8701b3d,120.84018016915769,63.30763646117706,260.93465592139455,96.17354928146932,0.1987264739732744,0.0049972199690761785,0.5011717502575758,0.017974112507178605,0.1832979855077391,63.30763466777663,22.517348022727273,400.0,90.0,271.51725589225595,0.2509799004147781,30.0,15.0
2d641994-f039-4979-a383-0b89712c864c,45.071285151470775,53.558071954990126,45.42886217705578,-19.80963399528865,0.21793321637310606,0.01781519058238636,0.5390138449736954,0.013805774938799618,0.34625856776522995,53.558071355843055,25.011565351010102,400.0,70.0,407.27588383838383,0.04796556947260091,30.0,20.0
2d795780-450e-4e61-8763-27d04627f91f,112.0803080675435,62.46560227983704,252.55230733070027,89.22960619072063,0.22829372312847226,0.00456746464241372,0.4892621238874368,0.01767467085766391,0.21379073345129665,62.465601759915316,20.0115655155724,1200.0,110.0,678.7931397306396,0.2509799004147781,25.0,15.0
2dff0c93-ceca-4324-988c-c01ab52f2b8d,115.5134145578254,64.8138298692434,244.8568427305719,85.3924631814961,0.15853833591439392,0.0049886489127840905,0.5093281411135838,0.018009497278258832,0.15171572315646983,64.81383123758351,22.517348022727273,650.0,70.0,678.7931397306396,0.2509799004147781,30.0,15.0
2e4840c2-3401-4c71-a265-2a432b2893d0,136.6238327751418,67.94931082582963,297.67195919289827,117.33262273056589,0.1627162326296612,0.004866913076367845,0.505481639902883,0.01901890323358526,0.17488542734738263,67.94931029673678,22.505782674242425,1200.0,90.0,271.51725589225595,0.2509799004147781,25.0,20.0
2e92e5ad-8b9f-4643-985e-1beea1bf03b2,72.76018597601752,59.13528715875845,103.9384173413908,8.523443780764515,0.13960296433285987,0.010949391801357324,0.5069199756668771,0.01529214371950468,0.19922604828459492,59.135286544028155,20.0115655155724,900.0,50.0,271.51725589225595,0.10036192065991252,25.0,15.0
2edf1c5c-6d08-4012-8b53-6999031ff4ca,73.13110681140401,57.21362773354991,108.25173240039898,11.50884426942767,0.18556230665167295,0.01071217629782197,0.4905814756999157,0.015369801199447919,0.25440906509469685,57.213627278471165,20.0115655155724,400.0,70.0,678.7931397306396,0.10036192065991252,25.0,15.0
2ee697b7-dcf0-48e3-b51d-4a4a90e7572a,93.88094291603043,61.4836734513038,178.03025952529254,48.65584296825497,0.2469502452528935,0.0063686416107954546,0.4710141089401831,0.017104672272716046,0.2711168767567162,61.4836761220138,20.0115655155724,1200.0,110.0,407.27588383838383,0.16982541343694404,25.0,15.0
2f0a88a3-6cbc-4e40-b218-c33a6d38bc6d,109.70910884930241,62.74036325521906,241.27996684665413,83.0538343773731,0.19895228418718433,0.004776418581186869,0.4977010278775251,0.0178381898521181,0.18544591432474303,62.740365904640115,22.517348022727273,900.0,90.0,814.5517676767677,0.2509799004147781,30.0,15.0
2f579143-25eb-49a7-8994-ad9e44ba22fd,102.62584354987519,66.47481022012022,176.28203555671166,48.41609601582887,0.12808284067832493,0.007324834296738215,0.5141312351875,0.017767510770757427,0.1493284881142573,66.47480849725858,22.517348022727273,650.0,50.0,271.51725589225595,0.16982541343694404,30.0,15.0
2f919335-0c6d-4a62-9115-0ca6a49afa38,101.75093458292217,63.9357477453559,182.48457047264523,51.241440710338615,0.16542484253203915,0.0070488274738320705,0.49974740667929285,0.017373804802131534,0.19292539155239352,63.93574788022279,20.0115655155724,650.0,70.0,271.51725589225595,0.16982541343694404,25.0,15.0
2f995d32-cb0f-4109-8eba-c9a07773a86a,40.26980364962968,52.89918679919368,37.70995203092781,-25.545915151884085,0.21649435658301766,0.01710690522764099,0.5116237078878367,0.012490993533041839,0.3542681806021399,52.89918668578956,25.011565351010102,900.0,70.0,814.5517676767677,0.04796556947260091,30.0,20.0
2fac19ea-d39a-47f7-a963-f6cf1ffbe1a2,42.67369907304122,45.988706278006966,45.02384474159121,-21.39715929862599,0.2778830717349537,0.017575074819970535,0.4866293123966752,0.013197772707973393,0.3928421435707363,45.98870829145063,20.0115655155724,400.0,90.0,407.27588383838383,0.04796556947260091,25.0,15.0
2fc5e854-8c51-4873-a7b6-da844421a58f,72.95044051347173,60.075933518488654,109.68578034685605,14.151811860907376,0.24752416568750002,0.009547710585185186,0.45334296271106894,0.016146393162404325,0.3498101036615455,60.07592970324009,25.011565351010102,900.0,110.0,271.51725589225595,0.10036192065991252,30.0,20.0
2fd6f1d2-cf33-4c18-be13-a777a921378e,71.73051653685044,55.53267098092207,108.97951616014647,12.193182272531281,0.22775404736500424,0.010243625775263047,0.47014796067308495,0.015310307289307499,0.30210285206455967,55.53267161212776,20.0115655155724,400.0,90.0,678.7931397306396,0.10036192065991252,25.0,15.0
2fda708f-7c56-4788-87ca-3ac7a636e1c5,126.48802297568243,64.41599276628769,273.59603355304097,103.66066637648119,0.1277474215485901,0.005157199430313552,0.5160567658028199,0.017891433663259335,0.14575884327999894,64.4159912712393,22.505782674242425,400.0,70.0,814.5517676767677,0.2509799004147781,25.0,20.0
3006581e-63c1-4ebe-96c6-fa90f446cfd7,43.282834841204746,54.72586492359793,41.60873443351807,-23.54179420566119,0.24244192063941497,0.017262137701388888,0.4957988937428451,0.01339988130802859,0.35199792613585884,54.72586644739411,22.517348022727273,650.0,70.0,814.5517676767677,0.04796556947260091,30.0,15.0
300b6b5c-6358-4fa0-8299-1ba5eb69aec0,41.766008407924936,56.27295331421212,40.65499986446317,-23.97756289410236,0.17045490317403197,0.018257345074547557,0.559875835893308,0.013242962190535954,0.2829630022729022,56.27295517967905,25.011565351010102,650.0,50.0,678.7931397306396,0.04796556947260091,30.0,20.0
3066be94-17c2-4272-a178-5fd19d618bc1,68.87173856103675,57.89016449121469,102.55558059864126,8.366331339265912,0.16846274272295872,0.010411592358964647,0.4859828533018729,0.015562406307497464,0.257330302585453,57.89016415056363,25.011565351010102,900.0,70.0,814.5517676767677,0.10036192065991252,30.0,20.0
30d1dfed-6741-445a-b850-9a9eb4cfa5e2,42.0127257794488,51.05989803790628,38.434671843573994,-24.244120010426006,0.29616142887184344,0.015553149513562712,0.4462911422285353,0.012524206589780986,0.45839502425134726,51.059897402915055,25.011565351010102,1200.0,110.0,407.27588383838383,0.04796556947260091,30.0,20.0
311a366d-0280-43ef-ac73-622b68abe29c,44.73030114652868,56.00333251013064,45.257851306745856,-22.25774856597755,0.18791959396022728,0.018942528533091335,0.5481946340824915,0.013863786421628617,0.2773179935258848,56.00333214695259,20.0115655155724,650.0,50.0,407.27588383838383,0.04796556947260091,25.0,15.0
312f5c53-e976-4430-b6ec-23f8de544e2d,116.67694900182045,62.93524111558618,255.36819288122655,91.64831758718927,0.1897902330075968,0.004900050912573653,0.501097525567761,0.017537484875598853,0.18409964529547893,62.93524223845364,20.0115655155724,400.0,90.0,814.5517676767677,0.2509799004147781,25.0,15.0
316ea9f7-932b-4a66-973b-06846338627a,41.893037252169364,50.30618777831181,38.6805262216156,-24.935686417516106,0.3296253281007997,0.015339226033164989,0.4265106382316919,0.01266810233374509,0.4564966951974599,50.30618724668755,22.517348022727273,1200.0,110.0,407.27588383838383,0.04796556947260091,30.0,15.0
31d0e48d-d29f-41b5-8612-5046f1441f2e,69.00556991444678,58.980844188738615,98.65460085622485,5.416939097662684,0.1442152753984638,0.010866598308122897,0.5048764501948653,0.015277759538444584,0.20215327515449666,58.9808439429682,22.517348022727273,650.0,50.0,814.5517676767677,0.10036192065991252,30.0,15.0
32198f72-3dc9-4350-aedc-6e3e997dcf6b,127.44688997820106,66.60260663014975,273.5527799203753,101.50714893999022,0.19107624702093856,0.004805107654703282,0.5014562541590909,0.01846952541313661,0.1807306534701245,66.60261008228069,20.0115655155724,900.0,90.0,271.51725589225595,0.2509799004147781,25.0,15.0
322cb539-249f-4fcc-b5a0-78170da075f5,96.62431984750121,62.08958594455064,174.9061056331484,46.612938613379306,0.16459757769886363,0.006973950579808503,0.4978908553728955,0.01700958101156665,0.1935813940022819,62.08958631168478,20.0115655155724,900.0,70.0,407.27588383838383,0.16982541343694404,25.0,15.0
323869a2-2719-4a48-93e8-8c5fe2d8f83d,126.88665167170943,68.75550140442303,275.30908544831925,104.62234965118273,0.17129622518702653,0.00482923160496633,0.5007043995866476,0.019596925826719284,0.1806453051331873,68.75550287115118,25.011565351010102,1200.0,90.0,407.27588383838383,0.2509799004147781,30.0,20.0
3252cc74-cf85-4214-8616-0a5468df26ef,72.29573365346654,57.39622649976327,110.2538686198938,12.537463391270254,0.2708228609001473,0.009472304855481901,0.45017088691719276,0.015563903395372086,0.3458707814091131,57.39622679836206,20.0115655155724,900.0,110.0,271.51725589225595,0.10036192065991252,25.0,15.0
327e6e33-3df4-434d-84aa-ab9c85fab625,37.970491478151594,50.560093373465754,34.90351479432227,-27.821614694768403,0.238249994985585,0.016931239801978113,0.48769336807933494,0.012022364008402111,0.35407331273315196,50.56009502750853,22.517348022727273,1200.0,70.0,678.7931397306396,0.04796556947260091,30.0,15.0
32d82af3-1d08-47dc-a854-3575ad5a3993,124.78467823404331,66.98067445243586,253.86454036214383,91.55645731658605,0.11588786432054926,0.005306621719065656,0.5237636738223906,0.018208911878504118,0.11387165063452852,66.9806752209051,22.517348022727273,400.0,50.0,407.27588383838383,0.2509799004147781,30.0,15.0
331c1684-5980-41f5-88b5-e3a2fcfb8122,75.16621695676591,58.555467712363374,116.6621544787064,17.251216298386,0.23735322692234848,0.009639149780502945,0.4577216880122054,0.015764636177051573,0.34197357152838204,58.55546688496596,22.505782674242425,1200.0,110.0,271.51725589225595,0.10036192065991252,25.0,20.0
332ed227-85b5-404b-a7aa-5b4b9a7a7ac3,121.44507315623028,66.94473326857654,266.5442579907691,100.47379220581885,0.1709799524809028,0.00498428893280724,0.5022408519917403,0.018755101535352023,0.1840203899944973,66.94473397691438,25.011565351010102,400.0,90.0,678.7931397306396,0.2509799004147781,30.0,20.0
33512097-f882-4307-99dc-c05ac7e645d4,43.87220782498642,50.8155802609308,42.751456952444386,-22.436288811848993,0.2898870857900884,0.016117969115267257,0.45001269107039144,0.012640524082512759,0.4517161476853187,50.815580838179706,22.505782674242425,1200.0,110.0,678.7931397306396,0.04796556947260091,25.0,20.0
33532ded-ae63-46d8-a96b-c006548feae3,97.48160266859544,63.670492534819886,178.68741224307797,49.57173383951033,0.1480355031497264,0.007027303578945706,0.4981725745966961,0.018019461888553082,0.1926910120392347,63.67049266959537,25.011565351010102,1200.0,70.0,407.27588383838383,0.16982541343694404,30.0,20.0
339b3175-46d2-4c38-ac2b-f07e8422a7b7,73.67868339617414,58.57358007097084,108.12277557316344,11.16881057265795,0.18635015514583333,0.01051886992538931,0.48718357131144785,0.015490023222476041,0.2552621701073469,58.57357804355363,20.0115655155724,650.0,70.0,271.51725589225595,0.10036192065991252,25.0,15.0
343f1603-1625-420b-9561-58abccd02420,91.63380839308249,60.00752731978256,172.48710903155043,44.82146259948073,0.20542612577256944,0.006643754875662879,0.4828370800393519,0.016833768624112302,0.23405288258026713,60.007529038505595,20.0115655155724,1200.0,90.0,678.7931397306396,0.16982541343694404,25.0,15.0
348f1a05-6a5a-40e8-853e-64b9abf7c985,41.52896952068024,53.81318411616277,41.41874930965536,-24.18509419073236,0.16807627854177187,0.018666289548400675,0.5556937653510101,0.012722341980961546,0.2784621533205912,53.813184241588885,22.505782674242425,1200.0,50.0,407.27588383838383,0.04796556947260091,25.0,20.0
3525b8d0-a3ec-4f9e-8373-a08da54d6b0e,70.07979737893736,57.02597141142057,105.58035203221607,9.27834976323425,0.22915568624915827,0.009843546783754209,0.464898934421612,0.015357147273539944,0.3047690225550851,57.02597388763627,20.0115655155724,900.0,90.0,814.5517676767677,0.10036192065991252,25.0,15.0
35684af9-1b26-46dd-b0be-f4f46ab9696a,44.71029063516816,51.21043151231959,45.10516220188513,-19.736146788440358,0.26225021680408256,0.016964270115835442,0.5010682703082913,0.01358960519961675,0.40157673774203784,51.21043034734976,25.011565351010102,400.0,90.0,678.7931397306396,0.04796556947260091,30.0,20.0
35962144-dddb-4bba-a667-7d3fc82c408d,45.58603200101858,53.04381223163344,45.17499341523723,-20.979747788672483,0.25433918572548403,0.01697170762152778,0.4842493267940868,0.013128539782848607,0.4030679504815336,53.04381260086426,22.505782674242425,1200.0,90.0,271.51725589225595,0.04796556947260091,25.0,20.0
35bcd5c0-1f76-45d8-9b02-0071223bdaa2,73.03955373385158,58.75974273987965,109.26207885282766,14.318353893064659,0.2083571068114478,0.010322085643276515,0.47649281285279876,0.015790016849212243,0.3062311677800294,58.759744715359034,25.011565351010102,400.0,90.0,271.51725589225595,0.10036192065991252,30.0,20.0
36117dba-3b66-4feb-b90d-a99ff33a8748,103.74630136743654,63.155624792616415,187.82667746136568,54.57077504775343,0.1041543062899516,0.0073800042812815665,0.5177217884995791,0.017385558054941797,0.1432519876728534,63.15562201151281,22.505782674242425,650.0,50.0,678.7931397306396,0.16982541343694404,25.0,20.0
36317a3b-c82f-4fee-8fde-d813e7140b0c,72.81553948427293,58.639932971808996,106.37177199465009,9.99958817170466,0.18620579613599542,0.010408646872601011,0.48515598613468025,0.015408689284892495,0.2560057357445465,58.63993289372136,20.0115655155724,900.0,70.0,271.51725589225595,0.10036192065991252,25.0,15.0
36589477-07f4-47b1-a5de-7bd6904a3ef9,120.95229097465622,64.31189207576914,250.94325445834863,88.4238499216241,0.10944764390440867,0.005181193300747054,0.5227641316649831,0.017702660789696477,0.11208082232302247,64.31189162750066,20.0115655155724,650.0,50.0,678.7931397306396,0.2509799004147781,25.0,15.0
36b54762-47ea-4664-8ec4-8e7c48eb4564,116.48251223222681,66.09416654269366,254.67822796330643,91.73266855978167,0.24317130210216747,0.004556675005902778,0.4878005779037038,0.0184993808793708,0.2164564475811859,66.09417024089072,22.517348022727273,1200.0,110.0,407.27588383838383,0.2509799004147781,30.0,15.0
36d536a5-b658-4562-a918-395102d53b2b,94.43573956256128,62.586941188194544,165.04162688238125,40.94094036252822,0.12634772504355007,0.0072813125597643085,0.5113169182398989,0.01710296700649378,0.1496175521996119,62.58693899662683,22.517348022727273,900.0,50.0,407.27588383838383,0.16982541343694404,30.0,15.0
36e9b880-a1b5-4688-b408-75982f4ca9d8,44.217609092576666,55.64338855592648,42.640250995662065,-22.156040828454447,0.21892043102883,0.017362218801083754,0.5203744869938972,0.013515399078597128,0.3521600885788701,55.64339105310624,25.011565351010102,650.0,70.0,407.27588383838383,0.04796556947260091,30.0,20.0
37128ad8-beba-4803-9750-73eface05495,88.14882784148197,58.86124575203296,159.01761501641948,36.97965838343565,0.1244599004811658,0.0072734984719802186,0.5096938795718644,0.016627214294910504,0.1483372630717569,58.86124505630619,22.517348022727273,1200.0,50.0,814.5517676767677,0.16982541343694404,30.0,15.0
376b96fe-2bfc-46f6-9261-eeec89560ef1,120.18574474124439,64.44544432404675,257.716355120602,92.47657468833343,0.0969255598337963,0.005194779469044613,0.5220464301339962,0.018824654658061588,0.10969363842586803,64.44544539860382,25.011565351010102,1200.0,50.0,814.5517676767677,0.2509799004147781,30.0,20.0
3790b3ac-1457-4f03-b095-1348a2696538,111.9108802307696,64.50734150003616,249.16598027765403,88.24953667338697,0.24201253864841116,0.004603049516550926,0.48827919084008836,0.018119430741698556,0.21768508664785238,64.50734168805407,22.517348022727273,650.0,110.0,678.7931397306396,0.2509799004147781,30.0,15.0
37fa2609-b305-49a5-8fc1-d51f1907a89a,94.38396035682992,61.689423044316285,179.38981740313582,49.346286350038206,0.24698903257460017,0.006399217182723064,0.4715040252849326,0.017155530142722104,0.27115409043983957,61.68942591233908,20.0115655155724,900.0,110.0,407.27588383838383,0.16982541343694404,25.0,15.0
386878b9-131e-4874-88da-bcab11738265,40.752436969074864,53.24283274322133,38.32760825731549,-24.87771216121041,0.22081970392403197,0.017082140213531147,0.511027682260627,0.012655133730488924,0.3540442808858835,53.242832156028975,25.011565351010102,900.0,70.0,678.7931397306396,0.04796556947260091,30.0,20.0
38955143-3abb-4ece-aa9d-ca37013d20c9,75.47301471889818,57.55358099228744,113.48896941923657,15.545362980938837,0.16244948383827862,0.010870037028040826,0.4978704559463385,0.015314060051846434,0.25125892435444036,57.55358297490191,22.505782674242425,400.0,70.0,678.7931397306396,0.10036192065991252,25.0,20.0
38acda2b-4ede-422d-bdaa-69ad8ed90ad2,43.259646990247155,53.142607541358146,42.953684781332306,-22.823754601648773,0.21836167116761365,0.01766706278409091,0.5138069104251896,0.012889131346914865,0.34775760846480935,53.14260830454437,22.505782674242425,900.0,70.0,814.5517676767677,0.04796556947260091,25.0,20.0
38c8c662-e135-4deb-8e41-c69fdfa3520c,43.79258449746309,53.50839687127169,43.477814675445615,-22.611741567585188,0.21579838314130895,0.017719463645843855,0.5165910320884889,0.012972559626766038,0.34756744570351694,53.50839535000787,22.505782674242425,900.0,70.0,678.7931397306396,0.04796556947260091,25.0,20.0
39226abd-7b14-4075-999a-15b694ae23e1,103.50582242865059,67.20203610975165,193.7518749659794,60.10286855537915,0.2248081901677189,0.006490054118571128,0.4739186059736953,0.018808786095904764,0.2695594650047451,67.20203515541063,25.011565351010102,1200.0,110.0,271.51725589225595,0.16982541343694404,30.0,20.0
3944d914-d81d-4abe-971a-0a6fa909c770,43.15169516750721,51.37745164640525,39.76898894239934,-23.98479102395793,0.3317358963179714,0.015339486398095539,0.4269264162734639,0.012877508866777956,0.45640691534898914,51.37745074378064,22.517348022727273,1200.0,110.0,271.51725589225595,0.04796556947260091,30.0,15.0
39aaba15-463e-4886-9018-cfd409f9d2e4,93.81882562381354,61.54358973719334,179.70551799010605,49.3939383209511,0.2467654620747054,0.006424505214656987,0.47195144508722653,0.017193458098454486,0.2712086389521672,61.54358930591343,20.0115655155724,650.0,110.0,814.5517676767677,0.16982541343694404,25.0,15.0
39e6e0f4-efc4-4619-8173-4023ecc79d64,115.63287524826215,64.98059177099071,250.71243314741486,89.65316162910072,0.20101095923048196,0.004876462880324074,0.4997818224148253,0.01798767518417846,0.18689144159313345,64.98059211923832,22.517348022727273,400.0,90.0,678.7931397306396,0.2509799004147781,30.0,15.0
3ab0923e-cde4-4add-a053-33eaadd047f2,72.58443492670963,58.643229642783844,106.90983945380937,10.117393510977687,0.18645154280139942,0.010435527631997055,0.48508730249168763,0.015505990434074425,0.2558947231467802,58.64322894449092,20.0115655155724,650.0,70.0,678.7931397306396,0.10036192065991252,25.0,15.0
3b30dbe5-09eb-46d1-ad6e-27f621bc4ca1,69.94791154102191,56.00785058744621,106.82507339697463,11.894252673925111,0.28032957603314396,0.009622657824231903,0.45223278469560185,0.01553496103471001,0.34834455065499065,56.007851016938005,22.517348022727273,400.0,110.0,407.27588383838383,0.10036192065991252,30.0,15.0
3b8f69f4-ecc4-4435-9f85-29724b78fc44,72.00824810653708,57.99146876167839,110.70184342962189,15.239760061576627,0.245517070081755,0.009856879526893939,0.45833213058522726,0.01588746052402029,0.3480643820654982,57.99146908586421,25.011565351010102,400.0,110.0,814.5517676767677,0.10036192065991252,30.0,20.0
3c0f6078-e196-473f-a134-e3fd9e72145c,97.28190760804488,63.99010230768393,179.85164924331622,50.41277451698796,0.14864124089741163,0.007091420271622476,0.499560412858165,0.01795077471156516,0.19339264416221194,63.990100608026346,25.011565351010102,650.0,70.0,814.5517676767677,0.16982541343694404,30.0,20.0
3c434082-162b-415f-a49b-53cbd9700e12,113.98526733641118,64.30545916662244,262.76009290893086,96.12266615042206,0.2033814359714331,0.004683932091803451,0.48978737581755044,0.018949197147148537,0.21158312752172834,64.30545910629996,25.011565351010102,1200.0,110.0,814.5517676767677,0.2509799004147781,30.0,20.0
3c5bc552-8d6a-41f9-8b8d-dc0f4cc76650,133.28447623601488,67.53575034261601,299.0200184762153,118.23303610183684,0.19524033610448233,0.004705848613657407,0.4960223951084806,0.019028698552335934,0.2049340307273916,67.53575059530505,22.505782674242425,1200.0,110.0,271.51725589225595,0.2509799004147781,25.0,20.0
3c61cf74-64ae-4845-884e-f490f19827d1,41.18296271515546,52.07459858710307,39.501983281165195,-25.486468475855972,0.23631532626167928,0.017513174177135944,0.4904660607382156,0.012651834232752167,0.3502355613761137,52.07459835894963,20.0115655155724,1200.0,70.0,678.7931397306396,0.04796556947260091,25.0,15.0
3cdbd3db-ad03-4e8b-8e90-4d48e85e3433,96.2047833462507,63.898837235883974,181.91233213478785,51.926663489464744,0.18640336263894153,0.0068160416969065656,0.4860844350984848,0.01802612148970838,0.2346140317627274,63.89883658586351,25.011565351010102,650.0,90.0,814.5517676767677,0.16982541343694404,30.0,20.0
3d7fe911-64d0-44b1-bfd8-e516a2108cfa,124.59311225614354,68.50261807278608,277.21948234018515,105.91224368732983,0.2064051057941919,0.0046693316369633845,0.4907462555117845,0.019622037329055722,0.21152346051190699,68.5026174010488,25.011565351010102,1200.0,110.0,407.27588383838383,0.2509799004147781,30.0,20.0
3e4ac639-3719-4535-a945-3ba9d0784132,75.38615142198445,58.469326230917495,117.4832780868762,17.91753580839252,0.23721457691287876,0.009706756659069865,0.45843235315056813,0.015785654444365818,0.34165340288714274,58.46932396594122,22.505782674242425,900.0,110.0,271.51725589225595,0.10036192065991252,25.0,20.0
3e7bd33e-d8b2-48fb-9dc3-578794be0296,44.82443973828013,56.90867144489202,45.23383775237594,-20.431947580276717,0.171427601190867,0.018673997194970537,0.5782405551957069,0.013970519768288815,0.2793021652286271,56.908671813107105,25.011565351010102,400.0,50.0,678.7931397306396,0.04796556947260091,30.0,20.0
3ea55983-95e8-4755-bea0-754641c339bc,116.60697400587907,63.83341026691007,255.40133097449714,91.02659207511651,0.19043001775289353,0.004795559997569445,0.5001554794712753,0.017777265570745455,0.18346301374351914,63.833409399821925,20.0115655155724,650.0,90.0,678.7931397306396,0.2509799004147781,25.0,15.0
3ed448cf-6f02-477a-bc72-2f6c8cd34129,71.07260937485,58.238550506010576,102.33649303152883,7.206689663236275,0.1392539340406671,0.01093010460770202,0.5056908549365531,0.015165829356777294,0.1992084426440254,58.2385506518767,20.0115655155724,900.0,50.0,407.27588383838383,0.10036192065991252,25.0,15.0
3edeb111-4adb-472d-a5a8-6da2e0ff2e08,117.36467408840055,65.29493502589936,262.9268218695069,96.44140624370999,0.16944000204803236,0.004859766097253787,0.5001553260820182,0.018946508280205887,0.18128026979659462,65.29493609599452,25.011565351010102,900.0,90.0,814.5517676767677,0.2509799004147781,30.0,20.0
3f18268b-39b3-4f28-8044-ded4bd53ee2a,35.62660655798888,51.243825041988046,33.28331887374595,-28.520094383059067,0.166854073632681,0.01787762990677609,0.5500828177714647,0.011678196990942332,0.2845056621163295,51.243823816156564,25.011565351010102,1200.0,50.0,678.7931397306396,0.04796556947260091,30.0,20.0
3f3cf5f7-21c6-430b-b1eb-c97911c447f6,42.38817651228493,54.573104275464324,39.8214116743882,-23.76104914833838,0.21802761549295033,0.01718593951999158,0.5138592164094067,0.013003508098723447,0.3539059199705752,54.573103919759504,25.011565351010102,900.0,70.0,271.51725589225595,0.04796556947260091,30.0,20.0
403113c0-38dd-4d91-a7f5-b3ae3529ee82,44.984194033230395,51.297150352338804,44.309385314990166,-22.142759424433272,0.32331932777546296,0.0160020421010101,0.4309918659768519,0.013348899851125966,0.45020973585773244,51.297152289388016,20.0115655155724,900.0,110.0,678.7931397306396,0.04796556947260091,25.0,15.0
40313de7-5499-42e5-a056-10b277bcc3e1,128.22522834166926,64.19046131519623,273.28240563906365,101.9684332641571,0.09238684643267045,0.005147426889215068,0.5248681343730008,0.01831006936158887,0.10686956607999176,64.1904617021915,22.505782674242425,1200.0,50.0,678.7931397306396,0.2509799004147781,25.0,20.0
407959f0-f3a2-4e07-b773-6a0379ad2a4f,43.311196841872686,48.27521059106841,45.455166489383494,-21.305612232264455,0.23543557668507992,0.018456237477114903,0.5251829849747476,0.013369856195282269,0.33816749807673574,48.2752107315521,20.0115655155724,400.0,70.0,271.51725589225595,0.04796556947260091,25.0,15.0
409cd8c2-c53e-486b-ace1-ec184f1527bd,128.03855800861768,66.48752725866831,289.6316751854908,112.50902487022533,0.19564179567397938,0.004658976636332069,0.49467087233207063,0.018836791162233045,0.206050135754087,66.48752726965242,22.505782674242425,1200.0,110.0,407.27588383838383,0.2509799004147781,25.0,20.0
4135e097-73e5-4bfd-a885-0c340a921dff,72.85980903569312,59.14167417598748,109.55524806504262,14.349684314356686,0.20901027884038298,0.010260276294907406,0.47511490113878363,0.015868670618267966,0.30642720621378816,59.141674665519304,25.011565351010102,400.0,90.0,814.5517676767677,0.10036192065991252,30.0,20.0
417e3441-350d-44a4-93c1-78441fa56841,46.06874694323317,51.48337895093326,46.58219987796126,-19.927161709505487,0.2903966714560185,0.01636246591172138,0.45780827291456233,0.01326236243538618,0.4476052256122227,51.48337944041514,22.505782674242425,900.0,110.0,407.27588383838383,0.04796556947260091,25.0,20.0
41830502-695b-46de-a35a-c03bdad5c803,126.95139738842333,68.7916740192404,269.51790083343224,100.66408703355103,0.20337819799915824,0.004789406980176768,0.4996961431832385,0.018999904338707376,0.1834222848691269,68.79167351527322,22.517348022727273,900.0,90.0,271.51725589225595,0.2509799004147781,30.0,15.0
4198fb6d-c3b8-424f-abe8-3341d2141ba5,74.63352427488455,57.97322463953824,117.31894282178585,17.664311782502175,0.23694628718223903,0.00974469964363426,0.4591254146750842,0.015772791672283702,0.341414193864706,57.9732242580015,22.505782674242425,650.0,110.0,678.7931397306396,0.10036192065991252,25.0,20.0
41fd68ef-7f40-4bbc-ac23-f538b63a01de,43.98376290880706,49.337673771987426,46.014524295120616,-21.17260386466335,0.2363477094225589,0.018397063642255893,0.5217343648337542,0.013542521152858788,0.3390002718934588,49.337671758382214,20.0115655155724,400.0,70.0,407.27588383838383,0.04796556947260091,25.0,15.0
42097367-44d2-4d59-a344-9db12adf65b5,36.418949968724114,51.45237905556974,33.91002547842917,-28.719488635909162,0.185899665924032,0.017951811538562713,0.5314089903706859,0.011961710721421008,0.28386314613315994,51.452379037643304,22.517348022727273,1200.0,50.0,407.27588383838383,0.04796556947260091,30.0,15.0
4233fa8a-f7f7-4d18-b723-93acbda96f64,41.862808845389125,43.06404389219147,45.54897808600424,-20.204282025560964,0.2827948277584175,0.01711740763515362,0.48780168647474753,0.012675423071996525,0.4357890054990619,43.064043636080015,22.505782674242425,400.0,110.0,271.51725589225595,0.04796556947260091,25.0,20.0
425218f0-ac52-49f1-8a52-e7f9e11be5d2,111.2608659085011,66.01407009556576,196.32529037747054,59.9605630121503,0.10478103957813552,0.007302193382596802,0.5183607623483796,0.017966505861351727,0.14221589090429373,66.01407068688323,22.505782674242425,1200.0,50.0,271.51725589225595,0.16982541343694404,25.0,20.0
42721896-4649-4aa9-9894-7552c5ed7611,115.39177768283324,64.94780711403581,250.78917287297656,89.71171126731903,0.2012832071318918,0.004871787461258418,0.49941388971822387,0.018002628781988512,0.18680683607840443,64.9478071051384,22.517348022727273,400.0,90.0,814.5517676767677,0.2509799004147781,30.0,15.0
4299e321-22de-4537-9a54-bd621bb1f586,106.07903313538036,66.84588251721397,185.80252142420252,55.553198817235284,0.11019904850392466,0.007575350522643098,0.5191168505137836,0.018097961800809245,0.14766855289047717,66.84588350097592,25.011565351010102,400.0,50.0,271.51725589225595,0.16982541343694404,30.0,20.0
43a12912-dbf1-4e1a-928a-ecd55709a91d,128.9618303676433,68.43204790110016,286.2327299514134,112.62826479524833,0.2054152628661616,0.004799593577167508,0.49302709862026517,0.01948996545283613,0.21071152707369792,68.43204745497525,25.011565351010102,650.0,110.0,271.51725589225595,0.2509799004147781,30.0,20.0
4407b6b4-e104-4e40-8006-dd78d117202a,131.89555169319834,66.77553236203485,296.23664940118397,116.65522389041361,0.19481067068728952,0.004739051788289142,0.49593397806523565,0.0188084399025759,0.2054916940164664,66.77553056277709,22.505782674242425,900.0,110.0,271.51725589225595,0.2509799004147781,25.0,20.0
4481ea3c-bfcf-4c38-a06e-e4f9dc706227,70.72269974490749,56.202465977402326,105.16806985152367,9.481858407440512,0.12058945491193183,0.010939531449631732,0.5085673391265781,0.014967862916673803,0.1949391181490233,56.2024652372166,22.505782674242425,1200.0,50.0,814.5517676767677,0.10036192065991252,25.0,20.0
44862ee4-5670-4542-8372-17a22ed6764b,71.76562376933303,58.50289716367689,102.16686086944684,7.397491913893408,0.13933651433491162,0.010895023201536198,0.5052097845038932,0.01513089327219617,0.19933663630291718,58.502899307534285,20.0115655155724,1200.0,50.0,271.51725589225595,0.10036192065991252,25.0,15.0
44b7c56f-d2da-4130-9f85-1bc1dc50a373,74.28469117009932,56.40684277536159,114.6239580427147,16.33620732871183,0.19975481292792507,0.010420112335679712,0.47881506970265153,0.015328371803438903,0.2989465828685198,56.40684437530488,22.505782674242425,400.0,90.0,814.5517676767677,0.10036192065991252,25.0,20.0
450d1715-9393-43df-a1a1-63da2b9a69d6,70.56272681580491,58.61156911418184,107.53027705522067,12.187422966287373,0.24624111687899836,0.009546766415425085,0.45328407621559336,0.01598146530699688,0.34958656300489027,58.611569038816114,25.011565351010102,900.0,110.0,407.27588383838383,0.10036192065991252,30.0,20.0
45504450-df67-4daa-86bc-c4877f437ff2,72.53555242162007,59.90947710983452,103.11996275536133,9.24887845393343,0.14515331386000635,0.011141848133785773,0.512239795216856,0.015498674661390504,0.20157587235662014,59.909475917528574,22.517348022727273,400.0,50.0,271.51725589225595,0.10036192065991252,30.0,15.0
462e51a8-ec0e-4b8b-ac32-0dd1b2e8194a,75.14770225655842,58.841986243256216,113.02203503899713,14.657654966287556,0.16296968082922975,0.010569031779661196,0.49224155472948233,0.015574506220454103,0.2518476608405391,58.84198560206579,22.505782674242425,650.0,70.0,814.5517676767677,0.10036192065991252,25.0,20.0
46af4cb2-75f9-43a1-8323-14808257560d,113.08321105984827,63.54096632000671,241.05711582240036,82.81002594770015,0.15773605915464012,0.004965845461805556,0.5084977741757681,0.01789148341759834,0.1511514827115027,63.54096523517669,22.517348022727273,900.0,70.0,678.7931397306396,0.2509799004147781,30.0,15.0
46f07325-a5ef-4465-b482-02cefd88b5cf,41.367137097731444,51.811387062031656,40.35237880549133,-24.236763052732403,0.21485335071117423,0.01759901165601852,0.5109084231801347,0.012380311433158684,0.34892220769798965,51.811388438121064,22.505782674242425,1200.0,70.0,678.7931397306396,0.04796556947260091,25.0,20.0
46f17758-f038-4090-9859-e169b7feedc3,124.90796049777184,65.02559544405597,278.6219406399963,106.04011669508087,0.16199012890819653,0.004875373935174664,0.5044186132956651,0.018316798348835702,0.17766563947947944,65.0255936322567,22.505782674242425,650.0,90.0,678.7931397306396,0.2509799004147781,25.0,20.0
4755e59e-ede6-4bf5-aa5b-6ed909ddf398,44.80609787598823,51.45210742869422,43.6555242541021,-21.661580819858774,0.33124910921454126,0.015711352872190658,0.43389379186174243,0.013561815649975474,0.45171271349952397,51.452105553222125,22.517348022727273,650.0,110.0,407.27588383838383,0.04796556947260091,30.0,15.0
478595b2-ecca-44ea-9ff9-7170ff7d74a3,70.03799993226258,58.54060366695655,103.97402012624741,9.250686771806972,0.23931775981902353,0.009806397120812292,0.46514794832144357,0.015655336126000657,0.30847720035744836,58.54060661743753,22.517348022727273,650.0,90.0,678.7931397306396,0.10036192065991252,30.0,15.0
4874668f-24cc-479e-b9a8-522c341204a3,88.17841879814898,58.987324941252965,158.29639864950497,36.572071480132095,0.12448542606962332,0.007276109146085859,0.5099236880287248,0.01658813857117583,0.1487180943562794,58.987324102461216,22.517348022727273,1200.0,50.0,678.7931397306396,0.16982541343694404,30.0,15.0
4878d5e2-05bd-441a-8364-08a9e9d8e570,63.218830638084874,54.72708725898446,91.38174825787205,1.1171965014697587,0.14159711358854166,0.010798566821559346,0.5013009915867003,0.0145275696585097,0.20152998815797604,54.727085852162084,22.517348022727273,1200.0,50.0,678.7931397306396,0.10036192065991252,30.0,15.0
4889a587-a105-4fd9-92c4-35f9564992bd,73.75006287429427,60.19640848262623,111.16717714812903,15.260279306137955,0.24740192235037878,0.00963926356288931,0.4559418404601221,0.016165981239723144,0.3493859955191432,60.19640676468819,25.011565351010102,650.0,110.0,271.51725589225595,0.10036192065991252,30.0,20.0
48a821b0-eeea-4f01-8163-a7d19d6d8176,35.17636122497992,50.45189366925994,32.88832712650993,-29.28786247226112,0.18509398872537877,0.01792224743323863,0.5295279526843435,0.01167245424585487,0.2837855169516312,50.45189450187109,22.517348022727273,1200.0,50.0,814.5517676767677,0.04796556947260091,30.0,15.0
490ea002-90d1-45c7-99e3-792f07d89abf,39.742971344864685,50.26880592128856,36.5697691134659,-26.494790488858577,0.2858328098062921,0.016078841207091753,0.45282323255871215,0.012269409037823125,0.4105004378690818,50.26880614939333,22.517348022727273,1200.0,90.0,814.5517676767677,0.04796556947260091,30.0,15.0
494bb558-dbd7-443d-aad9-3d58f311f172,44.46559070459993,55.42246499331678,45.040311606411265,-21.287263952333806,0.191659699836069,0.018805601998000843,0.5585032914974748,0.014036153004730819,0.27745693038130853,55.42246696367068,22.517348022727273,400.0,50.0,271.51725589225595,0.04796556947260091,30.0,15.0
4a08005f-3cc1-40c2-835b-4a71a34ca2e7,43.73372383300214,48.33962100221706,44.44136631434097,-19.840544176569814,0.29362514717413724,0.016369244280723907,0.4726987817844066,0.013326342487013325,0.4463284181010178,48.339621969100534,25.011565351010102,400.0,110.0,678.7931397306396,0.04796556947260091,30.0,20.0
4a106739-fb25-46ac-96bf-9317e490fa1f,72.74373257429332,58.73050361022551,109.21920927664763,14.34529082577874,0.20864812624789567,0.010304062538909935,0.47514787228661615,0.01582210995442535,0.3062563529966985,58.730501695060845,25.011565351010102,400.0,90.0,407.27588383838383,0.10036192065991252,30.0,20.0
4a66fe2a-65c2-4d64-acf6-15927d1d005d,98.11507380620547,62.46818827497276,172.88387036865012,45.08679189731359,0.12100138200407194,0.00728904350005261,0.5131249283437502,0.016968203951707353,0.14730805465468494,62.46819012568171,20.0115655155724,900.0,50.0,407.27588383838383,0.16982541343694404,25.0,15.0
4ae7f762-61e1-44f6-8e3a-9cc89e24db60,67.34754924536969,56.49691283144666,102.46271804579423,8.599024624873042,0.20703757366414144,0.00993028903862584,0.46714798296443605,0.015524744280784101,0.3060224515958477,56.4969116514214,25.011565351010102,1200.0,90.0,678.7931397306396,0.10036192065991252,30.0,20.0
4cf3145c-befb-4d2a-91b9-53fa7841969c,44.433056506997474,55.811923299546784,45.33715211283401,-21.75265954596285,0.17276078079008841,0.018814824116940243,0.5607980303556397,0.013452589446444264,0.2770153813476482,55.81192297566792,22.505782674242425,650.0,50.0,814.5517676767677,0.04796556947260091,25.0,20.0
4cf5045c-525e-466f-9bf9-3285d638952f,110.61429385563113,61.86746693644844,250.89328071686109,88.32480416246563,0.22787082029192968,0.004567739359522306,0.4890512468893308,0.0176042395973855,0.2136276959782886,61.867467093077764,20.0115655155724,1200.0,110.0,814.5517676767677,0.2509799004147781,25.0,15.0
4cf50f29-9314-4e75-894c-636590667044,67.78637021782615,55.831414997284604,100.45110631368652,6.0339020268717585,0.184547221449758,0.01030237274056187,0.4815710725507154,0.014921164214402744,0.2560809207945925,55.83141641975246,20.0115655155724,1200.0,70.0,814.5517676767677,0.10036192065991252,25.0,15.0
4d2726f1-25b5-4662-a9b3-f98793a12bd0,43.800668879220176,47.734785085602795,45.81738554003848,-21.027045834446675,0.27925656827398987,0.017457986631576182,0.48254753881523565,0.01344310992278528,0.39444166506479794,47.73478610914007,20.0115655155724,400.0,90.0,678.7931397306396,0.04796556947260091,25.0,15.0
4d54f13b-d66a-41dc-9cdc-a9d43539ad39,65.97038872116146,55.66147026879028,99.15049033462275,6.344091689974336,0.27998129899221375,0.00926785071561448,0.44671828920880674,0.01520039653791614,0.35176081157236855,55.66147389379152,22.517348022727273,1200.0,110.0,407.27588383838383,0.10036192065991252,30.0,15.0
4d784dd6-4d72-4782-a8cc-0d38ea0bed6a,124.63012442085288,65.83180266436314,274.8369403861467,102.34731364286979,0.22966792204056188,0.004629588494507576,0.4913067970451388,0.018408460979256778,0.2113057842763604,65.83180151719455,20.0115655155724,900.0,110.0,271.51725589225595,0.2509799004147781,25.0,15.0
4daa2a2e-3f67-4873-bab1-cde726e3b161,119.51015650792178,63.55433683785123,254.01928199508563,90.80735342560051,0.15004666559491794,0.0050980414396254205,0.5122731483059764,0.017533177528894942,0.15012924686964435,63.55433319566547,20.0115655155724,400.0,70.0,678.7931397306396,0.2509799004147781,25.0,15.0
4e1e2c4a-25fd-4ae7-acdc-a185d6d74ccb,98.86801198168827,63.352162995352835,186.07338914294195,53.33586079599838,0.24792080015961698,0.00640986944553872,0.47249927343623743,0.017497271579894218,0.26985777433788455,63.352163928242035,20.0115655155724,900.0,110.0,271.51725589225595,0.16982541343694404,25.0,15.0
4e492a45-5c95-4f93-888a-b5c059a6b8b1,75.30030991138042,58.41459306546791,115.81726197747612,16.562869431045364,0.2014763019537037,0.010195638238731061,0.47456731384027784,0.015676419027237744,0.2997848986693513,58.41459294690344,22.505782674242425,650.0,90.0,407.27588383838383,0.10036192065991252,25.0,20.0
4e6e7e16-0382-4a46-8776-b36138a0260f,95.05390272802026,62.58254719924478,177.4329744767596,48.399685150936655,0.147594154272359,0.007052995717045454,0.4983352471759258,0.017838176233047728,0.19240992654214384,62.58254847985193,25.011565351010102,900.0,70.0,814.5517676767677,0.16982541343694404,30.0,20.0
4e8d96d4-418e-4c8d-82ff-74fa1de12d39,75.04650082191063,58.50328271160051,115.32350223105637,15.969538723755619,0.2010018706021675,0.010145572740393518,0.47497248254103536,0.015680635447971273,0.2999936255924548,58.50328408451075,22.505782674242425,650.0,90.0,678.7931397306396,0.10036192065991252,25.0,20.0
4edc635d-a903-4bbf-aadd-db0f8ec7d6af,71.38928959725405,56.444405223865026,112.79599483866612,14.359715605619161,0.23581786631029036,0.009584818171201598,0.4561390443298611,0.015518108852190285,0.34171891507564817,56.44440543962356,22.505782674242425,1200.0,110.0,814.5517676767677,0.10036192065991252,25.0,20.0
4edda7f8-a152-4863-8e18-4465ea2535f8,126.95066830076658,65.87803702305081,287.57819550221797,111.76135571425014,0.19531546503998315,0.004735784820854378,0.4955591965390887,0.018546413023331647,0.2073404455071668,65.87803773284979,22.505782674242425,650.0,110.0,407.27588383838383,0.2509799004147781,25.0,20.0
4f12a08f-6ed4-4dea-b521-0ca795951ca2,71.76132291382957,56.64101052761451,110.66581266731252,12.956108874744968,0.27005744710984847,0.009556955946980217,0.45092775789688555,0.015580366831137523,0.3450898066568811,56.6410111435832,20.0115655155724,650.0,110.0,407.27588383838383,0.10036192065991252,25.0,15.0
4f2d9215-012c-4315-bad3-ce8c464f369b,90.16575249939251,59.691843255884955,173.9386701032345,45.74022489827689,0.24569403278025043,0.006361805180818602,0.47039272257328485,0.016888472464464944,0.27069267574249145,59.691844364814216,20.0115655155724,1200.0,110.0,814.5517676767677,0.16982541343694404,25.0,15.0
4f3447fe-c355-48fe-a181-df94847648f7,43.16654212516576,51.909602804100565,40.30322078365728,-23.093049604636885,0.29722248961300507,0.015647714273137624,0.44812428674547555,0.012832249741344955,0.4573784803890624,51.909602781648736,25.011565351010102,900.0,110.0,814.5517676767677,0.04796556947260091,30.0,20.0
4f5fc497-f156-4744-af9a-1615b16c36de,73.182704396463,57.470462570816196,114.6203537979436,15.826413454281067,0.23626629260058923,0.009624857159185604,0.45714801058712123,0.015635910997389632,0.342045819522516,57.470462204567774,22.505782674242425,1200.0,110.0,407.27588383838383,0.10036192065991252,25.0,20.0
4f96b86f-5c4a-4563-baf6-77435b680cc3,93.886538606753,62.489037437355044,179.40026655793645,50.092227662552425,0.185267748160564,0.0067797522138362785,0.48482588935332493,0.017920509661051163,0.23351420201948023,62.48903803290459,25.011565351010102,900.0,90.0,814.5517676767677,0.16982541343694404,30.0,20.0
4fa075af-4be4-4f98-9660-7590c177959b,91.098158165569,61.51378630629244,166.7405183615382,42.519077725465976,0.2158076622968224,0.00662981818739478,0.4811585791846591,0.017126670300703868,0.2381099607399262,61.51378424898877,22.517348022727273,1200.0,90.0,407.27588383838383,0.16982541343694404,30.0,15.0
4fe1225f-0972-49c0-a755-d8ff976aeea5,124.96855111866105,67.48902762375859,272.08098579435426,104.5127947299029,0.17086083319960016,0.005010789727104377,0.5029817783613741,0.01888882445920147,0.18316794272488468,67.48902831991703,25.011565351010102,400.0,90.0,407.27588383838383,0.2509799004147781,30.0,20.0
50625f1e-727a-4843-a5f7-1688cbc5853f,41.401858493736555,50.14353447114799,38.27139518652443,-25.291477905568264,0.32960407429976857,0.01530325202823022,0.425616698898569,0.01255841456808405,0.45697658421427095,50.1435343877022,22.517348022727273,1200.0,110.0,814.5517676767677,0.04796556947260091,30.0,15.0
50841df6-e167-41be-ae2a-cc9701d3aa32,70.91939306043801,56.233987312696165,107.77090690972253,11.126648989992049,0.1613479593310185,0.010445347105713383,0.4883102467768307,0.015149235385669828,0.25143261322935273,56.233987096687855,22.505782674242425,1200.0,70.0,814.5517676767677,0.10036192065991252,25.0,20.0
50901ed1-7c7c-405d-9a2d-dae0d6e37077,119.2904185838109,63.26129683097468,276.9966989163341,104.54466984331059,0.19369270486474116,0.004658022987100169,0.4936648281420981,0.018335905121570264,0.2063090107629326,63.261297263666584,22.505782674242425,1200.0,110.0,814.5517676767677,0.2509799004147781,25.0,20.0
50e0a14b-2728-4645-9960-5022b1ae603f,44.60134005067488,50.922230884893004,43.71462222968871,-22.575519859326004,0.32305586200031566,0.01597627327672559,0.42978459141151093,0.013207956226138497,0.4503057817177376,50.922234503829614,20.0115655155724,1200.0,110.0,407.27588383838383,0.04796556947260091,25.0,15.0
510f4794-ecaf-435a-8ad2-1f6029a26e54,126.29985857182629,65.80789899357369,257.66706515613384,92.07492886959133,0.10965299449180345,0.005124169218949915,0.5227178697521044,0.018080789096481982,0.11109519061522731,65.80790105581522,20.0115655155724,1200.0,50.0,407.27588383838383,0.2509799004147781,25.0,15.0
51ea911b-446a-49c8-ae2b-2acd2307005f,121.12028177341836,63.253221110199576,276.509908386397,105.79720384391793,0.19381111506444657,0.004841002181050084,0.4958359209060921,0.017836642851097692,0.20961324486649865,63.253219727611395,22.505782674242425,400.0,110.0,678.7931397306396,0.2509799004147781,25.0,20.0
526f1a40-b770-4076-9d3e-07b97a28eb02,100.90328687646945,63.02417880166633,195.86056575746034,60.457009509057244,0.2127026816133207,0.006609464283606902,0.478425846629998,0.017588041951675102,0.26519237338342033,63.02417723766245,22.505782674242425,650.0,110.0,407.27588383838383,0.16982541343694404,25.0,20.0
52883f04-1fe8-4401-a577-0a8adcd6e06f,70.66533974776137,54.31524952140517,107.49742498490819,11.489449117103614,0.2266517279243477,0.010315769427882997,0.4711290184568603,0.015066274704142226,0.3018472173319811,54.315248482614805,20.0115655155724,400.0,90.0,407.27588383838383,0.10036192065991252,25.0,15.0
52d455f6-9b47-45b0-986a-8fd9658f7165,116.42295759358265,62.068861018028656,244.79548765477213,84.51481194919836,0.10849096727852484,0.005124474418150253,0.5214615544750105,0.01745602081277002,0.11118077849988246,62.06886021495052,20.0115655155724,1200.0,50.0,814.5517676767677,0.2509799004147781,25.0,15.0
53071b97-2eb4-4efb-9fba-fb8f0f073e48,43.26609437451274,50.5863866582943,41.48053410560812,-23.856343548354282,0.32275889267476854,0.01582694586447812,0.42647640034175077,0.012853639103923807,0.4529267904220833,50.58638406884239,20.0115655155724,1200.0,110.0,814.5517676767677,0.04796556947260091,25.0,15.0
538ac339-b697-4668-9284-dd67cb7c9263,120.51689327155796,64.1459723879342,250.59115723468094,88.10750018935471,0.10937954183817339,0.005176382245275673,0.5226645137437922,0.017699363470420018,0.11198996984293014,64.1459741380475,20.0115655155724,650.0,50.0,814.5517676767677,0.2509799004147781,25.0,15.0
54325680-4d5a-4238-8e2b-ec066332a039,125.23514598531622,64.25290975892321,274.70201659535445,103.0900243790952,0.12724042024421295,0.004996698520949073,0.5139981165051556,0.01828987866868122,0.14351066805117013,64.25290902925558,22.505782674242425,900.0,70.0,814.5517676767677,0.2509799004147781,25.0,20.0
54488881-369e-43b7-9568-0832f6f23717,46.18817748879024,51.27270385316237,47.05182094754045,-19.58937705625985,0.2902885724464436,0.016423279950704965,0.46055560424915826,0.013319363419252737,0.44672713716486306,51.27270432634422,22.505782674242425,650.0,110.0,814.5517676767677,0.04796556947260091,25.0,20.0
549706b9-4147-41f9-9eb1-cca4bf3fa7ec,114.25356775173579,62.339896594272304,256.66368874924007,92.51646885952314,0.22817124590840698,0.0047169521128367,0.49101840817355846,0.017519134535380128,0.2151982220462424,62.33989585217967,20.0115655155724,400.0,110.0,814.5517676767677,0.2509799004147781,25.0,15.0
54b3949b-b93d-435f-84fe-61f7cfa6deb0,71.816622167856,59.33391194433408,110.00068510738214,13.885988524167612,0.24690971949400253,0.00959838863705808,0.454609369545139,0.016130168129858784,0.34913629164218585,59.333912244265896,25.011565351010102,650.0,110.0,814.5517676767677,0.10036192065991252,30.0,20.0
550c78d9-5947-4c79-a542-5683b873bd21,101.65422617854651,65.92174955903438,174.20319894186824,46.96059345809297,0.1278297391524937,0.007274803095801767,0.5128797263438553,0.017715547136575485,0.1491541239653184,65.92174880452036,22.517348022727273,900.0,50.0,271.51725589225595,0.16982541343694404,30.0,15.0
554fe41a-e614-4eb4-9e12-2d13b7beb1f9,42.67367358996137,51.439888355226046,40.9765428666799,-24.41773380274917,0.2818061618531146,0.016638357382765156,0.4556415144421295,0.012842015736776654,0.40612040263412913,51.439890653193544,20.0115655155724,1200.0,90.0,678.7931397306396,0.04796556947260091,25.0,15.0
55fa7ac4-5103-4d16-859b-eec6dc52c418,116.06878228968516,62.754108460787386,248.7402853314268,86.9748772600557,0.14962291790952228,0.004930472907354799,0.5099392950289352,0.017597392678976538,0.14865904499541513,62.75411043302994,20.0115655155724,1200.0,70.0,678.7931397306396,0.2509799004147781,25.0,15.0
560c35dd-6dda-401b-b813-9585193bd24c,99.27825213120498,64.71987657113131,184.59779046677315,55.031053311887135,0.18700389241066917,0.006975583650294613,0.48833525760006313,0.017906300924346048,0.23600307096337722,64.71987609946065,25.011565351010102,400.0,90.0,407.27588383838383,0.16982541343694404,30.0,20.0
562ed6a4-50d1-4f2b-a811-8d95b8849bf2,71.84166709524979,57.76810944265329,110.40393568301255,15.302531512417024,0.24517009479724322,0.00986776427723064,0.45883889718844695,0.01584682770414431,0.34800617401904127,57.76810924450503,25.011565351010102,400.0,110.0,678.7931397306396,0.10036192065991252,30.0,20.0
56516b0c-96d0-4acd-adc4-7d574b22af66,97.55063241621549,62.4430428543829,173.22288507896437,45.141537704381655,0.12099008826334173,0.007316209347695706,0.5135388289255051,0.017005886196847984,0.14740610446919852,62.44304383173904,20.0115655155724,650.0,50.0,814.5517676767677,0.16982541343694404,25.0,15.0
56bab9dc-dc42-4990-97d7-e345a396bd73,66.49417984266968,56.688458208081514,97.43276348961443,4.790137731483006,0.19145963999647514,0.01025426702768308,0.48175624303282827,0.01508750259804651,0.25940762190600986,56.68845638313914,22.517348022727273,900.0,70.0,814.5517676767677,0.10036192065991252,30.0,15.0
56c159a1-795e-4aa1-83e7-17eb3c74fc72,93.39767103011046,63.205039770640944,175.23878552519503,47.90725251513582,0.26079233928598483,0.006387094463625842,0.47014615511263685,0.01751980470627884,0.27527908923355116,63.205037803315925,22.517348022727273,650.0,110.0,407.27588383838383,0.16982541343694404,30.0,15.0
56ec5ac4-628b-4480-a0fb-61b6f5465ebd,103.47584105307016,67.20821482087973,194.24775420771735,60.669519013901954,0.22492244021122682,0.006522281586784511,0.47447348470391415,0.01877499241357304,0.2698196478828127,67.20821565253895,25.011565351010102,900.0,110.0,271.51725589225595,0.16982541343694404,30.0,20.0
56f2479d-b4cf-45ff-afae-0d4594c8ed7b,118.81109076250378,62.70337211976926,258.36012771135654,93.49968540249981,0.18901509694257154,0.004938878868665824,0.5016388794748526,0.017505937062728884,0.18333523057206333,62.703371361933826,20.0115655155724,400.0,90.0,407.27588383838383,0.2509799004147781,25.0,15.0
58352181-fa19-4c9e-97a2-49b7f45787a3,68.2525152979276,51.82601358771144,106.61455885269669,11.03707735168852,0.26470886512952446,0.009928154412752526,0.4545476860247264,0.014816807505357969,0.34286878209388955,51.8260136969318,20.0115655155724,400.0,110.0,271.51725589225595,0.10036192065991252,25.0,15.0
584a9f5e-6923-440d-9bb0-473d91d7fbff,44.535422082499146,52.443635124976765,46.6002575637538,-20.94766857970368,0.18702131383733164,0.01943876993229167,0.5680995274789562,0.013803997001646806,0.27197423053833,52.443635112336565,20.0115655155724,400.0,50.0,271.51725589225595,0.04796556947260091,25.0,15.0
58f47d82-f3c8-4850-ad87-9b6c718682af,121.76673055675265,64.53116569908734,279.5369757722236,106.68245095020976,0.19498210633580598,0.004712433152556819,0.4946755061840804,0.018317114502623133,0.20805974466302346,64.5311650378814,22.505782674242425,650.0,110.0,814.5517676767677,0.2509799004147781,25.0,20.0
5951cbcb-3670-4b06-95da-3d0d9f2aac5f,71.56523059925222,59.50876858702804,103.2570992895979,9.577969074492799,0.16925783177746212,0.010379910979419194,0.486287554253893,0.015705308061208085,0.25850961505142506,59.50876838113267,25.011565351010102,1200.0,70.0,271.51725589225595,0.10036192065991252,30.0,20.0
597496cc-5f02-44b4-9763-fe19e982bbec,110.95952238320517,64.11471147195218,248.17084203298955,87.47927047874326,0.2418939565547664,0.004602673539941078,0.4880856561699074,0.01807006036451638,0.21756022010337414,64.1147122524204,22.517348022727273,650.0,110.0,814.5517676767677,0.2509799004147781,30.0,15.0
5a132642-ce73-430c-829a-2445d3d19780,64.03853660980894,54.87297338489662,94.31714469080663,3.0403216915781983,0.18988863357333752,0.010235309266024832,0.4805643600370371,0.014755780213860425,0.25906929429240105,54.87297398526506,22.517348022727273,1200.0,70.0,814.5517676767677,0.10036192065991252,30.0,15.0
5a43fd07-68be-4e28-8998-795c98f24605,112.64973711527692,64.22437266620463,246.21792271073994,86.1680828345691,0.20050376707312711,0.004792527436079546,0.49823871239614903,0.01802473515387352,0.18597930623294737,64.22437387139469,22.517348022727273,650.0,90.0,814.5517676767677,0.2509799004147781,30.0,15.0
5a821c8a-81e7-4d15-a97c-60295b90bfff,74.96429045520865,56.82363951396484,112.83514716282774,15.380118226909428,0.16239462249926345,0.01093472245770202,0.4977032856005892,0.015186417896550234,0.2510665173078886,56.82364071384083,22.505782674242425,400.0,70.0,407.27588383838383,0.10036192065991252,25.0,20.0
5a99d9c9-8e5a-4ecb-8a39-f5733178aa41,92.12291279335689,61.52341181699465,164.65218364441571,41.06340887997893,0.17160878819170874,0.0069363966675084175,0.49502380441703486,0.01704151417677027,0.196412477082927,61.52341307073769,22.517348022727273,1200.0,70.0,407.27588383838383,0.16982541343694404,30.0,15.0
5a9d2274-3a5b-4664-b937-ad4ff98e9ae9,99.57579479422904,65.01540657963155,181.90314632093737,52.66621652008304,0.1493554842824074,0.007227480821148989,0.501645955755787,0.017856128208401382,0.19489793936158942,65.01540596225678,25.011565351010102,400.0,70.0,814.5517676767677,0.16982541343694404,30.0,20.0
5ac7566d-1a8b-432f-b324-bcf7907510aa,98.64745046658399,60.89722802454494,186.51001749809367,53.51932678541596,0.14061477006823445,0.0070099727140361945,0.5009085843230219,0.01730699828490904,0.18706198936672794,60.89722472271926,22.505782674242425,1200.0,70.0,814.5517676767677,0.16982541343694404,25.0,20.0
5ada4536-d1bf-4635-a845-3561f1bcd279,102.92783300530925,62.21302495238604,189.63556347268707,57.01560699215704,0.14148649721790826,0.007306523748611111,0.5061582177232744,0.017077055548416167,0.1896547582514293,62.21302582103151,22.505782674242425,400.0,70.0,407.27588383838383,0.16982541343694404,25.0,20.0
5b30c608-1edb-462f-9427-f023bb928dbc,106.33979235822848,67.16128188842902,185.0185780740315,53.775020682791784,0.10989934871012204,0.007311885399800084,0.5150265464353956,0.01850776068434333,0.14629142542887458,67.1612834192224,25.011565351010102,1200.0,50.0,271.51725589225595,0.16982541343694404,30.0,20.0
5b839f8a-5edf-45a2-9bff-1a716a412fef,117.41060785936858,65.32674511088359,248.81251970589102,88.3353361767732,0.15923049274969492,0.005071334257807239,0.5106322460961699,0.017982412625216226,0.15232504663997917,65.32674414193362,22.517348022727273,400.0,70.0,814.5517676767677,0.2509799004147781,30.0,15.0
5c070cad-5453-4109-9131-8c864b0722a6,127.56425190689018,67.1674205933075,273.3313259012073,101.4442623086713,0.19168950816984429,0.004771415162584175,0.5010633933153409,0.018553016555289455,0.1809110321062877,67.16742259311684,20.0115655155724,1200.0,90.0,271.51725589225595,0.2509799004147781,25.0,15.0
5c7680af-a274-4240-8a3e-5c71949f99c1,41.497278319496175,51.46879700991672,38.086399860160896,-25.30513153181285,0.28730413345223066,0.016127824642476852,0.4548900269683291,0.012620524856266607,0.4100008668283157,51.46879929224957,22.517348022727273,1200.0,90.0,271.51725589225595,0.04796556947260091,30.0,15.0
5cbf1a47-e9cd-4db9-a893-b6dc10e1100e,45.6448114428131,52.433780494243386,45.764130036474036,-21.414234091650318,0.2831822946583544,0.01697249823169192,0.46532264881660346,0.01367660172744422,0.4014763552757116,52.43378015922565,20.0115655155724,650.0,90.0,678.7931397306396,0.04796556947260091,25.0,15.0
5ceec1c5-c666-48bb-9dd3-98b9cca418a1,114.28377887519021,64.29011786272078,243.96461064380813,84.62499915948263,0.1584829206888047,0.004988140787257998,0.5090560832427926,0.017966302821252368,0.15149647323492135,64.29011627711799,22.517348022727273,650.0,70.0,814.5517676767677,0.2509799004147781,30.0,15.0
5d29b749-1a91-442b-afad-0c1f29f7bc60,92.66518009085023,60.096014331849176,170.3645612141353,43.57074285865,0.1635851553533039,0.006937085586458333,0.49635435074010953,0.016751411963695687,0.1929604710776417,60.09601574732103,20.0115655155724,1200.0,70.0,678.7931397306396,0.16982541343694404,25.0,15.0
5da7ff7f-1f60-4b6c-9534-7685cb91ee16,108.39403527598897,68.34729786967891,188.74667519915516,56.7803090780706,0.11061729032270622,0.007406968117340068,0.5168447983737373,0.01857527044270584,0.14678640177832594,68.34729761774668,25.011565351010102,650.0,50.0,271.51725589225595,0.16982541343694404,30.0,20.0
5db33c67-33ac-4055-a0d1-8dab3d826944,110.6706104055744,62.28324119414751,237.3075391437648,80.54455625558795,0.15688527995627105,0.004957592822779882,0.5079999558479061,0.01774331426002106,0.15079592057907953,62.28323964822153,22.517348022727273,1200.0,70.0,678.7931397306396,0.2509799004147781,30.0,15.0
5dc0a2b7-3cc0-4def-bd12-0b107f808987,45.19996180722982,52.80674505084663,43.48658143428607,-21.06427769048968,0.29809910952598906,0.01586559765088384,0.4552582674974748,0.01340914177880392,0.4544573356274264,52.80674725883559,25.011565351010102,650.0,110.0,678.7931397306396,0.04796556947260091,30.0,20.0
5dcb71b9-1ee6-499a-b28e-7d7d9b36444d,71.80956179017667,58.627523302292275,104.76640139593736,10.164774786134675,0.19339247416314187,0.010577311218844697,0.4885470445026304,0.015552941975531868,0.25843284733787747,58.62752272596676,22.517348022727273,400.0,70.0,407.27588383838383,0.10036192065991252,30.0,15.0
5defb4b5-64d5-4eb3-b638-03b44c6b88d6,114.99695540357553,63.52867029229509,238.58883112678714,81.29053624321315,0.1143923674272201,0.005170253198484848,0.5204991573365951,0.017818853758822698,0.11331948919608316,63.52867077870133,22.517348022727273,900.0,50.0,678.7931397306396,0.2509799004147781,30.0,15.0
5e07d864-a792-472d-92f1-fa3303d01526,121.51334070952674,66.81408277894046,253.10560228480324,90.48521528688441,0.15957541707093853,0.004958064163920455,0.5093773679011995,0.018473957762476557,0.1507906880166498,66.81408128344363,22.517348022727273,900.0,70.0,407.27588383838383,0.2509799004147781,30.0,15.0
5ea1b64c-2d5c-4dd3-9636-cca3d12547df,70.45832846357797,58.48363389180019,104.392929907786,10.371281620465751,0.2830562002800926,0.009286103548800504,0.4485580348542193,0.01564080811835811,0.3517063174703651,58.4836324680709,22.517348022727273,900.0,110.0,271.51725589225595,0.10036192065991252,30.0,15.0
5f5a53ff-1876-408e-b855-ab44970b759b,40.96411227370809,50.219732045617604,37.467383727425606,-24.935643170219567,0.2951963695212542,0.015523544380650253,0.44517814421790824,0.012264496572789234,0.4584976371410858,50.219734355734694,25.011565351010102,1200.0,110.0,814.5517676767677,0.04796556947260091,30.0,20.0
5f87a27b-79bb-4c8a-85a7-da2148a3d1b8,40.244316185759374,51.34767406952526,38.478214407635875,-26.042013143831,0.2357684004627525,0.01748423659443392,0.4892803896797138,0.01244421690389263,0.35048364663146403,51.34767342636392,20.0115655155724,1200.0,70.0,814.5517676767677,0.04796556947260091,25.0,15.0
5f90fc93-6a71-466d-b7d2-f17f040d955b,43.307107163177065,52.16687272901959,39.52108221149493,-23.46754699311459,0.29730806183627945,0.015578342823495371,0.44673697329335016,0.01272841053394274,0.4583655877504143,52.16687308509703,25.011565351010102,1200.0,110.0,271.51725589225595,0.04796556947260091,30.0,20.0
5ffc2647-67d2-4d01-b93c-0a8c1ea964b7,102.42402426683965,63.32577868042502,193.98041888665912,58.964668144759905,0.17811619326830808,0.0068574393513678444,0.49008344612489485,0.01755540874696393,0.2290943266131791,63.325777821076365,22.505782674242425,650.0,90.0,407.27588383838383,0.16982541343694404,25.0,20.0
603ee63d-2712-49b8-a39d-0988b89ea110,43.81093208804495,52.180515973991035,42.609384389784296,-23.512562912425192,0.28255225242792503,0.016725788504513887,0.45785820525189386,0.013164220043648396,0.40517327282949506,52.18051477245436,20.0115655155724,900.0,90.0,814.5517676767677,0.04796556947260091,25.0,15.0
60da52db-07df-4eb4-a341-6d1ba3e84cb4,40.713062161941245,50.88672079607112,37.41201094786819,-25.945917677396256,0.28705254474515995,0.016096823783249156,0.45411128809480217,0.012489852223394209,0.4101711920377333,50.88672250532996,22.517348022727273,1200.0,90.0,407.27588383838383,0.04796556947260091,30.0,15.0
60e7ab1b-a5a5-415b-a6bd-961538ea7bc6,129.94951123015542,66.3509334945505,286.30179463387174,110.86062682157632,0.16227810761836067,0.004892941254892677,0.5051429137058081,0.018562799098782785,0.17697328801943438,66.35093305873895,22.505782674242425,650.0,90.0,407.27588383838383,0.2509799004147781,25.0,20.0
60ec5b96-da6c-4df3-8dd0-a4b156829b4c,43.67132435325243,50.78677127396757,42.018069083405116,-23.551779006590913,0.3223796807771464,0.01586392245401936,0.42755058666898144,0.01293597239397956,0.4524713591550429,50.78676982325143,20.0115655155724,1200.0,110.0,678.7931397306396,0.04796556947260091,25.0,15.0
614b34b8-b49f-4ddb-82b7-9cd61433381d,39.30719833848826,50.3245308562707,35.81539078163575,-26.28367421306754,0.25628238709848483,0.016180173764520203,0.47541779910816495,0.011990404559925456,0.411851922731904,50.32453181053912,25.011565351010102,1200.0,90.0,814.5517676767677,0.04796556947260091,30.0,20.0
614b7310-2800-4b1a-bd3e-16801a6aba48,97.46078523271669,63.92172304764291,185.67693624735148,55.88598928555211,0.22252631613215484,0.006721680435837542,0.47564959689446545,0.017881334421108473,0.2726174043031327,63.92172097838723,25.011565351010102,400.0,110.0,407.27588383838383,0.16982541343694404,30.0,20.0
6156403e-7716-4ba2-8e04-1fa31c2e132c,116.19015097464907,64.39808245920285,241.70525038959744,83.06456412031027,0.11498921856265783,0.0051941655143834175,0.5210997786684026,0.017911540129759332,0.11360243889885559,64.39808203066883,22.517348022727273,650.0,50.0,814.5517676767677,0.2509799004147781,30.0,15.0
6191a2de-baf3-4f81-8388-097951e1dfbd,45.245005976278655,54.10434176080042,43.595315906731464,-21.010565328090046,0.2607325631701389,0.016619612362110688,0.4871424729950548,0.013548694386499095,0.4073346897211771,54.10434182145896,25.011565351010102,650.0,90.0,271.51725589225595,0.04796556947260091,30.0,20.0
620b3c09-739b-4bec-b431-b52c252b04fb,126.74421016989457,67.86956629982838,269.01583959118324,102.19599736643663,0.13519199994355008,0.005185629216172137,0.5142537293517466,0.018844612210778586,0.1494825422042726,67.86956588164034,25.011565351010102,400.0,70.0,407.27588383838383,0.2509799004147781,30.0,20.0
620e8f88-3b47-46fe-a394-3e7178fe7a52,140.4935986264347,71.99142868641222,284.30919138101865,110.40466338809208,0.09935129699505471,0.005218646670770201,0.5250834818964646,0.020004793324718037,0.10970570299577571,71.99142803037498,25.011565351010102,1200.0,50.0,271.51725589225595,0.2509799004147781,30.0,20.0
6350c038-a6ee-4a76-afa9-78b7a5f98ecf,72.38465106521423,58.06079308211752,109.08023763211409,11.613474759894531,0.2298762851109007,0.009944769463310186,0.4667322831339436,0.01561773136307476,0.3041308204502794,58.06079520064028,20.0115655155724,650.0,90.0,678.7931397306396,0.10036192065991252,25.0,15.0
637af466-dafd-4bca-b37d-9586330fe062,97.88662349795653,65.01274584402151,181.0764615147329,51.49554047840397,0.26164908323511155,0.006347542536763468,0.4703794038061868,0.01790860798877229,0.2736804858652643,65.01274700648315,22.517348022727273,900.0,110.0,271.51725589225595,0.16982541343694404,30.0,15.0
63a05806-cd1b-48ac-9242-cab98bb3f39f,113.3595530689484,62.89274039129088,237.27345357342685,80.28956245349524,0.1140905278183186,0.005171592756828704,0.5203729971202651,0.01773214626635715,0.11315705042167107,62.892739974735534,22.517348022727273,900.0,50.0,814.5517676767677,0.2509799004147781,30.0,15.0
645a6990-9cb4-4f3f-a3a1-60153e196af4,44.802112176203465,53.901125427402576,44.55694293830334,-22.40174145983162,0.2382366221675084,0.017789582032354798,0.5005674616999157,0.013562782065404823,0.3467253484979423,53.90112748464523,20.0115655155724,900.0,70.0,271.51725589225595,0.04796556947260091,25.0,15.0
64968730-37b0-4907-8d24-c5f653725e29,74.37065724324124,58.22391928295675,114.1665259130876,15.439830137316255,0.2009743531981271,0.010088593046738214,0.4730057331976011,0.015626261493374188,0.30015709739930885,58.22392063456627,22.505782674242425,900.0,90.0,407.27588383838383,0.10036192065991252,25.0,20.0
650d068f-46e1-4817-9305-ad2860ba7f43,46.70515488527022,54.049904598546185,48.09186081480092,-19.3520335193917,0.2140621907353746,0.018088751133627942,0.5315873323968855,0.0136737333613937,0.3429693020162535,54.04990651832866,22.505782674242425,650.0,70.0,271.51725589225595,0.04796556947260091,25.0,20.0
6519ccd1-59bc-4266-9743-a6ff7ba02ca5,123.39547548862622,65.43573851899022,259.7303273360083,93.45316248093829,0.15088537648685818,0.004929593973632155,0.5108228665689709,0.01811579844788766,0.14814208187288871,65.43573722016758,20.0115655155724,1200.0,70.0,407.27588383838383,0.2509799004147781,25.0,15.0
653e64e8-639b-4029-9404-e809123670e9,43.58654933431623,45.54340632209228,46.82885041833517,-19.61554707349976,0.28514192173863634,0.016957704170191504,0.48098583231449926,0.013005429075369375,0.43805370697193347,45.54340474778441,22.505782674242425,400.0,110.0,678.7931397306396,0.04796556947260091,25.0,20.0
657dced4-4f1d-4289-b779-9e402f377a21,72.85818225108383,54.994271697311866,115.27175099661322,17.04969455572063,0.2338892550461911,0.010036664378651092,0.46286361588036623,0.015280522471517554,0.3400390213944571,54.994270524314395,22.505782674242425,400.0,110.0,814.5517676767677,0.10036192065991252,25.0,20.0
658160d4-5160-48d3-9bd2-f921b948a3b6,71.88491070421634,56.790315426429004,111.18395703040545,13.259110516140751,0.20020320979703285,0.010006947389309764,0.4707433727830388,0.01541628897862977,0.2998896986089839,56.7903174723109,22.505782674242425,1200.0,90.0,678.7931397306396,0.10036192065991252,25.0,20.0
658bf64c-1f92-44a3-8467-605e2cca188c,140.48389846638761,71.95663573761068,284.48759446362624,110.74451193804444,0.09933103409115109,0.005250543542508417,0.5254502934871633,0.019901688545947,0.10993797597660276,71.95663477748245,25.011565351010102,900.0,50.0,271.51725589225595,0.2509799004147781,30.0,20.0
671bbf0f-504c-408a-ba36-1339ef65e58b,123.97226285346123,67.01865319573444,251.0148266902489,89.03447134773711,0.11574307013183922,0.005162372644402357,0.5215168217460543,0.018443756388106372,0.11304589681809628,67.01865399782073,22.517348022727273,900.0,50.0,407.27588383838383,0.2509799004147781,30.0,15.0
674fd88c-f833-4531-b65f-5d36b2f7a221,108.11711952626715,68.20781541005898,187.97174933867973,56.00664883819334,0.11036809880675506,0.007340740786689813,0.5162615431973906,0.018649164254601457,0.14642771290512582,68.20781574143315,25.011565351010102,900.0,50.0,271.51725589225595,0.16982541343694404,30.0,20.0
6799c974-9dfa-4963-8cf3-96a0977a6370,39.78976198838025,50.76201537926504,36.2698637329877,-26.128176259964764,0.2570120467208544,0.016196175678609006,0.4747608718944654,0.012117468996575025,0.4118863011518361,50.762015353415975,25.011565351010102,1200.0,90.0,678.7931397306396,0.04796556947260091,30.0,20.0
68291376-2afd-400e-815c-b08b6d14703c,69.39688599609974,57.29912991438134,100.42123213784906,6.031656871371279,0.13877266755571338,0.010882873158364899,0.5042108667310606,0.015005792780197131,0.19913877928250526,57.299129466852584,20.0115655155724,900.0,50.0,814.5517676767677,0.10036192065991252,25.0,15.0
687da579-87fd-460c-a153-6d445ee442d4,73.9171644731307,61.27185813555883,106.34674547242872,11.906718443626401,0.12766447430981692,0.011195343046517257,0.5153746933813133,0.015785549164878624,0.2010013738447393,61.27185915652187,25.011565351010102,400.0,50.0,814.5517676767677,0.10036192065991252,30.0,20.0
68bd31b9-cf49-4d48-9413-a6385eab411e,110.5528225933949,61.31978005091357,233.41579218595174,77.96422315009075,0.11344867598128155,0.005164272377967172,0.5198108920487163,0.017552471900792954,0.11271191099550794,61.31978065668599,22.517348022727273,1200.0,50.0,814.5517676767677,0.2509799004147781,30.0,15.0
68d21101-27c2-4f28-9155-04492759034e,44.69470181148695,52.882521672558035,41.947944638735294,-21.674997303404723,0.2984431980354587,0.015729341251820284,0.4500964229457072,0.013190127489392663,0.45632633493372204,52.88252313926659,25.011565351010102,900.0,110.0,271.51725589225595,0.04796556947260091,30.0,20.0
697d0352-396e-4aaf-8cc8-1cd99a97b56b,44.584721794425434,55.96251244743298,45.17168425898922,-21.702049666287216,0.1678731400501894,0.01883830263457491,0.5637606121545665,0.013408567061217243,0.27722886579522593,55.96251121828863,22.505782674242425,900.0,50.0,271.51725589225595,0.04796556947260091,25.0,20.0
69f4e705-cbbf-4149-a9a2-bd162cb3b8f6,116.0534630135523,63.69680454441021,254.6433135035091,90.55601927758757,0.1904065899622475,0.004790244392255893,0.5001189454785354,0.017761508712544907,0.18347062080451146,63.69680305221218,20.0115655155724,650.0,90.0,814.5517676767677,0.2509799004147781,25.0,15.0
69f81ac8-86df-4f4a-ab8d-6f73d42573cf,37.61889775622035,52.51882916724654,34.92496544100872,-27.823763307815035,0.1868044449816919,0.017973775881628788,0.5320391935163089,0.012195705060053135,0.2840265344483259,52.51882863390125,22.517348022727273,1200.0,50.0,271.51725589225595,0.04796556947260091,30.0,15.0
6a939fee-dadf-4d03-aa17-9e6f62823d91,96.4136044646655,62.61720137404857,175.73490736015634,47.10466202991282,0.10843273205542929,0.007346130296327862,0.5132569974893729,0.017779351211292985,0.1459792567383235,62.617200759596145,25.011565351010102,900.0,50.0,814.5517676767677,0.16982541343694404,30.0,20.0
6ace9b92-6601-4feb-a3b3-4aa82992f420,103.42189745755172,64.7399344355021,179.69485142369564,49.22436498369029,0.1218223023889941,0.007295846019770624,0.5143923105207281,0.017386679206376952,0.14687741669701085,64.73993637780215,20.0115655155724,900.0,50.0,271.51725589225595,0.16982541343694404,25.0,15.0
6b018fa6-a109-4206-a338-558a488f5153,98.60133492806425,64.40409508310287,171.93524143303748,46.0491102044398,0.1273404476529777,0.007461772074558081,0.5152820002175926,0.017280631011052653,0.15022798742157456,64.40409318102247,22.517348022727273,400.0,50.0,407.27588383838383,0.16982541343694404,30.0,15.0
6b29d4c8-a12d-4bb0-a525-7a72377cd241,44.56242527703516,51.17051956828442,44.82155649176695,-19.822102270188218,0.258269202771149,0.016989383803819445,0.5028712569381313,0.013503873035011986,0.4018527625048111,51.17051971129034,25.011565351010102,400.0,90.0,814.5517676767677,0.04796556947260091,30.0,20.0
6b7336e4-a9c4-4521-8f13-d576412cae8d,94.98174165515978,61.06553864194224,169.78045147155342,43.14446417967283,0.1203435051011364,0.007270388984353958,0.5122833963284933,0.016788136519352362,0.14703569789825668,61.065537061856034,20.0115655155724,900.0,50.0,814.5517676767677,0.16982541343694404,25.0,15.0
6b79e51e-e1f7-42f0-807b-523d3bfc8138,122.32956314160674,66.36943416140956,256.1474472617608,93.1808370602972,0.15922525479287664,0.0050976042904882155,0.5116521526111112,0.018217727223870026,0.15146942420575527,66.36943540116428,22.517348022727273,400.0,70.0,407.27588383838383,0.2509799004147781,30.0,15.0
6bc758f5-54e0-4042-ac4b-42824ca505f3,104.70602006002288,63.07494220011165,187.95698920891382,55.4571149146307,0.10437062192685187,0.007553763819086702,0.5202289104570705,0.017148163332635514,0.14421336276956884,63.07494065527928,22.505782674242425,400.0,50.0,678.7931397306396,0.16982541343694404,25.0,20.0
6bf9b3a8-b306-4264-917e-dea9037423c9,70.04973086874546,56.799398172046445,105.08240699157565,9.283867905703225,0.22887743720538717,0.009846693118960435,0.4643918832308501,0.015266798965861424,0.30479318252429083,56.799397978783816,20.0115655155724,1200.0,90.0,407.27588383838383,0.10036192065991252,25.0,15.0
6c5b516f-842d-4351-865c-535b903749d7,46.439122975261704,51.637561476749624,48.01647641775778,-19.23289860278673,0.2536055268771044,0.01731540533501684,0.49791374188078713,0.013499042357378439,0.3975736830522696,51.63756097615567,22.505782674242425,650.0,90.0,271.51725589225595,0.04796556947260091,25.0,20.0
6c858bd2-4738-4063-a005-190c8e7da9e1,45.03997872668754,52.72391198554753,43.289025193123464,-20.96610419160762,0.2981039733254419,0.015852758984059342,0.45472114643066075,0.013348269667310326,0.454643587607902,52.7239094458833,25.011565351010102,650.0,110.0,814.5517676767677,0.04796556947260091,30.0,20.0
6ca7a23a-188d-4801-b512-b2bfaec5f3e8,65.05578276720246,55.59904303629427,94.46538042042725,3.1558184897318267,0.19074842744239265,0.0102440335101431,0.4809202747040194,0.014828771091993749,0.2599886584796852,55.599043232703885,22.517348022727273,1200.0,70.0,407.27588383838383,0.10036192065991252,30.0,15.0
6cb29701-6429-4c4a-a660-03001bd986ea,63.12952733126597,54.68721547258305,91.53850656362033,1.0175453687514597,0.14159434345512412,0.01079284091947601,0.5011598693189183,0.014531348526168272,0.20136725589725366,54.68721580258611,22.517348022727273,1200.0,50.0,814.5517676767677,0.10036192065991252,30.0,15.0
6d6be6ad-8fe0-4f43-9e03-351359b0a05b,91.68960756689032,61.52475675856917,179.4441955975024,49.9303166281225,0.22094886743223904,0.006508700232091751,0.4721160208577441,0.017928361608210007,0.2697114356059333,61.5247579803343,25.011565351010102,1200.0,110.0,678.7931397306396,0.16982541343694404,30.0,20.0
6da4d48e-3120-41e5-8fbf-2635b3dde4cd,129.0457618251165,68.76000399877539,273.5132298597901,102.95018612924349,0.13536722022930348,0.005005784639720118,0.5115174725795454,0.01957725249681804,0.14681699341600807,68.76000456897198,25.011565351010102,1200.0,70.0,407.27588383838383,0.2509799004147781,30.0,20.0
6da93de1-82b7-4c8b-ad92-48cbe2414662,45.15091937774181,52.490818199816744,44.74991920388267,-22.119296706036085,0.28327742862594696,0.016870608259048823,0.4621228360712331,0.01349216961424463,0.4027862803244337,52.49081924305427,20.0115655155724,900.0,90.0,407.27588383838383,0.04796556947260091,25.0,15.0
6dc15b07-43cd-4b6f-85a1-34cbfcc3e74c,100.71281619628742,65.8262608462543,178.28561697137596,49.73468217926404,0.17440144307528407,0.006995766838688972,0.49811241568223913,0.017807220333014406,0.19588825384423666,65.82626319618635,22.517348022727273,650.0,70.0,271.51725589225595,0.16982541343694404,30.0,15.0
6dcae70a-dbf3-4677-acca-440ad2b1c3ec,69.71026115632503,58.686594008363436,99.52580634876745,6.7346311377345325,0.19306499341740316,0.01026926587873527,0.48268017697769355,0.015327245086889561,0.2604279397438861,58.68659248525028,22.517348022727273,900.0,70.0,271.51725589225595,0.10036192065991252,30.0,15.0
6e06ec5d-725e-4221-9b28-9bdb8c18f3ae,44.50862455200718,53.56414700823279,42.84693225824299,-22.464813456316126,0.28944791036405726,0.016404105729377103,0.4611201769911617,0.01350819418154411,0.40742801151515534,53.564144469765196,22.517348022727273,650.0,90.0,814.5517676767677,0.04796556947260091,30.0,15.0
6e1ab95c-9ee0-4857-9c55-b02aee594539,46.41707645542113,53.041241972186626,46.889282474841956,-20.036496604455234,0.25475982797359004,0.017110659836700334,0.488366106063447,0.013404799894541563,0.40097872155978176,53.04123886402401,22.505782674242425,900.0,90.0,271.51725589225595,0.04796556947260091,25.0,20.0
6e2922be-c9b3-46eb-bd0c-b22bf5f33c07,112.2244202643684,61.8520031047392,248.62861154062296,86.75336263864861,0.1889405486966856,0.004746698007460016,0.49895565962136984,0.0175394242678537,0.18248138721998344,61.852003891948215,20.0115655155724,1200.0,90.0,814.5517676767677,0.2509799004147781,25.0,15.0
6e6858bf-7db4-49e0-93d1-8559151a6546,72.19310479692055,59.273915259259645,105.43348923784409,10.565534105200335,0.19386781422243268,0.010528003962289563,0.4881939114503367,0.015647190811539872,0.25860253500437086,59.27391219573207,22.517348022727273,400.0,70.0,814.5517676767677,0.10036192065991252,30.0,15.0
6f0de3e5-a91a-4cfc-b939-23db77bf7532,73.6013069682209,60.3075477572216,108.14207552277186,13.066685697832133,0.17000959221222642,0.010701626486584596,0.4938434745270413,0.015839576333998427,0.2580867946859958,60.30754581953526,25.011565351010102,400.0,70.0,814.5517676767677,0.10036192065991252,30.0,20.0
6fd540a4-0a0a-42a6-9b66-c69c5b69c110,121.89619188989327,65.27169212382465,259.34678770931987,93.52159044762347,0.09719384073691079,0.0051918665909511785,0.5221573947591541,0.01893702160046754,0.10991065039219262,65.27169069592733,25.011565351010102,1200.0,50.0,678.7931397306396,0.2509799004147781,30.0,20.0
70d9ebb1-d1e1-4fc2-8a4a-7597b54fedf2,123.9987397133576,63.544874574755305,273.52966469987246,102.22733627341682,0.12692410343400673,0.004975637157638889,0.5136442876366267,0.01826614071923769,0.14289795535919048,63.54487326160512,22.505782674242425,1200.0,70.0,814.5517676767677,0.2509799004147781,25.0,20.0
70e4780f-9647-47a4-82e0-9f3a92b9c1bf,105.82751799169539,61.39541729249744,239.49088758677908,82.0024602304019,0.2389821504563342,0.004586823689966328,0.4868513526073968,0.01774371508767003,0.21646157699138455,61.39541579653985,22.517348022727273,1200.0,110.0,814.5517676767677,0.2509799004147781,30.0,15.0
70f441e1-f3e7-41db-ac12-247e5527b321,107.97322291195735,64.99372965395526,197.00741283592677,60.8681453689922,0.14252940196901306,0.007138834146064814,0.5049540996984427,0.017752267724264807,0.18817929753738483,64.99372835970328,22.505782674242425,650.0,70.0,271.51725589225595,0.16982541343694404,25.0,20.0
71366ba4-74f3-4df0-bcd2-d41df4976769,45.08816773793466,50.96705741486076,44.44029995417501,-21.96324226864366,0.3226445957448443,0.01604248126466751,0.4322566868786827,0.013287635423362448,0.449170212392181,50.967057272562585,20.0115655155724,1200.0,110.0,271.51725589225595,0.04796556947260091,25.0,15.0
717b7c1f-d387-4e18-b5a6-596ecde5f82d,118.75707585242759,66.48850109314691,254.08065228349676,91.18119672772,0.20188517425157826,0.00476100590195707,0.49826064825783895,0.018466790822188443,0.18528838919739124,66.48850259773705,22.517348022727273,900.0,90.0,407.27588383838383,0.2509799004147781,30.0,15.0
71f6cdc1-5eee-4fe9-81e8-12c380903513,45.071211640119294,54.48031704836901,44.86566548875363,-22.353141565114512,0.23882035561132156,0.017784700475484007,0.4996514810046296,0.01370853728742003,0.34728382950083386,54.48031821266156,20.0115655155724,650.0,70.0,814.5517676767677,0.04796556947260091,25.0,15.0
721de329-e765-4233-a90b-ed027afaf55a,68.26837210300668,57.36733279894152,100.75343508590493,7.585418366065226,0.16802592150242004,0.010390871417834598,0.48550809513120796,0.015441588321277629,0.25771970298963015,57.367332000284854,25.011565351010102,1200.0,70.0,407.27588383838383,0.10036192065991252,30.0,20.0
726d02c2-03ab-4622-b16d-2bbc0f9344f2,98.19662577101231,62.75550922593318,177.53400662308613,48.1482880293638,0.16496850333201807,0.007031078597159092,0.4986342506986532,0.017120456896424337,0.19372646206566035,62.75550913666592,20.0115655155724,650.0,70.0,407.27588383838383,0.16982541343694404,25.0,15.0
7270e475-8377-44d9-a836-c2313a93c1f0,44.45437058111995,52.67264914775448,43.06397272668626,-22.175254771696746,0.2888483025395623,0.016512636072180138,0.46380676876304716,0.013536416978813443,0.40558473382286847,52.672650846298595,22.517348022727273,650.0,90.0,271.51725589225595,0.04796556947260091,30.0,15.0
72b46a52-0750-4b58-9c93-c187f75c14e7,42.640505603760545,46.49865749922371,43.764639645949835,-21.225015574060627,0.32525864635132573,0.01624656092968224,0.4481261644812711,0.01331628258044339,0.4439310892684232,46.49865762180935,22.517348022727273,400.0,110.0,407.27588383838383,0.04796556947260091,30.0,15.0
72e5a4df-d5c4-44d8-8409-e1a93971e67e,68.83574951752068,57.42356953261437,105.0743587816625,10.679301782786114,0.24498924935869104,0.009513606906186868,0.45242499808307035,0.01577180926169062,0.3494782132897263,57.4235710006864,25.011565351010102,1200.0,110.0,407.27588383838383,0.10036192065991252,30.0,20.0
730e8137-7f03-4b0d-b0e2-2ac13149ae4a,107.02712257719828,65.04738787997276,200.22216485595573,62.642309872481825,0.17889624308643728,0.006764371667255892,0.4898416218470117,0.01801335297550426,0.22718224732051553,65.04738682293507,22.505782674242425,1200.0,90.0,271.51725589225595,0.16982541343694404,25.0,20.0
736ef7f1-4e26-45de-a36a-7fdfe586f94a,70.91082556786104,59.839119309218994,102.75565859548648,8.653228318087864,0.12688896364804292,0.010978637173779462,0.5091024475287248,0.01561690837475775,0.20067014067674438,59.83911809053296,25.011565351010102,650.0,50.0,814.5517676767677,0.10036192065991252,30.0,20.0
741ba9b4-3f30-4161-bde3-56a4b5bc3d13,131.79055902804043,66.7699372935299,267.43810690547565,98.14446131809056,0.10984661680011575,0.005247780587268519,0.524717743351957,0.01825879518044893,0.1108052955320405,66.76993703738758,20.0115655155724,650.0,50.0,271.51725589225595,0.2509799004147781,25.0,15.0
749ccd14-fac9-4e2c-83b5-2bdf24335b34,42.75407212430245,52.42504620440791,40.11934407626396,-24.146696782805524,0.2879938314185606,0.016243811185458756,0.4578821867110691,0.013034086485644273,0.40905218954774036,52.425047723849985,22.517348022727273,900.0,90.0,407.27588383838383,0.04796556947260091,30.0,15.0
74b45c84-0668-4636-92ef-e9b787341605,96.37043837760868,59.71053293160118,179.28561800280661,50.10134687177475,0.20397224879829545,0.006958241056397306,0.4869947160843855,0.016733602075506487,0.23347965223457345,59.71053221628503,20.0115655155724,400.0,90.0,271.51725589225595,0.16982541343694404,25.0,15.0
74dcf15f-dfe1-499e-b03a-644a31afa95c,117.39600221894761,64.89788064685114,242.76901126994824,83.93052461515165,0.11519198913617425,0.005194075989057238,0.5211868373418034,0.017970109192244767,0.11372945963304197,64.89788263158064,22.517348022727273,650.0,50.0,678.7931397306396,0.2509799004147781,30.0,15.0
74f3f8f4-e9c8-4a99-a9d5-868fcd717790,45.482372800046875,55.07612468319368,46.99352616556893,-21.133650080849563,0.19038431048789983,0.019198682910037877,0.5580389213131314,0.014097299693190775,0.274699874251319,55.07612561528049,20.0115655155724,400.0,50.0,814.5517676767677,0.04796556947260091,25.0,15.0
7512f9c2-70d3-492b-a27c-d05a8260200d,140.25866573293058,67.32152525361978,288.7199571039248,112.25739475326124,0.0932002566287984,0.005303792463973065,0.5282931615469276,0.01858706034101865,0.10720311346618615,67.32152666285691,22.505782674242425,650.0,50.0,271.51725589225595,0.2509799004147781,25.0,20.0
753d205e-7109-4086-a27a-c09eed61ed54,46.038028381412495,50.08285448961356,47.75692366971752,-19.19593871098794,0.28928447660658674,0.01658134470270413,0.4659995319351851,0.013377653242937661,0.44395281030317507,50.08285452849264,22.505782674242425,650.0,110.0,407.27588383838383,0.04796556947260091,25.0,20.0
753f2155-6ab1-4320-9ceb-38278f336cde,44.54987383634695,55.73855959277184,43.050633087140646,-21.726592709538505,0.21920207025031563,0.01740211306260522,0.5208912088399622,0.013596517922561242,0.3517554239050619,55.73856124878297,25.011565351010102,650.0,70.0,271.51725589225595,0.04796556947260091,30.0,20.0
757b1595-12c4-4eb8-9731-3f73c36b163b,44.39836574164555,53.97427805044723,43.858326536944496,-22.906163962825122,0.23844157673495373,0.017729754986742424,0.4972860252770413,0.013480694766184586,0.34771550299322646,53.97427855699741,20.0115655155724,900.0,70.0,407.27588383838383,0.04796556947260091,25.0,15.0
758d85fa-73e0-4e0e-bfb4-05ef066b97ff,72.03312518083177,59.4027181597905,109.92112473786506,14.182574401798172,0.24697802449568604,0.009626937025736533,0.4546252957371633,0.016129305624205413,0.3494274033676652,59.402715434948796,25.011565351010102,650.0,110.0,407.27588383838383,0.10036192065991252,30.0,20.0
759b1abc-82f4-4629-a831-9faa474b9b18,113.81328612866595,62.50696750400788,250.46260962256704,88.06759868884994,0.18942905822301134,0.004746332594002526,0.49907443656486744,0.017619532981034178,0.18263491522557077,62.50696666618257,20.0115655155724,1200.0,90.0,678.7931397306396,0.2509799004147781,25.0,15.0
75b9ad91-b7a6-47de-99eb-72176d96ddba,136.27839282794156,70.84753342485747,284.4402075037783,111.29303424092689,0.13612052170160985,0.00508335920601852,0.5134013257212227,0.019759033669088797,0.14678982246041206,70.84753378476675,25.011565351010102,900.0,70.0,271.51725589225595,0.2509799004147781,30.0,20.0
763c1e40-0155-4e4f-991d-a2463500cb28,76.76036012112523,59.040618831363865,112.34499485062261,14.443275885083445,0.12223000726925504,0.011338642382880893,0.5200992822216962,0.015348569976635223,0.19544089130624168,59.04061810705924,22.505782674242425,400.0,50.0,678.7931397306396,0.10036192065991252,25.0,20.0
76ba1445-39ce-41eb-aa47-d572410f9932,121.56343195280077,65.2153212354821,262.94132830089654,95.56260724951306,0.19084069145732324,0.004808565523863636,0.5007753808482218,0.01804192567558118,0.182730380973262,65.21532258282686,20.0115655155724,650.0,90.0,407.27588383838383,0.2509799004147781,25.0,15.0
76d54b07-aedb-4fab-9a7b-d3173158a076,41.404695687103825,55.966788959268584,40.26731878858135,-24.20588216511423,0.17019273498179716,0.018235551247211698,0.5601964154419193,0.013145461721833323,0.28305440172892665,55.966788143271174,25.011565351010102,650.0,50.0,814.5517676767677,0.04796556947260091,30.0,20.0
76fff763-4ed4-4a8b-beb3-741310038d16,114.07773419713997,62.82155308248083,251.53871680441156,88.72218408472033,0.18959128316114268,0.004760512036837122,0.499385072810606,0.01766780204510131,0.18292258533997285,62.82155383567163,20.0115655155724,900.0,90.0,814.5517676767677,0.2509799004147781,25.0,15.0
771a9568-cbbe-4bf1-8c27-6712b87307ba,130.58011623424122,67.59497943442369,271.8966323295852,100.5359175306705,0.15160133051761368,0.004958225815235691,0.5118314517783039,0.0185773665682945,0.1472029334049224,67.59497799700846,20.0115655155724,1200.0,70.0,271.51725589225595,0.2509799004147781,25.0,15.0
775cc2c5-c14a-405f-8449-cf4db25ddc65,43.435719063668,46.03860027571433,46.61743666474605,-19.712934522931896,0.24971177895633412,0.01776175779403409,0.5163204297264309,0.012968096670606395,0.39105925858067864,46.03859692914989,22.505782674242425,400.0,90.0,271.51725589225595,0.04796556947260091,25.0,20.0
77a4587d-0f11-441f-a87a-7b6447b04bf0,45.883680872505735,53.02812846376687,46.03907696669853,-20.530910411571046,0.25431537885700756,0.01703137027583123,0.48756694959080377,0.013286501884575962,0.4021192920939148,53.028126471180215,22.505782674242425,900.0,90.0,407.27588383838383,0.04796556947260091,25.0,20.0
77a689fb-239e-4337-8eda-27fd88594c74,70.56038248314093,54.438921275551536,109.80378302412981,12.581174170973211,0.26786719443129203,0.009769868659364479,0.453456852491372,0.015326150537494797,0.34359517873083717,54.438921362926365,20.0115655155724,400.0,110.0,814.5517676767677,0.10036192065991252,25.0,15.0
7912015a-48ee-4a54-9fe7-11ab3372c50c,113.22483530093028,64.47238708166803,252.2252053041928,90.78383339449267,0.2422184459715383,0.004679344007060184,0.4893748421986742,0.018004369763345598,0.21829381417005944,64.47238585126217,22.517348022727273,400.0,110.0,814.5517676767677,0.2509799004147781,30.0,15.0
79456368-4e9e-4587-91b2-ee124ec20447,99.30374785784754,62.436158616688864,175.4680784110855,47.06242691226913,0.12101921038544822,0.007490639542108586,0.5164155506402567,0.016921372646002315,0.1477850070438852,62.43615829754297,20.0115655155724,400.0,50.0,678.7931397306396,0.16982541343694404,25.0,15.0
796f6d5a-0695-4181-a71a-7a21270ff1d9,93.13916408796611,59.043870981644666,178.392820687705,49.36787169274462,0.24370560209111952,0.006641215366835017,0.47395149630802824,0.016699785016793145,0.2708945214696609,59.04387161307021,20.0115655155724,400.0,110.0,407.27588383838383,0.16982541343694404,25.0,15.0
79cd578f-3f2f-4eae-892d-05b0615df6c6,91.12842499323708,59.71986747939832,172.04045666902311,44.521051372011414,0.2053198211897096,0.006640002618287038,0.48264682340288306,0.016809334734731063,0.23385047715238938,59.71986603264272,20.0115655155724,1200.0,90.0,814.5517676767677,0.16982541343694404,25.0,15.0
7a2b375c-e075-498a-bd47-423a5db5df50,35.49063097784865,50.747911105088264,33.101161468150366,-29.25944217836665,0.18542328234006733,0.017924683510890157,0.5294385055916456,0.011741202784476108,0.28390087731059943,50.747912055998036,22.517348022727273,1200.0,50.0,678.7931397306396,0.04796556947260091,30.0,15.0
7a2c4c9d-2066-462e-a2f6-9170fac8c544,45.419514873444186,53.617096138161045,45.88201032033459,-21.546430655183237,0.23853139475768095,0.01793623014215067,0.5048285504528619,0.013776630984069262,0.3448939924586372,53.61709468585827,20.0115655155724,650.0,70.0,407.27588383838383,0.04796556947260091,25.0,15.0
7a2edf8d-c8b8-4b74-83ab-c6532af4e6a8,67.22509091467579,56.34318615978863,102.56084474418287,8.33712891178936,0.20684637580808082,0.009928264987352695,0.46717633020507154,0.015524834002138761,0.30570289438303627,56.343182683508665,25.011565351010102,1200.0,90.0,814.5517676767677,0.10036192065991252,30.0,20.0
7aadb217-284d-4cd7-9581-6e08d99b7424,69.31086569597764,57.07586101325809,99.79229682948127,5.681906188922035,0.13858258760343015,0.010883907305566078,0.5042210047158038,0.014911229196002811,0.1992472799795817,57.07586208054642,20.0115655155724,1200.0,50.0,407.27588383838383,0.10036192065991252,25.0,15.0
7add2a1b-718b-48a0-835f-f799362cf2eb,46.47340113074387,54.89897046171743,48.845120535509174,-19.160917838609898,0.16783671251199497,0.019282380883364897,0.5839514074957912,0.013837679153012566,0.27258296670901444,54.89896912412029,22.505782674242425,400.0,50.0,678.7931397306396,0.04796556947260091,25.0,20.0
7b466df5-4b45-4ef6-8749-80c87d485626,39.29550044752234,52.269898642461534,38.71381091380534,-25.576614298470503,0.16584849149821126,0.01857821071696128,0.5524228255513468,0.012183498862387392,0.2794127286382659,52.26989726783853,22.505782674242425,1200.0,50.0,678.7931397306396,0.04796556947260091,25.0,20.0
7bbeb010-8731-4df9-8f6a-f0fc67352d97,44.46586446637944,52.59665760228951,43.467606629449605,-22.804916040467106,0.2833070473644781,0.016756083716835016,0.4585221393604798,0.013323062975448469,0.4046954639434918,52.596657342901935,20.0115655155724,900.0,90.0,678.7931397306396,0.04796556947260091,25.0,15.0
7d1de764-ac06-4709-8868-3b383d15f9c8,111.25971225883336,63.441841733469815,242.75341914861332,84.06771331321958,0.19951739512294825,0.004773220973874159,0.4975422058041877,0.017924028462429905,0.18571171107148124,63.44184178948578,22.517348022727273,900.0,90.0,678.7931397306396,0.2509799004147781,30.0,15.0
7d69db4b-7ba1-461c-80e1-d40b840eaf73,69.36917959064013,58.64212348254739,100.35361444436353,7.12207917294016,0.1262607542304293,0.010933377117666246,0.5070052705728114,0.015454538952407275,0.20053394039269104,58.64212511481392,25.011565351010102,900.0,50.0,407.27588383838383,0.10036192065991252,30.0,20.0
7dbaa71d-3bad-40a2-95ba-797da8b12430,102.15144120004058,65.40900075326869,176.97675985476175,49.21219788958448,0.1276644715085438,0.007488009755061027,0.5160266001255261,0.01754216746950606,0.14935995029991522,65.40900046495497,22.517348022727273,400.0,50.0,271.51725589225595,0.16982541343694404,30.0,15.0
7de1352f-ad3a-41aa-9da6-a96fcf170f04,101.38066139517414,62.376386932925385,177.80363775403154,48.71543963473346,0.12096808249953704,0.007558763696296296,0.5176069396343644,0.01690845268252352,0.14721944046425345,62.376387981708646,20.0115655155724,400.0,50.0,271.51725589225595,0.16982541343694404,25.0,15.0
7e16d9d1-3dc9-429d-8f0a-4bc8886a6e36,70.10237689746954,58.58501900674723,101.97846523458915,8.649206480063878,0.23892813464299245,0.009760544725715489,0.4643869841602483,0.015480812483323312,0.30952118114229765,58.58501996140517,22.517348022727273,900.0,90.0,271.51725589225595,0.10036192065991252,30.0,15.0
7e5d6dca-aa0f-4f3d-896f-321add58f137,67.55692704019013,57.036327330508804,99.73147393741894,6.607062181441302,0.23755507683143945,0.009764695307175927,0.46393595436521473,0.015286915428203198,0.3092783159679552,57.03632883606529,22.517348022727273,900.0,90.0,407.27588383838383,0.10036192065991252,30.0,15.0
7ee8997e-b68b-4dd7-b59d-b6748000b309,71.98818497100831,59.45821005474253,107.75593208659097,12.95395363591033,0.24673625395275678,0.009500813761805555,0.45322063237331656,0.016003864531783926,0.35007048654967354,59.45820943783025,25.011565351010102,1200.0,110.0,271.51725589225595,0.10036192065991252,30.0,20.0
7ef78b1d-7d59-4cd0-b483-bd1426d992e6,70.35472735473027,56.94668874563688,108.07729090994403,10.948119850155242,0.27089179427335863,0.00938508520492424,0.4487220198907828,0.015538389011005627,0.3466909140938536,56.94668816327295,20.0115655155724,900.0,110.0,814.5517676767677,0.10036192065991252,25.0,15.0
7efb3f59-c5f4-454f-af2e-da8971c23375,45.19714512312187,51.726583956890195,46.71141928758955,-20.86598390959988,0.23770786840688127,0.018227754459648568,0.5166706433449074,0.013820437419977521,0.3414972169322927,51.72658118735222,20.0115655155724,400.0,70.0,814.5517676767677,0.04796556947260091,25.0,15.0
7f8aacba-7e07-4e4f-95f1-2c3ea93886b4,92.7419786684761,62.30604290388344,168.60639072436538,42.9894360502892,0.17237078816861318,0.006985359027272728,0.4960599704613846,0.017199563302990696,0.1963381891303677,62.30604410422006,22.517348022727273,650.0,70.0,814.5517676767677,0.16982541343694404,30.0,15.0
7fcb7ef5-481d-4094-8202-6652e58513fe,87.11498525545883,59.26531645147072,163.27182869626532,39.91310723426428,0.21403559670165195,0.006645693003377525,0.48078805743334374,0.01684826656849324,0.23714090143932243,59.26531493689106,22.517348022727273,1200.0,90.0,678.7931397306396,0.16982541343694404,30.0,15.0
7fcd51e0-55bf-45b3-acb6-92f4beee9558,38.20376983642812,53.3194335047086,35.90181218255087,-26.863611200236097,0.17211052645717595,0.01796335001751894,0.5486065124739058,0.012334959340364543,0.2841926704116877,53.31943440810023,25.011565351010102,1200.0,50.0,271.51725589225595,0.04796556947260091,30.0,20.0
80562ed3-c5b8-46c3-a18f-bd87d512a06b,43.892195755423074,53.85515786502817,41.0183045539372,-22.62656134570275,0.2603605436440446,0.016407504674295033,0.47955922951567753,0.013103357586461799,0.4101419590965943,53.85515824604826,25.011565351010102,900.0,90.0,271.51725589225595,0.04796556947260091,30.0,20.0
8095adc9-518e-4a92-a79a-9bbc2d4a5865,73.35225129215172,57.70947352930702,113.05567526076817,14.601142606079012,0.20060538884154042,0.0100533528309133,0.47236802772874587,0.015560708379787649,0.30008076074778006,57.70947294226566,22.505782674242425,900.0,90.0,678.7931397306396,0.10036192065991252,25.0,20.0
80ad6675-d110-46bd-a3d1-dd2ad9bbbc99,43.55323331741111,51.757004074458635,41.12478709514754,-23.385061685938272,0.3322266388562711,0.01541534326372054,0.4274082158436448,0.013133004267689872,0.45573313962543405,51.757002352413636,22.517348022727273,900.0,110.0,814.5517676767677,0.04796556947260091,30.0,15.0
80cefcd5-6054-46b9-8ff1-ec2d886cd2bd,40.62026234648579,51.192927697457534,39.50143085955293,-24.865204932655654,0.21363913789835862,0.01758343462493687,0.5105025025671295,0.012214002029121922,0.3490467753886946,51.19292680302393,22.505782674242425,1200.0,70.0,814.5517676767677,0.04796556947260091,25.0,20.0
80de471d-bc74-49bc-ae85-b84a5b98c50a,45.10302789399366,54.061912739554316,45.29682822651673,-20.00914405703102,0.21817942699074075,0.017753899657775678,0.5371466056281566,0.013765156887521248,0.34719611067217643,54.06191301863743,25.011565351010102,400.0,70.0,814.5517676767677,0.04796556947260091,30.0,20.0
80eb073c-a7a8-457b-8036-a8e9b693e979,44.7372889614139,56.02641072243176,45.6233918163372,-21.422056704802056,0.1693795855842803,0.01886683201183712,0.5639459827866161,0.013485665724797131,0.27693696692919245,56.026412193217226,22.505782674242425,650.0,50.0,678.7931397306396,0.04796556947260091,25.0,20.0
8152cc8a-0854-4017-af4c-2281a2b511a3,69.71482530662666,58.829400484549744,101.61924780585825,7.6109728338765805,0.19302847633001896,0.01030823067292719,0.4837382844070917,0.01549056728787022,0.25954448284260123,58.82939986344156,22.517348022727273,650.0,70.0,814.5517676767677,0.10036192065991252,30.0,15.0
81e2472b-0a91-4cbc-a3cf-04ca6ec4923d,98.02341258123694,64.33832853078157,183.61542697619186,54.20451981576807,0.1869785572306397,0.006958496410784933,0.4879309152384259,0.017883935476066676,0.23594363595115078,64.33832785758075,25.011565351010102,400.0,90.0,678.7931397306396,0.16982541343694404,30.0,20.0
81f83104-5fdf-4df3-8548-e8fe3179dcc6,123.99859411889975,65.73559949247338,260.81604429333987,94.20412440717357,0.15116671430932238,0.004952268003377525,0.511104363018045,0.018119268596292128,0.14846048560787675,65.73559658983525,20.0115655155724,900.0,70.0,407.27588383838383,0.2509799004147781,25.0,15.0
822a927b-ed2b-44a4-b0c5-8d90f971b0ab,67.0777917795341,56.71830684304957,100.00614103838714,6.5223345962551385,0.23746456853714223,0.00974338117242214,0.46351655957396887,0.015295987680734638,0.30849390957977374,56.71830808457702,22.517348022727273,900.0,90.0,814.5517676767677,0.10036192065991252,30.0,15.0
828241d6-325f-46a9-8533-bc2dffea07be,119.46705251179652,65.02404746613712,260.5866448259242,94.73086903229931,0.13367923049510733,0.0050142427357007585,0.5104912121450441,0.018935771562874116,0.1469326088760554,65.02404543765624,25.011565351010102,1200.0,70.0,678.7931397306396,0.2509799004147781,30.0,20.0
82c2f23b-d160-4442-adc3-48e60fd16278,91.84008591826293,60.65407975355224,176.49141744551648,47.34046817361409,0.24635338979824287,0.006380159693707912,0.47126856349105645,0.01704100240738833,0.27102722963437964,60.65408188901367,20.0115655155724,900.0,110.0,814.5517676767677,0.16982541343694404,25.0,15.0
83183cb1-31d2-48cd-8d15-42c298b69f33,135.70830466523284,67.00502237471979,282.22025394317154,108.06755981148567,0.0932282846107218,0.005230251619423401,0.5269523918150252,0.018548773127792947,0.10772898005936138,67.00502355197867,22.505782674242425,650.0,50.0,407.27588383838383,0.2509799004147781,25.0,20.0
836765d6-a940-4884-ba7f-58dc353e8c6c,133.10799463459105,63.669050573806494,275.8444860835528,105.38674916804747,0.0919624388616793,0.0054533610315867,0.5293516610708123,0.01767536168228196,0.10835797985531859,63.66905169317818,22.505782674242425,400.0,50.0,271.51725589225595,0.2509799004147781,25.0,20.0
838ed715-6a85-4ba2-947f-5b2ab72bd0e4,97.45404409787739,61.61810282876941,177.14042440343405,48.22815431973024,0.16447376498132363,0.007174320086531986,0.5001803356844486,0.016916409178636033,0.19394186551944392,61.61810167919661,20.0115655155724,400.0,70.0,678.7931397306396,0.16982541343694404,25.0,15.0
83d35cdb-1384-4fae-986b-5c8d8a8b42a0,122.69280509137093,66.94562174369587,264.5489733779736,97.60676098723428,0.1349392316802504,0.005059690683869949,0.5116219826064814,0.019003434768292818,0.1483497440628804,66.9456212375963,25.011565351010102,650.0,70.0,678.7931397306396,0.2509799004147781,30.0,20.0
83efad34-faaf-486b-aeeb-c4c68a28a842,71.00677095218205,58.417817339222644,106.38624446050473,11.337641123236693,0.28294570782944023,0.009369704824463384,0.4502793215089962,0.015761797845502905,0.350681007280555,58.41781797810196,22.517348022727273,650.0,110.0,271.51725589225595,0.10036192065991252,30.0,15.0
842f6aac-632c-4e0a-93bd-d9d153c58180,119.34428828216215,65.15789621988769,264.58462102302013,96.58181322557886,0.2298617194807976,0.004585028812763047,0.49025754797958754,0.018150293439059495,0.21331666113527972,65.15789968431547,20.0115655155724,900.0,110.0,407.27588383838383,0.2509799004147781,25.0,15.0
842fd1cb-c64c-4165-ba7e-2cd3a4244606,69.90173963455518,57.00304485100558,102.74472365777392,7.602765905177448,0.18522000793692125,0.010340109222495793,0.48276366879882143,0.015115096764966831,0.2561705839743595,57.003045618549066,20.0115655155724,1200.0,70.0,407.27588383838383,0.10036192065991252,25.0,15.0
8450f9d5-3a17-4ffe-bc70-05fff703dcef,71.35473209979544,60.21016297381696,102.75897686126656,8.968248766316684,0.12687696649689603,0.010997395130639732,0.510798964003893,0.01565099154452685,0.20113513233961,60.210163784344076,25.011565351010102,650.0,50.0,407.27588383838383,0.10036192065991252,30.0,20.0
84a218a2-52f1-46d8-9525-3f82c8cf196c,71.53220989808455,59.821554717757586,105.36773575712495,10.631278927213033,0.1695162209980534,0.010478015827251684,0.48892283778009255,0.015815940633730916,0.2582479900632035,59.821554414847775,25.011565351010102,650.0,70.0,678.7931397306396,0.10036192065991252,30.0,20.0
84ae6a38-385a-4c2d-89ad-c30e5708bb57,139.48543150470744,68.17707169822172,295.4145821749906,116.02220990715664,0.12859407726799243,0.00506060794201389,0.5162552512139099,0.01894385942613028,0.14244253653970532,68.177070421511,22.505782674242425,900.0,70.0,271.51725589225595,0.2509799004147781,25.0,20.0
851940cf-68c7-4e5b-8cfe-86d71fb1115c,98.74181998354723,64.28029617933112,177.51531313120685,48.887053820827205,0.10903041727119106,0.007391115513930977,0.5146333042838803,0.017864722141493747,0.1471921804211606,64.28029694670933,25.011565351010102,650.0,50.0,678.7931397306396,0.16982541343694404,30.0,20.0
853d4800-7940-43cd-91fa-90497d5e4130,71.97824500975076,57.894420107696334,106.97697321253385,10.543842990426471,0.2298173386483586,0.009858559392708334,0.4653704314453915,0.015396912698591978,0.3048219463206654,57.89441837735403,20.0115655155724,1200.0,90.0,271.51725589225595,0.10036192065991252,25.0,15.0
856c8311-05de-402f-84ff-be894d85d36d,89.31217640128521,60.70394047463912,166.6724410935892,41.976976785897676,0.21555616744039352,0.006651743638541667,0.48143786712263253,0.017061502326943027,0.2375675921200359,60.70394137811736,22.517348022727273,900.0,90.0,678.7931397306396,0.16982541343694404,30.0,15.0
85ac9b04-f905-44da-af81-a1b8d3d67c35,135.73124744673552,66.92850993597385,282.65777531040834,108.0146252419639,0.09309780966393098,0.0051813332258207065,0.52628207843508,0.018667326671300024,0.10718354695578249,66.92850776070765,22.505782674242425,900.0,50.0,407.27588383838383,0.2509799004147781,25.0,20.0
8620fd5f-c16a-4c29-8bcf-156f97b1bf8e,71.28392762429763,59.61646101104833,102.45325904839413,8.691755221487783,0.19362595776914981,0.010344783382323232,0.4853575588704755,0.015554987313199807,0.2600093284419304,59.61645937050096,22.517348022727273,650.0,70.0,271.51725589225595,0.10036192065991252,30.0,15.0
86618fab-b735-43a0-9cbb-80fdb0fe4046,124.22518381815735,64.82669867222069,260.1621394757167,95.85677827109232,0.1579927962466225,0.005182422403651094,0.5123884869386574,0.018089349419152898,0.14985618879468826,64.82669896589267,22.517348022727273,400.0,70.0,271.51725589225595,0.2509799004147781,30.0,15.0
86ff645a-71d8-418d-a542-a353b97f435e,115.9498028000888,64.42434076085362,261.2901221460493,95.03798199296817,0.16889285057502101,0.0048453364457596805,0.4997613057725695,0.018915606458087326,0.18053459108257244,64.42434025856406,25.011565351010102,1200.0,90.0,814.5517676767677,0.2509799004147781,30.0,20.0
8701f197-11a4-45cb-bf31-5e84efae79f8,45.08736873592882,51.485792650637016,44.63732882728439,-21.19249916031484,0.29044687222253784,0.01621253363831019,0.45309772911489904,0.012964532774205138,0.4502517956516097,51.48579169206725,22.505782674242425,900.0,110.0,814.5517676767677,0.04796556947260091,25.0,20.0
8712b8db-995d-44fc-9822-abe0f4568479,43.98177941742624,52.38958602615684,41.25434082305044,-22.4282773404903,0.2982413187684133,0.01569784447626263,0.44867281570875417,0.013067410214249786,0.45670492081128006,52.389587454957955,25.011565351010102,900.0,110.0,407.27588383838383,0.04796556947260091,30.0,20.0
876500ab-e915-4532-9aa0-2cc74c0e66c6,129.3768241159017,64.49241820517774,277.3943273905613,106.1786397864563,0.12751051858098694,0.0051970227303766835,0.5167539125654462,0.0179012256711913,0.14521756573707492,64.49241718854279,22.505782674242425,400.0,70.0,407.27588383838383,0.2509799004147781,25.0,20.0
876a176c-3149-4109-a640-584fdf26e0a1,94.46273447513848,62.84912513774111,174.86847173772986,47.817494861660556,0.21716355979271884,0.006797417698526936,0.4844812654669613,0.017324995669728973,0.23824426300953394,62.84912330725895,22.517348022727273,400.0,90.0,814.5517676767677,0.16982541343694404,30.0,15.0
876b73d3-f06d-43ba-9c03-dee383503198,74.14659332823477,56.09279815473405,114.45527703455951,16.215900940318104,0.1997199934998948,0.010448063561584595,0.4784835816424663,0.015283731974478918,0.2987409652646974,56.09279810524276,22.505782674242425,400.0,90.0,678.7931397306396,0.10036192065991252,25.0,20.0
87b2139d-3312-4453-aff5-4b37e08d8cee,42.61219846696172,54.66175333272007,42.5923184120316,-23.18515788570556,0.16668137900389313,0.01872218116187921,0.5587651292055977,0.012933775457756225,0.2782540899772774,54.66175404255325,22.505782674242425,1200.0,50.0,271.51725589225595,0.04796556947260091,25.0,20.0
881947b1-87ca-46b9-8005-4592f4b86dbb,98.24377506566992,62.560378358781385,185.68939767973384,53.351298376360376,0.24712084019649616,0.006478062368592172,0.47295711433754195,0.017361743098152072,0.26982752518235403,62.560378809181195,20.0115655155724,650.0,110.0,271.51725589225595,0.16982541343694404,25.0,15.0
88b9e8bc-472f-468a-9caf-5e78fd8d0d8d,136.03856190709476,67.50064127534043,296.79833834640493,116.95719787361342,0.16229677392513675,0.004898991031260522,0.5057916236202652,0.018894751817682614,0.1750974062945695,67.5006417727742,22.505782674242425,900.0,90.0,271.51725589225595,0.2509799004147781,25.0,20.0
892dac49-1c4f-4112-8fa8-875b447635f0,93.61287015204067,62.449020480454756,166.0793560879972,41.31488290942784,0.1262782722094802,0.007314083684774831,0.5117266319036197,0.01709136439356048,0.14950674066431094,62.44902056532272,22.517348022727273,650.0,50.0,814.5517676767677,0.16982541343694404,30.0,15.0
89cb8d3d-d12b-4bfb-a265-d5448e6cf2b4,123.60126290880278,63.873782659581536,275.12860116270804,104.73402107159433,0.16158063850394572,0.004990671522569445,0.5055678436893413,0.017884407379270318,0.1790749181985184,63.87378234552583,22.505782674242425,400.0,90.0,814.5517676767677,0.2509799004147781,25.0,20.0
8a55a36b-cd8c-469e-94be-f2e38910870b,99.07818267096773,64.66427272819757,180.4435671422156,50.78751694694855,0.1486343831099537,0.007051221958743688,0.49890094960995374,0.018088935658958524,0.19332070696750212,64.66427682925787,25.011565351010102,900.0,70.0,407.27588383838383,0.16982541343694404,30.0,20.0
8a600162-7440-45e1-8d61-0abd5f56224e,42.86179142915565,45.41192980650523,45.265680986967205,-21.38489727953889,0.3170443368038721,0.01670581268632155,0.4511543922767256,0.013260911752931656,0.43970336898280454,45.4119310537051,20.0115655155724,400.0,110.0,814.5517676767677,0.04796556947260091,25.0,15.0
8b76d08b-2b78-4769-b53d-ff4fffb30d69,96.81036252306988,63.598171481353205,173.46908779443987,47.06439835311214,0.17311017050384048,0.0071322952340067336,0.4990037102131734,0.017274755997044464,0.1970445607651494,63.59817214591841,22.517348022727273,400.0,70.0,407.27588383838383,0.16982541343694404,30.0,15.0
8b7a7877-7b5a-4e9f-914e-88fef002a064,45.128413499449046,54.274042714536286,43.45244348440595,-21.22759187195355,0.2612079967301136,0.016591667403093435,0.48483290572906146,0.013543598131367306,0.40790334811939055,54.274041762324856,25.011565351010102,650.0,90.0,407.27588383838383,0.04796556947260091,30.0,20.0
8bcae38a-1fb1-40c5-a8b5-f311aae4a436,99.09988158548269,65.30458317394853,184.35710719250682,54.179877425136745,0.18723925304093014,0.006823292977946128,0.4861287132059659,0.01818616907205251,0.23517829996778297,65.30458408174235,25.011565351010102,650.0,90.0,407.27588383838383,0.16982541343694404,30.0,20.0
8c643835-8f27-42c0-bb8c-bf33c7aec347,129.07843983175485,62.30268744298477,276.41015732314867,105.81647759223026,0.12569216046151097,0.005289787425073654,0.5175212194733796,0.017559773564687377,0.14432165829404,62.302683849388586,22.505782674242425,400.0,70.0,271.51725589225595,0.2509799004147781,25.0,20.0
8c7018d9-4561-432c-8e93-a87a9ce48470,120.52664516211735,66.84690747916291,266.2826720650464,98.9473183003009,0.17082935216435186,0.004886316727356902,0.5008789708883626,0.01903238769529084,0.18244572575266826,66.84690751565046,25.011565351010102,650.0,90.0,678.7931397306396,0.2509799004147781,30.0,20.0
8c870b15-cf59-4035-bb04-b922910e9f6c,46.42890520352529,52.945333326818314,47.208378827281216,-19.92153828919177,0.2545255107360058,0.01713887264672769,0.4909675872017045,0.01345894762424709,0.40054669381213653,52.94533417573694,22.505782674242425,650.0,90.0,678.7931397306396,0.04796556947260091,25.0,20.0
8cc7e237-288c-409d-b6c3-c78e70babc23,134.1082307290552,67.05188718882818,286.8870896867177,110.61158972845165,0.12833756692707282,0.004978633148958334,0.5146546155320918,0.018844041877082815,0.1426960035115543,67.05188750612795,22.505782674242425,1200.0,70.0,407.27588383838383,0.2509799004147781,25.0,20.0
8d207889-8e21-4b3a-bdc2-2ba96d9e8eff,92.65325594729065,61.37800941230653,162.08137524916353,39.18481925706597,0.12569304783788932,0.007263231271422558,0.5105838186894992,0.016930482583875868,0.14937728838758366,61.37800834283117,22.517348022727273,1200.0,50.0,407.27588383838383,0.16982541343694404,30.0,15.0
8d402452-d9a6-42f1-ac51-9b38797748de,102.27814462713863,62.21219037820024,186.34055398802508,53.433228948658304,0.10371198361690867,0.007323589245454547,0.5166639701666667,0.017342501155697645,0.14253980917158282,62.21218887105092,22.505782674242425,900.0,50.0,678.7931397306396,0.16982541343694404,25.0,20.0
8ebc8f8a-d9a4-4bd2-bde2-0c5d7215d8d1,39.76858827649246,54.308608123198766,37.73377114561703,-26.185031536147335,0.18817045060606058,0.018132431383838382,0.5360870003609006,0.012808125910418224,0.28330984705170953,54.30860920869406,22.517348022727273,900.0,50.0,271.51725589225595,0.04796556947260091,30.0,15.0
8eebc0ad-1760-480d-8d4e-f387d95dec35,72.1813190918084,58.67782135844274,105.05326584076458,10.441392374964003,0.19372084125094696,0.010598026324610689,0.4886889495877525,0.015555321128698183,0.25832202225838036,58.67782172201006,22.517348022727273,400.0,70.0,271.51725589225595,0.10036192065991252,30.0,15.0
8f2f2642-404b-4752-8bd0-70599d529f94,41.7680860888937,56.03593729614978,40.55203157679818,-24.559910163012194,0.18956755430103114,0.01828611866550926,0.5397395620311447,0.013360465280882897,0.28261813426743804,56.03593619450604,22.517348022727273,650.0,50.0,678.7931397306396,0.04796556947260091,30.0,15.0
8f642feb-324b-4010-a7c6-8adb9637c21a,125.52760472659213,67.52172323306395,262.034884829252,97.3266121909443,0.0984370872728325,0.00533970632851431,0.5247013735248316,0.018703273930920004,0.11243456559281924,67.52172281373387,25.011565351010102,400.0,50.0,814.5517676767677,0.2509799004147781,30.0,20.0
8f85c7c6-7775-4c52-add7-2878c3156bea,73.27839194513946,57.479803420635,108.49683963622196,11.547545292020748,0.1860230107082807,0.01068922026881313,0.48900772704103534,0.015429827040479287,0.2544826064662359,57.479802179951974,20.0115655155724,400.0,70.0,814.5517676767677,0.10036192065991252,25.0,15.0
8fc317cc-1fe3-4fd2-aaa8-c02f611cd495,93.94428832799454,60.882697969414956,172.3834315582453,44.75879406120511,0.16411612051746635,0.00695438497790404,0.4968345786960227,0.016891282227667708,0.1931819848347409,60.88270147426322,20.0115655155724,900.0,70.0,814.5517676767677,0.16982541343694404,25.0,15.0
8fd39344-241b-46c5-a4e2-24cbdc96424c,117.59773544898991,62.5815772088656,245.84218126456375,84.99253978682553,0.10860925734635943,0.005125927771643519,0.5216417781238953,0.01751015007649022,0.11133771379676333,62.58157879907677,20.0115655155724,1200.0,50.0,678.7931397306396,0.2509799004147781,25.0,15.0
8fd5da8f-de71-4698-a79e-98bafa1348a8,124.88922778886449,68.88014848987358,277.750724380763,106.99439089111297,0.2065275183873106,0.004727972166235269,0.4917378641335227,0.019432017813033466,0.21300321367923383,68.88015035522905,25.011565351010102,650.0,110.0,407.27588383838383,0.2509799004147781,30.0,20.0
903a7970-2e57-439b-936c-fd1478b1d1d3,75.08580583079386,59.19984879519078,110.3674916452285,12.800164619018126,0.1220685612590488,0.011053878160553452,0.5128345735591329,0.01543089796213014,0.19566847096165849,59.19984843892563,22.505782674242425,650.0,50.0,814.5517676767677,0.10036192065991252,25.0,20.0
9045f608-f48b-4cc6-9e7e-15c0b4810c9c,74.20149991135101,58.980839171386116,107.13624350241324,10.504427312294563,0.14007490398258626,0.011215444687131735,0.5119529966111112,0.015448426741054557,0.19829915130877715,58.98083844562905,20.0115655155724,400.0,50.0,814.5517676767677,0.10036192065991252,25.0,15.0
905a40f0-05d9-4928-b7dd-094124178b16,123.04533650061227,67.1993243735396,263.8314048974487,98.47798413461298,0.1352564164224748,0.005155621310469276,0.5131636876222117,0.01870981434181673,0.14999737803656682,67.199325093249,25.011565351010102,400.0,70.0,814.5517676767677,0.2509799004147781,30.0,20.0
905c7ded-512a-4643-a4d7-cb5881c746f8,90.77621688799383,59.91402087341129,174.7164517923437,46.46233458639205,0.245901233225484,0.006366381447001263,0.4705701401593013,0.01692316662507501,0.27067184241857056,59.9140191469685,20.0115655155724,1200.0,110.0,678.7931397306396,0.16982541343694404,25.0,15.0
90b438fe-3396-49bb-a144-3a1a6e07db14,97.99825704102429,63.1738524486591,179.74699873082264,51.43023884813028,0.21677167296811867,0.0068542293765256725,0.48562442031292075,0.01747976268589633,0.2364553953942126,63.173851290107805,22.517348022727273,400.0,90.0,271.51725589225595,0.16982541343694404,30.0,15.0
90d1c302-e9d8-4c5e-b696-249c663b3ab3,72.8428889522157,57.5727506009753,110.08432563775648,12.330720436196124,0.1620760522354272,0.010483583418402777,0.4899416520102062,0.015364527587285867,0.2517949543725605,57.57274973842548,22.505782674242425,900.0,70.0,814.5517676767677,0.10036192065991252,25.0,20.0
91082279-60a6-458f-bb8b-79fb122bdf78,73.45154288088843,61.33423815404018,104.61600451169026,10.424232358591704,0.1275086688421717,0.01100967743589015,0.5104345119942129,0.015831155177797162,0.20117071673875528,61.334236988502596,25.011565351010102,650.0,50.0,271.51725589225595,0.10036192065991252,30.0,20.0
912db099-cb07-4c22-80c7-e7befc0d79d3,42.95883982486909,53.14254111234956,40.19516175121655,-23.36395290102724,0.2599719320061027,0.01637998137605219,0.47786692677209586,0.012951259345635641,0.41035085061513876,53.14254092554831,25.011565351010102,900.0,90.0,407.27588383838383,0.04796556947260091,30.0,20.0
91650e33-b58a-4c0c-b64f-289442dababc,46.28913847222162,54.0057426752528,48.96723142109482,-19.086438472208243,0.1678626474615951,0.019375419826704543,0.5878617070284092,0.013793682640093653,0.27145945207911665,54.00573949114305,22.505782674242425,400.0,50.0,407.27588383838383,0.04796556947260091,25.0,20.0
91951770-e918-44f9-9390-921739ecf0e0,132.2236579338763,68.9816541023194,271.43369493428844,101.65247904589518,0.0982375902768729,0.005183651825968013,0.5233912192606797,0.019530353349841337,0.10992263414399928,68.98165348240335,25.011565351010102,1200.0,50.0,407.27588383838383,0.2509799004147781,30.0,20.0
91afade7-9c63-4078-bb68-85da603f244f,109.86666431250876,65.44724220697691,194.3611119432498,59.07577908520321,0.10481679217214857,0.007416416832281145,0.5195450944071971,0.01769106043576897,0.14315629600391586,65.4472438713298,22.505782674242425,650.0,50.0,271.51725589225595,0.16982541343694404,25.0,20.0
91d01887-d105-48aa-9271-5217786cc400,116.94057516067862,66.08300047161251,266.30725287477065,99.20309468113754,0.20504723764504418,0.00472204087109638,0.49079887065567135,0.018977758718891638,0.21350092500787912,66.08299997550809,25.011565351010102,650.0,110.0,814.5517676767677,0.2509799004147781,30.0,20.0
921225db-968b-4353-acf4-65be0a0c38a5,76.87136597995679,59.25023589831868,112.52639047850317,14.491611202569137,0.12246345027235901,0.011315879641319443,0.5186131823269151,0.015393916122310093,0.19547578106478095,59.25023545364171,22.505782674242425,400.0,50.0,814.5517676767677,0.10036192065991252,25.0,20.0
92b846f4-1a7e-4020-9749-2b9193ae3112,38.7989818544638,51.117938513689154,35.6926049381845,-27.288852176127833,0.23921773195244103,0.01696244100378788,0.48811779250484005,0.012230792843237073,0.35383038469529243,51.11793842845586,22.517348022727273,1200.0,70.0,407.27588383838383,0.04796556947260091,30.0,15.0
92d7e6eb-f036-4075-9ad6-bff94bc1c996,101.23178089734297,64.19033444007209,180.21680976931074,49.73405288954339,0.16546021151835016,0.006941330445601853,0.4986099739129839,0.017357435468298987,0.19310977332075077,64.1903318408999,20.0115655155724,1200.0,70.0,271.51725589225595,0.16982541343694404,25.0,15.0
92eb0bc8-8987-44f3-b08c-4aedec3cd4ce,124.9804444756518,67.71523015647122,253.52147994538296,90.62840628605633,0.11617164926853955,0.005195966836037457,0.5223050233535881,0.01848347390455684,0.11338262751313684,67.71522965693494,22.517348022727273,650.0,50.0,407.27588383838383,0.2509799004147781,30.0,15.0
92ed1b5f-6c9b-4cc0-9794-cdee7c9404ac,41.96607593928885,50.68125811996567,40.59080579066599,-24.03543224590711,0.2535779359518097,0.01677881950470328,0.4771237760864899,0.012314468030630667,0.40557082452668486,50.68125755801315,22.505782674242425,1200.0,90.0,814.5517676767677,0.04796556947260091,25.0,20.0
9316ac40-199d-41bd-a1ca-6bb6b9abf50c,100.10998448558983,63.86922602156242,184.02710950407518,52.06748229187844,0.20765111017576812,0.006683505837321127,0.4849399459696969,0.017480920045719217,0.23365969912692922,63.8692247977101,20.0115655155724,900.0,90.0,271.51725589225595,0.16982541343694404,25.0,15.0
9381496f-3484-46f2-9d76-25a7bb83b1d7,70.07187242135811,58.28682658772527,106.2386769561313,10.687196474792453,0.283242235530303,0.009321809254114057,0.44866256616419403,0.015814045374197446,0.35056750356673855,58.28682793860016,22.517348022727273,650.0,110.0,814.5517676767677,0.10036192065991252,30.0,15.0
9427968d-1688-4569-af19-1789f24c0fdd,126.26742830368649,67.71525906216064,269.4045074717286,100.8541871662387,0.20241901598274412,0.004841474257396885,0.5001852568544298,0.01882555390287485,0.18315353783414803,67.71526000588712,22.517348022727273,650.0,90.0,271.51725589225595,0.2509799004147781,30.0,15.0
94954932-17cd-4aa9-a8f4-6123356833e2,44.29994776770979,50.49921852332362,44.72336789238424,-20.83498062186561,0.2872339872881944,0.016888389231902355,0.47568870859764295,0.013627261024748144,0.40063252292901397,50.49921858324504,22.517348022727273,400.0,90.0,814.5517676767677,0.04796556947260091,30.0,15.0
954cc9ea-59f1-4e52-b7c9-206d923b1345,43.373494911401096,48.81155720269012,44.106014119893885,-21.135230578614184,0.28535099032849326,0.01701142214194024,0.47925000058375417,0.013481659424318677,0.3987348814416472,48.81155747665964,22.517348022727273,400.0,90.0,271.51725589225595,0.04796556947260091,30.0,15.0
9575170b-b7a0-4dc6-81fa-95f64bafde3b,71.00579534395466,59.94600324842557,102.72839174868923,8.83406254113739,0.12684506067145415,0.010982201158964647,0.509744251269676,0.015626994045450898,0.2008072150033112,59.94600338233526,25.011565351010102,650.0,50.0,678.7931397306396,0.10036192065991252,30.0,20.0
95793b6b-4352-46d9-bf8a-b28ad3938c4e,125.06757099321652,64.86995245940822,272.42470175568513,105.36548391207161,0.1682191428962016,0.005120502285479798,0.5038051075257786,0.01849264441687372,0.1815424267093365,64.86995437932784,25.011565351010102,400.0,90.0,271.51725589225595,0.2509799004147781,30.0,20.0
957c79c4-7bcc-4574-96c8-f5d074f9d2a0,74.85229402998924,58.472840294776375,115.0244569431926,15.94116171701431,0.20096173202314815,0.01012570793856271,0.4746026065352483,0.01567011802279132,0.30006490728045887,58.472842920768066,22.505782674242425,650.0,90.0,814.5517676767677,0.10036192065991252,25.0,20.0
95cb341c-755c-4264-bd67-4a939505e5b8,96.83684797838727,63.8679118620315,181.12117406329338,51.460360686204076,0.18610559255061024,0.006751778540109427,0.4849199112421086,0.018132066991611524,0.2339487571410699,63.86791010348383,25.011565351010102,1200.0,90.0,407.27588383838383,0.16982541343694404,30.0,20.0
9669fbca-0bb2-4c9f-9b7c-591e0f4bd893,45.4553063087798,51.373039064975835,46.135551067873024,-21.22811696494752,0.2821451095206229,0.0170941682712016,0.47018041480766,0.013666147993499501,0.39940665154228366,51.37304011612375,20.0115655155724,650.0,90.0,407.27588383838383,0.04796556947260091,25.0,15.0
96997782-5f77-43f1-be8e-9e896bb537f7,70.36054461690767,58.64179207121782,105.52653041701777,11.007279375712942,0.20876725792887207,0.009968549750652356,0.46869974254008845,0.015836713289694587,0.3070261832446945,58.64179132098967,25.011565351010102,900.0,90.0,407.27588383838383,0.10036192065991252,30.0,20.0
971adbd2-c51a-48a8-9be0-9f87271726c1,44.22069516090977,50.0815247224344,44.83192321284535,-19.740905511758733,0.25728402799473904,0.017096009894991583,0.5061907666970749,0.013515029676274999,0.4000229847238546,50.08152366253199,25.011565351010102,400.0,90.0,271.51725589225595,0.04796556947260091,30.0,20.0
97271e33-6934-4b3a-b083-812b198453cd,104.78250097287707,63.208046193345226,188.14261409791348,55.55189461886483,0.10433208496192128,0.007540336998863636,0.5203635451247897,0.017179040661933476,0.1441793026761752,63.20804731074967,22.505782674242425,400.0,50.0,814.5517676767677,0.16982541343694404,25.0,20.0
97a84632-c1b8-4f58-a47a-174e349e88e9,114.34665830977092,62.2275184769541,256.6331063041882,92.49439059641973,0.22781181654398144,0.004725510147653619,0.49115352323690026,0.01748589533997858,0.21519022626894538,62.227519765771675,20.0115655155724,400.0,110.0,678.7931397306396,0.2509799004147781,25.0,15.0
97c417df-0cc9-496e-9d03-2884bd564717,46.18717839835095,52.965362348194475,46.78498766962002,-20.09943909404812,0.2547182706140573,0.01710814491992845,0.48872164807617846,0.013394260620632327,0.4011083091937098,52.965360176491636,22.505782674242425,650.0,90.0,814.5517676767677,0.04796556947260091,25.0,20.0
9899982c-d8ea-42c8-8af5-fff2749edf12,72.92886760562142,57.44520403714722,112.64506855160208,14.340753667246672,0.2004181511860269,0.010039403076304715,0.47222088085353536,0.015530015613558705,0.29992884265204617,57.445202173952026,22.505782674242425,900.0,90.0,814.5517676767677,0.10036192065991252,25.0,20.0
98bdb023-982e-4571-ab55-9fa2a24bf7ad,108.17049202036888,62.55277789378645,241.83594450323062,83.6225362244138,0.23987319019849535,0.004578496225010522,0.4869735268652251,0.017882684738716778,0.21694443471940336,62.55277630915692,22.517348022727273,1200.0,110.0,678.7931397306396,0.2509799004147781,30.0,15.0
98e5f817-24d9-4e33-9c28-22a48385cae1,71.26888807253073,59.043677504583755,104.71214839224044,10.168310904765061,0.2395139454266625,0.009843766200852273,0.46524086398148146,0.015686136621722958,0.3086328353969456,59.04367697464561,22.517348022727273,650.0,90.0,271.51725589225595,0.10036192065991252,30.0,15.0
990c2124-85d7-4671-81f3-45322f8b6da3,133.7753510531235,70.62767421049735,287.56517249539377,113.05886194773191,0.17204478242813556,0.004901499109069864,0.502650422334596,0.019847365975281632,0.18002726977171868,70.62767564419765,25.011565351010102,900.0,90.0,271.51725589225595,0.2509799004147781,30.0,20.0
99f467cf-4fc6-43db-bdc6-1032daae602b,40.692117326174355,53.964336593325726,39.780374237240714,-25.586578521085347,0.18621914456607747,0.01863399677093855,0.5342188919381312,0.012881525042540734,0.2804436245950877,53.96433577846128,20.0115655155724,900.0,50.0,814.5517676767677,0.04796556947260091,25.0,15.0
99f6e32e-2243-4467-b8a3-9e27e097d879,44.96274004010664,51.090846296638674,46.6522630791078,-20.80602629155263,0.2372941042706229,0.018281361983848908,0.517862352885101,0.013765875510451641,0.34065036890252287,51.090845980714846,20.0115655155724,400.0,70.0,678.7931397306396,0.04796556947260091,25.0,15.0
9a6374ad-822f-444f-82a5-ed6b4bb6b8d5,97.44796364624463,61.73859827857998,177.2252576877341,48.22427128247179,0.16451526000494526,0.007160971642845117,0.5002224332917719,0.016949207160801436,0.19393029828336786,61.73860001228356,20.0115655155724,400.0,70.0,814.5517676767677,0.16982541343694404,25.0,15.0
9a713d33-f28c-413b-8813-0cf4d81bbc8a,95.36877673901213,60.18461684552102,177.91003700247202,49.03682910031087,0.2049523942225379,0.006916538718118688,0.48626581969928456,0.01677364426211198,0.23459772560948344,60.184617205440205,20.0115655155724,400.0,90.0,407.27588383838383,0.16982541343694404,25.0,15.0
9a813de6-4442-441c-a1de-e7dbe142738d,76.28340846469564,58.44560716505669,111.74060074195636,14.159232549366878,0.12201998235895413,0.011396852262931398,0.5212305226661405,0.015231164381705119,0.19538005528403604,58.445607426827884,22.505782674242425,400.0,50.0,407.27588383838383,0.10036192065991252,25.0,20.0
9ad87ede-743a-47a3-b81f-7ff830da5305,72.83066369454586,57.34764793687327,114.56989938137336,15.64477122700653,0.2364526100642887,0.009629668748137626,0.4569155753621634,0.015647913627227703,0.34200318855698053,57.34764840906471,22.505782674242425,900.0,110.0,814.5517676767677,0.10036192065991252,25.0,20.0
9add6ed7-29cc-47b0-ada4-bdb955c447fa,109.9997925861158,65.49067178482338,194.4590371466023,58.94837763402768,0.10474759569862163,0.007345941071159513,0.5186268566130051,0.017787390639942065,0.14270579294330163,65.49067291792795,22.505782674242425,900.0,50.0,271.51725589225595,0.16982541343694404,25.0,20.0
9aea51da-3480-4cef-a9b5-51bffb87d062,93.40200038606382,61.330877539962316,175.93334180041776,47.26951849059739,0.14697947967508415,0.007035068459732745,0.49741054227146464,0.01776205542258936,0.19142923590486224,61.33087720310853,25.011565351010102,1200.0,70.0,814.5517676767677,0.16982541343694404,30.0,20.0
9b01b4d2-9dd2-4542-a173-f91c425800d3,130.02614682616863,69.51107785172975,274.7868289721562,104.75968295991827,0.13580682126988639,0.005063863632396886,0.5127942522081755,0.019447547053503638,0.14796309244327988,69.51107801829464,25.011565351010102,650.0,70.0,407.27588383838383,0.2509799004147781,30.0,20.0
9b37d08b-e919-488b-9d20-0791ea3e07ac,43.84843596447489,51.93661380206248,42.6268450262081,-23.22807608342711,0.2823693266536195,0.01673411206686658,0.4584489679037248,0.013109656841743299,0.404680430559986,51.936614402037925,20.0115655155724,1200.0,90.0,407.27588383838383,0.04796556947260091,25.0,15.0
9b5540ff-8fa8-4a11-8551-987bc660d521,96.94806848736674,61.70675426042601,170.9450572316364,43.98210459602764,0.1205752623520728,0.007259106472737795,0.5123737600770202,0.016853858837910175,0.14705688289190608,61.706754474132644,20.0115655155724,1200.0,50.0,407.27588383838383,0.16982541343694404,25.0,15.0
9b811cfa-a030-4d9e-a6d5-26be14c1fc63,104.24839899391698,63.73078684035609,192.01605306058488,57.743349990452394,0.14202056119318182,0.007119102511026937,0.5038514419834806,0.017516678872430684,0.18882337006453634,63.73078586361808,22.505782674242425,650.0,70.0,407.27588383838383,0.16982541343694404,25.0,20.0
9bc9d7a8-5b72-4d0d-92d7-87fdfb3a434c,70.15605135812034,55.846799804684046,106.9341684766406,12.265656022025398,0.27995108370528204,0.009651394590646043,0.45244362042392683,0.015494114388582123,0.3479570840847477,55.846803408288736,22.517348022727273,400.0,110.0,271.51725589225595,0.10036192065991252,30.0,15.0
9bed259f-c38d-4fcf-baac-8ffb761f22ef,44.89003336048316,52.67978668130476,44.47775508948451,-21.54144592055818,0.2540727816458333,0.016940279575336697,0.4834262436417298,0.013033999439009134,0.40359550764729785,52.679787414216264,22.505782674242425,900.0,90.0,678.7931397306396,0.04796556947260091,25.0,20.0
9c320902-f50e-48ea-a6a9-48bba85a995e,122.68004377934277,67.38906518273305,256.05041797638887,92.37610790234781,0.15982935906568815,0.004988118817655724,0.5101959226485691,0.018528574834125868,0.15098951072540456,67.38906666068294,22.517348022727273,650.0,70.0,407.27588383838383,0.2509799004147781,30.0,15.0
9c45d05d-8575-4b85-ba41-3c0bc94d8574,64.0604424630112,54.93173917837251,94.03351368433262,2.804412411965427,0.19001163508196547,0.010238918579324496,0.4805166016802398,0.014746997282912983,0.25938784479268767,54.93173832322971,22.517348022727273,1200.0,70.0,678.7931397306396,0.10036192065991252,30.0,15.0
9c7c32ca-9901-4fcb-af8a-3c43b0be9a96,71.44368446160873,59.6984043388705,105.49892993352437,10.663042222315472,0.1694549581622475,0.010474754964909511,0.48824739638804715,0.015815867233809275,0.2579894558172537,59.698405914487985,25.011565351010102,650.0,70.0,814.5517676767677,0.10036192065991252,30.0,20.0
9cbb4ec4-9659-4c55-9327-7d2abae1a6f8,109.60167426778315,63.397210389304306,244.75543395694817,85.39015336037718,0.24100157931534094,0.004584873607670455,0.4873902280058606,0.017982736991829944,0.21729454941093732,63.39720967013016,22.517348022727273,900.0,110.0,678.7931397306396,0.2509799004147781,30.0,15.0
9d5194e6-6a6a-4cf6-a2be-a679e7795dae,116.6873871697295,65.82584689664533,265.4242901952548,98.26073290956175,0.20441324110027356,0.004694413639930555,0.4903636066398886,0.01903058257236669,0.21281848933450034,65.82584677344828,25.011565351010102,900.0,110.0,678.7931397306396,0.2509799004147781,30.0,20.0
9e3adc51-29cd-4d30-a74e-93a7b53da86d,43.86699575614001,48.60702488085909,44.52945506077289,-20.068771759321784,0.2938307165024201,0.016351639591593012,0.4730385358486953,0.013340653869646484,0.4467071184642983,48.60702561372271,25.011565351010102,400.0,110.0,814.5517676767677,0.04796556947260091,30.0,20.0
9e6056e4-8f96-4e59-8998-421298eb16c4,100.4562604963538,61.18886328058139,190.53630255574546,57.71735047071993,0.1766822376900779,0.007049816196611954,0.49204365919749576,0.01702469338348066,0.22984774064258529,61.188861094005006,22.505782674242425,400.0,90.0,407.27588383838383,0.16982541343694404,25.0,20.0
9e8ebd5f-1b7c-47f1-86b6-12b4669bf6af,100.41384010286475,62.88193408149048,195.07609543117715,59.448008545352785,0.21303337568023994,0.006508663662068603,0.47674399187179084,0.017706163715856243,0.26417767067302655,62.88193449525149,22.505782674242425,1200.0,110.0,407.27588383838383,0.16982541343694404,25.0,20.0
9e95ce0d-24ad-423c-9b28-ae732d606467,66.75655286968549,56.2250526473504,100.18978532483183,6.963106244614026,0.1671521005185185,0.01038406141650884,0.4851839503939394,0.015322268248067091,0.25660562891305994,56.22505368080858,25.011565351010102,1200.0,70.0,814.5517676767677,0.10036192065991252,30.0,20.0
9e989e6c-71f0-4fd7-9e86-691a2f3c1650,132.1770294933527,66.52020170318103,283.4235611873196,109.01052717534259,0.12827989396835016,0.005057391933017676,0.515485927802925,0.018520503511868864,0.14401486442123707,66.52020167254685,22.505782674242425,650.0,70.0,407.27588383838383,0.2509799004147781,25.0,20.0
9ec75a4a-8523-4513-9961-950372a54bec,92.89015926606027,59.73572965187144,167.12249336938933,41.47222635549206,0.11973633001477274,0.007248897977788299,0.5113426793666878,0.01659696953423422,0.14658950742198648,59.73573056910333,20.0115655155724,1200.0,50.0,814.5517676767677,0.16982541343694404,25.0,15.0
9edc8b69-53ee-4253-b3b8-295ed528123b,131.20902513185726,70.69289814245825,288.2887468179747,113.35245785918306,0.20721066127483168,0.004702076699537037,0.49231794997532613,0.019904139692511078,0.21094798959561886,70.69289702953063,25.011565351010102,1200.0,110.0,271.51725589225595,0.2509799004147781,30.0,20.0
9fcdd22e-8b95-445b-a61a-9de22c31a69a,73.00286659919438,58.580873545365606,107.5578541371483,10.624535851834572,0.18637020735716542,0.010483851095528197,0.48665349439520206,0.01550674292033634,0.25558987926504667,58.58087189100758,20.0115655155724,650.0,70.0,407.27588383838383,0.10036192065991252,25.0,15.0
9fef98d7-c24f-482c-92d4-729d707b8acd,67.22389814820644,57.02076544504998,97.80394917120134,5.461938202706705,0.1253519432906145,0.01089678519659091,0.5068053067633627,0.015203893699975114,0.20010831648654495,57.0207660880956,25.011565351010102,1200.0,50.0,407.27588383838383,0.10036192065991252,30.0,20.0
a07e61c8-bb86-4523-b6fd-cc05aa994df4,122.76321700481148,64.09948920221538,276.6557466252368,104.40394875432868,0.16141342041407825,0.00483274710569234,0.5036584126742424,0.01833059633636905,0.17661576730432507,64.09949104670285,22.505782674242425,900.0,90.0,814.5517676767677,0.2509799004147781,25.0,20.0
a08ea38c-60b8-43dc-81ec-49d6dba8826f,131.5853941570284,69.34458799323029,283.9113063940267,111.02258186626568,0.17154584014488636,0.004957301647579968,0.5031653828846275,0.019507724331655873,0.1806249353260799,69.34458783178779,25.011565351010102,650.0,90.0,271.51725589225595,0.2509799004147781,30.0,20.0
a0b7f9c0-75c9-46b5-a3b2-70f4d8bbb954,104.16673105660405,65.94050873408702,187.58515234578635,56.94136123917687,0.14947192053656355,0.007286769631123737,0.503471120844697,0.018076179501617544,0.19369793285711293,65.94051023101743,25.011565351010102,400.0,70.0,271.51725589225595,0.16982541343694404,30.0,20.0
a0b8f85b-a924-4e02-8c1e-55d198136652,116.86683960582907,64.95045544895675,258.122109439879,94.59269728931592,0.24229755942955597,0.004704200069160353,0.4897809596470118,0.01813733160748555,0.21712739005289972,64.95045304609819,22.517348022727273,400.0,110.0,407.27588383838383,0.2509799004147781,30.0,15.0
a10e436c-7aaa-4003-ba3b-746f0aae4533,101.94503533595895,62.87022825674995,189.89572279586463,56.02735172934668,0.14177059787626262,0.007089732014383417,0.5028256584827442,0.017447060448890737,0.18856527685342395,62.87022811940556,22.505782674242425,650.0,70.0,814.5517676767677,0.16982541343694404,25.0,20.0
a137e152-fb21-48b0-8e0a-50e1184d3189,72.86093534268898,59.061971908864564,109.57728822882054,14.181927986522124,0.20902690160721804,0.010272877777020203,0.4744214651380471,0.01587574290664054,0.30633556458264954,59.0619730819497,25.011565351010102,400.0,90.0,678.7931397306396,0.10036192065991252,30.0,20.0
a14e4509-fbeb-4307-ae95-57536e25dbf2,120.87819255586969,63.31025660487995,276.4448815461599,105.72676001781294,0.1938402766491477,0.0048326170253682665,0.4959278765697075,0.01786730398140508,0.20957021525945227,63.310256564352606,22.505782674242425,400.0,110.0,814.5517676767677,0.2509799004147781,25.0,20.0
a1a53abb-2208-420d-b5ed-9b1fb0eb2483,108.1454095402306,62.73018589300218,243.16190974580877,84.27041478699296,0.24009521388852065,0.004589811207154884,0.4873959021844592,0.017889767715148518,0.21706802987254434,62.73018548494667,22.517348022727273,900.0,110.0,814.5517676767677,0.2509799004147781,30.0,15.0
a1b3b9ba-4869-4bdf-9cd5-047dcb322f7a,126.41761190998284,64.89821143055927,275.53340050865273,103.94274483010815,0.12774759041155306,0.0050366930696969705,0.5146309001715594,0.018254870747709304,0.14436832938782618,64.89821167873522,22.505782674242425,650.0,70.0,814.5517676767677,0.2509799004147781,25.0,20.0
a1bcf9e4-82a9-4aff-bce3-11b34a78fe2d,38.92607633142725,51.81417599628588,35.80399810731596,-26.610934066628968,0.21536711650294613,0.017004408258154458,0.5097715239300294,0.012151034459165343,0.3549491482709825,51.814175857733915,25.011565351010102,1200.0,70.0,407.27588383838383,0.04796556947260091,30.0,20.0
a1be04f9-ba2f-4209-90ab-798f6d3ac859,123.6390060121731,66.55279421299112,261.24808038167885,95.19531679800603,0.09794979718747895,0.005241658887805135,0.5231021783600589,0.018895964423382303,0.11099838446212272,66.55279337598056,25.011565351010102,650.0,50.0,814.5517676767677,0.2509799004147781,30.0,20.0
a3bd5c15-4465-415b-b22c-574750e921c2,100.9572190703184,65.52331649723241,179.6055418744257,51.31923538939761,0.10975055659031989,0.007520987352241161,0.517920357808607,0.017793482833741114,0.14850876469856172,65.52331712879132,25.011565351010102,400.0,50.0,814.5517676767677,0.16982541343694404,30.0,20.0
a3dbb751-f4dd-468e-bb1d-688c11b334ce,131.3162233061034,69.85088391276152,289.9633908699443,114.59047640918936,0.20659233219833753,0.004742607103209175,0.49250720883180765,0.019846625727568155,0.21012119309491784,69.85088188638834,25.011565351010102,900.0,110.0,271.51725589225595,0.2509799004147781,30.0,20.0
a44f90fe-a9bb-4417-8226-12272a6e9c09,92.86639866360393,62.36594741960312,181.24786791700066,51.08870215297249,0.22170909197064395,0.006524075375284089,0.4723153493531145,0.01800269577137111,0.27028476834449083,62.36594578450032,25.011565351010102,900.0,110.0,814.5517676767677,0.16982541343694404,30.0,20.0
a4852d21-763b-4c34-b663-4472ce319d51,38.154155999886854,53.1653200244414,36.209459263063614,-27.226710552332257,0.1871097994698022,0.018066022346275256,0.5331724227003368,0.012422932920329354,0.28361920637713284,53.165318834864465,22.517348022727273,900.0,50.0,814.5517676767677,0.04796556947260091,30.0,15.0
a4c04c93-2c9a-4b8c-af99-57504459e4cd,45.23673293805746,54.209808913155086,45.525554474442664,-21.067949265604653,0.2172017655583965,0.017806247194886368,0.5200055574545454,0.013333680217915096,0.3461376410154357,54.20980720314167,22.505782674242425,900.0,70.0,407.27588383838383,0.04796556947260091,25.0,20.0
a54249f7-fc35-43ea-a0ab-e937db5b9fed,129.90496733484676,67.14418317452517,271.23802757089476,100.09342596793466,0.1513335381342382,0.004994044454503366,0.512248959914194,0.018474652127597444,0.14740579244483745,67.14417903938767,20.0115655155724,900.0,70.0,271.51725589225595,0.2509799004147781,25.0,15.0
a570cc19-bef4-4633-b157-8e0b9f6035d5,75.86672137367125,59.50502613304355,110.58890853097762,13.044818385583731,0.12218886666324706,0.01103759626406776,0.5122654781208964,0.015449994203843092,0.19573483061849575,59.505024193397595,22.505782674242425,900.0,50.0,271.51725589225595,0.10036192065991252,25.0,20.0
a5a1e786-0e53-4948-b73c-1b59cb3bf678,99.190716904935,63.73935459028355,185.74269636957558,53.35097812512464,0.2481114336961279,0.006370140696675085,0.47192414320180975,0.01752258336063706,0.26996225710125016,63.739355992955446,20.0115655155724,1200.0,110.0,271.51725589225595,0.16982541343694404,25.0,15.0
a5d76e00-f45a-43b7-b578-60eebb335eb5,102.2097036051233,62.9584229380533,190.12286168860618,56.22973894281764,0.1417781954066183,0.007099408025231482,0.502977625674032,0.017448121434459014,0.1886482189012317,62.95842505346974,22.505782674242425,650.0,70.0,678.7931397306396,0.16982541343694404,25.0,20.0
a6676b76-c3bc-45b7-9b59-d3757f4270a0,72.54707579431943,60.32367640880043,104.92814439437363,10.739672023324221,0.16962820007060186,0.010421989124800086,0.4880542625896464,0.015828684302981944,0.2586711606412104,60.32367605724767,25.011565351010102,900.0,70.0,271.51725589225595,0.10036192065991252,30.0,20.0
a69b5278-91c9-472c-b88b-3bb6aa95f192,136.23793646337774,66.78822781834354,289.6332259504903,112.93388345403375,0.12780653871429926,0.005119461988636363,0.5169212793973065,0.018558895637660458,0.14328018133633535,66.78822833968626,22.505782674242425,650.0,70.0,271.51725589225595,0.2509799004147781,25.0,20.0
a7303868-9de2-4062-9ded-3aa023da7429,43.58594793796256,55.23365883076055,41.99062536609174,-22.533947318482284,0.22087710274063554,0.017296660917824072,0.518420619836595,0.013359630825351595,0.3524713962073847,55.23366018961966,25.011565351010102,650.0,70.0,678.7931397306396,0.04796556947260091,30.0,20.0
a73d6a91-1484-4f35-8254-25db71205185,71.94706117535411,57.3885986361646,110.18011055953866,15.346479342195343,0.24472980549989476,0.009921192675157828,0.4594586840573443,0.015767087138808093,0.3477003921769221,57.38859842100242,25.011565351010102,400.0,110.0,271.51725589225595,0.10036192065991252,30.0,20.0
a75e7f97-1de1-4b0a-af6f-15a4c4e89f29,132.59592292049683,65.8594037079883,290.9536589611858,113.71532320382455,0.1612689743096065,0.0049620226749263465,0.5059995859382365,0.018517133045075494,0.17590536807907767,65.85940392181794,22.505782674242425,650.0,90.0,271.51725589225595,0.2509799004147781,25.0,20.0
a7a4cdad-77b1-4f77-9dc8-3e96d9a52838,72.35375834081925,56.20707964342569,107.27857479551164,11.006206762304082,0.18514521436426767,0.01078634244419192,0.49011585419349746,0.015185769794338312,0.25412650130524483,56.207076351363014,20.0115655155724,400.0,70.0,407.27588383838383,0.10036192065991252,25.0,15.0
a8145093-8e09-4e93-935e-666a414c9dc9,38.91143100651722,52.458549168229595,37.631915128934516,-26.905209998953673,0.18513650434238216,0.01854515354208754,0.5317884906323653,0.012409677296086562,0.2808300433511491,52.45854935697072,20.0115655155724,1200.0,50.0,678.7931397306396,0.04796556947260091,25.0,15.0
a89ba641-fde2-4d69-b2aa-b076533f00e2,44.804781174551266,53.47609887797042,44.98014390504958,-21.164344026833376,0.24243684927367426,0.01771896609127736,0.5118239704740108,0.013845466716880103,0.3464884097107604,53.476101283810586,22.517348022727273,400.0,70.0,814.5517676767677,0.04796556947260091,30.0,15.0
a8d79668-558f-42e2-8923-948ce6db48c3,71.77333474947038,59.29693571133432,109.78404983290233,13.818286343714965,0.24666133484680142,0.009606095269065657,0.4549136066152146,0.016104250208816222,0.3492709904281539,59.29693821732079,25.011565351010102,650.0,110.0,678.7931397306396,0.10036192065991252,30.0,20.0
a8e36d49-17d7-409a-9eb6-858297a01fd4,74.91461663960288,56.51397287032059,112.49446622532166,15.351677827795704,0.16196894114046717,0.010970072730502945,0.4994122621796085,0.015097508346963487,0.25099770486050077,56.51397351871458,22.505782674242425,400.0,70.0,271.51725589225595,0.10036192065991252,25.0,20.0
a9622e02-1a33-4ed6-bb27-3acdeadbed05,44.44879450944012,55.688089097706175,44.94379878793607,-21.361492189803748,0.19035769948621634,0.01878206617655724,0.5579893889004629,0.014031643316326774,0.2778870175636419,55.68808929604053,22.517348022727273,400.0,50.0,407.27588383838383,0.04796556947260091,30.0,15.0
a9bc205f-d371-4b01-89fc-b8db690a249a,73.09086069564479,57.620889903237405,109.90967483256556,12.641290686584497,0.1620275240820707,0.010478057257891416,0.48990604547727273,0.015337766882222263,0.25191922904546205,57.62089021023302,22.505782674242425,1200.0,70.0,407.27588383838383,0.10036192065991252,25.0,20.0
a9bdeec7-3704-4cfc-898d-53182042905a,45.445773069902366,53.15327662417546,46.13750139300327,-21.417365752837135,0.23811066564362365,0.01800056567403198,0.5082872198512206,0.013775922316441157,0.3439434094403573,53.15327495249251,20.0115655155724,650.0,70.0,271.51725589225595,0.04796556947260091,25.0,15.0
a9ec9bb6-8856-44b4-a5af-b1c311347eb6,129.82043522268035,69.43799022470007,267.5584806945218,99.4517217052823,0.16054558625937504,0.004986060650641836,0.5109152884041456,0.019000529600987068,0.14962343881686713,69.43798881263763,22.517348022727273,900.0,70.0,271.51725589225595,0.2509799004147781,30.0,15.0
aa3a0871-347b-4613-a59b-bcad123d6036,42.99596953644433,51.45519698511606,41.80754807228075,-23.342311155997372,0.25297714208396466,0.01682384533086069,0.47887601985879624,0.012546817711660753,0.405113047343217,51.45519687436717,22.505782674242425,1200.0,90.0,678.7931397306396,0.04796556947260091,25.0,20.0
aa3aae98-ccd6-42d5-9a44-6ed891e0f824,75.8501401693506,59.00105183402364,115.59413415987659,16.53863318063631,0.2013162090810185,0.01010640149675926,0.47458458328851016,0.015700816350389758,0.30015799459053055,59.00105202886225,22.505782674242425,900.0,90.0,271.51725589225595,0.10036192065991252,25.0,20.0
aa57b052-77e8-43e7-b7be-2a36ac6906e5,128.7173569774041,68.50856184274315,266.7623101963813,99.14137954014298,0.1601434823452546,0.005038233890656566,0.5114608026809765,0.01881585839957243,0.14969999909597415,68.50856017927191,22.517348022727273,650.0,70.0,271.51725589225595,0.2509799004147781,30.0,15.0
aa781aa5-2a14-4c69-a86f-5c7267e8920e,44.43719878568742,50.501111200772954,44.97673078833916,-19.95817319714458,0.25769490835900677,0.017065772512047557,0.5045858719035142,0.01355868261893563,0.4005042668373691,50.50110807164819,25.011565351010102,400.0,90.0,407.27588383838383,0.04796556947260091,30.0,20.0
aaa4ea46-8d99-43f1-8d55-8965dfb2a091,44.87646458687079,49.02830712387207,46.0667776662354,-20.979683279607883,0.32084913117140157,0.01636933097930345,0.44044427956008003,0.013527635995999826,0.444315214588816,49.028309618307745,20.0115655155724,650.0,110.0,407.27588383838383,0.04796556947260091,25.0,15.0
aaddf655-d57c-4fcd-a975-9432e81272b6,115.38294604736406,65.07992736579773,263.5178083085319,96.96964153317245,0.20349364835842804,0.004680984247190658,0.490038077814657,0.018996230954041213,0.21217949936682456,65.07992582327444,25.011565351010102,1200.0,110.0,678.7931397306396,0.2509799004147781,30.0,20.0
aaff8eb4-cc28-4345-a1f7-93116c6d7173,92.92806998421717,62.394020322344915,168.48053206605678,43.03362308506297,0.17234991926015358,0.0069897833907302176,0.4961455146736112,0.017195278349634486,0.19651861650806146,62.39401855908999,22.517348022727273,650.0,70.0,678.7931397306396,0.16982541343694404,30.0,15.0
ab0b0e8c-78d3-4a12-816d-707401da44fa,93.17250947665194,62.574941929842566,181.18130622460424,51.39291926336319,0.2216525234368687,0.00652602172873527,0.4727715483759469,0.01800688194171607,0.2706205956511485,62.57494234167078,25.011565351010102,900.0,110.0,678.7931397306396,0.16982541343694404,30.0,20.0
ab2bf8aa-e823-450b-b43e-e1e3c63574f2,124.75687476396955,64.32941635373204,255.94045941539144,91.9208401783162,0.10915861021671927,0.005327325548853113,0.5250573582492636,0.01760625593912222,0.11224497358341946,64.32941519876844,20.0115655155724,400.0,50.0,407.27588383838383,0.2509799004147781,25.0,15.0
ab7cffd8-f679-4ef0-991f-99c82f87b95c,118.40572565719395,66.32526611340275,267.2483135724698,101.064609792509,0.20554616357680974,0.004812561122906145,0.4921341947706756,0.018732768709511714,0.21523974132481224,66.32526432565733,25.011565351010102,400.0,110.0,814.5517676767677,0.2509799004147781,30.0,20.0
abc11666-2dca-48d6-ad8d-e91e17b6e4a3,72.19765914023354,59.87313676574719,102.98306715423391,8.820484057031495,0.145127648397359,0.011123237255892255,0.5114263982648358,0.015513017888051863,0.2015996092129446,59.873134548414264,22.517348022727273,400.0,50.0,407.27588383838383,0.10036192065991252,30.0,15.0
abda5ae4-bc42-45cc-a79d-76660d7e482d,119.57561385686259,65.68863195697735,257.3546069346208,93.97979733387656,0.2014659632249053,0.004896707319970539,0.49997409168907825,0.018183578140037317,0.18578556432234886,65.68863472093295,22.517348022727273,400.0,90.0,407.27588383838383,0.2509799004147781,30.0,15.0
ac46e707-6921-4f5e-af4c-494e235914e6,115.8450674053199,62.875032099947745,249.40148408168062,87.35143089241015,0.14984393179286615,0.004947007256481482,0.5101709525835436,0.01761926681955519,0.1488600658860587,62.87503123283618,20.0115655155724,900.0,70.0,814.5517676767677,0.2509799004147781,25.0,15.0
acaaf777-bee7-4dc3-b3fd-6b1578d1638b,100.56682797408473,65.24009932831189,182.41586391468158,53.23103796307358,0.14934814577272726,0.0072486417915509265,0.5023258020657618,0.017865127197461667,0.1950285067237624,65.24009822987556,25.011565351010102,400.0,70.0,407.27588383838383,0.16982541343694404,30.0,20.0
acd9893a-50b7-4ca5-a9a1-72849125797b,93.49717226539525,60.13105996216137,167.67933165936725,41.75370439822393,0.12005185278738427,0.007251464850494529,0.5116034478329125,0.016633812011770183,0.1467845127670792,60.13106154931131,20.0115655155724,1200.0,50.0,678.7931397306396,0.16982541343694404,25.0,15.0
ad917dc4-e13f-445f-ba78-b98a1f76b27e,45.032980956754386,53.45439416153209,46.96368555397868,-20.914959088687844,0.18754420212194864,0.01937413794791667,0.5650531222138047,0.013946724583798491,0.27280442468485283,53.45439282641043,20.0115655155724,400.0,50.0,407.27588383838383,0.04796556947260091,25.0,15.0
ad917f17-ae07-4858-a004-fd96016e8b0f,45.074373750367606,50.495420554583795,46.043139818612175,-21.26568520179237,0.2812014470151516,0.017168227090014733,0.4730721746893939,0.013592728006840242,0.3982010646342806,50.495421721914866,20.0115655155724,650.0,90.0,271.51725589225595,0.04796556947260091,25.0,15.0
ad9631a8-b8c2-4e25-ad2a-1677e5dd3950,142.3942575219021,68.84039391824996,291.5439490440669,113.67569220528068,0.09364090678953073,0.005193417935353534,0.5272660375949074,0.018961050129235945,0.10681026745815932,68.84039331736865,22.505782674242425,1200.0,50.0,271.51725589225595,0.2509799004147781,25.0,20.0
adbba663-bff6-43bf-8f18-49f349fab555,119.36879685207211,63.49027874903482,248.431023980593,86.75789401632964,0.10902976456045875,0.005144402883133417,0.5221381956928135,0.01762350938566801,0.11164668645079524,63.49027871867972,20.0115655155724,900.0,50.0,678.7931397306396,0.2509799004147781,25.0,15.0
adefa5ff-15f4-46d1-937d-1af65ef65715,102.61627766432817,65.97128673214284,181.0460960379434,52.19781820810427,0.1100686234076389,0.00754250160496633,0.51800186550726,0.017872788966166366,0.14848276009359393,65.97128960090171,25.011565351010102,400.0,50.0,407.27588383838383,0.16982541343694404,30.0,20.0
ae624b7b-eae5-4117-9433-8c237cee09df,71.56899896980276,59.33927212402577,105.31113344986383,11.458442221254186,0.20900799613362797,0.009921168896001682,0.4690261191902356,0.01583481667193021,0.30768241508146504,59.33927189548327,25.011565351010102,1200.0,90.0,271.51725589225595,0.10036192065991252,30.0,20.0
af4df381-d7f7-46a1-9758-b4024653d4a5,119.06261824924398,66.27784466280889,264.7332212874831,97.88786061620578,0.17027768560474535,0.0048875733462436875,0.5007112908142362,0.018952889231497048,0.18233033356427142,66.27784506355242,25.011565351010102,650.0,90.0,814.5517676767677,0.2509799004147781,30.0,20.0
afc6619d-65e2-4c7e-9aff-fb39e261e307,95.25909704772575,63.7127959450573,184.25709457080728,53.646673173218886,0.22295853436126892,0.006558012650042088,0.4734124913341751,0.018130802772763313,0.2711697522816056,63.71279847012058,25.011565351010102,650.0,110.0,814.5517676767677,0.16982541343694404,30.0,20.0
afe8f5c0-b69f-452b-8177-1923a457dd86,68.88808084891748,55.97287040402627,105.84390154980288,9.560063842596616,0.2697943210568182,0.009363777247138048,0.4480742758308607,0.015313602686341089,0.3468286515637872,55.972871555767945,20.0115655155724,1200.0,110.0,678.7931397306396,0.10036192065991252,25.0,15.0
b035d812-a7d4-4537-94b4-4843285ae06c,76.65161151625202,59.345014033606894,114.37593985873511,15.732205446326045,0.16301281525063133,0.010656821160143097,0.4949260468051347,0.015592555457165274,0.2518904876057051,59.34501532830804,22.505782674242425,650.0,70.0,271.51725589225595,0.10036192065991252,25.0,20.0
b0512d2d-00c3-4742-bde5-4e5572e8584f,117.51676753669665,65.15220303317145,262.70415469879725,96.20300581528659,0.16925739108570076,0.004842627776504629,0.49984229152535775,0.019001625070364066,0.18083411025605156,65.15220300854106,25.011565351010102,1200.0,90.0,678.7931397306396,0.2509799004147781,30.0,20.0
b102ffc8-26b6-4595-8cd3-5a8acb3fab89,72.40293567845323,60.3352770195264,103.4130654060937,9.128928773697748,0.14521750719502316,0.01108048136623527,0.5109145893975169,0.015574399871515897,0.20168434350182618,60.335276796854885,22.517348022727273,400.0,50.0,814.5517676767677,0.10036192065991252,30.0,15.0
b10a2485-1e6e-46b4-a919-cdb451f71bc4,41.55451510943809,50.28704471490736,38.286298372834715,-25.365697061393032,0.32959164253514317,0.015304376418202863,0.4256284632650462,0.012580855781019,0.4571443351433729,50.287045929108444,22.517348022727273,1200.0,110.0,678.7931397306396,0.04796556947260091,30.0,15.0
b15ef73a-73ca-40ae-a4ec-a0eebaf569c9,125.89128835804276,63.09064416591984,257.60553035758363,93.01788816284895,0.10841250992898782,0.005400719961921296,0.5256336920157829,0.017459553625638023,0.11152651222531466,63.090643412756705,20.0115655155724,400.0,50.0,271.51725589225595,0.2509799004147781,25.0,15.0
b19579c5-fd1e-4fc4-82b8-8b9f9d8a4a10,132.2212083963944,69.71642585620813,265.4493354186614,97.89286332194231,0.11673421059766412,0.0051924682708754215,0.5231152865425083,0.019020318482916822,0.11216850692971832,69.71642671727092,22.517348022727273,900.0,50.0,271.51725589225595,0.2509799004147781,30.0,15.0
b23d94c9-3cad-4f62-ad28-75633118e0a4,101.52573879374765,61.89115075012474,185.67985937416069,53.00958775077616,0.10357438252707281,0.0073172971464330805,0.5165054537366374,0.017302034241010338,0.14243319662767426,61.89115085212946,22.505782674242425,900.0,50.0,814.5517676767677,0.16982541343694404,25.0,20.0
b27a52eb-a263-488a-82ea-df4aa5f3758d,92.09240914977093,62.269135109616336,170.88929237612385,44.692813580505664,0.21693716331207913,0.006679136342676767,0.4822434691940235,0.017297928643633845,0.23798515868299905,62.26913579348759,22.517348022727273,650.0,90.0,678.7931397306396,0.16982541343694404,30.0,15.0
b2902e53-b44c-428e-8560-9e2cef217b65,72.2635337761574,58.05176299293523,108.92069986584613,11.504581425986357,0.22989603552693597,0.00992639133270202,0.46671634953756314,0.015619506323047523,0.3041362740093575,58.05176245873659,20.0115655155724,650.0,90.0,814.5517676767677,0.10036192065991252,25.0,15.0
b2ff529c-8cb6-4e99-892d-936c48df8122,94.5332574470487,63.41314191220411,172.93431386695707,46.42491748274819,0.21731829956502524,0.006684494991877105,0.4827046120019992,0.017415006512546908,0.238359145786218,63.413140460099626,22.517348022727273,650.0,90.0,407.27588383838383,0.16982541343694404,30.0,15.0
b30b1936-7431-49d5-9769-43c8fe420031,131.32967425389512,69.03994571737498,263.8152754180569,97.34228523322555,0.11653236956253157,0.0052467344452020205,0.5235374096150041,0.018764011017864995,0.11257535626260164,69.03994698137838,22.517348022727273,650.0,50.0,271.51725589225595,0.2509799004147781,30.0,15.0
b3627f83-438c-4e20-8d63-1ed31854d19d,104.86421502214138,67.80881864967401,191.440173101401,58.55282468166062,0.18870718841429926,0.006771436152819866,0.486946048458649,0.018680941163085638,0.23401225930260652,67.80881930002504,25.011565351010102,900.0,90.0,271.51725589225595,0.16982541343694404,30.0,20.0
b3635b61-512c-43e7-9b31-52dfbe4964fb,71.23201926552765,59.8236741509873,101.74417951556876,8.37422791132116,0.12675185171585648,0.010932292216109005,0.5083229538203915,0.015606968411967412,0.20091185101361908,59.82367234139673,25.011565351010102,900.0,50.0,271.51725589225595,0.10036192065991252,30.0,20.0
b393a3c7-6623-407e-a544-3da4221d4c1d,42.03221712506353,52.64835318065543,38.3317649218456,-24.507962552141,0.25908082977525254,0.016253868986531986,0.4756779659763257,0.012590560014865044,0.4117989549775251,52.648352667607924,25.011565351010102,1200.0,90.0,271.51725589225595,0.04796556947260091,30.0,20.0
b3b0bcbe-a1b0-4dec-9001-9daebd311a78,45.390003456970895,50.29835842222939,45.992037343431946,-21.103766476864735,0.3224817971903409,0.016233050928977272,0.4366989592816709,0.013592130421741518,0.4464055983688384,50.29835898411036,20.0115655155724,650.0,110.0,678.7931397306396,0.04796556947260091,25.0,15.0
b431ed2a-3e73-424e-a3fa-1943f2a4227b,69.699258460119,57.93274718727851,107.45778610029969,11.843441607500457,0.2457814326530935,0.009534992410995372,0.4523538136050084,0.01594795108317382,0.34855965806825934,57.93274749257785,25.011565351010102,900.0,110.0,814.5517676767677,0.10036192065991252,30.0,20.0
b43c09ba-925d-486d-ba7e-a2b650b86477,98.6914260127008,65.30082713843248,178.3154291400506,49.864599349769485,0.21854124653203913,0.00663854241021675,0.48297140688673196,0.017815520597159004,0.23726827268653675,65.30082372989932,22.517348022727273,900.0,90.0,271.51725589225595,0.16982541343694404,30.0,15.0
b4a40f73-933c-4d93-9abf-a80143889904,35.338970911780095,50.96690320749788,33.100067671087196,-28.541383945075616,0.1665561820697601,0.01786964794381313,0.5498627636321548,0.01159201514413412,0.28435742487038684,50.9669013085154,25.011565351010102,1200.0,50.0,814.5517676767677,0.04796556947260091,30.0,20.0
b5e80b81-a90c-4785-ab7f-7eb29a3176fb,121.56800358275336,65.42117025115274,262.53200135449794,95.28477874732305,0.19120170389569655,0.004764861956670876,0.5001955464683817,0.018120236548861298,0.18237553846231058,65.42116945618268,20.0115655155724,900.0,90.0,407.27588383838383,0.2509799004147781,25.0,15.0
b620ecef-5ef7-4f7e-8c90-caaf1f874f37,46.23025317702458,54.68132444834403,47.05902717730976,-20.17817628796183,0.21821845416372054,0.017895550874221382,0.5229517459785353,0.013578802189674576,0.3450173433457214,54.681321996851416,22.505782674242425,650.0,70.0,678.7931397306396,0.04796556947260091,25.0,20.0
b655bdc1-b8c0-4138-bebe-84a8a64b8500,117.92100683010169,64.36202408891133,259.80301148733014,93.84233379121582,0.13352791835151512,0.005015721193108165,0.5103899634146675,0.018882099992427504,0.14657076597198962,64.3620209127775,25.011565351010102,1200.0,70.0,814.5517676767677,0.2509799004147781,30.0,20.0
b6852e60-00cb-430f-bcf1-bd41f61142a7,71.05990834266103,56.51065948256395,105.52191085687011,9.650930192490883,0.12067093787599956,0.010948695067550506,0.5090004370587121,0.015002317583067292,0.19511462719249276,56.51065913130504,22.505782674242425,1200.0,50.0,678.7931397306396,0.10036192065991252,25.0,20.0
b6c31b37-f8e5-4bdb-8824-0920b2daa5d9,106.67926481664153,64.53162049828993,200.06339142886188,62.96634047683827,0.17817250236789775,0.0068846222985795465,0.4920438945638678,0.017813463811505136,0.2277832382183289,64.53162162284578,22.505782674242425,650.0,90.0,271.51725589225595,0.16982541343694404,25.0,20.0
b7529abc-a1c0-4ea2-a5c8-04632e1dbf58,67.68918985644434,56.602100467621966,104.59220506674703,10.08364574351776,0.24454869482081232,0.009509762987500002,0.45178926323190244,0.015699503145450697,0.3486070218761825,56.602099986967936,25.011565351010102,1200.0,110.0,678.7931397306396,0.10036192065991252,30.0,20.0
b7b1327a-e2a8-4bff-8777-22f753630322,44.558019539076845,52.416508681335614,43.865357771103604,-21.777938807431745,0.2539373197858796,0.016914463594013045,0.481536579058186,0.01291594586475425,0.40390075467212455,52.4165069179776,22.505782674242425,1200.0,90.0,407.27588383838383,0.04796556947260091,25.0,20.0
b7b1ae78-5455-44db-b714-dda01d5c0014,66.9420130209882,56.3646619195284,100.23108483560283,7.11906743734917,0.16737347705650252,0.010389115048979379,0.4847741625293561,0.01534752839925602,0.25678186416198434,56.36466114220002,25.011565351010102,1200.0,70.0,678.7931397306396,0.10036192065991252,30.0,20.0
b7c856bc-591c-40d9-9e53-97811d3743a9,94.40017512161197,62.70076724451832,174.65053202615908,47.74625853102298,0.21721712520175715,0.0068049599137100176,0.4841788393349117,0.01730399079844993,0.23824209984228725,62.700767216813844,22.517348022727273,400.0,90.0,678.7931397306396,0.16982541343694404,30.0,15.0
b7d47498-1705-4692-8b9c-195b7b9fdf7e,120.56510020984774,63.99273132397973,278.29761345510093,105.53913767970249,0.19430214368865745,0.004676318985700757,0.4942052446256839,0.01835378569808253,0.2071311090469682,63.99273075540527,22.505782674242425,900.0,110.0,814.5517676767677,0.2509799004147781,25.0,20.0
b84510f8-c26f-48b0-8062-f7b61de1b489,71.22557368750685,60.1952676254243,100.19543622440281,6.935470974654077,0.14484575821348905,0.010899859007828284,0.5073612581835018,0.015434685360527825,0.20255006422405483,60.19526814008056,22.517348022727273,650.0,50.0,271.51725589225595,0.10036192065991252,30.0,15.0
b85af8ea-640e-4314-8510-4bd7bbe103c8,99.24412632126679,62.43419046572147,194.34220292334484,59.083612865752556,0.21253927965314603,0.006589144301862374,0.4775062241745581,0.017571131662755944,0.2650086929921817,62.434189965226,22.505782674242425,650.0,110.0,678.7931397306396,0.16982541343694404,25.0,20.0
b8ca05a1-f10d-4d34-8d88-eb5388211830,73.84981081394977,57.7291407709816,116.06249831371346,16.719061642224993,0.23703469396685606,0.00968320536260522,0.45760034150915413,0.01573028952365732,0.34173965368304665,57.72914307031586,22.505782674242425,900.0,110.0,407.27588383838383,0.10036192065991252,25.0,20.0
b8d7aea8-603c-4f24-9d14-7ca95a1b0833,68.3535526254857,55.737313348684125,105.18652837462766,9.313027387395625,0.26951015451588806,0.009350567765404041,0.4479235167995055,0.015265250370071867,0.34690849388763745,55.737311243389264,20.0115655155724,1200.0,110.0,814.5517676767677,0.10036192065991252,25.0,15.0
b8ed6827-e8a3-45b2-abdd-a5f99c8d0d7f,107.10918322655318,61.335603659943224,237.3120274466116,80.61066461998537,0.1978760555025989,0.004771778003451178,0.49696665714451804,0.017670039666167797,0.1849497242874469,61.335606091500175,22.517348022727273,1200.0,90.0,814.5517676767677,0.2509799004147781,30.0,15.0
b972e98f-a828-4717-8040-f461b737d80f,38.55546494255863,53.66207269086698,36.870891637003886,-26.474817381627613,0.1708943431784512,0.018039111140435604,0.5527587947387417,0.01247351248405994,0.2836876321675603,53.662072658864126,25.011565351010102,900.0,50.0,678.7931397306396,0.04796556947260091,30.0,20.0
b99e5ca7-110c-4693-8b65-fa5366d88238,90.99387299448274,60.72264358422564,162.30260843073552,38.93660685964083,0.12546811934333968,0.0072860124560606065,0.5105862118295454,0.016866168795594265,0.14900983539834364,60.72264151245648,22.517348022727273,900.0,50.0,678.7931397306396,0.16982541343694404,30.0,15.0
b9b828a7-9594-46f4-82c4-ccddec2a999c,120.22250899603574,66.00268951294903,250.46375622052955,88.80892773692061,0.15911973057727274,0.004940735884059344,0.5089925893279146,0.018405324823676874,0.15044574775199362,66.00268977789253,22.517348022727273,1200.0,70.0,407.27588383838383,0.2509799004147781,30.0,15.0
b9da5d9f-29cc-427c-aba7-1f3d35ba194f,75.54557976650997,58.84287689129977,114.73882403971626,16.03075515118364,0.2013149424648569,0.010046837501651936,0.47286427850631313,0.015667920194671593,0.30018742793096875,58.84287635278906,22.505782674242425,1200.0,90.0,271.51725589225595,0.10036192065991252,25.0,20.0
b9e8eabd-26b8-492f-a339-c94079b9e2e2,104.59432928123124,61.99365783585733,191.813687299428,58.47649349621948,0.14091647615382996,0.007351490675368267,0.5067057033955177,0.01707853176829691,0.18868752841821643,61.99365812327081,22.505782674242425,400.0,70.0,271.51725589225595,0.16982541343694404,25.0,20.0
ba96963b-07b8-4674-a449-bb3d5061c37c,70.64043169406519,56.86763929684581,107.96912440458273,12.396425163568829,0.28136388954240316,0.009570747657554715,0.4517976185628682,0.015688223290790664,0.3485138010850231,56.86763803676461,22.517348022727273,400.0,110.0,814.5517676767677,0.10036192065991252,30.0,15.0
bab72838-197c-41bc-a6e4-d8e75bee76bc,72.72592262227742,58.1064233272394,108.53299680857535,11.385229876132003,0.22970458867855642,0.00991804951954966,0.4670032320758628,0.015504195738094398,0.30428074307779673,58.106423697968026,20.0115655155724,900.0,90.0,271.51725589225595,0.10036192065991252,25.0,15.0
bb235189-71e9-4a3c-a655-df9343f8de58,39.94331862991962,50.332063788513516,36.708595633004535,-26.450490466176223,0.28587134012826176,0.016086464776525675,0.45367467034564396,0.01231269109486878,0.41035524832418896,50.33206503848792,22.517348022727273,1200.0,90.0,678.7931397306396,0.04796556947260091,30.0,15.0
bb2453e4-559e-434f-88ea-de00f83a3553,132.96702317948018,65.2639457994388,276.1932589293612,105.35756536374889,0.09272604100743896,0.005371252631260521,0.5287128304733796,0.0179490366583394,0.10883059257516813,65.26394455876054,22.505782674242425,400.0,50.0,407.27588383838383,0.2509799004147781,25.0,20.0
bb8f2cc6-89f9-4844-92c6-f9ba71262df2,69.80258105554805,58.83320172452575,101.58710525822508,7.551269099116651,0.19330434829135099,0.010316209390204126,0.4833763269370792,0.015498330312653732,0.2596095486690197,58.83320122795912,22.517348022727273,650.0,70.0,678.7931397306396,0.10036192065991252,30.0,15.0
bc583213-11a9-47ab-88e3-85070fde6dbd,44.38531885950155,56.31261348285273,44.70101787718883,-21.556149850732826,0.19061675843234427,0.018702584541771886,0.5555597030629209,0.013997591470089887,0.27896375041671256,56.31261659145783,22.517348022727273,400.0,50.0,814.5517676767677,0.04796556947260091,30.0,15.0
bc74ae63-dd2f-44e7-8ba1-2c22e5c4f0f7,86.3854683644912,58.840302719085905,163.09551441384366,39.535978125470436,0.2136766803912563,0.006646033137394782,0.4811177182266941,0.016812981396032007,0.2366864777830938,58.84030119948036,22.517348022727273,1200.0,90.0,814.5517676767677,0.16982541343694404,30.0,15.0
bc847d9b-129f-4265-9d3e-1b3eea746d44,71.79427866701874,56.66597285203164,113.23251967801377,14.768698275625189,0.23591369962363215,0.00959899097638889,0.4561285932220118,0.01554682424531922,0.3418051855995124,56.66597146907746,22.505782674242425,1200.0,110.0,678.7931397306396,0.10036192065991252,25.0,20.0
bcad91a1-504d-4fe9-9781-fd2cd15da40d,117.44390851835314,63.480561629412676,250.9051031404309,88.21084635629963,0.1500248753979272,0.004949024524768519,0.5103660722865635,0.017680749117384056,0.14902879073657274,63.48056042232274,20.0115655155724,900.0,70.0,678.7931397306396,0.2509799004147781,25.0,15.0
bcfd49cc-dc92-43da-8369-e8b5149632e6,41.13933452952946,42.90956199039842,44.001856545925754,-21.83179684472116,0.3146199265712332,0.016869598684648563,0.4563701793637416,0.012895582786221757,0.4373499827000682,42.909562989057804,20.0115655155724,400.0,110.0,407.27588383838383,0.04796556947260091,25.0,15.0
bd696bd1-24f0-4441-90b6-d3d161fbaab5,91.96496419072598,62.20576937685085,171.07763642416288,44.70784525256409,0.21686701930429292,0.0066750556110795455,0.48236569911368904,0.017308566049131578,0.23775438434491092,62.205767589409724,22.517348022727273,650.0,90.0,814.5517676767677,0.16982541343694404,30.0,15.0
bda3d49d-b075-4d25-b5dd-8e0269bd26df,70.16302595274027,58.52686360582836,103.79767818711218,9.19053467456844,0.23942727303840483,0.00982826304525463,0.46512180121275254,0.01563624969366297,0.30869542677762113,58.52686518869032,22.517348022727273,650.0,90.0,407.27588383838383,0.10036192065991252,30.0,15.0
bdc0bb69-9d2a-4808-b2bc-cca8c5458659,69.95239398854666,58.57605390327946,103.9007253548923,9.080587584789813,0.23924938445244104,0.009795211936679295,0.46532399026167925,0.015649167487325227,0.30854518131020725,58.57605221822516,22.517348022727273,650.0,90.0,814.5517676767677,0.10036192065991252,30.0,15.0
be531476-5253-4ff8-a8e7-fec6f11d5cd3,45.10853990824324,56.53555637352964,45.75659687110767,-20.245863185017555,0.1721854928694234,0.018757322271832914,0.5799206147866163,0.014077600674635031,0.278290801509606,56.53555718526743,25.011565351010102,400.0,50.0,271.51725589225595,0.04796556947260091,30.0,20.0
be54178d-b42a-448a-962e-95578e4d7148,42.48190784528979,43.9383811768357,45.997880150965564,-19.82366892911284,0.2837530148272307,0.017061948086121635,0.48474213656734005,0.012784234915831659,0.43656265258513766,43.938377995489155,22.505782674242425,400.0,110.0,407.27588383838383,0.04796556947260091,25.0,20.0
be5b7942-3147-4b70-bfe9-b0f076a68954,121.67637128303315,63.515069408778324,257.42778596452354,92.82440726653029,0.14993105747611532,0.005129027443792088,0.5126989743681607,0.01756906669230324,0.14946325746867906,63.51506861640769,20.0115655155724,400.0,70.0,407.27588383838383,0.2509799004147781,25.0,15.0
bef4e7e8-0462-4668-8212-196b7aa6c129,45.254433009525656,54.3409248918944,45.286593299964004,-21.90921869984316,0.2426680044952651,0.0177796397418771,0.4993888517209595,0.01375100646732321,0.34663028089918124,54.34092341422384,20.0115655155724,650.0,70.0,678.7931397306396,0.04796556947260091,25.0,15.0
bf18d996-1737-47ea-829b-ce2fb574dd28,43.146555062563394,47.273536208048405,44.107351064369624,-19.865487782080482,0.29233935836184766,0.016446759496896043,0.4761273914376052,0.013259309662082466,0.4449691458851122,47.27353678823402,25.011565351010102,400.0,110.0,271.51725589225595,0.04796556947260091,30.0,20.0
bf2f140f-efa6-4a62-af0f-0ad55a916a75,122.61942049565842,64.79490165017398,280.4455236449634,107.3366895193275,0.1949985677297454,0.004716865884638047,0.4947829793610585,0.018332867026382836,0.20814332563501903,64.79490236224999,22.505782674242425,650.0,110.0,678.7931397306396,0.2509799004147781,25.0,20.0
bf7aa620-45f5-4fff-908e-d9003e7b6061,106.11204591158334,67.48815481716683,189.38294401442826,56.72246107891269,0.1500299501982849,0.007017564775473485,0.49995963439330804,0.018707581776873882,0.1920896352276933,67.48815422625165,25.011565351010102,1200.0,70.0,271.51725589225595,0.16982541343694404,30.0,20.0
bfb21ae3-7e3f-47c2-8ae3-e5fa5a87611a,72.10040607287793,59.783278020441486,107.86846935743777,12.531924442978884,0.2094439033967803,0.01004134204018308,0.4710843610760733,0.015995549344122926,0.30735165238406187,59.78327869373933,25.011565351010102,650.0,90.0,407.27588383838383,0.10036192065991252,30.0,20.0
bfc5a657-9c94-43ca-9231-fef7a52e5165,40.27708391853865,41.81441003795913,43.22063489310714,-22.163038383514227,0.3131565954289773,0.016936867264478114,0.4591321619107744,0.012690077727435153,0.43662592390805716,41.81440985867004,20.0115655155724,400.0,110.0,271.51725589225595,0.04796556947260091,25.0,15.0
c030cb68-6107-4b78-aa84-22656d388e2d,70.67146849408964,57.31849042506193,106.35296199398536,9.774719416717199,0.22931961231102693,0.009854465822979797,0.46566877268771045,0.015418417949436318,0.30465933301719544,57.31849134606938,20.0115655155724,900.0,90.0,678.7931397306396,0.10036192065991252,25.0,15.0
c0d4043a-aea9-4bed-84c6-029a26ee6247,101.62157619696465,62.966106077355946,192.836326958261,57.903254418372185,0.17786102763725797,0.006756509092276936,0.4889137050382997,0.01763898803673582,0.22808026710104745,62.966104072102816,22.505782674242425,1200.0,90.0,407.27588383838383,0.16982541343694404,25.0,20.0
c0e11234-a3ea-4cdd-900e-f0f6ff279d6e,98.20385327554929,60.769853046931274,191.99398001108534,58.565481101525265,0.21062207613520623,0.00676092131657197,0.4796367062941919,0.017123266340932936,0.26575702808923213,60.76985183322412,22.505782674242425,400.0,110.0,814.5517676767677,0.16982541343694404,25.0,20.0
c0f5e4f2-90ea-49d5-a5a1-9fb7255fb8ef,72.88027642205496,60.307182125776684,107.28945898176256,12.441526390256357,0.20958606523116582,0.009963244352851432,0.4704565697097012,0.015980572998852235,0.3078133958337997,60.30718610685653,25.011565351010102,900.0,90.0,271.51725589225595,0.10036192065991252,30.0,20.0
c16126fb-2ed9-4a43-9817-e792f3a9ff75,69.2693263410168,57.94682531156706,104.84233851946409,9.946444883523464,0.20798074803829966,0.009952203112815656,0.468712297481271,0.01573901533516075,0.3064917833240968,57.94682495038156,25.011565351010102,900.0,90.0,814.5517676767677,0.10036192065991252,30.0,20.0
c171e780-528e-45a9-9b38-c715dbf8438b,136.98244724883637,71.52029299301978,285.41921028463577,111.11054884127891,0.13634837682238007,0.00503540657075968,0.5129065047238003,0.01996344966224428,0.1465370852152926,71.5202950035507,25.011565351010102,1200.0,70.0,271.51725589225595,0.2509799004147781,30.0,20.0
c21055f0-cd9b-4c4e-95eb-ca5e40e93619,41.10365242394854,52.99281993846058,38.63729136850236,-25.407183195512445,0.24076138106976014,0.01710554708359638,0.49216038222253783,0.012846088106665404,0.3529752375067157,52.99282031714006,22.517348022727273,900.0,70.0,407.27588383838383,0.04796556947260091,30.0,15.0
c2785c5b-d3e1-4fbd-b453-07da1fd553e5,42.00746141496359,54.5702581242908,41.318918725551114,-24.72661529364014,0.18644056436226852,0.018690546733585858,0.5386008315603956,0.013127898708819148,0.2794839429378894,54.57025572535955,20.0115655155724,1200.0,50.0,271.51725589225595,0.04796556947260091,25.0,15.0
c2a622d0-402b-4c7a-aa9b-107b0e666921,65.61935755853527,55.64756223994911,96.86935124860152,4.857870237008566,0.23625350604534934,0.009738435762394783,0.46285339790204133,0.015017474979778397,0.3092776036649592,55.647561217131916,22.517348022727273,1200.0,90.0,407.27588383838383,0.10036192065991252,30.0,15.0
c2f6c2fb-86a5-445d-81d0-1e7055e98729,45.523711086531584,54.623717197446474,47.22623769028933,-20.827933725275688,0.187958812282197,0.019276028503524827,0.5613108722201178,0.014092734312904384,0.2738772036789758,54.623717466840304,20.0115655155724,400.0,50.0,678.7931397306396,0.04796556947260091,25.0,15.0
c38cdc9f-49ad-4e3f-b457-7275e33e0828,100.38277420649213,61.62280327860251,191.09490513733266,57.72771134403435,0.1772942400027883,0.007002680525589226,0.49139038478030295,0.017160363437662012,0.229773052097573,61.62280228728757,22.505782674242425,400.0,90.0,814.5517676767677,0.16982541343694404,25.0,20.0
c3f03a9d-b08c-45d4-af3d-bc075e331b7b,46.01808476751946,54.58423357426301,46.58783644278659,-20.457688989908142,0.21818647320265153,0.017862503919886363,0.5215565985367213,0.01350247224398096,0.34539133090163127,54.584233742957686,22.505782674242425,900.0,70.0,271.51725589225595,0.04796556947260091,25.0,20.0
c3f75d69-9558-4558-8de9-c955959258fe,43.172320158444606,53.35977065684081,42.207833537549526,-23.875164078247277,0.238041434337963,0.017639043055187285,0.4930219619253999,0.013192214037058746,0.34884329939585235,53.35977063661741,20.0115655155724,900.0,70.0,678.7931397306396,0.04796556947260091,25.0,15.0
c446dfa9-790b-45b5-a907-122814e7a2ee,44.6854959695932,54.09866622563175,42.86990859182505,-21.619220942442922,0.26106361597579963,0.01655052992266414,0.48280605277788297,0.01340410240480112,0.40845208844638486,54.098666889186696,25.011565351010102,650.0,90.0,678.7931397306396,0.04796556947260091,30.0,20.0
c46ce25e-637e-4686-90c1-890809415f51,40.21771681384023,52.471156763747004,37.73010857352117,-26.104314754155073,0.2400568730702862,0.017059910623053454,0.49068621731449913,0.012614106705653133,0.35343316851103884,52.47115530336101,22.517348022727273,900.0,70.0,814.5517676767677,0.04796556947260091,30.0,15.0
c480f735-c7fa-45f5-9c52-643ba7dfbcb9,72.54165106019742,57.66139816314567,109.30095628190143,11.93917655311724,0.22956225980229375,0.010001025412436868,0.4673398796563552,0.015551723263001884,0.3036656987754408,57.66140067339607,20.0115655155724,650.0,90.0,407.27588383838383,0.10036192065991252,25.0,15.0
c49c3c1f-f8f7-42fa-9744-319ce081cb1c,75.02380364073822,58.74606340644664,111.75836446103784,13.800726307052388,0.1627604016394676,0.010489972539246632,0.4907045568315447,0.01549405852874788,0.25208607573198927,58.74606242489404,22.505782674242425,1200.0,70.0,271.51725589225595,0.10036192065991252,25.0,20.0
c49f06b7-8816-4f6e-b96b-7a511ccd7eac,43.8826471459627,53.684506575809365,42.834434876182755,-23.400864848052912,0.23790907126167932,0.01766040371601431,0.49576094341687704,0.013252440729615147,0.34834098346160314,53.68450609392305,20.0115655155724,1200.0,70.0,271.51725589225595,0.04796556947260091,25.0,15.0
c4c480ab-ec30-4557-9600-fa1acfc3b228,44.25407575851437,52.25228880137235,43.63797280833214,-21.982862295857526,0.25376816845622896,0.016907561010521887,0.48172462168413305,0.012879321257904966,0.40402898606057197,52.25228695579435,22.505782674242425,900.0,90.0,814.5517676767677,0.04796556947260091,25.0,20.0
c4c574fc-1df9-43ce-9245-aa38c8672bd6,101.75338473531284,60.79921439319762,192.28434068734154,58.97591670294072,0.175607596681976,0.007094813703609006,0.49304539905608163,0.01699736536697254,0.22870396819952576,60.79921197930707,22.505782674242425,400.0,90.0,271.51725589225595,0.16982541343694404,25.0,20.0
c520c978-09eb-491f-90ef-31749cc88d47,98.50942845892044,59.2492417608775,191.9157499834273,58.84631715694377,0.20892074102135944,0.0068590973157512634,0.4802139654440236,0.016875195467057374,0.2644122706433805,59.249241805140464,22.505782674242425,400.0,110.0,271.51725589225595,0.16982541343694404,25.0,20.0
c57b368e-9722-4b22-83dd-10895233d6ce,86.0186146545444,59.06407278292372,164.84185972502016,40.952118525765286,0.2562098222628893,0.006361839345780724,0.46834805490070497,0.016907491244525476,0.27426583939998195,59.06407132216056,22.517348022727273,1200.0,110.0,678.7931397306396,0.16982541343694404,30.0,15.0
c58802b3-2236-409d-a233-731af17fcb4a,72.37237177346837,58.54360790513496,106.68299177678058,9.99753766289365,0.1865017106600905,0.010417773366771887,0.48451340935921716,0.0155051388233464,0.2558345443669174,58.54361125203439,20.0115655155724,650.0,70.0,814.5517676767677,0.10036192065991252,25.0,15.0
c59e5834-fe57-4a14-8019-ace1a755e757,125.21353757232293,66.52458710589343,275.20665916308593,102.40621710415192,0.23040460447990313,0.004595708748032407,0.49094360281797145,0.01851535955014102,0.21140720480739847,66.52458530276971,20.0115655155724,1200.0,110.0,271.51725589225595,0.2509799004147781,25.0,15.0
c5af5c29-9887-4338-b234-1d2dd5348170,129.16393968153855,64.83746857272415,273.90120158709635,102.63918278175817,0.0926545415301978,0.00517025832014941,0.5255017513301766,0.01830903979971531,0.10740669047778484,64.83746963930328,22.505782674242425,900.0,50.0,678.7931397306396,0.2509799004147781,25.0,20.0
c6734927-aa41-4c05-b01c-948be62cd352,96.36006229980471,62.1511783149858,175.72089947072314,46.911241161244796,0.16481976055318814,0.006999810309290824,0.49788262619191914,0.0170788856493991,0.19361116564432335,62.151176881018074,20.0115655155724,650.0,70.0,814.5517676767677,0.16982541343694404,25.0,15.0
c67593ca-b354-4ada-abc9-9a1e772abc91,99.41343076006184,61.301240020952754,187.14948185631744,53.97719218176411,0.14083328836726638,0.0070136637220328275,0.5012340425652357,0.017351058107097344,0.1872755140424379,61.30123821470963,22.505782674242425,1200.0,70.0,678.7931397306396,0.16982541343694404,25.0,20.0
c67953e4-87f2-49b5-ae9d-c0742c6bf67f,121.36565743501325,63.495315936432895,272.03981625925627,105.06492132895585,0.20098545232249576,0.004961443115888048,0.49388578481765577,0.018359709583146033,0.2120951412146651,63.495315401808064,25.011565351010102,400.0,110.0,271.51725589225595,0.2509799004147781,30.0,20.0
c783df9f-0a3a-4dcb-b070-2f1018cd727f,44.407747638907466,52.42103120294469,44.78699989065905,-21.07274294233046,0.24176419897295875,0.017799402837752526,0.5139861620537667,0.013779656997800597,0.345135773586579,52.4210320614667,22.517348022727273,400.0,70.0,407.27588383838383,0.04796556947260091,30.0,15.0
c79640c7-6a9b-4fe9-87d5-85d04078a43e,125.14470603777801,64.03628741842356,274.78531968851667,103.07819356007053,0.12715102817769364,0.004976344316119529,0.5139333427005472,0.018326427168123032,0.14303849949757833,64.03628974264231,22.505782674242425,1200.0,70.0,678.7931397306396,0.2509799004147781,25.0,20.0
c7a97a1b-1bda-4f91-ad7b-e2980f05139d,138.65244107914066,70.81680591619073,281.57217505420465,109.21958689534137,0.09909000892411617,0.005316539492371633,0.5259602126551979,0.01957108728895077,0.11033986900384567,70.81680373727342,25.011565351010102,650.0,50.0,271.51725589225595,0.2509799004147781,30.0,20.0
c807ee6a-257f-49a3-a01e-d5a456d00840,66.69668210864832,56.7835214982626,97.49930750290518,4.95873828500343,0.1915521188424874,0.010261132449515993,0.4815812337953493,0.015111864483201435,0.2595114556010694,56.783520033915636,22.517348022727273,900.0,70.0,678.7931397306396,0.10036192065991252,30.0,15.0
c8426515-c8bf-4252-954f-a480d3323e0d,45.38119082338671,52.30036121324103,44.00601557889338,-20.381598898380783,0.29779117227430557,0.01596312952488426,0.4574008714722222,0.013508340802611018,0.452769046191031,52.30036013010556,25.011565351010102,650.0,110.0,271.51725589225595,0.04796556947260091,30.0,20.0
c84ba1f8-479c-4609-ad1c-546e226e241b,133.81687125728106,67.03036452264784,286.16426208727626,110.3702399896355,0.128432363013952,0.0050081571177609426,0.5150282065068392,0.018743169275082693,0.1432098982097199,67.03036516557765,22.505782674242425,900.0,70.0,407.27588383838383,0.2509799004147781,25.0,20.0
c8a46b78-69f7-472c-8899-6adb4bc64d82,93.73413131049108,61.58551735525934,175.730961905739,47.41123148699548,0.1471265998469592,0.007036026982733586,0.49766726998327004,0.017769053381980572,0.19179277975482376,61.58551598463461,25.011565351010102,1200.0,70.0,678.7931397306396,0.16982541343694404,30.0,20.0
c8c3f59c-7772-4a51-ad3b-133ff6d0c94c,44.706190852143756,53.34077896534766,43.20388525107593,-22.18629561002666,0.28933146226567763,0.016465760406818183,0.46289971297790394,0.01359151515351789,0.4065045651836572,53.34078028639523,22.517348022727273,650.0,90.0,407.27588383838383,0.04796556947260091,30.0,15.0
c8cae66a-e792-42fd-8637-b487a90ffeed,76.08261066090698,59.3595612020575,113.16993350641356,14.922587010586104,0.16289675848653196,0.010547396609901095,0.4928318745431397,0.015569933870302076,0.25218028676602694,59.35955876578982,22.505782674242425,900.0,70.0,271.51725589225595,0.10036192065991252,25.0,20.0
c90be59c-d4d7-4a3e-a17e-741ec69ff45e,116.81355038202936,62.87393091533484,255.32046824261147,91.66681625689111,0.18954462754185608,0.004908967663573232,0.5012020545747053,0.017503052689911792,0.18415463195535664,62.87393037034238,20.0115655155724,400.0,90.0,678.7931397306396,0.2509799004147781,25.0,15.0
c9c367d7-c337-422d-a35d-cebfc482071b,46.738852251436576,55.3530010247331,49.130735935647685,-19.13316387204411,0.17158477176178455,0.01921026771066919,0.5807775112205387,0.013927565685781533,0.27283922208229827,55.35299931823266,22.505782674242425,400.0,50.0,814.5517676767677,0.04796556947260091,25.0,20.0
ca2c33d8-dea0-484a-b543-04bd65163170,37.63594365224298,50.63505280441111,34.608771882712496,-27.234902978608886,0.2143083973640573,0.01696621007638889,0.508791663297033,0.011823009482035155,0.3547875022705806,50.635055493462325,25.011565351010102,1200.0,70.0,814.5517676767677,0.04796556947260091,30.0,20.0
ca7bb577-f0ea-40da-9cf9-0d0bc2350933,74.4031390066785,58.68160732368107,109.25342018435438,12.0355030222769,0.12185907861526728,0.011020230198495368,0.5113077024670665,0.01534320058855255,0.19560309139029475,58.68160835276495,22.505782674242425,900.0,50.0,407.27588383838383,0.10036192065991252,25.0,20.0
caab07ec-e2d7-4223-b8a3-c9237673d7d8,119.59244933638298,65.34200530732242,261.45877760766103,95.10423299932955,0.13402690054447602,0.0050304499505681825,0.5108351232275359,0.018921985763330304,0.14727599869404145,65.34200593509412,25.011565351010102,900.0,70.0,814.5517676767677,0.2509799004147781,30.0,20.0
cad7f465-e02c-42b0-9fca-d32962bca73c,42.370549874229134,56.67543902234854,41.296168112421704,-23.47835203614545,0.17073445483796296,0.01829018700436658,0.561471579508628,0.01340573570610192,0.2827518665824577,56.67543864707562,25.011565351010102,650.0,50.0,407.27588383838383,0.04796556947260091,30.0,20.0
caf7f517-9c71-4cb5-a7c7-1cf932e3c31c,73.01461399298583,57.59670447305123,109.66342857175535,12.211805975944587,0.2292596154499158,0.010033584057870368,0.46874709159080385,0.01551882144832902,0.3033504648793232,57.596702982326484,20.0115655155724,650.0,90.0,271.51725589225595,0.10036192065991252,25.0,15.0
cb7da21f-819c-4bd5-8e48-d3735bced3fc,99.72648742190891,65.38644522115482,180.6139179914255,51.46185820106912,0.21867353815051557,0.006690177589120371,0.48379048021874993,0.01784455698565251,0.23692118157476882,65.38644444551196,22.517348022727273,650.0,90.0,271.51725589225595,0.16982541343694404,30.0,15.0
cbcbf616-fe35-471c-ac6c-3420a3d4092f,40.67381476822215,52.85444333527393,38.12252955832202,-25.872052903887084,0.24037174231839226,0.0170709779464436,0.4909522917584176,0.01271468783328828,0.3534341396841871,52.85444408698034,22.517348022727273,900.0,70.0,678.7931397306396,0.04796556947260091,30.0,15.0
cc492514-f00a-4736-8ce5-f0b8686676fc,124.52283913150882,66.91120858648337,261.78942432460286,95.85354202512985,0.09797295651806609,0.005242848114688552,0.5231915373034512,0.018922965265488353,0.11113663008847761,66.91120858178168,25.011565351010102,650.0,50.0,678.7931397306396,0.2509799004147781,30.0,20.0
cc6d6ef8-0281-481b-b19e-768a51de8d97,96.47004505275297,63.995892700045076,182.09695770032138,51.953663001734476,0.18653395753277568,0.006819955988794191,0.4858888822877209,0.01805058564342327,0.23468803168714567,63.99589325355721,25.011565351010102,650.0,90.0,678.7931397306396,0.16982541343694404,30.0,20.0
cd1910f4-83dc-4dc2-b6e7-69e41d1a390f,119.75090095230063,65.36816474954436,264.79442643039414,96.51271735770776,0.23049770975078912,0.004558951744539142,0.48992321610795464,0.018208452822573454,0.21299330887989712,65.36816421309382,20.0115655155724,1200.0,110.0,407.27588383838383,0.2509799004147781,25.0,15.0
cd4c9f19-c4d4-4990-bf4b-172778fdf122,44.674411948606554,51.29893293357577,43.74939277353795,-22.61315033976222,0.3231392907433712,0.01595809610032618,0.4297215269107743,0.013279111001637069,0.4510119832680188,51.29893449191629,20.0115655155724,900.0,110.0,814.5517676767677,0.04796556947260091,25.0,15.0
ce2021cf-7b88-4b8f-a384-2c15fe431103,98.82044496831011,63.70525342749283,176.57210161421477,48.02648902835636,0.1087678852850484,0.007320152798263888,0.5138628962624159,0.017939498671249655,0.14635573910265776,63.7052535876494,25.011565351010102,1200.0,50.0,407.27588383838383,0.16982541343694404,30.0,20.0
cea37354-5ae3-4696-8585-289351f16cf5,67.70591652184342,56.18069222501123,98.15034482781718,4.715000408732166,0.13811294675957494,0.01085835380541877,0.5029967073747896,0.014758619955467258,0.19915551657824415,56.18068958842052,20.0115655155724,1200.0,50.0,678.7931397306396,0.10036192065991252,25.0,15.0
cf0e9301-bb0f-4072-96df-9463820d2391,71.54171771054489,53.541765812963014,113.39940418269303,16.12061462708971,0.23257999404398147,0.010131378918634257,0.46335950398895215,0.015008128122920758,0.33977465965922216,53.541767190018774,22.505782674242425,400.0,110.0,407.27588383838383,0.10036192065991252,25.0,20.0
cf401b4f-c841-42b6-a4e7-933a5129d802,118.74681936099311,64.07302281256018,253.2123178712685,89.87256289472168,0.15045900622637837,0.004984538216487796,0.5110355478436974,0.01773654447958827,0.1494539602430084,64.07302239422378,20.0115655155724,650.0,70.0,678.7931397306396,0.2509799004147781,25.0,15.0
cf9a7bb6-e9dc-41ca-91c0-60bc574a7411,67.20578358115293,55.809676500687544,97.65555565479407,4.425350636159543,0.13789754204429713,0.010848114379103537,0.5026792026885523,0.014717996692251331,0.19898470808181212,55.80967620939629,20.0115655155724,1200.0,50.0,814.5517676767677,0.10036192065991252,25.0,15.0
cf9d0f68-b883-4eca-9b9c-a9d7ca107e0d,92.63695640458106,62.504476808968235,169.61454663192706,44.21676153258176,0.21649456557596802,0.0066457012527251684,0.48194974546675085,0.017278904546456683,0.23825972887934824,62.50447638467643,22.517348022727273,900.0,90.0,407.27588383838383,0.16982541343694404,30.0,15.0
cfb4fe63-57ba-4804-8c4d-36bae5af8f17,119.0154939496635,66.3914200638839,253.9136074449434,91.00782202251006,0.20184982918055558,0.004740393773474326,0.4979660269236111,0.01852322042873078,0.18477857824390423,66.39141909319757,22.517348022727273,1200.0,90.0,407.27588383838383,0.2509799004147781,30.0,15.0
cfd95a18-0033-46d2-a610-0a562ae5984c,43.6196378877123,51.7479735000078,41.15800917271053,-23.430713515886648,0.33189867898263886,0.015427971022032829,0.42789074103598485,0.01315305207612973,0.4556241059629494,51.74797404693376,22.517348022727273,900.0,110.0,678.7931397306396,0.04796556947260091,30.0,15.0
d0cc2116-0641-49fb-a61b-81ec5e63a641,117.30943445568198,66.4494221362038,256.9462202666889,93.11467460521851,0.24366865659169823,0.004569401089762205,0.4881997691012101,0.018546860601983017,0.2165123029222172,66.44942199046906,22.517348022727273,900.0,110.0,407.27588383838383,0.2509799004147781,30.0,15.0
d1c19185-bbb7-4bf2-b4c3-631c181b7d20,75.49009031237506,59.18032014570008,109.5324970340172,12.419470056564457,0.12187169214962121,0.010981118687373738,0.5110509760006312,0.015372782782210052,0.19570295105001823,59.1803180319023,22.505782674242425,1200.0,50.0,271.51725589225595,0.10036192065991252,25.0,20.0
d22585e4-d2be-42e4-8a6f-f691cb44702c,46.29533611993136,51.21964653542559,47.13188881085287,-19.774634233446477,0.29401484918434345,0.01638584076237374,0.45873293273653193,0.013323583590949931,0.4464596749576477,51.21964679849916,22.505782674242425,900.0,110.0,271.51725589225595,0.04796556947260091,25.0,20.0
d23df16d-ccdc-4848-8157-d5b70c9d3b51,102.74480986572108,64.42266595962339,178.240536576192,48.51183563076242,0.12166586198133415,0.007257702479692761,0.5139670060940656,0.01733119301655637,0.1468081219916385,64.42266812351792,20.0115655155724,1200.0,50.0,271.51725589225595,0.16982541343694404,25.0,15.0
d2802d07-a955-441a-afe1-c501a34af17e,101.77686110384572,64.91329600987311,188.34849245106972,57.60967596127471,0.1865588609068287,0.007014816819402357,0.4894036526825547,0.018011119358829583,0.23455763415751016,64.91329455434894,25.011565351010102,400.0,90.0,271.51725589225595,0.16982541343694404,30.0,20.0
d3c68347-d27d-46ef-b574-3d4936c67439,44.04184187962098,46.17100387019323,47.20088793268813,-19.42310861086847,0.28583778196727694,0.01692425166671928,0.47914883936111113,0.013099602824639449,0.43854801987388065,46.171001556586226,22.505782674242425,400.0,110.0,814.5517676767677,0.04796556947260091,25.0,20.0
d3cef33e-4cf3-456e-9880-376befe28002,42.35153905154185,52.29561157697311,39.68942469875995,-24.659819034190487,0.28806226850263045,0.01621142118934133,0.4559555979114058,0.012938454477002776,0.40952466256695597,52.29561147839421,22.517348022727273,900.0,90.0,678.7931397306396,0.04796556947260091,30.0,15.0
d40c4d3a-1531-4867-a5db-3ba280884627,126.0576862893044,67.66220898031673,262.65590281845925,97.50859464281805,0.09860673216436239,0.005343084995801768,0.5247777700923821,0.018730612525418834,0.11243694625994527,67.66220788422375,25.011565351010102,400.0,50.0,678.7931397306396,0.2509799004147781,30.0,20.0
d452e6c9-3ac5-4e96-ae8e-ed3be57d74ae,72.61436678084495,57.688717583762426,107.23218637880339,10.759019467619108,0.12112078671569868,0.010971776560837542,0.5111060614136153,0.015168427207155851,0.19550838431990405,57.68871783337028,22.505782674242425,900.0,50.0,814.5517676767677,0.10036192065991252,25.0,20.0
d46b1a2d-49fc-413b-837f-8d80e2a5f571,71.92705615117669,57.340741059141465,110.80335384134767,12.751513333533973,0.2711273596026936,0.009489783544560185,0.45097914003587963,0.01568453241611169,0.3457272007110232,57.34074125927406,20.0115655155724,650.0,110.0,678.7931397306396,0.10036192065991252,25.0,15.0
d48e8c6a-71eb-48cf-a9b6-c38acf61a91b,38.08006532881558,51.81142716881146,36.74775627784518,-27.316086536896567,0.18443778948768935,0.01851706391335227,0.5316190727662038,0.012226178030333445,0.28097321404501335,51.811427962203396,20.0115655155724,1200.0,50.0,814.5517676767677,0.04796556947260091,25.0,15.0
d4b004ad-c8ce-4775-83af-9b60d87ec44f,119.13971207319914,63.51119994925214,253.7084468867715,90.5733065914271,0.1501247537661932,0.005090665911405725,0.5121752701374158,0.0175436321036727,0.1500985744236132,63.5111984028196,20.0115655155724,400.0,70.0,814.5517676767677,0.2509799004147781,25.0,15.0
d528b588-5273-4781-97cf-19cf667c4fef,65.87561130847705,56.74105293353765,94.8564378593188,2.9861821584774733,0.1429413456647727,0.010811734184806398,0.5026113223693183,0.014897480219809947,0.20173019590841604,56.7410543027268,22.517348022727273,900.0,50.0,814.5517676767677,0.10036192065991252,30.0,15.0
d5c253b3-8a61-4268-8a5a-4cf61d0b0764,71.17581364471613,56.30620278047138,110.3837516971121,12.60868601110536,0.19971502089257154,0.009997855449505473,0.4708266667525253,0.015340757891785607,0.29973298149635486,56.30620392990109,22.505782674242425,1200.0,90.0,814.5517676767677,0.10036192065991252,25.0,20.0
d5f0389b-fb54-4fe9-8c27-f2d9bb2c5a98,69.068649099042,59.01209780199731,98.62220619071884,5.425877610531411,0.14412471378540617,0.010875545443297559,0.5052296363182871,0.015280055638786606,0.20223250811615678,59.01210046492062,22.517348022727273,650.0,50.0,678.7931397306396,0.10036192065991252,30.0,15.0
d63ddcdc-c362-491e-8c7f-a3f53377912f,95.4781599105728,63.87934303710825,184.21153235282225,53.501157101279595,0.2232001431117424,0.006560367791635101,0.47339193242187505,0.01813397806672367,0.27145882290120077,63.87934096874983,25.011565351010102,650.0,110.0,678.7931397306396,0.16982541343694404,30.0,20.0
d6c60813-314f-42a4-8d76-ade8d1ee88c9,94.68834626477546,61.428062561153865,175.56815723419902,46.93746242719264,0.20634365735900675,0.006648713272095961,0.48342140797074923,0.017011238818329978,0.2343924771494725,61.428061541990544,20.0115655155724,1200.0,90.0,407.27588383838383,0.16982541343694404,25.0,15.0
d7602457-04af-4df0-9ac9-5ee4fd2d6295,100.22577038385627,61.47207019115945,190.70574408710303,57.66392728925512,0.17694704135279882,0.007016309032649411,0.49180461359490746,0.017112330761400577,0.22986975096088116,61.47206890218533,22.505782674242425,400.0,90.0,678.7931397306396,0.16982541343694404,25.0,20.0
d7e345a2-130a-400e-875a-8186294600de,44.535184373702755,56.2864577315485,44.921724189221365,-21.493882973787017,0.19083482040340907,0.01872826987594697,0.5553477669297139,0.014050432255296195,0.27867362633147313,56.28645741635951,22.517348022727273,400.0,50.0,678.7931397306396,0.04796556947260091,30.0,15.0
d7e7b2e5-2961-4e81-91fb-8ce68c16bda1,44.99243282699359,48.40172702347044,47.84429497822762,-19.111866601924397,0.253105578523569,0.01758794476912879,0.5097297161462543,0.013302078367089139,0.39310006252673896,48.401725754883955,22.505782674242425,400.0,90.0,678.7931397306396,0.04796556947260091,25.0,20.0
d8376a10-62c9-46af-b15c-53e1c3540561,114.25550672428504,63.47903761717658,256.8925255603155,92.119503078769,0.22934206932091752,0.004609127684806397,0.49009063499179295,0.01780063799839343,0.21452781689734593,63.4790387839807,20.0115655155724,650.0,110.0,814.5517676767677,0.2509799004147781,25.0,15.0
d83a3086-4061-43e7-8c23-ace135a5d6a3,73.21234584522183,57.55383695925161,112.56397162378784,14.313496925115416,0.20058356924295032,0.010033526383385942,0.471826233861532,0.015525404747788442,0.3000948313408802,57.55383449523362,22.505782674242425,1200.0,90.0,407.27588383838383,0.10036192065991252,25.0,20.0
d8be0b29-ada6-4ab4-a395-52587cb5aede,121.81147903291468,65.46877505868063,259.36617237580566,93.88657480930787,0.09739693583823653,0.0052099928377314815,0.5226943409934238,0.01886539351495196,0.11026638167091872,65.46877435239833,25.011565351010102,900.0,50.0,814.5517676767677,0.2509799004147781,30.0,20.0
d8ec5e73-e6b1-4ebd-b5d6-4e87fb140a91,44.71765830292367,53.1842064358938,44.9469330758441,-21.017311490492744,0.242253284065867,0.017739953234848484,0.5122541918486954,0.013828961147652651,0.346065806983673,53.18420638704946,22.517348022727273,400.0,70.0,678.7931397306396,0.04796556947260091,30.0,15.0
d9098b6c-d31b-4e2d-8665-0a04ed697ba4,64.7742609532069,55.050687897894065,96.74907686907318,4.505440245677648,0.2357186095157828,0.009734230349863215,0.46201048877199075,0.014981366652301141,0.308458019515237,55.05068787457027,22.517348022727273,1200.0,90.0,678.7931397306396,0.10036192065991252,30.0,15.0
d90ac6ac-2843-48c3-8628-97b5ac06c484,45.05096788046741,55.78692358373908,45.84501317880738,-21.94020175071779,0.1879336214011995,0.019010361686973908,0.5509507683186027,0.013937860509624679,0.27647943320847895,55.78692455506745,20.0115655155724,650.0,50.0,271.51725589225595,0.04796556947260091,25.0,15.0
d91db57f-2811-4a09-b4f5-b145b9409749,69.67896832903739,57.99229781018514,107.1442624410897,11.651125825372167,0.24566998378030303,0.00953906120116793,0.4527217757004419,0.01593035165179271,0.3489379380489875,57.992299154127736,25.011565351010102,900.0,110.0,678.7931397306396,0.10036192065991252,30.0,20.0
d93f1245-6046-4ece-ae91-3303b05e32b7,42.37505724139703,44.67548337650934,44.93126889410413,-21.36034170860436,0.31617845045212545,0.01675230020050505,0.4527096933291246,0.013158291882397064,0.43896327725874046,44.67548316347869,20.0115655155724,400.0,110.0,678.7931397306396,0.04796556947260091,25.0,15.0
d967caea-487a-41a6-8369-574b9447e897,71.5011501627595,56.63387143141806,108.34157378408725,11.541196484205857,0.1615871134861111,0.01045454240774411,0.4886410522018098,0.015207131057856491,0.2516097162456618,56.6338727348907,22.505782674242425,1200.0,70.0,678.7931397306396,0.10036192065991252,25.0,20.0
d97a7201-eb7d-4e4f-99da-57e675d40a96,91.29410350510905,62.164876612680416,173.12953005395153,46.20241502654046,0.2596524606671402,0.006386662456397307,0.46969737280092594,0.01739355650136891,0.2749769988550343,62.164876928038346,22.517348022727273,650.0,110.0,678.7931397306396,0.16982541343694404,30.0,15.0
d992e8c0-0aef-4b5b-9ca1-299c7bad4921,36.650793553447386,52.126949922492784,34.29018746559755,-27.756345236734465,0.16759069308270197,0.017917868760995367,0.5508139460164141,0.01194761078196262,0.284489622289664,52.12695159056435,25.011565351010102,1200.0,50.0,407.27588383838383,0.04796556947260091,30.0,20.0
d9a84e7f-40dc-492e-9ddf-2babc1592c5e,38.122710959185405,53.456745033039695,36.236436744403996,-26.738492819828867,0.16840336293939392,0.018017829113583753,0.5533236923200757,0.012308412031307359,0.28414599036854615,53.45674608634183,25.011565351010102,900.0,50.0,814.5517676767677,0.04796556947260091,30.0,20.0
d9b236b4-eb19-4bed-9af8-a75bbf694e87,38.4636192234849,51.67239939436222,37.67597107193583,-26.417048701815016,0.16499164044255052,0.018541223086279462,0.5518299939446547,0.011979060918721146,0.27976707447477694,51.672400140531,22.505782674242425,1200.0,50.0,814.5517676767677,0.04796556947260091,25.0,20.0
d9d39897-2e6f-439a-ac4c-a2e2d56ab384,129.44349285822963,69.63352717578806,266.4782051634966,98.68118714504365,0.16067700041442548,0.004957031979029882,0.5105146466423612,0.019057405153276998,0.1496666518491734,69.6335276081387,22.517348022727273,1200.0,70.0,271.51725589225595,0.2509799004147781,30.0,15.0
d9f704ba-c574-468e-8642-f96eb3f8fa15,43.24142625817478,53.12961709036846,42.70587922419156,-23.04007169256431,0.21477716425662874,0.01769016160558712,0.5159151021646674,0.01283355173074006,0.3479536200568735,53.12961967414843,22.505782674242425,1200.0,70.0,407.27588383838383,0.04796556947260091,25.0,20.0
da3c927a-f379-4344-9c1f-2f297fd4ef0b,118.11325836906789,66.60130794098689,267.4932423537346,99.83544468113223,0.205309699833649,0.004721396351409933,0.4909180042483691,0.019038544391765173,0.21370275760763344,66.60130997363186,25.011565351010102,650.0,110.0,678.7931397306396,0.2509799004147781,30.0,20.0
dacd923a-5e44-4a53-9f8f-95e5703d5a72,113.50532655673236,64.60368693966979,247.02206547608827,86.77514178168393,0.2009185891475168,0.004792029061374158,0.49817818815814413,0.01806669035173701,0.18614849303383893,64.60368523912176,22.517348022727273,650.0,90.0,678.7931397306396,0.2509799004147781,30.0,15.0
db06b4ff-32e2-48c2-bc74-76fe00f05094,95.5532562851807,61.30211186873984,170.36930927408144,43.334010872784454,0.12052035371072181,0.007275619912426348,0.512518139677399,0.016822624471902196,0.14708201522671036,61.30211198917882,20.0115655155724,900.0,50.0,678.7931397306396,0.16982541343694404,25.0,15.0
db43268a-c24e-4a63-9434-33cb6ffcf755,72.46786614829762,59.09572803801579,104.40271781960358,8.4486803827139,0.13973166703672135,0.010978560026483584,0.5070354533312289,0.01537450492521992,0.1991050137692227,59.09572683035796,20.0115655155724,650.0,50.0,678.7931397306396,0.10036192065991252,25.0,15.0
db5decf9-be8f-41e6-b19f-cde647baad2f,100.9054221335646,65.26128869726018,172.83929361599039,46.08618261392701,0.12740216325619738,0.007247581155366161,0.5122424321847643,0.017678227206695044,0.14878310200497127,65.26128897010169,22.517348022727273,1200.0,50.0,271.51725589225595,0.16982541343694404,30.0,15.0
dba147be-158f-4f0c-9fb8-adcbda631405,71.19947436070989,57.28706124272945,106.01732381058473,11.526688767779804,0.238330490035564,0.010100353516035353,0.46961427946664563,0.015520715496924853,0.306639728224834,57.28706098664016,22.517348022727273,400.0,90.0,271.51725589225595,0.10036192065991252,30.0,15.0
dbde8cd0-94c2-4294-a1bd-cf237a99201c,128.9801607280056,65.03135631504398,273.3327918726152,102.48227557441105,0.09281898987946127,0.005208628893497475,0.5259486573657406,0.018216363299812743,0.10799766866563797,65.03135498193318,22.505782674242425,650.0,50.0,814.5517676767677,0.2509799004147781,25.0,20.0
dc2a8f10-3f2e-4bc3-b704-aacd29a89bbd,124.4510108500128,68.7807229371838,276.81035210437045,105.82250925374011,0.20644771754093016,0.004687474021296297,0.4911733850335649,0.01952998211334234,0.21238798003001805,68.78072217579162,25.011565351010102,900.0,110.0,407.27588383838383,0.2509799004147781,30.0,20.0
dcc94b2e-6366-4ce0-b662-6ec57555501f,46.495225881355054,54.363716576247924,47.578635508097655,-19.822845372910535,0.21405327006828703,0.018016968645044193,0.5297923198390151,0.01361917811358692,0.34398595996377557,54.36371640684028,22.505782674242425,650.0,70.0,407.27588383838383,0.04796556947260091,25.0,20.0
dcccd3d6-ded1-4c95-99e7-959eaa817986,133.23778361208764,67.68400618796886,269.470570636481,99.03018490968881,0.11018468224126682,0.005193397143002945,0.5244200549771675,0.0184738355068325,0.11054884634929311,67.68400565654854,20.0115655155724,900.0,50.0,271.51725589225595,0.2509799004147781,25.0,15.0
dd1a5945-1b56-4b24-a9a1-cbdffee7999e,68.12765433200235,57.06488356574967,102.36985870616478,8.572232244039887,0.2814540851406776,0.00929203660272517,0.4478862435196233,0.015493461904205046,0.35149393406837776,57.0648844197857,22.517348022727273,900.0,110.0,407.27588383838383,0.10036192065991252,30.0,15.0
dd53871e-f497-420a-b363-b645d9960223,122.18305565058594,64.15212686439816,271.2652338129251,100.3973823159513,0.22823445156434133,0.004689648588552189,0.49145026381118473,0.018123827912072944,0.21153747323881575,64.15212899023517,20.0115655155724,650.0,110.0,271.51725589225595,0.2509799004147781,25.0,15.0
dd5c9bdb-6781-426d-b712-96abb1669135,45.52529135599167,51.63719337160042,45.38362858190533,-20.753542089781998,0.2909216281772937,0.016263091376736108,0.45331908997180137,0.013091568348774698,0.4494952317279923,51.6371951129828,22.505782674242425,900.0,110.0,678.7931397306396,0.04796556947260091,25.0,20.0
dd70fde0-fbf6-4039-871a-a5036bede4bc,99.48767400359402,63.15505194419712,175.14005177219022,46.51200078183157,0.12128757458707914,0.007347150563310185,0.5142640810128367,0.017067486527969924,0.1475508354338261,63.155049644515984,20.0115655155724,650.0,50.0,407.27588383838383,0.16982541343694404,25.0,15.0
dda00b49-7da0-4c00-80c0-8f8bf52af945,111.52411086717231,62.84441710838148,239.47050413649453,81.73520593727204,0.1572353040162353,0.004969041510279882,0.5083951918976747,0.01779368179546854,0.1509749041167052,62.844417733692296,22.517348022727273,900.0,70.0,814.5517676767677,0.2509799004147781,30.0,15.0
dddb1514-8ac6-4127-96a3-14b94a3d4c11,45.50596966743887,50.81593651182745,45.80941978364866,-21.310409552378538,0.32271985022159094,0.01617956835089436,0.43568659249568603,0.013598737036586948,0.4474831073740604,50.8159371993687,20.0115655155724,650.0,110.0,814.5517676767677,0.04796556947260091,25.0,15.0
de0d7baf-bdd3-4897-8242-bbcab531563d,46.09084621165415,51.63488697962178,48.5300640614032,-18.98925815808017,0.21293747213047134,0.018361712696022728,0.5438851638489057,0.013579246965335003,0.33930235657658386,51.634885261922136,22.505782674242425,400.0,70.0,678.7931397306396,0.04796556947260091,25.0,20.0
de78dbb1-8330-42b6-9bc9-485765251335,99.22624480060135,61.973499444924585,190.4538636497825,56.331331445318675,0.1771050067685185,0.00678135019074074,0.48905832298379637,0.017469948655087896,0.22827330216666178,61.97349616632483,22.505782674242425,900.0,90.0,678.7931397306396,0.16982541343694404,25.0,20.0
df016081-1f2b-4872-8909-0e4627d9dad5,89.93575256943606,61.35665857559488,168.2777529779826,43.61881401264853,0.2583665012941393,0.006343087438804714,0.4686686409415193,0.017177366527541708,0.27541335482308565,61.35665704193294,22.517348022727273,1200.0,110.0,407.27588383838383,0.16982541343694404,30.0,15.0
df0743cf-62b0-4d60-8928-3a1c4a8f7d1f,71.85342523888013,57.49248554807941,110.69134364681568,12.558564728301235,0.2712525002522096,0.009470883058501682,0.4502082728220749,0.015707988931258382,0.3459324394888417,57.49248399378598,20.0115655155724,650.0,110.0,814.5517676767677,0.10036192065991252,25.0,15.0
e0083d66-398f-4743-b58b-599f107c1dc3,126.68708034869374,64.77759180361178,276.0634919257261,104.05136992363249,0.12753798052720958,0.004999269266782407,0.5141386713728431,0.018344772634608396,0.14366574358976616,64.77759401986117,22.505782674242425,900.0,70.0,678.7931397306396,0.2509799004147781,25.0,20.0
e0183828-eb20-4f01-98c3-890ff1275659,42.10283660454549,52.59795127525594,39.24249013479125,-24.108879892458297,0.25909817635006316,0.01632804024389731,0.4772339895843855,0.012705144479156655,0.41086948488099845,52.597952979022224,25.011565351010102,900.0,90.0,814.5517676767677,0.04796556947260091,30.0,20.0
e051d04c-dea0-4a90-b585-30ac9ed7c5a0,68.50762903800207,57.26396981996974,103.0098333849822,9.281635504016199,0.20757072646611952,0.009936582287710436,0.4677281063892045,0.01561191759427593,0.30672892253980505,57.26396865013802,25.011565351010102,1200.0,90.0,407.27588383838383,0.10036192065991252,30.0,20.0
e05c6179-4c19-4bbc-8845-a0a77a8ef3c1,42.85679846470977,55.21989730427352,42.57051678385595,-23.816537924137624,0.18708606101462547,0.018757419089593854,0.5402629200347222,0.013396967412150363,0.27906176610862027,55.21989737672326,20.0115655155724,900.0,50.0,407.27588383838383,0.04796556947260091,25.0,15.0
e08551b7-0eab-444a-bd80-8cbb3eff1c9e,122.08725547286201,61.701883373268,257.86752990273027,93.17242902223963,0.14826260665500843,0.0052093783288089225,0.5133526249099326,0.017329300996400315,0.1484100701090953,61.70188373803992,20.0115655155724,400.0,70.0,271.51725589225595,0.2509799004147781,25.0,15.0
e0c58d3f-8cec-4a15-91b1-30815202c653,124.10058860639775,64.76267123857133,277.7883397243418,105.4893409768884,0.16169920355703915,0.004871388654061448,0.5043989242437396,0.018295953553371304,0.17755861660785832,64.76266983675481,22.505782674242425,650.0,90.0,814.5517676767677,0.2509799004147781,25.0,20.0
e0cc21d6-2a2e-473b-9e86-8433c6905bf3,131.7291213796387,69.78183228624542,263.6384075686594,96.59339809883825,0.1167267409840804,0.005163414238489057,0.5226894418689498,0.019016080309724914,0.11229033085012807,69.78183151462942,22.517348022727273,1200.0,50.0,271.51725589225595,0.2509799004147781,30.0,15.0
e0cd24b0-cc4a-4d36-b6e4-0674b11a6151,43.751355463527744,49.407015305085146,44.404058776138875,-20.917528435506245,0.28600987182638893,0.01697514589178241,0.4778826965345119,0.013552760139074542,0.3992751041152056,49.407015939820795,22.517348022727273,400.0,90.0,407.27588383838383,0.04796556947260091,30.0,15.0
e0fb3dc5-c5f3-4c35-8571-d2ed051d5165,71.05555520918128,57.41797513909741,106.09925464954387,11.17860524605581,0.2385658147346381,0.010076814219118267,0.46920793288731066,0.015576497254715098,0.3067723011063555,57.41797674145129,22.517348022727273,400.0,90.0,407.27588383838383,0.10036192065991252,30.0,15.0
e1590756-476b-42ea-af6f-b18c29b877b3,103.48206755954233,63.38619283339181,191.13167661920934,56.81106894427516,0.14184643861300505,0.007055755499515993,0.5025625870859639,0.017550986728061088,0.1882659252582269,63.38619215594466,22.505782674242425,900.0,70.0,407.27588383838383,0.16982541343694404,25.0,20.0
e19ec073-a907-4be3-a81c-11fe14206afa,71.9442576664693,55.623545327942544,106.6298334606453,10.766276460670996,0.18469861729687498,0.010824843635574496,0.4913335505594486,0.015057831828559985,0.2539722475393648,55.62354485434814,20.0115655155724,400.0,70.0,271.51725589225595,0.10036192065991252,25.0,15.0
e1b1d2fc-8042-44ce-96a9-373e296fc3e2,133.4269592718011,67.310810653432,273.09560331338326,105.34012334032158,0.09785028538893098,0.0054714851287984015,0.527121082639415,0.01873885186082341,0.11089878331129703,67.31081122906892,25.011565351010102,400.0,50.0,271.51725589225595,0.2509799004147781,30.0,20.0
e1bfdaa1-455f-498e-8a48-0d95d203562d,94.04660082891313,61.58835635875811,179.98841587439068,49.613490408587104,0.24684593788115528,0.0064330745497685185,0.4720446675042614,0.01718987037040725,0.27124661234449027,61.58835609692682,20.0115655155724,650.0,110.0,678.7931397306396,0.16982541343694404,25.0,15.0
e1f5ee76-000d-4f60-b2f7-5649074bb0e4,71.37635562825956,57.90446251116331,104.96576567795692,8.924173582414959,0.18567359192040192,0.010388272871580388,0.4843650154709596,0.015317682406271405,0.2560438247840506,57.90446266889663,20.0115655155724,900.0,70.0,407.27588383838383,0.10036192065991252,25.0,15.0
e29c8f88-6648-4c73-bd67-7887bab49998,93.78552980581402,58.30059188517276,179.37882957972633,50.14922092000009,0.24229907673753162,0.0066883051724747474,0.47436587508638467,0.01662001968312292,0.26952120460532186,58.3005927488094,20.0115655155724,400.0,110.0,271.51725589225595,0.16982541343694404,25.0,15.0
e2e1ad4d-be4b-4fa8-90f1-ff4a1a2a452e,67.2365627810715,56.832522133634846,99.96416303126483,6.597944982548489,0.23743668814930555,0.009750665226883419,0.4633533549462332,0.015301275608203093,0.30871754628551146,56.83252047254369,22.517348022727273,900.0,90.0,678.7931397306396,0.10036192065991252,30.0,15.0
e2e35a54-58a4-48c3-b77e-c6bc56cc6d54,42.48186245870466,56.182062498122775,41.352225628616786,-23.835553477732354,0.1899644459884259,0.018355236901094273,0.5425064949715909,0.013528247189708333,0.2818808768305399,56.1820627349835,22.517348022727273,650.0,50.0,271.51725589225595,0.04796556947260091,30.0,15.0
e30b152b-e56a-4a94-9817-2b6107c59167,68.22981350534286,56.08896769766205,100.88525827930424,6.354287591621749,0.1846383106333123,0.010313110804335019,0.48190766283354375,0.014952995882529312,0.256176815572312,56.088969141148645,20.0115655155724,1200.0,70.0,678.7931397306396,0.10036192065991252,25.0,15.0
e33da09b-e18c-4175-bac0-95b62c5297f0,65.27195637266487,55.15564382007118,99.40586873980392,6.178656933880384,0.27942567481418346,0.00925684391886574,0.44638261697942966,0.015205586207172831,0.35067128871806214,55.15564457953026,22.517348022727273,1200.0,110.0,814.5517676767677,0.10036192065991252,30.0,15.0
e360ff3f-3c57-4e37-aafd-44e9b4fcc0f3,70.63785308889138,57.00493704869968,108.50078864662042,11.406648458110741,0.2707808640828071,0.009402336551757155,0.4491328803999895,0.015549701120621741,0.3465304603288842,57.00493702772822,20.0115655155724,900.0,110.0,678.7931397306396,0.10036192065991252,25.0,15.0
e3a8c9a9-6021-4174-ae01-5bb34954a401,68.74239398518638,57.74422986340822,99.54139114014215,7.037665382210724,0.2383529865236742,0.00971976398180766,0.4632561931865531,0.015285935610551523,0.3099304754139758,57.744229323997665,22.517348022727273,1200.0,90.0,271.51725589225595,0.10036192065991252,30.0,15.0
e4e714d7-4672-4af2-8fd8-6730b4970282,101.55425019928221,65.60438153351957,179.95492767198354,50.53406757695337,0.10962444413686867,0.007394333157944025,0.5152715701438342,0.018047227683675865,0.14748169040634615,65.60438170673125,25.011565351010102,650.0,50.0,407.27588383838383,0.16982541343694404,30.0,20.0
e4f33015-d695-47bf-a282-19c55ef6089b,127.67942362067579,64.250182615585,272.58965398118596,101.68109225588495,0.09262878485882786,0.005167474536531986,0.5251464463236531,0.018246767720885227,0.10724706923284912,64.25018311096711,22.505782674242425,900.0,50.0,814.5517676767677,0.2509799004147781,25.0,20.0
e4f3bbed-3b7c-41bb-b3c8-b49f7f99c372,70.39938366354914,57.43212939404144,103.88405499897621,8.302968532598445,0.18551005260200967,0.01035297256261574,0.483205707893729,0.015256086119257408,0.25602270266244553,57.432131242595,20.0115655155724,900.0,70.0,678.7931397306396,0.10036192065991252,25.0,15.0
e518eb0a-543e-4c48-a99f-bc0bce56d827,74.00744203970116,60.06275431750082,108.25715856299847,13.522023435589137,0.16995997096369947,0.010760142035311447,0.4946265911188973,0.015811622897932295,0.25783810083157616,60.06275479065161,25.011565351010102,400.0,70.0,271.51725589225595,0.10036192065991252,30.0,20.0
e5603dce-b5d3-4b55-9585-858861920299,69.71071957425109,58.57118748320506,102.78929370726692,8.904329522409874,0.16878044436421502,0.010426474435027358,0.4865276317687289,0.01562887259715365,0.2581104884810272,58.57118756387935,25.011565351010102,900.0,70.0,407.27588383838383,0.10036192065991252,30.0,20.0
e5cae13a-5b0c-4ea6-a0a5-c6677944fb5c,44.41782564912176,48.13275887017279,45.87049777353115,-20.961037408050963,0.3198637888356482,0.01644354025958544,0.44303722139888463,0.013431739567529516,0.4430782328188927,48.13275850779834,20.0115655155724,650.0,110.0,271.51725589225595,0.04796556947260091,25.0,15.0
e5ed437c-8712-4ec0-b2fc-561d97d7f477,41.16350201453422,53.78091739926152,40.96381905908736,-24.44063468809014,0.16618555554187708,0.018661288069707495,0.5567428443834176,0.012633675451197802,0.278932991769652,53.780914151185065,22.505782674242425,900.0,50.0,814.5517676767677,0.04796556947260091,25.0,20.0
e61168ba-b538-4441-9ee9-17b14fb536fb,96.70659557899616,62.32495619381514,179.5645331223602,49.62393840975237,0.20672057620396672,0.006734261564762206,0.4850402089993161,0.01716277573617117,0.23462734041915315,62.3249542567225,20.0115655155724,650.0,90.0,407.27588383838383,0.16982541343694404,25.0,15.0
e6ceed99-f69d-4076-bf4f-983d004c5904,131.78474011135054,69.39741768022314,271.2427358448227,102.03274812762446,0.09876733801916035,0.0052490810147411615,0.5242630883139732,0.019351403536024006,0.1109460093501227,69.39741541643518,25.011565351010102,650.0,50.0,407.27588383838383,0.2509799004147781,30.0,20.0
e6d805a9-e428-4b4b-8fad-1e5df9633f08,45.361509483647225,50.27371201422599,48.07623012766232,-19.14509626577441,0.21198960538352274,0.01845179467476852,0.5488319962321129,0.013423336206550692,0.33799274656554434,50.27371179205473,22.505782674242425,400.0,70.0,407.27588383838383,0.04796556947260091,25.0,20.0
e704a2d9-b49e-45ed-b10b-5095c556bec9,109.09798159475599,62.24951745079581,239.03221899631504,81.77888689925433,0.19859855159801137,0.004766475952093855,0.49703204552604163,0.017781308559657583,0.185338266566115,62.24951514784314,22.517348022727273,1200.0,90.0,678.7931397306396,0.2509799004147781,30.0,15.0
e74eb2cf-e3f2-43a8-a31a-308cef073b3e,142.27562272423776,68.59959340397529,291.8897381502679,113.9393860798553,0.0935185966169613,0.0052335726724642255,0.5278375982267467,0.018891380485167013,0.10690128224517652,68.5995927590987,22.505782674242425,900.0,50.0,271.51725589225595,0.2509799004147781,25.0,20.0
e7656381-0eb8-4db1-a458-b57bb0568d0e,74.32862075731434,61.19319725599163,106.36265548419199,11.900592899206911,0.12762310236752947,0.011246129722159093,0.5172217125900673,0.01577086335209352,0.20103298609900455,61.19319661269128,25.011565351010102,400.0,50.0,271.51725589225595,0.10036192065991252,30.0,20.0
e791a4f1-3cd1-42e0-a556-065f7e451ae7,129.1920418402716,66.1245902710827,273.0916723079951,105.45672499145829,0.13383466865122054,0.005292295777325337,0.5148716297295874,0.01862160919751146,0.14786947180024224,66.12458993409159,25.011565351010102,400.0,70.0,271.51725589225595,0.2509799004147781,30.0,20.0
e7a58522-182b-44ee-a933-69363115409f,69.07696050173,58.027087160856226,102.66549284764635,8.623564848554045,0.16855356556386786,0.010416642290814394,0.4860864312186448,0.015590469715225245,0.25744540737127974,58.02708842170941,25.011565351010102,900.0,70.0,678.7931397306396,0.10036192065991252,30.0,20.0
e7d6fe4d-f592-4dcf-b36b-3e23ca4ade21,77.1199994525482,60.09103283888805,112.32894003573128,14.371964268587039,0.12242343197106481,0.011138928974010942,0.5152169671082703,0.015527727299025509,0.19575072216707293,60.091031785379855,22.505782674242425,650.0,50.0,271.51725589225595,0.10036192065991252,25.0,20.0
e86481e8-f4e4-45f9-a050-8f10ec1d5dbc,95.99768719964197,60.77327836887828,190.5818431093374,56.2435076266366,0.2112410195412984,0.006502344306986532,0.4761272061705071,0.01747186111195716,0.2634620648976359,60.77327517205586,22.505782674242425,1200.0,110.0,814.5517676767677,0.16982541343694404,25.0,20.0
e8c14bfa-54f6-4af0-91b1-e2791a56b2f1,100.56162755594688,64.1322067242328,183.7528511947222,52.04738260556358,0.20778312186405723,0.006648361185058922,0.4843813715842276,0.017489280512354037,0.23363307418572418,64.13220706285325,20.0115655155724,1200.0,90.0,271.51725589225595,0.16982541343694404,25.0,15.0
e8cc314a-3776-499f-a8cf-0d0e68052f2e,121.81856598361136,64.10709817590879,251.98967090358087,89.48140878118332,0.10926619218108165,0.0052896541211910775,0.5243889086136363,0.017553553474197306,0.11266814332300877,64.10709765017154,20.0115655155724,400.0,50.0,814.5517676767677,0.2509799004147781,25.0,15.0
e990a8c1-1134-42e5-96c6-ec61e4be4ce1,67.59927158176833,56.807698995378395,102.58299641565296,8.190641849623303,0.2813499816709807,0.009271524774410773,0.4472463001926557,0.015509165435532915,0.3508352336332015,56.80769851620167,22.517348022727273,900.0,110.0,814.5517676767677,0.10036192065991252,30.0,15.0
e9d9a8bd-4e2c-41bd-b218-6fbd70f0763d,97.66079228239457,62.43653434580021,173.12549972241035,45.18677956749551,0.12093457081301556,0.007326373168118687,0.5136707665554504,0.016971825503059094,0.1475057853214519,62.43653001032604,20.0115655155724,650.0,50.0,678.7931397306396,0.16982541343694404,25.0,15.0
ea076502-8abe-45bb-927f-2b8084e2122a,45.18322980519278,52.38350920816862,43.81696145092558,-21.707727978593745,0.3321630144720118,0.01563194443330177,0.43236150321012207,0.013597207570414818,0.45309626019447835,52.383509694601415,22.517348022727273,650.0,110.0,814.5517676767677,0.04796556947260091,30.0,15.0
eb75bbf2-8437-42cd-a1b0-80652433237b,37.90317464973745,50.90959979141489,34.833626622985,-27.127671515906126,0.21451367003019783,0.01696976633354377,0.5091274615024202,0.011889001441318603,0.3548841555665141,50.9096001461971,25.011565351010102,1200.0,70.0,678.7931397306396,0.04796556947260091,30.0,20.0
eba34e21-265c-4953-bc53-49f7f259def9,73.54181276332811,57.652518736747794,106.23907609481522,10.260721710229502,0.13961833742108587,0.01134694344140362,0.5141752023241792,0.01519107974237892,0.1978931233047734,57.65251911896227,20.0115655155724,400.0,50.0,271.51725589225595,0.10036192065991252,25.0,15.0
ec23f5b2-d351-4222-9c62-eae41bf9588a,71.4055139033125,57.55808350380862,107.26797397404226,10.441856201416861,0.22946492499084595,0.009892359795833333,0.46625038151010106,0.01545509315236195,0.3045057674535457,57.55808389747406,20.0115655155724,900.0,90.0,407.27588383838383,0.10036192065991252,25.0,15.0
ec4a5817-217e-4554-ae22-d1c2114494c8,46.347702519989355,51.08401332055442,47.524836645661374,-19.40843023222717,0.2902664752538931,0.01647642574121423,0.46158259499863213,0.013391739986439088,0.4458013001804522,51.084011270652184,22.505782674242425,650.0,110.0,678.7931397306396,0.04796556947260091,25.0,20.0
ecc07615-d346-4265-ab2a-b7272ddf409e,70.6290134178133,59.04153452729742,100.50753503902195,7.737700395510824,0.12648543513752109,0.010891180087310603,0.5068299188153409,0.015507512621984246,0.20055520610920374,59.04153419049446,25.011565351010102,1200.0,50.0,271.51725589225595,0.10036192065991252,30.0,20.0
ed22c9fd-df6e-441a-bec3-15e3a8267dd3,66.39928997015664,56.26900719319444,97.74558079916828,5.323404540207355,0.12515577000531353,0.010898158380313553,0.5048528604305554,0.015153417841249274,0.1993232424571513,56.26900811742171,25.011565351010102,1200.0,50.0,678.7931397306396,0.10036192065991252,30.0,20.0
ed308ac6-fcdf-41a8-81f3-ee18415274bf,130.02222772398144,65.32466075438346,274.26983557117154,103.10905525357235,0.0928899827419192,0.005213855635058923,0.5259703707891414,0.018247479896540856,0.10805743417799878,65.32466171065056,22.505782674242425,650.0,50.0,678.7931397306396,0.2509799004147781,25.0,20.0
eda31c55-3a5d-4248-806c-cda85e5124d3,95.06754124102366,61.8836810306481,177.753256099869,48.070588020356524,0.20656602410200967,0.006703475216024832,0.4845293020614478,0.0171399117662399,0.23466760971128942,61.88368197583358,20.0115655155724,650.0,90.0,814.5517676767677,0.16982541343694404,25.0,15.0
edaaae5f-622f-4923-95b3-69f7568c5345,135.03271228550298,71.21040190243099,289.3295906221271,113.88032599255557,0.1723499958109217,0.004868594853556398,0.5024303126178451,0.020026065565372113,0.17956831209985955,71.2104031445626,25.011565351010102,1200.0,90.0,271.51725589225595,0.2509799004147781,30.0,20.0
ee0ad116-ab88-4496-99d0-3354017004f3,67.7497278049168,57.4170076398684,96.55338958695698,4.9729166182482185,0.19190498955176769,0.010233377874663298,0.4813787553583754,0.015060105116766247,0.2606851042527147,57.41700544069721,22.517348022727273,1200.0,70.0,271.51725589225595,0.10036192065991252,30.0,15.0
eec52922-aff1-41cc-9c59-45aaf73b6211,69.8966653047274,58.83964782439506,101.3703233682123,7.6851829869464465,0.19306670280113636,0.010336517885490316,0.4842622225253577,0.01547110996681603,0.2598559734779345,58.83964642941984,22.517348022727273,650.0,70.0,407.27588383838383,0.10036192065991252,30.0,15.0
eec7cad2-7bb9-4c3c-9282-65d61bd22cdf,135.0014758768912,69.95243237764055,283.3165717027998,110.54235141742772,0.13570608378200755,0.005134557007091751,0.514224048486269,0.019565164299533432,0.1469105428118929,69.9524305487586,25.011565351010102,650.0,70.0,271.51725589225595,0.2509799004147781,30.0,20.0
ef1d9630-53bd-4870-a867-1490db293367,95.8764078856999,63.46763108167713,173.16541122119602,46.54939313851982,0.1732898432192235,0.007107484106365741,0.4983440130976431,0.01730153427974522,0.196900899943529,63.46763253506795,22.517348022727273,400.0,70.0,814.5517676767677,0.16982541343694404,30.0,15.0
efc0f595-0bdf-465b-8844-afff49b60f38,95.94793642457935,63.554673552730414,167.7925508898734,42.709583406073136,0.12689334204580177,0.007323339379661196,0.5123801471606693,0.01722661656755868,0.14990245256252516,63.55467395206647,22.517348022727273,650.0,50.0,407.27588383838383,0.16982541343694404,30.0,15.0
efcbec6f-e4e8-403b-a076-42884d4c9fa8,67.60694468412962,56.78018183022181,102.42078387674339,8.17209326070463,0.2814281733464856,0.009278764363141836,0.44710859487620996,0.015497228236036945,0.35097510805948223,56.78018258914409,22.517348022727273,900.0,110.0,678.7931397306396,0.10036192065991252,30.0,15.0
f03ff524-941f-47ae-9d95-967495553803,140.29074582103445,68.79232316140477,296.6246665182562,116.69426356788892,0.12884607584546506,0.005019510852178031,0.5162357195419824,0.019102401709208964,0.14223059428014317,68.79232323510116,22.505782674242425,1200.0,70.0,271.51725589225595,0.2509799004147781,25.0,20.0
f05c4d5a-bb19-4552-8027-3753f28437f2,43.564456054234554,55.91084880941075,43.516578069113464,-23.26043332231199,0.1880014507828283,0.018799176532933507,0.5420953845228323,0.01361712839422626,0.2789760088075562,55.910848252463616,20.0115655155724,650.0,50.0,814.5517676767677,0.04796556947260091,25.0,15.0
f06de8b7-3484-4bd8-9c42-ba070761366e,70.20828787230839,58.31183236446284,106.27023347921991,10.817689201711621,0.28322490109932663,0.009331809064351852,0.4486334429592277,0.01582513114629859,0.35060714220515926,58.31183511763114,22.517348022727273,650.0,110.0,678.7931397306396,0.10036192065991252,30.0,15.0
f073a568-4328-4c90-8e73-9ab6a54bb8de,74.05580729811294,58.72114906013388,106.97993491518307,10.583333163322532,0.1400425769362374,0.01124142412042298,0.5124378761636152,0.015400135954136671,0.198224368973428,58.72114893619342,20.0115655155724,400.0,50.0,678.7931397306396,0.10036192065991252,25.0,15.0
f0957009-f52e-466b-b05e-fab7cdea138c,73.01763585160978,54.67921101259623,112.6611082370935,15.580224667386839,0.1983336795763889,0.010553797206797139,0.4801832404780092,0.014986350341923796,0.2985057678232239,54.67921113618358,22.505782674242425,400.0,90.0,271.51725589225595,0.10036192065991252,25.0,20.0
f0999d7f-c108-4e50-a2d3-d3c9fc6387a1,91.03315401428455,61.19081728204638,179.03593145976043,49.77193900272548,0.22034204387347434,0.0065099247763362785,0.4721348078939394,0.017880932908245762,0.2694505846304804,61.19082045326577,25.011565351010102,1200.0,110.0,814.5517676767677,0.16982541343694404,30.0,20.0
f0cda64a-8dbb-43d2-a443-5897e79da9a5,95.89483792588285,63.3828369050674,173.0126788503449,46.55296879274646,0.17318082732628368,0.00711417477287458,0.49869653168886785,0.017285230722764652,0.19692532280392683,63.382835909026916,22.517348022727273,400.0,70.0,678.7931397306396,0.16982541343694404,30.0,15.0
f0ce7209-37bb-45d1-b545-21d45f7969c5,119.53565901515483,65.76424843456252,246.43004667867254,86.76501548092591,0.11571712849460229,0.005280533515467171,0.5226468423708964,0.01794710879698556,0.11446723757231976,65.7642484181844,22.517348022727273,400.0,50.0,814.5517676767677,0.2509799004147781,30.0,15.0
f1cf31c9-3260-42c5-bedb-de4f6e36ab3f,122.92189479336533,63.92081522005737,276.95607101742826,104.4493173262673,0.1612078325180766,0.004814131750841751,0.5033555802509996,0.018370225191527034,0.1760361423360207,63.92081672016503,22.505782674242425,1200.0,90.0,678.7931397306396,0.2509799004147781,25.0,20.0
f2bbe09d-1b0b-4d68-a041-4d6d177403b0,129.7007171128798,64.95389304486592,272.1359095969168,102.6516829801439,0.09305642905872263,0.005331126701357324,0.5275979580486111,0.017909367753450593,0.10918252954516706,64.95389641395391,22.505782674242425,400.0,50.0,814.5517676767677,0.2509799004147781,25.0,20.0
f2ed6119-3543-4c82-87bb-b47797967b8d,45.9973627739235,53.33173420711075,48.7759355298645,-19.149167287909453,0.16770351731607744,0.0194306101489899,0.5899377775340909,0.013712514682261756,0.27088254827460784,53.33173443118173,22.505782674242425,400.0,50.0,271.51725589225595,0.04796556947260091,25.0,20.0
f337ac32-89b7-440a-9c68-13fdea6e8426,40.70995875926671,53.68743873513109,39.84039679937,-25.656574814402983,0.1859162095261995,0.018636986585542928,0.5358088145854377,0.012853960789474114,0.2800168329815758,53.687439394424594,20.0115655155724,1200.0,50.0,407.27588383838383,0.04796556947260091,25.0,15.0
f348bd69-51c8-4a5e-9c4c-ab28bb6d403e,43.746087081959026,51.591985879499994,41.361193656727444,-23.25445074765457,0.3314912019671717,0.015473744333396464,0.4290072006931818,0.013201257415608325,0.455002021460098,51.591987103370506,22.517348022727273,900.0,110.0,407.27588383838383,0.04796556947260091,30.0,15.0
f38222a9-a41c-4b9f-80e3-9c98cb63382d,118.10721330985514,66.63803989480657,259.4574584827156,94.73170944080476,0.24369020402551556,0.004601134230629209,0.48887015871448863,0.018542473940478477,0.21663549885108324,66.63804031711975,22.517348022727273,650.0,110.0,407.27588383838383,0.2509799004147781,30.0,15.0
f4342ba6-87e6-4b00-bf91-82914484f734,44.15410559554691,50.15436241848491,44.64865217216422,-20.856751509729275,0.2868082586772938,0.016918277366424664,0.4758281413215488,0.01360989562291238,0.40013378565169705,50.15436186260891,22.517348022727273,400.0,90.0,678.7931397306396,0.04796556947260091,30.0,15.0
f44e7eb7-9b01-4a98-a9e2-89e5a364bcca,42.19679286604299,45.84335998076051,43.39724707744072,-21.20899696695862,0.3243213299791667,0.016285738468045038,0.4497347100381945,0.013221682727012475,0.44330998930199955,45.84336030120798,22.517348022727273,400.0,110.0,271.51725589225595,0.04796556947260091,30.0,15.0
f49bd374-611d-4f6d-aed9-4fc7a543b5f3,68.18106790329843,55.800449221702074,102.99015068034714,7.826229333935995,0.22788142393560606,0.009809637137205389,0.463779479018203,0.015107232555280344,0.30474449184018426,55.80044997604232,20.0115655155724,1200.0,90.0,814.5517676767677,0.10036192065991252,25.0,15.0
f4addc5c-3aac-4eeb-821b-fcf5abf92e25,121.88675058104283,66.73589070032652,272.3548366586697,104.54003176391787,0.20503757390688132,0.00484538871685606,0.4929196440980113,0.018813841391607904,0.21437619195935917,66.73589137550047,25.011565351010102,400.0,110.0,407.27588383838383,0.2509799004147781,30.0,20.0
f5210d8b-6085-431c-884d-03ba08df8142,67.56354457297019,56.43131430906231,104.8337799093548,10.19232009115277,0.24446539755008423,0.009507623896296296,0.45125879653061873,0.0157073688162183,0.34811607074229034,56.43131306585638,25.011565351010102,1200.0,110.0,814.5517676767677,0.10036192065991252,30.0,20.0
f5c39d8f-63e8-4f32-9948-1a3cd5102e8d,93.0716047189693,62.169924420930045,176.46010444993723,49.12894501386395,0.25918620584669605,0.006505501948590067,0.4716812574143518,0.01734610263641739,0.2749189003405714,62.1699248030426,22.517348022727273,400.0,110.0,814.5517676767677,0.16982541343694404,30.0,15.0
f5c620a9-1c83-4772-8964-99ddcda8c8de,122.60707576039562,62.77633733333694,278.4752954915804,107.05934606638763,0.19258297932675716,0.004880943312815657,0.4962799178651095,0.017753597287333864,0.20885659801667097,62.77633866471369,22.505782674242425,400.0,110.0,407.27588383838383,0.2509799004147781,25.0,20.0
f5d1f940-d6a3-4c67-8a03-b509b54f7921,97.86901280984614,65.14194452543852,186.25381407315672,55.35168979190372,0.2236857018114478,0.006563889640267257,0.47386261284217174,0.018247261946805364,0.2720521011430618,65.1419444886163,25.011565351010102,650.0,110.0,407.27588383838383,0.16982541343694404,30.0,20.0
f5d679a3-a637-47a0-9ed1-c4bd27b0c52e,73.34991440165926,57.5503855584593,115.40379425397809,16.26485755634054,0.2367159650094697,0.009644645300547138,0.457166753924979,0.015706301489205297,0.34172442885603155,57.55038449914348,22.505782674242425,900.0,110.0,678.7931397306396,0.10036192065991252,25.0,20.0
f6034ce2-eac3-429d-9255-83ba6af60104,95.66373072861346,61.54802942996026,173.30588091856345,45.61297849801246,0.1643239865537142,0.006943785200326177,0.49698865373832074,0.01693109466162546,0.1933427075640658,61.5480319148775,20.0115655155724,1200.0,70.0,407.27588383838383,0.16982541343694404,25.0,15.0
f648d82c-54a1-44e6-9058-9f1d1d058afc,90.3151599230344,60.466669753966954,161.94477166859699,38.67987203389925,0.1252723877274621,0.007283789509501264,0.5105393333098696,0.01682596931441384,0.14889519365046147,60.466668968384994,22.517348022727273,900.0,50.0,814.5517676767677,0.16982541343694404,30.0,15.0
f6ea2ca0-1c22-4ad0-9ae1-eb5dadca9a17,73.12875303955909,58.02830823954207,107.805337317067,11.156805481521415,0.12132030812742002,0.010986449274010941,0.5110448847108586,0.015219269104460012,0.19560994274019824,58.02830835816775,22.505782674242425,900.0,50.0,678.7931397306396,0.10036192065991252,25.0,20.0
f7abd61c-69f7-4c0c-a681-830ab3b2e25a,88.9199803015295,60.460990996429565,166.66915355348223,41.83402109520335,0.21525006983375422,0.0066515449009469695,0.48123867020938554,0.017049265130558856,0.23724175131757363,60.460992620295904,22.517348022727273,900.0,90.0,814.5517676767677,0.16982541343694404,30.0,15.0
f7e724e6-b0a9-4f9e-b01e-5957821a37f5,75.49741144833226,57.76388176986173,113.45403047082188,15.202954629696292,0.16246854871475166,0.010845098215035773,0.49786025384606486,0.015335748468894224,0.2514517338164563,57.76388169431015,22.505782674242425,400.0,70.0,814.5517676767677,0.10036192065991252,25.0,20.0
f8f2d52d-9fab-4cb7-bd80-30264c3b2606,37.748305505117635,50.380021207104384,34.78587757734562,-27.763312488860265,0.2381946152368476,0.016932747808396466,0.4871655528120791,0.011971995955423573,0.3539828582974243,50.380023052536494,22.517348022727273,1200.0,70.0,814.5517676767677,0.04796556947260091,30.0,15.0
f8f6a8cd-b38a-483b-9e3f-3c85108af764,121.7870073986575,64.45431819072178,279.6945121114822,106.51626066663611,0.19454618519512834,0.004678714501473064,0.49425274047590495,0.018401505892424782,0.20727223492332444,64.45431805649515,22.505782674242425,900.0,110.0,678.7931397306396,0.2509799004147781,25.0,20.0
f9213ab6-088e-483e-a07b-5e1cd1f8b7fe,115.87805390559569,61.7913624187231,258.99079133748216,93.80453654105129,0.2268153254662774,0.0047587534082596805,0.4913878933672138,0.01743962387810669,0.21424060465017206,61.79136539966975,20.0115655155724,400.0,110.0,407.27588383838383,0.2509799004147781,25.0,15.0
f9945c47-1971-48af-a9f9-a19691091d7d,73.43922872093565,60.88987241941272,106.90171941339288,12.090471718827668,0.17026145224084596,0.010504997319349748,0.48968171018728945,0.01596363577372115,0.25855539461613225,60.88987414930727,25.011565351010102,650.0,70.0,271.51725589225595,0.10036192065991252,30.0,20.0
f99fb0e6-a88f-41ca-9a9c-3e8719d3d733,95.76015940106215,60.94392101588666,178.95793348073963,49.55844508629437,0.20584085238410144,0.006865220590603956,0.4858863987365319,0.016960918831277212,0.23460122680721515,60.94392097343637,20.0115655155724,400.0,90.0,814.5517676767677,0.16982541343694404,25.0,15.0
f9af2e52-ac0f-45bd-ae56-dbd4a3f4e0b1,93.83128486391577,62.50571809332573,166.1267707923176,41.36850846743583,0.12636105093634256,0.007318769123411195,0.5116920330940657,0.01710230694708523,0.14957271806415665,62.50571835105014,22.517348022727273,650.0,50.0,678.7931397306396,0.16982541343694404,30.0,15.0
f9b1b82e-b7d7-46de-ab84-716887a6ffae,45.16517600350529,54.08227570751512,45.355736760945234,-20.03433287585669,0.21835641882312712,0.017764518419349746,0.5370197775768099,0.013793314286764318,0.34712714036507625,54.08227341624852,25.011565351010102,400.0,70.0,678.7931397306396,0.04796556947260091,30.0,20.0
f9b6e316-1c1b-4a53-ade5-6908d795f000,40.07993096190276,55.054008092841954,38.16367002770295,-25.282947023593223,0.16961518089499156,0.018106253836384683,0.5552655570444023,0.012801859389887503,0.28396670187935974,55.05400667448057,25.011565351010102,900.0,50.0,271.51725589225595,0.04796556947260091,30.0,20.0
f9dc39f6-56e1-4af3-ab8e-48504534b5bc,42.81746329799969,53.32837078945825,41.632971741313625,-24.301149142055404,0.23788477466266833,0.017603589181765567,0.4918881517222223,0.0131052042521876,0.34947042644212534,53.32837238699011,20.0115655155724,900.0,70.0,814.5517676767677,0.04796556947260091,25.0,15.0
f9eaacce-3387-445b-9d3b-e40098222640,71.56755822495407,59.47013959712875,107.54741374575305,12.084329567866007,0.20914680701409932,0.010024294814604377,0.471161067376473,0.015955576452334932,0.30709988516283165,59.470140284411855,25.011565351010102,650.0,90.0,678.7931397306396,0.10036192065991252,30.0,20.0
fa17e55b-8d2d-4dc3-a797-40bdde00bdca,44.60630229558786,50.9674136611977,43.53137029729128,-21.665368096870573,0.33022788872622055,0.015757301478135522,0.43544207770791243,0.013516845103624733,0.45101265568775134,50.967415376158684,22.517348022727273,650.0,110.0,271.51725589225595,0.04796556947260091,30.0,15.0
fa2e68a0-ddda-4bd9-a7ef-10f83a0720aa,92.26642401208017,61.28091442877377,177.66797640760805,48.80733590829639,0.18435555664962125,0.006764549071285774,0.48395631508654247,0.017830764271598826,0.23253148721672046,61.28091245735152,25.011565351010102,1200.0,90.0,814.5517676767677,0.16982541343694404,30.0,20.0
fa30aad4-818e-40db-a90e-c7e8c61ef075,118.2169733624223,63.09141495736294,247.34432731687988,85.94531875613937,0.10897996726748738,0.005141218455018939,0.52190868656129,0.017578175197680918,0.11157152264494118,63.09141748101462,20.0115655155724,900.0,50.0,814.5517676767677,0.2509799004147781,25.0,15.0
fa5ccd6f-60ea-4fe1-91b6-9bf4a1bfdb7e,97.28888006881985,64.02815907242541,170.90871544775928,45.08418165811055,0.12720674394729586,0.0074453316690761785,0.5144782887406355,0.01724141416472456,0.15020763519024347,64.02815804009383,22.517348022727273,400.0,50.0,678.7931397306396,0.16982541343694404,30.0,15.0
faa98214-adf1-4418-b223-52699cc7b1d0,45.61714731455919,54.54421837746551,45.992813893205415,-20.960176286867018,0.21421970439204543,0.01788554619675926,0.523129586143729,0.013396199454065106,0.346069671826583,54.54421887953267,22.505782674242425,650.0,70.0,814.5517676767677,0.04796556947260091,25.0,20.0
fab659dd-9f77-4b00-951c-517979762cae,99.63223892525865,65.19057294588221,181.42677120654557,51.83677492877482,0.14914521681723483,0.007100135986037458,0.4996308521493056,0.018071437085266817,0.19402612063517718,65.19057062113039,25.011565351010102,650.0,70.0,407.27588383838383,0.16982541343694404,30.0,20.0
fb09306d-16f3-451a-8628-1cfb8ac35ffe,105.33008293812773,64.69574827000086,202.15082006441443,64.10477845169326,0.21322621022285357,0.006561377552483165,0.4786500736788194,0.017971420283802234,0.2634623956062621,64.69574787651791,22.505782674242425,900.0,110.0,271.51725589225595,0.16982541343694404,25.0,20.0
fcb5b923-f480-4462-920e-885a9e16db02,75.02435462339389,57.61419615516209,117.46923368472207,17.801978608614824,0.23612838065025255,0.009831724453882577,0.46024360167634687,0.015668623644582172,0.34108514662903205,57.61419827372486,22.505782674242425,650.0,110.0,271.51725589225595,0.10036192065991252,25.0,20.0
fd508edc-b093-4cf4-95e2-885e42e484dd,93.89757549369017,62.17437065798981,176.88554748349924,49.60631747014489,0.2591797741256839,0.006530117744833754,0.47168451751999146,0.017304927916103816,0.2748677960694271,62.174369477934086,22.517348022727273,400.0,110.0,407.27588383838383,0.16982541343694404,30.0,15.0
fde7bed5-a9b4-4369-b1b9-db96092c3fdb,44.52188985390049,53.48313847720145,42.89813550634891,-22.43339618038902,0.28936617786510943,0.0164157827676452,0.4616965550563973,0.01352529296363924,0.40720600099008797,53.48313576350153,22.517348022727273,650.0,90.0,678.7931397306396,0.04796556947260091,30.0,15.0
fdf144e3-4a94-40ce-8ce1-f7bbb7839611,45.860030952302814,49.41523466732446,47.90860606859988,-18.985629233826565,0.28863398365603954,0.01665618636432029,0.46877306436942345,0.013359738993902501,0.442656142694674,49.415234504056826,22.505782674242425,650.0,110.0,271.51725589225595,0.04796556947260091,25.0,20.0
fea9d542-a9a5-4192-a51b-f0e20520384f,87.34368175065826,58.901202989015275,161.37845857148434,38.545205264485354,0.1701631588827336,0.00694810926355219,0.4944162020601326,0.016743417648796485,0.19508805388619752,58.901204395114114,22.517348022727273,1200.0,70.0,814.5517676767677,0.16982541343694404,30.0,15.0
fed9f755-901f-4aef-b283-e36fc070c7ab,44.571640909761065,54.07729959861992,44.145274826923924,-22.013379016443924,0.21398370468802608,0.017752206346380466,0.5186982224592803,0.013081491243483609,0.34744808583419257,54.07730010331054,22.505782674242425,1200.0,70.0,271.51725589225595,0.04796556947260091,25.0,20.0
fef1f103-e2d0-41a6-8920-0a22899ba653,124.11779538035424,65.66294137489179,261.3208803162104,94.52731198785185,0.15100014528115532,0.004996586086342594,0.5116689777088594,0.018052896077876912,0.1488261603613458,65.66294045012853,20.0115655155724,650.0,70.0,407.27588383838383,0.2509799004147781,25.0,15.0
ff056fd5-c8d2-4c6c-8fa1-129f3a24facd,127.78231236416855,65.95226748063587,259.5368022720733,95.31908774766733,0.11531441932911404,0.005392439639572813,0.5249961049837963,0.018177637005391083,0.11258977713971996,65.95226716356127,22.517348022727273,400.0,50.0,271.51725589225595,0.2509799004147781,30.0,15.0
