timestamp,year,dayOfYear,hourOfDay,scenario,fruitAge_h,totalFruitNumber,meanFruitFW,meanFruitFW_sd,meanFruitDW,meanFruitDW_sd,meanFruitSc,meanFruitSc_sd,diameter,vol,Afruit,unloadingPerFruit,sugarUptake_active,sugarUptake_passive,sugarUptake_massflow,maintenanceDM,growthCost,waterUptake,waterUptake_xylem,waterUptake_phloem,transpirationLost,"osmoticWaterPotential_fruit",turgorPressure_fruit,waterPotential_fruit,"osmoticWaterPotential_phloem",meanCpm,turgorPressure_phloem,waterPotential_phloem,Lphloem,Lxylem,"osmoticWaterPotential_partialContribution",cellWallExtensibility,elasticModulus,ro,malicAcid,tartaricAcid,malicConcentration_fruit,"tartaricConcentration_fruit",fruitIncidentPAR,fruitAbsorbedPAR,fruitAbsorbedRadiation,"fruitAbsorbedRadiation_m2",fruitLightArea_m2,fruitBerryCountEffective,totalFruitNumber_1,totalFruitNumber_2,totalFruitNumber_3,totalFruitNumber_4,meanFruitFW_1,meanFruitFW_2,meanFruitFW_3,meanFruitFW_4,meanFruitDW_1,meanFruitDW_2,meanFruitDW_3,meanFruitDW_4,meanFruitSc_1,meanFruitSc_2,meanFruitSc_3,meanFruitSc_4,simuuid,fruitIncidentPAR_mean_1,fruitIncidentPAR_mean_2,fruitIncidentPAR_mean_3,fruitIncidentPAR_mean_4,fruitAbsorbedPAR_sum_1,fruitAbsorbedPAR_sum_2,fruitAbsorbedPAR_sum_3,fruitAbsorbedPAR_sum_4,"fruitAbsorbedRadiation_sum_1","fruitAbsorbedRadiation_sum_2","fruitAbsorbedRadiation_sum_3","fruitAbsorbedRadiation_sum_4",fruitCount_1,fruitCount_2,fruitCount_3,fruitCount_4,fruitLightArea_sum_1,fruitLightArea_sum_2,fruitLightArea_sum_3,fruitLightArea_sum_4,mSuc,mSor,mGlu,mFru,mSta,mSyn
2012-07-18T01:30:00,2012,200,1,0,1681.0,45,647.3287,0.0,95.5057,0.0,0.10475389,0.0,0.5,0.6190128,3.0932245,0.11817955928080215,0.23111074,0.0,0.06829779309845278,0.0,0.005318081435565219,0.004243102906253102,2.956093769529371E-4,0.003947493529300165,7.303190068300808E-4,25.403716249468935,0.8895920051708109,-24.514124244298124,27.229533985729063,0.0,27.191086472424463,-0.03844751330460028,0.014786981360787411,0.0011155884234502367,0.15,0.01386446239183302,153.1999969482422,70.75983458067964,10.883595733707041,9.282000504434109,0.01972298316096095,0.016820611875725217,0.0,0.0,0.0,0.0,3.0932244968527454E-4,1.0,45,0,0,0,647.3287,0.0,0.0,0.0,95.5057,0.0,0.0,0.0,0.10475389,0.0,0.0,0.0,"9273d490-b46d-48de-afa3-955b5c30eb93",0.0,0.0,0.0,0.0,0.0,0.0,0.0,0.0,0.0,0.0,0.0,0.0,1,0,0,0,3.0932244968527454E-4,0.0,0.0,0.0,0.0,0.0,0.0,0.0,0.0,0.0
2012-07-18T02:30:00,2012,200,2,0,1682.0,45,649.893,0.0,95.80342,0.0,0.10483073,0.0,0.5,0.6227758,3.105804,0.12548275215570018,0.23038249,0.0,0.04762511059737289,0.0,0.005646725193290389,0.0029850100959094203,2.0555399847620127E-4,0.002779456097433219,7.218080328510773E-4,25.24497367026677,0.737724407483602,-24.50724926278317,27.021461058890452,0.0,19.65946237396658,-7.361998684923872,0.014760366327941596,0.0011029097936841492,0.15,0.013863810371932893,153.1999969482422,70.6777340541181,10.867235329106327,9.282000504434109,0.01961277657714698,0.016751804536232713,0.0,0.0,0.0,0.0,3.105803975301747E-4,1.0,45,0,0,0,649.893,0.0,0.0,0.0,95.80342,0.0,0.0,0.0,0.10483073,0.0,0.0,0.0,"9273d490-b46d-48de-afa3-955b5c30eb93",0.0,0.0,0.0,0.0,0.0,0.0,0.0,0.0,0.0,0.0,0.0,0.0,1,0,0,0,3.105803975301747E-4,0.0,0.0,0.0,0.0,0.0,0.0,0.0,0.0,0.0
2012-07-18T03:30:00,2012,200,3,0,1683.0,45,652.5999,0.0,96.081795,0.0,0.10484372,0.0,0.5,0.6252747,3.114289,0.11732854880351376,0.23074307,0.0,0.04796104152796265,0.0,0.005279785954956888,0.0029858979395058004,2.0361176793570022E-4,0.0027822861715701003,5.605383193772346E-4,25.163416656951156,0.7557293506497803,-24.407687306301376,27.091653665967677,0.0,19.815650284219878,-7.276003381747799,0.014733771184512518,0.0010903749061628811,0.15,0.013863158392776489,153.1999969482422,70.5957883698444,10.852140738730673,9.282000504434109,0.019500067299074365,0.016678703203740246,0.0,0.0,0.0,0.0,3.1142890288835765E-4,1.0,45,0,0,0,652.5999,0.0,0.0,0.0,96.081795,0.0,0.0,0.0,0.10484372,0.0,0.0,0.0,"9273d490-b46d-48de-afa3-955b5c30eb93",0.0,0.0,0.0,0.0,0.0,0.0,0.0,0.0,0.0,0.0,0.0,0.0,1,0,0,0,3.1142890288835765E-4,0.0,0.0,0.0,0.0,0.0,0.0,0.0,0.0,0.0
2012-07-18T04:30:00,2012,200,4,0,1684.0,45,655.2424,0.0,96.35997,0.0,0.1048683,0.0,0.5,0.62792677,3.1232355,0.11724240104185799,0.23055571,0.0,0.047928813136862515,0.0,0.005275909304758114,0.0029860258106866565,2.0177538514571446E-4,0.002784250425540942,6.248898210658958E-4,25.10021331987859,0.7469078386335145,-24.353305481245076,27.051790151432563,0.0,19.82164121447571,-7.2301489369568515,0.01470719614690663,0.0010779821391393093,0.15,0.013862506454384634,153.1999969482422,70.51400480606435,10.837643904537648,9.282000504434109,0.019391635061737803,0.01660814546134797,0.0,0.0,0.0,0.0,3.1232355180437523E-4,1.0,45,0,0,0,655.2424,0.0,0.0,0.0,96.35997,0.0,0.0,0.0,0.1048683,0.0,0.0,0.0,"9273d490-b46d-48de-afa3-955b5c30eb93",0.0,0.0,0.0,0.0,0.0,0.0,0.0,0.0,0.0,0.0,0.0,0.0,1,0,0,0,3.1232355180437523E-4,0.0,0.0,0.0,0.0,0.0,0.0,0.0,0.0,0.0
2012-07-18T05:30:00,2012,200,5,0,1685.0,45,657.9372,0.0,96.637924,0.0,0.104882486,0.0,0.5,0.6305132,3.1319587,0.11714976404042071,0.23036553,0.0,0.047896332526939214,0.0,0.005271740638699549,0.0029860089224232173,1.9994623871543064E-4,0.0027860626837077867,5.723239003820246E-4,25.036945055562512,0.7518228489131514,-24.285122206649362,27.01072209410496,0.0,19.84080037324641,-7.16992172085855,0.01468064143084227,0.001065729888984573,0.15,0.013861854556778156,153.1999969482422,70.43237945190066,10.823820668039469,9.282000504434109,0.019283511154235503,0.016536633943815635,0.0,0.0,0.0,0.0,3.13195882810991E-4,1.0,45,0,0,0,657.9372,0.0,0.0,0.0,96.637924,0.0,0.0,0.0,0.104882486,0.0,0.0,0.0,"9273d490-b46d-48de-afa3-955b5c30eb93",0.0,0.0,0.0,0.0,0.0,0.0,0.0,0.0,0.0,0.0,0.0,0.0,1,0,0,0,3.13195882810991E-4,0.0,0.0,0.0,0.0,0.0,0.0,0.0,0.0,0.0
2012-07-18T06:30:00,2012,200,6,0,1686.0,45,660.5904,0.0,96.91562,0.0,0.104903825,0.0,0.5,0.6331531,3.1408446,0.11704175223772076,0.230153,0.0,0.047915786721109285,0.0,0.005266880106419211,0.0029899834023771016,1.9840927377097996E-4,0.0027915741286061216,6.176451468042875E-4,24.986244947420747,0.7457572340198108,-24.240487713400938,26.973998059551537,0.0,19.86380681940967,-7.110191240141866,0.014654107251343083,0.0010536165699897037,0.15,0.013861202699977879,153.1999969482422,70.35090842487807,10.810363230541796,9.282000504434109,0.019178370054083224,0.016466943498558352,0.0,0.0,0.0,0.0,3.14084452074331E-4,1.0,45,0,0,0,660.5904,0.0,0.0,0.0,96.91562,0.0,0.0,0.0,0.104903825,0.0,0.0,0.0,"9273d490-b46d-48de-afa3-955b5c30eb93",0.0,0.0,0.0,0.0,0.0,0.0,0.0,0.0,0.0,0.0,0.0,0.0,1,0,0,0,3.14084452074331E-4,0.0,0.0,0.0,0.0,0.0,0.0,0.0,0.0,0.0
2012-07-18T07:30:00,2012,200,7,0,1687.0,45,663.19073,0.0,97.19232,0.0,0.10493294,0.0,0.5,0.6357506,3.1495829,0.11662235570103585,0.2294684,0.0,0.04710979912464444,0.0,0.005248007257768753,0.002963089070551069,1.9501308449441376E-4,0.002768075986056655,6.426152185727357E-4,25.052178542746475,0.7384483874026918,-24.313730155343784,26.884027776768846,0.0,19.55370201572001,-7.330325761048837,0.014627593822731506,0.0010416406141693334,0.15,0.013860550884004614,153.1999969482422,70.26960265482955,10.794872879973553,9.282000504434109,0.019072267907923792,0.01639934090103753,0.0,0.0,0.0,0.0,3.1495828577626523E-4,1.0,45,0,0,0,663.19073,0.0,0.0,0.0,97.19232,0.0,0.0,0.0,0.10493294,0.0,0.0,0.0,"9273d490-b46d-48de-afa3-955b5c30eb93",0.0,0.0,0.0,0.0,0.0,0.0,0.0,0.0,0.0,0.0,0.0,0.0,1,0,0,0,3.1495828577626523E-4,0.0,0.0,0.0,0.0,0.0,0.0,0.0,0.0,0.0
2012-07-18T08:30:00,2012,200,8,0,1688.0,45,665.0654,0.0,97.47211,0.0,0.10510168,0.0,0.5,0.6382946,3.1581373,0.11792354015863546,0.23145033,0.0,0.047515943150584335,0.0,0.00530656057232093,0.00289352034860416,1.8819514995985226E-4,0.0027053251986443078,0.0013017417200546085,25.322877784313874,0.6534425063307976,-24.669435277983077,27.614580297160018,0.0,19.478320389114135,-8.136259908045883,0.014601101358622274,0.001029800471067464,0.15,0.013859899108879171,153.1999969482422,70.18845085215641,10.773092421489388,9.282000504434109,0.018980300638759356,0.016353258025695004,0.0,0.0,0.0,0.0,3.1581373257996736E-4,1.0,45,0,0,0,665.0654,0.0,0.0,0.0,97.47211,0.0,0.0,0.0,0.10510168,0.0,0.0,0.0,"9273d490-b46d-48de-afa3-955b5c30eb93",0.0,0.0,0.0,0.0,0.0,0.0,0.0,0.0,0.0,0.0,0.0,0.0,1,0,0,0,3.1581373257996736E-4,0.0,0.0,0.0,0.0,0.0,0.0,0.0,0.0,0.0
2012-07-18T09:30:00,2012,200,9,0,1689.0,45,665.90515,0.0,97.755066,0.0,0.10546709,0.0,0.5,0.64009696,3.1642988,0.11925799339389098,0.23385794,0.0,0.049172824077226875,0.0,0.0053666109822245595,0.002878929626005987,1.8494394918640558E-4,0.0026939856768195816,0.0023254104795813533,25.66930033129199,0.5337550854615182,-25.13554524583047,28.54406836028572,0.0,19.810886744010062,-8.733181616275658,0.014574630071916004,0.0010180946075652774,0.15,0.013859247374622354,153.1999969482422,70.1074565395747,10.74417349038135,9.282000504434109,0.01891080138650214,0.016337233214440205,0.0,0.0,0.0,0.0,3.16429887221664E-4,1.0,45,0,0,0,665.90515,0.0,0.0,0.0,97.755066,0.0,0.0,0.0,0.10546709,0.0,0.0,0.0,"9273d490-b46d-48de-afa3-955b5c30eb93",0.0,0.0,0.0,0.0,0.0,0.0,0.0,0.0,0.0,0.0,0.0,0.0,1,0,0,0,3.16429887221664E-4,0.0,0.0,0.0,0.0,0.0,0.0,0.0,0.0,0.0
2012-07-18T10:30:00,2012,200,10,0,1690.0,45,666.2851,0.0,98.038315,0.0,0.10591795,0.0,0.5,0.6408419,3.167057,0.11938440725099189,0.23409465,0.0,0.04993762562487853,0.0,0.005372299607150374,0.002905964928211985,1.8504716441797108E-4,0.002720917763794014,0.0028124857312559447,25.883577310372303,0.48087696019642273,-25.40270035017588,28.752262395255414,0.0,19.935324404105344,-8.81693799115007,0.014548180174792816,0.0010065215076909646,0.15,0.01385859568125496,153.1999969482422,70.02661953624695,10.71195636782262,9.282000504434109,0.018850887549406406,0.016334452992006282,0.0,0.0,0.0,0.0,3.167056992839824E-4,1.0,45,0,0,0,666.2851,0.0,0.0,0.0,98.038315,0.0,0.0,0.0,0.10591795,0.0,0.0,0.0,"9273d490-b46d-48de-afa3-955b5c30eb93",0.0,0.0,0.0,0.0,0.0,0.0,0.0,0.0,0.0,0.0,0.0,0.0,1,0,0,0,3.167056992839824E-4,0.0,0.0,0.0,0.0,0.0,0.0,0.0,0.0,0.0
2012-07-18T11:30:00,2012,200,11,0,1691.0,45,666.58575,0.0,98.32324,0.0,0.10638659,0.0,0.5,0.64111763,3.1683047,0.12008858123922878,0.23470347,0.0,0.05035415326220251,0.0,0.005403987444176,0.002895231757445417,1.8254483420893767E-4,0.002712686923236479,0.0028827613246962926,25.942092299665383,0.47163673686184215,-25.47045556280354,28.96684902883907,0.0,20.039485789028177,-8.927363239810894,0.014521751878706008,9.950796724315612E-4,0.15,0.013857944028797779,153.1999969482422,69.94593599359385,10.680156852170464,9.282000504434109,0.01879440710929722,0.016334001333845993,0.0,0.0,0.0,0.0,3.1683047010780613E-4,1.0,45,0,0,0,666.58575,0.0,0.0,0.0,98.32324,0.0,0.0,0.0,0.10638659,0.0,0.0,0.0,"9273d490-b46d-48de-afa3-955b5c30eb93",0.0,0.0,0.0,0.0,0.0,0.0,0.0,0.0,0.0,0.0,0.0,0.0,1,0,0,0,3.1683047010780613E-4,0.0,0.0,0.0,0.0,0.0,0.0,0.0,0.0,0.0
2012-07-18T12:30:00,2012,200,12,0,1692.0,45,666.0352,0.0,98.61094,0.0,0.1070206,0.0,0.5,0.64131176,3.1692917,0.12125744287693412,0.23627856,0.0,0.052189545990597046,0.0,0.005456586230413265,0.0029200408155353086,1.820850484054916E-4,0.002737955767129817,0.003761552089991744,26.203426569887736,0.0,-26.203426569887736,29.62526002196141,0.0,20.10780420249981,-9.517455819461599,0.014495345394375784,9.837676195467609E-4,0.15,0.013857292417271601,153.1999969482422,69.865416732127,10.644692321932935,9.282000504434109,0.01875967056622547,0.016358131018962444,0.0,0.0,0.0,0.0,3.1692917961507897E-4,1.0,45,0,0,0,666.0352,0.0,0.0,0.0,98.61094,0.0,0.0,0.0,0.1070206,0.0,0.0,0.0,"9273d490-b46d-48de-afa3-955b5c30eb93",0.0,0.0,0.0,0.0,0.0,0.0,0.0,0.0,0.0,0.0,0.0,0.0,1,0,0,0,3.1692917961507897E-4,0.0,0.0,0.0,0.0,0.0,0.0,0.0,0.0,0.0
2012-07-18T13:30:00,2012,200,13,0,1693.0,45,665.28754,0.0,98.89909,0.0,0.107694805,0.0,0.5,0.6406362,3.167484,0.12144876683813687,0.23620605,0.0,0.053755216021806634,0.0,0.0054651958107200735,0.0030035091416196914,1.8585760529940825E-4,0.002817651536320283,0.004042605727592706,26.42254815057098,0.0,-26.42254815057098,29.706739795982372,0.0,20.521552275082037,-9.185187520900335,0.01446896093178303,9.725838833846958E-4,0.15,0.013856640846697204,153.1999969482422,69.78505056779314,10.607353752801965,9.282000504434109,0.0187280544985001,0.016388046948677345,0.0,0.0,0.0,0.0,3.167484096184289E-4,1.0,45,0,0,0,665.28754,0.0,0.0,0.0,98.89909,0.0,0.0,0.0,0.107694805,0.0,0.0,0.0,"9273d490-b46d-48de-afa3-955b5c30eb93",0.0,0.0,0.0,0.0,0.0,0.0,0.0,0.0,0.0,0.0,0.0,0.0,1,0,0,0,3.167484096184289E-4,0.0,0.0,0.0,0.0,0.0,0.0,0.0,0.0,0.0
2012-07-18T14:30:00,2012,200,14,0,1694.0,45,664.78754,0.0,99.18814,0.0,0.1083257,0.0,0.5,0.63975936,3.1650283,0.12182701641513617,0.23580766,0.0,0.054341483132169854,0.0,0.00548221704574322,0.0030474212056433117,1.8713760621792165E-4,0.00286028359942539,0.003839769337868879,26.493261442484986,0.0,-26.493261442484986,29.580131933638505,0.0,20.656148057144456,-8.923983876494049,0.014442598700163149,9.615270146996603E-4,0.15,0.013855989317095363,153.1999969482422,69.70483733965641,10.57138739541476,9.282000504434109,0.018690591901848297,0.01641090965376748,0.0,0.0,0.0,0.0,3.1650284454603816E-4,1.0,45,0,0,0,664.78754,0.0,0.0,0.0,99.18814,0.0,0.0,0.0,0.1083257,0.0,0.0,0.0,"9273d490-b46d-48de-afa3-955b5c30eb93",0.0,0.0,0.0,0.0,0.0,0.0,0.0,0.0,0.0,0.0,0.0,0.0,1,0,0,0,3.1650284454603816E-4,0.0,0.0,0.0,0.0,0.0,0.0,0.0,0.0,0.0
2012-07-18T15:30:00,2012,200,15,0,1695.0,45,664.1214,0.0,99.47976,0.0,0.10899516,0.0,0.5,0.6391348,3.1633859,0.12290773265330512,0.23668812,0.0,0.05347313431337846,0.0,0.00553084928805565,0.0029490939465115556,1.7918236782227688E-4,0.0027699115786892787,0.003910147499928315,26.649195625138823,0.0,-26.649195625138823,29.939685948487757,0.0,20.31518245773262,-9.624503490755135,0.014416258907999932,9.505955804717628E-4,0.15,0.013855337828486847,153.1999969482422,69.62478416410414,10.534833472079525,9.282000504434109,0.01865755627803092,0.016438745542885737,0.0,0.0,0.0,0.0,3.1633857622978296E-4,1.0,45,0,0,0,664.1214,0.0,0.0,0.0,99.47976,0.0,0.0,0.0,0.10899516,0.0,0.0,0.0,"9273d490-b46d-48de-afa3-955b5c30eb93",0.0,0.0,0.0,0.0,0.0,0.0,0.0,0.0,0.0,0.0,0.0,0.0,1,0,0,0,3.1633857622978296E-4,0.0,0.0,0.0,0.0,0.0,0.0,0.0,0.0,0.0
2012-07-18T16:30:00,2012,200,16,0,1696.0,45,663.59875,0.0,99.76924,0.0,0.10963504,0.0,0.5,0.6383398,3.1611967,0.122009800557917,0.23641524,0.0,0.05579720047024379,0.0,0.005490442334129418,0.003082455066047296,1.8592341497340644E-4,0.0028965316510738896,0.00389791671965491,26.760035341194314,0.0,-26.760035341194314,29.881074744988524,0.0,21.00173975931626,-8.879334985672266,0.014389941763019509,9.397881637284819E-4,0.15,0.01385468638089242,153.1999969482422,69.54488720499148,10.498798721854529,9.282000504434109,0.018620520804326444,0.016462424709486553,0.0,0.0,0.0,0.0,3.1611968004146375E-4,1.0,45,0,0,0,663.59875,0.0,0.0,0.0,99.76924,0.0,0.0,0.0,0.10963504,0.0,0.0,0.0,"9273d490-b46d-48de-afa3-955b5c30eb93",0.0,0.0,0.0,0.0,0.0,0.0,0.0,0.0,0.0,0.0,0.0,0.0,1,0,0,0,3.1611968004146375E-4,0.0,0.0,0.0,0.0,0.0,0.0,0.0,0.0,0.0
2012-07-18T17:30:00,2012,200,17,0,1697.0,45,663.4301,0.0,100.06399,0.0,0.11021727,0.0,0.5,0.63769203,3.1594787,0.12422757170093418,0.23783576,0.0,0.058643172882367756,0.0,0.005590242059359293,0.0031577681031703182,1.8840203679000022E-4,0.002969366066380318,0.0036244978324549825,26.77801820687329,0.0,-26.77801820687329,30.349598939804523,0.0,21.908993655480657,-8.440605284323865,0.014363647472184321,9.291033633681157E-4,0.15,0.01385403497433284,153.1999969482422,69.46514627891744,10.464964065799776,9.282000504434109,0.0185757783869439,0.016475965256426556,0.0,0.0,0.0,0.0,3.1594787522223823E-4,1.0,45,0,0,0,663.4301,0.0,0.0,0.0,100.06399,0.0,0.0,0.0,0.11021727,0.0,0.0,0.0,"9273d490-b46d-48de-afa3-955b5c30eb93",0.0,0.0,0.0,0.0,0.0,0.0,0.0,0.0,0.0,0.0,0.0,0.0,1,0,0,0,3.1594787522223823E-4,0.0,0.0,0.0,0.0,0.0,0.0,0.0,0.0,0.0
2012-07-18T18:30:00,2012,200,18,0,1698.0,45,663.5172,0.0,100.35323,0.0,0.11073989,0.0,0.5,0.63740337,3.1589243,0.12191119156871787,0.2341159,0.0,0.05559683552137793,0.0,0.005486004928557497,0.0031671465848951137,1.8847767951611774E-4,0.002978668905378996,0.003372556080942501,26.773870276948653,0.0,-26.773870276948653,29.091827031696987,0.0,20.87696060412301,-8.214866427573977,0.014337376241687181,9.185397939850982E-4,0.15,0.013853383608828857,153.1999969482422,69.38556481970969,10.43343190726854,9.282000504434109,0.018526454101716713,0.016481878431363575,0.0,0.0,0.0,0.0,3.158924386847663E-4,1.0,45,0,0,0,663.5172,0.0,0.0,0.0,100.35323,0.0,0.0,0.0,0.11073989,0.0,0.0,0.0,"9273d490-b46d-48de-afa3-955b5c30eb93",0.0,0.0,0.0,0.0,0.0,0.0,0.0,0.0,0.0,0.0,0.0,0.0,1,0,0,0,3.158924386847663E-4,0.0,0.0,0.0,0.0,0.0,0.0,0.0,0.0,0.0
2012-07-18T19:30:00,2012,200,19,0,1699.0,45,664.14874,0.0,100.64512,0.0,0.11116031,0.0,0.5,0.6373779,3.159211,0.12302180665561503,0.23535198,0.0,0.05580757352350652,0.0,0.005535982619383477,0.0031082268061219487,1.828806410189464E-4,0.002925346165103002,0.0027719380111563482,26.70016170443374,0.5096270176282756,-26.190534686805464,29.432762493703116,0.0,21.45555391996612,-7.977208573736995,0.01431112827694535,9.080960856971709E-4,0.15,0.013852732284401221,153.1999969482422,69.30613179051775,10.40524616189744,9.282000504434109,0.0184652698946529,0.016471945190907975,0.0,0.0,0.0,0.0,3.159210834123534E-4,1.0,45,0,0,0,664.14874,0.0,0.0,0.0,100.64512,0.0,0.0,0.0,0.11116031,0.0,0.0,0.0,"9273d490-b46d-48de-afa3-955b5c30eb93",0.0,0.0,0.0,0.0,0.0,0.0,0.0,0.0,0.0,0.0,0.0,0.0,1,0,0,0,3.159210834123534E-4,0.0,0.0,0.0,0.0,0.0,0.0,0.0,0.0,0.0
2012-07-18T20:30:00,2012,200,20,0,1700.0,45,665.33966,0.0,100.92517,0.0,0.11144756,0.0,0.5,0.6379069,3.1612866,0.1180330419078003,0.22934183,0.0,0.05075850784108065,0.0,0.005311488152208174,0.003094313086487815,1.820570117640952E-4,0.00291225607472372,0.002186601220422855,26.626905272317725,0.57475000148798,-26.052155270829743,27.60449886605976,0.0,19.880128107508806,-7.724370758550954,0.014284903782594699,8.977708839743884E-4,0.15,0.013852081001070667,153.1999969482422,69.22685785963618,10.379854237852788,9.282000504434109,0.018390481039356844,0.016445361406096953,0.0,0.0,0.0,0.0,3.161286566070326E-4,1.0,45,0,0,0,665.33966,0.0,0.0,0.0,100.92517,0.0,0.0,0.0,0.11144756,0.0,0.0,0.0,"9273d490-b46d-48de-afa3-955b5c30eb93",0.0,0.0,0.0,0.0,0.0,0.0,0.0,0.0,0.0,0.0,0.0,0.0,1,0,0,0,3.161286566070326E-4,0.0,0.0,0.0,0.0,0.0,0.0,0.0,0.0,0.0
2012-07-18T21:30:00,2012,200,21,0,1701.0,45,667.0015,0.0,101.20967,0.0,0.11164917,0.0,0.5,0.63901144,3.1651998,0.11990943126785099,0.23187262,0.0,0.05711072209989567,0.0,0.005395925693541929,0.0033372645452574607,1.939304530089865E-4,0.0031433340922484743,0.001963162536336633,26.546327884282398,0.6289498966138282,-25.91737798766857,28.30879668487153,0.0,22.11463439456564,-6.19416229030589,0.01425870296248391,8.875628494699398E-4,0.15,0.013851429758857933,153.1999969482422,69.14773922468783,10.356746085437527,9.282000504434109,0.018304869892962025,0.01640532752067528,0.0,0.0,0.0,0.0,3.16519968718014E-4,1.0,45,0,0,0,667.0015,0.0,0.0,0.0,101.20967,0.0,0.0,0.0,0.11164917,0.0,0.0,0.0,"9273d490-b46d-48de-afa3-955b5c30eb93",0.0,0.0,0.0,0.0,0.0,0.0,0.0,0.0,0.0,0.0,0.0,0.0,1,0,0,0,3.16519968718014E-4,0.0,0.0,0.0,0.0,0.0,0.0,0.0,0.0,0.0
2012-07-18T22:30:00,2012,200,22,0,1702.0,45,668.95013,0.0,101.49358,0.0,0.11179219,0.0,0.5,0.64059466,3.1706567,0.11966312850275429,0.22921288,0.0,0.05471477807529828,0.0,0.005384842066470036,0.0033195553652850844,1.9178692909539187E-4,0.0031277684361896924,0.0016580706486841556,26.490708275054363,0.6611960001062696,-25.829512274948094,27.566728479816092,0.0,21.4328121104209,-6.133916369395191,0.014232526019668734,8.774706578527699E-4,0.15,0.013850778557783749,153.1999969482422,69.06877211121909,10.335005891185943,9.282000504434109,0.01821285827581629,0.01635720012965711,0.0,0.0,0.0,0.0,3.1706566832570186E-4,1.0,45,0,0,0,668.95013,0.0,0.0,0.0,101.49358,0.0,0.0,0.0,0.11179219,0.0,0.0,0.0,"9273d490-b46d-48de-afa3-955b5c30eb93",0.0,0.0,0.0,0.0,0.0,0.0,0.0,0.0,0.0,0.0,0.0,0.0,1,0,0,0,3.1706566832570186E-4,0.0,0.0,0.0,0.0,0.0,0.0,0.0,0.0,0.0
2012-07-18T23:30:00,2012,200,23,0,1703.0,45,671.3414,0.0,101.776924,0.0,0.11184633,0.0,0.5,0.64247084,3.1770504,0.1194203247715457,0.22896047,0.0,0.05458563716087175,0.0,0.005373915895960648,0.003313030828438531,1.8967844934053584E-4,0.0031233523790979954,0.0012083460544471019,26.43680573868764,0.7113857051040163,-25.72542003358362,27.519970658235383,0.0,21.458006159979526,-6.061964498255858,0.014206373156406308,8.674929996419818E-4,0.15,0.013850127397868835,153.1999969482422,68.98996710171016,10.31431675671873,9.282000504434109,0.018109129574210785,0.016296663541304785,0.0,0.0,0.0,0.0,3.177050465994414E-4,1.0,45,0,0,0,671.3414,0.0,0.0,0.0,101.776924,0.0,0.0,0.0,0.11184633,0.0,0.0,0.0,"9273d490-b46d-48de-afa3-955b5c30eb93",0.0,0.0,0.0,0.0,0.0,0.0,0.0,0.0,0.0,0.0,0.0,0.0,1,0,0,0,3.177050465994414E-4,0.0,0.0,0.0,0.0,0.0,0.0,0.0,0.0,0.0
2012-07-19T00:30:00,2012,201,0,0,1704.0,45,674.2571,0.0,102.06034,0.0,0.11179765,0.0,0.5,0.6447988,3.1848893,0.11945449057914535,0.22895762,0.0,0.053845322904571134,0.0,0.0053754533576691925,0.0032564645376939633,1.8454312758580115E-4,0.0030719214101081623,6.274220300119275E-4,26.074493318862586,0.7703196767152295,-25.304173642147358,27.380213599925035,0.0,21.379547776320443,-6.000665823604592,0.014180244574149512,8.576285800430028E-4,0.15,0.013849476279133913,153.1999969482422,68.91131324240013,10.30017324719895,9.282000504434109,0.018001104516259896,0.016221694256039164,0.0,0.0,0.0,0.0,3.184889270908483E-4,1.0,45,0,0,0,674.2571,0.0,0.0,0.0,102.06034,0.0,0.0,0.0,0.11179765,0.0,0.0,0.0,"9273d490-b46d-48de-afa3-955b5c30eb93",0.0,0.0,0.0,0.0,0.0,0.0,0.0,0.0,0.0,0.0,0.0,0.0,1,0,0,0,3.184889270908483E-4,0.0,0.0,0.0,0.0,0.0,0.0,0.0,0.0,0.0
2012-07-19T01:30:00,2012,201,1,0,1705.0,45,677.24536,0.0,102.342606,0.0,0.1117332,0.0,0.5,0.6476619,3.1944366,0.11896588342934165,0.2287243,0.0,0.053793554555000005,0.0,0.00535346603068584,0.0032530654498693777,1.826357069641534E-4,0.0030704297429052243,5.502784297112347E-4,25.98272662232642,0.7772886944926665,-25.205437927833756,27.34604440058974,0.0,21.406580769976046,-5.9394636306136945,0.014154140473541412,8.478761187854969E-4,0.15,0.01384882520159969,153.1999969482422,68.8328139364681,10.286915033703004,9.282000504434109,0.017893313789164506,0.016145340665581105,0.0,0.0,0.0,0.0,3.194436449364572E-4,1.0,45,0,0,0,677.24536,0.0,0.0,0.0,102.342606,0.0,0.0,0.0,0.1117332,0.0,0.0,0.0,"9273d490-b46d-48de-afa3-955b5c30eb93",0.0,0.0,0.0,0.0,0.0,0.0,0.0,0.0,0.0,0.0,0.0,0.0,1,0,0,0,3.194436449364572E-4,0.0,0.0,0.0,0.0,0.0,0.0,0.0,0.0,0.0
2012-07-19T02:30:00,2012,201,2,0,1706.0,45,680.2532,0.0,102.6245,0.0,0.111664884,0.0,0.5,0.6505996,3.204209,0.11881045497288852,0.22844118,0.0,0.053775180316491554,0.0,0.0053464717484778814,0.0032537956320349893,1.8099381113837655E-4,0.003072801820896613,5.310541886095496E-4,25.909989783188326,0.7780654063125553,-25.13192437687577,27.313208858538225,0.0,21.43477063117068,-5.878438227367546,0.014128061054409722,8.38234349963007E-4,0.15,0.013848174165286877,153.1999969482422,68.75446899744742,10.274114168710891,9.282000504434109,0.017786710479723182,0.016069147464586615,0.0,0.0,0.0,0.0,3.204209004365801E-4,1.0,45,0,0,0,680.2532,0.0,0.0,0.0,102.6245,0.0,0.0,0.0,0.111664884,0.0,0.0,0.0,"9273d490-b46d-48de-afa3-955b5c30eb93",0.0,0.0,0.0,0.0,0.0,0.0,0.0,0.0,0.0,0.0,0.0,0.0,1,0,0,0,3.204209004365801E-4,0.0,0.0,0.0,0.0,0.0,0.0,0.0,0.0,0.0
2012-07-19T03:30:00,2012,201,3,0,1707.0,45,683.3702,0.0,102.906136,0.0,0.11157576,0.0,0.5,0.65355736,3.2140331,0.1187016361730327,0.22817895,0.0,0.05371312393229172,0.0,0.00534157490131687,0.003250539142294922,1.7912844954595612E-4,0.003071410692748966,4.1837985356058E-4,25.811896102012238,0.7889108427683595,-25.022985259243878,27.27344337496362,0.0,21.46578426615568,-5.80765910880794,0.01410200651576135,8.287020218743082E-4,0.15,0.013847523170216171,153.1999969482422,68.67627468436837,10.262250135790035,9.282000504434109,0.017679389736167048,0.015990655292729968,0.0,0.0,0.0,0.0,3.2140331389069387E-4,1.0,45,0,0,0,683.3702,0.0,0.0,0.0,102.906136,0.0,0.0,0.0,0.11157576,0.0,0.0,0.0,"9273d490-b46d-48de-afa3-955b5c30eb93",0.0,0.0,0.0,0.0,0.0,0.0,0.0,0.0,0.0,0.0,0.0,0.0,1,0,0,0,3.2140331389069387E-4,0.0,0.0,0.0,0.0,0.0,0.0,0.0,0.0,0.0
2012-07-19T04:30:00,2012,201,4,0,1708.0,45,686.4542,0.0,103.18745,0.0,0.11149321,0.0,0.5,0.6566266,3.2242007,0.1185649582769045,0.22791387,0.0,0.053664660527487786,0.0,0.005335424394524707,0.003247966488914199,1.7731427761106063E-4,0.0030706522113031387,4.4840732016481605E-4,25.709677102968264,0.7836626693608569,-24.926014433607406,27.234671169734344,0.0,21.487497134075156,-5.747174035659189,0.014075977055776992,8.192778968664581E-4,0.15,0.013846872216408266,153.1999969482422,68.5982379254763,10.251315535124451,9.282000504434109,0.017575688151746954,0.015913815717731813,0.0,0.0,0.0,0.0,3.224200685327032E-4,1.0,45,0,0,0,686.4542,0.0,0.0,0.0,103.18745,0.0,0.0,0.0,0.11149321,0.0,0.0,0.0,"9273d490-b46d-48de-afa3-955b5c30eb93",0.0,0.0,0.0,0.0,0.0,0.0,0.0,0.0,0.0,0.0,0.0,0.0,1,0,0,0,3.224200685327032E-4,0.0,0.0,0.0,0.0,0.0,0.0,0.0,0.0,0.0
2012-07-19T05:30:00,2012,201,5,0,1709.0,45,689.5765,0.0,103.468376,0.0,0.111403525,0.0,0.5,0.65966237,3.2342477,0.11840586553442378,0.22761074,0.0,0.05364084020847328,0.0,0.005328265219406194,0.003248515132167523,1.757074691421059E-4,0.003072807663025417,4.104494641788581E-4,25.637383428620147,0.7864223857175364,-24.85096104290261,27.203020482556376,0.0,21.516003965041016,-5.68701651751536,0.014049972871805774,8.099607511795234E-4,0.15,0.013846221303883853,153.1999969482422,68.52035851233194,10.240779232979897,9.282000504434109,0.01747251017371873,0.01583667068262692,0.0,0.0,0.0,0.0,3.234247760016706E-4,1.0,45,0,0,0,689.5765,0.0,0.0,0.0,103.468376,0.0,0.0,0.0,0.111403525,0.0,0.0,0.0,"9273d490-b46d-48de-afa3-955b5c30eb93",0.0,0.0,0.0,0.0,0.0,0.0,0.0,0.0,0.0,0.0,0.0,0.0,1,0,0,0,3.234247760016706E-4,0.0,0.0,0.0,0.0,0.0,0.0,0.0,0.0,0.0
2012-07-19T06:30:00,2012,201,6,0,1710.0,45,692.6695,0.0,103.74897,0.0,0.11131962,0.0,0.5,0.6627372,3.244406,0.11826374980277807,0.22729905,0.0,0.05363537655807124,0.0,0.0053218700099574015,0.003250316590959907,1.7418198755411382E-4,0.003076134603405793,4.410656699417716E-4,25.564785758024964,0.7816514927198324,-24.783134265305133,27.17127843018441,0.0,21.544081008132757,-5.627197422051655,0.014023994160359956,8.007493747929699E-4,0.15,0.013845570432663615,153.1999969482422,68.4426256366421,10.23062259836193,9.282000504434109,0.017371822410353382,0.01576104120991205,0.0,0.0,0.0,0.0,3.244405876613848E-4,1.0,45,0,0,0,692.6695,0.0,0.0,0.0,103.74897,0.0,0.0,0.0,0.11131962,0.0,0.0,0.0,"9273d490-b46d-48de-afa3-955b5c30eb93",0.0,0.0,0.0,0.0,0.0,0.0,0.0,0.0,0.0,0.0,0.0,0.0,1,0,0,0,3.244405876613848E-4,0.0,0.0,0.0,0.0,0.0,0.0,0.0,0.0,0.0
2012-07-19T07:30:00,2012,201,7,0,1711.0,45,695.76984,0.0,104.02846,0.0,0.11123316,0.0,0.5,0.66578245,3.254456,0.11779678953583828,0.22654848,0.0,0.05342514743779629,0.0,0.00530085679293517,0.0032613560501973332,1.7330129546118986E-4,0.0030880547547361436,4.4365954123061377E-4,25.596817668962235,0.7810176243175317,-24.815800044644703,27.082818671674346,0.0,21.48581501916818,-5.597003652506167,0.013998041117109707,7.916425712736971E-4,0.15,0.013844919602768227,153.1999969482422,68.36504973089222,10.218861473417117,9.282000504434109,0.017269134144579347,0.015685907109916544,0.0,0.0,0.0,0.0,3.2544561543049465E-4,1.0,45,0,0,0,695.76984,0.0,0.0,0.0,104.02846,0.0,0.0,0.0,0.11123316,0.0,0.0,0.0,"9273d490-b46d-48de-afa3-955b5c30eb93",0.0,0.0,0.0,0.0,0.0,0.0,0.0,0.0,0.0,0.0,0.0,0.0,1,0,0,0,3.2544561543049465E-4,0.0,0.0,0.0,0.0,0.0,0.0,0.0,0.0,0.0
2012-07-19T08:30:00,2012,201,8,0,1712.0,45,698.39716,0.0,104.31141,0.0,0.11124216,0.0,0.5,0.6688356,3.2645173,0.11925691975584457,0.22821578,0.0,0.054324088679082706,0.0,0.005366562668500952,0.003218065362902863,1.690374138508519E-4,0.003049027949052011,8.769476504769666E-4,25.79266521169019,0.7271871787945088,-25.06547803289568,27.751856097045483,0.0,21.5895301672289,-6.162325929816582,0.013972113936877913,7.826391576257011E-4,0.15,0.013844268814218363,153.1999969482422,68.2876270665309,10.20231100431892,9.282000504434109,0.017173129231947044,0.015624008533573007,0.0,0.0,0.0,0.0,3.2645173417386543E-4,1.0,45,0,0,0,698.39716,0.0,0.0,0.0,104.31141,0.0,0.0,0.0,0.11124216,0.0,0.0,0.0,"9273d490-b46d-48de-afa3-955b5c30eb93",0.0,0.0,0.0,0.0,0.0,0.0,0.0,0.0,0.0,0.0,0.0,0.0,1,0,0,0,3.2645173417386543E-4,0.0,0.0,0.0,0.0,0.0,0.0,0.0,0.0,0.0
2012-07-19T09:30:00,2012,201,9,0,1713.0,45,700.3734,0.0,104.59678,0.0,0.11137693,0.0,0.5,0.6714046,3.2730334,0.12027569940640509,0.22977847,0.0,0.05482040203298389,0.0,0.005412407763706494,0.0031552410068258104,1.6383292671401058E-4,0.0029914080801117997,0.0014675818076020108,26.050707146565014,0.654549399482151,-25.396157747082864,28.454727420893455,0.0,21.542265154146936,-6.91246226674652,0.013946212813635063,7.737379641413518E-4,0.15,0.013843618067034689,153.1999969482422,68.21035745488224,10.180204805169664,9.282000504434109,0.017087284381696585,0.015579665172332795,0.0,0.0,0.0,0.0,3.2730332746609605E-4,1.0,45,0,0,0,700.3734,0.0,0.0,0.0,104.59678,0.0,0.0,0.0,0.11137693,0.0,0.0,0.0,"9273d490-b46d-48de-afa3-955b5c30eb93",0.0,0.0,0.0,0.0,0.0,0.0,0.0,0.0,0.0,0.0,0.0,0.0,1,0,0,0,3.2730332746609605E-4,0.0,0.0,0.0,0.0,0.0,0.0,0.0,0.0,0.0
2012-07-19T10:30:00,2012,201,10,0,1714.0,45,702.0844,0.0,104.88149,0.0,0.1115593,0.0,0.5,0.6733084,3.279433,0.11999972054747376,0.22987807,0.0,0.05537594945240891,0.0,0.005399988712093654,0.0031682137595614055,1.6298536322043605E-4,0.0030052283963409696,0.0017451565504676705,26.196013027111828,0.6250582649099455,-25.570954762201882,28.650727733443063,0.0,21.64309257035567,-7.007635163087393,0.01392033794049417,7.649378342542631E-4,0.15,0.013842967361237864,153.1999969482422,68.13324421230799,10.155322008082427,9.282000504434109,0.017004809331557257,0.015542456326613724,0.0,0.0,0.0,0.0,3.279433004637897E-4,1.0,45,0,0,0,702.0844,0.0,0.0,0.0,104.88149,0.0,0.0,0.0,0.1115593,0.0,0.0,0.0,"9273d490-b46d-48de-afa3-955b5c30eb93",0.0,0.0,0.0,0.0,0.0,0.0,0.0,0.0,0.0,0.0,0.0,0.0,1,0,0,0,3.279433004637897E-4,0.0,0.0,0.0,0.0,0.0,0.0,0.0,0.0,0.0
2012-07-19T11:30:00,2012,201,11,0,1715.0,45,703.6485,0.0,105.16739,0.0,0.11177033,0.0,0.5,0.6749417,3.2849696,0.12049813370437266,0.23025309,0.0,0.055520862410879654,0.0,0.005422417309501498,0.0031433250625957808,1.6008050734305567E-4,0.0029832445552527252,0.001868433012579983,26.22643460603674,0.6084988076254766,-25.617935798411263,28.859082973738005,0.0,21.652290735767657,-7.2067922379703475,0.013894489509705786,7.562376243937485E-4,0.15,0.013842316696848541,153.1999969482422,68.05627663350595,10.130112774355673,9.282000504434109,0.0169263710067348,0.015509263097295016,0.0,0.0,0.0,0.0,3.284969557748091E-4,1.0,45,0,0,0,703.6485,0.0,0.0,0.0,105.16739,0.0,0.0,0.0,0.11177033,0.0,0.0,0.0,"9273d490-b46d-48de-afa3-955b5c30eb93",0.0,0.0,0.0,0.0,0.0,0.0,0.0,0.0,0.0,0.0,0.0,0.0,1,0,0,0,3.284969557748091E-4,0.0,0.0,0.0,0.0,0.0,0.0,0.0,0.0,0.0
2012-07-19T12:30:00,2012,201,12,0,1716.0,45,704.7364,0.0,105.454895,0.0,0.11207225,0.0,0.5,0.6764246,3.2900271,0.12117492866574964,0.23119716,0.0,0.05647706299005582,0.0,0.005452873090024683,0.0031350679452201266,1.57951553260916E-4,0.0029771163919592105,0.0023379307348443436,26.380530622753845,0.5562247598017193,-25.824305862952126,29.330558186916868,0.0,21.853293523721725,-7.477264663195143,0.01386866771265303,7.476362038408359E-4,0.15,0.013841666073887373,153.1999969482422,67.97946504492222,10.102348327545704,9.282000504434109,0.016857434345714104,0.015488548704437386,0.0,0.0,0.0,0.0,3.290027161621753E-4,1.0,45,0,0,0,704.7364,0.0,0.0,0.0,105.454895,0.0,0.0,0.0,0.11207225,0.0,0.0,0.0,"9273d490-b46d-48de-afa3-955b5c30eb93",0.0,0.0,0.0,0.0,0.0,0.0,0.0,0.0,0.0,0.0,0.0,0.0,1,0,0,0,3.290027161621753E-4,0.0,0.0,0.0,0.0,0.0,0.0,0.0,0.0,0.0
2012-07-19T13:30:00,2012,201,13,0,1717.0,45,705.56024,0.0,105.742195,0.0,0.11242248,0.0,0.5,0.67742103,3.293543,0.1210904929057416,0.23102814,0.0,0.05724163210665404,0.0,0.005449073479918423,0.0031712982022286847,1.583991546944958E-4,0.0030128990475341887,0.002638004667420089,26.526220830728303,0.5273992759384826,-25.99882155478982,29.42859783608531,0.0,22.02062271976253,-7.407975116322778,0.013842872739846718,7.391324545858354E-4,0.15,0.013841015492374998,153.1999969482422,67.9028057513451,10.07264304498776,9.282000504434109,0.016792830825858664,0.015474693533794949,0.0,0.0,0.0,0.0,3.2935432141708085E-4,1.0,45,0,0,0,705.56024,0.0,0.0,0.0,105.742195,0.0,0.0,0.0,0.11242248,0.0,0.0,0.0,"9273d490-b46d-48de-afa3-955b5c30eb93",0.0,0.0,0.0,0.0,0.0,0.0,0.0,0.0,0.0,0.0,0.0,0.0,1,0,0,0,3.2935432141708085E-4,0.0,0.0,0.0,0.0,0.0,0.0,0.0,0.0,0.0
2012-07-19T14:30:00,2012,201,14,0,1718.0,45,706.48376,0.0,106.03342,0.0,0.11276024,0.0,0.5,0.67814815,3.2962048,0.12274024376513022,0.2325706,0.0,0.05934253428389142,0.0,0.005523312286290818,0.003191099688180259,1.5749514935047912E-4,0.00303360453882978,0.0025621187226982545,26.51640394548665,0.5379764469244491,-25.9784274985622,30.002350976967897,0.0,22.706243333784915,-7.296107643182982,0.01381710478092051,7.307252711874378E-4,0.15,0.013840364952332056,153.1999969482422,67.82629508498968,10.044201087619264,9.282000504434109,0.016727779686567846,0.015458398147780189,0.0,0.0,0.0,0.0,3.2962048532240984E-4,1.0,45,0,0,0,706.48376,0.0,0.0,0.0,106.03342,0.0,0.0,0.0,0.11276024,0.0,0.0,0.0,"9273d490-b46d-48de-afa3-955b5c30eb93",0.0,0.0,0.0,0.0,0.0,0.0,0.0,0.0,0.0,0.0,0.0,0.0,1,0,0,0,3.2962048532240984E-4,0.0,0.0,0.0,0.0,0.0,0.0,0.0,0.0,0.0
2012-07-19T15:30:00,2012,201,15,0,1719.0,45,707.30695,0.0,106.32735,0.0,0.11312092,0.0,0.5,0.67897534,3.2991874,0.12388451904029091,0.23360647,0.0,0.06091904553282025,0.0,0.005574804685949792,0.0032050597529627686,1.5645408003354489E-4,0.003048605672929224,0.0026791339655740094,26.628656128879257,0.5268643970821753,-26.101791731797082,30.508777125093772,0.0,23.1623696512357,-7.346407473858072,0.013791364024626164,7.224135606333326E-4,0.15,0.013839714453779177,153.1999969482422,67.74993981755946,10.014642842290957,9.282000504434109,0.016663864427107974,0.0154447842478279,0.0,0.0,0.0,0.0,3.2991873581615763E-4,1.0,45,0,0,0,707.30695,0.0,0.0,0.0,106.32735,0.0,0.0,0.0,0.11312092,0.0,0.0,0.0,"9273d490-b46d-48de-afa3-955b5c30eb93",0.0,0.0,0.0,0.0,0.0,0.0,0.0,0.0,0.0,0.0,0.0,0.0,1,0,0,0,3.2991873581615763E-4,0.0,0.0,0.0,0.0,0.0,0.0,0.0,0.0,0.0
2012-07-19T16:30:00,2012,201,16,0,1720.0,45,708.3053,0.0,106.62129,0.0,0.113447964,0.0,0.5,0.6796991,3.301845,0.12389127237837942,0.23333032,0.0,0.06122600930433225,0.0,0.00557510858623623,0.0032201662343888642,1.5581744906887867E-4,0.0030643487853199854,0.0025191421526874185,26.633629459023698,0.5457822259777617,-26.087847233045938,30.47268802660942,0.0,23.263615050532387,-7.209072976077032,0.013765650658828787,7.141962422023264E-4,0.15,0.013839063996736987,153.1999969482422,67.67373973759585,9.98610244444662,9.282000504434109,0.016596922460449717,0.01542670361204019,0.0,0.0,0.0,0.0,3.3018449697882265E-4,1.0,45,0,0,0,708.3053,0.0,0.0,0.0,106.62129,0.0,0.0,0.0,0.113447964,0.0,0.0,0.0,"9273d490-b46d-48de-afa3-955b5c30eb93",0.0,0.0,0.0,0.0,0.0,0.0,0.0,0.0,0.0,0.0,0.0,0.0,1,0,0,0,3.3018449697882265E-4,0.0,0.0,0.0,0.0,0.0,0.0,0.0,0.0,0.0
2012-07-19T17:30:00,2012,201,17,0,1721.0,45,709.6447,0.0,106.913864,0.0,0.113707446,0.0,0.5,0.6806016,3.3050668,0.12331041318969188,0.2323458,0.0,0.06183042217416475,0.0,0.005548969916513347,0.0032888580332849624,1.5797357275870006E-4,0.0031308844605262625,0.002245304930999545,26.577935667088674,0.5827392726683895,-25.995196394420283,30.149321632303575,0.0,23.49548524698114,-6.653836385322435,0.013739964870502216,7.06072247327951E-4,0.15,0.013838413581226106,153.1999969482422,67.59768771955896,9.959552226858092,9.282000504434109,0.016524045416052825,0.015399908991237807,0.0,0.0,0.0,0.0,3.305066729110477E-4,1.0,45,0,0,0,709.6447,0.0,0.0,0.0,106.913864,0.0,0.0,0.0,0.113707446,0.0,0.0,0.0,"9273d490-b46d-48de-afa3-955b5c30eb93",0.0,0.0,0.0,0.0,0.0,0.0,0.0,0.0,0.0,0.0,0.0,0.0,1,0,0,0,3.305066729110477E-4,0.0,0.0,0.0,0.0,0.0,0.0,0.0,0.0,0.0
2012-07-19T18:30:00,2012,201,18,0,1722.0,45,711.0352,0.0,107.20192,0.0,0.11394851,0.0,0.5,0.6818527,3.3093874,0.12140804645997567,0.22926043,0.0,0.05935904525779742,0.0,0.005463363393265937,0.003303462216722489,1.5798673778372676E-4,0.0031454754789387624,0.0022043260338128934,26.538058925620593,0.5881266923897733,-25.949932233230818,29.15256085717545,0.0,22.742618655230924,-6.409942201944528,0.013714306845724392,6.980405194635415E-4,0.15,0.013837763207267147,153.1999969482422,67.52178704286733,9.93437265128345,9.282000504434109,0.016452178034173315,0.015371793486376571,0.0,0.0,0.0,0.0,3.309387353618642E-4,1.0,45,0,0,0,711.0352,0.0,0.0,0.0,107.20192,0.0,0.0,0.0,0.11394851,0.0,0.0,0.0,"9273d490-b46d-48de-afa3-955b5c30eb93",0.0,0.0,0.0,0.0,0.0,0.0,0.0,0.0,0.0,0.0,0.0,0.0,1,0,0,0,3.309387353618642E-4,0.0,0.0,0.0,0.0,0.0,0.0,0.0,0.0,0.0
2012-07-19T19:30:00,2012,201,19,0,1723.0,45,712.7551,0.0,107.49331,0.0,0.11413235,0.0,0.5,0.6831576,3.3138702,0.12281499402816463,0.23067035,0.0,0.06137140673350488,0.0,0.0055266760489293505,0.003320767255226159,1.5693242148794343E-4,0.0031638348337382155,0.0018955300901770994,26.4143449756912,0.6233074675645709,-25.791037508126628,29.623840531755697,0.0,23.439168996789846,-6.184671534965851,0.01368867676967284,6.901000139487725E-4,0.15,0.01383711287488072,153.1999969482422,67.4460340727772,9.912042332188639,9.282000504434109,0.016376453568407875,0.015335512620761757,0.0,0.0,0.0,0.0,3.313870073951637E-4,1.0,45,0,0,0,712.7551,0.0,0.0,0.0,107.49331,0.0,0.0,0.0,0.11413235,0.0,0.0,0.0,"9273d490-b46d-48de-afa3-955b5c30eb93",0.0,0.0,0.0,0.0,0.0,0.0,0.0,0.0,0.0,0.0,0.0,0.0,1,0,0,0,3.313870073951637E-4,0.0,0.0,0.0,0.0,0.0,0.0,0.0,0.0,0.0
2012-07-19T20:30:00,2012,201,20,0,1724.0,45,715.11206,0.0,107.77966,0.0,0.11418668,0.0,0.5,0.68479747,3.3194115,0.12069127744563393,0.227784,0.0,0.062254717110680764,0.0,0.005431108779930462,0.003511628234969619,1.6519674072398762E-4,0.0033464314942456314,0.0014442976191552962,26.286132516379784,0.6919008041838659,-25.594231712195917,28.6875071303839,0.0,23.93477520378852,-4.752731926595381,0.01366307482662019,6.822496978776373E-4,0.15,0.013836462584087425,153.1999969482422,67.37043551064878,9.892369403539979,9.282000504434109,0.016288228678447682,0.015283228986130179,0.0,0.0,0.0,0.0,3.31941151768399E-4,1.0,45,0,0,0,715.11206,0.0,0.0,0.0,107.77966,0.0,0.0,0.0,0.11418668,0.0,0.0,0.0,"9273d490-b46d-48de-afa3-955b5c30eb93",0.0,0.0,0.0,0.0,0.0,0.0,0.0,0.0,0.0,0.0,0.0,0.0,1,0,0,0,3.31941151768399E-4,0.0,0.0,0.0,0.0,0.0,0.0,0.0,0.0,0.0
2012-07-19T21:30:00,2012,201,21,0,1725.0,45,717.58575,0.0,108.06887,0.0,0.11422369,0.0,0.5,0.68708926,3.326999,0.12189086624462753,0.2273568,0.0,0.0620832803151981,0.0,0.005485090288755365,0.003507184623478593,1.6348619422954468E-4,0.003343698429249048,0.0013260137455554312,26.211972897679534,0.7032848407398912,-25.508688056939643,28.615401217254075,0.0,23.922161341469042,-4.693239875785032,0.013637501199929751,6.744885499678533E-4,0.15,0.013835812334907861,153.1999969482422,67.29498771432185,9.873764491669231,9.282000504434109,0.016199328884286535,0.01522845506415576,0.0,0.0,0.0,0.0,3.32699906316955E-4,1.0,45,0,0,0,717.58575,0.0,0.0,0.0,108.06887,0.0,0.0,0.0,0.11422369,0.0,0.0,0.0,"9273d490-b46d-48de-afa3-955b5c30eb93",0.0,0.0,0.0,0.0,0.0,0.0,0.0,0.0,0.0,0.0,0.0,0.0,1,0,0,0,3.32699906316955E-4,0.0,0.0,0.0,0.0,0.0,0.0,0.0,0.0,0.0
2012-07-19T22:30:00,2012,201,22,0,1726.0,45,720.23596,0.0,108.357635,0.0,0.11422672,0.0,0.5,0.6894991,3.3349547,0.1217067290475644,0.227011,0.0,0.061930092227752746,0.0,0.005476804112911946,0.0034992421768461715,1.616022318418781E-4,0.0033376399450042935,0.001141112373501678,26.115779444525234,0.7213078295518565,-25.394471614973376,28.557379836466822,0.0,23.925599121225957,-4.631780715240865,0.013611956072051169,6.66815560431682E-4,0.15,0.013835162127362617,153.1999969482422,67.21969049141282,9.856557315186432,9.282000504434109,0.01610868908368321,0.015169684040709265,0.0,0.0,0.0,0.0,3.3349546483661E-4,1.0,45,0,0,0,720.23596,0.0,0.0,0.0,108.357635,0.0,0.0,0.0,0.11422672,0.0,0.0,0.0,"9273d490-b46d-48de-afa3-955b5c30eb93",0.0,0.0,0.0,0.0,0.0,0.0,0.0,0.0,0.0,0.0,0.0,0.0,1,0,0,0,3.3349546483661E-4,0.0,0.0,0.0,0.0,0.0,0.0,0.0,0.0,0.0
2012-07-19T23:30:00,2012,201,23,0,1727.0,45,723.20685,0.0,108.64586,0.0,0.11416918,0.0,0.5,0.69208914,3.3434691,0.12148034246815728,0.22664277,0.0,0.061812014433525964,0.0,0.005466616714409761,0.003494226532589772,1.598796294080429E-4,0.0033343469031817292,8.147934447206166E-4,26.039574998888764,0.7545157690481261,-25.285059229840638,28.511225218553463,0.0,23.95099522332705,-4.560229995226411,0.013586439624516106,6.59229730848147E-4,0.15,0.01383451196147228,153.1999969482422,67.14454364927363,9.84023124094448,9.282000504434109,0.016011805192009884,0.015103464566028992,0.0,0.0,0.0,0.0,3.343469215270578E-4,1.0,45,0,0,0,723.20685,0.0,0.0,0.0,108.64586,0.0,0.0,0.0,0.11416918,0.0,0.0,0.0,"9273d490-b46d-48de-afa3-955b5c30eb93",0.0,0.0,0.0,0.0,0.0,0.0,0.0,0.0,0.0,0.0,0.0,0.0,1,0,0,0,3.343469215270578E-4,0.0,0.0,0.0,0.0,0.0,0.0,0.0,0.0,0.0
2012-07-20T00:30:00,2012,202,0,0,1728.0,45,726.53436,0.0,108.93416,0.0,0.11404639,0.0,0.5,0.6950068,3.3530037,0.12151131383543132,0.22655237,0.0,0.06115471540418086,0.0,0.00546801042626938,0.003442818898189249,1.5589375533364816E-4,0.0032869251428556006,4.068915926375955E-4,25.669924703639566,0.7910400127812357,-24.87888469085833,28.38110665768196,0.0,23.88478865774787,-4.496317999934092,0.01356095203793403,6.517300740366367E-4,0.15,0.013833861837257428,153.1999969482422,67.06954699499482,9.829943443001293,9.282000504434109,0.015916353471419488,0.015029140483575398,0.0,0.0,0.0,0.0,3.3530036579874266E-4,1.0,45,0,0,0,726.53436,0.0,0.0,0.0,108.93416,0.0,0.0,0.0,0.11404639,0.0,0.0,0.0,"9273d490-b46d-48de-afa3-955b5c30eb93",0.0,0.0,0.0,0.0,0.0,0.0,0.0,0.0,0.0,0.0,0.0,0.0,1,0,0,0,3.3530036579874266E-4,0.0,0.0,0.0,0.0,0.0,0.0,0.0,0.0,0.0
2012-07-20T01:30:00,2012,202,1,0,1729.0,45,729.927,0.0,109.22119,0.0,0.1139107,0.0,0.5,0.6982882,3.3636692,0.12097572930446346,0.22619624,0.0,0.0609817318961163,0.0,0.005443909116629627,0.0034334328076002837,1.5400425367408517E-4,0.0032794285539261983,3.311264353453199E-4,25.57560961923817,0.7964316924923519,-24.779177926745817,28.34786546554499,0.0,23.87133802639308,-4.476527439151912,0.013535493491988022,6.443156139318771E-4,0.15,0.013833211754738634,153.1999969482422,66.9947003354084,9.820345158369294,9.282000504434109,0.015821255800545442,0.014953945299599768,0.0,0.0,0.0,0.0,3.3636690914826643E-4,1.0,45,0,0,0,729.927,0.0,0.0,0.0,109.22119,0.0,0.0,0.0,0.1139107,0.0,0.0,0.0,"9273d490-b46d-48de-afa3-955b5c30eb93",0.0,0.0,0.0,0.0,0.0,0.0,0.0,0.0,0.0,0.0,0.0,0.0,1,0,0,0,3.3636690914826643E-4,0.0,0.0,0.0,0.0,0.0,0.0,0.0,0.0,0.0
2012-07-20T02:30:00,2012,202,2,0,1730.0,45,733.33246,0.0,109.50595,0.0,0.11377017,0.0,0.5,0.70163655,3.3745286,0.1200199766115306,0.22495332,0.0,0.059845691679991424,0.0,0.005400900235193535,0.0034179156850664824,1.5204565374942066E-4,0.0032658700313170615,3.004671003749107E-4,25.46309367820782,0.7962287144199891,-24.66686496378783,28.037348743139283,0.0,23.580345911004283,-4.457002832135,0.013510064165430654,6.369853854602604E-4,0.15,0.013832561713936467,153.1999969482422,66.92000347709066,9.811727968159486,9.282000504434109,0.01572829660390387,0.014879138260363967,0.0,0.0,0.0,0.0,3.3745287563710896E-4,1.0,45,0,0,0,733.33246,0.0,0.0,0.0,109.50595,0.0,0.0,0.0,0.11377017,0.0,0.0,0.0,"9273d490-b46d-48de-afa3-955b5c30eb93",0.0,0.0,0.0,0.0,0.0,0.0,0.0,0.0,0.0,0.0,0.0,0.0,1,0,0,0,3.3745287563710896E-4,0.0,0.0,0.0,0.0,0.0,0.0,0.0,0.0,0.0
2012-07-20T03:30:00,2012,202,3,0,1731.0,45,736.7533,0.0,109.78996,0.0,0.113627,0.0,0.5,0.70499885,3.385415,0.11970343416225071,0.22453098,0.0,0.059754485747821086,0.0,0.0053866558215798065,0.003415855894174586,1.5054332808607903E-4,0.003265312566088507,2.822562663143571E-4,25.39946203704511,0.796251018476416,-24.603211018568697,28.009959437673785,0.0,23.58211062656141,-4.427848811112376,0.013484664236079944,6.297384344175168E-4,0.15,0.013831911714871487,153.1999969482422,66.8454562263652,9.803179172067034,9.282000504434109,0.015635969332959496,0.014804694751411392,0.0,0.0,0.0,0.0,3.3854150037094827E-4,1.0,45,0,0,0,736.7533,0.0,0.0,0.0,109.78996,0.0,0.0,0.0,0.113627,0.0,0.0,0.0,"9273d490-b46d-48de-afa3-955b5c30eb93",0.0,0.0,0.0,0.0,0.0,0.0,0.0,0.0,0.0,0.0,0.0,0.0,1,0,0,0,3.3854150037094827E-4,0.0,0.0,0.0,0.0,0.0,0.0,0.0,0.0,0.0
2012-07-20T04:30:00,2012,202,4,0,1732.0,45,740.21356,0.0,110.07351,0.0,0.11347737,0.0,0.5,0.70837724,3.3963358,0.119507551468441,0.22413027,0.0,0.05964273132616666,0.0,0.005377841098256777,0.0034110922732256015,1.4892221697804746E-4,0.003262170056247554,2.3760983573349088E-4,25.30874922148827,0.7987372808719005,-24.51001194061637,27.97459128331385,0.0,23.58745072616812,-4.387140557145727,0.01345929388081536,6.225738173477146E-4,0.15,0.013831261757564254,153.1999969482422,66.77105838930576,9.795197096492162,9.282000504434109,0.015544476969806476,0.014730060217632453,0.0,0.0,0.0,0.0,3.3963358666309977E-4,1.0,45,0,0,0,740.21356,0.0,0.0,0.0,110.07351,0.0,0.0,0.0,0.11347737,0.0,0.0,0.0,"9273d490-b46d-48de-afa3-955b5c30eb93",0.0,0.0,0.0,0.0,0.0,0.0,0.0,0.0,0.0,0.0,0.0,0.0,1,0,0,0,3.3963358666309977E-4,0.0,0.0,0.0,0.0,0.0,0.0,0.0,0.0,0.0
2012-07-20T05:30:00,2012,202,5,0,1733.0,45,743.6259,0.0,110.352135,0.0,0.113329634,0.0,0.5,0.711796,3.4073677,0.11743310135988572,0.22144173,0.0,0.05723717719539904,0.0,0.005284490821115355,0.0033967743591902257,1.4736194492563547E-4,0.00324941241426459,2.662181770958592E-4,25.21819186906952,0.7922930232931584,-24.425898845776363,27.279820107597878,0.0,22.929905714126186,-4.349914393471693,0.013433953275573875,6.154906014235742E-4,0.15,0.013830611842035313,153.1999969482422,66.69680977173908,9.787760255946951,9.282000504434109,0.015455812338749713,0.014657169175915225,0.0,0.0,0.0,0.0,3.407367767306001E-4,1.0,45,0,0,0,743.6259,0.0,0.0,0.0,110.352135,0.0,0.0,0.0,0.113329634,0.0,0.0,0.0,"9273d490-b46d-48de-afa3-955b5c30eb93",0.0,0.0,0.0,0.0,0.0,0.0,0.0,0.0,0.0,0.0,0.0,0.0,1,0,0,0,3.407367767306001E-4,0.0,0.0,0.0,0.0,0.0,0.0,0.0,0.0,0.0
2012-07-20T06:30:00,2012,202,6,0,1734.0,45,747.0738,0.0,110.63012,0.0,0.11317595,0.0,0.5,0.7151678,3.4182324,0.11716176316283797,0.22105011,0.0,0.057176338703746936,0.0,0.0052722805993370625,0.003393377498919038,1.458252948738514E-4,0.0032475522040451865,2.2659477162340056E-4,25.121003660503256,0.794404564763798,-24.326599095739457,27.24950078632181,0.0,22.954301075839417,-4.295199710482393,0.013408642595346104,6.084878643280844E-4,0.15,0.013829961968305214,153.1999969482422,66.62271017924782,9.781017794146923,9.282000504434109,0.015368237347096912,0.014584165964137075,0.0,0.0,0.0,0.0,3.418232463779522E-4,1.0,45,0,0,0,747.0738,0.0,0.0,0.0,110.63012,0.0,0.0,0.0,0.11317595,0.0,0.0,0.0,"9273d490-b46d-48de-afa3-955b5c30eb93",0.0,0.0,0.0,0.0,0.0,0.0,0.0,0.0,0.0,0.0,0.0,0.0,1,0,0,0,3.418232463779522E-4,0.0,0.0,0.0,0.0,0.0,0.0,0.0,0.0,0.0
2012-07-20T07:30:00,2012,202,7,0,1735.0,45,750.4989,0.0,110.907326,0.0,0.113026574,0.0,0.5,0.7185762,3.429196,0.1168370010693719,0.22048825,0.0,0.05728735362126648,0.0,0.005257666301646771,0.003409137034037705,1.4519252832557208E-4,0.0032639445057121327,2.644417608445378E-4,25.13997488078337,0.7904903110671895,-24.349484569716182,27.241785234516584,0.0,23.00181458499143,-4.239970649525155,0.013383362014172484,6.015646941374057E-4,0.15,0.013829312136394493,153.1999969482422,66.54875941717334,9.772783968965655,9.282000504434109,0.015279726598080268,0.014512387712792871,0.0,0.0,0.0,0.0,3.4291959134312715E-4,1.0,45,0,0,0,750.4989,0.0,0.0,0.0,110.907326,0.0,0.0,0.0,0.113026574,0.0,0.0,0.0,"9273d490-b46d-48de-afa3-955b5c30eb93",0.0,0.0,0.0,0.0,0.0,0.0,0.0,0.0,0.0,0.0,0.0,0.0,1,0,0,0,3.4291959134312715E-4,0.0,0.0,0.0,0.0,0.0,0.0,0.0,0.0,0.0
2012-07-20T08:30:00,2012,202,8,0,1736.0,45,753.6837,0.0,111.187454,0.0,0.11292563,0.0,0.5,0.72196156,3.4400723,0.11806494261103728,0.22167535,0.0,0.05911897439975241,0.0,0.005312923684196096,0.00343008915384623,1.4446614656009609E-4,0.0032856230072861336,5.28535681494066E-4,25.269682340179795,0.7642574736255155,-24.50542486655428,27.802974211260494,0.0,23.47274615929625,-4.330228051964244,0.013358111705139517,5.947201892050493E-4,0.15,0.01382866234632368,153.1999969482422,66.47495729061868,9.760998478238097,9.282000504434109,0.015192303306357237,0.014446776860739525,0.0,0.0,0.0,0.0,3.440072289985238E-4,1.0,45,0,0,0,753.6837,0.0,0.0,0.0,111.187454,0.0,0.0,0.0,0.11292563,0.0,0.0,0.0,"9273d490-b46d-48de-afa3-955b5c30eb93",0.0,0.0,0.0,0.0,0.0,0.0,0.0,0.0,0.0,0.0,0.0,0.0,1,0,0,0,3.440072289985238E-4,0.0,0.0,0.0,0.0,0.0,0.0,0.0,0.0,0.0
2012-07-20T09:30:00,2012,202,9,0,1737.0,45,756.38617,0.0,111.46977,0.0,0.112913586,0.0,0.5,0.72510064,3.4501731,0.11899180634947457,0.22241575,0.0,0.05856968214194794,0.0,0.005354632562369944,0.0033361690304124204,1.3898521042378105E-4,0.003197183819988639,9.192892132490326E-4,25.4701306003103,0.7136060124837017,-24.756524587826597,28.292853681278853,0.0,23.112001624834928,-5.180852056443925,0.01333289184037609,5.879534580473158E-4,0.15,0.013828012598113306,153.1999969482422,66.4012969087078,9.74453150849871,9.282000504434109,0.015109759661352607,0.014392564350193215,0.0,0.0,0.0,0.0,3.4501731477629865E-4,1.0,45,0,0,0,756.38617,0.0,0.0,0.0,111.46977,0.0,0.0,0.0,0.112913586,0.0,0.0,0.0,"9273d490-b46d-48de-afa3-955b5c30eb93",0.0,0.0,0.0,0.0,0.0,0.0,0.0,0.0,0.0,0.0,0.0,0.0,1,0,0,0,3.4501731477629865E-4,0.0,0.0,0.0,0.0,0.0,0.0,0.0,0.0,0.0
2012-07-20T10:30:00,2012,202,10,0,1738.0,45,758.9586,0.0,111.75109,0.0,0.11292267,0.0,0.5,0.72774655,3.4587343,0.11856885752744295,0.22254719,0.0,0.059146068763684674,0.0,0.005335599860840772,0.003339957765905579,1.377820384545452E-4,0.003202175727451034,0.0010520190323759682,25.568085128718756,0.6996321920322978,-24.86845293668646,28.53111896639033,0.0,23.243636152996324,-5.287482813394007,0.013307702591049839,5.81263619229984E-4,0.15,0.013827362891783893,153.1999969482422,66.3277981633057,9.725689479866652,9.282000504434109,0.015027157711473846,0.014341614108373072,0.0,0.0,0.0,0.0,3.458734305864671E-4,1.0,45,0,0,0,758.9586,0.0,0.0,0.0,111.75109,0.0,0.0,0.0,0.11292267,0.0,0.0,0.0,"9273d490-b46d-48de-afa3-955b5c30eb93",0.0,0.0,0.0,0.0,0.0,0.0,0.0,0.0,0.0,0.0,0.0,0.0,1,0,0,0,3.458734305864671E-4,0.0,0.0,0.0,0.0,0.0,0.0,0.0,0.0,0.0
2012-07-20T11:30:00,2012,202,11,0,1739.0,45,761.4062,0.0,112.03293,0.0,0.112954244,0.0,0.5,0.7302603,3.4668756,0.11878665516184096,0.22257467,0.0,0.059140825567015734,0.0,0.005345400756725397,0.003315941215254945,1.3542887783715298E-4,0.003180512337417792,0.0011533800495754714,25.55704553898122,0.6861181875615736,-24.87092735141965,28.671022315933257,0.0,23.222441600176253,-5.448580715757004,0.013282544127363573,5.746498012562331E-4,0.15,0.013826713227355954,153.1999969482422,66.25444077158691,9.706607188180191,9.282000504434109,0.014947653927664147,0.014293782431582776,0.0,0.0,0.0,0.0,3.466875616918662E-4,1.0,45,0,0,0,761.4062,0.0,0.0,0.0,112.03293,0.0,0.0,0.0,0.112954244,0.0,0.0,0.0,"9273d490-b46d-48de-afa3-955b5c30eb93",0.0,0.0,0.0,0.0,0.0,0.0,0.0,0.0,0.0,0.0,0.0,0.0,1,0,0,0,3.466875616918662E-4,0.0,0.0,0.0,0.0,0.0,0.0,0.0,0.0,0.0
2012-07-20T12:30:00,2012,202,12,0,1740.0,45,763.5683,0.0,112.31602,0.0,0.11303717,0.0,0.5,0.7326464,3.4746144,0.11931451812901794,0.22321947,0.0,0.05935507025320857,0.0,0.005369154595911716,0.003270467118974626,1.321194449970576E-4,0.0031383476739775687,0.001394713731251141,25.666324136283247,0.6565282959976099,-25.009795840285637,29.090976086612436,0.0,23.204300482246364,-5.886675604366072,0.01325741661855178,5.681111424557894E-4,0.15,0.01382606360485,153.1999969482422,66.18122457811995,9.685142803513624,9.282000504434109,0.014871568741672957,0.014252542410820915,0.0,0.0,0.0,0.0,3.474614438473061E-4,1.0,45,0,0,0,763.5683,0.0,0.0,0.0,112.31602,0.0,0.0,0.0,0.11303717,0.0,0.0,0.0,"9273d490-b46d-48de-afa3-955b5c30eb93",0.0,0.0,0.0,0.0,0.0,0.0,0.0,0.0,0.0,0.0,0.0,0.0,1,0,0,0,3.474614438473061E-4,0.0,0.0,0.0,0.0,0.0,0.0,0.0,0.0,0.0
2012-07-20T13:30:00,2012,202,13,0,1741.0,45,765.633,0.0,112.603065,0.0,0.11314287,0.0,0.5,0.7347407,3.4814446,0.12098335571211447,0.22538881,0.0,0.06274728713382316,0.0,0.005444252305055745,0.0033108939640660454,1.3198599307295662E-4,0.003178907970993089,0.0015364794456541237,25.72712803561339,0.6461284068571745,-25.080999628756217,30.02741320170969,0.0,24.232185595015785,-5.795227606693906,0.013232320232877163,5.616467908752811E-4,0.15,0.013825414024286532,153.1999969482422,66.10816935291606,9.662436952117691,9.282000504434109,0.014796315291511524,0.014213744077209815,0.0,0.0,0.0,0.0,3.4814445006330124E-4,1.0,45,0,0,0,765.633,0.0,0.0,0.0,112.603065,0.0,0.0,0.0,0.11314287,0.0,0.0,0.0,"9273d490-b46d-48de-afa3-955b5c30eb93",0.0,0.0,0.0,0.0,0.0,0.0,0.0,0.0,0.0,0.0,0.0,0.0,1,0,0,0,3.4814445006330124E-4,0.0,0.0,0.0,0.0,0.0,0.0,0.0,0.0,0.0
2012-07-20T14:30:00,2012,202,14,0,1742.0,45,767.85297,0.0,112.89036,0.0,0.11322154,0.0,0.5,0.73673403,3.487962,0.12108555996764048,0.22491607,0.0,0.0632646991870283,0.0,0.0054488514976509484,0.0033415060953209384,1.320302895256741E-4,0.003209475805795264,0.0014120814193005682,25.704178537606353,0.661139010389671,-25.04303952721668,29.984832235384303,0.0,24.41962402467709,-5.565208210707212,0.013207255137627268,5.552559041697913E-4,0.15,0.013824764485686054,153.1999969482422,66.03524830513469,9.640151183471852,9.282000504434109,0.014718627628262834,0.014171801507049709,0.0,0.0,0.0,0.0,3.4879618992926585E-4,1.0,45,0,0,0,767.85297,0.0,0.0,0.0,112.89036,0.0,0.0,0.0,0.11322154,0.0,0.0,0.0,"9273d490-b46d-48de-afa3-955b5c30eb93",0.0,0.0,0.0,0.0,0.0,0.0,0.0,0.0,0.0,0.0,0.0,0.0,1,0,0,0,3.4879618992926585E-4,0.0,0.0,0.0,0.0,0.0,0.0,0.0,0.0,0.0
2012-07-20T15:30:00,2012,202,15,0,1743.0,45,769.9025,0.0,113.17854,0.0,0.11333059,0.0,0.5,0.7388857,3.4949636,0.12146336093050714,0.22485295,0.0,0.06347504229080311,0.0,0.005465852545033312,0.0033324191981263635,1.3038479152124383E-4,0.0032020344066051197,0.0015743418022325587,25.728858473897066,0.6434281150771662,-25.0854303588199,30.12986795808756,0.0,24.46193189291043,-5.667936065177127,0.013182221499111158,5.489376494955955E-4,0.15,0.01382411498906905,153.1999969482422,65.96248777918557,9.61727960026569,9.282000504434109,0.014644324970247346,0.014133792237586363,0.0,0.0,0.0,0.0,3.4949637421445936E-4,1.0,45,0,0,0,769.9025,0.0,0.0,0.0,113.17854,0.0,0.0,0.0,0.11333059,0.0,0.0,0.0,"9273d490-b46d-48de-afa3-955b5c30eb93",0.0,0.0,0.0,0.0,0.0,0.0,0.0,0.0,0.0,0.0,0.0,0.0,1,0,0,0,3.4949637421445936E-4,0.0,0.0,0.0,0.0,0.0,0.0,0.0,0.0,0.0
2012-07-20T16:30:00,2012,202,16,0,1744.0,45,772.0188,0.0,113.46626,0.0,0.11342682,0.0,0.5,0.74086314,3.501423,0.12126655023362058,0.22449164,0.0,0.06377734427468289,0.0,0.005456996061561868,0.0033448568107092252,1.2966957102585665E-4,0.0032151872396833686,0.0015195760504432556,25.687124107061226,0.6496135572932601,-25.037510549767966,30.116941064666385,0.0,24.57664960342265,-5.540291461243736,0.013157219482656139,5.426912034040713E-4,0.15,0.013823465534456014,153.1999969482422,65.88986109107377,9.595194639043731,9.282000504434109,0.014570127530749858,0.014094547966727608,0.0,0.0,0.0,0.0,3.501422856915131E-4,1.0,45,0,0,0,772.0188,0.0,0.0,0.0,113.46626,0.0,0.0,0.0,0.11342682,0.0,0.0,0.0,"9273d490-b46d-48de-afa3-955b5c30eb93",0.0,0.0,0.0,0.0,0.0,0.0,0.0,0.0,0.0,0.0,0.0,0.0,1,0,0,0,3.501422856915131E-4,0.0,0.0,0.0,0.0,0.0,0.0,0.0,0.0,0.0
2012-07-20T17:30:00,2012,202,17,0,1745.0,45,774.2825,0.0,113.754074,0.0,0.113497324,0.0,0.5,0.74290884,3.5080872,0.12130401910111821,0.22419819,0.0,0.06541808438753405,0.0,0.005458682161001259,0.0034231374000654948,1.3150835092257422E-4,0.0032916290491429205,0.0014505942124605402,25.57571831334973,0.6637891022705275,-24.9119292110792,30.08513275184378,0.0,25.136507982844826,-4.948624768998954,0.01313224925260457,5.365157517367682E-4,0.15,0.013822816121867424,153.1999969482422,65.8173878892508,9.57512932627606,9.282000504434109,0.014496166683994375,0.014052387376529247,0.0,0.0,0.0,0.0,3.508087096353834E-4,1.0,45,0,0,0,774.2825,0.0,0.0,0.0,113.754074,0.0,0.0,0.0,0.113497324,0.0,0.0,0.0,"9273d490-b46d-48de-afa3-955b5c30eb93",0.0,0.0,0.0,0.0,0.0,0.0,0.0,0.0,0.0,0.0,0.0,0.0,1,0,0,0,3.508087096353834E-4,0.0,0.0,0.0,0.0,0.0,0.0,0.0,0.0,0.0
2012-07-20T18:30:00,2012,202,18,0,1746.0,45,776.8034,0.0,114.03942,0.0,0.113519415,0.0,0.5,0.74510485,3.5152094,0.12026761476276839,0.2220822,0.0,0.0641459558720881,0.0,0.005412043954656104,0.003454191404749278,1.3187244111093744E-4,0.0033223189636383404,0.001221846392047794,25.469050507283523,0.6886930979034535,-24.78035740938007,29.40891562218213,0.0,24.836527068165363,-4.572388554016765,0.013107310972310717,5.30410489521626E-4,0.15,0.013822166751323754,153.1999969482422,65.74506793652135,9.556882959264007,9.282000504434109,0.014419738443721002,0.014004986780620135,0.0,0.0,0.0,0.0,3.5152095522583384E-4,1.0,45,0,0,0,776.8034,0.0,0.0,0.0,114.03942,0.0,0.0,0.0,0.113519415,0.0,0.0,0.0,"9273d490-b46d-48de-afa3-955b5c30eb93",0.0,0.0,0.0,0.0,0.0,0.0,0.0,0.0,0.0,0.0,0.0,0.0,1,0,0,0,3.5152095522583384E-4,0.0,0.0,0.0,0.0,0.0,0.0,0.0,0.0,0.0
2012-07-20T19:30:00,2012,202,19,0,1747.0,45,779.4165,0.0,114.32624,0.0,0.11352793,0.0,0.5,0.74756444,3.5231347,0.12088456929193023,0.2222828,0.0,0.06506540441438331,0.0,0.005439806915087592,0.003465953682369743,1.3095779608275062E-4,0.0033349958862869925,0.0011428897207663288,25.375308863768762,0.6969502081093254,-24.678358655659437,29.577185819894062,0.0,25.151968746859186,-4.425217073034876,0.013082404804137679,5.243746208703282E-4,0.15,0.013821517422845472,153.1999969482422,65.67288131039076,9.540007731513736,9.282000504434109,0.014343928788808493,0.013956000665857077,0.0,0.0,0.0,0.0,3.523134611599188E-4,1.0,45,0,0,0,779.4165,0.0,0.0,0.0,114.32624,0.0,0.0,0.0,0.11352793,0.0,0.0,0.0,"9273d490-b46d-48de-afa3-955b5c30eb93",0.0,0.0,0.0,0.0,0.0,0.0,0.0,0.0,0.0,0.0,0.0,0.0,1,0,0,0,3.523134611599188E-4,0.0,0.0,0.0,0.0,0.0,0.0,0.0,0.0,0.0
2012-07-20T20:30:00,2012,202,20,0,1748.0,45,782.3634,0.0,114.60848,0.0,0.11347244,0.0,0.5,0.7501175,3.5313418,0.11896028545708129,0.21974565,0.0,0.06478251462426618,0.0,0.005353214121874063,0.0035754491478395393,1.3435205677881024E-4,0.003441097091060729,9.140593751042036E-4,25.246579755172107,0.7292379318200944,-24.517341823352012,28.782606774348487,0.0,25.233668087231027,-3.5489386871174595,0.013057530909454362,5.184073588767805E-4,0.15,0.013820868136453043,153.1999969482422,65.60085408691133,9.525091927447635,9.282000504434109,0.014264353693029877,0.013900310798324076,0.0,0.0,0.0,0.0,3.531341726689919E-4,1.0,45,0,0,0,782.3634,0.0,0.0,0.0,114.60848,0.0,0.0,0.0,0.11347244,0.0,0.0,0.0,"9273d490-b46d-48de-afa3-955b5c30eb93",0.0,0.0,0.0,0.0,0.0,0.0,0.0,0.0,0.0,0.0,0.0,0.0,1,0,0,0,3.531341726689919E-4,0.0,0.0,0.0,0.0,0.0,0.0,0.0,0.0,0.0
2012-07-20T21:30:00,2012,202,21,0,1749.0,45,785.4185,0.0,114.89216,0.0,0.11340132,0.0,0.5,0.75301284,3.5405874,0.11956038572097057,0.21924858,0.0,0.06453196261684106,0.0,0.005380218640187458,0.0035644541707311617,1.3268444473200886E-4,0.003431769725999153,7.962371574061674E-4,25.14756243606405,0.7386071005942516,-24.4089553354698,28.72055591417972,0.0,25.203409362576426,-3.517146551603293,0.013032689448632534,5.12507925516701E-4,0.15,0.013820218892166922,153.1999969482422,65.52895984799622,9.511318485057993,9.282000504434109,0.014184854482431414,0.013842857503730202,0.0,0.0,0.0,0.0,3.5405874493733933E-4,1.0,45,0,0,0,785.4185,0.0,0.0,0.0,114.89216,0.0,0.0,0.0,0.11340132,0.0,0.0,0.0,"9273d490-b46d-48de-afa3-955b5c30eb93",0.0,0.0,0.0,0.0,0.0,0.0,0.0,0.0,0.0,0.0,0.0,0.0,1,0,0,0,3.5405874493733933E-4,0.0,0.0,0.0,0.0,0.0,0.0,0.0,0.0,0.0
2012-07-20T22:30:00,2012,202,22,0,1750.0,45,788.5093,0.0,115.1751,0.0,0.11332364,0.0,0.5,0.75601816,3.5501623,0.11925440462883871,0.21876076,0.0,0.06436040265528807,0.0,0.005366449487758704,0.0035571967068093206,1.3117961660114114E-4,0.0034260170902081794,7.52549700737711E-4,25.082573767844707,0.7409920710737947,-24.341581696770913,28.68604375282839,0.0,25.1807399887083,-3.5053037641200895,0.013007880581043917,5.06675551548311E-4,0.15,0.013819569690007564,153.1999969482422,65.45721804099676,9.497997882683498,9.282000504434109,0.014105919262138616,0.013785131490225715,0.0,0.0,0.0,0.0,3.5501623078580625E-4,1.0,45,0,0,0,788.5093,0.0,0.0,0.0,115.1751,0.0,0.0,0.0,0.11332364,0.0,0.0,0.0,"9273d490-b46d-48de-afa3-955b5c30eb93",0.0,0.0,0.0,0.0,0.0,0.0,0.0,0.0,0.0,0.0,0.0,0.0,1,0,0,0,3.5501623078580625E-4,0.0,0.0,0.0,0.0,0.0,0.0,0.0,0.0,0.0
2012-07-20T23:30:00,2012,202,23,0,1751.0,45,791.7779,0.0,115.457466,0.0,0.11321593,0.0,0.5,0.7590602,3.559838,0.11900821369896722,0.21830598,0.0,0.06395706783910027,0.0,0.005355370893273144,0.003534809873718569,1.2910633817238734E-4,0.003405703535546182,5.518114157803024E-4,24.950109640606094,0.7571388398108964,-24.192970800795198,28.6214359280904,0.0,25.11510735835483,-3.506328569735569,0.01298310446505737,5.009094764141151E-4,0.15,0.01381892052999541,153.1999969482422,65.38562842797629,9.486351595818594,9.282000504434109,0.01402641619717631,0.013724264898106875,0.0,0.0,0.0,0.0,3.559838160308703E-4,1.0,45,0,0,0,791.7779,0.0,0.0,0.0,115.457466,0.0,0.0,0.0,0.11321593,0.0,0.0,0.0,"9273d490-b46d-48de-afa3-955b5c30eb93",0.0,0.0,0.0,0.0,0.0,0.0,0.0,0.0,0.0,0.0,0.0,0.0,1,0,0,0,3.559838160308703E-4,0.0,0.0,0.0,0.0,0.0,0.0,0.0,0.0,0.0
2012-07-21T00:30:00,2012,203,0,0,1752.0,45,795.49963,0.0,115.739174,0.0,0.11303275,0.0,0.5,0.7622838,3.5700586,0.11873281333334344,0.21794672,0.0,0.0632496214295111,0.0,0.0053429778738653495,0.0034896435870850557,1.2616889755715606E-4,0.0033634746895278996,5.2831304799795134E-5,24.675667366250828,0.7997545905310118,-23.875912775719815,28.501992541960625,0.0,25.016229533735157,-3.4857630082254687,0.012958361258036096,4.952089481437592E-4,0.15,0.013818271412150905,153.1999969482422,65.3141712847086,9.478879354245487,9.282000504434109,0.01394444119258512,0.013654811433553642,0.0,0.0,0.0,0.0,3.5700586530990785E-4,1.0,45,0,0,0,795.49963,0.0,0.0,0.0,115.739174,0.0,0.0,0.0,0.11303275,0.0,0.0,0.0,"9273d490-b46d-48de-afa3-955b5c30eb93",0.0,0.0,0.0,0.0,0.0,0.0,0.0,0.0,0.0,0.0,0.0,0.0,1,0,0,0,3.5700586530990785E-4,0.0,0.0,0.0,0.0,0.0,0.0,0.0,0.0,0.0
2012-07-21T01:30:00,2012,203,1,0,1753.0,45,799.185,0.0,116.01958,0.0,0.112855405,0.0,0.5,0.7659701,3.5816813,0.11818310626876669,0.21746942,0.0,0.06304137300032991,0.0,0.0053182410500616775,0.0034787868772821417,1.2457521385286712E-4,0.0033542116634292744,7.700156797651931E-5,24.569245463197724,0.7946708795354315,-23.774574583662293,28.464547661291487,0.0,24.98824362096317,-3.4763040403283156,0.012933650833738541,4.895731591299559E-4,0.15,0.013817622336494478,153.1999969482422,65.24286593856522,9.472180946012292,9.282000504434109,0.01386513551264354,0.013586754260283067,0.0,0.0,0.0,0.0,3.5816813653326545E-4,1.0,45,0,0,0,799.185,0.0,0.0,0.0,116.01958,0.0,0.0,0.0,0.112855405,0.0,0.0,0.0,"9273d490-b46d-48de-afa3-955b5c30eb93",0.0,0.0,0.0,0.0,0.0,0.0,0.0,0.0,0.0,0.0,0.0,0.0,1,0,0,0,3.5816813653326545E-4,0.0,0.0,0.0,0.0,0.0,0.0,0.0,0.0,0.0
2012-07-21T02:30:00,2012,203,2,0,1754.0,45,802.87054,0.0,116.2975,0.0,0.11267599,0.0,0.5,0.7696198,3.5931752,0.11713849657120548,0.2161142,0.0,0.06200337408317904,0.0,0.005271233602463977,0.0034728958808236156,1.2335040890325307E-4,0.0033495454719203624,6.839999228959596E-5,24.489306146726914,0.7931671341307925,-23.69613901259612,28.16192705168885,0.0,24.730829186046407,-3.4310978656424425,0.012908973630867104,4.840014398755294E-4,0.15,0.01381697330304656,153.1999969482422,65.17170568220283,9.465804273576317,9.282000504434109,0.013787031197810605,0.013519319313410803,0.0,0.0,0.0,0.0,3.593175189099634E-4,1.0,45,0,0,0,802.87054,0.0,0.0,0.0,116.2975,0.0,0.0,0.0,0.11267599,0.0,0.0,0.0,"9273d490-b46d-48de-afa3-955b5c30eb93",0.0,0.0,0.0,0.0,0.0,0.0,0.0,0.0,0.0,0.0,0.0,0.0,1,0,0,0,3.593175189099634E-4,0.0,0.0,0.0,0.0,0.0,0.0,0.0,0.0,0.0
2012-07-21T03:30:00,2012,203,3,0,1755.0,45,806.52484,0.0,116.57473,0.0,0.11250239,0.0,0.5,0.7732707,3.6046543,0.11684545533222836,0.21558174,0.0,0.06199362540712318,0.0,0.005258046743566015,0.003475478663420884,1.2228811168381692E-4,0.003353190551737067,1.0157841984104849E-4,24.423889250008276,0.7886093891673797,-23.635279860840896,28.13666470381383,0.0,24.758467414074993,-3.3781972897388357,0.012884329803757326,4.7849306357448923E-4,0.15,0.013816324311827572,153.1999969482422,65.10069031672356,9.459480800792226,9.282000504434109,0.013710383578451705,0.013453147162211684,0.0,0.0,0.0,0.0,3.6046544306939565E-4,1.0,45,0,0,0,806.52484,0.0,0.0,0.0,116.57473,0.0,0.0,0.0,0.11250239,0.0,0.0,0.0,"9273d490-b46d-48de-afa3-955b5c30eb93",0.0,0.0,0.0,0.0,0.0,0.0,0.0,0.0,0.0,0.0,0.0,0.0,1,0,0,0,3.6046544306939565E-4,0.0,0.0,0.0,0.0,0.0,0.0,0.0,0.0,0.0
2012-07-21T04:30:00,2012,203,4,0,1756.0,45,810.20166,0.0,116.85143,0.0,0.11232601,0.0,0.5,0.77689,3.6160212,0.1166199692535479,0.21505004,0.0,0.06201082053629325,0.0,0.00524789986760619,0.0034792524231454804,1.2127418427349882E-4,0.0033579782388719814,8.226325333836139E-5,24.34741158751407,0.7892132295143032,-23.558198357999768,28.105110603108372,0.0,24.803428259231016,-3.3016823438773564,0.012859719505728576,4.730473116303412E-4,0.15,0.013815675362857929,153.1999969482422,65.02981964304618,9.453446912940048,9.282000504434109,0.013634446373576727,0.01338717393588875,0.0,0.0,0.0,0.0,3.6160212498408497E-4,1.0,45,0,0,0,810.20166,0.0,0.0,0.0,116.85143,0.0,0.0,0.0,0.11232601,0.0,0.0,0.0,"9273d490-b46d-48de-afa3-955b5c30eb93",0.0,0.0,0.0,0.0,0.0,0.0,0.0,0.0,0.0,0.0,0.0,0.0,1,0,0,0,3.6160212498408497E-4,0.0,0.0,0.0,0.0,0.0,0.0,0.0,0.0,0.0
2012-07-21T05:30:00,2012,203,5,0,1757.0,45,813.88074,0.0,117.12323,0.0,0.1121436,0.0,0.5,0.7805324,3.6274433,0.1145563811325165,0.21234155,0.0,0.05959784818734834,0.0,0.00515503838001988,0.0034707736762886144,1.2021808346608251E-4,0.003350555592822532,6.661683284564128E-5,24.264901522091726,0.7880149479074241,-23.476886574184302,27.403161976273125,0.0,24.17360072828521,-3.2295612479879168,0.012835142889081594,4.676634735641592E-4,0.15,0.013815026456158045,153.1999969482422,64.95908703238868,9.447809822429866,9.282000504434109,0.013559681403977777,0.013321708628478464,0.0,0.0,0.0,0.0,3.627443279356589E-4,1.0,45,0,0,0,813.88074,0.0,0.0,0.0,117.12323,0.0,0.0,0.0,0.1121436,0.0,0.0,0.0,"9273d490-b46d-48de-afa3-955b5c30eb93",0.0,0.0,0.0,0.0,0.0,0.0,0.0,0.0,0.0,0.0,0.0,0.0,1,0,0,0,3.627443279356589E-4,0.0,0.0,0.0,0.0,0.0,0.0,0.0,0.0,0.0
2012-07-21T06:30:00,2012,203,6,0,1758.0,45,817.56146,0.0,117.3943,0.0,0.111961596,0.0,0.5,0.7841791,3.6388574,0.11424934129353523,0.21180473,0.0,0.059651533212382264,0.0,0.005141221583971543,0.0034762534128176745,1.1927884042753356E-4,0.003356974572390141,6.967033379934967E-5,24.193191908452633,0.7866599531504088,-23.406531955302224,27.3791640962608,0.0,24.229302579880194,-3.149861516380607,0.012810600105096086,4.623408469236689E-4,0.15,0.013814377591748321,153.1999969482422,64.8885051574724,9.442354813835145,9.282000504434109,0.013485857583847545,0.013256834694729882,0.0,0.0,0.0,0.0,3.6388572932015076E-4,1.0,45,0,0,0,817.56146,0.0,0.0,0.0,117.3943,0.0,0.0,0.0,0.111961596,0.0,0.0,0.0,"9273d490-b46d-48de-afa3-955b5c30eb93",0.0,0.0,0.0,0.0,0.0,0.0,0.0,0.0,0.0,0.0,0.0,0.0,1,0,0,0,3.6388572932015076E-4,0.0,0.0,0.0,0.0,0.0,0.0,0.0,0.0,0.0
2012-07-21T07:30:00,2012,203,7,0,1759.0,45,821.28986,0.0,117.66475,0.0,0.111772865,0.0,0.5,0.7878278,3.6502616,0.11398823684445701,0.21119681,0.0,0.05993472974060535,0.0,0.005129471880961676,0.0034990378941323935,1.1897144865842847E-4,0.003380066445473965,4.416650863955515E-5,24.197454098690695,0.789625537140884,-23.40782856154981,27.38187544380559,0.0,24.347266611525654,-3.034608832279936,0.012786091304028378,4.570787371933319E-4,0.15,0.01381372876964916,153.1999969482422,64.81806737602196,9.43566994105468,9.282000504434109,0.01341008104121062,0.01319168429656901,0.0,0.0,0.0,0.0,3.6502617200249527E-4,1.0,45,0,0,0,821.28986,0.0,0.0,0.0,117.66475,0.0,0.0,0.0,0.111772865,0.0,0.0,0.0,"9273d490-b46d-48de-afa3-955b5c30eb93",0.0,0.0,0.0,0.0,0.0,0.0,0.0,0.0,0.0,0.0,0.0,0.0,1,0,0,0,3.6502617200249527E-4,0.0,0.0,0.0,0.0,0.0,0.0,0.0,0.0,0.0
2012-07-21T08:30:00,2012,203,8,0,1760.0,45,824.90857,0.0,117.934814,0.0,0.111602716,0.0,0.5,0.7915253,3.6617987,0.1138240029108621,0.21055435,0.0,0.06023156994394581,0.0,0.005122081352187866,0.0035244926573765943,1.1876098412769979E-4,0.0034057316732488945,1.7896244863832092E-4,24.229019422367337,0.7778302241750001,-23.45118919819234,27.39349363293342,0.0,24.4488042202413,-2.944689412692121,0.012761616635109127,4.5187645770541955E-4,0.15,0.013813079989880949,153.1999969482422,64.74777348824878,9.427207873733957,9.282000504434109,0.01333459434794333,0.013129201468961597,0.0,0.0,0.0,0.0,3.661798787828679E-4,1.0,45,0,0,0,824.90857,0.0,0.0,0.0,117.934814,0.0,0.0,0.0,0.111602716,0.0,0.0,0.0,"9273d490-b46d-48de-afa3-955b5c30eb93",0.0,0.0,0.0,0.0,0.0,0.0,0.0,0.0,0.0,0.0,0.0,0.0,1,0,0,0,3.661798787828679E-4,0.0,0.0,0.0,0.0,0.0,0.0,0.0,0.0,0.0
2012-07-21T09:30:00,2012,203,9,0,1761.0,45,828.65814,0.0,118.207375,0.0,0.11141733,0.0,0.5,0.79511106,3.672982,0.11487741837032206,0.21132049,0.0,0.06308732171904421,0.0,0.0051694850591654865,0.003613336786449012,1.2046399150699545E-4,0.0034928727949420165,1.3937187408747967E-4,24.304337963361196,0.7885145452780681,-23.515823418083126,27.860312331162064,0.0,25.32045862836036,-2.539853702801704,0.012737176246541112,4.4673332955206635E-4,0.15,0.01381243125246408,153.1999969482422,64.6776169170526,9.416219991557709,9.282000504434109,0.013253866515521052,0.013064944934704885,0.0,0.0,0.0,0.0,3.67298190589295E-4,1.0,45,0,0,0,828.65814,0.0,0.0,0.0,118.207375,0.0,0.0,0.0,0.11141733,0.0,0.0,0.0,"9273d490-b46d-48de-afa3-955b5c30eb93",0.0,0.0,0.0,0.0,0.0,0.0,0.0,0.0,0.0,0.0,0.0,0.0,1,0,0,0,3.67298190589295E-4,0.0,0.0,0.0,0.0,0.0,0.0,0.0,0.0,0.0
2012-07-21T10:30:00,2012,203,10,0,1762.0,45,832.39386,0.0,118.48109,0.0,0.11123762,0.0,0.5,0.79882944,3.6845548,0.11536461017599256,0.21086541,0.0,0.0635216068014991,0.0,0.00519140869564766,0.003634844466891372,1.2005758627931637E-4,0.0035147868806120553,1.7595607473971068E-4,24.33705696473705,0.785560123281027,-23.551496841456025,27.932992178925765,0.0,25.46096021807933,-2.4720319608464365,0.01271277028549706,4.416486814982921E-4,0.15,0.013811782557418932,153.1999969482422,64.60761659373125,9.403420522944518,9.282000504434109,0.013171665446357249,0.013001588626076022,0.0,0.0,0.0,0.0,3.684554883844247E-4,1.0,45,0,0,0,832.39386,0.0,0.0,0.0,118.48109,0.0,0.0,0.0,0.11123762,0.0,0.0,0.0,"9273d490-b46d-48de-afa3-955b5c30eb93",0.0,0.0,0.0,0.0,0.0,0.0,0.0,0.0,0.0,0.0,0.0,0.0,1,0,0,0,3.684554883844247E-4,0.0,0.0,0.0,0.0,0.0,0.0,0.0,0.0,0.0
2012-07-21T11:30:00,2012,203,11,0,1763.0,45,836.1041,0.0,118.757545,0.0,0.11106761,0.0,0.5,0.80253315,3.69607,0.11651765370837101,0.21172673,0.0,0.06525479693157638,0.0,0.0052432956669755055,0.003647520038623433,1.1910327012214564E-4,0.0035284167685012873,2.1690373732698216E-4,24.271053901568017,0.7815796893226223,-23.489474212245394,28.366936080480563,0.0,25.964227819854806,-2.402708260625758,0.012688398898117556,4.366218498959833E-4,0.15,0.013811133904765882,153.1999969482422,64.53775318656884,9.390681707345166,9.282000504434109,0.013090857668502756,0.01293935320877461,0.0,0.0,0.0,0.0,3.696069975974915E-4,1.0,45,0,0,0,836.1041,0.0,0.0,0.0,118.757545,0.0,0.0,0.0,0.11106761,0.0,0.0,0.0,"9273d490-b46d-48de-afa3-955b5c30eb93",0.0,0.0,0.0,0.0,0.0,0.0,0.0,0.0,0.0,0.0,0.0,0.0,1,0,0,0,3.696069975974915E-4,0.0,0.0,0.0,0.0,0.0,0.0,0.0,0.0,0.0
2012-07-21T12:30:00,2012,203,12,0,1764.0,45,839.7005,0.0,119.035194,0.0,0.11091847,0.0,0.5,0.80620974,3.7074916,0.11702195571097108,0.21190882,0.0,0.06584884033891261,0.0,0.005265989262503081,0.0036368736258087266,1.1751592782363605E-4,0.0035193576979850906,3.2126875795840463E-4,24.283907633540878,0.7695912083856035,-23.514316425155275,28.641385150956395,0.0,26.107506468555744,-2.533878682400651,0.012664062229509002,4.316521785988222E-4,0.15,0.013810485294525297,153.1999969482422,64.46802653420298,9.376563285129231,9.282000504434109,0.013010981626924562,0.012879765683001225,0.0,0.0,0.0,0.0,3.707491753075068E-4,1.0,45,0,0,0,839.7005,0.0,0.0,0.0,119.035194,0.0,0.0,0.0,0.11091847,0.0,0.0,0.0,"9273d490-b46d-48de-afa3-955b5c30eb93",0.0,0.0,0.0,0.0,0.0,0.0,0.0,0.0,0.0,0.0,0.0,0.0,1,0,0,0,3.707491753075068E-4,0.0,0.0,0.0,0.0,0.0,0.0,0.0,0.0,0.0
2012-07-21T13:30:00,2012,203,13,0,1765.0,45,843.2971,0.0,119.31205,0.0,0.11076952,0.0,0.5,0.8097698,3.7185493,0.11668722249962298,0.21135153,0.0,0.06615139282466694,0.0,0.005250926264401119,0.003656252610303437,1.1705911478171689E-4,0.0035391934955217204,3.396465887565146E-4,24.28375663121194,0.7682785791426814,-23.51547805206926,28.658739975245446,0.0,26.219897203661162,-2.4388427715842838,0.01263976042374163,4.2673901887815504E-4,0.15,0.013809836726717541,153.1999969482422,64.39844912511316,9.361398254864609,9.282000504434109,0.012930374551369302,0.012820706890230219,0.0,0.0,0.0,0.0,3.7185492949209497E-4,1.0,45,0,0,0,843.2971,0.0,0.0,0.0,119.31205,0.0,0.0,0.0,0.11076952,0.0,0.0,0.0,"9273d490-b46d-48de-afa3-955b5c30eb93",0.0,0.0,0.0,0.0,0.0,0.0,0.0,0.0,0.0,0.0,0.0,0.0,1,0,0,0,3.7185492949209497E-4,0.0,0.0,0.0,0.0,0.0,0.0,0.0,0.0,0.0
2012-07-21T14:30:00,2012,203,14,0,1766.0,45,846.9321,0.0,119.58724,0.0,0.11061369,0.0,0.5,0.81333035,3.7295938,0.11598858491391763,0.21013388,0.0,0.06571005663431664,0.0,0.005219487565548811,0.0036760070720494756,1.1671618751855099E-4,0.0035592908845309247,3.1934616824790994E-4,24.20813354878996,0.7704431590381507,-23.437690389751808,28.406440033726774,0.0,26.162644701237536,-2.2437953324892383,0.012615493623847595,4.2188172933978803E-4,0.15,0.013809188201362973,153.1999969482422,64.32900809538731,9.346609896727353,9.282000504434109,0.012850313860816141,0.012761484758232595,0.0,0.0,0.0,0.0,3.729593834171219E-4,1.0,45,0,0,0,846.9321,0.0,0.0,0.0,119.58724,0.0,0.0,0.0,0.11061369,0.0,0.0,0.0,"9273d490-b46d-48de-afa3-955b5c30eb93",0.0,0.0,0.0,0.0,0.0,0.0,0.0,0.0,0.0,0.0,0.0,0.0,1,0,0,0,3.729593834171219E-4,0.0,0.0,0.0,0.0,0.0,0.0,0.0,0.0,0.0
2012-07-21T15:30:00,2012,203,15,0,1767.0,45,850.50604,0.0,119.86124,0.0,0.1104668,0.0,0.5,0.8169307,3.7407424,0.11548133638639653,0.2091246,0.0,0.06472820232987517,0.0,0.0051966613763681745,0.0036515094723712483,1.1491471430411872E-4,0.0035365947580671296,3.546965790587706E-4,24.15283996390242,0.7635195634155831,-23.389320400486838,28.242706344352307,0.0,25.897504801014,-2.3452015433383053,0.012591261971819109,4.170796758417025E-4,0.15,0.013808539718481946,153.1999969482422,64.25972218033517,9.331791468783528,9.282000504434109,0.012771994582643057,0.012703847975524514,0.0,0.0,0.0,0.0,3.74074247147836E-4,1.0,45,0,0,0,850.50604,0.0,0.0,0.0,119.86124,0.0,0.0,0.0,0.1104668,0.0,0.0,0.0,"9273d490-b46d-48de-afa3-955b5c30eb93",0.0,0.0,0.0,0.0,0.0,0.0,0.0,0.0,0.0,0.0,0.0,0.0,1,0,0,0,3.74074247147836E-4,0.0,0.0,0.0,0.0,0.0,0.0,0.0,0.0,0.0
2012-07-21T16:30:00,2012,203,16,0,1768.0,45,854.1822,0.0,120.13642,0.0,0.11030757,0.0,0.5,0.8204692,3.7516904,0.11598343701167702,0.20960847,0.0,0.06687953340567226,0.0,0.0052192559098927505,0.0037071936151598112,1.1542659227434112E-4,0.00359176702288547,3.0935752881828735E-4,24.112021608623344,0.7714335379717777,-23.340588070651567,28.583936686742383,0.0,26.562187081693118,-2.0217496050492656,0.012567065608606643,4.123322314126781E-4,0.15,0.013807891278094802,153.1999969482422,64.19057224264229,9.316714714304133,9.282000504434109,0.012692280353603844,0.012644988738755133,0.0,0.0,0.0,0.0,3.7516904108671727E-4,1.0,45,0,0,0,854.1822,0.0,0.0,0.0,120.13642,0.0,0.0,0.0,0.11030757,0.0,0.0,0.0,"9273d490-b46d-48de-afa3-955b5c30eb93",0.0,0.0,0.0,0.0,0.0,0.0,0.0,0.0,0.0,0.0,0.0,0.0,1,0,0,0,3.7516904108671727E-4,0.0,0.0,0.0,0.0,0.0,0.0,0.0,0.0,0.0
2012-07-21T17:30:00,2012,203,17,0,1769.0,45,857.84357,0.0,120.40455,0.0,0.110141955,0.0,0.5,0.8241116,3.7629378,0.1130067810859124,0.2055074,0.0,0.06323609402907081,0.0,0.00508530636129729,0.003727445778229919,1.155526493505166E-4,0.0036118931288794025,3.3727126074435215E-4,23.968795116703575,0.7688946449647562,-23.199900471738818,27.381633903993382,0.0,25.705056843811025,-1.6765770601823569,0.012542904674117197,4.076387761718153E-4,0.15,0.013807242880221884,153.1999969482422,64.12155811989801,9.303261220933537,9.282000504434109,0.012615635012742727,0.01258680453780533,0.0,0.0,0.0,0.0,3.762937707512133E-4,1.0,45,0,0,0,857.84357,0.0,0.0,0.0,120.40455,0.0,0.0,0.0,0.110141955,0.0,0.0,0.0,"9273d490-b46d-48de-afa3-955b5c30eb93",0.0,0.0,0.0,0.0,0.0,0.0,0.0,0.0,0.0,0.0,0.0,0.0,1,0,0,0,3.762937707512133E-4,0.0,0.0,0.0,0.0,0.0,0.0,0.0,0.0,0.0
2012-07-21T18:30:00,2012,203,18,0,1770.0,45,861.59155,0.0,120.67237,0.0,0.109964564,0.0,0.5,0.8277416,3.7741258,0.11287938495965655,0.20492171,0.0,0.06314712073646402,0.0,0.005079573534248965,0.0037251570754027762,1.143915888527364E-4,0.00361076548655004,2.48002067652771E-4,23.876572845273543,0.7752407747689776,-23.101332070504565,27.34144737150596,0.0,25.728610868045813,-1.612836503460148,0.012518779307212615,4.0299869724894755E-4,0.15,0.013806594524883526,153.1999969482422,64.05269843051013,9.290458382007658,9.282000504434109,0.01253909791582266,0.012527682531274986,0.0,0.0,0.0,0.0,3.7741258784960643E-4,1.0,45,0,0,0,861.59155,0.0,0.0,0.0,120.67237,0.0,0.0,0.0,0.109964564,0.0,0.0,0.0,"9273d490-b46d-48de-afa3-955b5c30eb93",0.0,0.0,0.0,0.0,0.0,0.0,0.0,0.0,0.0,0.0,0.0,0.0,1,0,0,0,3.7741258784960643E-4,0.0,0.0,0.0,0.0,0.0,0.0,0.0,0.0,0.0
2012-07-21T19:30:00,2012,203,19,0,1771.0,45,865.3444,0.0,120.93956,0.0,0.10978724,0.0,0.5,0.83146024,3.7855647,0.11261501969351234,0.20435683,0.0,0.06308207409836035,0.0,0.005067677094436144,0.003722747897800536,1.1322899533845233E-4,0.0036095189024620837,2.4013813506300856E-4,23.7609220187424,0.7742524553455251,-22.986669563396873,27.295428141272442,0.0,25.75875282601447,-1.5366753152579733,0.012494689645707971,3.984113887059325E-4,0.15,0.013805946212100056,153.1999969482422,63.98396790570091,9.278705487332576,9.282000504434109,0.012464595709193308,0.01246902208699801,0.0,0.0,0.0,0.0,3.785564687031963E-4,1.0,45,0,0,0,865.3444,0.0,0.0,0.0,120.93956,0.0,0.0,0.0,0.10978724,0.0,0.0,0.0,"9273d490-b46d-48de-afa3-955b5c30eb93",0.0,0.0,0.0,0.0,0.0,0.0,0.0,0.0,0.0,0.0,0.0,0.0,1,0,0,0,3.785564687031963E-4,0.0,0.0,0.0,0.0,0.0,0.0,0.0,0.0,0.0
2012-07-21T20:30:00,2012,203,20,0,1772.0,45,869.12256,0.0,121.20612,0.0,0.109606974,0.0,0.5,0.83518404,3.797004,0.112350236122269,0.20379041,0.0,0.06293712960497623,0.0,0.005055761830889374,0.0037154761623444045,1.1192868112832608E-4,0.0036035474812160786,2.0690550937184536E-4,23.64462732873541,0.7750813857606861,-22.869545942974725,27.249280216628705,0.0,25.762924155776698,-1.4863560608520068,0.012470635826370008,3.938762514588146E-4,0.15,0.013805297941891795,153.1999969482422,63.91538512488357,9.268026315699204,9.282000504434109,0.012391793600264243,0.01241047775767117,0.0,0.0,0.0,0.0,3.797003872969752E-4,1.0,45,0,0,0,869.12256,0.0,0.0,0.0,121.20612,0.0,0.0,0.0,0.109606974,0.0,0.0,0.0,"9273d490-b46d-48de-afa3-955b5c30eb93",0.0,0.0,0.0,0.0,0.0,0.0,0.0,0.0,0.0,0.0,0.0,0.0,1,0,0,0,3.797003872969752E-4,0.0,0.0,0.0,0.0,0.0,0.0,0.0,0.0,0.0
2012-07-21T21:30:00,2012,203,21,0,1773.0,45,872.90967,0.0,121.47197,0.0,0.10942609,0.0,0.5,0.8389339,3.8085058,0.11204599344593152,0.20321652,0.0,0.06279644543234023,0.0,0.005042070907190018,0.003708690379939751,1.1065930228321311E-4,0.0035980310776565377,1.9048806765217645E-4,23.53689726466834,0.7744540951443066,-22.762443169524033,27.20738364788511,0.0,25.76446160500748,-1.4429220428776297,0.012446617984915647,3.8939269320084814E-4,0.15,0.01380464971427906,153.1999969482422,63.84694362589751,9.25825673486147,9.282000504434109,0.012320724627757247,0.012352322417158338,0.0,0.0,0.0,0.0,3.808505845517562E-4,1.0,45,0,0,0,872.90967,0.0,0.0,0.0,121.47197,0.0,0.0,0.0,0.10942609,0.0,0.0,0.0,"9273d490-b46d-48de-afa3-955b5c30eb93",0.0,0.0,0.0,0.0,0.0,0.0,0.0,0.0,0.0,0.0,0.0,0.0,1,0,0,0,3.808505845517562E-4,0.0,0.0,0.0,0.0,0.0,0.0,0.0,0.0,0.0
2012-07-21T22:30:00,2012,203,22,0,1774.0,45,876.6316,0.0,121.737045,0.0,0.10925525,0.0,0.5,0.84269315,3.8200204,0.11172282245041046,0.20261504,0.0,0.06264220822047342,0.0,0.005027528208924321,0.0037026196920484063,1.0943444677303976E-4,0.0035931852452753665,2.487841305242362E-4,23.459736700069968,0.7673353644510846,-22.692401335618882,27.177164440248426,0.0,25.7467842787186,-1.4303801615298255,0.01242263625601054,3.849601283263726E-4,0.15,0.013804001529282163,153.1999969482422,63.77863699787264,9.248823188080308,9.282000504434109,0.012251808421488139,0.012295758026279994,0.0,0.0,0.0,0.0,3.820020488684467E-4,1.0,45,0,0,0,876.6316,0.0,0.0,0.0,121.737045,0.0,0.0,0.0,0.10925525,0.0,0.0,0.0,"9273d490-b46d-48de-afa3-955b5c30eb93",0.0,0.0,0.0,0.0,0.0,0.0,0.0,0.0,0.0,0.0,0.0,0.0,1,0,0,0,3.820020488684467E-4,0.0,0.0,0.0,0.0,0.0,0.0,0.0,0.0,0.0
2012-07-21T23:30:00,2012,203,23,0,1775.0,45,880.4537,0.0,122.0014,0.0,0.10907057,0.0,0.5,0.8463862,3.8313231,0.11142167536821215,0.20203097,0.0,0.06241694990211155,0.0,0.00501397658699444,0.003690984480319154,1.0805011277411001E-4,0.0035829343675450437,1.3626825762266592E-4,23.358681292116554,0.7747337816536461,-22.583947510462906,27.13675234382486,0.0,25.724943906438384,-1.411808437386476,0.012398690773267695,3.8057797785553043E-4,0.15,0.013803353386921409,153.1999969482422,63.710483665527164,9.24023226350282,9.282000504434109,0.012183011101197058,0.01223808146397931,0.0,0.0,0.0,0.0,3.831323067822544E-4,1.0,45,0,0,0,880.4537,0.0,0.0,0.0,122.0014,0.0,0.0,0.0,0.10907057,0.0,0.0,0.0,"9273d490-b46d-48de-afa3-955b5c30eb93",0.0,0.0,0.0,0.0,0.0,0.0,0.0,0.0,0.0,0.0,0.0,0.0,1,0,0,0,3.831323067822544E-4,0.0,0.0,0.0,0.0,0.0,0.0,0.0,0.0,0.0
2012-07-22T00:30:00,2012,204,0,0,1776.0,45,884.3032,0.0,122.26504,0.0,0.108882695,0.0,0.5,0.85018176,3.8429155,0.11111433347768634,0.20148312,0.0,0.0620838482545087,0.0,0.005000146198623358,0.0036704160826904523,1.064026947636515E-4,0.003564013387926801,8.750645369716747E-5,23.210836046571547,0.775704593109817,-22.43513145346173,27.080700517261864,0.0,25.671354647430007,-1.4093458698318564,0.012374781669246153,3.7624566935981864E-4,0.15,0.013802705287217096,153.1999969482422,63.64245861653468,9.233325805264073,9.282000504434109,0.012116618581383352,0.0121804929400755,0.0,0.0,0.0,0.0,3.8429154393144273E-4,1.0,45,0,0,0,884.3032,0.0,0.0,0.0,122.26504,0.0,0.0,0.0,0.108882695,0.0,0.0,0.0,"9273d490-b46d-48de-afa3-955b5c30eb93",0.0,0.0,0.0,0.0,0.0,0.0,0.0,0.0,0.0,0.0,0.0,0.0,1,0,0,0,3.8429154393144273E-4,0.0,0.0,0.0,0.0,0.0,0.0,0.0,0.0,0.0
2012-07-22T01:30:00,2012,204,1,0,1777.0,45,888.20294,0.0,122.52767,0.0,0.10868808,0.0,0.5,0.85400563,3.8545763,0.11069127203328943,0.20087342,0.0,0.06190039083810102,0.0,0.00498110842908654,0.0036623986747572777,1.0516493853681565E-4,0.003557233736220462,2.8306474399938E-5,23.136469366994348,0.7786506830482236,-22.357818683946125,27.05320402048399,0.0,25.652280101839164,-1.4009239186448248,0.012350909075449733,3.7196263688846546E-4,0.15,0.013802057230189516,153.1999969482422,63.574580236919175,9.226702278429315,9.282000504434109,0.012050412123043372,0.012122633637612975,0.0,0.0,0.0,0.0,3.854576454227975E-4,1.0,45,0,0,0,888.20294,0.0,0.0,0.0,122.52767,0.0,0.0,0.0,0.10868808,0.0,0.0,0.0,"9273d490-b46d-48de-afa3-955b5c30eb93",0.0,0.0,0.0,0.0,0.0,0.0,0.0,0.0,0.0,0.0,0.0,0.0,1,0,0,0,3.854576454227975E-4,0.0,0.0,0.0,0.0,0.0,0.0,0.0,0.0,0.0
2012-07-22T02:30:00,2012,204,2,0,1778.0,45,892.098,0.0,122.78949,0.0,0.108494855,0.0,0.5,0.85788107,3.8663745,0.11035252650381008,0.20025603,0.0,0.06176454528279433,0.0,0.004965864876625624,0.003657425457260617,1.0402851079818893E-4,0.0035533969464624283,2.7108930475595802E-5,23.05954964974165,0.7768165971127143,-22.282733052628938,27.02380987415204,0.0,25.646228444585926,-1.3775814295661135,0.012327073122325824,3.6772832089562225E-4,0.15,0.013801409215858956,153.1999969482422,63.50684828589546,9.220387369627936,9.282000504434109,0.01198529179920624,0.012065380777002149,0.0,0.0,0.0,0.0,3.866374547988698E-4,1.0,45,0,0,0,892.098,0.0,0.0,0.0,122.78949,0.0,0.0,0.0,0.108494855,0.0,0.0,0.0,"9273d490-b46d-48de-afa3-955b5c30eb93",0.0,0.0,0.0,0.0,0.0,0.0,0.0,0.0,0.0,0.0,0.0,0.0,1,0,0,0,3.866374547988698E-4,0.0,0.0,0.0,0.0,0.0,0.0,0.0,0.0,0.0
2012-07-22T03:30:00,2012,204,3,0,1779.0,45,895.9818,0.0,123.05055,0.0,0.108303994,0.0,0.5,0.86175215,3.8781438,0.1100298389425403,0.19963032,0.0,0.06163503900234348,0.0,0.004951343932906421,0.0036531232655935913,1.0292471864358827E-4,0.003550198546950003,3.3364345450147194E-5,22.98675711082624,0.7744185940520084,-22.21233851677423,26.99523297448981,0.0,25.640906780431045,-1.354326194058764,0.012303273939264244,3.635421681683629E-4,0.15,0.0138007612442457,153.1999969482422,63.439244087479594,9.214314668040167,9.282000504434109,0.011921260009864015,0.012008830326670758,0.0,0.0,0.0,0.0,3.878143884788995E-4,1.0,45,0,0,0,895.9818,0.0,0.0,0.0,123.05055,0.0,0.0,0.0,0.108303994,0.0,0.0,0.0,"9273d490-b46d-48de-afa3-955b5c30eb93",0.0,0.0,0.0,0.0,0.0,0.0,0.0,0.0,0.0,0.0,0.0,0.0,1,0,0,0,3.878143884788995E-4,0.0,0.0,0.0,0.0,0.0,0.0,0.0,0.0,0.0
2012-07-22T04:30:00,2012,204,4,0,1780.0,45,899.9007,0.0,123.31086,0.0,0.10810901,0.0,0.5,0.86561203,3.8898642,0.10971233703087309,0.19900326,0.0,0.06152552828362591,0.0,0.004937056343474971,0.0036498672782893544,1.0186147830524898E-4,0.0035480057999841053,-5.728021049876038E-6,22.911531387937206,0.7760101740185669,-22.13552121391864,26.965280865093725,0.0,25.64708879498126,-1.3181920701124632,0.012279511654596155,3.594036317554818E-4,0.15,0.013800113315370021,153.1999969482422,63.37178591235588,9.208547428498239,9.282000504434109,0.011857671933900728,0.01195225606714719,0.0,0.0,0.0,0.0,3.889864262142552E-4,1.0,45,0,0,0,899.9007,0.0,0.0,0.0,123.31086,0.0,0.0,0.0,0.10810901,0.0,0.0,0.0,"9273d490-b46d-48de-afa3-955b5c30eb93",0.0,0.0,0.0,0.0,0.0,0.0,0.0,0.0,0.0,0.0,0.0,0.0,1,0,0,0,3.889864262142552E-4,0.0,0.0,0.0,0.0,0.0,0.0,0.0,0.0,0.0
2012-07-22T05:30:00,2012,204,5,0,1781.0,45,903.6853,0.0,123.57045,0.0,0.10793347,0.0,0.5,0.8695079,3.9016757,0.10941083910262016,0.19838427,0.0,0.06061185869569468,0.0,0.0049234889334688675,0.003598111938947612,9.943803455450275E-5,0.0034986739043931093,7.602599016793524E-5,22.82188072572019,0.7631312823649041,-22.05874944335529,26.93011121131474,0.0,25.36519624541673,-1.5649149658980086,0.012255786395593037,3.553121708970811E-4,0.15,0.013799465429252186,153.1999969482422,63.304461280253015,9.203351812648776,9.282000504434109,0.011797431597419602,0.011898248406387917,0.0,0.0,0.0,0.0,3.901675670915076E-4,1.0,45,0,0,0,903.6853,0.0,0.0,0.0,123.57045,0.0,0.0,0.0,0.10793347,0.0,0.0,0.0,"9273d490-b46d-48de-afa3-955b5c30eb93",0.0,0.0,0.0,0.0,0.0,0.0,0.0,0.0,0.0,0.0,0.0,0.0,1,0,0,0,3.901675670915076E-4,0.0,0.0,0.0,0.0,0.0,0.0,0.0,0.0,0.0
2012-07-22T06:30:00,2012,204,6,0,1782.0,45,907.55725,0.0,123.82848,0.0,0.107745424,0.0,0.5,0.8732671,3.9130685,0.1087550813910478,0.19775106,0.0,0.06056299359115411,0.0,0.004893979829412595,0.0035983838192091837,9.851229226812583E-5,0.003499871526941058,-1.2561924285227327E-5,22.769575028960215,0.7692876171743238,-22.00028741178589,26.91221834034236,0.0,25.388974746506772,-1.5232435938355877,0.012232098288465717,3.5126725095493944E-4,0.15,0.013798817585912464,153.1999969482422,63.237282240187064,9.198101606713912,9.282000504434109,0.011736332995305495,0.01184338393295382,0.0,0.0,0.0,0.0,3.913068454530936E-4,1.0,45,0,0,0,907.55725,0.0,0.0,0.0,123.82848,0.0,0.0,0.0,0.107745424,0.0,0.0,0.0,"9273d490-b46d-48de-afa3-955b5c30eb93",0.0,0.0,0.0,0.0,0.0,0.0,0.0,0.0,0.0,0.0,0.0,0.0,1,0,0,0,3.913068454530936E-4,0.0,0.0,0.0,0.0,0.0,0.0,0.0,0.0,0.0
2012-07-22T07:30:00,2012,204,7,0,1783.0,45,911.3804,0.0,124.08574,0.0,0.10756473,0.0,0.5,0.877116,3.9247098,0.1084249725986316,0.19706595,0.0,0.06061403224038339,0.0,0.004879124930212182,0.0036076058492641107,9.785274553346924E-5,0.0035097531037306413,4.4658251668237856E-5,22.743926016123797,0.7638219155941448,-21.98010410052965,26.898657870274615,0.0,25.431697089343526,-1.466960780931089,0.012208447458363464,3.4726834334365404E-4,0.15,0.01379816978537111,153.1999969482422,63.17024245675206,9.192229690988375,9.282000504434109,0.011675717554267679,0.011789741974636198,0.0,0.0,0.0,0.0,3.9247097857920006E-4,1.0,45,0,0,0,911.3804,0.0,0.0,0.0,124.08574,0.0,0.0,0.0,0.10756473,0.0,0.0,0.0,"9273d490-b46d-48de-afa3-955b5c30eb93",0.0,0.0,0.0,0.0,0.0,0.0,0.0,0.0,0.0,0.0,0.0,0.0,1,0,0,0,3.9247097857920006E-4,0.0,0.0,0.0,0.0,0.0,0.0,0.0,0.0,0.0
2012-07-22T08:30:00,2012,204,8,0,1784.0,45,915.1864,0.0,124.34221,0.0,0.10738695,0.0,0.5,0.88091546,3.9361904,0.10809524093587511,0.19630696,0.0,0.06074775469920308,0.0,0.0048642870018505025,0.003626315278685618,9.747998657776525E-5,0.003528835292107853,7.966244289393036E-5,22.794038376574026,0.7610825460292094,-22.032955830544815,26.910632715869063,0.0,25.487706725405502,-1.4229259904635612,0.012184834029373131,3.4331492546254666E-4,0.15,0.013797522027648373,153.1999969482422,63.103341726770864,9.184299093718524,9.282000504434109,0.011613285043990694,0.01173682569965337,0.0,0.0,0.0,0.0,3.936190399899263E-4,1.0,45,0,0,0,915.1864,0.0,0.0,0.0,124.34221,0.0,0.0,0.0,0.10738695,0.0,0.0,0.0,"9273d490-b46d-48de-afa3-955b5c30eb93",0.0,0.0,0.0,0.0,0.0,0.0,0.0,0.0,0.0,0.0,0.0,0.0,1,0,0,0,3.936190399899263E-4,0.0,0.0,0.0,0.0,0.0,0.0,0.0,0.0,0.0
2012-07-22T09:30:00,2012,204,9,0,1785.0,45,919.0052,0.0,124.5981,0.0,0.10720826,0.0,0.5,0.8846978,3.9476058,0.10785032268975045,0.19556786,0.0,0.06083048936427913,0.0,0.004853265678147206,0.0036405987596912115,9.697736527165998E-5,0.0035436213944195515,8.058882908124462E-5,22.813916368477823,0.7608499246867894,-22.053066443791035,26.91025930846814,0.0,25.53709118208922,-1.3731681263789213,0.012161258124518366,3.394064806283258E-4,0.15,0.0137968743127645,153.1999969482422,63.03657984695583,9.174897431849201,9.282000504434109,0.011549364560196725,0.011684185950843159,0.0,0.0,0.0,0.0,3.947605937994726E-4,1.0,45,0,0,0,919.0052,0.0,0.0,0.0,124.5981,0.0,0.0,0.0,0.10720826,0.0,0.0,0.0,"9273d490-b46d-48de-afa3-955b5c30eb93",0.0,0.0,0.0,0.0,0.0,0.0,0.0,0.0,0.0,0.0,0.0,0.0,1,0,0,0,3.947605937994726E-4,0.0,0.0,0.0,0.0,0.0,0.0,0.0,0.0,0.0
2012-07-22T10:30:00,2012,204,10,0,1786.0,45,922.7854,0.0,124.85328,0.0,0.107035436,0.0,0.5,0.88849336,3.9590461,0.10755378206396912,0.19480443,0.0,0.06100444128390259,0.0,0.00483992134680551,0.0036618345207395653,9.667006745007075E-5,0.0035651644532894945,1.3975459837309482E-4,22.8615008060777,0.7563486272228522,-22.105152178854848,26.921084510718288,0.0,25.60743498388423,-1.313649526834059,0.012137719865758869,3.3554249800849754E-4,0.15,0.013796226640739734,153.1999969482422,62.969956613911094,9.1634749880422,9.282000504434109,0.011484028467673914,0.011632569322116868,0.0,0.0,0.0,0.0,3.959046042484815E-4,1.0,45,0,0,0,922.7854,0.0,0.0,0.0,124.85328,0.0,0.0,0.0,0.107035436,0.0,0.0,0.0,"9273d490-b46d-48de-afa3-955b5c30eb93",0.0,0.0,0.0,0.0,0.0,0.0,0.0,0.0,0.0,0.0,0.0,0.0,1,0,0,0,3.959046042484815E-4,0.0,0.0,0.0,0.0,0.0,0.0,0.0,0.0,0.0
2012-07-22T11:30:00,2012,204,11,0,1787.0,45,926.59955,0.0,125.10804,0.0,0.10685904,0.0,0.5,0.89224976,3.970357,0.10737589103933927,0.19412054,0.0,0.060931678375334745,0.0,0.004831916248788603,0.00366297866574357,9.579652909108337E-5,0.0035671821366524865,1.0648107693830982E-4,22.80558974260653,0.7578880684423854,-22.047701674164145,26.891033960982583,0.0,25.62485056272601,-1.2661833982565724,0.012114219373989718,3.317224725555158E-4,0.15,0.013795579011594304,153.1999969482422,62.90347182413501,9.152062794393881,9.282000504434109,0.011418789590904565,0.011580909476246938,0.0,0.0,0.0,0.0,3.9703569105919284E-4,1.0,45,0,0,0,926.59955,0.0,0.0,0.0,125.10804,0.0,0.0,0.0,0.10685904,0.0,0.0,0.0,"9273d490-b46d-48de-afa3-955b5c30eb93",0.0,0.0,0.0,0.0,0.0,0.0,0.0,0.0,0.0,0.0,0.0,0.0,1,0,0,0,3.9703569105919284E-4,0.0,0.0,0.0,0.0,0.0,0.0,0.0,0.0,0.0
2012-07-22T12:30:00,2012,204,12,0,1788.0,45,930.574,0.0,125.36569,0.0,0.10666672,0.0,0.5,0.89604104,3.981756,0.10859122506876825,0.19517113,0.0,0.06430461770407117,0.0,0.004886606293152028,0.0037536087895440997,9.706211400238883E-5,0.0036565466755417108,3.975116846628328E-5,22.80588419589602,0.7698239474240516,-22.03606024847197,27.437774491892633,0.0,26.639284887874236,-0.7984896040183962,0.012090756769040738,3.279459049416649E-4,0.15,0.013794931425348444,153.1999969482422,62.83711924276464,9.139552991834993,9.282000504434109,0.01135054508881755,0.0115274527467731,0.0,0.0,0.0,0.0,3.9817559660931183E-4,1.0,45,0,0,0,930.574,0.0,0.0,0.0,125.36569,0.0,0.0,0.0,0.10666672,0.0,0.0,0.0,"9273d490-b46d-48de-afa3-955b5c30eb93",0.0,0.0,0.0,0.0,0.0,0.0,0.0,0.0,0.0,0.0,0.0,0.0,1,0,0,0,3.9817559660931183E-4,0.0,0.0,0.0,0.0,0.0,0.0,0.0,0.0,0.0
2012-07-22T13:30:00,2012,204,13,0,1789.0,45,934.45416,0.0,125.62225,0.0,0.10648718,0.0,0.5,0.8999947,3.9936197,0.10813557783954195,0.19361743,0.0,0.06315304783635046,0.0,0.004866102162948279,0.003749749016429811,9.618323864973445E-5,0.0036535657777800766,1.2902683704987518E-4,22.81611560745691,0.7606377176200478,-22.055477889836865,27.178458545478456,0.0,26.34736728904015,-0.831091256438306,0.012067332169675945,3.2421230149466625E-4,0.15,0.01379428388202237,153.1999969482422,62.77091074116136,9.125672903043471,9.282000504434109,0.011282532940875039,0.011475808695002674,0.0,0.0,0.0,0.0,3.993619655514391E-4,1.0,45,0,0,0,934.45416,0.0,0.0,0.0,125.62225,0.0,0.0,0.0,0.10648718,0.0,0.0,0.0,"9273d490-b46d-48de-afa3-955b5c30eb93",0.0,0.0,0.0,0.0,0.0,0.0,0.0,0.0,0.0,0.0,0.0,0.0,1,0,0,0,3.993619655514391E-4,0.0,0.0,0.0,0.0,0.0,0.0,0.0,0.0,0.0
2012-07-22T14:30:00,2012,204,14,0,1790.0,45,938.3393,0.0,125.87598,0.0,0.10630493,0.0,0.5,0.90385264,4.005188,0.10693632692818031,0.19198371,0.0,0.062060013927224475,0.0,0.004812135859070438,0.003753177716427763,9.548984210142807E-5,0.003657687874326335,1.2470168173026958E-4,22.703303603555323,0.7598189644708243,-21.9434846390845,26.82267800128514,0.0,26.131667010754647,-0.6910109905304935,0.012043945693593025,3.2052117413400045E-4,0.15,0.0137936363816363,153.1999969482422,62.70484007169173,9.112879926055356,9.282000504434109,0.01121635893439351,0.011424516742427905,0.0,0.0,0.0,0.0,4.0051879982854106E-4,1.0,45,0,0,0,938.3393,0.0,0.0,0.0,125.87598,0.0,0.0,0.0,0.10630493,0.0,0.0,0.0,"9273d490-b46d-48de-afa3-955b5c30eb93",0.0,0.0,0.0,0.0,0.0,0.0,0.0,0.0,0.0,0.0,0.0,0.0,1,0,0,0,4.0051879982854106E-4,0.0,0.0,0.0,0.0,0.0,0.0,0.0,0.0,0.0
2012-07-22T15:30:00,2012,204,15,0,1791.0,45,942.09045,0.0,126.13003,0.0,0.10614215,0.0,0.5,0.9077167,4.016757,0.1070787552573868,0.19179858,0.0,0.06215525160763984,0.0,0.004818545135412821,0.0037306817741107373,9.395361465422655E-5,0.0036367281594565106,2.3644865682308954E-4,22.665036726620173,0.7475721295458981,-21.917464597074275,26.959937938325357,0.0,26.132928561261412,-0.8270093770639448,0.012020597457422894,3.16872040307939E-4,0.15,0.013792988924210445,153.1999969482422,62.638907030454234,9.099716370262733,9.282000504434109,0.01115215415982684,0.011375552415602482,0.0,0.0,0.0,0.0,4.016757021627655E-4,1.0,45,0,0,0,942.09045,0.0,0.0,0.0,126.13003,0.0,0.0,0.0,0.10614215,0.0,0.0,0.0,"9273d490-b46d-48de-afa3-955b5c30eb93",0.0,0.0,0.0,0.0,0.0,0.0,0.0,0.0,0.0,0.0,0.0,0.0,1,0,0,0,4.016757021627655E-4,0.0,0.0,0.0,0.0,0.0,0.0,0.0,0.0,0.0
2012-07-22T16:30:00,2012,204,16,0,1792.0,45,945.91754,0.0,126.381805,0.0,0.105968036,0.0,0.5,0.91144395,4.027914,0.1061176985864114,0.1905712,0.0,0.06198498043044671,0.0,0.004775297574907908,0.0037618298680571443,9.393880081626818E-5,0.003667891067240876,1.8940357493555887E-4,22.616772651638232,0.752643780007902,-21.86412887163033,26.770683777035266,0.0,26.17744507416854,-0.5932387028667279,0.011997287576729285,3.13264422931276E-4,0.15,0.013792341509765008,153.1999969482422,62.57311141345316,9.086466727953527,9.282000504434109,0.011087334724296252,0.011325925641387983,0.0,0.0,0.0,0.0,4.027914224748929E-4,1.0,45,0,0,0,945.91754,0.0,0.0,0.0,126.381805,0.0,0.0,0.0,0.105968036,0.0,0.0,0.0,"9273d490-b46d-48de-afa3-955b5c30eb93",0.0,0.0,0.0,0.0,0.0,0.0,0.0,0.0,0.0,0.0,0.0,0.0,1,0,0,0,4.027914224748929E-4,0.0,0.0,0.0,0.0,0.0,0.0,0.0,0.0,0.0
2012-07-22T17:30:00,2012,204,17,0,1793.0,45,949.8368,0.0,126.63337,0.0,0.10578331,0.0,0.5,0.9152496,4.0392838,0.10602643618861896,0.1899033,0.0,0.0617775615590066,0.0,0.00477119076602811,0.0037528960193359954,9.28217126395359E-5,0.0036600743066964596,8.805810176503335E-5,22.506342305070557,0.75882685921916,-21.7475154458514,26.715753820606594,0.0,26.168388880010955,-0.5473649405956387,0.011974016166008423,3.096978503237529E-4,0.15,0.013791694138320189,153.1999969482422,62.507447047918774,9.074302220721028,9.282000504434109,0.011023159176368614,0.011275464112477072,0.0,0.0,0.0,0.0,4.0392839561921736E-4,1.0,45,0,0,0,949.8368,0.0,0.0,0.0,126.63337,0.0,0.0,0.0,0.10578331,0.0,0.0,0.0,"9273d490-b46d-48de-afa3-955b5c30eb93",0.0,0.0,0.0,0.0,0.0,0.0,0.0,0.0,0.0,0.0,0.0,0.0,1,0,0,0,4.0392839561921736E-4,0.0,0.0,0.0,0.0,0.0,0.0,0.0,0.0,0.0
2012-07-22T18:30:00,2012,204,18,0,1794.0,45,953.7259,0.0,126.88412,0.0,0.10560305,0.0,0.5,0.91914934,4.050914,0.10568206710422336,0.18926159,0.0,0.061587799883658874,0.0,0.004755694153535628,0.003743135660117696,9.16897899715094E-5,0.0036514458701461866,1.0763900218389632E-4,22.38051118620643,0.7551285230449801,-21.62538266316145,26.660777616128886,0.0,26.157375863994396,-0.50340175213449,0.011950783338688726,3.0617185614916956E-4,0.15,0.01379104680989618,153.1999969482422,62.441931635720465,9.063486559654262,9.282000504434109,0.010961573303888163,0.011225848713562013,0.0,0.0,0.0,0.0,4.050913850493717E-4,1.0,45,0,0,0,953.7259,0.0,0.0,0.0,126.88412,0.0,0.0,0.0,0.10560305,0.0,0.0,0.0,"9273d490-b46d-48de-afa3-955b5c30eb93",0.0,0.0,0.0,0.0,0.0,0.0,0.0,0.0,0.0,0.0,0.0,0.0,1,0,0,0,4.050913850493717E-4,0.0,0.0,0.0,0.0,0.0,0.0,0.0,0.0,0.0
2012-07-22T19:30:00,2012,204,19,0,1795.0,45,957.5794,0.0,127.13396,0.0,0.105427735,0.0,0.5,0.9230187,4.0624404,0.10530207708611596,0.18858461,0.0,0.06143803646664366,0.0,0.004738594598643943,0.0037379981677730617,9.069607965177284E-5,0.0036473020881212887,1.371517929252959E-4,22.29614043222454,0.7510455980397517,-21.545094834184788,26.621125081981592,0.0,26.14974671485763,-0.4713783671239611,0.011927589207130591,3.026859793551725E-4,0.15,0.013790399524513166,153.1999969482422,62.37654706654726,9.0532377187238,9.282000504434109,0.010901664557228836,0.011177134530565907,0.0,0.0,0.0,0.0,4.062440564594449E-4,1.0,45,0,0,0,957.5794,0.0,0.0,0.0,127.13396,0.0,0.0,0.0,0.105427735,0.0,0.0,0.0,"9273d490-b46d-48de-afa3-955b5c30eb93",0.0,0.0,0.0,0.0,0.0,0.0,0.0,0.0,0.0,0.0,0.0,0.0,1,0,0,0,4.062440564594449E-4,0.0,0.0,0.0,0.0,0.0,0.0,0.0,0.0,0.0
2012-07-22T20:30:00,2012,204,20,0,1796.0,45,961.5101,0.0,127.382996,0.0,0.105243206,0.0,0.5,0.92685205,4.0738487,0.10496389082394593,0.18791729,0.0,0.06120723841113404,0.0,0.004723376213217948,0.003727080353566447,8.956769878035441E-5,0.003637512654786093,4.83127869002613E-5,22.197550130595744,0.7559920088264809,-21.441558121769262,26.575283730674073,0.0,26.125984701850914,-0.44929902882315886,0.0119044338826262,2.9923976411371477E-4,0.15,0.013789752282191328,153.1999969482422,62.311293173371425,9.043865051213317,9.282000504434109,0.010842311187532752,0.011127801812833224,0.0,0.0,0.0,0.0,4.073848524363902E-4,1.0,45,0,0,0,961.5101,0.0,0.0,0.0,127.382996,0.0,0.0,0.0,0.105243206,0.0,0.0,0.0,"9273d490-b46d-48de-afa3-955b5c30eb93",0.0,0.0,0.0,0.0,0.0,0.0,0.0,0.0,0.0,0.0,0.0,0.0,1,0,0,0,4.073848524363902E-4,0.0,0.0,0.0,0.0,0.0,0.0,0.0,0.0,0.0
2012-07-22T21:30:00,2012,204,21,0,1797.0,45,965.34656,0.0,127.63114,0.0,0.105070986,0.0,0.5,0.93076444,4.085471,0.10458657343709006,0.18724945,0.0,0.061002039227380685,0.0,0.004706396926761257,0.0037175722663626443,8.848560287645476E-5,0.0036290866634861897,1.3202944577421271E-4,22.098249025550857,0.7472660473943319,-21.350982978156523,26.530650556863645,0.0,26.097474256120986,-0.4331763007426588,0.011881317475399413,2.958327597621789E-4,0.15,0.013789105082950842,153.1999969482422,62.246181626885054,9.035350402292204,9.282000504434109,0.010785703855156478,0.01108013570772434,0.0,0.0,0.0,0.0,4.0854711359774324E-4,1.0,45,0,0,0,965.34656,0.0,0.0,0.0,127.63114,0.0,0.0,0.0,0.105070986,0.0,0.0,0.0,"9273d490-b46d-48de-afa3-955b5c30eb93",0.0,0.0,0.0,0.0,0.0,0.0,0.0,0.0,0.0,0.0,0.0,0.0,1,0,0,0,4.0854711359774324E-4,0.0,0.0,0.0,0.0,0.0,0.0,0.0,0.0,0.0
2012-07-22T22:30:00,2012,204,22,0,1798.0,45,969.245,0.0,127.8784,0.0,0.10489142,0.0,0.5,0.93458116,4.096802,0.10421353002617278,0.18657397,0.0,0.060767966885080224,0.0,0.004689609969267658,0.003706630479418481,8.738404263847363E-5,0.003619246436780007,5.8290525759820594E-5,22.00753502314324,0.75099470633217,-21.25654031681107,26.487894003745865,0.0,26.06886692253082,-0.41902708121504517,0.0118582400946057,2.92464520745156E-4,0.15,0.013788457926811874,153.1999969482422,62.181200372221774,9.02758918606528,9.282000504434109,0.010729674202017182,0.011032052888412967,0.0,0.0,0.0,0.0,4.096802212122257E-4,1.0,45,0,0,0,969.245,0.0,0.0,0.0,127.8784,0.0,0.0,0.0,0.10489142,0.0,0.0,0.0,"9273d490-b46d-48de-afa3-955b5c30eb93",0.0,0.0,0.0,0.0,0.0,0.0,0.0,0.0,0.0,0.0,0.0,0.0,1,0,0,0,4.096802212122257E-4,0.0,0.0,0.0,0.0,0.0,0.0,0.0,0.0,0.0
2012-07-22T23:30:00,2012,204,23,0,1799.0,45,973.14136,0.0,128.12468,0.0,0.10471244,0.0,0.5,0.93846136,4.1083026,0.1037981205121515,0.18586037,0.0,0.06058291735858625,0.0,0.00467091653667984,0.0037010692805841193,8.64327482721995E-5,0.00361463653231192,5.378462324318439E-5,21.95316387278748,0.749637751571525,-21.203526121215955,26.45832314218465,0.0,26.04447396361275,-0.4138491785719012,0.01183520184833213,2.891346065568744E-4,0.15,0.01378781081379459,153.1999969482422,62.116366924504206,9.019839000115518,9.282000504434109,0.010674155260211602,0.010984399445314178,0.0,0.0,0.0,0.0,4.1083028261923476E-4,1.0,45,0,0,0,973.14136,0.0,0.0,0.0,128.12468,0.0,0.0,0.0,0.10471244,0.0,0.0,0.0,"9273d490-b46d-48de-afa3-955b5c30eb93",0.0,0.0,0.0,0.0,0.0,0.0,0.0,0.0,0.0,0.0,0.0,0.0,1,0,0,0,4.1083028261923476E-4,0.0,0.0,0.0,0.0,0.0,0.0,0.0,0.0,0.0
2012-07-23T00:30:00,2012,205,0,0,1800.0,45,976.81195,0.0,128.36986,0.0,0.10456146,0.0,0.5,0.94233984,4.119784,0.10333844272613005,0.18505341,0.0,0.06058451724730339,0.0,0.004650231031377068,0.0037130875439273284,8.593148222366324E-5,0.003627156061703665,2.9041922417223507E-4,21.99136486551231,0.7307379597596722,-21.260626905752638,26.459946591408837,0.0,26.04820620745754,-0.4117403839512974,0.011812202843597417,2.8584258168426983E-4,0.15,0.013787163743919143,153.1999969482422,62.0516574774942,9.01027391184709,9.282000504434109,0.010619786245407773,0.010940051573487637,0.0,0.0,0.0,0.0,4.119784070072915E-4,1.0,45,0,0,0,976.81195,0.0,0.0,0.0,128.36986,0.0,0.0,0.0,0.10456146,0.0,0.0,0.0,"9273d490-b46d-48de-afa3-955b5c30eb93",0.0,0.0,0.0,0.0,0.0,0.0,0.0,0.0,0.0,0.0,0.0,0.0,1,0,0,0,4.119784070072915E-4,0.0,0.0,0.0,0.0,0.0,0.0,0.0,0.0,0.0
2012-07-23T01:30:00,2012,205,1,0,1801.0,45,980.52893,0.0,128.61446,0.0,0.10440531,0.0,0.5,0.9459885,4.130588,0.10309049188139044,0.18434829,0.0,0.060322735382980434,0.0,0.00463907324070356,0.0037018892631028692,8.486101210255798E-5,0.0036170282510003112,2.323130443141346E-4,21.914750420652357,0.7332921897090734,-21.181458230943285,26.416425525151446,0.0,26.00678595082493,-0.40963957432651554,0.011789243186352012,2.8258801555069074E-4,0.15,0.013786516717205686,153.1999969482422,61.987089509066124,9.001286763509423,9.282000504434109,0.010565951188836138,0.010895460487070008,0.0,0.0,0.0,0.0,4.1305880786568933E-4,1.0,45,0,0,0,980.52893,0.0,0.0,0.0,128.61446,0.0,0.0,0.0,0.10440531,0.0,0.0,0.0,"9273d490-b46d-48de-afa3-955b5c30eb93",0.0,0.0,0.0,0.0,0.0,0.0,0.0,0.0,0.0,0.0,0.0,0.0,1,0,0,0,4.1305880786568933E-4,0.0,0.0,0.0,0.0,0.0,0.0,0.0,0.0,0.0
2012-07-23T02:30:00,2012,205,2,0,1802.0,45,984.3192,0.0,128.85808,0.0,0.1042403,0.0,0.5,0.94968456,4.1415167,0.10268241534285169,0.18364094,0.0,0.060085718347775194,0.0,0.00462070979209113,0.0036922143864114906,8.383917750830257E-5,0.003608375208903188,1.483582750220509E-4,21.846779593606424,0.737947297467966,-21.10883229613846,26.37886374938131,0.0,25.973305910014314,-0.4055578393669954,0.01176632298147826,2.793704824602323E-4,0.15,0.013785869733674364,153.1999969482422,61.92266277742098,8.99268918407652,9.282000504434109,0.010512095927076763,0.010850289351772619,0.0,0.0,0.0,0.0,4.141516481891829E-4,1.0,45,0,0,0,984.3192,0.0,0.0,0.0,128.85808,0.0,0.0,0.0,0.1042403,0.0,0.0,0.0,"9273d490-b46d-48de-afa3-955b5c30eb93",0.0,0.0,0.0,0.0,0.0,0.0,0.0,0.0,0.0,0.0,0.0,0.0,1,0,0,0,4.141516481891829E-4,0.0,0.0,0.0,0.0,0.0,0.0,0.0,0.0,0.0
2012-07-23T03:30:00,2012,205,3,0,1803.0,45,988.0217,0.0,129.10072,0.0,0.1040861,0.0,0.5,0.9534558,4.152648,0.10227028804049444,0.18291584,0.0,0.05989563331833626,0.0,0.004602164059063408,0.0036864548835791183,8.292192837777787E-5,0.0036035329552013403,2.2933031064486297E-4,21.7916165914199,0.7300449201353344,-21.061571671284565,26.345920031156133,0.0,25.941428959552326,-0.4044910716038075,0.011743442332790604,2.761895615426904E-4,0.15,0.013785222793345313,153.1999969482422,61.85835950602166,8.98419259141401,9.282000504434109,0.010459859174608328,0.010806582466610239,0.0,0.0,0.0,0.0,4.152648107062067E-4,1.0,45,0,0,0,988.0217,0.0,0.0,0.0,129.10072,0.0,0.0,0.0,0.1040861,0.0,0.0,0.0,"9273d490-b46d-48de-afa3-955b5c30eb93",0.0,0.0,0.0,0.0,0.0,0.0,0.0,0.0,0.0,0.0,0.0,0.0,1,0,0,0,4.152648107062067E-4,0.0,0.0,0.0,0.0,0.0,0.0,0.0,0.0,0.0
2012-07-23T04:30:00,2012,205,4,0,1804.0,45,991.8036,0.0,129.3425,0.0,0.103922516,0.0,0.5,0.95713794,4.1635103,0.10190276298364326,0.18220957,0.0,0.059640838194096595,0.0,0.004585625427561989,0.0036752564945838877,8.188568803378231E-5,0.0035933708065501056,1.3791157582037928E-4,21.714643778913516,0.7351395558227974,-20.979504223090718,26.303869821126234,0.0,25.90441181255287,-0.3994580085733652,0.011720601343035836,2.730448366991318E-4,0.15,0.01378457589623867,153.1999969482422,61.794197061574515,8.976283357268324,9.282000504434109,0.010407754631177088,0.010762225287639659,0.0,0.0,0.0,0.0,4.1635101778264723E-4,1.0,45,0,0,0,991.8036,0.0,0.0,0.0,129.3425,0.0,0.0,0.0,0.103922516,0.0,0.0,0.0,"9273d490-b46d-48de-afa3-955b5c30eb93",0.0,0.0,0.0,0.0,0.0,0.0,0.0,0.0,0.0,0.0,0.0,0.0,1,0,0,0,4.1635101778264723E-4,0.0,0.0,0.0,0.0,0.0,0.0,0.0,0.0,0.0
2012-07-23T05:30:00,2012,205,5,0,1805.0,45,995.5043,0.0,129.58333,0.0,0.10376885,0.0,0.5,0.96090144,4.174593,0.10150043546108933,0.18150468,0.0,0.05881106027858368,0.0,0.0045675206847305555,0.0036283072332764757,8.005357202821428E-5,0.0035482536612482614,1.7119497223233238E-4,21.6342464669246,0.727782688510973,-20.906463778413627,26.261868155477,0.0,25.652686414221833,-0.609181741255167,0.011697800113893422,2.699358965480703E-4,0.15,0.013783929042374559,153.1999969482422,61.730163561448634,8.968994315391074,9.282000504434109,0.010357751984298147,0.010719224002414453,0.0,0.0,0.0,0.0,4.174592891894841E-4,1.0,45,0,0,0,995.5043,0.0,0.0,0.0,129.58333,0.0,0.0,0.0,0.10376885,0.0,0.0,0.0,"9273d490-b46d-48de-afa3-955b5c30eb93",0.0,0.0,0.0,0.0,0.0,0.0,0.0,0.0,0.0,0.0,0.0,0.0,1,0,0,0,4.174592891894841E-4,0.0,0.0,0.0,0.0,0.0,0.0,0.0,0.0,0.0
2012-07-23T06:30:00,2012,205,6,0,1806.0,45,999.1769,0.0,129.82257,0.0,0.103617854,0.0,0.5,0.9645824,4.1854258,0.10083544484982603,0.18077673,0.0,0.058153967043779044,0.0,0.004537596100089132,0.003593324407169098,7.852388599433918E-5,0.003514800521174759,1.6268486514543998E-4,21.59082006122492,0.7246387626664603,-20.86618129855846,26.2354475482169,0.0,25.455882915431605,-0.779564632785295,0.01167503874597585,2.668623343722451E-4,0.15,0.013783282231773103,153.1999969482422,61.666270453599935,8.961640038742406,9.282000504434109,0.01030838639416022,0.010676890312135773,0.0,0.0,0.0,0.0,4.185425865348978E-4,1.0,45,0,0,0,999.1769,0.0,0.0,0.0,129.82257,0.0,0.0,0.0,0.103617854,0.0,0.0,0.0,"9273d490-b46d-48de-afa3-955b5c30eb93",0.0,0.0,0.0,0.0,0.0,0.0,0.0,0.0,0.0,0.0,0.0,0.0,1,0,0,0,4.185425865348978E-4,0.0,0.0,0.0,0.0,0.0,0.0,0.0,0.0,0.0
2012-07-23T07:30:00,2012,205,7,0,1807.0,45,1002.92096,0.0,130.0603,0.0,0.103457764,0.0,0.5,0.9682354,4.196165,0.10019705048846453,0.17998362,0.0,0.05803772418825391,0.0,0.004508868346978636,0.003595895443819412,7.78621638931433E-5,0.003518033279926269,9.225156492322937E-5,21.604354077211326,0.729154787812212,-20.875199289399113,26.225971615835817,0.0,25.445954513134616,-0.7800171027012013,0.011652317338829049,2.6382374806599353E-4,0.15,0.013782635464454416,153.1999969482422,61.60251749618418,8.953098101723636,9.282000504434109,0.010257190664653106,0.010634000414343477,0.0,0.0,0.0,0.0,4.1961651982149796E-4,1.0,45,0,0,0,1002.92096,0.0,0.0,0.0,130.0603,0.0,0.0,0.0,0.103457764,0.0,0.0,0.0,"9273d490-b46d-48de-afa3-955b5c30eb93",0.0,0.0,0.0,0.0,0.0,0.0,0.0,0.0,0.0,0.0,0.0,0.0,1,0,0,0,4.1961651982149796E-4,0.0,0.0,0.0,0.0,0.0,0.0,0.0,0.0,0.0
2012-07-23T08:30:00,2012,205,8,0,1808.0,45,1006.5856,0.0,130.29793,0.0,0.10330821,0.0,0.5,0.97196186,4.207102,0.10015572481561368,0.17957877,0.0,0.05914499939677373,0.0,0.004507008691256971,0.003647814707812401,7.824572672547416E-5,0.0035695689810869265,2.2350435854591124E-4,21.636879721866666,0.7220889999478556,-20.91479072191881,26.348666995748655,0.0,25.80753797121253,-0.5411290245361258,0.01162963599093287,2.608197400832114E-4,0.15,0.013781988740438606,153.1999969482422,61.538887096167436,8.942943348213149,9.282000504434109,0.010205488129714472,0.010592412618484618,0.0,0.0,0.0,0.0,4.2071018161298374E-4,1.0,45,0,0,0,1006.5856,0.0,0.0,0.0,130.29793,0.0,0.0,0.0,0.10330821,0.0,0.0,0.0,"9273d490-b46d-48de-afa3-955b5c30eb93",0.0,0.0,0.0,0.0,0.0,0.0,0.0,0.0,0.0,0.0,0.0,0.0,1,0,0,0,4.2071018161298374E-4,0.0,0.0,0.0,0.0,0.0,0.0,0.0,0.0,0.0
2012-07-23T09:30:00,2012,205,9,0,1809.0,45,1010.14496,0.0,130.53702,0.0,0.10317388,0.0,0.5,0.97560734,4.217795,0.10077022384157447,0.17952706,0.0,0.06165696320789273,0.0,0.004534661154018066,0.0037601754948580054,7.989839633853517E-5,0.0036802770985194704,4.4260384338730565E-4,21.75179654016855,0.713102487454093,-21.038694052714455,26.6359396009115,0.0,26.587492087606897,-0.04844751330460184,0.011606994799701592,2.578499173858952E-4,0.15,0.013781342059745778,153.1999969482422,61.475396436135455,8.929566938688113,9.282000504434109,0.01015175781409717,0.010552429003369612,0.0,0.0,0.0,0.0,4.2177950095397763E-4,1.0,45,0,0,0,1010.14496,0.0,0.0,0.0,130.53702,0.0,0.0,0.0,0.10317388,0.0,0.0,0.0,"9273d490-b46d-48de-afa3-955b5c30eb93",0.0,0.0,0.0,0.0,0.0,0.0,0.0,0.0,0.0,0.0,0.0,0.0,1,0,0,0,4.2177950095397763E-4,0.0,0.0,0.0,0.0,0.0,0.0,0.0,0.0,0.0
2012-07-23T10:30:00,2012,205,10,0,1810.0,45,1013.6957,0.0,130.77798,0.0,0.103043795,0.0,0.5,0.9791448,4.2281704,0.10155822927737933,0.17918898,0.0,0.062226946633097864,0.0,0.004570121407083667,0.003772425636204174,7.938202820189136E-5,0.0036930436080022827,4.653994830025923E-4,21.802851713755942,0.7113798055780547,-21.091471908177887,26.79487335778868,0.0,26.74642584448408,-0.04844751330460184,0.011584393861484493,2.549138913932597E-4,0.15,0.013780695422396027,153.1999969482422,61.41203951483578,8.914302737041282,9.282000504434109,0.010096413851479073,0.010512871418758759,0.0,0.0,0.0,0.0,4.2281703043845815E-4,1.0,45,0,0,0,1013.6957,0.0,0.0,0.0,130.77798,0.0,0.0,0.0,0.103043795,0.0,0.0,0.0,"9273d490-b46d-48de-afa3-955b5c30eb93",0.0,0.0,0.0,0.0,0.0,0.0,0.0,0.0,0.0,0.0,0.0,0.0,1,0,0,0,4.2281703043845815E-4,0.0,0.0,0.0,0.0,0.0,0.0,0.0,0.0,0.0
2012-07-23T11:30:00,2012,205,11,0,1811.0,45,1017.1895,0.0,131.02219,0.0,0.10292511,0.0,0.5,0.98267275,4.2385097,0.10292752623217465,0.18021318,0.0,0.06442283819113713,0.0,0.004631739784740418,0.0037822117601504133,7.864054382745456E-5,0.003703571216322959,5.353708425322267E-4,21.78965864356867,0.7060775175328436,-21.083581126035828,27.36820005684931,0.0,27.31975254354471,-0.04844751330460184,0.011561833271566478,2.520112779314241E-4,0.15,0.013780048828409447,153.1999969482422,61.34881612690988,8.8984504315488,9.282000504434109,0.010041501184842533,0.010474320195405241,0.0,0.0,0.0,0.0,4.238509869871213E-4,1.0,45,0,0,0,1017.1895,0.0,0.0,0.0,131.02219,0.0,0.0,0.0,0.10292511,0.0,0.0,0.0,"9273d490-b46d-48de-afa3-955b5c30eb93",0.0,0.0,0.0,0.0,0.0,0.0,0.0,0.0,0.0,0.0,0.0,0.0,1,0,0,0,4.238509869871213E-4,0.0,0.0,0.0,0.0,0.0,0.0,0.0,0.0,0.0
2012-07-23T12:30:00,2012,205,12,0,1812.0,45,1020.5468,0.0,131.26642,0.0,0.1028231,0.0,0.5,0.98614126,4.2486734,0.10293569814681354,0.17978287,0.0,0.06485044017731467,0.0,0.004632107520986843,0.0037908490635492993,7.80598600930938E-5,0.0037127892034562056,6.805680124930849E-4,21.813159715573438,0.6949357021423183,-21.11822401343112,27.486323937467972,0.0,27.43787642416337,-0.04844751330460184,0.011539313124168747,2.491416971836607E-4,0.15,0.01377940227780612,153.1999969482422,61.28572606694925,8.88132461992673,9.282000504434109,0.00998709133978404,0.010437653257906673,0.0,0.0,0.0,0.0,4.2486735536635374E-4,1.0,45,0,0,0,1020.5468,0.0,0.0,0.0,131.26642,0.0,0.0,0.0,0.1028231,0.0,0.0,0.0,"9273d490-b46d-48de-afa3-955b5c30eb93",0.0,0.0,0.0,0.0,0.0,0.0,0.0,0.0,0.0,0.0,0.0,0.0,1,0,0,0,4.2486735536635374E-4,0.0,0.0,0.0,0.0,0.0,0.0,0.0,0.0,0.0
2012-07-23T13:30:00,2012,205,13,0,1813.0,45,1023.9416,0.0,131.51004,0.0,0.102716774,0.0,0.5,0.98947054,4.2584305,0.1026797624468264,0.17908257,0.0,0.06483102517498117,0.0,0.00462059041174153,0.003792985310984661,7.737977167481006E-5,0.0037156055393098505,6.445916514057888E-4,21.823758503700162,0.6969427139582263,-21.126815789741936,27.500688387286726,0.0,27.452240873982124,-0.04844751330460184,0.011516833512449528,2.4630477364120083E-4,0.15,0.013778755770606126,153.1999969482422,61.22276340646194,8.863259117037884,9.282000504434109,0.009931584020360946,0.010400798021307132,0.0,0.0,0.0,0.0,4.2584305521153746E-4,1.0,45,0,0,0,1023.9416,0.0,0.0,0.0,131.51004,0.0,0.0,0.0,0.102716774,0.0,0.0,0.0,"9273d490-b46d-48de-afa3-955b5c30eb93",0.0,0.0,0.0,0.0,0.0,0.0,0.0,0.0,0.0,0.0,0.0,0.0,1,0,0,0,4.2584305521153746E-4,0.0,0.0,0.0,0.0,0.0,0.0,0.0,0.0,0.0
2012-07-23T14:30:00,2012,205,14,0,1814.0,45,1027.3118,0.0,131.75264,0.0,0.10261284,0.0,0.5,0.99283826,4.268287,0.10225066610956375,0.17824885,0.0,0.06442091682885408,0.0,0.004601281071961007,0.003781945938831997,7.643939229822257E-5,0.0037055065465337743,6.572085432979186E-4,21.756142343965827,0.6942945193905804,-21.061847824575246,27.41635472327779,0.0,27.36790720997319,-0.04844751330460184,0.011494394528504839,2.4350013605459037E-4,0.15,0.01377810930682954,153.1999969482422,61.15993939810326,8.845801006119407,9.282000504434109,0.009877406555149647,0.010364476045072159,0.0,0.0,0.0,0.0,4.2682871176974636E-4,1.0,45,0,0,0,1027.3118,0.0,0.0,0.0,131.75264,0.0,0.0,0.0,0.10261284,0.0,0.0,0.0,"9273d490-b46d-48de-afa3-955b5c30eb93",0.0,0.0,0.0,0.0,0.0,0.0,0.0,0.0,0.0,0.0,0.0,0.0,1,0,0,0,4.2682871176974636E-4,0.0,0.0,0.0,0.0,0.0,0.0,0.0,0.0,0.0
2012-07-23T15:30:00,2012,205,15,0,1815.0,45,1030.7194,0.0,131.99352,0.0,0.10250334,0.0,0.5,0.9961812,4.278063,0.10152121719215332,0.17719632,0.0,0.06386449967729196,0.0,0.0045684558628514,0.0037781786481299547,7.56919530177543E-5,0.0037024866951122005,6.141274521059924E-4,21.744281199542623,0.6963337635978425,-21.04794743594478,27.29495299914973,0.0,27.246505485845127,-0.04844751330460184,0.011471996263369314,2.4072741738559E-4,0.15,0.013777462886496427,153.1999969482422,61.09724810118706,8.827849337303729,9.282000504434109,0.009822627490416205,0.010327955296613447,0.0,0.0,0.0,0.0,4.27806268764425E-4,1.0,45,0,0,0,1030.7194,0.0,0.0,0.0,131.99352,0.0,0.0,0.0,0.10250334,0.0,0.0,0.0,"9273d490-b46d-48de-afa3-955b5c30eb93",0.0,0.0,0.0,0.0,0.0,0.0,0.0,0.0,0.0,0.0,0.0,0.0,1,0,0,0,4.27806268764425E-4,0.0,0.0,0.0,0.0,0.0,0.0,0.0,0.0,0.0
2012-07-23T16:30:00,2012,205,16,0,1816.0,45,1034.0258,0.0,132.23462,0.0,0.10240636,0.0,0.5,0.99956316,4.2879376,0.10161749061960464,0.17695874,0.0,0.06441894126115069,0.0,0.004572788168119611,0.0037795192079192338,7.495529281039942E-5,0.0037045639151088343,7.169272505611237E-4,21.72266291265217,0.6880111880809828,-21.034651724571187,27.45069730066971,0.0,27.402249787365108,-0.04844751330460184,0.011449638807017081,2.3798625475961364E-4,0.15,0.01377681650962685,153.1999969482422,61.03468931012607,8.809576276973278,9.282000504434109,0.009768975703636591,0.010292848890583985,0.0,0.0,0.0,0.0,4.2879378132005814E-4,1.0,45,0,0,0,1034.0258,0.0,0.0,0.0,132.23462,0.0,0.0,0.0,0.10240636,0.0,0.0,0.0,"9273d490-b46d-48de-afa3-955b5c30eb93",0.0,0.0,0.0,0.0,0.0,0.0,0.0,0.0,0.0,0.0,0.0,0.0,1,0,0,0,4.2879378132005814E-4,0.0,0.0,0.0,0.0,0.0,0.0,0.0,0.0,0.0
2012-07-23T17:30:00,2012,205,17,0,1817.0,45,1037.3601,0.0,132.47063,0.0,0.10230102,0.0,0.5,1.0028417,4.2975106,0.09947000749935112,0.17429703,0.0,0.06144598771428894,0.0,0.004476151404668208,0.003748616003217644,7.38507841512637E-5,0.00367476521906638,6.529733780651604E-4,21.606399967314395,0.6894187148659582,-20.916981252448437,26.717324218350065,0.0,26.668876705045463,-0.04844751330460184,0.011427322248362688,2.3527628941869962E-4,0.15,0.013776170176240863,153.1999969482422,60.97225714449114,8.792934692586046,9.282000504434109,0.00971713614115483,0.010257606330216856,0.0,0.0,0.0,0.0,4.297510586782493E-4,1.0,45,0,0,0,1037.3601,0.0,0.0,0.0,132.47063,0.0,0.0,0.0,0.10230102,0.0,0.0,0.0,"9273d490-b46d-48de-afa3-955b5c30eb93",0.0,0.0,0.0,0.0,0.0,0.0,0.0,0.0,0.0,0.0,0.0,0.0,1,0,0,0,4.297510586782493E-4,0.0,0.0,0.0,0.0,0.0,0.0,0.0,0.0,0.0
2012-07-23T18:30:00,2012,205,18,0,1818.0,45,1040.727,0.0,132.6999,0.0,0.102185,0.0,0.5,1.0061508,4.307155,0.09663824085448447,0.17105421,0.0,0.057930698252392644,0.0,0.004348721875267649,0.003714123548010037,7.273102239970475E-5,0.003641392525610332,5.790535843393196E-4,21.48196329295674,0.6912261149500983,-20.79073717800664,25.852187372733027,0.0,25.803739859428426,-0.04844751330460184,0.01140504667526206,2.3259716667500802E-4,0.15,0.013775523886358517,153.1999969482422,60.90996842302519,8.77805982932811,9.282000504434109,0.00966717715577745,0.01022216127265202,0.0,0.0,0.0,0.0,4.307155188227383E-4,1.0,45,0,0,0,1040.727,0.0,0.0,0.0,132.6999,0.0,0.0,0.0,0.102185,0.0,0.0,0.0,"9273d490-b46d-48de-afa3-955b5c30eb93",0.0,0.0,0.0,0.0,0.0,0.0,0.0,0.0,0.0,0.0,0.0,0.0,1,0,0,0,4.307155188227383E-4,0.0,0.0,0.0,0.0,0.0,0.0,0.0,0.0,0.0
2012-07-23T19:30:00,2012,205,19,0,1819.0,45,1044.2244,0.0,132.92874,0.0,0.10205467,0.0,0.5,1.0094959,4.316885,0.09644453246687251,0.17074409,0.0,0.058129374367079566,0.0,0.004340004995746844,0.003701766041820398,7.17580701999245E-5,0.0036300079716204735,4.359410468943093E-4,21.402353303161444,0.7000303159082035,-20.70232298725324,25.93017168440517,0.0,25.88172417110057,-0.04844751330460184,0.011382812174513536,2.299485358648392E-4,0.15,0.013774877639999853,153.1999969482422,60.84780591562158,8.76401873536842,9.282000504434109,0.009617097277159665,0.010185498739013747,0.0,0.0,0.0,0.0,4.3168851052532243E-4,1.0,45,0,0,0,1044.2244,0.0,0.0,0.0,132.92874,0.0,0.0,0.0,0.10205467,0.0,0.0,0.0,"9273d490-b46d-48de-afa3-955b5c30eb93",0.0,0.0,0.0,0.0,0.0,0.0,0.0,0.0,0.0,0.0,0.0,0.0,1,0,0,0,4.3168851052532243E-4,0.0,0.0,0.0,0.0,0.0,0.0,0.0,0.0,0.0
2012-07-23T20:30:00,2012,205,20,0,1820.0,45,1047.653,0.0,133.15657,0.0,0.10193179,0.0,0.5,1.012974,4.326982,0.09602624142591289,0.17001526,0.0,0.057794844589782506,0.0,0.004321181894415885,0.0036849823463428713,7.074775101037369E-5,0.0036142345953324977,4.8685823429102615E-4,21.29219824843313,0.6941848374939634,-20.598013410939167,25.865172037317407,0.0,25.816724524012805,-0.04844751330460184,0.011360618831858927,2.2733005030316724E-4,0.15,0.01377423143718491,153.1999969482422,60.78576945252501,8.75136305179359,9.282000504434109,0.009569598687107394,0.010149849722296477,0.0,0.0,0.0,0.0,4.326981923780471E-4,1.0,45,0,0,0,1047.653,0.0,0.0,0.0,133.15657,0.0,0.0,0.0,0.10193179,0.0,0.0,0.0,"9273d490-b46d-48de-afa3-955b5c30eb93",0.0,0.0,0.0,0.0,0.0,0.0,0.0,0.0,0.0,0.0,0.0,0.0,1,0,0,0,4.326981923780471E-4,0.0,0.0,0.0,0.0,0.0,0.0,0.0,0.0,0.0
2012-07-23T21:30:00,2012,205,21,0,1821.0,45,1051.1204,0.0,133.38329,0.0,0.1018042,0.0,0.5,1.0163825,4.336871,0.09555666349437543,0.16926098,0.0,0.05749407983268848,0.0,0.004300050882458675,0.0036720346144590186,6.98315087582785E-5,0.0036022031057007403,4.339193465418248E-4,21.21497597251304,0.6962451688471513,-20.51873080366589,25.81218241425477,0.0,25.76373490095017,-0.04844751330460184,0.011338466731984638,2.2474136723868261E-4,0.15,0.013773585277933717,153.1999969482422,60.723870117575956,8.739475199069192,9.282000504434109,0.009522853265807945,0.010114008770949489,0.0,0.0,0.0,0.0,4.336870917940231E-4,1.0,45,0,0,0,1051.1204,0.0,0.0,0.0,133.38329,0.0,0.0,0.0,0.1018042,0.0,0.0,0.0,"9273d490-b46d-48de-afa3-955b5c30eb93",0.0,0.0,0.0,0.0,0.0,0.0,0.0,0.0,0.0,0.0,0.0,0.0,1,0,0,0,4.336870917940231E-4,0.0,0.0,0.0,0.0,0.0,0.0,0.0,0.0,0.0
2012-07-23T22:30:00,2012,205,22,0,1822.0,45,1054.7019,0.0,133.60895,0.0,0.1016637,0.0,0.5,1.019831,4.3468623,0.09511180813737212,0.16850509,0.0,0.05717456970574779,0.0,0.004280032386620746,0.003657866515216021,6.890213359756897E-5,0.003588964381618452,3.045202345109784E-4,21.135731895895486,0.7037473047449961,-20.43198459115049,25.758369457118004,0.0,25.709921943813402,-0.04844751330460184,0.011316355958522826,2.2218214780933906E-4,0.15,0.013772939162266302,153.1999969482422,60.66209643925019,8.72838028913514,9.282000504434109,0.009476112285402453,0.010077159346811086,0.0,0.0,0.0,0.0,4.3468625134907035E-4,1.0,45,0,0,0,1054.7019,0.0,0.0,0.0,133.60895,0.0,0.0,0.0,0.1016637,0.0,0.0,0.0,"9273d490-b46d-48de-afa3-955b5c30eb93",0.0,0.0,0.0,0.0,0.0,0.0,0.0,0.0,0.0,0.0,0.0,0.0,1,0,0,0,4.3468625134907035E-4,0.0,0.0,0.0,0.0,0.0,0.0,0.0,0.0,0.0
2012-07-23T23:30:00,2012,205,23,0,1823.0,45,1058.2552,0.0,133.83353,0.0,0.10152609,0.0,0.5,1.0233964,4.357173,0.09465050373465321,0.16773877,0.0,0.05689606161854415,0.0,0.004259273683549136,0.003646938561882069,6.804681240319754E-5,0.003578891749478871,3.2067495704937065E-4,21.063511578459202,0.7008679878368319,-20.36264359062237,25.7078390307145,0.0,25.659391517409897,-0.04844751330460184,0.011294286594052624,2.196520569983983E-4,0.15,0.013772293090202684,153.1999969482422,60.60046505652372,8.717885576168737,9.282000504434109,0.00943063631678193,0.010040871755508144,0.0,0.0,0.0,0.0,4.357173095893191E-4,1.0,45,0,0,0,1058.2552,0.0,0.0,0.0,133.83353,0.0,0.0,0.0,0.10152609,0.0,0.0,0.0,"9273d490-b46d-48de-afa3-955b5c30eb93",0.0,0.0,0.0,0.0,0.0,0.0,0.0,0.0,0.0,0.0,0.0,0.0,1,0,0,0,4.357173095893191E-4,0.0,0.0,0.0,0.0,0.0,0.0,0.0,0.0,0.0
2012-07-24T00:30:00,2012,206,0,0,1824.0,45,1061.2362,0.0,134.05664,0.0,0.101450436,0.0,0.5,1.0269336,4.3673925,0.09404026636354931,0.16677925,0.0,0.05701250622517901,0.0,0.004231812995302324,0.003675100162804439,6.798326447299968E-5,0.0036071168983314392,9.198355139352576E-4,21.18818902056705,0.6587787381967164,-20.529410282370335,25.721820147720337,0.0,25.673372634415735,-0.04844751330460184,0.011272258720101387,2.171507635909678E-4,0.15,0.013771647061762874,153.1999969482422,60.53895891875398,8.704057990407481,9.282000504434109,0.00938767222496808,0.010011006179375937,0.0,0.0,0.0,0.0,4.3673925438661784E-4,1.0,45,0,0,0,1061.2362,0.0,0.0,0.0,134.05664,0.0,0.0,0.0,0.101450436,0.0,0.0,0.0,"9273d490-b46d-48de-afa3-955b5c30eb93",0.0,0.0,0.0,0.0,0.0,0.0,0.0,0.0,0.0,0.0,0.0,0.0,1,0,0,0,4.3673925438661784E-4,0.0,0.0,0.0,0.0,0.0,0.0,0.0,0.0,0.0
2012-07-24T01:30:00,2012,206,1,0,1825.0,45,1064.2393,0.0,134.2791,0.0,0.10137208,0.0,0.5,1.0298871,4.375958,0.093759153450504,0.16590318,0.0,0.05659768708774706,0.0,0.00421916291119927,0.003662995737523969,6.713326299980856E-5,0.0035958624745241604,8.849337870020835E-4,21.12602879690654,0.6597722458904178,-20.46625655101612,25.63659013918279,0.0,25.588142625878188,-0.04844751330460184,0.011250272417146007,2.1467794013102542E-4,0.15,0.013771001076966882,153.1999969482422,60.47757785576853,8.690918487299658,9.282000504434109,0.009345473856822089,0.009981073137432073,0.0,0.0,0.0,0.0,4.3759579651880554E-4,1.0,45,0,0,0,1064.2393,0.0,0.0,0.0,134.2791,0.0,0.0,0.0,0.10137208,0.0,0.0,0.0,"9273d490-b46d-48de-afa3-955b5c30eb93",0.0,0.0,0.0,0.0,0.0,0.0,0.0,0.0,0.0,0.0,0.0,0.0,1,0,0,0,4.3759579651880554E-4,0.0,0.0,0.0,0.0,0.0,0.0,0.0,0.0,0.0
2012-07-24T02:30:00,2012,206,2,0,1826.0,45,1067.3983,0.0,134.49889,0.0,0.10127426,0.0,0.5,1.0328634,4.38458,0.09263064802188,0.16436201,0.0,0.05536981892674685,0.0,0.004168380154803641,0.003644915910068808,6.624410196335536E-5,0.0035786718081054526,7.082013473131764E-4,21.058261565358375,0.6704337741521134,-20.387827791206263,25.352140440123513,0.0,25.30369292681891,-0.04844751330460184,0.01122832776461426,2.122332628789268E-4,0.15,0.013770355135834708,153.1999969482422,60.41633839938365,8.678571154149797,9.282000504434109,0.009302794340904422,0.009949626526209064,0.0,0.0,0.0,0.0,4.3845799341968333E-4,1.0,45,0,0,0,1067.3983,0.0,0.0,0.0,134.49889,0.0,0.0,0.0,0.10127426,0.0,0.0,0.0,"9273d490-b46d-48de-afa3-955b5c30eb93",0.0,0.0,0.0,0.0,0.0,0.0,0.0,0.0,0.0,0.0,0.0,0.0,1,0,0,0,4.3845799341968333E-4,0.0,0.0,0.0,0.0,0.0,0.0,0.0,0.0,0.0
2012-07-24T03:30:00,2012,206,3,0,1827.0,45,1070.5502,0.0,134.71677,0.0,0.101175725,0.0,0.5,1.036,4.393642,0.09183659744811515,0.1632381,0.0,0.05276105823453594,0.0,0.004132647870464984,0.0035039506770905364,6.306696186351048E-5,0.003440883715227026,5.723941211195718E-4,20.99798917556145,0.6692421261394903,-20.32874704942196,25.201452362085526,0.0,24.41923773870793,-0.7822146233775946,0.011206424840886204,2.098164117693884E-4,0.15,0.013769709238386347,153.1999969482422,60.355218050451626,8.666783773801571,9.282000504434109,0.009261032513571169,0.009918432339617797,0.0,0.0,0.0,0.0,4.393642054880722E-4,1.0,45,0,0,0,1070.5502,0.0,0.0,0.0,134.71677,0.0,0.0,0.0,0.101175725,0.0,0.0,0.0,"9273d490-b46d-48de-afa3-955b5c30eb93",0.0,0.0,0.0,0.0,0.0,0.0,0.0,0.0,0.0,0.0,0.0,0.0,1,0,0,0,4.393642054880722E-4,0.0,0.0,0.0,0.0,0.0,0.0,0.0,0.0,0.0
2012-07-24T04:30:00,2012,206,4,0,1828.0,45,1073.757,0.0,134.93166,0.0,0.10106856,0.0,0.5,1.0391301,4.402676,0.09056499413656272,0.16245486,0.0,0.05251443775545352,0.0,0.004075425707802301,0.0034951918290607393,6.232086650273754E-5,0.003432870962558002,5.057956768764936E-4,20.952379398583375,0.6726717186691206,-20.279707679914253,25.15906314694689,0.0,24.3770492733654,-0.7820138735814908,0.01118456372329563,2.074270703699426E-4,0.15,0.013769063384641789,153.1999969482422,60.29423330516792,8.655263739710582,9.282000504434109,0.009219248834809362,0.009886824354362828,0.0,0.0,0.0,0.0,4.4026761993101016E-4,1.0,45,0,0,0,1073.757,0.0,0.0,0.0,134.93166,0.0,0.0,0.0,0.10106856,0.0,0.0,0.0,"9273d490-b46d-48de-afa3-955b5c30eb93",0.0,0.0,0.0,0.0,0.0,0.0,0.0,0.0,0.0,0.0,0.0,0.0,1,0,0,0,4.4026761993101016E-4,0.0,0.0,0.0,0.0,0.0,0.0,0.0,0.0,0.0
2012-07-24T05:30:00,2012,206,5,0,1829.0,45,1076.9293,0.0,135.14305,0.0,0.10096191,0.0,0.5,1.0423173,4.4118595,0.0891022923374102,0.16045345,0.0,0.0509694700073438,0.0,0.00400960411114735,0.003481383375013279,6.159801283391799E-5,0.003419785362179361,5.227348664241986E-4,20.90455399685356,0.6696538420949543,-20.234900154758606,24.773387137511207,0.0,23.991442121258192,-0.7819450162530153,0.011162744488131534,2.0506492583985893E-4,0.15,0.013768417574621017,153.1999969482422,60.23337839021619,8.644021417042985,9.282000504434109,0.009178325520584982,0.00985573936038139,0.0,0.0,0.0,0.0,4.4118595020233107E-4,1.0,45,0,0,0,1076.9293,0.0,0.0,0.0,135.14305,0.0,0.0,0.0,0.10096191,0.0,0.0,0.0,"9273d490-b46d-48de-afa3-955b5c30eb93",0.0,0.0,0.0,0.0,0.0,0.0,0.0,0.0,0.0,0.0,0.0,0.0,1,0,0,0,4.4118595020233107E-4,0.0,0.0,0.0,0.0,0.0,0.0,0.0,0.0,0.0
2012-07-24T06:30:00,2012,206,6,0,1830.0,45,1080.1641,0.0,135.35211,0.0,0.10084669,0.0,0.5,1.0454708,4.420937,0.08811357663793283,0.15903844,0.0,0.05058828866871953,0.0,0.003965111894063099,0.0035055959377362955,6.150766062073374E-5,0.003444088277115562,4.8232142630542734E-4,20.841113178126243,0.6735015012815045,-20.16761167684474,24.550634476303493,0.0,23.990852365636766,-0.5597821106667276,0.011140967210639677,2.027296688895256E-4,0.15,0.01376777180834401,153.1999969482422,60.17264757952604,8.633377889448541,9.282000504434109,0.009137667738075367,0.009824177470306986,0.0,0.0,0.0,0.0,4.4209369102021106E-4,1.0,45,0,0,0,1080.1641,0.0,0.0,0.0,135.35211,0.0,0.0,0.0,0.10084669,0.0,0.0,0.0,"9273d490-b46d-48de-afa3-955b5c30eb93",0.0,0.0,0.0,0.0,0.0,0.0,0.0,0.0,0.0,0.0,0.0,0.0,1,0,0,0,4.4209369102021106E-4,0.0,0.0,0.0,0.0,0.0,0.0,0.0,0.0,0.0
2012-07-24T07:30:00,2012,206,7,0,1831.0,45,1083.4169,0.0,135.56026,0.0,0.10072929,0.0,0.5,1.048689,4.4301844,0.08772599275989856,0.1580647,0.0,0.0502181820502127,0.0,0.003947670615393233,0.0035004054869464548,6.086312463024075E-5,0.0034395423623162142,4.5811838698601694E-4,20.837495346637983,0.6741104952891036,-20.16338485134888,24.485413753385544,0.0,23.906920072811616,-0.5784936805739278,0.011119231965024142,2.0042099374028806E-4,0.15,0.013767126085830736,153.1999969482422,60.112057227474764,8.622098236641294,9.282000504434109,0.009096416031360651,0.009792620760549651,0.0,0.0,0.0,0.0,4.4301844989345386E-4,1.0,45,0,0,0,1083.4169,0.0,0.0,0.0,135.56026,0.0,0.0,0.0,0.10072929,0.0,0.0,0.0,"9273d490-b46d-48de-afa3-955b5c30eb93",0.0,0.0,0.0,0.0,0.0,0.0,0.0,0.0,0.0,0.0,0.0,0.0,1,0,0,0,4.4301844989345386E-4,0.0,0.0,0.0,0.0,0.0,0.0,0.0,0.0,0.0
2012-07-24T08:30:00,2012,206,8,0,1832.0,45,1086.1442,0.0,135.76974,0.0,0.10066974,0.0,0.5,1.0519258,4.4394755,0.08829337848161212,0.1584432,0.0,0.05052653221838124,0.0,0.003973202978957731,0.0034500909645870637,5.9340017733212364E-5,0.0033907509468538515,9.346950661836023E-4,20.98480449107763,0.63634007739722,-20.348464413680407,24.88062000192891,0.0,23.8064657226168,-1.0741542793121113,0.011097538824448968,1.981385980847374E-4,0.15,0.013766480407101161,153.1999969482422,60.051585071143435,8.60713803188284,9.282000504434109,0.009056575968285973,0.009766677656926938,0.0,0.0,0.0,0.0,4.439475722998397E-4,1.0,45,0,0,0,1086.1442,0.0,0.0,0.0,135.76974,0.0,0.0,0.0,0.10066974,0.0,0.0,0.0,"9273d490-b46d-48de-afa3-955b5c30eb93",0.0,0.0,0.0,0.0,0.0,0.0,0.0,0.0,0.0,0.0,0.0,0.0,1,0,0,0,4.439475722998397E-4,0.0,0.0,0.0,0.0,0.0,0.0,0.0,0.0,0.0
2012-07-24T09:30:00,2012,206,9,0,1833.0,45,1088.1693,0.0,135.98273,0.0,0.10068852,0.0,0.5,1.0546259,4.4472594,0.08976778574295972,0.1601877,0.0,0.050968211091704914,0.0,0.004039551321537048,0.003316368042651265,5.626768633052676E-5,0.0032601003563207383,0.001506583558164569,21.168930967144856,0.5863842280337184,-20.582546739111137,25.723530279536554,0.0,23.595538676659935,-2.1279916028766195,0.011075887861039808,1.9588218304744537E-4,0.15,0.013765834772175245,153.1999969482422,59.99124742958912,8.588010530750045,9.282000504434109,0.009019251455323707,0.009748089648723476,0.0,0.0,0.0,0.0,4.4472596276620387E-4,1.0,45,0,0,0,1088.1693,0.0,0.0,0.0,135.98273,0.0,0.0,0.0,0.10068852,0.0,0.0,0.0,"9273d490-b46d-48de-afa3-955b5c30eb93",0.0,0.0,0.0,0.0,0.0,0.0,0.0,0.0,0.0,0.0,0.0,0.0,1,0,0,0,4.4472596276620387E-4,0.0,0.0,0.0,0.0,0.0,0.0,0.0,0.0,0.0
2012-07-24T10:30:00,2012,206,10,0,1834.0,45,1089.7172,0.0,136.19572,0.0,0.10075764,0.0,0.5,1.0566082,4.4530363,0.08976904406597788,0.16084284,0.0,0.052353265424984974,0.0,0.004039607946086365,0.0033153833775164724,5.561850850045536E-5,0.003259764869016017,0.001982982374308731,21.331838397660256,0.5527378598926028,-20.779100537767654,26.25804073048839,0.0,23.90677478737778,-2.351265943110608,0.011054279145885658,1.9365145314613995E-4,0.15,0.013765189181072942,153.1999969482422,59.93104406163142,8.565498061202627,9.282000504434109,0.008983015679494312,0.009734443399862121,0.0,0.0,0.0,0.0,4.453036090176393E-4,1.0,45,0,0,0,1089.7172,0.0,0.0,0.0,136.19572,0.0,0.0,0.0,0.10075764,0.0,0.0,0.0,"9273d490-b46d-48de-afa3-955b5c30eb93",0.0,0.0,0.0,0.0,0.0,0.0,0.0,0.0,0.0,0.0,0.0,0.0,1,0,0,0,4.453036090176393E-4,0.0,0.0,0.0,0.0,0.0,0.0,0.0,0.0,0.0
2012-07-24T11:30:00,2012,206,11,0,1835.0,45,1090.9832,0.0,136.41191,0.0,0.10085985,0.0,0.5,1.0581034,4.457449,0.0911228163677473,0.1620209,0.0,0.053719228640474084,0.0,0.0041005277141903905,0.0032734245439233825,5.420379302177706E-5,0.0032192207509016053,0.0022261216315535783,21.360272248259786,0.5327433076209453,-20.827528940638842,26.91148717177997,0.0,24.231955029319106,-2.6795321424608645,0.01103271274904059,1.9144611625331707E-4,0.15,0.013764543633814198,153.1999969482422,59.87095834180771,8.542531246486591,9.282000504434109,0.0089490770338998,0.009723738216004899,0.0,0.0,0.0,0.0,4.4574488267707047E-4,1.0,45,0,0,0,1090.9832,0.0,0.0,0.0,136.41191,0.0,0.0,0.0,0.10085985,0.0,0.0,0.0,"9273d490-b46d-48de-afa3-955b5c30eb93",0.0,0.0,0.0,0.0,0.0,0.0,0.0,0.0,0.0,0.0,0.0,0.0,1,0,0,0,4.4574488267707047E-4,0.0,0.0,0.0,0.0,0.0,0.0,0.0,0.0,0.0
2012-07-24T12:30:00,2012,206,12,0,1836.0,45,1091.9144,0.0,136.63675,0.0,0.101006605,0.0,0.5,1.0593097,4.4610567,0.09476024298710245,0.16588113,0.0,0.05891664566439684,0.0,0.004264211951086726,0.003258134603388414,5.2939501940471753E-5,0.003205195101447942,0.0025541656508803598,21.46789924223384,0.5090431030477326,-20.958856139186107,28.75355184096199,0.0,25.709072957066653,-3.044478883895337,0.01101118873952556,1.8926588355828387E-4,0.15,0.013763898130418954,153.1999969482422,59.811006483591825,8.517683298882696,9.282000504434109,0.008916447029981386,0.009716546498142702,0.0,0.0,0.0,0.0,4.4610566790785546E-4,1.0,45,0,0,0,1091.9144,0.0,0.0,0.0,136.63675,0.0,0.0,0.0,0.101006605,0.0,0.0,0.0,"9273d490-b46d-48de-afa3-955b5c30eb93",0.0,0.0,0.0,0.0,0.0,0.0,0.0,0.0,0.0,0.0,0.0,0.0,1,0,0,0,4.4610566790785546E-4,0.0,0.0,0.0,0.0,0.0,0.0,0.0,0.0,0.0
2012-07-24T13:30:00,2012,206,13,0,1837.0,45,1092.6208,0.0,136.86116,0.0,0.10117649,0.0,0.5,1.0601712,4.4637103,0.09458131359313497,0.16541918,0.0,0.05971938661008833,0.0,0.004256160126438485,0.003285583344645124,5.289374101947724E-5,0.003232689603625647,0.0028061874917129606,21.584380884810034,0.49330907979937705,-21.091071805010657,28.925411243779358,0.0,25.928654580838046,-2.996756662941312,0.010989707185330249,1.8711046952962798E-4,0.15,0.013763252670907146,153.1999969482422,59.75117736969875,8.490987173004926,9.282000504434109,0.00888401900033108,0.009711646851221483,0.0,0.0,0.0,0.0,4.463710171813083E-4,1.0,45,0,0,0,1092.6208,0.0,0.0,0.0,136.86116,0.0,0.0,0.0,0.10117649,0.0,0.0,0.0,"9273d490-b46d-48de-afa3-955b5c30eb93",0.0,0.0,0.0,0.0,0.0,0.0,0.0,0.0,0.0,0.0,0.0,0.0,1,0,0,0,4.463710171813083E-4,0.0,0.0,0.0,0.0,0.0,0.0,0.0,0.0,0.0
2012-07-24T14:30:00,2012,206,14,0,1838.0,45,1093.3353,0.0,137.08423,0.0,0.10134389,0.0,0.5,1.0608032,4.465722,0.09401752661538217,0.16422568,0.0,0.0592501728073142,0.0,0.004230789706390831,0.003295405237212531,5.263360570985601E-5,0.003242771631502675,0.002806518308139211,21.566469969338467,0.4938736204816834,-21.072596348856784,28.676450337472538,0.0,25.80838714938405,-2.868063188088488,0.01096826815341494,1.8497959187810883E-4,0.15,0.013762607255298704,153.1999969482422,59.691481682038344,8.46522027878932,9.282000504434109,0.008852507688710064,0.009706655955309092,0.0,0.0,0.0,0.0,4.4657221837229866E-4,1.0,45,0,0,0,1093.3353,0.0,0.0,0.0,137.08423,0.0,0.0,0.0,0.10134389,0.0,0.0,0.0,"9273d490-b46d-48de-afa3-955b5c30eb93",0.0,0.0,0.0,0.0,0.0,0.0,0.0,0.0,0.0,0.0,0.0,0.0,1,0,0,0,4.4657221837229866E-4,0.0,0.0,0.0,0.0,0.0,0.0,0.0,0.0,0.0
2012-07-24T15:30:00,2012,206,15,0,1839.0,45,1093.949,0.0,137.30954,0.0,0.10152426,0.0,0.5,1.0614442,4.467757,0.09496260624648675,0.16471744,0.0,0.060574222409583066,0.0,0.004273318299930142,0.003281515210007678,5.1782033691227766E-5,0.00322973317631645,0.0028957274360519028,21.629999664096193,0.4867333615961009,-21.14326630250009,29.22639774366423,0.0,26.191193738431547,-3.035204005232682,0.010946871709712442,1.82872971519966E-4,0.15,0.013761961883613548,153.1999969482422,59.631913764832476,8.438763218001586,9.282000504434109,0.008821257725798766,0.009702715498160104,0.0,0.0,0.0,0.0,4.467756994684414E-4,1.0,45,0,0,0,1093.949,0.0,0.0,0.0,137.30954,0.0,0.0,0.0,0.10152426,0.0,0.0,0.0,"9273d490-b46d-48de-afa3-955b5c30eb93",0.0,0.0,0.0,0.0,0.0,0.0,0.0,0.0,0.0,0.0,0.0,0.0,1,0,0,0,4.467756994684414E-4,0.0,0.0,0.0,0.0,0.0,0.0,0.0,0.0,0.0
2012-07-24T16:30:00,2012,206,16,0,1840.0,45,1094.3916,0.0,137.53362,0.0,0.10172132,0.0,0.5,1.0619812,4.4695044,0.09444239626899634,0.16389748,0.0,0.06058284403015974,0.0,0.004249908845361826,0.0032908186786632264,5.1480825283953686E-5,0.0032393378533792727,0.0030748035374164747,21.69135116723641,0.4748265931059936,-21.216524574130414,29.195241384045005,0.0,26.181712893541302,-3.0135284905037025,0.01092551791913006,1.8079033254064016E-4,0.15,0.013761316555871598,153.1999969482422,59.57247341209727,8.411722042527607,9.282000504434109,0.008790982393810596,0.00970049920828129,0.0,0.0,0.0,0.0,4.469504341000818E-4,1.0,45,0,0,0,1094.3916,0.0,0.0,0.0,137.53362,0.0,0.0,0.0,0.10172132,0.0,0.0,0.0,"9273d490-b46d-48de-afa3-955b5c30eb93",0.0,0.0,0.0,0.0,0.0,0.0,0.0,0.0,0.0,0.0,0.0,0.0,1,0,0,0,4.469504341000818E-4,0.0,0.0,0.0,0.0,0.0,0.0,0.0,0.0,0.0
2012-07-24T17:30:00,2012,206,17,0,1841.0,45,1095.5,0.0,137.75368,0.0,0.101843074,0.0,0.5,1.0623443,4.4707646,0.09275224150550201,0.16169731,0.0,0.05974388056215909,0.0,0.004173851862871188,0.0033553990267374905,5.222397696915792E-5,0.0033031750497683325,0.0024696049386536893,21.536422850589013,0.5214299872755616,-21.014992863313452,28.39632689816426,0.0,26.054554418126315,-2.341772480037946,0.010904206845551594,1.7873140215890148E-4,0.15,0.013760671272092762,153.1999969482422,59.51316041785637,8.388399559677701,9.282000504434109,0.008758477441986288,0.009691502110292306,0.0,0.0,0.0,0.0,4.4707645454735134E-4,1.0,45,0,0,0,1095.5,0.0,0.0,0.0,137.75368,0.0,0.0,0.0,0.101843074,0.0,0.0,0.0,"9273d490-b46d-48de-afa3-955b5c30eb93",0.0,0.0,0.0,0.0,0.0,0.0,0.0,0.0,0.0,0.0,0.0,0.0,1,0,0,0,4.4707645454735134E-4,0.0,0.0,0.0,0.0,0.0,0.0,0.0,0.0,0.0
2012-07-24T18:30:00,2012,206,18,0,1842.0,45,1097.0304,0.0,137.96758,0.0,0.10191305,0.0,0.5,1.0633882,4.4739194,0.09015546979276161,0.15807697,0.0,0.0557639182483291,0.0,0.004056997107937531,0.003338556368543317,5.1787996107561104E-5,0.0032867683724357557,0.0020245474358187503,21.48007591452475,0.550880727788808,-20.929195186735942,27.17659897156475,0.0,24.96484130492973,-2.2117576666350196,0.010882938551839395,1.7669591069138183E-4,0.15,0.013760026032296948,153.1999969482422,59.453974576142755,8.366522333605873,9.282000504434109,0.008723644202498599,0.009678199215802168,0.0,0.0,0.0,0.0,4.4739194245365006E-4,1.0,45,0,0,0,1097.0304,0.0,0.0,0.0,137.96758,0.0,0.0,0.0,0.10191305,0.0,0.0,0.0,"9273d490-b46d-48de-afa3-955b5c30eb93",0.0,0.0,0.0,0.0,0.0,0.0,0.0,0.0,0.0,0.0,0.0,0.0,1,0,0,0,4.4739194245365006E-4,0.0,0.0,0.0,0.0,0.0,0.0,0.0,0.0,0.0
2012-07-24T19:30:00,2012,206,19,0,1843.0,45,1098.7305,0.0,138.18385,0.0,0.10196737,0.0,0.5,1.0648652,4.478274,0.09115384936230694,0.1588832,0.0,0.058023081716740046,0.0,0.004101924199278522,0.0033620129059472683,5.1516480109918895E-5,0.0033104964258373493,0.001880589379661097,21.397291610136197,0.5625456683283994,-20.834745941807796,27.696109142846744,0.0,25.676845540425283,-2.0192636024214607,0.01086171309983644,1.7468359151750576E-4,0.15,0.013759380836504055,153.1999969482422,59.39491568100065,8.346372259537112,9.282000504434109,0.0086891899097823,0.009663248009764192,0.0,0.0,0.0,0.0,4.478273934289158E-4,1.0,45,0,0,0,1098.7305,0.0,0.0,0.0,138.18385,0.0,0.0,0.0,0.10196737,0.0,0.0,0.0,"9273d490-b46d-48de-afa3-955b5c30eb93",0.0,0.0,0.0,0.0,0.0,0.0,0.0,0.0,0.0,0.0,0.0,0.0,1,0,0,0,4.478273934289158E-4,0.0,0.0,0.0,0.0,0.0,0.0,0.0,0.0,0.0
2012-07-24T20:30:00,2012,206,20,0,1844.0,45,1100.917,0.0,138.39555,0.0,0.101965025,0.0,0.5,1.0665146,4.4831095,0.08922792182133614,0.15627488,0.0,0.05861704175784349,0.0,0.0040152574392718745,0.003541579920318222,5.4044111728156315E-5,0.0034875358085900655,0.0015691781089656619,21.31082328624946,0.5964203339413405,-20.71440295230812,26.89733426489147,0.0,26.127436564933163,-0.7698976999583067,0.01084053055036847,1.726941810448157E-4,0.15,0.013758735684733972,153.1999969482422,59.33597816941681,8.327945416767008,9.282000504434109,0.008652217903526464,0.009643421867693217,0.0,0.0,0.0,0.0,4.483109571996302E-4,1.0,45,0,0,0,1100.917,0.0,0.0,0.0,138.39555,0.0,0.0,0.0,0.101965025,0.0,0.0,0.0,"9273d490-b46d-48de-afa3-955b5c30eb93",0.0,0.0,0.0,0.0,0.0,0.0,0.0,0.0,0.0,0.0,0.0,0.0,1,0,0,0,4.483109571996302E-4,0.0,0.0,0.0,0.0,0.0,0.0,0.0,0.0,0.0
2012-07-24T21:30:00,2012,206,21,0,1845.0,45,1103.1237,0.0,138.6093,0.0,0.10196275,0.0,0.5,1.068662,4.4893255,0.09008508323344991,0.15547726,0.0,0.05816813827450439,0.0,0.004053829712013339,0.0035224922466575224,5.3247742275957666E-5,0.003469244504381565,0.0015319983140694691,21.237863749383717,0.597335055579354,-20.640528693804363,26.81500315580332,0.0,26.023938576896025,-0.7910645789072959,0.010819390963246155,1.707274186746875E-4,0.15,0.013758090577006589,153.1999969482422,59.277172561109495,8.310733494845852,9.282000504434109,0.00861649510501012,0.009623496164419048,0.0,0.0,0.0,0.0,4.4893253434126116E-4,1.0,45,0,0,0,1103.1237,0.0,0.0,0.0,138.6093,0.0,0.0,0.0,0.10196275,0.0,0.0,0.0,"9273d490-b46d-48de-afa3-955b5c30eb93",0.0,0.0,0.0,0.0,0.0,0.0,0.0,0.0,0.0,0.0,0.0,0.0,1,0,0,0,4.4893253434126116E-4,0.0,0.0,0.0,0.0,0.0,0.0,0.0,0.0,0.0
2012-07-24T22:30:00,2012,206,22,0,1846.0,45,1105.4299,0.0,138.8219,0.0,0.101948775,0.0,0.5,1.0708292,4.495595,0.08960832357958583,0.1547316,0.0,0.057900168383083685,0.0,0.004032375522474379,0.0035105855791383554,5.2570212564852554E-5,0.003458015366573503,0.0014193916802499513,21.19957957303165,0.6039755410393739,-20.595604031992274,26.77391848654299,0.0,25.9733230567514,-0.8005954297915885,0.010798294397267295,1.687830467684317E-4,0.15,0.013757445513341788,153.1999969482422,59.218493281572925,8.294066593623862,9.282000504434109,0.008580589640420152,0.009602652266133212,0.0,0.0,0.0,0.0,4.4955947798933993E-4,1.0,45,0,0,0,1105.4299,0.0,0.0,0.0,138.8219,0.0,0.0,0.0,0.101948775,0.0,0.0,0.0,"9273d490-b46d-48de-afa3-955b5c30eb93",0.0,0.0,0.0,0.0,0.0,0.0,0.0,0.0,0.0,0.0,0.0,0.0,1,0,0,0,4.4955947798933993E-4,0.0,0.0,0.0,0.0,0.0,0.0,0.0,0.0,0.0
2012-07-24T23:30:00,2012,206,23,0,1847.0,45,1107.9021,0.0,139.03355,0.0,0.10191635,0.0,0.5,1.0730984,4.5021434,0.0892027680915811,0.1540079,0.0,0.05751733616845708,0.0,0.004014125521163028,0.0034899695399270235,5.176177856743847E-5,0.003438207761359585,0.0012317884109562872,21.12157383332731,0.6151527390828825,-20.506421094244427,26.716075513336364,0.0,25.896107647033407,-0.8199678663029566,0.01077724091021907,1.6686081061377612E-4,0.15,0.01375680049375944,153.1999969482422,59.15994012491426,8.27866036310252,9.282000504434109,0.008544667925433728,0.009580247107078433,0.0,0.0,0.0,0.0,4.502143198487256E-4,1.0,45,0,0,0,1107.9021,0.0,0.0,0.0,139.03355,0.0,0.0,0.0,0.10191635,0.0,0.0,0.0,"9273d490-b46d-48de-afa3-955b5c30eb93",0.0,0.0,0.0,0.0,0.0,0.0,0.0,0.0,0.0,0.0,0.0,0.0,1,0,0,0,4.502143198487256E-4,0.0,0.0,0.0,0.0,0.0,0.0,0.0,0.0,0.0
2012-07-25T00:30:00,2012,207,0,0,1848.0,45,1109.907,0.0,139.24377,0.0,0.101931624,0.0,0.5,1.0755374,4.5091586,0.08860664912514316,0.15314718,0.0,0.05770496764753591,0.0,0.003987300161277658,0.003514570534947368,5.1678274175780545E-5,0.0034628922607715875,0.0017223784026352243,21.272339092603268,0.582617983482621,-20.689721109120647,26.763499159548775,0.0,25.923963830202975,-0.8395353293458001,0.010756230558880323,1.6496045839172567E-4,0.15,0.013756155518279415,153.1999969482422,59.1015128852609,8.260034894345498,9.282000504434109,0.008509681951251012,0.009562534925628112,0.0,0.0,0.0,0.0,4.5091586263632406E-4,1.0,45,0,0,0,1109.907,0.0,0.0,0.0,139.24377,0.0,0.0,0.0,0.101931624,0.0,0.0,0.0,"9273d490-b46d-48de-afa3-955b5c30eb93",0.0,0.0,0.0,0.0,0.0,0.0,0.0,0.0,0.0,0.0,0.0,0.0,1,0,0,0,4.5091586263632406E-4,0.0,0.0,0.0,0.0,0.0,0.0,0.0,0.0,0.0
2012-07-25T01:30:00,2012,207,1,0,1849.0,45,1112.0096,0.0,139.45341,0.0,0.10193594,0.0,0.5,1.0775,4.5148444,0.08835398594478772,0.15231918,0.0,0.057293910318350995,0.0,0.003975930315450881,0.0035001783467157365,5.099069790971257E-5,0.003449187648806024,0.0016095224491515382,21.225127021223734,0.5891084173512545,-20.63601860387248,26.683653280884663,0.0,25.834398814320082,-0.8492544665645809,0.01073526339902388,1.6308174114379548E-4,0.15,0.013755510586921578,153.1999969482422,59.04320605703201,8.242204643687154,9.282000504434109,0.008474784811054594,0.009543921837882122,0.0,0.0,0.0,0.0,4.5148443441704177E-4,1.0,45,0,0,0,1112.0096,0.0,0.0,0.0,139.45341,0.0,0.0,0.0,0.10193594,0.0,0.0,0.0,"9273d490-b46d-48de-afa3-955b5c30eb93",0.0,0.0,0.0,0.0,0.0,0.0,0.0,0.0,0.0,0.0,0.0,0.0,1,0,0,0,4.5148443441704177E-4,0.0,0.0,0.0,0.0,0.0,0.0,0.0,0.0,0.0
2012-07-25T02:30:00,2012,207,2,0,1850.0,45,1114.3741,0.0,139.66177,0.0,0.10191149,0.0,0.5,1.0795627,4.5208044,0.08781835911125198,0.15147659,0.0,0.05675890128546441,0.0,0.00395182710219512,0.0034792763445899125,5.021420955833991E-5,0.0034290621350315724,0.00132547060921212,21.159692042839442,0.6068733545580826,-20.55281868828136,26.587814530150204,0.0,25.71893672395924,-0.8688778061909659,0.01071433948541891,1.6122441273961247E-4,0.15,0.013754865699705783,153.1999969482422,58.98503533359158,8.225471729848188,9.282000504434109,0.008438870578392994,0.009522809577140643,0.0,0.0,0.0,0.0,4.52080440240549E-4,1.0,45,0,0,0,1114.3741,0.0,0.0,0.0,139.66177,0.0,0.0,0.0,0.10191149,0.0,0.0,0.0,"9273d490-b46d-48de-afa3-955b5c30eb93",0.0,0.0,0.0,0.0,0.0,0.0,0.0,0.0,0.0,0.0,0.0,0.0,1,0,0,0,4.52080440240549E-4,0.0,0.0,0.0,0.0,0.0,0.0,0.0,0.0,0.0
2012-07-25T03:30:00,2012,207,3,0,1851.0,45,1116.974,0.0,139.86845,0.0,0.10186083,0.0,0.5,1.0818931,4.527503,0.08711385185924415,0.15050215,0.0,0.05612290404917548,0.0,0.003920124268296226,0.003462137108451476,4.951459124595674E-5,0.0034126225172055194,0.00107132373346372,21.105632177193076,0.6227258015623099,-20.482906375630765,26.455647099252698,0.0,25.576987573306937,-0.8786595259457606,0.01069345887183332,1.59388229844882E-4,0.15,0.013754220856651882,153.1999969482422,58.926984609947596,8.209495257580313,9.282000504434109,0.008401850949829034,0.009499485937638396,0.0,0.0,0.0,0.0,4.527502832400841E-4,1.0,45,0,0,0,1116.974,0.0,0.0,0.0,139.86845,0.0,0.0,0.0,0.10186083,0.0,0.0,0.0,"9273d490-b46d-48de-afa3-955b5c30eb93",0.0,0.0,0.0,0.0,0.0,0.0,0.0,0.0,0.0,0.0,0.0,0.0,1,0,0,0,4.527502832400841E-4,0.0,0.0,0.0,0.0,0.0,0.0,0.0,0.0,0.0
2012-07-25T04:30:00,2012,207,4,0,1852.0,45,1119.6322,0.0,140.07402,0.0,0.101803154,0.0,0.5,1.0844643,4.534863,0.08663821812558,0.14974084,0.0,0.05580944352315503,0.0,0.003898720745178342,0.003448348733204177,4.8852390690040506E-5,0.0033994963425141365,9.980436045276947E-4,21.057852046624404,0.6263491397603634,-20.43150290686404,26.409815511633276,0.0,25.511445613801474,-0.8983698978318024,0.010672621611036194,1.575729518897153E-4,0.15,0.013753576057779719,153.1999969482422,58.869053714504865,8.19404457683441,9.282000504434109,0.00836504105731382,0.009475700868544103,0.0,0.0,0.0,0.0,4.534863148327878E-4,1.0,45,0,0,0,1119.6322,0.0,0.0,0.0,140.07402,0.0,0.0,0.0,0.101803154,0.0,0.0,0.0,"9273d490-b46d-48de-afa3-955b5c30eb93",0.0,0.0,0.0,0.0,0.0,0.0,0.0,0.0,0.0,0.0,0.0,0.0,1,0,0,0,4.534863148327878E-4,0.0,0.0,0.0,0.0,0.0,0.0,0.0,0.0,0.0
2012-07-25T05:30:00,2012,207,5,0,1853.0,45,1122.4421,0.0,140.27852,0.0,0.10172892,0.0,0.5,1.0870955,4.5423837,0.08619071562996795,0.14898475,0.0,0.05547817217841718,0.0,0.003878583128074619,0.0034330255894071964,4.817499362945322E-5,0.003384850595777743,8.29991863848843E-4,21.006373365901585,0.6363088416666827,-20.370064524234902,26.3643731289758,0.0,25.446240125436876,-0.918133003538923,0.010651827754800263,1.5577834103731322E-4,0.15,0.01375293130310913,153.1999969482422,58.81125298397707,8.179162414372586,9.282000504434109,0.008327698894037203,0.009450564913517262,0.0,0.0,0.0,0.0,4.542383541984777E-4,1.0,45,0,0,0,1122.4421,0.0,0.0,0.0,140.27852,0.0,0.0,0.0,0.10172892,0.0,0.0,0.0,"9273d490-b46d-48de-afa3-955b5c30eb93",0.0,0.0,0.0,0.0,0.0,0.0,0.0,0.0,0.0,0.0,0.0,0.0,1,0,0,0,4.542383541984777E-4,0.0,0.0,0.0,0.0,0.0,0.0,0.0,0.0,0.0
2012-07-25T06:30:00,2012,207,6,0,1854.0,45,1125.2491,0.0,140.48193,0.0,0.10165423,0.0,0.5,1.0898818,4.5503273,0.08573238657386291,0.14822805,0.0,0.05520506585525358,0.0,0.0038579583156325547,0.0034213269391042706,4.755692347172345E-5,0.0033737700156325472,8.199881404578118E-4,20.95341080995327,0.6356827609247073,-20.31772804902856,26.320012527780413,0.0,25.391962252646763,-0.9280502751336499,0.010631077353904405,1.5400416215300317E-4,0.15,0.01375228659265995,153.1999969482422,58.75357169286613,8.16480866611233,9.282000504434109,0.008291105281223078,0.009425578301919039,0.0,0.0,0.0,0.0,4.550327380219021E-4,1.0,45,0,0,0,1125.2491,0.0,0.0,0.0,140.48193,0.0,0.0,0.0,0.10165423,0.0,0.0,0.0,"9273d490-b46d-48de-afa3-955b5c30eb93",0.0,0.0,0.0,0.0,0.0,0.0,0.0,0.0,0.0,0.0,0.0,0.0,1,0,0,0,4.550327380219021E-4,0.0,0.0,0.0,0.0,0.0,0.0,0.0,0.0,0.0
2012-07-25T07:30:00,2012,207,7,0,1855.0,45,1127.949,0.0,140.67924,0.0,0.10158453,0.0,0.5,1.0926658,4.5582576,0.08316349700394228,0.14516228,0.0,0.0511827272232326,0.0,0.0037423582574249315,0.003344707216424423,4.622841872867664E-5,0.0032984787976957463,8.444678389445848E-4,20.97993308590889,0.6280431775418162,-20.351889908367074,25.517087966455506,0.0,24.197192178504,-1.3198957879515056,0.010610370458136191,1.522501827736246E-4,0.15,0.013751641926452006,153.1999969482422,58.69602536406544,8.149465901690265,9.282000504434109,0.008254548777677036,0.009401686790588677,0.0,0.0,0.0,0.0,4.558257582722374E-4,1.0,45,0,0,0,1127.949,0.0,0.0,0.0,140.67924,0.0,0.0,0.0,0.10158453,0.0,0.0,0.0,"9273d490-b46d-48de-afa3-955b5c30eb93",0.0,0.0,0.0,0.0,0.0,0.0,0.0,0.0,0.0,0.0,0.0,0.0,1,0,0,0,4.558257582722374E-4,0.0,0.0,0.0,0.0,0.0,0.0,0.0,0.0,0.0
2012-07-25T08:30:00,2012,207,8,0,1856.0,45,1129.7717,0.0,140.88031,0.0,0.10160916,0.0,0.5,1.0953426,4.5658793,0.08474583503636535,0.1470554,0.0,0.05248421587594471,0.0,0.003813563485860615,0.0032372042544296666,4.408479550970425E-5,0.0031931194589199623,0.0016177603824124157,21.156005725777568,0.5680944211802366,-20.58791130459733,26.562394736632225,0.0,24.302403086101062,-2.2599916505311626,0.010589707116294467,1.5051617307725943E-4,0.15,0.013750997304505116,153.1999969482422,58.6385928431118,8.130305284457492,9.282000504434109,0.008221635879957284,0.009386268499772478,0.0,0.0,0.0,0.0,4.565879365185846E-4,1.0,45,0,0,0,1129.7717,0.0,0.0,0.0,140.88031,0.0,0.0,0.0,0.10160916,0.0,0.0,0.0,"9273d490-b46d-48de-afa3-955b5c30eb93",0.0,0.0,0.0,0.0,0.0,0.0,0.0,0.0,0.0,0.0,0.0,0.0,1,0,0,0,4.565879365185846E-4,0.0,0.0,0.0,0.0,0.0,0.0,0.0,0.0,0.0
2012-07-25T09:30:00,2012,207,9,0,1857.0,45,1130.217,0.0,141.08073,0.0,0.10177457,0.0,0.5,1.0971231,4.5710225,0.08446968588924526,0.1471676,0.0,0.05263387884037764,0.0,0.0038011367712774526,0.0031874172506571796,4.293083652953685E-5,0.003144486414127643,0.002944807010873404,21.423498222564707,0.4747953457967235,-20.94870287676798,27.05356948863984,0.0,24.138343085237338,-2.915226403402503,0.010569087376191968,1.4880190585330375E-4,0.15,0.013750352726839096,153.1999969482422,58.58128961901477,8.10599404336929,9.282000504434109,0.00819502211160644,0.009383944642298605,0.0,0.0,0.0,0.0,4.5710223205445755E-4,1.0,45,0,0,0,1130.217,0.0,0.0,0.0,141.08073,0.0,0.0,0.0,0.10177457,0.0,0.0,0.0,"9273d490-b46d-48de-afa3-955b5c30eb93",0.0,0.0,0.0,0.0,0.0,0.0,0.0,0.0,0.0,0.0,0.0,0.0,1,0,0,0,4.5710223205445755E-4,0.0,0.0,0.0,0.0,0.0,0.0,0.0,0.0,0.0
2012-07-25T10:30:00,2012,207,10,0,1858.0,45,1130.061,0.0,141.2841,0.0,0.102005005,0.0,0.5,1.0974983,4.5722785,0.08571882699920225,0.14846344,0.0,0.05671410039816088,0.0,0.0038573481346273466,0.0032791183110916005,4.362036260529027E-5,0.0032354979484863103,0.0036407981349896685,21.62463989823074,0.0,-21.62463989823074,28.00129167980247,0.0,24.905769902047897,-3.0955217777545734,0.01054851128465795,1.471071564728765E-4,0.15,0.013749708193473754,153.1999969482422,58.52411545235884,8.078428796958717,9.282000504434109,0.008170122422323194,0.009387355183948879,0.0,0.0,0.0,0.0,4.572278366708366E-4,1.0,45,0,0,0,1130.061,0.0,0.0,0.0,141.2841,0.0,0.0,0.0,0.102005005,0.0,0.0,0.0,"9273d490-b46d-48de-afa3-955b5c30eb93",0.0,0.0,0.0,0.0,0.0,0.0,0.0,0.0,0.0,0.0,0.0,0.0,1,0,0,0,4.572278366708366E-4,0.0,0.0,0.0,0.0,0.0,0.0,0.0,0.0,0.0
2012-07-25T11:30:00,2012,207,11,0,1859.0,45,1129.2498,0.0,141.49176,0.0,0.102307945,0.0,0.5,1.0972587,4.5718384,0.08752049704607431,0.14919467,0.0,0.05830433538704359,0.0,0.003938423306066413,0.0032583225362353605,4.279932417161959E-5,0.0032155232120637408,0.004279598430613141,21.746483061775407,0.0,-21.746483061775407,28.70515695279464,0.0,25.35024764393242,-3.3549093088622186,0.010527978887540895,1.4543170285956193E-4,0.15,0.013749063704428889,153.1999969482422,58.4670545445143,8.049415657272657,9.282000504434109,0.008149177518320252,0.009397038624465894,0.0,0.0,0.0,0.0,4.5718384009348583E-4,1.0,45,0,0,0,1129.2498,0.0,0.0,0.0,141.49176,0.0,0.0,0.0,0.102307945,0.0,0.0,0.0,"9273d490-b46d-48de-afa3-955b5c30eb93",0.0,0.0,0.0,0.0,0.0,0.0,0.0,0.0,0.0,0.0,0.0,0.0,1,0,0,0,4.5718384009348583E-4,0.0,0.0,0.0,0.0,0.0,0.0,0.0,0.0,0.0
2012-07-25T12:30:00,2012,207,12,0,1860.0,45,1127.4613,0.0,141.70432,0.0,0.10271843,0.0,0.5,1.0963488,4.56955,0.08958672167577325,0.15092103,0.0,0.05808242924210955,0.0,0.0040314034365710495,0.003059237274006717,3.9461451078893375E-5,0.0030197758229278237,0.005062692503602572,21.909570026126733,0.0,-21.909570026126733,29.992012246033262,0.0,25.243624589694694,-4.7483876563385685,0.010507490229711217,1.4377532546048168E-4,0.15,0.0137484192597243,153.1999969482422,58.41012228308328,8.018510191265566,9.282000504434109,0.008134367919295808,0.009416114132074153,0.0,0.0,0.0,0.0,4.569549933898923E-4,1.0,45,0,0,0,1127.4613,0.0,0.0,0.0,141.70432,0.0,0.0,0.0,0.10271843,0.0,0.0,0.0,"9273d490-b46d-48de-afa3-955b5c30eb93",0.0,0.0,0.0,0.0,0.0,0.0,0.0,0.0,0.0,0.0,0.0,0.0,1,0,0,0,4.569549933898923E-4,0.0,0.0,0.0,0.0,0.0,0.0,0.0,0.0,0.0
2012-07-25T13:30:00,2012,207,13,0,1861.0,45,1124.9679,0.0,141.91328,0.0,0.10320072,0.0,0.5,1.0944397,4.564503,0.08807303846780198,0.15057646,0.0,0.06035423222106479,0.0,0.003963287675972284,0.003150634630850405,4.0301592758175E-5,0.00311033303809223,0.005855435465419871,22.105129429710104,0.0,-22.105129429710104,30.27328310253104,0.0,25.9162194204018,-4.35706368212924,0.010487045355064005,1.4213780721769319E-4,0.15,0.013747774859379776,153.1999969482422,58.353308100892775,7.985597277071796,9.282000504434109,0.008123249092774754,0.009441999084184631,0.0,0.0,0.0,0.0,4.5645031628679337E-4,1.0,45,0,0,0,1124.9679,0.0,0.0,0.0,141.91328,0.0,0.0,0.0,0.10320072,0.0,0.0,0.0,"9273d490-b46d-48de-afa3-955b5c30eb93",0.0,0.0,0.0,0.0,0.0,0.0,0.0,0.0,0.0,0.0,0.0,0.0,1,0,0,0,4.5645031628679337E-4,0.0,0.0,0.0,0.0,0.0,0.0,0.0,0.0,0.0
2012-07-25T14:30:00,2012,207,14,0,1862.0,45,1123.067,0.0,142.12202,0.0,0.103622794,0.0,0.5,1.0918127,4.557463,0.08797940407612165,0.14936176,0.0,0.06221183674661221,0.0,0.00395907412734208,0.0032890630328205974,4.184570621274613E-5,0.003247217326607851,0.0054010148387790375,22.156247310621104,0.0,-22.156247310621104,29.96151385655039,0.0,26.474428682191043,-3.487085174359347,0.010466644306521812,1.4051893353991032E-4,0.15,0.013747130503415103,153.1999969482422,58.29662213177167,7.953687891763132,9.282000504434109,0.008108189357818004,0.009462304623148935,0.0,0.0,0.0,0.0,4.557463208707841E-4,1.0,45,0,0,0,1123.067,0.0,0.0,0.0,142.12202,0.0,0.0,0.0,0.103622794,0.0,0.0,0.0,"9273d490-b46d-48de-afa3-955b5c30eb93",0.0,0.0,0.0,0.0,0.0,0.0,0.0,0.0,0.0,0.0,0.0,0.0,1,0,0,0,4.557463208707841E-4,0.0,0.0,0.0,0.0,0.0,0.0,0.0,0.0,0.0
2012-07-25T15:30:00,2012,207,15,0,1863.0,45,1120.7009,0.0,142.3352,0.0,0.1041009,0.0,0.5,1.0897906,4.5520935,0.08984955140641501,0.14963633,0.0,0.06109321212552216,0.0,0.004043230777269787,0.0031511326156982806,3.9554667026699785E-5,0.003111577948671581,0.005732814292481773,22.295928254842988,0.0,-22.295928254842988,30.538019540922818,0.0,26.113486024341928,-4.42453351658089,0.010446287126037481,1.3891849227454331E-4,0.15,0.013746486191850054,153.1999969482422,58.24006413679848,7.920889930311555,9.282000504434109,0.008096041683532364,0.009487249999888736,0.0,0.0,0.0,0.0,4.5520934232645357E-4,1.0,45,0,0,0,1120.7009,0.0,0.0,0.0,142.3352,0.0,0.0,0.0,0.1041009,0.0,0.0,0.0,"9273d490-b46d-48de-afa3-955b5c30eb93",0.0,0.0,0.0,0.0,0.0,0.0,0.0,0.0,0.0,0.0,0.0,0.0,1,0,0,0,4.5520934232645357E-4,0.0,0.0,0.0,0.0,0.0,0.0,0.0,0.0,0.0
2012-07-25T16:30:00,2012,207,16,0,1864.0,45,1118.0339,0.0,142.54836,0.0,0.10461378,0.0,0.5,1.087292,4.545406,0.08984025545872833,0.15022618,0.0,0.06530977068602026,0.0,0.00404281245952415,0.0032587306362366376,4.045123912992358E-5,0.003218279397106714,0.006141367194651694,22.436056482071596,0.0,-22.436056482071596,31.322558653670896,0.0,27.40074103326893,-3.921817620401967,0.010425973854596971,1.373362736800534E-4,0.15,0.013745841924704405,153.1999969482422,58.18361848565546,7.887447138827062,9.282000504434109,0.008085662764654682,0.009515261977574366,0.0,0.0,0.0,0.0,4.545405675997417E-4,1.0,45,0,0,0,1118.0339,0.0,0.0,0.0,142.54836,0.0,0.0,0.0,0.10461378,0.0,0.0,0.0,"9273d490-b46d-48de-afa3-955b5c30eb93",0.0,0.0,0.0,0.0,0.0,0.0,0.0,0.0,0.0,0.0,0.0,0.0,1,0,0,0,4.545405675997417E-4,0.0,0.0,0.0,0.0,0.0,0.0,0.0,0.0,0.0
2012-07-25T17:30:00,2012,207,17,0,1865.0,45,1117.0072,0.0,142.75897,0.0,0.104949966,0.0,0.5,1.0844861,4.5378623,0.08876882593340832,0.14800796,0.0,0.0648099710462616,0.0,0.003994598119389558,0.003361939115112363,4.160824330720648E-5,0.0033203308718051565,0.004601707474773127,22.291677276278726,0.0,-22.291677276278726,30.244436653222643,0.0,27.24797191883393,-2.996464734388713,0.01040570453222226,1.3577207039861997E-4,0.15,0.013745197701997919,153.1999969482422,58.127300398084806,7.858638367611707,9.282000504434109,0.008066361930689091,0.009527347106106669,0.0,0.0,0.0,0.0,4.53786232008632E-4,1.0,45,0,0,0,1117.0072,0.0,0.0,0.0,142.75897,0.0,0.0,0.0,0.104949966,0.0,0.0,0.0,"9273d490-b46d-48de-afa3-955b5c30eb93",0.0,0.0,0.0,0.0,0.0,0.0,0.0,0.0,0.0,0.0,0.0,0.0,1,0,0,0,4.53786232008632E-4,0.0,0.0,0.0,0.0,0.0,0.0,0.0,0.0,0.0
2012-07-25T18:30:00,2012,207,18,0,1866.0,45,1116.8964,0.0,142.9644,0.0,0.105182424,0.0,0.5,1.0833552,4.534957,0.08658328044036755,0.14479925,0.0,0.06036556734352892,0.0,0.003896248548754364,0.003335828241568961,4.117604605529661E-5,0.003294652195513664,0.00365440569251299,22.274321237413282,0.0,-22.274321237413282,28.870151524785776,0.0,25.922980136622538,-2.9471713881632375,0.010385479197974237,1.3422567742911554E-4,0.15,0.013744553523750355,153.1999969482422,58.07110452720592,7.831395346642879,9.282000504434109,0.008041008909215434,0.009530440674724928,0.0,0.0,0.0,0.0,4.5349569100053917E-4,1.0,45,0,0,0,1116.8964,0.0,0.0,0.0,142.9644,0.0,0.0,0.0,0.105182424,0.0,0.0,0.0,"9273d490-b46d-48de-afa3-955b5c30eb93",0.0,0.0,0.0,0.0,0.0,0.0,0.0,0.0,0.0,0.0,0.0,0.0,1,0,0,0,4.5349569100053917E-4,0.0,0.0,0.0,0.0,0.0,0.0,0.0,0.0,0.0
2012-07-25T19:30:00,2012,207,19,0,1867.0,45,1116.9766,0.0,143.1716,0.0,0.10539624,0.0,0.5,1.0831609,4.534643,0.0873242729724971,0.1452585,0.0,0.06253824924492705,0.0,0.003929593220650182,0.003356888735565376,4.094306106512258E-5,0.0033159456745002537,0.0034861985069619852,22.230515186348104,0.050548746687109514,-22.179966439660994,29.389771891958596,0.0,26.65034745325505,-2.7394244387035442,0.01036529788995566,1.3269689210038585E-4,0.15,0.013743909389981468,153.1999969482422,58.01503066785926,7.8057490913146745,9.282000504434109,0.00801572106043368,0.009531683129442928,0.0,0.0,0.0,0.0,4.534643305050615E-4,1.0,45,0,0,0,1116.9766,0.0,0.0,0.0,143.1716,0.0,0.0,0.0,0.10539624,0.0,0.0,0.0,"9273d490-b46d-48de-afa3-955b5c30eb93",0.0,0.0,0.0,0.0,0.0,0.0,0.0,0.0,0.0,0.0,0.0,0.0,1,0,0,0,4.534643305050615E-4,0.0,0.0,0.0,0.0,0.0,0.0,0.0,0.0,0.0
2012-07-25T20:30:00,2012,207,20,0,1868.0,45,1117.4376,0.0,143.3674,0.0,0.10555659,0.0,0.5,1.0831609,4.53487,0.08252589105486506,0.14006494,0.0,0.05414159671227719,0.0,0.0037136659828756868,0.003249332883678796,3.965001356752929E-5,0.0032096828701112666,0.002986299839669007,22.129573402089612,0.47628750275493087,-21.65328589933468,27.179654747113076,0.0,24.568893335081537,-2.6107614120315397,0.010345160645314124,1.3118551404483136E-4,0.15,0.013743265300711004,153.1999969482422,57.95907861493945,7.782619483916262,9.282000504434109,0.007989792881589262,0.009529087437783502,0.0,0.0,0.0,0.0,4.534870382267247E-4,1.0,45,0,0,0,1117.4376,0.0,0.0,0.0,143.3674,0.0,0.0,0.0,0.10555659,0.0,0.0,0.0,"9273d490-b46d-48de-afa3-955b5c30eb93",0.0,0.0,0.0,0.0,0.0,0.0,0.0,0.0,0.0,0.0,0.0,0.0,1,0,0,0,4.534870382267247E-4,0.0,0.0,0.0,0.0,0.0,0.0,0.0,0.0,0.0
2012-07-25T21:30:00,2012,207,21,0,1869.0,45,1118.4962,0.0,143.56831,0.0,0.10565755,0.0,0.5,1.0835539,4.5361753,0.08467963145360892,0.14255358,0.0,0.06339472296331987,0.0,0.0038105843239262882,0.0035169489621230234,4.2307439894703224E-5,0.00347464152222832,0.0026615538937632007,22.073178533544095,0.5173883771183866,-21.555790156425708,28.56603102797385,0.0,27.55721515859621,-1.0088158693776386,0.010325067500245063,1.2969134517228691E-4,0.15,0.013742621255958706,153.1999969482422,57.90324308834795,7.760993658685459,9.282000504434109,0.0079605819818639,0.009520704335141171,0.0,0.0,0.0,0.0,4.5361751603324783E-4,1.0,45,0,0,0,1118.4962,0.0,0.0,0.0,143.56831,0.0,0.0,0.0,0.10565755,0.0,0.0,0.0,"9273d490-b46d-48de-afa3-955b5c30eb93",0.0,0.0,0.0,0.0,0.0,0.0,0.0,0.0,0.0,0.0,0.0,0.0,1,0,0,0,4.5361751603324783E-4,0.0,0.0,0.0,0.0,0.0,0.0,0.0,0.0,0.0
2012-07-25T22:30:00,2012,207,22,0,1870.0,45,1119.704,0.0,143.77304,0.0,0.10574625,0.0,0.5,1.0845547,4.5391703,0.08628609195304586,0.14173637,0.0,0.06293232914753084,0.0,0.0038828750636364017,0.0035020447648014493,4.174206456283133E-5,0.003460302700238618,0.002501362498058563,22.02991873904371,0.5272217627137846,-21.502696976329922,28.464710833824384,0.0,27.454436174708317,-1.0102746591160674,0.010305018489994787,1.2821418964419613E-4,0.15,0.013741977255744307,153.1999969482422,57.84753404422841,7.74039184031564,9.282000504434109,0.007931290588227894,0.009510919441740146,0.0,0.0,0.0,0.0,4.539170316756885E-4,1.0,45,0,0,0,1119.704,0.0,0.0,0.0,143.77304,0.0,0.0,0.0,0.10574625,0.0,0.0,0.0,"9273d490-b46d-48de-afa3-955b5c30eb93",0.0,0.0,0.0,0.0,0.0,0.0,0.0,0.0,0.0,0.0,0.0,0.0,1,0,0,0,4.539170316756885E-4,0.0,0.0,0.0,0.0,0.0,0.0,0.0,0.0,0.0
2012-07-25T23:30:00,2012,207,23,0,1871.0,45,1121.1531,0.0,143.9767,0.0,0.1058075,0.0,0.5,1.0857061,4.5425863,0.08584094194949018,0.14100812,0.0,0.0625739206240877,0.0,0.003862843308700455,0.0034854824518686265,4.1153996962017766E-5,0.003444328454906609,0.002242385429825177,21.974910605754264,0.5436778338590271,-21.431232771895235,28.397671078422825,0.0,27.38755982133409,-1.0101112570887345,0.010285013648863556,1.267538538480773E-4,0.15,0.013741333300087538,153.1999969482422,57.79194619154228,7.720964359025455,9.282000504434109,0.007901300886839385,0.009498797741709282,0.0,0.0,0.0,0.0,4.542586451576227E-4,1.0,45,0,0,0,1121.1531,0.0,0.0,0.0,143.9767,0.0,0.0,0.0,0.1058075,0.0,0.0,0.0,"9273d490-b46d-48de-afa3-955b5c30eb93",0.0,0.0,0.0,0.0,0.0,0.0,0.0,0.0,0.0,0.0,0.0,0.0,1,0,0,0,4.542586451576227E-4,0.0,0.0,0.0,0.0,0.0,0.0,0.0,0.0,0.0
