timestamp,year,dayOfYear,hourOfDay,scenario,simuuid,plantAge_days,plantAge_Td,degreeDay,Ta,rh,incomingRadiation,cca,wind,rainfall,soilWaterContent,soilWaterPotential,meanSoilWaterPotential,totalSoilAvailableWater,soilNContent,leafArea,leafNumber,totalFruitNumber,AbsorbedTotRad,AbsorbedPAR,fabsTotRad,fabsPAR,fPARLow,fPARMid,fPARUp,meanPAnet,meanAnet,carbonAssimilation,waterFlux_optimized,WUE,waterFluxPotential,xylemWaterPotential,leaf_waterPotential,"potentialSupplyDemandRatio",phloemSugarConcentration,biomassPlant,biomassLeaf,biomassInternode,biomassFlower,biomassFruit,biomassFineRoot,biomassStructuralRoot,biomassCordon,biomassTrunk,leafNSC,fineRootNSC,structuralRootNSC,internodeNSC,cordonNSC,trunkNSC,totalUnloading,fraction_leafUnloading,fraction_fruitUnloading,"fraction_fineRootUnloading","fraction_structuralRootUnloading","fraction_internodeUnloading","fraction_perennielWoodUnloading",fraction_flowerUnloading,"fraction_petioleUnloading",fraction_leafLoading,"fraction_internodeLoading","fraction_perennielWoodLoading",fraction_fineRootLoading,"fraction_structuralRootLoading",totalLeakage,internodeLeakage,structuralRootLeakage,maintenanceDM,maintenanceLeaf,maintenanceInternode,maintenanceFruit,maintenanceFineRoot,"maintenanceStructuralRoot",growthCost,growthCostLeaf,growthCostInternode,growthCostFruit,growthCostFineRoot,growthCostStructuralRoot,"previousDailyNetCarbonBalance",cordonStructureDM_SEC,trunkStructureDM_SEC,"perennielWoodStructureDM_SEC","structuralRootStructureDM_SEC",cordonMaintenanceDM,trunkMaintenanceDM,"perennielWoodMaintenanceDM","structuralRootMaintenanceDM",cordonReserveDM,trunkReserveDM,perennielWoodReserveDM,structuralRootReserveDM,sumRootConductance,sumNuptakeCostRoot,totalNitrogen,plantNitrogenCommonPool,plantNitrogenContent,meanLeafNcontent,NDegradation,NSynthesis,Nuptake,fPAR_1,fPAR_2,fPAR_3,fPAR_4,fs_1,fs_2,fs_3,fs_4,cumLAI_1,cumLAI_2,cumLAI_3,cumLAI_4,intWaterPotential_1,intWaterPotential_2,intWaterPotential_3,intWaterPotential_4,meanAnet_1,meanAnet_2,meanAnet_3,meanAnet_4,meanLeafWaterPotential_1,meanLeafWaterPotential_2,meanLeafWaterPotential_3,meanLeafWaterPotential_4,meanGs_1,meanGs_2,meanGs_3,meanGs_4,sugarConcentration_1,sugarConcentration_2,sugarConcentration_3,sugarConcentration_4,pruneFlowersRemoved,pruneFruitsRemoved,pruneFruitBiomassRemoved,pruneLeafAreaRemoved,pruneLeafBiomassRemoved,"pruneInternodeBiomassRemoved",fruitCount_b1,fruitCount_b2,fruitCount_b3,fruitCount_b4,"fruitIncidentPAR_mean_b1_umol_m2_s","fruitIncidentPAR_mean_b2_umol_m2_s","fruitIncidentPAR_mean_b3_umol_m2_s","fruitIncidentPAR_mean_b4_umol_m2_s",flowerSelfAssimC,droppedFlowerCount,totalFlowerCount,reserveSeasonBeta,effectiveHydRate,reserveHydrolysisFlux,reserveSynthesisFlux,netReserveChange
2012-07-18T01:30:00,2012,200,1,0,"9273d490-b46d-48de-afa3-955b5c30eb93",120.04166666790843,88.83681941069506,0.4084166807457805,19.802,0.8064000010490417,0.4382,400.0,1.61,0.0,[0.11345999406834485],[-0.6940000000000007],-0.6940000000000007,4.037998380959087,15.1,0.29530984003311755,12,45,0.0,0.0,0.0,0.0,0.0,0.0,0.0,-0.47765570878982544,-0.47765570878982544,0.0,0.29530984003311755,0.0,0.4429647757177188,-0.37413426326021004,-0.69,32.436708711244194,0.17301552095184325,38873.046330343495,14744.313552882913,17869.62242931802,0.0,4297.7563858876265,374.01648456990455,1493.018061267345,3071.9571775217787,12287.491824201035,833.9862577068786,31.353335712806885,138.6471269155097,1180.6253427973384,213.93905885221187,855.7562354088475,9.04924,0.30059916,0.58768255,0.046581894,0.0026365703,0.06057968,0.04228167,0.0,0.0019201756,0.99820465,0.0016235085,0.0014709682,3.184585E-5,1.408359E-4,0.0,0.0,0.0,2.9497672547749763,2.7201939146878176,0.19438258515000068,0.0,0.0044303299410362405,0.01338429503596237,0.1507308284691059,0.0,0.06350625029213249,0.23931366460043485,0.08113126971087326,7.752270305349998E-4,0.0,0.06520990140560777,0.1630782196882659,0.2282881210938737,0.003876135152675,0.024955435893375722,0.09982174357350289,0.12477717946687861,0.01338429503596237,0.005910332137772402,0.023641328551089608,0.02955166068886201,0.006598527661946778,16.652256,0.005484038660851356,633.6450451139724,57.02805632634879,0.01630037017755828,1.6499999999999997,0.0,0.0,0.006376789421169926,0.0,0.0,0.0,0.0,0.0,0.0,0.0,0.0,7.382746000827938,7.382746000827938,6.072837221145148,3.6680981139284246,-0.003762265,-0.005404789,-0.007262169,-0.009108365,0.0,0.0,0.0,0.0,0.0,-0.69,-0.69,-0.69,0.0,0.0,0.0,0.0,0.0,0.0,0.0,0.0,0.0,0.0,0.0,0.0,0.0,0.0,0,0,0,0,0.0,0.0,0.0,0.0,0.0,0,0,0.9163009524345398,1.70514273350119E-4,0.015966117978678085,0.04288474116382292,0.026918623185144833
2012-07-18T02:30:00,2012,200,2,0,"9273d490-b46d-48de-afa3-955b5c30eb93",120.08333333581686,88.87220522909027,0.7842208778129276,19.0193,0.8015000224113464,0.7762,400.0,1.59,0.0,[0.1136661022337926],[-0.6880000000000003],-0.6880000000000003,4.0998308330504125,15.1,0.28539468898443826,12,45,0.0,0.0,0.0,0.0,0.0,0.0,0.0,-0.4538711607456207,-0.4538711607456207,0.0,0.29530984003311755,0.0,0.4429647757177188,-0.7323551171619271,-0.7323551,31.562470111969482,0.17134680135859606,38866.312854205964,14722.204886420053,17870.6044379988,0.0,4311.153944900399,374.9952065446116,1493.0349642202852,3072.1843384003496,12288.078080999197,824.2733677066062,31.356718720602455,138.6520078120056,1180.6583936822542,213.94469040538553,855.7787545932786,9.445989,0.28526995,0.59779066,0.056241434,0.0024571086,0.056411058,0.039200906,0.0,0.0018298079,0.99828905,0.0015464275,0.0014011272,3.0336409E-5,1.3415018E-4,0.0,0.0,0.0,2.9230339820873024,2.694656748134888,0.1933661817957893,0.0,0.004412819604775906,0.013313887349822426,0.1702098717207533,0.0,0.06109189156761681,0.2541026336980675,0.10272944247247962,7.418124873665425E-4,0.0,0.062400411978913606,0.15605218903139206,0.21845260101030567,0.0037090624368327136,0.02482517467316215,0.09929882125590757,0.12412399592906972,0.013313887349822426,0.005543644899913559,0.022171065358287178,0.027714710258200735,0.006186871508543577,6.6701045,0.0052644417762883955,633.6575433475889,57.02918116741897,0.016303515739312456,1.575,0.0,0.0,0.006121444195323985,0.0,0.0,0.0,0.0,0.0,0.0,0.0,0.0,7.1348672246109555,7.1348672246109555,6.072837221145148,3.6680981139284246,-0.73611736,-0.7377599,-0.7396173,-0.7414635,0.0,0.0,0.0,0.0,0.0,-0.69,-0.69,-0.69,0.0,0.0,0.0,0.0,0.0,0.0,0.0,0.0,0.0,0.0,0.0,0.0,0.0,0.0,0,0,0,0,0.0,0.0,0.0,0.0,0.0,0,0,0.9163009524345398,1.7051424228697456E-4,0.015874735545367002,0.04021945230051318,0.024344716755146177
2012-07-18T03:30:00,2012,200,3,0,"9273d490-b46d-48de-afa3-955b5c30eb93",120.12500000372529,88.90621793402897,1.1314708729029945,18.334,0.8398000001907349,0.929,400.0,1.59,0.0,[0.11390932189027328],[-0.6810000000000002],-0.6810000000000002,4.17279673289402,15.1,0.29530984003311755,12,45,0.0,0.0,0.0,0.0,0.0,0.0,0.0,-0.41193370521068573,-0.41193370521068573,0.0,0.28539468898443826,0.0,0.42809204861863875,-0.7237555868443198,-0.7237556,31.666271629688648,0.17237990354566066,38859.6265942464,14701.07260908166,17871.554747214075,0.0,4323.6808948554635,375.9477133536501,1493.0512178910712,3072.403530698847,12288.644116463225,814.989429863142,31.359964757967884,138.65669467659868,1180.690812696241,213.95023514760135,855.8009204799896,9.028232,0.29580405,0.5848083,0.05729002,0.0025157102,0.05767629,0.039927147,0.0,0.0019056217,0.99835783,0.0014843944,0.0013449203,2.9121822E-5,1.2876981E-4,0.0,0.0,0.0,2.8979258441772164,2.6705875648707993,0.1924815377834754,0.0,0.004399774541394318,0.013252572628627531,0.165172297303739,0.0,0.05917100650073976,0.23759036797305996,0.10000655082316916,7.149540248732049E-4,0.0,0.06014225544333102,0.15040494290357026,0.21054719834690128,0.0035747701243660254,0.02471180699731881,0.09884356996640918,0.123555376963728,0.013252572628627531,0.0052751018563286746,0.021093866136989457,0.026368967993318133,0.005885070869016898,6.687028,0.005100384529367025,633.6759722611516,57.03083976970552,0.01630679519589039,1.575,0.0,0.0,0.005930679946322129,0.0,0.0,0.0,0.0,0.0,0.0,0.0,0.0,7.382746000827938,7.382746000827938,6.072837221145148,3.6680981139284246,-0.72751784,-0.72916037,-0.73101777,-0.73286396,0.0,0.0,0.0,0.0,0.0,-0.69,-0.69,-0.69,0.0,0.0,0.0,0.0,0.0,0.0,0.0,0.0,0.0,0.0,0.0,0.0,0.0,0.0,0,0,0,0,0.0,0.0,0.0,0.0,0.0,0,0,0.9163009524345398,1.7051421494936246E-4,0.014563980657840148,0.03826339909804524,0.023699418440205094
2012-07-18T04:30:00,2012,200,4,0,"9273d490-b46d-48de-afa3-955b5c30eb93",120.16666667163372,88.93955705785872,1.4654334028194356,18.0151,0.8192999958992004,0.9488,400.0,1.59,0.0,[0.11412021047622273],[-0.6750000000000005],-0.6750000000000005,4.236063311192843,15.1,0.29530984003311755,12,45,0.0,0.0,0.0,0.0,0.0,0.0,0.0,-0.40337833762168884,-0.40337833762168884,0.0,0.29530984003311755,0.0,0.4429647757177188,-0.719170142365225,-0.71917015,31.576655148478206,0.1721425399855726,38852.9784113202,14680.016962076988,17872.487484183708,0.0,4336.198646974962,376.8888366233179,1493.067071881763,3072.618116582761,12289.198049883966,805.7391576414096,31.363147770364304,138.66125433400816,1180.7222159126616,213.95560333408503,855.8223744608522,8.995333,0.2950155,0.5865162,0.056822333,0.0024972775,0.057240218,0.039494142,0.0,0.0019084687,0.99837863,0.0014648102,0.0013271744,2.8739796E-5,1.2707175E-4,0.0,0.0,0.0,2.8806277590592804,2.6537626079661036,0.19207613376992583,0.0,0.0043974418275759845,0.013224265663281285,0.1630510144947381,0.0,0.05824873434735635,0.23741591871411513,0.0988260085117885,7.003623308351953E-4,0.0,0.058915860892282984,0.14733797521044134,0.20625383610272432,0.0035018116541759774,0.024659953854517237,0.09863443641135196,0.12329439026586919,0.013224265663281285,0.005144817105238425,0.020569885572331418,0.025714702677569843,0.005737763199093786,6.697508,0.005024715697140331,633.7002438676427,57.03302421437652,0.016310210176396875,1.575,0.0,0.0,0.0058426929282326965,0.0,0.0,0.0,0.0,0.0,0.0,0.0,0.0,7.382746000827938,7.382746000827938,6.072837221145148,3.6680981139284246,-0.7229324,-0.7245749,-0.7264323,-0.7282785,0.0,0.0,0.0,0.0,0.0,-0.69,-0.69,-0.69,0.0,0.0,0.0,0.0,0.0,0.0,0.0,0.0,0.0,0.0,0.0,0.0,0.0,0.0,0,0,0,0,0.0,0.0,0.0,0.0,0.0,0,0,0.9163009524345398,1.7051418785922598E-4,0.01431942816998344,0.03731272736157596,0.02299329919159252
2012-07-18T05:30:00,2012,200,5,0,"9273d490-b46d-48de-afa3-955b5c30eb93",120.20833333954215,88.97210621459367,1.7843042746475604,17.6529,0.8313999772071838,1.0829,400.0,1.54,0.0,[0.11433337427829025],[-0.6690000000000002],-0.6690000000000002,4.300012454354211,15.1,0.29530984003311755,12,45,0.0,0.0,0.0,0.0,0.0,0.0,0.0,-0.39385460317134857,-0.39385460317134857,0.0,0.29530984003311755,0.0,0.4429647757177188,-0.7131474207553952,-0.7131474,31.515346292315083,0.1719139842376679,38846.369698302566,14659.045596523618,17873.3993622626,0.0,4348.706508414886,377.81634286083187,1493.0824809290052,3072.8273727796395,12289.738037292502,796.5259123686745,31.36625808659835,138.66567541252968,1180.7525363757522,213.9607837647785,855.8430722300584,8.959002,0.2942589,0.58842933,0.05623909,0.0024761765,0.056684997,0.038981944,0.0,0.0019115176,0.9984058,0.0014406701,0.0013053004,2.8268278E-5,1.2497837E-4,0.0,0.0,0.0,2.8625922292118786,2.6362657471504476,0.19161531894879819,0.0,0.004393725727044056,0.013192147988565665,0.16047539547615972,0.0,0.05710778288152503,0.23722832874147973,0.09741251240763073,6.833595483043952E-4,0.0,0.05748657893432987,0.1437635947303293,0.20125017366465917,0.0034167977415219767,0.024600970997010575,0.09839684359890793,0.1229978145959185,0.013192147988565665,0.005000657229536388,0.019990651724724622,0.02499130895426101,0.005575121690472159,6.7006984,0.004936312119979258,633.7302553722003,57.035725249894035,0.016313757509234944,1.575,0.0,0.0,0.005739898066544616,0.0,0.0,0.0,0.0,0.0,0.0,0.0,0.0,7.382746000827938,7.382746000827938,6.072837221145148,3.6680981139284246,-0.7169097,-0.71855223,-0.7204096,-0.72225577,0.0,0.0,0.0,0.0,0.0,-0.69,-0.69,-0.69,0.0,0.0,0.0,0.0,0.0,0.0,0.0,0.0,0.0,0.0,0.0,0.0,0.0,0.0,0,0,0,0,0.0,0.0,0.0,0.0,0.0,0,0,0.9163009524345398,1.7051416112549974E-4,0.014026694538188167,0.03626185039076886,0.022235155852580693
2012-07-18T06:30:00,2012,200,6,0,"9273d490-b46d-48de-afa3-955b5c30eb93",120.25000000745058,89.0042240916237,2.0951334465086475,17.4599,0.8169000148773193,7.6599,400.0,1.54,0.0,[0.11454885853719755],[-0.6630000000000003],-0.6630000000000003,4.364657734595173,15.1,0.29530984003311755,12,45,0.0,0.0,0.0,0.0,0.0,0.0,0.0,-0.3888625353574753,-0.3888625353574753,0.0,0.29530984003311755,0.0,0.4429647757177188,-0.7071743726837265,-0.70717436,31.34084763290198,0.17164426165821559,38839.792550229424,14638.132202865494,17874.300343362927,0.0,4361.2028376364315,378.74012599954324,1493.0976353205422,3073.033603874169,12290.270050067164,787.3381355991014,31.36933641930034,138.67001637364766,1180.7821547272654,213.9658408202485,855.8632713796285,8.934224,0.29346502,0.5895172,0.05617144,0.00246604,0.056465987,0.038715683,0.0,0.0019143173,0.9984121,0.0014356829,0.0013007799,2.8172492E-5,1.245465E-4,0.0,0.0,0.0,2.847929577861797,2.621882193659963,0.19137434553574728,0.0,0.004394926195949838,0.013175173486408424,0.15954772778590323,0.0,0.056578508608444655,0.2370096047888645,0.09702850972978731,6.738293412520564E-4,0.0,0.056685829772330665,0.1417610618567508,0.19844689162908147,0.0033691467062602824,0.024570203368271332,0.09827214150249977,0.1228423448707711,0.013175173486408424,0.004923975845983395,0.019681366723712013,0.024605342569695408,0.005487834978940819,6.696344,0.0048941757220972255,633.7659577790108,57.03893846663466,0.016317439310711952,1.575,0.0,0.0,0.005690902252897554,0.0,0.0,0.0,0.0,0.0,0.0,0.0,0.0,7.382746000827938,7.382746000827938,6.072837221145148,3.6680981139284246,-0.71093667,-0.7125792,-0.71443653,-0.7162827,0.0,0.0,0.0,0.0,0.0,-0.69,-0.69,-0.69,0.0,0.0,0.0,0.0,0.0,0.0,0.0,0.0,0.0,0.0,0.0,0.0,0.0,0.0,0,0,0,0,0.0,0.0,0.0,0.0,0.0,0,0,0.9163009524345398,1.7051413432053264E-4,0.01393941679270938,0.035700726454949795,0.021761309662240415
2012-07-18T07:30:00,2012,200,7,0,"9273d490-b46d-48de-afa3-955b5c30eb93",120.29166667535901,89.03877710849527,2.4533626174935463,18.5975,0.8205000162124634,68.0897,400.0,1.48,0.0,[0.11480325182931962],[-0.6560000000000004],-0.6560000000000004,4.440975725264399,15.1,0.29530984003311755,12,45,1.2390936949881945,0.8971443136845008,0.45494902128669773,0.7319954524729884,0.0,0.04020447733448133,0.16229544108053676,-0.24752393551170826,-0.2338176816111617,-2.73657308310877,0.4762079304399527,0.0,0.531021093907931,-0.7274961495423944,-0.72749615,29.03688100555042,0.17018962328363813,38826.71205767971,14610.641776302857,17875.266740828847,0.0,4373.654388673299,379.7158639337611,1493.1138852022198,3073.25422056076,12290.8385835602,775.2609038170742,31.372694073010067,138.67467271514872,1180.8129517233417,213.97107228025754,855.8841597085154,9.084675,0.30121192,0.57767683,0.05830533,0.0025159863,0.058392808,0.03998432,0.0,0.0018971593,0.99821275,0.0016160943,0.0014642368,3.1715033E-5,1.4019817E-4,0.0,0.0,0.0,2.9642224138291136,2.7364122970293896,0.19286199394759326,0.0,0.004435841588977451,0.013277205945004842,0.1693504125072844,0.0,0.06094942181405495,0.2361603265995939,0.10243083846422382,7.221449712367916E-4,0.0,0.060751401993583094,0.15192832307209184,0.21267972506567492,0.003610724856183959,0.024761361799375794,0.09903508404881062,0.12379644584818641,0.013277205945004842,0.0053574228305499644,0.02141093417831718,0.026768357008867143,0.005968987114471177,6.6714816,0.005213905727869724,633.8077228671671,57.042697324718084,0.016324012239965175,1.575,0.0,0.0,0.006062681345739352,0.0,0.03675148204671255,0.0627608851574532,0.1707403047440316,0.0,0.0,0.0,0.0,7.382746000827938,7.382746000827938,6.072837221145148,3.6680981139284246,-0.7328808,-0.73583156,-0.7387777,-0.7411945,0.0,-0.3312394441200493,-0.2906608075869934,-0.12989012332516373,0.0,-0.7274961495423944,-0.7274961495423944,-0.7274961495423944,0.0,0.023760000243782997,0.023760000243782997,0.023760000243782997,0.0,0.0,0.0,0.0,0.0,0.0,0.0,0.0,0.0,0.0,0,0,0,0,0.0,0.0,0.0,0.0,0.0,0,0,0.9163009524345398,1.7051410201830757E-4,0.015955357172060758,0.038839573323846764,0.022884216151786006
2012-07-18T08:30:00,2012,200,8,0,"9273d490-b46d-48de-afa3-955b5c30eb93",120.33333334326744,89.0788483233573,2.957779336704192,22.106,0.6995000243186951,245.203,400.0,1.45,0.0,[0.11502392529825696],[-0.6500000000000005],-0.6500000000000005,4.507177768576232,15.1,0.2849182115805669,12,45,6.927637996564995,4.886053145576312,0.70631660262772,1.1070313045780915,0.0,0.037132456826491404,0.2624670358293043,0.33484388142824173,0.14764710085748192,2.9016916595161364,1.1141821858680199,7.234233962812452E-4,1.5638896839893752,-0.8057256220385918,-0.80572563,44.779901242620255,0.17563849629974365,38829.89472911098,14599.011669902435,17876.431228163467,0.0,4386.244864743748,380.752436117987,1493.1351297314993,3073.518105620228,12291.524847900993,770.1515072666974,31.37721486380019,138.6811392189984,1180.8603805181624,213.97926720070842,855.9168813793158,7.795445,0.16440761,0.68072563,0.072148465,0.0033025104,0.077151746,0.052898884,0.0,0.002264031,0.99772215,0.0020586823,0.0018652336,4.040387E-5,1.785946E-4,0.0,0.0,0.0,1.5149312354883797,1.2816304487028305,0.19750527877952076,0.0,0.004549940438612777,0.013596439548175127,0.18682454769946655,0.0,0.07208306926984681,0.23879522575444187,0.10858555196702835,8.493658902704683E-4,0.0,0.07145534879142315,0.17869696356511885,0.250152312356542,0.004246829451352342,0.02535767461492602,0.10141829394926255,0.12677596856418857,0.013596439548175127,0.007094210419148727,0.028347833547878343,0.03544204396702707,0.007901268431136024,7.1670365,0.006278689061140212,633.8567887568785,57.047113254967584,0.016323937862279928,1.575,0.0,0.0,0.00730080155519521,0.0,0.033849151857760405,0.0791917554483426,0.2758564957136245,0.0,0.0,0.0,0.0,7.122955289514171,7.122955289514171,5.813046509831382,3.6680981139284246,-0.81337726,-0.8181997,-0.822931,-0.8264717,0.0,-0.27250372539210427,-0.09196067462812997,0.5914238169957231,0.0,-0.8057256220385917,-0.8057256220385918,-0.8057256220385918,0.0,0.023760000243782997,0.023760000243782997,0.029102880880236624,0.0,0.0,0.0,0.0,0.0,0.0,0.0,0.0,0.0,0.0,0,0,0,0,0.0,0.0,0.0,0.0,0.0,0,0,0.9163009524345398,1.705140741638447E-4,0.017440562369301915,0.05141280136987398,0.033972239000572065
2012-07-18T09:30:00,2012,200,9,0,"9273d490-b46d-48de-afa3-955b5c30eb93",120.37500001117587,89.12025868371553,3.6288709927262133,26.1062,0.5649999976158142,785.3043,400.0,1.41,0.0,[0.1152470714301133],[-0.6440000000000005],-0.6440000000000005,4.574121610793243,15.1,0.29530984003311755,12,45,22.05107616589255,15.579691528681657,0.7019914498714875,1.101072447511831,0.0,0.04426099942917264,0.25955733027902,1.89191842948397,0.9869002640566652,14.68844992438597,2.653993398043905,0.0015373531004271945,4.412110325368567,-0.8596421098682445,-0.87250125,86.75107954751174,0.18252808802798728,38862.76714135847,14616.840315033549,17877.71097606377,0.0,4398.977817893015,381.7559482738812,1493.1626859034427,3073.804752939116,12292.283245616813,777.9840768747871,31.38346976247865,138.6903629262885,1180.9342377288588,213.99219536445383,855.9685017086701,6.67515,0.010982279,0.80396837,0.08161955,0.0043724068,0.096340835,0.066130064,0.0,0.0027165469,0.9971642,0.0025629008,0.0023220677,5.030493E-5,2.2233794E-4,0.0,0.0,0.0,0.313031615666569,0.0733083577598755,0.20293700183272123,0.0,0.004683050340367994,0.013969847195025068,0.18718184958036382,0.0,0.0761875072467904,0.2414974942001052,0.10473503256018227,8.926987911665706E-4,0.0,0.07510248359371016,0.18781778684228026,0.2629202704359904,0.004463493955832854,0.026055255225493214,0.10420611310693817,0.13026136833243138,0.013969847195025068,0.009658526695443013,0.038587940270142305,0.04824646696558532,0.010753129106399589,12.342876,0.00752760809902369,633.9146076796484,57.052316958223656,0.0163116178879868,1.575,0.0,0.0,0.008753033058507902,0.0,0.03548814555261834,0.08820671535129777,0.27272373603722194,0.0,0.0,0.0,0.0,7.382746000827938,7.382746000827938,6.072837221145148,3.6680981139284246,-0.8728328,-0.88223004,-0.8913763,-0.8975937,0.0,-0.006109073995031589,0.5281922229882458,1.949672299742419,0.0,-0.8596421098682446,-0.861746416461914,-0.8872316993945499,0.0,0.023760000243782997,0.02835044777020812,0.042928365617990495,0.0,0.0,0.0,0.0,0.0,0.0,0.0,0.0,0.0,0.0,0,0,0,0,0.0,0.0,0.0,0.0,0.0,0,0,0.9163009524345398,1.7051405707999712E-4,0.018591804269817658,0.06996811330313236,0.05137630903331471
2012-07-18T10:30:00,2012,200,10,0,"9273d490-b46d-48de-afa3-955b5c30eb93",120.4166666790843,89.15997206095031,4.378512671942886,27.9914,0.5227000117301941,845.743,400.0,1.35,0.0,[0.11547274130649393],[-0.6380000000000001],-0.6380000000000001,4.641822576397628,15.1,0.29530984003311755,12,45,23.51801026816824,16.863935818415428,0.6951878486776786,1.0716174285099367,0.0,0.04905016987190546,0.2446509261878726,1.9632138985519607,1.0908898040612007,16.30377554685226,3.255785685042846,0.0013910088006092746,5.12316167302142,-0.8657610421405675,-0.94298315,94.65146875113776,0.18353221693139354,38899.49263152419,14638.56351302071,17878.977053161085,0.0,4411.72426801363,382.7154877439232,1493.1929136716824,3074.08593697678,12293.034731347845,787.5276209351175,31.39067043327463,138.70096522662502,1181.0200134584607,214.0072337780117,856.0285337904209,6.584199,0.0,0.81593806,0.07916738,0.0046671503,0.097437985,0.06680303,0.0,0.002789426,0.9968295,0.0028655084,0.002596234,5.6252247E-5,2.485909E-4,0.0,0.0,0.0,0.2428246950729071,0.0,0.20555747813568587,0.0,0.004751386142925067,0.014149695804722041,0.17979240529091334,0.0,0.0736617540816561,0.24175348232176683,0.09990019136794603,8.581602341608669E-4,0.0,0.07219818025019263,0.18055464307280852,0.25275282332300114,0.004290801170804335,0.02639191780255474,0.10555027505237821,0.13194219285493294,0.014149695804722041,0.011042038464315427,0.04410736285644747,0.0551494013207629,0.012288948210331645,14.341505,0.00810949842059873,633.9818562521596,57.058369329990164,0.01629794666623441,1.575,0.0,0.0,0.00942964974128031,0.0,0.045045424843188096,0.08548886530923436,0.25702296811843334,0.0,0.0,0.0,0.0,7.382746000827938,7.382746000827938,6.072837221145148,3.6680981139284246,-0.8811159,-0.8923161,-0.9030668,-0.910141,0.0,0.11301430583795209,0.5541113672527573,2.1070378524419047,0.0,-0.8999041331185472,-0.921117646841587,-0.9696518370796913,0.0,0.023760000243782997,0.027140303049236536,0.04264731854200363,0.0,0.0,0.0,0.0,0.0,0.0,0.0,0.0,0.0,0.0,0,0,0,0,0.0,0.0,0.0,0.0,0.0,0,0,0.9163009524345398,1.7051404065499622E-4,0.02050387390772812,0.07997374344901072,0.0594698695412826
2012-07-18T11:30:00,2012,200,11,0,"9273d490-b46d-48de-afa3-955b5c30eb93",120.45833334699273,89.19991982157168,5.1206626828709005,27.8116,0.5059999823570251,1078.0739,400.0,1.33,0.0,[0.11573928286278488],[-0.6310000000000003],-0.6310000000000003,4.721785046462337,15.1,0.29530984003311755,12,45,33.85652903558667,24.572961218803997,0.7851161463881711,1.2116766271011843,0.0,0.10116290517328304,0.24382887835416175,3.269404967625936,1.9681214424142015,27.12805227159515,4.275627783485886,0.001762447635069722,6.587860705864688,-0.8729707926822218,-0.96878946,102.045053555421,0.1856245708572387,38960.86149002497,14684.836109391,17880.2630708312,0.0,4424.545901475385,383.67370215463,1493.2233125095236,3074.3706806957543,12293.796375005875,807.8563295583463,31.39787571542632,138.7116097417358,1181.1078164060516,214.02267074812403,856.0901456752047,6.6205196,0.0,0.81624806,0.07863013,0.004632423,0.09771867,0.066768534,0.0,0.0027707517,0.99709535,0.0026257825,0.0023790293,5.1554314E-5,2.2779484E-4,0.0,0.0,0.0,0.24255400453444015,0.0,0.20532357329221906,0.0,0.004753530056177364,0.01413308500720924,0.18092272898351813,0.0,0.0748859215320613,0.24317943498792,0.09976535629599317,8.674637112875688E-4,0.0,0.07298207129601776,0.18251500920390784,0.2554970804999256,0.004337318556437845,0.026362088592726006,0.10542876039950401,0.13179084899223,0.01413308500720924,0.010964498527665444,0.04378998948889423,0.054754488016559674,0.012198644026816231,17.739553,0.008108374506940045,634.0585331675356,57.065270252648226,0.016274243148598544,1.575,0.0,0.0,0.009428342864875485,0.0,0.09291655246725851,0.1276236659621215,0.25614127598288144,0.0,0.0,0.0,0.0,7.382746000827938,7.382746000827938,6.072837221145148,3.6680981139284246,-0.8920014,-0.9061051,-0.91901827,-0.92721415,0.0,1.1741683494443096,1.484709976834223,2.83122247066012,0.0,-0.9238880665110956,-0.9463345141198769,-0.9970813870204068,0.0,0.038473437229792275,0.037452914752066135,0.05156501904129982,0.0,0.0,0.0,0.0,0.0,0.0,0.0,0.0,0.0,0.0,0,0,0,0,0.0,0.0,0.0,0.0,0.0,0,0,0.9163009524345398,1.7051403031693272E-4,0.018892209496698342,0.07939383364202598,0.06050162414532764
2012-07-18T12:30:00,2012,200,12,0,"9273d490-b46d-48de-afa3-955b5c30eb93",120.50000001490116,89.23607716670908,5.950812676076467,29.9236,0.4219000041484833,2272.2758,400.0,1.34,0.0,[0.11597060354874815],[-0.6250000000000006],-0.6250000000000006,4.7911812550088735,15.1,0.29530984003311755,12,45,72.27994823657419,53.52406558608909,0.7952374029219316,1.2480526641676772,0.0,0.1161335140306089,0.24247670340269484,6.939643482367198,3.9407881191504113,53.728946242008476,7.488414457020691,0.0019930396982039745,11.619090474297627,-0.9195527034665868,-1.0335011,128.87256008451996,0.19061493785858152,39082.80860843086,14791.745191058875,17881.505105847657,0.0,4437.492332110457,384.4890735099517,1493.2575144624536,3074.6423483668314,12294.53750830649,854.8241623769661,31.406359206886094,138.7243135197763,1181.2166829210382,214.0419102611084,856.1669271574658,6.582967,0.0,0.8288945,0.06747084,0.0049410434,0.09586696,0.065536626,0.0,0.002826666,0.9971509,0.0025748424,0.0023328706,5.0562005E-5,2.2337616E-4,0.0,0.0,0.0,0.24607025176531316,0.0,0.2082953254119655,0.0,0.004829971516239364,0.014337106035008306,0.1596342161090094,0.0,0.06889364330025893,0.24554638036859694,0.08448988608715476,7.941004911825051E-4,0.0,0.0668109253935408,0.16708208150803738,0.2338930069015782,0.003970502455912526,0.026743841830988588,0.10695321790983749,0.13369705974082607,0.014337106035008306,0.012784734964007822,0.051050646172453175,0.06383538113646099,0.014219116912563357,25.56375,0.008818686112659608,634.1454643695406,57.073094061139564,0.016225688146494777,1.575,0.0,0.0,0.010254286628806493,0.0,0.10744995254123237,0.13877271056204674,0.2548441209455876,0.0,0.0,0.0,0.0,7.382746000827938,7.382746000827938,6.072837221145148,3.6680981139284246,-0.95050174,-0.9744019,-0.9959782,-1.0090826,0.0,2.6204887567033723,3.260687179417304,5.27704848840512,0.0,-0.9606448131279487,-1.0014239988049798,-1.0724285822583568,0.0,0.044279913107554116,0.04984297417104244,0.06848957017064095,0.0,0.0,0.0,0.0,0.0,0.0,0.0,0.0,0.0,0.0,0,0,0,0,0.0,0.0,0.0,0.0,0.0,0,0,0.9163009524345398,1.7051403285525885E-4,0.01842051307176007,0.09254460355403685,0.07412409048227678
2012-07-18T13:30:00,2012,200,13,0,"9273d490-b46d-48de-afa3-955b5c30eb93",120.54166668280959,89.2692456702307,6.827741905880224,31.0463,0.41260001063346863,1923.0209,400.0,1.32,0.0,[0.11620462024469845],[-0.6190000000000001],-0.6190000000000001,4.8613862665836605,15.1,0.29530984003311755,12,45,61.34449143718049,45.44628868484432,0.7975016215005838,1.2473348189052313,0.0,0.1155606740044916,0.24261296657138534,5.831345558166504,3.3157811494342724,45.32263401936681,6.8636622052843554,0.0018342424473107718,10.780745993982162,-0.8889427054912454,-1.1028416,132.75132073548764,0.19078014367630564,39185.61438443659,14879.580704910062,17882.685302721122,0.0,4450.459190047422,385.2765671702394,1493.2932303824575,3074.8982803401595,12295.24404031185,893.4124999226585,31.415525254406205,138.73798170691654,1181.333957403365,214.06264184245316,856.2496458878773,6.558185,0.0,0.83333945,0.06542891,0.0050896695,0.09328296,0.06373896,0.0,0.0028589817,0.99694306,0.002763166,0.0025034905,5.4269763E-5,2.3971374E-4,0.0,0.0,0.0,0.247971412902106,0.0,0.2099007404815641,0.0,0.004873812379205534,0.014447128299653325,0.15110870638426138,0.0,0.06352816417312561,0.24593381148240331,0.08138661209604713,7.287343043686552E-4,0.0,0.061312018554690886,0.15333030320340718,0.21464232175809805,0.0036436715218432767,0.02695015557226115,0.10777622291651585,0.134726378488777,0.014447128299653325,0.013749394370547242,0.054893768154851114,0.06864316252539836,0.015288197910077277,25.56375,0.009173618928881341,634.2430625707694,57.0818778995992,0.01618560975842892,1.575,0.0,0.0,0.010666999223972158,0.0,0.10580225133693388,0.13915263415289292,0.25500491056657765,0.0,0.0,0.0,0.0,7.382746000827938,7.382746000827938,6.072837221145148,3.6680981139284246,-0.91738206,-0.9392306,-0.9590326,-0.9710923,0.0,2.142779253338133,2.7389051230349306,4.481083108211429,0.0,-1.021147314289662,-1.0672264847319068,-1.1459492780381133,0.0,0.03814789031942686,0.04271224234253168,0.05741418451070786,0.0,0.0,0.0,0.0,0.0,0.0,0.0,0.0,0.0,0.0,0,0,0,0,0.0,0.0,0.0,0.0,0.0,0,0,0.9163009524345398,1.7051403610864697E-4,0.019693488204211462,0.09951356592196668,0.07982007771775522
2012-07-18T14:30:00,2012,200,14,0,"9273d490-b46d-48de-afa3-955b5c30eb93",120.58333335071802,89.30436590784275,7.675416936737797,30.3442,0.4203999936580658,1730.7438,400.0,1.31,0.0,[0.11644139090321352],[-0.6130000000000002],-0.6130000000000002,4.932417466960708,15.1,0.29530984003311755,12,45,50.43016809950006,36.78344835638345,0.7284464647439449,1.1292358464731576,0.0,0.07263752311270856,0.24287514025534904,4.5799875656763716,2.4788652469341956,34.93224689398765,5.675143464929717,0.0017098073334991435,8.941857003183863,-0.8674373651331806,-1.0475444,125.30699082190432,0.189986278263855,39264.757857717654,14943.599549924293,17883.907658940116,0.0,4463.466432985055,386.1369721643255,1493.3278567342693,3075.163811496151,12295.970903483592,921.5375793168542,31.42430575196393,138.7509778863913,1181.4448775245937,214.08223936693247,856.3278223855543,6.628566,0.0,0.82705915,0.07061833,0.004950958,0.094556354,0.06433875,0.0,0.00281522,0.9970296,0.0026845892,0.0024322919,5.2736632E-5,2.3289677E-4,0.0,0.0,0.0,0.24682069548071367,0.0,0.20892290756496887,0.0,0.004857510299444325,0.014379406647606344,0.16287229455309563,0.0,0.06749541812690439,0.2466997670584449,0.08912439648605029,7.702628943976763E-4,0.0,0.06480640432326312,0.1620691282397217,0.22687553256298482,0.0038513144719883826,0.026824776036002796,0.10727290183122047,0.13409767786722326,0.014379406647606344,0.01312144609277365,0.0523789684654499,0.06550041455822354,0.014587026834848638,22.407753,0.008975316148942425,634.3510971865843,57.0916010154089,0.016155736894781333,1.575,0.0,0.0,0.010436414585988082,0.0,0.06653643592437351,0.10422585891448251,0.255312647355459,0.0,0.0,0.0,0.0,7.382746000827938,7.382746000827938,6.072837221145148,3.6680981139284246,-0.8914506,-0.90973806,-0.9269806,-0.9380893,0.0,1.1873417772134156,1.6154670246364677,3.944497906604846,0.0,-0.9731049184256322,-1.004239728133987,-1.0991604099012906,0.0,0.03165073382357756,0.032509494572877884,0.05327986180782318,0.0,0.0,0.0,0.0,0.0,0.0,0.0,0.0,0.0,0.0,0,0,0,0,0.0,0.0,0.0,0.0,0.0,0,0,0.9163009524345398,1.7051403705519458E-4,0.01933881896547973,0.09496002674316059,0.07562120777768086
2012-07-18T15:30:00,2012,200,15,0,"9273d490-b46d-48de-afa3-955b5c30eb93",120.62500001862645,89.33840087946143,8.53987115243686,30.7469,0.42089998722076416,2181.0558,400.0,1.3,0.0,[0.11672118389828473],[-0.6060000000000002],-0.6060000000000002,5.016355368817463,15.1,0.29530984003311755,12,45,62.675162678695074,45.20465579497937,0.7184039339880147,1.1125950850604018,0.0,0.03618314748490912,0.26473177809828874,5.226472501953443,3.4974107776347108,51.40698022796513,8.178378604008145,0.0017460327311078457,10.831488627880804,-0.9275594642706958,-1.0441576,145.37279942912804,0.19304989976759712,39381.42613902721,15045.126067364788,17885.12509102722,0.0,4476.589061976373,386.90291301105725,1493.363620884359,3075.4268683346336,12296.695957273467,966.1407170803577,31.433442876289213,138.7645772857761,1181.5632504671803,214.1032089859154,856.4114631868338,6.623889,0.0,0.83498496,0.06305732,0.005019608,0.094113186,0.063938275,0.0,0.0028248962,0.9972486,0.0024872518,0.0022534942,4.8869162E-5,2.1577707E-4,0.0,0.0,0.0,0.24751953955724898,0.0,0.20951023051508094,0.0,0.004878141617592731,0.014419367533253185,0.1516042740975043,0.0,0.06616738722490542,0.24888821796250424,0.07915450795890452,7.515296256386021E-4,0.0,0.06323081960395767,0.15812887143511098,0.22135969103906866,0.0037576481281930115,0.026900352728379595,0.10757310017374858,0.13447345290212817,0.014419367533253185,0.013561150690979382,0.05412574767312846,0.06768689836410784,0.015072310018136394,25.56375,0.009159868163408238,634.4697828123602,57.102282722153184,0.016110888939687158,1.575,0.0,0.0,0.010651009961090436,0.0,0.03324361977972772,0.07937775514179814,0.2776495347185623,0.0,0.0,0.0,0.0,7.382746000827938,7.382746000827938,6.072837221145148,3.6680981139284246,-0.96109587,-0.9870132,-1.0115305,-1.027072,0.0,0.7660509981515097,1.8440256421992949,6.458934753672965,0.0,-0.9718502371429132,-0.9893686233481134,-1.1046231230782495,0.0,0.054987797513604164,0.04027600958943367,0.08250623494386673,0.0,0.0,0.0,0.0,0.0,0.0,0.0,0.0,0.0,0.0,0,0,0,0,0.0,0.0,0.0,0.0,0.0,0,0,0.9163009524345398,1.7051404644956807E-4,0.017904585583892185,0.09812045454713106,0.08021586896323887
2012-07-18T16:30:00,2012,200,16,0,"9273d490-b46d-48de-afa3-955b5c30eb93",120.66666668653488,89.37304997659731,9.395004472981022,30.5232,0.41499999165534973,1507.8247,400.0,1.31,0.0,[0.11696412909699691],[-0.6000000000000002],-0.6000000000000002,5.089238931327249,15.1,0.29530984003311755,12,45,48.11295897834314,34.61810452182346,0.7977213627410258,1.2663808200994946,0.0,0.12303718764698231,0.24231828758740054,4.513983527819316,2.9633338607729773,40.580346245843096,6.444700636899796,0.0017490833223629137,9.098038219179045,-0.8601495336078309,-1.1127069,137.4344010617964,0.19263445908324212,39473.42636528022,15121.969532893128,17886.357120549284,0.0,4489.615820435441,387.7655103057561,1493.3989985412186,3075.692779059543,12297.42679971012,999.8999729436767,31.442476952831573,138.77794572455176,1181.6793336980786,214.12376943225485,856.4934546526606,6.6406264,0.0,0.8267957,0.07066141,0.004978645,0.094750755,0.06416385,0.0,0.0028135143,0.9972562,0.0024803707,0.0022472544,4.8743248E-5,2.1517962E-4,0.0,0.0,0.0,0.24716996008007167,0.0,0.2092107670576584,0.0,0.004877394190734137,0.014398302361954034,0.16319045258382345,0.0,0.06764201368255025,0.2470699050358238,0.08929358959338872,7.644069737550589E-4,0.0,0.06431472579540864,0.16083952158941006,0.2251542473848187,0.0038220348687752954,0.02686206690233694,0.10741801237214721,0.13428007927448415,0.014398302361954034,0.013355801338578461,0.05329802483877795,0.0666538261773564,0.014840984207534857,24.893555,0.009106982534414563,634.5990579531772,57.11391748528903,0.016076614481872132,1.575,0.0,0.0,0.010589515040949514,0.0,0.11216094795563587,0.14561205494390142,0.2546403575527567,0.0,0.0,0.0,0.0,7.382746000827938,7.382746000827938,6.072837221145148,3.6680981139284246,-0.88687,-0.9072827,-0.9256725,-0.93689054,0.0,1.884758949448356,2.436893329060455,4.031631232937768,0.0,-1.0319376475498456,-1.0779490338233575,-1.1561319403943355,0.0,0.03858283907175064,0.04289381206035614,0.057229265570640564,0.0,0.0,0.0,0.0,0.0,0.0,0.0,0.0,0.0,0.0,0,0,0,0,0.0,0.0,0.0,0.0,0.0,0,0,0.9163009524345398,1.7051405466384685E-4,0.017900174287206028,0.0966245010583116,0.07872432677110557
2012-07-18T17:30:00,2012,200,17,0,"9273d490-b46d-48de-afa3-955b5c30eb93",120.70833335444331,89.4104944902214,10.200683659335475,29.3363,0.42080000042915344,460.7026,400.0,1.35,0.0,[0.11721002419768563],[-0.5940000000000004],-0.5940000000000004,5.163007464465163,15.1,0.29530984003311755,12,45,16.5203847459473,12.224650729139947,0.8964777247809812,1.4741554806289285,0.0,0.19707442139538478,0.24359396404795491,1.3656018475691478,0.917088413889115,12.267679305891155,3.50700932825222,9.716793932165439E-4,4.950334727632757,-0.8273487487950535,-0.97969383,157.00472495814086,0.19749384573996814,39500.973834705575,15133.924068747769,17887.676969641743,0.0,4502.8793661760665,388.7404572880776,1493.4335924315208,3075.97821037704,12298.205155096539,1005.1518994655913,31.450989534240872,138.79066895313545,1181.7927474245676,214.14392538885392,856.5738288680191,6.8257027,0.0,0.8189986,0.07755022,0.0047375816,0.09599829,0.064671636,0.0,0.002715337,0.99790335,0.0018950509,0.0017169414,3.7247828E-5,1.6440108E-4,0.0,0.0,0.0,0.24521876367981868,0.0,0.20755506872177448,0.0,0.004845725880744765,0.014283885628411493,0.18186588624565994,0.0,0.0742436825462425,0.2515608926711682,0.10119722904322052,8.347325968375919E-4,0.0,0.070232239917938,0.17563815240342298,0.245870392321361,0.00417366298418796,0.026649632587082542,0.1065665317249003,0.13321616431198285,0.014283885628411493,0.012493520505221602,0.049849256662799664,0.062342777168021266,0.013879772563424141,15.072199,0.008837985961679506,634.7386098223087,57.12647715400995,0.016068935730000334,1.575,0.0,0.0,0.010276728314701021,0.0,0.18137781075988094,0.20498306310766598,0.2559889255899463,0.0,0.0,0.0,0.0,7.382746000827938,7.382746000827938,6.072837221145148,3.6680981139284246,-0.84345055,-0.85503894,-0.8650762,-0.8712917,0.0,0.727657619666973,0.8543793030336013,1.0809141791068109,0.0,-0.9376004656966267,-0.96550228909599,-0.9987378311870205,0.0,0.027962093551953632,0.02829952072352171,0.029224906116724014,0.0,0.0,0.0,0.0,0.0,0.0,0.0,0.0,0.0,0.0,0,0,0,0,0.0,0.0,0.0,0.0,0.0,0,0,0.9163009524345398,1.705140731747817E-4,0.014057247135497164,0.09036206634678885,0.07630481921129169
2012-07-18T18:30:00,2012,200,18,0,"9273d490-b46d-48de-afa3-955b5c30eb93",120.75000002235174,89.45008833707905,10.953962811449045,28.0787,0.4242999851703644,217.7008,400.0,1.37,0.0,[0.11745893528854141],[-0.5880000000000001],-0.5880000000000001,5.237680794689149,15.1,0.29530984003311755,12,45,5.768093884963901,4.023774659042261,0.6623877685525156,1.02683608242808,0.0,0.03499811823051644,0.24314604695249253,-0.05647208417455355,-0.09741354325377262,-0.20537952042425767,2.728149239100334,0.0,3.338617921941919,-0.8076989229514133,-0.90836465,50.60383711921245,0.18664986958117752,39493.95545302265,15111.490122780326,17888.987414403833,0.0,4515.895596337585,389.7984289113357,1493.4645124107135,3076.2625795145555,12298.967477960781,995.2961060454007,31.458607559792846,138.8015777504859,1181.883579697831,214.15993148378334,856.637614381262,9.388129,0.27895677,0.58435535,0.061118383,0.0032927012,0.070319295,0.047064554,0.0,0.0019574715,0.9979831,0.0018236351,0.0016522342,3.5850386E-5,1.5820486E-4,0.0,0.0,0.0,2.8620493277086823,2.6188822130641944,0.20581382339460674,0.0,0.004812781824561181,0.014163514799117491,0.1936244118264973,0.0,0.07715423217925124,0.24687022178508736,0.11012228927253942,8.618854461491807E-4,0.0,0.07251766796849907,0.18135359121612266,0.2538712591846217,0.004309427230745904,0.026426225692935568,0.10567100444617136,0.13209723013910693,0.014163514799117491,0.011199816200573675,0.04467980192552463,0.055879618126098304,0.01243936183533507,12.446371,0.008342870619063034,634.8878627042151,57.13990991391529,0.016075570436579915,1.575,0.0,0.0,0.009701012774693226,0.0,0.0322344847371318,0.07400334306351372,0.25522963292652073,0.0,0.0,0.0,0.0,7.382746000827938,7.382746000827938,6.072837221145148,3.6680981139284246,-0.82099646,-0.83038634,-0.8388914,-0.8443409,0.0,-0.5195737702928552,-0.34264295168375225,0.3520661197136606,0.0,-0.8763501784686986,-0.8954946287007384,-0.9241671158780104,0.0,0.023523674656947453,0.023435848765075207,0.025230999663472177,0.0,0.0,0.0,0.0,0.0,0.0,0.0,0.0,0.0,0.0,0,0,0,0,0.0,0.0,0.0,0.0,0.0,0,0,0.9163009524345398,1.7051406568114824E-4,0.01860577691695653,0.08102100228315957,0.062415225366203045
2012-07-18T19:30:00,2012,200,19,0,"9273d490-b46d-48de-afa3-955b5c30eb93",120.79166669026017,89.4914481911904,11.629333683729172,26.2089,0.4781999886035919,130.7938,400.0,1.38,0.0,[0.11775323462969492],[-0.5810000000000002],-0.5810000000000002,5.325970600543523,15.1,0.29530984003311755,12,45,4.681871436748748,3.46521808489363,0.8948955219491955,1.471874934648461,0.0,0.19703631469219904,0.2425157058913578,-0.00620664656162262,-0.010635901948995344,0.0995362708180797,2.1378926999144037,1.2932811883982882E-5,2.7412768349874748,-0.7861395121793885,-0.8722528,92.73439215468282,0.19077248034802546,39492.50559938472,15094.37776808664,17890.34916272057,0.0,4529.030404797009,390.93531501949315,1493.4935727462962,3076.5583200095048,12299.754936129357,987.778220737184,31.46542522659044,138.81143563245766,1181.9682103596351,214.17490601491795,856.6972868185658,7.4100065,0.072488755,0.74709535,0.08313773,0.0039890325,0.09084028,0.060415465,0.0,0.00244885,0.99804455,0.0017674974,0.0016013691,3.4752535E-5,1.5333503E-4,0.0,0.0,0.0,0.7772785166638404,0.5371421134660236,0.20324343272324258,0.0,0.004760903341531109,0.013986072325515181,0.20684782470433277,0.0,0.081815141246788,0.24911921787225647,0.11858794757829298,9.087532598683058E-4,0.0,0.07646226544059233,0.19121831275886295,0.2676805781994553,0.00454376629934153,0.026096317169874327,0.10434959716944489,0.1304459143393192,0.013986072325515181,0.00993306992775539,0.039619410242324855,0.049552480170080244,0.011028916844568998,10.441257,0.007861721579610008,635.0462571232441,57.15416541219437,0.016080171351121816,1.575,0.0,0.0,0.009141537122799517,0.0,0.18037026856244345,0.20533357327495325,0.2549734049428395,0.0,0.0,0.0,0.0,7.382746000827938,7.382746000827938,6.072837221145148,3.6680981139284246,-0.7973211,-0.8049366,-0.8116761,-0.8160594,0.0,-0.08455438321131853,-0.03187116636986333,0.050703398345092944,0.0,-0.8498211572507622,-0.8648253705509583,-0.8816905913593617,0.0,0.023542295520504315,0.023463157936930656,0.023220599070191382,0.0,0.0,0.0,0.0,0.0,0.0,0.0,0.0,0.0,0.0,0,0,0,0,0.0,0.0,0.0,0.0,0.0,0,0,0.9163009524345398,1.7051406820260893E-4,0.014233401634555776,0.07183685005362533,0.05760344841906956
2012-07-18T20:30:00,2012,200,20,0,"9273d490-b46d-48de-afa3-955b5c30eb93",120.8333333581686,89.5330888697322,12.239408698859066,24.6418,0.5530999898910522,57.0069,400.0,1.41,0.0,[0.11800891756804319],[-0.5750000000000002],-0.5750000000000002,5.4026754850959815,15.1,0.29530984003311755,12,45,0.973651052874906,0.6991059056926625,0.42698824742044644,0.6813072975889882,0.0,0.022524107608421946,0.16178113046493328,-0.4797537848353386,-0.4632387290493393,-5.6997077345426375,1.65936183203296,0.0,1.7763867235814998,-0.7626330460022399,-0.8377187,24.91866881032676,0.17429267648773195,39465.70581678205,15052.507240204319,17891.61454503765,0.0,4541.632572164639,392.1144380498104,1493.5176476568593,3076.8338752152777,12300.47430575389,969.3834508736313,31.471206694611134,138.81909486479876,1182.0232795770876,214.18441403832338,856.7351126468925,12.34735,0.46158737,0.4301722,0.051719554,0.0022437416,0.05282301,0.034886435,0.0,0.0014541195,0.9981882,0.0016374352,0.0014835286,3.219992E-5,1.4205171E-4,0.0,0.0,0.0,5.937009616006769,5.69938073396494,0.2011155706267194,0.0,0.004719755832344748,0.013839033839274274,0.20922867090862013,0.0,0.07977405604704836,0.23901696684936782,0.12326340202235503,8.797246870087084E-4,0.0,0.07402123550498954,0.18511373365013237,0.2591349691551219,0.004398623435043543,0.025823229125273513,0.1032553230283183,0.12907855215359182,0.013839033839274274,0.008528938902390234,0.03401257956498164,0.04254151846737187,0.009466608429103051,8.857403,0.00721419893562037,635.213040146056,57.169175884843895,0.016095316858008493,1.575,0.0,0.0,0.008388603782697918,0.0,0.02068675058505979,0.048356854855191984,0.1700687514528368,0.0,0.0,0.0,0.0,7.382746000827938,7.382746000827938,6.072837221145148,3.6680981139284246,-0.77211016,-0.77835816,-0.78399414,-0.7877796,0.0,-0.5453295111656189,-0.5167794143497575,-0.3711517115392369,0.0,-0.819842960222041,-0.8317158265365985,-0.8451283026665873,0.0,0.023566321780284245,0.023494835942983627,0.02329176291823387,0.0,0.0,0.0,0.0,0.0,0.0,0.0,0.0,0.0,0.0,0,0,0,0,0.0,0.0,0.0,0.0,0.0,0,0,0.9163009524345398,1.7051403120657544E-4,0.02197195790358819,0.06170497351909176,0.03973301561550357
2012-07-18T21:30:00,2012,200,21,0,"9273d490-b46d-48de-afa3-955b5c30eb93",120.87500002607703,89.57422550920776,12.795971218624835,23.3575,0.5713000297546387,13.4982,400.0,1.47,0.0,[0.11826784056627525],[-0.5690000000000001],-0.5690000000000001,5.480352387652203,15.1,0.29530984003311755,12,45,0.0,0.0,0.0,0.0,0.0,0.0,0.0,-0.5699286460876465,-0.5699286460876465,0.0,0.29530984003311755,0.0,0.4429647757177188,-0.6141532345448617,-0.8377187,40.02758423924313,0.18168830034347033,39458.32264678105,15029.70225350409,17892.900651031643,0.0,4554.43507811865,393.4238785218622,1493.5414141651002,3077.113017782421,12301.205674921637,959.3646499817245,31.476665538942115,138.8265892864479,1182.0828801481434,214.19485757618833,856.776684047079,9.742813,0.30199674,0.55383635,0.072720125,0.0027641954,0.06685567,0.043949675,0.0,0.001826908,0.99835986,0.001482308,0.0013429791,2.915337E-5,1.2859514E-4,0.0,0.0,0.0,3.1778956725172383,2.942297939240116,0.19939054680466425,0.0,0.00468820700074597,0.01371975540154075,0.22393435353959593,0.0,0.08069851560976804,0.2428166562093868,0.13695478315658996,8.851290796960259E-4,0.0,0.07447756037566984,0.1862549154459108,0.26073247582158066,0.004425645398480131,0.025601807035518773,0.10236774968835909,0.12796955672387786,0.01371975540154075,0.007918570186276255,0.03157287033937368,0.03949144052564993,0.008785641705297054,6.5474896,0.006950286734069464,635.387904897984,57.18491371314278,0.016102760134681444,1.575,0.0,0.0,0.00808172911622607,0.0,0.0,0.0,0.0,0.0,0.0,0.0,0.0,7.382746000827938,7.382746000827938,6.072837221145148,3.6680981139284246,-0.61927557,-0.62201023,-0.6247481,-0.627036,0.0,0.0,0.0,0.0,0.0,-0.819842960222041,-0.8317158265365985,-0.8451283026665873,0.0,0.023566321780284245,0.023494835942983627,0.02329176291823387,0.0,0.0,0.0,0.0,0.0,0.0,0.0,0.0,0.0,0.0,0,0,0,0,0.0,0.0,0.0,0.0,0.0,0,0,0.9163009524345398,1.705140158479098E-4,0.015694730267568957,0.057264825299657034,0.04157009503208808
2012-07-18T22:30:00,2012,200,22,0,"9273d490-b46d-48de-afa3-955b5c30eb93",120.91666669398546,89.61477664311543,13.320754607143627,22.5948,0.623199999332428,1.3653,400.0,1.55,0.0,[0.11853007941392428],[-0.5630000000000003],-0.5630000000000003,5.559024045073043,15.1,0.29530984003311755,12,45,0.0,0.0,0.0,0.0,0.0,0.0,0.0,-0.5429034233093262,-0.5429034233093262,0.0,0.29530984003311755,0.0,0.4429647757177188,-0.6081313799081024,-0.8377187,32.150642786487076,0.17493225897796177,39450.99546304153,15007.06619546906,17894.131475891685,0.0,4567.211286786591,394.704032385663,1493.5631033729044,3077.379827683449,12301.89945801515,949.4200636764674,31.481728921510932,138.83322727414532,1182.1311521375164,214.203209804285,856.809894043008,9.673597,0.30131778,0.5566534,0.07163906,0.002698294,0.06586098,0.043085855,0.0,0.0018305053,0.9980501,0.001762334,0.0015966813,3.466506E-5,1.5288887E-4,0.0,0.0,0.0,3.149236779016226,2.9148267718663816,0.1983786532023727,0.0,0.004674261055726541,0.013649521569202476,0.21895287822969395,0.0,0.0787344216533429,0.2423178929911516,0.13397550282862292,8.581116812579921E-4,0.0,0.0722057953712039,0.1805736377155034,0.2527794330867073,0.004290558406289962,0.02547195788488849,0.10184634907813453,0.12731830696302301,0.013649521569202476,0.007359396512037934,0.02933808420785827,0.0366974807198962,0.00816212954615679,6.5504704,0.0066698896077262305,635.5705253358436,57.20134955320325,0.016110379925172197,1.575,0.0,0.0,0.0077556859317102255,0.0,0.0,0.0,0.0,0.0,0.0,0.0,0.0,7.382746000827938,7.382746000827938,6.072837221145148,3.6680981139284246,-0.6132511,-0.61598366,-0.61871994,-0.62100697,0.0,0.0,0.0,0.0,0.0,-0.819842960222041,-0.8317158265365985,-0.8451283026665873,0.0,0.023566321780284245,0.023494835942983627,0.02329176291823387,0.0,0.0,0.0,0.0,0.0,0.0,0.0,0.0,0.0,0.0,0,0,0,0,0.0,0.0,0.0,0.0,0.0,0,0,0.9163009524345398,1.7051398577805165E-4,0.01852717595465947,0.053223976856475584,0.034696800901816115
2012-07-18T23:30:00,2012,200,23,0,"9273d490-b46d-48de-afa3-955b5c30eb93",120.95833336189389,89.65474556404214,13.82121715410203,22.0111,0.7163000106811523,1.2148,400.0,1.58,0.0,[0.11884032033460612],[-0.5560000000000002],-0.5560000000000002,5.652096324975955,15.1,0.29530984003311755,12,45,0.0,0.0,0.0,0.0,0.0,0.0,0.0,-0.5230009704828262,-0.5230009704828262,0.0,0.29530984003311755,0.0,0.4429647757177188,-0.600939422536308,-0.8377187,32.095737961134944,0.17476612458161794,39443.72298669336,14984.543033501446,17895.344874620892,0.0,4579.961571753771,395.970089359526,1493.5840506194895,3077.642128295982,12302.580703135458,939.5250754365745,31.48660979185613,138.83957146415105,1182.177179207807,214.2111723234525,856.8415439367325,9.624743,0.30038795,0.5583437,0.071227506,0.002663442,0.065544866,0.042702988,0.0,0.001832545,0.9981128,0.001705388,0.0015450848,3.3548957E-5,1.4794963E-4,0.0,0.0,0.0,3.124667097801231,2.891156907043188,0.19761057714621721,0.0,0.004665749466076456,0.01359608832083898,0.2167782445040462,0.0,0.07802067276738137,0.24182621531822915,0.13253821904161892,8.454367990852173E-4,0.0,0.07114080672392928,0.1779102896316292,0.24905109635555847,0.004227183995426088,0.025373383509183032,0.10145009963713911,0.12682348314632214,0.01359608832083898,0.007046169391436298,0.028084541378033512,0.03513071076946981,0.007811671314902774,6.5782576,0.00651923091570962,635.7607262751018,57.2184676384167,0.016118172376618212,1.575,0.0,0.0,0.0075805013983995745,0.0,0.0,0.0,0.0,0.0,0.0,0.0,0.0,7.382746000827938,7.382746000827938,6.072837221145148,3.6680981139284246,-0.60605603,-0.6087862,-0.6115205,-0.6138066,0.0,0.0,0.0,0.0,0.0,-0.819842960222041,-0.8317158265365985,-0.8451283026665873,0.0,0.023566321780284245,0.023494835942983627,0.02329176291823387,0.0,0.0,0.0,0.0,0.0,0.0,0.0,0.0,0.0,0.0,0,0,0,0,0.0,0.0,0.0,0.0,0.0,0,0,0.9163009524345398,1.7051395664630523E-4,0.01783798220276367,0.05095026060061233,0.03311227839784866
2012-07-19T00:30:00,2012,201,0,0,"9273d490-b46d-48de-afa3-955b5c30eb93",121.00000002980232,89.68853567449193,14.164029702465612,18.2275,0.8198999762535095,0.0773,400.0,2.27,0.0,[0.11911001608740486],[-0.5500000000000004],-0.5500000000000004,5.733005054030601,15.1,0.29530984003311755,12,45,0.0,0.0,0.0,0.0,0.0,0.0,0.0,-0.40905867516994476,-0.40905867516994476,0.0,0.29530984003311755,0.0,0.4429647757177188,-0.5948123132825822,-0.8377187,34.00901485956352,0.17528217052240253,39436.672841283355,14962.626863373882,17896.36695195544,0.0,4592.715504540399,397.04356389425124,1493.6005929135024,3077.862765156085,12303.15209021928,929.896753889731,31.490314848950145,138.84439524963744,1182.2127900376113,214.21735212591375,856.8661055083305,9.360808,0.29978937,0.5742508,0.06223132,0.00242416,0.05946774,0.03852733,0.0,0.0018365927,0.99860525,0.001261465,0.0011428875,2.4547506E-5,1.0824173E-4,0.0,0.0,0.0,3.0339024232130516,2.8062708878273668,0.19262936658151503,0.0,0.004557374701638326,0.01325280141196593,0.18500707456910406,0.0,0.06632461675581147,0.24189540109511368,0.11259277826306724,7.142261925561111E-4,0.0,0.06016454214039194,0.15046063387415148,0.21062517601454342,0.0035711309627805563,0.024733831041874158,0.09889092124036444,0.1236247522822386,0.01325280141196593,0.0052951739323952455,0.02110184144746866,0.026397015379863904,0.005868166140422944,6.5967474,0.005422931882152262,635.9572329493841,57.236153239804864,0.01612603668440425,1.575,0.0,0.0,0.0063057350242066365,0.0,0.0,0.0,0.0,0.0,0.0,0.0,0.0,7.382746000827938,7.382746000827938,6.072837221145148,3.6680981139284246,-0.59992623,-0.6026544,-0.60538703,-0.6076723,0.0,0.0,0.0,0.0,0.0,-0.819842960222041,-0.8317158265365985,-0.8451283026665873,0.0,0.023566321780284245,0.023494835942983627,0.02329176291823387,0.0,0.0,0.0,0.0,0.0,0.0,0.0,0.0,0.0,0.0,0,0,0,0,0.0,0.0,0.0,0.0,0.0,0,0,0.921142578125,1.661310306367684E-4,0.012821532094676513,0.03828185205302753,0.02546031995835102
2012-07-19T01:30:00,2012,201,1,0,"9273d490-b46d-48de-afa3-955b5c30eb93",121.04166669771075,89.72123994532616,14.485825572982186,17.7231,0.8378000259399414,0.3257,400.0,2.39,0.0,[0.1193832854323062],[-0.5440000000000002],-0.5440000000000002,5.814985860758626,15.1,0.29530984003311755,12,45,0.0,0.0,0.0,0.0,0.0,0.0,0.0,-0.3956845700740814,-0.3956845700740814,0.0,0.29530984003311755,0.0,0.4429647757177188,-0.5886948293664351,-0.8377187,34.08900166409149,0.17519872320001023,39429.67392524812,14940.876102912553,17897.358938489706,0.0,4605.417269654488,398.08564125591477,1493.6166105565733,3078.0763142358137,12303.705170656422,920.3411009453051,31.493916724831546,138.84906782695109,1182.2473485889304,214.22335245909665,856.8899483218461,9.289798,0.29981852,0.5762735,0.06090861,0.0024051443,0.058749862,0.037953604,0.0,0.0018443264,0.9986449,0.001225784,0.0011105589,2.3855258E-5,1.0518056E-4,0.0,0.0,0.0,3.01212896359166,2.7852536253084987,0.19198410991086795,0.0,0.00454989415619331,0.01320791386583917,0.17984703555539666,0.0,0.06448269058501427,0.24090597138086278,0.10931975037991289,6.911285597836191E-4,0.0,0.05821989755054262,0.1455974262991086,0.20381732384965123,0.0034556427989180963,0.024651005130171842,0.09855804561198143,0.12320905074215327,0.01320791386583917,0.0051268479179129136,0.020428095853622496,0.02555494377153541,0.005679747182407854,6.6139183,0.005287692508959473,636.1598881035986,57.25439220440892,0.016134038777740042,1.575,0.0,0.0,0.006148479932177882,0.0,0.0,0.0,0.0,0.0,0.0,0.0,0.0,7.382746000827938,7.382746000827938,6.072837221145148,3.6680981139284246,-0.59380615,-0.5965322,-0.59926325,-0.6015476,0.0,0.0,0.0,0.0,0.0,-0.819842960222041,-0.8317158265365985,-0.8451283026665873,0.0,0.023566321780284245,0.023494835942983627,0.02329176291823387,0.0,0.0,0.0,0.0,0.0,0.0,0.0,0.0,0.0,0.0,0,0,0,0,0.0,0.0,0.0,0.0,0.0,0,0,0.921142578125,1.661310114849716E-4,0.01236434982274659,0.037056547540329395,0.024692197717582805
2012-07-19T02:30:00,2012,201,2,0,"9273d490-b46d-48de-afa3-955b5c30eb93",121.08333336561918,89.75337223371456,14.796921376295515,17.4663,0.8416000008583069,1.045,400.0,2.43,0.0,[0.11966021581649851],[-0.5380000000000003],-0.5380000000000003,5.898064979317587,15.1,0.29530984003311755,12,45,0.0,0.0,0.0,0.0,0.0,0.0,0.0,-0.3890271335840225,-0.3890271335840225,0.0,0.29530984003311755,0.0,0.4429647757177188,-0.5825950093899926,-0.8377187,33.99090715820359,0.1750036810504353,39422.71305268214,14919.211355679323,17898.335278231898,0.0,4618.102439962664,399.11231670951094,1493.6323019453723,3078.2859420127015,12304.247962306394,910.8232357627272,31.497465456388657,138.85363861660755,1182.281064208978,214.22920503055497,856.9131976717567,9.252915,0.2992644,0.5778147,0.0602659,0.0023931025,0.05841344,0.037631232,0.0,0.0018484633,0.9986579,0.0012140946,0.0010999668,2.3629782E-5,1.04178E-4,0.0,0.0,0.0,2.995568187478803,2.7690679717553706,0.19166150971740925,0.0,0.004549792824048857,0.013185238479297853,0.17735732914173602,0.0,0.06361731017727945,0.24059122868150468,0.10771484221504658,6.787050009321906E-4,0.0,0.05717432027849639,0.1429826235305532,0.20015694380904958,0.0033935250046609536,0.02460959932636003,0.0983908429668235,0.12300044229318353,0.013185238479297853,0.00502434499062846,0.02001687569804632,0.02504122068867478,0.005564411287577728,6.628553,0.0052343377173254555,636.3686296972871,57.27317894858741,0.01614218252424389,1.575,0.0,0.0,0.0060864394740590645,0.0,0.0,0.0,0.0,0.0,0.0,0.0,0.0,7.382746000827938,7.382746000827938,6.072837221145148,3.6680981139284246,-0.5877037,-0.59042776,-0.5931571,-0.5954407,0.0,0.0,0.0,0.0,0.0,-0.819842960222041,-0.8317158265365985,-0.8451283026665873,0.0,0.023566321780284245,0.023494835942983627,0.02329176291823387,0.0,0.0,0.0,0.0,0.0,0.0,0.0,0.0,0.0,0.0,0,0,0,0,0.0,0.0,0.0,0.0,0.0,0,0,0.921142578125,1.6613099242132712E-4,0.012197858486615587,0.036310948527591785,0.0241130900409762
2012-07-19T03:30:00,2012,201,3,0,"9273d490-b46d-48de-afa3-955b5c30eb93",121.12500003352761,89.78426768756556,15.085608852474145,16.9285,0.8712000250816345,1.2023,400.0,2.41,0.0,[0.11998804944965337],[-0.5310000000000004],-0.5310000000000004,5.996415073172127,15.1,0.29530984003311755,12,45,0.0,0.0,0.0,0.0,0.0,0.0,0.0,-0.3754091113805771,-0.3754091113805771,0.0,0.29530984003311755,0.0,0.4429647757177188,-0.5755202338832724,-0.8377187,34.12083628178175,0.17488090045318605,39415.80524121912,14897.684583920276,17899.2758406536,0.0,4630.775991890881,400.10211715574655,1493.647349662643,3078.4873759818174,12304.769435093767,901.36598665601,31.500886427164506,138.85801585962736,1182.3133007078059,214.2348003720636,856.9354194660414,9.193604,0.2988758,0.58100975,0.058513153,0.0023639726,0.057383683,0.03686949,0.0,0.0018536312,0.99869984,0.0011764932,0.0010658987,2.289988E-5,1.00951984E-4,0.0,0.0,0.0,2.9734418843946453,2.7477459354616056,0.190975877805807,0.0,0.004540922301228894,0.013137597005605644,0.17128764847254638,0.0,0.06142149151572872,0.24037087055925915,0.1038722055714345,6.523764840663127E-4,0.0,0.05495731647230447,0.13743829527465826,0.19239561174696274,0.0032618824203315645,0.024521574762717956,0.09803728448386444,0.12255885924658239,0.013137597005605644,0.004817764807801798,0.01919123602185275,0.02400900082965455,0.005333949325346392,6.6394844,0.005086064505760985,636.5832853197311,57.29249795537503,0.01615045744781648,1.575,0.0,0.0,0.00591402875534972,0.0,0.0,0.0,0.0,0.0,0.0,0.0,0.0,7.382746000827938,7.382746000827938,6.072837221145148,3.6680981139284246,-0.58062595,-0.5833476,-0.58607507,-0.5883577,0.0,0.0,0.0,0.0,0.0,-0.819842960222041,-0.8317158265365985,-0.8451283026665873,0.0,0.023566321780284245,0.023494835942983627,0.02329176291823387,0.0,0.0,0.0,0.0,0.0,0.0,0.0,0.0,0.0,0.0,0,0,0,0,0.0,0.0,0.0,0.0,0.0,0,0,0.921142578125,1.6613097397741162E-4,0.011744315241230652,0.03481349021749266,0.023069174976262007
2012-07-19T04:30:00,2012,201,4,0,"9273d490-b46d-48de-afa3-955b5c30eb93",121.16666670143604,89.81388346247293,15.351988057851422,16.3931,0.8587999939918518,1.1679,400.0,2.31,0.0,[0.12027322726074367],[-0.5250000000000001],-0.5250000000000001,6.081968419898802,15.1,0.29530984003311755,12,45,0.0,0.0,0.0,0.0,0.0,0.0,0.0,-0.3622778058052063,-0.3622778058052063,0.0,0.29530984003311755,0.0,0.4429647757177188,-0.56947440889553,-0.8377187,34.27332369845101,0.1747662705550586,39408.95025057625,14876.301516413587,17900.17931613748,0.0,4643.434950975479,401.05334674427843,1493.6617645811975,3078.6803881618043,12305.26905952313,891.9718704206523,31.504183573912623,138.8622081059383,1182.344128716508,214.24015083514035,856.9566634647733,9.131844,0.29858792,0.5842657,0.05665212,0.002335712,0.05629912,0.036084283,0.0,0.0018594196,0.99874055,0.0011401045,0.0010329293,2.2193393E-5,9.7829965E-5,0.0,0.0,0.0,2.951555753955466,2.726658200453016,0.19029543873820187,0.0,0.004531854827504733,0.013090330871452184,0.16492228360099556,0.0,0.05911081433829181,0.24009409775361182,0.09985087230430552,6.25172563873598E-4,0.0,0.05266643473905829,0.13170921196019073,0.18437564669924902,0.0031258628193679906,0.024434207746080416,0.09768643814060618,0.1221206458866866,0.013090330871452184,0.0046197430375669235,0.01840000842775205,0.023019751465318976,0.005113165065963629,6.646153,0.004937230253095388,636.8036819078383,57.31233364909288,0.01615885929106997,1.575,0.0,0.0,0.0057409656632382644,0.0,0.0,0.0,0.0,0.0,0.0,0.0,0.0,7.382746000827938,7.382746000827938,6.072837221145148,3.6680981139284246,-0.5745775,-0.5772972,-0.580023,-0.58230484,0.0,0.0,0.0,0.0,0.0,-0.819842960222041,-0.8317158265365985,-0.8451283026665873,0.0,0.023566321780284245,0.023494835942983627,0.02329176291823387,0.0,0.0,0.0,0.0,0.0,0.0,0.0,0.0,0.0,0.0,0,0,0,0,0.0,0.0,0.0,0.0,0.0,0,0,0.921142578125,1.6613095614516268E-4,0.011304633349936921,0.03337843403773114,0.022073800687794222
2012-07-19T05:30:00,2012,201,5,0,"9273d490-b46d-48de-afa3-955b5c30eb93",121.20833336934447,89.84294503046715,15.608938046562798,16.1668,0.8691999912261963,1.5258,400.0,2.37,0.0,[0.12056236448674477],[-0.5190000000000003],-0.5190000000000003,6.168709591145917,15.1,0.29530984003311755,12,45,0.0,0.0,0.0,0.0,0.0,0.0,0.0,-0.35685236752033234,-0.35685236752033234,0.0,0.29530984003311755,0.0,0.4429647757177188,-0.5634613174778047,-0.8377187,34.171668255426674,0.17456615976186934,39402.1314125367,14855.002770749932,17901.06740873846,0.0,4656.07692402519,401.98905757902645,1493.675897930429,3078.8696531173605,12305.758915310373,882.6147988793905,31.50743714459066,138.8663176669636,1182.3742625403418,214.24537934025636,856.9774179058234,9.09573,0.29809874,0.5857984,0.055968326,0.0023259865,0.055944625,0.0357728,0.0,0.0018639459,0.9987484,0.0011318536,0.0010254526,2.203451E-5,9.7122356E-5,0.0,0.0,0.0,2.935996051935827,2.711425601027026,0.19001399623097465,0.0,0.004531976526535736,0.013070529366572497,0.16238994862903666,0.0,0.058217210244708884,0.23977193487327875,0.09823131287773447,6.131602871870542E-4,0.0,0.051655246171826694,0.12918040960654462,0.1808356557783713,0.0030658014359352713,0.02439806730985431,0.09754045341962814,0.12193852072948244,0.013070529366572497,0.004537076946708341,0.018068479619497355,0.022605556566205696,0.005020214379915974,6.647936,0.004879548946477412,637.0297523903189,57.332679993324625,0.016167393223495346,1.575,0.0,0.0,0.005673894373521342,0.0,0.0,0.0,0.0,0.0,0.0,0.0,0.0,7.382746000827938,7.382746000827938,6.072837221145148,3.6680981139284246,-0.5685619,-0.5712795,-0.57400376,-0.57628477,0.0,0.0,0.0,0.0,0.0,-0.819842960222041,-0.8317158265365985,-0.8451283026665873,0.0,0.023566321780284245,0.023494835942983627,0.02329176291823387,0.0,0.0,0.0,0.0,0.0,0.0,0.0,0.0,0.0,0.0,0,0,0,0,0.0,0.0,0.0,0.0,0.0,0,0,0.921142578125,1.661309383499004E-4,0.011178480410308111,0.03277738025296665,0.021598899842658538
2012-07-19T06:30:00,2012,201,6,0,"9273d490-b46d-48de-afa3-955b5c30eb93",121.2500000372529,89.87147049369072,15.85688387921105,15.9507,0.8585000038146973,6.3798,400.0,2.25,0.0,[0.12085556270130675],[-0.5130000000000001],-0.5130000000000001,6.256669059009704,15.1,0.29530984003311755,12,45,0.0,0.0,0.0,0.0,0.0,0.0,0.0,-0.3517396003007889,-0.3517396003007889,0.0,0.29530984003311755,0.0,0.4429647757177188,-0.5574820476324237,-0.8377187,34.06376471598665,0.17435959977380294,39395.34819782227,14833.785084775422,17901.94058283017,0.0,4668.703723643743,402.90969275708375,1493.6897625118818,3079.055293643879,12306.239327249277,873.2933388864536,31.51064974225497,138.8703489532678,1182.403733813257,214.25049131742338,856.997704588915,9.061054,0.2975882,0.5873344,0.055296265,0.0023167257,0.055596095,0.035469268,0.0,0.001868345,0.9987569,0.0011246057,0.0010188848,2.1895115E-5,9.650084E-5,0.0,0.0,0.0,2.9207219564172973,2.6964629314289943,0.18974590959199739,0.0,0.004532286797260865,0.013051652584922588,0.1599279972077723,0.0,0.05734693307936255,0.23948415044808308,0.09665766278987252,6.015313285797756E-4,0.0,0.05067629801390705,0.1267322347876231,0.17740853280153016,0.0030076566428988787,0.024363636633210676,0.09740133753790081,0.12176497417111148,0.013051652584922588,0.004459224640332024,0.017756246268909124,0.02221547090924115,0.004932668134238727,6.644662,0.0048243146529216956,637.2614325412476,57.353531207736765,0.016176057877221015,1.575,0.0,0.0,0.005609668447955527,0.0,0.0,0.0,0.0,0.0,0.0,0.0,0.0,7.382746000827938,7.382746000827938,6.072837221145148,3.6680981139284246,-0.5625801,-0.56529576,-0.5680184,-0.57029855,0.0,0.0,0.0,0.0,0.0,-0.819842960222041,-0.8317158265365985,-0.8451283026665873,0.0,0.023566321780284245,0.023494835942983627,0.02329176291823387,0.0,0.0,0.0,0.0,0.0,0.0,0.0,0.0,0.0,0.0,0,0,0,0,0.0,0.0,0.0,0.0,0.0,0,0,0.921142578125,1.661309205699031E-4,0.01106453686952591,0.03221133305701287,0.02114679618748696
2012-07-19T07:30:00,2012,201,7,0,"9273d490-b46d-48de-afa3-955b5c30eb93",121.29166670516133,89.9022933595082,16.144283895024163,16.8976,0.8644999861717224,51.549,400.0,2.05,0.0,[0.12120290076310117],[-0.5060000000000002],-0.5060000000000002,6.360870481688623,15.1,0.29530984003311755,12,45,0.932367381655764,0.6751312417762516,0.4521753000328639,0.7276046326755466,0.0,0.04041102611037801,0.1610083691851679,-0.24435829495390257,-0.2338766181308356,-2.7976910484146744,0.3232656765921601,0.0,0.35391448114003843,-0.5547684159222611,-0.5731163,31.645667881230025,0.17300577597147493,39381.94702935315,14805.85626272922,17902.88086288034,0.0,4681.280666786999,403.9053287493764,1493.7045591456088,3079.2547285654096,12306.754774937928,861.023509006499,31.5141083496596,138.87462824396047,1182.4343269619417,214.2557810469387,857.0186858176339,9.208748,0.30379042,0.57563263,0.058776163,0.0023530016,0.057597578,0.03664255,0.0,0.0018501945,0.99862385,0.0012456035,0.0011285066,2.425271E-5,1.0688393E-4,0.0,0.0,0.0,3.0232461802740107,2.7975293469188407,0.19097482958062317,0.0,0.0045682778346676665,0.013135752401885446,0.1724540998112359,0.0,0.062028682257365755,0.23853855568208265,0.1044768411088138,6.477196521212813E-4,0.0,0.0545682175567797,0.13646521693748104,0.19103343449426075,0.003238598260606407,0.024521416150593504,0.09803067504546903,0.12255209119606253,0.013135752401885446,0.004787074656477651,0.019059407586173565,0.023846482242651217,0.005293847228817252,6.634179,0.0051102354339749665,637.4990548266633,57.37491721427398,0.016187596168150506,1.575,0.0,0.0,0.00594213448706804,0.0,0.03737456952262218,0.06223559948206315,0.16949005305543127,0.0,0.0,0.0,0.0,7.382746000827938,7.382746000827938,6.072837221145148,3.6680981139284246,-0.55957323,-0.56205696,-0.56461084,-0.5668197,0.0,-0.30597732086131146,-0.2788499917979873,-0.15463749755882858,0.0,-0.5678029478750329,-0.5711159336059055,-0.5756071508580574,0.0,0.023647887011369068,0.023592341225594282,0.023461223393678666,0.0,0.0,0.0,0.0,0.0,0.0,0.0,0.0,0.0,0.0,0,0,0,0,0.0,0.0,0.0,0.0,0.0,0,0,0.921142578125,1.6613089916479263E-4,0.012454741430701688,0.03457714181949951,0.02212240038879782
2012-07-19T08:30:00,2012,201,8,0,"9273d490-b46d-48de-afa3-955b5c30eb93",121.33333337306976,89.93896550403312,16.54918390162339,19.7176,0.7714999914169312,184.9822,400.0,2.05,0.0,[0.1215052647508096],[-0.5000000000000002],-0.5000000000000002,6.451579681605611,15.1,0.29530984003311755,12,45,5.224282413825604,3.685675649859967,0.7060520436325228,1.1069160077323854,0.0,0.03687569488302528,0.2627403761151005,0.21117070938150087,0.09063735344423163,2.011144761280115,0.7290100442938596,7.663149869477255E-4,1.0184147161773405,-0.609893326044795,-0.6098933,48.980900204991514,0.17816849472074087,39383.12575962064,14791.931945689983,17904.031359000946,0.0,4694.013505305937,405.1062460950624,1493.723356686696,3079.497695223979,12307.386329065564,854.9062083561754,31.518520548393944,138.8802330343875,1182.4776084177631,214.26334855950432,857.0487256290435,7.904883,0.15675126,0.67889196,0.082315736,0.003031438,0.07681273,0.048735034,0.0,0.0021968954,0.9983158,0.0015240366,0.001380763,2.9676476E-5,1.3077664E-4,0.0,0.0,0.0,1.4691838095080592,1.239100449095639,0.19466426498793712,0.0,0.004663849184920861,0.013389044536458842,0.20710481987156915,0.0,0.07512676425171266,0.24149532008254282,0.12583073667428332,7.807562770723103E-4,0.0,0.06577713873847436,0.1644966924931895,0.23027383123166384,0.0039037813853615524,0.02499511805928709,0.09992283778047921,0.1249179558397663,0.013389044536458842,0.006033627685442707,0.024019341077774068,0.030052968763216774,0.006670336916720379,6.639232,0.0060338343390908865,637.7436931988285,57.396934668643745,0.016193323432258,1.575,0.0,0.0,0.007016086749584185,0.0,0.03400496494368286,0.07876810962502921,0.27612181853151785,0.0,0.0,0.0,0.0,7.382746000827938,7.382746000827938,6.072837221145148,3.6680981139284246,-0.61604774,-0.6196481,-0.6232618,-0.6261058,0.0,-0.25554762618865373,-0.11061406159503,0.4593494732553721,0.0,-0.609893326044795,-0.609893326044795,-0.609893326044795,0.0,0.023729305093487103,0.023694531060755253,0.028263670206069947,0.0,0.0,0.0,0.0,0.0,0.0,0.0,0.0,0.0,0.0,0,0,0,0,0.0,0.0,0.0,0.0,0.0,0,0,0.921142578125,1.6613088289897432E-4,0.013081201570457779,0.04356789920850225,0.03048669763804447
2012-07-19T09:30:00,2012,201,9,0,"9273d490-b46d-48de-afa3-955b5c30eb93",121.3750000409782,89.97985364413681,17.09087975097336,23.0007,0.6790000200271606,536.1153,400.0,1.96,0.0,[0.12181203756697488],[-0.49400000000000016],-0.49400000000000016,6.543611530112213,15.1,0.29530984003311755,12,45,15.029607746372529,10.613051117906908,0.7008570612689343,1.0997894501328878,0.0,0.03916639022321477,0.25914525553791673,1.237732778613766,0.7009886581482764,10.805984375991377,1.7020211674445205,0.0017635869541922807,2.618752230501422,-0.681443656820448,-0.68144363,81.16290841519287,0.18325946801300041,39406.86103618322,14800.151909847891,17905.360764746598,0.0,4706.855117024816,406.42682055335825,1493.7470793729847,3079.776758599603,12308.118338443346,858.5174441494366,31.52430358598435,138.88772246771188,1182.5387632128886,214.27412208962483,857.0915115677685,6.999565,0.022182722,0.773249,0.102042526,0.003819968,0.096169025,0.06094712,0.0,0.0025367723,0.9979432,0.00186109,0.0016861276,3.6243415E-5,1.5969956E-4,0.0,0.0,0.0,0.3905440933682174,0.1552693943734562,0.19905031833326126,0.0,0.004777957269062014,0.013690121357731684,0.2296559387771243,0.0,0.0852574819076197,0.24355834936679224,0.1381047596463301,8.812894594681457E-4,0.0,0.07424833451846914,0.18568161230380037,0.2599299468222695,0.004406447297340729,0.025558259810587295,0.10217216387010485,0.12773042368069215,0.013690121357731684,0.00781942091669627,0.03112353670121263,0.0389429576179089,0.008641545307131673,9.090055,0.007122294333172232,637.996613308955,57.41969747945964,0.016189988152650606,1.575,0.0,0.0,0.00828173796119455,0.0,0.03579498086326393,0.08023296875735715,0.27231061138951373,0.0,0.0,0.0,0.0,7.382746000827938,7.382746000827938,6.072837221145148,3.6680981139284246,-0.6909192,-0.6972856,-0.703597,-0.7080959,0.0,-0.06632803402518066,0.2726063691048316,1.5040845046871067,0.0,-0.681443656820448,-0.681443656820448,-0.681443656820448,0.0,0.023760000243782997,0.02739513712003827,0.04433138966560364,0.0,0.0,0.0,0.0,0.0,0.0,0.0,0.0,0.0,0.0,0,0,0,0,0.0,0.0,0.0,0.0,0.0,0,0,0.921142578125,1.661308733267162E-4,0.014144680877507199,0.056445124017684,0.0423004431401768
2012-07-19T10:30:00,2012,201,10,0,"9273d490-b46d-48de-afa3-955b5c30eb93",121.41666670888662,90.02149762193945,17.701938083825635,24.6654,0.6502000093460083,613.6582,400.0,1.86,0.0,[0.12212333806141194],[-0.48800000000000016],-0.48800000000000016,6.637001682154322,15.1,0.29530984003311755,12,45,17.019847167251413,12.198466959247405,0.6933765069566173,1.068876732113606,0.0,0.04941373788031235,0.24363470040229004,1.4381823003738343,0.8456725554260712,12.745171885751205,2.0895048066565733,0.001694337104437999,3.212112488671201,-0.689584485308562,-0.73671645,88.15344770518844,0.1842653050413785,39435.34761071323,14813.08055155625,17906.73949835392,0.0,4719.667262996529,407.7677695887044,1493.7731857974134,3080.0646655956866,12308.877581125922,864.1973197302281,31.53090086754091,138.8962449971108,1182.6090193008426,214.28651587493812,857.1407252830359,6.8752546,0.0015852173,0.7854236,0.10546786,0.0040907385,0.10082068,0.063799955,0.0,0.0026118928,0.99771285,0.0020692796,0.0018747421,4.030307E-5,1.7756465E-4,0.0,0.0,0.0,0.2488653090416889,0.010898772647161744,0.20132098181355218,0.0,0.004842518660346845,0.013845607820428095,0.23390373048681215,0.0,0.08754600605123258,0.24299949204421442,0.14005802416221336,8.997115612724138E-4,0.0,0.07580201759916727,0.1895671227303406,0.26536914032950787,0.00449855780636207,0.025849781645586486,0.10333530837233981,0.1291850900179263,0.013845607820428095,0.008853502008850858,0.03523323019907867,0.044086732207929524,0.009780703458091866,10.377892,0.007677406618411228,638.2584606364726,57.44326373987266,0.016184933043751838,1.575,0.0,0.0,0.008927217391043055,0.0,0.04512897300234394,0.08597054243448891,0.2558043081901254,0.0,0.0,0.0,0.0,7.382746000827938,7.382746000827938,6.072837221145148,3.6680981139284246,-0.70038,-0.70782655,-0.7150982,-0.7201468,0.0,0.045918238808481136,0.40281851470033225,1.6798083779772164,0.0,-0.7083132090395017,-0.7221971985163606,-0.7545084510306775,0.0,0.023760000243782997,0.027741461526602507,0.045973872393369676,0.0,0.0,0.0,0.0,0.0,0.0,0.0,0.0,0.0,0.0,0,0,0,0,0.0,0.0,0.0,0.0,0.0,0,0,0.921142578125,1.661308648733233E-4,0.015447583020431921,0.06389755457772942,0.048449971557297494
2012-07-19T11:30:00,2012,201,11,0,"9273d490-b46d-48de-afa3-955b5c30eb93",121.45833337679505,90.06316200913685,18.32252974279312,24.8942,0.630299985408783,816.3242,400.0,1.78,0.0,[0.12249240956971663],[-0.48100000000000004],-0.48100000000000004,6.747723139045404,15.1,0.29530984003311755,12,45,25.607164931705807,18.599868860675137,0.7842216649863437,1.2094232589725953,0.0,0.10113568518025826,0.24315997653862134,2.5466024229923883,1.6384868439335964,22.866536800748328,3.058277352856848,0.002076926009360199,4.531497852642928,-0.7060381857399227,-0.7639269,94.89935062482999,0.1861089318386394,39486.90445432481,14849.024358321296,17908.135844793924,0.0,4732.532623609835,409.09239646458525,1493.7998909134612,3080.355147855033,12309.645194764274,879.988332810388,31.53769415822847,138.9050282519467,1182.682584698765,214.299521448014,857.1923654064176,6.8844805,0.0,0.78762895,0.10406591,0.0041214325,0.1015713,0.06406639,0.0,0.0026124348,0.997816,0.001975848,0.0017900907,3.8489085E-5,1.6954761E-4,0.0,0.0,0.0,0.23836345740987147,0.0,0.20164998290363517,0.0,0.004860682009277621,0.013867535556418311,0.23310516151755137,0.0,0.08847029898390575,0.2440087789275674,0.13830842095914697,9.040242649971476E-4,0.0,0.07616696949165556,0.19047979701046616,0.2666467665021217,0.004520121324985739,0.025891976600000186,0.10350170409799665,0.12939368069799684,0.013867535556418311,0.00904290104663358,0.03598045283849216,0.04502335388512574,0.00998626396986255,13.610741,0.0077993703664322265,638.529376999699,57.467646213531914,0.01617066178834801,1.575,0.0,0.0,0.00906903570893686,0.0,0.09277861151935848,0.12706402839723832,0.2558364044332498,0.0,0.0,0.0,0.0,7.382746000827938,7.382746000827938,6.072837221145148,3.6680981139284246,-0.7201536,-0.73029846,-0.7396085,-0.7456389,0.0,0.8291760609837397,1.2933884619600766,2.4001520192823262,0.0,-0.7268407273263066,-0.7510650683609065,-0.7805363058222713,0.0,0.035474887738625206,0.04724075924605131,0.05730798467993736,0.0,0.0,0.0,0.0,0.0,0.0,0.0,0.0,0.0,0.0,0,0,0,0,0.0,0.0,0.0,0.0,0.0,0,0,0.921142578125,1.661308604113248E-4,0.014769926594453864,0.06525040908071392,0.05048048248626005
2012-07-19T12:30:00,2012,201,12,0,"9273d490-b46d-48de-afa3-955b5c30eb93",121.50000004470348,90.10438819004501,19.00772560659225,26.4447,0.5735999941825867,1616.4367,400.0,1.69,0.0,[0.12281395054457424],[-0.4749999999999999],-0.4749999999999999,6.844185435335754,15.1,0.29530984003311755,12,45,51.77663139484707,38.419000267854614,0.8007834670365852,1.2533199141607392,0.0,0.11652948749305378,0.2435487232294459,5.376372059186299,3.216578588910956,44.1217048573326,5.198251291216999,0.002357721556813674,7.815925056071174,-0.7253929979075178,-0.8205867,107.88976556681206,0.18970385682939125,39586.85558257458,14933.291755565657,17909.561600371148,0.0,4745.470244356738,410.3833322082882,1493.8293120309575,3080.6500368017164,12310.43123380733,917.009107510603,31.5454136577581,138.91508122466874,1182.7690631724522,214.31486246422395,857.2532842808041,6.908982,0.0,0.78924394,0.10108762,0.004308557,0.10272927,0.06476878,0.0,0.0026306254,0.9978453,0.0019494965,0.0017662132,3.798158E-5,1.6728658E-4,0.0,0.0,0.0,0.24090611388442765,0.0,0.20379428896142845,0.0,0.004922601278969384,0.014014281126125775,0.22966319771622912,0.0,0.08874559009374353,0.24537928905111073,0.13456287563713237,9.018588953285835E-4,0.0,0.07598610028757301,0.1900274715653984,0.2660135718529714,0.004509294476642918,0.02616724829092922,0.104599766018032,0.13076701430896123,0.014014281126125775,0.010185668501061129,0.040520007985806974,0.050705676486868106,0.011244166711994815,20.807213,0.00836151711399643,638.810016057672,57.492903729753124,0.01613692238640102,1.575,0.0,0.0,0.009722694746500244,0.0,0.1069860473020526,0.13979399622031322,0.2560670275095175,0.0,0.0,0.0,0.0,7.382746000827938,7.382746000827938,6.072837221145148,3.6680981139284246,-0.7468853,-0.76305443,-0.77785677,-0.7871072,0.0,2.0199984089808143,2.609496086992425,4.420192698403868,0.0,-0.7663900568242084,-0.7958703143064778,-0.8520495843156581,0.0,0.04858149712284406,0.05630060378462076,0.08079171180725098,0.0,0.0,0.0,0.0,0.0,0.0,0.0,0.0,0.0,0.0,0,0,0,0,0.0,0.0,0.0,0.0,0.0,0,0,0.921142578125,1.6613086364978836E-4,0.014624839677708223,0.07347656747671813,0.058851727799009906
2012-07-19T13:30:00,2012,201,13,0,"9273d490-b46d-48de-afa3-955b5c30eb93",121.54166671261191,90.14454189221708,19.74283392457664,27.6426,0.5478000044822693,1432.5037,400.0,1.7,0.0,[0.1231404278366763],[-0.46900000000000025],-0.46900000000000025,6.942128626858283,15.1,0.29530984003311755,12,45,45.7513736095946,33.94666953368728,0.7984512292986502,1.2462861280864752,0.0,0.1165063280341609,0.24199195044673935,4.693017144997914,2.824109137796699,38.772048448519875,5.0966945146432865,0.002113136941399748,7.56431232493257,-0.7188638752648029,-0.85788006,109.30562158423852,0.18998849377415453,39674.63018481954,15005.417856268477,17910.97739344268,0.0,4758.398850055291,411.65629075740884,1493.8604584490854,3080.941308278969,12311.212642796409,948.6959070492322,31.553866136992976,138.92602684569863,1182.8634220070999,214.3316080636522,857.3197664165523,6.8949103,0.0,0.7903036,0.09988639,0.0044600735,0.10269252,0.064722985,0.0,0.0026574451,0.9976748,0.0021032689,0.001905525,4.0984527E-5,1.8048167E-4,0.0,0.0,0.0,0.24289626996945557,0.0,0.20547134713343176,0.0,0.004973191241160234,0.0141288856880695,0.22580676905061137,0.0,0.08697833229265264,0.24520830659632903,0.1325003994993949,8.789637786454846E-4,0.0,0.07405847726799158,0.1852068313813297,0.2592653086493213,0.004394818893227424,0.026382521690317063,0.10545795403661785,0.1318404757269349,0.0141288856880695,0.011080720653040008,0.04407267012590367,0.05515339077894368,0.012228102501520243,20.441675,0.008773300042338337,639.100856627771,57.51907938210216,0.016108552333080253,1.575,0.0,0.0,0.010201512126110297,0.0,0.1082804031775751,0.1385017092543986,0.2544283248670164,0.0,0.0,0.0,0.0,7.382746000827938,7.382746000827938,6.072837221145148,3.6680981139284246,-0.7399727,-0.7558987,-0.7705503,-0.7796895,0.0,1.6774080409163723,2.2896159978682658,3.939724307867641,0.0,-0.7943826890219737,-0.8314654550162887,-0.8915079690371412,0.0,0.041215457022190094,0.049716925248503685,0.07022409364581109,0.0,0.0,0.0,0.0,0.0,0.0,0.0,0.0,0.0,0.0,0,0,0,0,0.0,0.0,0.0,0.0,0.0,0,0,0.921142578125,1.6613086791341687E-4,0.01574626407091273,0.07992079866567332,0.0641745345947606
2012-07-19T14:30:00,2012,201,14,0,"9273d490-b46d-48de-afa3-955b5c30eb93",121.58333338052034,90.18540375145135,20.448754800818985,26.9421,0.5446000099182129,1299.4998,400.0,1.63,0.01,[0.12347198163879886],[-0.4630000000000002],-0.4630000000000002,7.041594771447481,15.1,0.29530984003311755,12,45,37.97643014932651,27.720919975575377,0.7305970756849386,1.1312850205982024,0.0,0.07253994663774622,0.24342917712742607,3.6801962157090506,2.2884095620727734,32.41862549154344,4.656687657687563,0.0019338152802206151,6.892502133764193,-0.709293891307679,-0.845775,132.3286412938951,0.19561718120567156,39747.94373736008,15062.822497440122,17912.43771494185,0.0,4771.503596570933,412.9691079624454,1493.891486721051,3081.2410926645703,12312.016539329412,973.915201308429,31.56209230750123,138.9368113533743,1182.9594756398997,214.34872309602883,857.3877288235526,7.0022383,0.0,0.78879225,0.10140902,0.004339435,0.10285498,0.064485535,0.0,0.002604344,0.9981961,0.0016322562,0.0014787925,3.1812306E-5,1.4006389E-4,0.0,0.0,0.0,0.24177798202919082,0.0,0.2045189784493251,0.0,0.004960065467504246,0.014062701816625915,0.23324442788283706,0.0,0.09007966744856799,0.24854905288308682,0.13673592003074164,9.055281172366819E-4,0.0,0.07629795444238217,0.19080735363792498,0.26710530808030714,0.00452764058618341,0.026260166038487832,0.10496660171832774,0.13122676775681558,0.014062701816625915,0.01069198303530671,0.04251900089076503,0.053210983926071743,0.011795415090019197,18.94345,0.008652484446191546,639.4017582267387,57.54616052708536,0.016086410971386907,1.575,0.0,0.0,0.01006102886859409,0.0,0.0673126437895824,0.10357021016985878,0.2559191941085703,0.0,0.0,0.0,0.0,7.382746000827938,7.382746000827938,6.072837221145148,3.6680981139284246,-0.7288523,-0.7435567,-0.75733465,-0.7658634,0.0,0.9550280852543027,1.6666779275808736,3.5858237557573758,0.0,-0.7799950947653235,-0.8211400804561848,-0.8758347604985138,0.0,0.034804847091436386,0.05021771136671305,0.06610757410526276,0.0,0.0,0.0,0.0,0.0,0.0,0.0,0.0,0.0,0.0,0,0,0,0,0.0,0.0,0.0,0.0,0.0,0,0,0.921142578125,1.6613088340621185E-4,0.012410268682288006,0.0770931714642818,0.06468290278199379
2012-07-19T15:30:00,2012,201,15,0,"9273d490-b46d-48de-afa3-955b5c30eb93",121.62500004842877,90.2255405619634,21.18445900632317,27.6569,0.5408999919891357,1616.6878,400.0,1.64,0.02,[0.12386540573995113],[-0.4560000000000001],-0.4560000000000001,7.159622006483143,15.1,0.29530984003311755,12,45,46.47357658329288,33.55813570511475,0.7186541610460115,1.1112477758375088,0.0,0.03660122468447758,0.26401767830928147,4.165622765819232,2.838321198738399,42.09681907414518,5.626833709765328,0.002078177791825468,7.430512511184798,-0.7108695247098569,-0.8473715,154.65059551327488,0.1998258690322876,39843.29562930528,15142.147993463313,17913.910784325548,0.0,4784.730515219895,414.262837139963,1493.9241675213605,3081.542113010439,12312.828831144516,1008.7648752308548,31.57088164171326,138.94839584232778,1183.064672784903,214.3675119680541,857.4623400588123,7.0475626,0.0,0.7910257,0.0993052,0.0044162623,0.102652684,0.06427698,0.0,0.0026001418,0.99836665,0.0014776863,0.0013387528,2.8804943E-5,1.267998E-4,0.0,0.0,0.0,0.24298114867751347,0.0,0.20553015272018793,0.0,0.004994847446213635,0.014131486099691636,0.23080985608899818,0.0,0.08973743901145921,0.25086621086774064,0.1346002597902873,8.973526013017135E-4,0.0,0.07561046969881383,0.18908807461633098,0.26469854431514483,0.004486763006508568,0.026389924778715004,0.10548292472387329,0.1318728495025883,0.014131486099691636,0.011339371385423052,0.04508529052296507,0.056424661908388116,0.01250563609194167,22.125103,0.008966321001281247,639.7130857808179,57.57418000806589,0.016055727210233593,1.575,0.0,0.0,0.010425955111503134,0.0,0.03393290830237256,0.07861932710529639,0.27748747692685016,0.0,0.0,0.0,0.0,7.382746000827938,7.382746000827938,6.072837221145148,3.6680981139284246,-0.7337405,-0.7513372,-0.76874185,-0.77999765,0.0,0.4146658429501029,1.4789871525444334,5.379981649166551,0.0,-0.7658173075615341,-0.8027131026834557,-0.8994304812025172,0.0,0.027211666107177734,0.04376100469380617,0.09231940507888795,0.0,0.0,0.0,0.0,0.0,0.0,0.0,0.0,0.0,0.0,0,0,0,0,0.0,0.0,0.0,0.0,0.0,0,0,0.921142578125,1.661309074360789E-4,0.011307735563605092,0.08173954058844785,0.07043180502484275
2012-07-19T16:30:00,2012,201,16,0,"9273d490-b46d-48de-afa3-955b5c30eb93",121.6666667163372,90.26626371024166,21.896925664849828,27.0992,0.5554999709129333,1113.0016,400.0,1.71,0.04,[0.12420846794984991],[-0.45000000000000023],-0.45000000000000023,7.262540673542398,15.1,0.29530984003311755,12,45,35.65913711094668,25.71425274329159,0.8009677863658659,1.269375735986483,0.0,0.1234787834399304,0.24259719632325638,3.560559093952179,2.562149063438937,34.87733275584177,4.931916607454792,0.0019643778998796927,6.685889312933858,-0.699667237117945,-0.8444848,152.99744829974344,0.1998009883698837,39922.204674277265,15204.978116917375,17915.397995565152,0.0,4797.958154910148,415.5950676924788,1493.956009637543,3081.8453984066514,12313.64449714296,1036.3677195199048,31.57939154029042,138.95953863870048,1183.1658665217337,214.38558822601465,857.534105783375,7.073694,0.0,0.7881465,0.10185344,0.004334503,0.103084795,0.06421421,0.0,0.0025807798,0.9984327,0.0014178377,0.0012845289,2.7643538E-5,1.2166354E-4,0.0,0.0,0.0,0.24209720568543364,0.0,0.20477605352105568,0.0,0.00498660841663098,0.014078896857919786,0.23675244937391132,0.0,0.09156021049183563,0.25087988638063036,0.1387067061167044,9.104241791348997E-4,0.0,0.07671315161269224,0.1918456777794064,0.26855882939209863,0.0045521208956745,0.02629302348761509,0.10509327820303799,0.13138630169065307,0.014078896857919786,0.010911250135112663,0.0433752753187389,0.05428652545385156,0.012029930263611969,19.790955,0.008813713589658302,640.0346618395221,57.60312185449931,0.016032047003954924,1.575,0.0,0.0,0.010248504625062136,0.0,0.11271030391232165,0.14585651286720483,0.25497978307466734,0.0,0.0,0.0,0.0,7.382746000827938,7.382746000827938,6.072837221145148,3.6680981139284246,-0.72011083,-0.73533964,-0.7487487,-0.757102,0.0,1.6295456208921282,2.1607968495706062,3.4427929000616873,0.0,-0.7881050975500186,-0.8233416192537704,-0.872441544210868,0.0,0.05367199331521988,0.05699153430759907,0.0682350903749466,0.0,0.0,0.0,0.0,0.0,0.0,0.0,0.0,0.0,0.0,0,0,0,0,0.0,0.0,0.0,0.0,0.0,0,0,0.921142578125,1.6613093057334238E-4,0.010889964178204536,0.07864315868011505,0.06775319450191052
2012-07-19T17:30:00,2012,201,17,0,"9273d490-b46d-48de-afa3-955b5c30eb93",121.70833338424563,90.30774108316473,22.561604814577226,25.9523,0.5795000195503235,329.6101,400.0,1.74,0.08,[0.12455709084015226],[-0.44400000000000023],-0.44400000000000023,7.367127544789012,15.1,0.29530984003311755,12,45,11.82843191918793,8.749410625765746,0.897153327460834,1.4747071406431325,0.0,0.19688087615723882,0.2439506170446329,0.9598677456378937,0.6628511315091866,8.89755022751365,2.2977038015780877,0.0010756572401401003,3.129196522937538,-0.6535652180067574,-0.78465223,137.9065153269032,0.19748542369265754,39941.95113130185,15208.617182904016,17916.88614027229,0.0,4811.1237773500225,417.018867356461,1493.9858359511693,3082.148463995775,12314.453937176724,1037.96645220201,31.587250977738435,138.96969583428876,1183.2572008120394,214.40188677426084,857.5987902592876,7.0973077,0.0,0.78184134,0.10841093,0.0041744723,0.10302092,0.063748844,0.0,0.002552309,0.99844056,0.0014104652,0.0012778473,2.7504853E-5,1.2103024E-4,0.0,0.0,0.0,0.24025689428331554,0.0,0.20321286905268,0.0,0.004958833926168721,0.013970668804973977,0.24828765024039398,0.0,0.0933588799324666,0.24970364624310062,0.14845696344019205,9.228369512217982E-4,0.0,0.07776043405771887,0.1944647367978526,0.27222517085557146,0.004614184756108992,0.026092223215776953,0.10428832636415007,0.13038054957992704,0.013970668804973977,0.010018878008850105,0.039820577475044985,0.04983945548389509,0.01104266038785242,10.975155,0.008440524210775903,640.366052461694,57.63294701167993,0.016032417904588783,1.575,0.0,0.0,0.00981456346772886,0.0,0.18137931472103846,0.2051196144974236,0.2560745114116841,0.0,0.0,0.0,0.0,7.382746000827938,7.382746000827938,6.072837221145148,3.6680981139284246,-0.66497374,-0.67278075,-0.6796947,-0.6841687,0.0,0.5111446930151299,0.6171524030014669,0.7904339774117962,0.0,-0.754553204744575,-0.7743397726296497,-0.7958869858260792,0.0,0.030036730070908863,0.030906066298484802,0.032002157717943194,0.0,0.0,0.0,0.0,0.0,0.0,0.0,0.0,0.0,0.0,0,0,0,0,0.0,0.0,0.0,0.0,0.0,0,0,0.921142578125,1.6613094833395063E-4,0.010869479236134794,0.07220653486995084,0.06133705563381604
2012-07-19T18:30:00,2012,201,18,0,"9273d490-b46d-48de-afa3-955b5c30eb93",121.75000005215406,90.34940188784742,23.19365065873613,25.1691,0.5703999996185303,180.7662,400.0,1.77,0.14,[0.12491144126736678],[-0.4380000000000003],-0.4380000000000003,7.473432677177554,15.1,0.29530984003311755,12,45,4.78306118597002,3.3356595744399353,0.6614982759456717,1.0251607922400239,0.0,0.034993035349704056,0.24264716165479103,-0.044677829990784325,-0.08478068986736763,-0.2140767515712656,1.781830225768124,0.0,2.2320256579843845,-0.6310117378802946,-0.70742655,56.09413684549839,0.18871241798050686,39935.77571978937,15186.557341205169,17918.331957907514,0.0,4824.086287648288,418.46751036291914,1494.0132973709808,3082.4423174895496,12315.232425775072,1028.2750121414233,31.594564848765533,138.97880878924957,1183.3351602482294,214.41571882453337,857.6536321182484,9.215303,0.23879597,0.59285754,0.08494522,0.0031124977,0.07833347,0.048200436,0.0,0.0019553066,0.9984732,0.0013807993,0.0012509688,2.6930977E-5,1.1848418E-4,0.0,0.0,0.0,2.43959521140752,2.2005773005393596,0.20215781131931665,0.0,0.004943999643221076,0.013897355891683597,0.2501566857962746,0.0,0.09259389776453497,0.24585135269696717,0.1511900362664258,9.093883720477699E-4,0.0,0.07662872447233571,0.19163453210797074,0.2682632565803065,0.00454694186023885,0.025956637329571017,0.10374406831122035,0.12970070564079136,0.013897355891683597,0.009292193635232903,0.03692550221884771,0.046217695854080615,0.01023831222898113,9.23926,0.008106427443374857,640.7068691627034,57.66362051598962,0.016043431174549937,1.575,0.0,0.0,0.009426078837374462,0.0,0.03234838434342367,0.07333380284748488,0.255092163521352,0.0,0.0,0.0,0.0,7.382746000827938,7.382746000827938,6.072837221145148,3.6680981139284246,-0.6406597,-0.64709705,-0.65311426,-0.65724707,0.0,-0.43664907087883825,-0.28976104756877313,0.29032462490063915,0.0,-0.6858317365461056,-0.6984588022984459,-0.7184656601212097,0.0,0.023760000243782997,0.023760000243782997,0.026042016968131066,0.0,0.0,0.0,0.0,0.0,0.0,0.0,0.0,0.0,0.0,0,0,0,0,0.0,0.0,0.0,0.0,0.0,0,0,0.921142578125,1.6613094967819457E-4,0.013816317259625066,0.06697769222713927,0.053161374967514205
2012-07-19T19:30:00,2012,201,19,0,"9273d490-b46d-48de-afa3-955b5c30eb93",121.7916667200625,90.39061722586025,23.755596511232728,23.4867,0.597100019454956,104.057,400.0,1.89,0.21,[0.12533232193760038],[-0.4310000000000002],-0.4310000000000002,7.599696883264923,15.1,0.29530984003311755,12,45,3.7383191222950174,2.7669537874367895,0.898142153409914,1.47726395011964,0.0,0.19742122057643086,0.2437768576941832,-0.028337155701592565,-0.027113956971202533,-0.15494722920429194,1.4471908187595575,0.0,1.8498366878935963,-0.6096716851167667,-0.6752888,97.35535269742596,0.1939778546578267,39933.56616406022,15168.317829582493,17919.774040457785,0.0,4837.19901510986,419.9168637186312,1494.039091987782,3082.734892250878,12316.005523735173,1020.2619386099491,31.60117857593477,138.98714461694752,1183.408849657334,214.4288460831221,857.7056933157303,7.639675,0.07431689,0.72341746,0.102548815,0.0035946646,0.09379026,0.057352446,0.0,0.0023318825,0.99863476,0.0012351541,0.0011190159,2.4094317E-5,1.0598657E-4,0.0,0.0,0.0,0.804100021736091,0.5677569053258578,0.199888251180689,0.0,0.00489946435751692,0.01374057531959799,0.2510231211107178,0.0,0.0931628322309867,0.24870042220182076,0.15142341940069676,9.101934301049684E-4,0.0,0.07669814211951918,0.19180812868818026,0.26850627080769945,0.004550967150524843,0.025665088872360672,0.10257650352758373,0.1282415923999444,0.01374057531959799,0.008326039051561563,0.033080157675066175,0.041406196726627736,0.009170527410620476,8.105294,0.0076536665712856776,641.0565854763965,57.69509498547269,0.016053076322878987,1.575,0.0,0.0,0.008899612683868218,0.0,0.1803376595096331,0.20606951957028172,0.25637948256273163,0.0,0.0,0.0,0.0,7.382746000827938,7.382746000827938,6.072837221145148,3.6680981139284246,-0.61818135,-0.6236498,-0.6286354,-0.6321097,0.0,-0.08836258285590463,-0.044285312749585456,0.023372303182325065,0.0,-0.6599716814728258,-0.6702552700307297,-0.6817792057838812,0.0,0.023760000243782997,0.023760000243782997,0.023755818232893945,0.0,0.0,0.0,0.0,0.0,0.0,0.0,0.0,0.0,0.0,0,0,0,0,0.0,0.0,0.0,0.0,0.0,0,0,0.921142578125,1.661309596129906E-4,0.010245846504403744,0.05999524371697175,0.049749397212568006
2012-07-19T20:30:00,2012,201,20,0,"9273d490-b46d-48de-afa3-955b5c30eb93",121.83333338797092,90.43047228502998,24.251784053994715,21.9085,0.6665999889373779,44.203,400.0,1.92,0.26,[0.12569969016510446],[-0.42500000000000004],-0.42500000000000004,7.709907355895517,15.1,0.29530984003311755,12,45,0.0,0.0,0.0,0.0,0.0,0.0,0.0,-0.519570842385292,-0.519570842385292,0.0,0.29530984003311755,0.0,0.4429647757177188,-0.4702938873446303,-0.6752888,45.614008977752036,0.18603309138865115,39926.054730160526,15145.157579081335,17921.12529615077,0.0,4850.084997319578,421.30582874154857,1494.0617078206722,3083.0085074211297,12316.722688149608,1010.0870614469868,31.606975848192338,138.99418657372297,1183.4679178232398,214.43930427122825,857.7471242108438,9.890508,0.30088195,0.5491232,0.07608486,0.0026217091,0.06950619,0.042278294,0.0,0.0017820697,0.99877506,0.0011083911,0.0010041706,2.1624714E-5,9.510902E-5,0.0,0.0,0.0,3.209737322664916,2.9758753767841144,0.1977826346870675,0.0,0.004858678269993797,0.013595058883833227,0.2405708654559377,0.0,0.08904865037760362,0.2443998950968708,0.1452264274353541,8.646788630495046E-4,0.0,0.07286440094884576,0.18222063390831447,0.2550850348571602,0.004323394315247524,0.025394587107637482,0.10149311836996724,0.12688770547760472,0.013595058883833227,0.007276414408519153,0.028904631352160284,0.03618104576067944,0.008011581825340343,6.523346,0.007076815424062143,641.4145306455962,57.72731005198077,0.016065061649105677,1.575,0.0,0.0,0.00822885550641358,0.0,0.0,0.0,0.0,0.0,0.0,0.0,0.0,7.382746000827938,7.382746000827938,6.072837221145148,3.6680981139284246,-0.4751441,-0.4776614,-0.48022404,-0.482424,0.0,0.0,0.0,0.0,0.0,-0.6599716814728258,-0.6702552700307297,-0.6817792057838812,0.0,0.023760000243782997,0.023760000243782997,0.023755818232893945,0.0,0.0,0.0,0.0,0.0,0.0,0.0,0.0,0.0,0.0,0,0,0,0,0.0,0.0,0.0,0.0,0.0,0,0,0.921142578125,1.6613095635262273E-4,0.01190319650049787,0.05243723583180647,0.0405340393313086
2012-07-19T21:30:00,2012,201,21,0,"9273d490-b46d-48de-afa3-955b5c30eb93",121.87500005587935,90.46956341675248,24.72196744050483,21.2844,0.6840999722480774,9.9035,400.0,2.09,0.28,[0.12607336504837052],[-0.4190000000000001],-0.4190000000000001,7.8220098253298875,15.1,0.29530984003311755,12,45,0.0,0.0,0.0,0.0,0.0,0.0,0.0,-0.499135822057724,-0.499135822057724,0.0,0.29530984003311755,0.0,0.4429647757177188,-0.4643468396680219,-0.6752888,45.586169628583065,0.18567243512398224,39918.60374801594,15121.979680220025,17922.449883994843,0.0,4863.099057384217,422.6723648256169,1494.083442697399,3083.275962760462,12317.422746394832,999.9044309181154,31.61254011384645,139.00088860692898,1183.5239861567004,214.44922944899685,857.7864321097611,9.897598,0.29814646,0.55418384,0.07482351,0.0025676764,0.06850521,0.041510943,0.0,0.0017732892,0.99881685,0.0010698766,9.6927607E-4,2.0876081E-5,9.180423E-5,0.0,0.0,0.0,3.1838375207044742,2.9509335940810866,0.19696554309013337,0.0,0.00484892314976943,0.013538157650944866,0.23700054757455374,0.0,0.08774044323621324,0.24682906299399143,0.14292761265407203,8.474013955132185E-4,0.0,0.0714100024694158,0.17858344338920534,0.24999344585862115,0.004237006977566094,0.025289510851883447,0.10107101786262811,0.12636052871451156,0.013538157650944866,0.006940232975226762,0.027564428090397185,0.03450466106562395,0.007638663566345109,6.5156016,0.006894562859982901,641.7804927487067,57.7602466425695,0.016077227971196383,1.575,0.0,0.0,0.00801693391094817,0.0,0.0,0.0,0.0,0.0,0.0,0.0,0.0,7.382746000827938,7.382746000827938,6.072837221145148,3.6680981139284246,-0.46919498,-0.47171068,-0.474272,-0.4764713,0.0,0.0,0.0,0.0,0.0,-0.6599716814728258,-0.6702552700307297,-0.6817792057838812,0.0,0.023760000243782997,0.023760000243782997,0.023755818232893945,0.0,0.0,0.0,0.0,0.0,0.0,0.0,0.0,0.0,0.0,0,0,0,0,0.0,0.0,0.0,0.0,0.0,0,0,0.921142578125,1.661309527062424E-4,0.011497857733047567,0.050007959146831676,0.03851010141378411
2012-07-19T22:30:00,2012,201,22,0,"9273d490-b46d-48de-afa3-955b5c30eb93",121.91666672378778,90.50746096002374,25.157646650800483,20.4563,0.7163000106811523,1.8804,400.0,2.17,0.26,[0.12645354717185786],[-0.4130000000000002],-0.4130000000000002,7.936064466908213,15.1,0.29530984003311755,12,45,0.0,0.0,0.0,0.0,0.0,0.0,0.0,-0.4731319099664688,-0.4731319099664688,0.0,0.29530984003311755,0.0,0.4429647757177188,-0.45820313708292715,-0.6752888,45.758760604556116,0.1855504969280634,39911.22317850622,15098.970925327867,17923.73387068961,0.0,4876.0934574643425,424.0015430913569,1494.104065179925,3083.5345151318406,12318.098581700491,989.7961095643066,31.617800391236212,139.0071785628565,1183.5765694711713,214.4585381301057,857.8232890485203,9.824807,0.29742098,0.55744636,0.073347464,0.0025184127,0.06749037,0.04075097,0.0,0.001776446,0.9988757,0.0010167244,9.211205E-4,1.9841498E-5,8.724342E-5,0.0,0.0,0.0,3.1537331837281246,2.922103807314578,0.19588094184254995,0.0,0.004832310941353537,0.013462884287472509,0.2308558105305317,0.0,0.08547980947312808,0.2464561850810376,0.1390778991202749,8.212978242165886E-4,0.0,0.06921174817336563,0.17308600481428563,0.24229775298765127,0.004106489121082944,0.025150077992819157,0.10051169209112798,0.12566177008394713,0.013462884287472509,0.006519977686051701,0.02589092199140806,0.03241089967745976,0.007173544859152031,6.5362053,0.006646924780869364,642.1541838344608,57.793878841623794,0.016089564104872795,1.575,0.0,0.0,0.007728982643492137,0.0,0.0,0.0,0.0,0.0,0.0,0.0,0.0,7.382746000827938,7.382746000827938,6.072837221145148,3.6680981139284246,-0.46304914,-0.4655632,-0.4681232,-0.47032183,0.0,0.0,0.0,0.0,0.0,-0.6599716814728258,-0.6702552700307297,-0.6817792057838812,0.0,0.023760000243782997,0.023760000243782997,0.023755818232893945,0.0,0.0,0.0,0.0,0.0,0.0,0.0,0.0,0.0,0.0,0,0,0,0,0.0,0.0,0.0,0.0,0.0,0,0,0.921142578125,1.661309491466323E-4,0.010846260978723876,0.04697339157425042,0.036127130595526545
2012-07-19T23:30:00,2012,201,23,0,"9273d490-b46d-48de-afa3-955b5c30eb93",121.95833339169621,90.54451414879652,25.571738329680887,19.9382,0.7911999821662903,1.809,400.0,2.17,0.21,[0.12690559810261123],[-0.40600000000000014],-0.40600000000000014,8.071679751523092,15.1,0.29530984003311755,12,45,0.0,0.0,0.0,0.0,0.0,0.0,0.0,-0.4574856758117676,-0.4574856758117676,0.0,0.29530984003311755,0.0,0.4429647757177188,-0.4510506217764801,-0.6752888,45.72724504742379,0.18537962359668836,39903.89645246065,15076.093583700185,17924.990515986217,0.0,4889.0636866723335,425.30536438713546,1494.1239870972813,3083.7868452457924,12318.757638725961,979.7455213435475,31.622887760229027,139.01321770020124,1183.6269989630453,214.46746542318397,857.8586268974875,9.768401,0.2968417,0.5596223,0.07238683,0.002489977,0.06687872,0.040251486,0.0,0.0017804513,0.99890774,9.888179E-4,8.9583686E-4,1.9299252E-5,8.484887E-5,0.0,0.0,0.0,3.1305136595426153,2.8996690358679476,0.19521079505642297,0.0,0.004825549664136005,0.013416116053145898,0.22669223372942743,0.0,0.08396620328567952,0.24599775214843925,0.1364567304535418,8.026832757961216E-4,0.0,0.06764447011672625,0.16916652336568797,0.23681099348241422,0.004013416378980609,0.025063857687863587,0.10016508988442595,0.12522894757228953,0.013416116053145898,0.006267695272388577,0.024885023404600845,0.031152718676989422,0.006893561291026901,6.558206,0.006497214803387891,642.5354298214816,57.828190981819105,0.01610207240255256,1.575,0.0,0.0,0.0075549012666662405,0.0,0.0,0.0,0.0,0.0,0.0,0.0,0.0,7.382746000827938,7.382746000827938,6.072837221145148,3.6680981139284246,-0.45589417,-0.45840633,-0.46096477,-0.46316263,0.0,0.0,0.0,0.0,0.0,-0.6599716814728258,-0.6702552700307297,-0.6817792057838812,0.0,0.023760000243782997,0.023760000243782997,0.023755818232893945,0.0,0.0,0.0,0.0,0.0,0.0,0.0,0.0,0.0,0.0,0,0,0,0,0.0,0.0,0.0,0.0,0.0,0,0,0.921142578125,1.6613094552062044E-4,0.01048797530529555,0.045149926787033126,0.03466195148173758
2012-07-20T00:30:00,2012,202,0,0,"9273d490-b46d-48de-afa3-955b5c30eb93",122.00000005960464,90.5738364938438,25.833109155290575,16.2729,0.8727999925613403,0.0449,400.0,3.15,0.0,[0.12731390293651404],[-0.39980000000000016],-0.39980000000000016,8.194171206561306,15.1,0.29530984003311755,12,45,0.0,0.0,0.0,0.0,0.0,0.0,0.0,-0.3593869209289551,-0.3593869209289551,0.0,0.29530984003311755,0.0,0.4429647757177188,-0.4446617057701987,-0.6752888,49.2081961271727,0.18605443077145073,39896.80222600001,15053.98039207432,17925.985713709568,0.0,4902.037222635346,426.34023383924347,1494.1393512003965,3083.9862494833155,12319.277868779776,970.030643326016,31.62675621286852,139.0178107116684,1183.6657321116459,214.47433245607942,857.8858088294269,9.439453,0.29840744,0.57927185,0.05964151,0.0022737985,0.05860806,0.03530106,0.0,0.0017973671,0.999188,7.3480123E-4,6.657051E-4,1.4180372E-5,6.233647E-5,0.0,0.0,0.0,3.042017980138655,2.8168029776013945,0.19044395280778442,0.0,0.004717061084610445,0.013087826488804931,0.1813921537152599,0.0,0.06678419236398599,0.2460604691821221,0.10850479157268664,6.351593523178995E-4,0.0,0.05357349870901922,0.13397757865271628,0.1875510773617355,0.0031757967615894983,0.024451645898657833,0.09771651836659496,0.1221681642652528,0.013087826488804931,0.00472932389911465,0.01877412331168943,0.02350344721080408,0.005199788789391604,6.585716,0.0053249358161388625,642.9228675946075,57.863060382786024,0.016114646581264765,1.575,0.0,0.0,0.0061917861052226296,0.0,0.0,0.0,0.0,0.0,0.0,0.0,0.0,7.382746000827938,7.382746000827938,6.072837221145148,3.6680981139284246,-0.44950306,-0.4520135,-0.45457056,-0.45676774,0.0,0.0,0.0,0.0,0.0,-0.6599716814728258,-0.6702552700307297,-0.6817792057838812,0.0,0.023760000243782997,0.023760000243782997,0.023755818232893945,0.0,0.0,0.0,0.0,0.0,0.0,0.0,0.0,0.0,0.0,0,0,0,0,0.0,0.0,0.0,0.0,0.0,0,0,0.9258702397346497,1.6185120416755135E-4,0.007524531945819035,0.034062884919095426,0.02653835297327639
2012-07-20T01:30:00,2012,202,1,0,"9273d490-b46d-48de-afa3-955b5c30eb93",122.04166672751307,90.60213151240974,26.077217481848102,15.8586,0.8938000202178955,0.2169,400.0,3.29,0.0,[0.1274338744143592],[-0.398],-0.398,8.230162651345022,15.1,0.29530984003311755,12,45,0.0,0.0,0.0,0.0,0.0,0.0,0.0,-0.34958063066005707,-0.34958063066005707,0.0,0.29530984003311755,0.0,0.4429647757177188,-0.44268338761949855,-0.6752888,49.308508511124714,0.18595226053972208,39889.75645065642,15032.038933160298,17926.948920415598,0.0,4914.9535752386,427.3414446031151,1494.1542667682834,3084.1787786859045,12319.780360680468,960.3912117829404,31.630535541356753,139.0222850577505,1183.7034928996777,214.48102886730476,857.9123110528353,9.3659315,0.29868928,0.5812457,0.05818992,0.0022612754,0.05780736,0.03477108,0.0,0.0018064054,0.9992062,7.192843E-4,6.516467E-4,1.3882167E-5,6.1020117E-5,0.0,0.0,0.0,3.0221073843146993,2.7975033746239246,0.18992237126122014,0.0,0.004711531514887626,0.013051438492192268,0.17572676772067938,0.0,0.06467736082292355,0.24497591024833323,0.10499273650837075,6.127612727553604E-4,0.0,0.051685061260380846,0.12925493704833393,0.18093999830871477,0.0030638063637768026,0.024384530230556554,0.09744678171607854,0.1218313119466351,0.013051438492192268,0.004606809507960341,0.01828545523093789,0.02289226473889823,0.005063705288751167,6.611975,0.005200870981666202,643.3163528923968,57.898474060994275,0.01612735724992902,1.575,0.0,0.0,0.006047524663440298,0.0,0.0,0.0,0.0,0.0,0.0,0.0,0.0,7.382746000827938,7.382746000827938,6.072837221145148,3.6680981139284246,-0.44752404,-0.45003393,-0.45259058,-0.45478752,0.0,0.0,0.0,0.0,0.0,-0.6599716814728258,-0.6702552700307297,-0.6817792057838812,0.0,0.023760000243782997,0.023760000243782997,0.023755818232893945,0.0,0.0,0.0,0.0,0.0,0.0,0.0,0.0,0.0,0.0,0,0,0,0,0.0,0.0,0.0,0.0,0.0,0,0,0.9258702397346497,1.6185120293164351E-4,0.007308300268050516,0.03317428144811008,0.02586598118005956
2012-07-20T02:30:00,2012,202,2,0,"9273d490-b46d-48de-afa3-955b5c30eb93",122.0833333954215,90.62891491488281,26.296588330365843,15.2649,0.900600016117096,0.9889,400.0,3.35,0.0,[0.12755450166753596],[-0.3962000000000001],-0.3962000000000001,8.266350828736043,15.1,0.29530984003311755,12,45,0.0,0.0,0.0,0.0,0.0,0.0,0.0,-0.33594606816768646,-0.33594606816768646,0.0,0.29530984003311755,0.0,0.4429647757177188,-0.44073165295081274,-0.6752888,45.343065059676526,0.18324573515777587,39882.767781775256,15010.370122901017,17927.854939432036,0.0,4927.767883912428,428.28728153568903,1494.1682456177925,3084.3594659964174,12320.25136232391,950.8715616114241,31.63412981093567,139.02647004984055,1183.7380285173413,214.48713735330546,857.9364720228039,9.24997,0.30000162,0.58388287,0.05571324,0.0022358482,0.05634475,0.033864874,0.0,0.0018217171,0.99916065,7.604481E-4,6.88939E-4,1.4677914E-5,6.451225E-5,0.0,0.0,0.0,2.998728172432345,2.7750059706104273,0.18917198975459276,0.0,0.00470003727625669,0.012999344890817933,0.16627279561124983,0.0,0.06107178364169006,0.24304051058370907,0.0992237430094828,5.763687248834686E-4,0.0,0.04861609932034726,0.1215800187021459,0.17019611802249315,0.0028818436244173436,0.02428803855982071,0.09705972738027231,0.12134776594009303,0.012999344890817933,0.004368355520048452,0.017336857594269256,0.02170521311431771,0.004800341637964862,6.63448,0.005006880861639843,643.7156601449327,57.93441171515054,0.016140195275992947,1.575,0.0,0.0,0.0058219547465054805,0.0,0.0,0.0,0.0,0.0,0.0,0.0,0.0,7.382746000827938,7.382746000827938,6.072837221145148,3.6680981139284246,-0.4455716,-0.448081,-0.45063722,-0.45283395,0.0,0.0,0.0,0.0,0.0,-0.6599716814728258,-0.6702552700307297,-0.6817792057838812,0.0,0.023760000243782997,0.023760000243782997,0.023755818232893945,0.0,0.0,0.0,0.0,0.0,0.0,0.0,0.0,0.0,0.0,0,0,0,0,0.0,0.0,0.0,0.0,0.0,0,0,0.9258702397346497,1.6185119889486563E-4,0.007630879565112991,0.03145672052318514,0.02382584095807215
2012-07-20T03:30:00,2012,202,3,0,"9273d490-b46d-48de-afa3-955b5c30eb93",122.12500006332994,90.65560219081205,26.51440917991822,15.2277,0.9064000248908997,1.1901,400.0,3.27,0.0,[0.12774346303939585],[-0.3934000000000002],-0.3934000000000002,8.323039242546605,15.1,0.29530984003311755,12,45,0.0,0.0,0.0,0.0,0.0,0.0,0.0,-0.33510784804821014,-0.33510784804821014,0.0,0.29530984003311755,0.0,0.4429647757177188,-0.4378173062375765,-0.6752888,44.98369041080545,0.18299770225116652,39875.805611225274,14988.764933064367,17928.758974454813,0.0,4940.548395940331,429.2318418950715,1494.182159590456,3084.539363051955,12320.72024173163,941.3798614823879,31.63772688736566,139.03063454380253,1183.772325575438,214.4932026788291,857.9604572943285,9.222894,0.299599,0.5840525,0.05580516,0.00223891,0.0564778,0.0338766,0.0,0.0018266054,0.99915415,7.667471E-4,6.94645E-4,1.4800743E-5,6.504668E-5,0.0,0.0,0.0,2.9868534407814065,2.7631698833662006,0.1891348315263531,0.0,0.004705842010681905,0.012996295877141741,0.16608828194057143,0.0,0.06103761318337819,0.2423995119710913,0.099090050359707,5.739625759064703E-4,0.0,0.04841374942328999,0.12107397568152144,0.16948772510481142,0.002869812879532352,0.02428311964894373,0.09703870326220082,0.12132182291114454,0.012996295877141741,0.004353772347759605,0.017276994635987253,0.021630766983746857,0.004783120604838628,6.6515136,0.005003005350386922,644.1207848458065,57.97087293967802,0.01615317295719996,1.575,0.0,0.0,0.005817448337873524,0.0,0.0,0.0,0.0,0.0,0.0,0.0,0.0,7.382746000827938,7.382746000827938,6.072837221145148,3.6680981139284246,-0.44265625,-0.44516486,-0.44772044,-0.44991687,0.0,0.0,0.0,0.0,0.0,-0.6599716814728258,-0.6702552700307297,-0.6817792057838812,0.0,0.023760000243782997,0.023760000243782997,0.023755818232893945,0.0,0.0,0.0,0.0,0.0,0.0,0.0,0.0,0.0,0.0,0,0,0,0,0.0,0.0,0.0,0.0,0.0,0,0,0.9258702397346497,1.618511946228105E-4,0.007671548821235774,0.031348994370915206,0.023677445549679432
2012-07-20T04:30:00,2012,202,4,0,"9273d490-b46d-48de-afa3-955b5c30eb93",122.16666673123837,90.6813978338246,26.71796751175225,14.8854,0.9193999767303467,1.2002,400.0,3.23,0.0,[0.12801623826432393],[-0.38940000000000013],-0.38940000000000013,8.404871813276763,15.1,0.29530984003311755,12,45,0.0,0.0,0.0,0.0,0.0,0.0,0.0,-0.3274824619293213,-0.3274824619293213,0.0,0.29530984003311755,0.0,0.4429647757177188,-0.4337479334067102,-0.6752888,45.01369279374902,0.182831410835957,39868.8877095411,14967.28324866221,17929.634659569645,0.0,4953.307993938977,430.1468487028881,1494.1956544806078,3084.713239921484,12321.173497117989,931.9424203789519,31.64124147521458,139.0346820377781,1183.8056155619497,214.49908949376317,857.9837321282814,9.170062,0.2994198,0.5864562,0.05440129,0.00222378,0.05566607,0.033353463,0.0,0.0018328789,0.9991675,7.546854E-4,6.8371685E-4,1.45691465E-5,6.402349E-5,0.0,0.0,0.0,2.968882014341917,2.7456983227321228,0.1887077078929249,0.0,0.004701917863756252,0.012966451700307535,0.16112045432800579,0.0,0.05918120534868081,0.24200284942155498,0.09600684096438239,5.545669166858015E-4,0.0,0.046778312353176775,0.11698404257718611,0.1637623549303629,0.0027728345834290083,0.02422813057692278,0.09681758475177271,0.12104571532869549,0.012966451700307535,0.004236309704250397,0.01680894638690728,0.021045256091157677,0.004652914907663293,6.661847,0.00489914373249225,644.5316062256896,58.00784686533672,0.01616628010596457,1.575,0.0,0.0,0.005696679009425076,0.0,0.0,0.0,0.0,0.0,0.0,0.0,0.0,7.382746000827938,7.382746000827938,6.072837221145148,3.6680981139284246,-0.4385855,-0.441093,-0.4436477,-0.4458437,0.0,0.0,0.0,0.0,0.0,-0.6599716814728258,-0.6702552700307297,-0.6817792057838812,0.0,0.023760000243782997,0.023760000243782997,0.023755818232893945,0.0,0.0,0.0,0.0,0.0,0.0,0.0,0.0,0.0,0.0,0,0,0,0,0.0,0.0,0.0,0.0,0.0,0,0,0.9258702397346497,1.618511903109873E-4,0.0075076032590004615,0.030500518001244037,0.022992914742243575
2012-07-20T05:30:00,2012,202,5,0,"9273d490-b46d-48de-afa3-955b5c30eb93",122.2083333991468,90.70632262219152,26.90777584635541,14.5554,0.9089000225067139,1.537,400.0,3.18,0.0,[0.12827157898563543],[-0.3857000000000002],-0.3857000000000002,8.481474032714113,15.1,0.29530984003311755,12,45,0.0,0.0,0.0,0.0,0.0,0.0,0.0,-0.3202787786722183,-0.3202787786722183,0.0,0.29530984003311755,0.0,0.4429647757177188,-0.4300266457836126,-0.6752888,35.95911183734385,0.17614619101151824,39862.00795147221,14946.149394644734,17930.462154908404,0.0,4965.846106775153,431.02278014911803,1494.2082129741816,3084.877199388391,12321.599037010299,922.6577898609419,31.64460490692019,139.03840435425096,1183.8340371176696,214.50406861374267,858.0033840557944,9.023324,0.30239165,0.58564776,0.05297159,0.0022198986,0.054910567,0.032872226,0.0,0.0018585273,0.99897206,9.312546E-4,8.436812E-4,1.7979295E-5,7.900277E-5,0.0,0.0,0.0,2.951280366967583,2.7285778233092173,0.18829657642714814,0.0,0.0046981527588446335,0.012937720259564576,0.15423437136828075,0.0,0.05648148557877679,0.23780208695019095,0.09194122736850176,5.271675998867631E-4,0.0,0.04446767677759154,0.11120556116378622,0.15567323794137775,0.0026358379994338163,0.02417519161720356,0.09660473393678515,0.12077992555398871,0.012937720259564576,0.004059190365244471,0.01610438772211831,0.02016357808736278,0.004457304941618668,6.6649785,0.004745030521270225,644.947945083166,58.045317363998535,0.016179514736646538,1.575,0.0,0.0,0.005517477593140647,0.0,0.0,0.0,0.0,0.0,0.0,0.0,0.0,7.382746000827938,7.382746000827938,6.072837221145148,3.6680981139284246,-0.4348629,-0.43736944,-0.43992338,-0.44211894,0.0,0.0,0.0,0.0,0.0,-0.6599716814728258,-0.6702552700307297,-0.6817792057838812,0.0,0.023760000243782997,0.023760000243782997,0.023755818232893945,0.0,0.0,0.0,0.0,0.0,0.0,0.0,0.0,0.0,0.0,0,0,0,0,0.0,0.0,0.0,0.0,0.0,0,0,0.9258702397346497,1.6185117827651415E-4,0.009115884520724649,0.02922913377791854,0.02011324925719389
2012-07-20T06:30:00,2012,202,6,0,"9273d490-b46d-48de-afa3-955b5c30eb93",122.25000006705523,90.7301190938336,27.07999250531172,14.1332,0.9204000234603882,4.6316,400.0,3.06,0.0,[0.12865664581476385],[-0.38020000000000015],-0.38020000000000015,8.596994086042994,15.1,0.29530984003311755,12,45,0.0,0.0,0.0,0.0,0.0,0.0,0.0,-0.3112698048353195,-0.3112698048353195,0.0,0.29530984003311755,0.0,0.4429647757177188,-0.42455710328744267,-0.6752888,36.12922468797005,0.17605975208477675,39855.17668046366,14925.16683002713,17931.25423907324,0.0,4978.355249338961,431.8607695866264,1494.2202925793438,3085.033817184293,12322.00566729419,913.4396245592601,31.64786946002393,139.04200021841473,1183.8614672693911,214.50887390263063,858.022346165197,8.958544,0.30250588,0.5885197,0.051086105,0.0022018696,0.05381984,0.032207053,0.0,0.0018666266,0.99899507,9.09521E-4,8.2399056E-4,1.756114E-5,7.715922E-5,0.0,0.0,0.0,2.9320954782907265,2.7100121188336943,0.18776891331309523,0.0,0.0046911769523683014,0.012901012973290226,0.14784165250590245,0.0,0.05408579043665729,0.2372526269701678,0.08798038851161542,5.031929582925718E-4,0.0,0.04244583144423037,0.1061492917977406,0.14859512324197097,0.0025159647914628595,0.024107290208545157,0.09633215233420389,0.12043944254274905,0.012901012973290226,0.003924671124961914,0.015569064310963386,0.0194937354359253,0.004308566945596418,6.660299,0.004614895665609575,645.3696500986292,58.083270816898356,0.016192868878059163,1.575,0.0,0.0,0.005366157986875601,0.0,0.0,0.0,0.0,0.0,0.0,0.0,0.0,7.382746000827938,7.382746000827938,6.072837221145148,3.6680981139284246,-0.42939153,-0.4318966,-0.43444934,-0.43664435,0.0,0.0,0.0,0.0,0.0,-0.6599716814728258,-0.6702552700307297,-0.6817792057838812,0.0,0.023760000243782997,0.023760000243782997,0.023755818232893945,0.0,0.0,0.0,0.0,0.0,0.0,0.0,0.0,0.0,0.0,0,0,0,0,0.0,0.0,0.0,0.0,0.0,0,0,0.9258702397346497,1.6185116655622372E-4,0.008839203292154707,0.028258093958606494,0.019418890666451787
2012-07-20T07:30:00,2012,202,7,0,"9273d490-b46d-48de-afa3-955b5c30eb93",122.29166673496366,90.75634740411084,27.290446697387473,15.0509,0.9120000004768372,34.51,400.0,2.78,0.0,[0.12905567309550517],[-0.37460000000000016],-0.37460000000000016,8.716702275022163,15.1,0.29530984003311755,12,45,0.0,0.0,0.0,0.0,0.0,0.0,0.0,-0.3311496526002884,-0.3311496526002884,0.0,0.29530984003311755,0.0,0.4429647757177188,-0.4190361345613737,-0.6752888,34.87262173506357,0.17551566353912357,39848.315353838974,14904.021054732526,17932.125719547083,0.0,4990.82971766079,432.7862125895596,1494.233351633236,3085.2057988421834,12322.451624534116,904.1497567261194,31.651388525771683,139.04584820231463,1183.8906088045146,214.51397449511865,858.0424668539733,9.028992,0.3008219,0.5823092,0.055887304,0.0022570896,0.056860913,0.033857007,0.0,0.0018635972,0.9989084,9.882617E-4,8.9532556E-4,1.9083E-5,8.38394E-5,0.0,0.0,0.0,2.9396005269235914,2.7161184974244605,0.1889474884338879,0.0,0.004726582062136323,0.01298155527102665,0.1626585909257539,0.0,0.05974337304967245,0.2365949835741047,0.09710369751208461,5.538540623500965E-4,0.0,0.04671972726881026,0.11683752400276144,0.1635572512715717,0.0027692703117504834,0.024258453356979987,0.09693498710692847,0.12119344046390845,0.01298155527102665,0.004216980058743618,0.016726971862146927,0.020943951920890547,0.004628418535811064,6.6483483,0.00491794204613705,645.7970736516071,58.12173893819495,0.016206383329311593,1.575,0.0,0.0,0.005718537514625217,0.0,0.0,0.0,0.0,0.0,0.0,0.0,0.0,7.382746000827938,7.382746000827938,6.072837221145148,3.6680981139284246,-0.42386872,-0.42637232,-0.42892388,-0.43111828,0.0,0.0,0.0,0.0,0.0,-0.6599716814728258,-0.6702552700307297,-0.6817792057838812,0.0,0.023760000243782997,0.023760000243782997,0.023755818232893945,0.0,0.0,0.0,0.0,0.0,0.0,0.0,0.0,0.0,0.0,0,0,0,0,0.0,0.0,0.0,0.0,0.0,0,0,0.9258702397346497,1.6185115323562796E-4,0.009679994152975269,0.030360777266002406,0.020680783113027137
2012-07-20T08:30:00,2012,202,8,0,"9273d490-b46d-48de-afa3-955b5c30eb93",122.33333340287209,90.7879556406004,27.59193423167666,17.2357,0.8461999893188477,128.8495,400.0,2.62,0.01,[0.12942537780556992],[-0.36949999999999994],-0.36949999999999994,8.827613692448814,15.1,0.29530984003311755,12,45,3.6389959786370136,2.5660706912752484,0.7060555102342293,1.1064030737303978,0.0,0.03688085437500839,0.2624509211025974,0.08675482248266538,0.00389145422510416,0.6501257964864584,0.3868283908652119,4.6684913333298205E-4,0.5465257503070005,-0.4279287379117529,-0.4350173,52.204239724661505,0.17993226496514342,39846.439822293265,14887.325847475284,17933.195488764482,0.0,5003.435291006906,433.91449149821534,1494.249408032081,3085.41639918523,12322.999210916789,896.8151347174262,31.65564889857964,139.05060405398967,1183.9286484048491,214.5206801151151,858.0689465698044,7.762249,0.15573053,0.6844566,0.07901331,0.0028479632,0.075751595,0.044759344,0.0,0.0022000072,0.9986958,0.0011807599,0.0010697201,2.2802047E-5,1.00170335E-4,0.0,0.0,0.0,1.4356468702073304,1.2088191385545253,0.19177172059672387,0.0,0.0048039069659246356,0.01317509988214752,0.19728552727794052,0.0,0.07306662975860502,0.23908156578882434,0.11823116522877852,6.748086063609933E-4,0.0,0.056923395274689204,0.14235503501033914,0.19927843028502834,0.0033740430318049673,0.024620870831421303,0.09838184070353931,0.12300271153496062,0.01317509988214752,0.005064705290054944,0.02008732646277748,0.025152031752832423,0.0055574565459774496,6.6230416,0.005686229482174542,646.2311090996226,58.160802130068575,0.01621803885068973,1.575,0.0,0.0,0.00661189503770677,0.0,0.033662838352194226,0.07864454287050146,0.2760847932654092,0.0,0.0,0.0,0.0,7.382746000827938,7.382746000827938,6.072837221145148,3.6680981139284246,-0.43288895,-0.43551084,-0.43823534,-0.4405689,0.0,-0.24623937076104388,-0.1319279775986159,0.262625494675769,0.0,-0.42891335166667316,-0.4322099368943362,-0.4384874707494365,0.0,0.023760000243782997,0.023760000243782997,0.023760000243782997,0.0,0.0,0.0,0.0,0.0,0.0,0.0,0.0,0.0,0.0,0,0,0,0,0.0,0.0,0.0,0.0,0.0,0,0,0.9258702397346497,1.6185114421190483E-4,0.009942888569639763,0.03645534953204983,0.02651246096241007
2012-07-20T09:30:00,2012,202,9,0,"9273d490-b46d-48de-afa3-955b5c30eb93",122.37500007078052,90.82531677881303,28.01368844549917,20.1221,0.7717000246047974,361.5329,400.0,2.52,0.01,[0.12986827703517023],[-0.3635000000000001],-0.3635000000000001,8.960483466608677,15.1,0.29530984003311755,12,45,10.094587607413878,7.127770069863465,0.6980407320754126,1.0953006658689315,0.0,0.038982860491536056,0.25807544733156546,0.7828400147457918,0.477804868190155,7.563961814725758,0.981493746452599,0.002140717158600827,1.4585191268244466,-0.5109871489312875,-0.51098716,71.21699286745157,0.18319142789597598,39862.16402465575,14887.689441381619,17934.484499810285,0.0,5016.139823862747,435.26150227346716,1494.269463975583,3085.6692841575505,12323.659472992787,896.9748706120787,31.66105189007297,139.05670060774096,1183.9790185548575,214.52959564043414,858.104170292444,7.1998963,0.055800397,0.7437095,0.101381786,0.0033958547,0.09329383,0.05479236,0.0,0.0024186173,0.9984243,0.0014271704,0.0012929564,2.7563388E-5,1.2107495E-4,0.0,0.0,0.0,0.633079976930858,0.4017570562122577,0.1955666595430191,0.0,0.004907264253140033,0.013435203136000225,0.2345664004320785,0.0,0.08744886337370072,0.24095846530664747,0.1409590180280548,8.038864679531098E-4,0.0,0.06781284009152495,0.1695875476167771,0.23740038770830207,0.00401943233976555,0.025107868341668924,0.10032615770829774,0.12543402604996667,0.013435203136000225,0.0063768423712339895,0.02528805114840104,0.03166489351963503,0.0069951656090326735,6.657223,0.00669121603065206,646.6729250317371,58.20056556553894,0.016222725003884726,1.575,0.0,0.0,0.007780484098994428,0.0,0.0361098347666968,0.07965415344053954,0.2710807457752721,0.0,0.0,0.0,0.0,7.382746000827938,7.382746000827938,6.072837221145148,3.6680981139284246,-0.517869,-0.5220078,-0.5261033,-0.5293294,0.0,-0.1094320100313066,0.08604561032769238,1.143554401413002,0.0,-0.5109871489312875,-0.5109871489312875,-0.5109871489312875,0.0,0.023760000243782997,0.02420607255771756,0.04376052767038345,0.0,0.0,0.0,0.0,0.0,0.0,0.0,0.0,0.0,0.0,0,0,0,0,0.0,0.0,0.0,0.0,0.0,0,0,0.9258702397346497,1.6185113855504308E-4,0.011147200762934517,0.04589010549523103,0.03474290473229651
2012-07-20T10:30:00,2012,202,10,0,"9273d490-b46d-48de-afa3-955b5c30eb93",122.41666673868895,90.86481129270813,28.497088486862808,21.6016,0.758400022983551,424.8835,400.0,2.46,0.03,[0.13041916710167306],[-0.3562000000000001],-0.3562000000000001,9.125750493126647,15.1,0.29530984003311755,12,45,11.79763131971049,8.441098722869645,0.6941685967865595,1.0723777275708504,0.0,0.04914751106904284,0.24492184008710466,0.9639790224221846,0.6291262269283104,9.615053637617102,1.226742357007907,0.0021771875874456352,1.7552216652163617,-0.5208244253698779,-0.54556555,82.81553138171843,0.18470583288712566,39883.32900995993,14893.357775017394,17935.865549227692,0.0,5028.79919926304,436.69553743940156,1494.2916578272666,3085.9392394496103,12324.366548293996,899.4651113139131,31.667157566270916,139.06359406982023,1184.0367409870319,214.539830088138,858.144606958014,6.9293633,0.009617974,0.76999843,0.11204742,0.0037064934,0.10209138,0.059759617,0.0,0.002538327,0.9982589,0.0015766185,0.0014283481,3.0453628E-5,1.3375364E-4,0.0,0.0,0.0,0.30032321097919196,0.06664643321516617,0.19755003965995666,0.0,0.004967039687000516,0.01357070924741558,0.2493701362886668,0.0,0.09324559144631747,0.24010199373783472,0.1499361245707913,8.528204107173098E-4,0.0,0.07194217353448903,0.17991425351083734,0.2518564270453264,0.00426410205358655,0.025362234217185985,0.10134055914038594,0.12670279335757192,0.01357070924741558,0.007157515595223812,0.02837935864514311,0.035536874240366924,0.007848828151592536,7.4546814,0.007222567671562011,647.1231392987231,58.241084851177774,0.016225404332148884,1.575,0.0,0.0,0.008398334871430421,0.0,0.04524555437737832,0.08560508375547039,0.2572518217565737,0.0,0.0,0.0,0.0,7.382746000827938,7.382746000827938,6.072837221145148,3.6680981139284246,-0.5284981,-0.53336865,-0.53822577,-0.5418423,0.0,-0.018490716032586084,0.2602679576142419,1.3127830081561034,0.0,-0.5285465265042473,-0.5368542602991129,-0.5562208055466971,0.0,0.023760000243782997,0.027860089670866728,0.04685972258448601,0.0,0.0,0.0,0.0,0.0,0.0,0.0,0.0,0.0,0.0,0,0,0,0,0.0,0.0,0.0,0.0,0.0,0,0,0.9258702397346497,1.6185113498424632E-4,0.01185177650040714,0.05149909751346461,0.03964732101305747
2012-07-20T11:30:00,2012,202,11,0,"9273d490-b46d-48de-afa3-955b5c30eb93",122.45833340659738,90.90451000981429,28.987601031490172,21.7723,0.738099992275238,527.4136,400.0,2.17,0.06,[0.13090564132953772],[-0.3499000000000001],-0.3499000000000001,9.271692767285268,15.1,0.29530984003311755,12,45,16.54940716223871,11.997034466382107,0.7844605809481736,1.211707977262809,0.0,0.1011962850336579,0.24360940970348027,1.621120882531007,1.08936562372943,15.518234629265605,1.6287582421560571,0.002646568790126522,2.3086078010150026,-0.5355714851850953,-0.5636372,89.13815903455753,0.18594743265164798,39918.08466739439,14912.558377976147,17937.26516863592,0.0,5041.4818285098545,438.1457680704663,1494.3142351719446,3086.211946317365,12325.08158189083,907.9004163012389,31.67340441832993,139.07063804072826,1184.096332420379,214.55041003395638,858.1864077652838,6.888368,0.0,0.7760037,0.113952726,0.003753832,0.10373334,0.0605161,0.0,0.002556385,0.99829763,0.0015413606,0.001396404,2.9776886E-5,1.3076262E-4,0.0,0.0,0.0,0.23397558597855506,0.0,0.1977955972935902,0.0,0.004983891461334075,0.013586775809661899,0.25229892886762295,0.0,0.09448203673905467,0.24054303405264285,0.15161178362112174,8.597077507211042E-4,0.0,0.07252472080815292,0.1813710938749558,0.25389581468310873,0.004298538753605522,0.02539346336421709,0.10146321083463301,0.1268566741988501,0.013586775809661899,0.007272865104650665,0.028831830726247388,0.03610469583089805,0.007972463463711955,8.776124,0.007317760512916811,647.5818625899358,58.282369949027434,0.01622276890250922,1.575,0.0,0.0,0.008509024226714464,0.0,0.09257536814242492,0.12755556830106793,0.25617715815825653,0.0,0.0,0.0,0.0,7.382746000827938,7.382746000827938,6.072837221145148,3.6680981139284246,-0.5445519,-0.55047137,-0.5561678,-0.5602341,0.0,0.4424849190666609,0.7976208915648991,1.7108898322587158,0.0,-0.543881705032244,-0.5543418784955972,-0.5754102672705022,0.0,0.02818076436718305,0.038329736329615116,0.05403307005763054,0.0,0.0,0.0,0.0,0.0,0.0,0.0,0.0,0.0,0.0,0,0,0,0,0.0,0.0,0.0,0.0,0.0,0,0,0.9258702397346497,1.6185113357426053E-4,0.011518182458530646,0.05232012349153402,0.04080194103300337
2012-07-20T12:30:00,2012,202,12,0,"9273d490-b46d-48de-afa3-955b5c30eb93",122.5000000745058,90.94558852374462,29.54043023408739,23.2679,0.7074999809265137,1166.0285,400.0,2.12,0.1,[0.13143471795690906],[-0.3432],-0.3432,9.430415761803756,15.1,0.29530984003311755,12,45,37.187784564123604,27.59034128161169,0.7973172303276378,1.248092262801956,0.0,0.11670125702291423,0.2422936199643024,4.033537695805232,2.703893359415567,37.104733670105695,3.3380153868670046,0.003087724072354284,4.7491452699727565,-0.5735254200474653,-0.6087771,98.14992190930201,0.18912836066621935,40001.969519305,14980.68389824903,17938.74477139337,0.0,5054.220816699487,439.6614756236208,1494.3392704502796,3086.4991313001588,12325.838509959382,937.8296608232197,31.68049106357521,139.07867781698457,1184.1659371401186,214.56280236143613,858.2353816862435,6.978312,0.0,0.7694058,0.11744068,0.0038946625,0.1067098,0.062111836,0.0,0.0025491023,0.9983126,0.0015284234,0.0013846812,2.9531293E-5,1.2966512E-4,0.0,0.0,0.0,0.23638482703453875,0.0,0.19982509901207657,0.0,0.005045936467269312,0.013725360639082041,0.2635529686308369,0.0,0.09898225342990695,0.2416119568160272,0.15830549571069374,8.960648943243627E-4,0.0,0.07559340669999062,0.18904531309588232,0.26463871979587295,0.0044803244716218145,0.02565370272638697,0.10250087520073173,0.1281545779271187,0.013725360639082041,0.008188060314234765,0.03245439926470584,0.04064245957894061,0.008972485264570493,14.502657,0.007885462936500734,648.0497550245013,58.324480269811644,0.016200446198324104,1.575,0.0,0.0,0.009169143352957184,0.0,0.10832766879100912,0.13889746220088137,0.25467928134934936,0.0,0.0,0.0,0.0,7.382746000827938,7.382746000827938,6.072837221145148,3.6680981139284246,-0.58812076,-0.5986566,-0.6083265,-0.61459565,0.0,1.622819964312704,2.290864313914707,3.682960632877974,0.0,-0.5777694016237865,-0.5952769672775257,-0.6267109364110962,0.0,0.05158380294839541,0.0693262554705143,0.08798691481351853,0.0,0.0,0.0,0.0,0.0,0.0,0.0,0.0,0.0,0.0,0,0,0,0,0.0,0.0,0.0,0.0,0.0,0,0,0.9258702397346497,1.6185113780742725E-4,0.011570588052563835,0.05889036876265005,0.04731978071008622
2012-07-20T13:30:00,2012,202,13,0,"9273d490-b46d-48de-afa3-955b5c30eb93",122.54166674241424,90.98708101650662,30.126530273552618,24.0664,0.6912000179290771,1010.3561,400.0,1.95,0.17,[0.13193551482013305],[-0.33700000000000013],-0.33700000000000013,9.580654826740917,15.1,0.29530984003311755,12,45,32.27579134157249,23.944684679730486,0.7986241519592076,1.24705425645038,0.0,0.11621152744638984,0.24222182797334374,3.456084907054901,2.3132454278280714,31.63544228750965,3.1669521927167734,0.0027747886052246016,4.49362321792835,-0.5649896775557067,-0.65691465,129.48926554766052,0.19738624630739604,40073.406888802405,15036.072778337186,17940.290995811956,0.0,5067.137983560038,441.21938597080754,1494.3664602958133,3086.7982314824953,12326.631875829142,962.1633808347049,31.688210056727087,139.08761623709378,1184.2468966643435,214.57729131162745,858.2926819071131,7.0984883,0.0,0.7669592,0.11862848,0.0039578583,0.10793495,0.06267566,0.0,0.0025195268,0.998668,0.0012059403,0.0010925247,2.330431E-5,1.0230689E-4,0.0,0.0,0.0,0.2376973900490087,0.0,0.20092712758589026,0.0,0.005085242793837775,0.013800188244594263,0.27122035511181053,0.0,0.10227111557405588,0.24499135372750852,0.1625834885553551,9.21498677343977E-4,0.0,0.07774070590657765,0.19441531209059923,0.27215601799717687,0.004607493386719886,0.025794849555614174,0.10306254923618839,0.12885739879180258,0.013800188244594263,0.008843395904181138,0.03504566976212343,0.043889065666304565,0.009687132114426162,13.89959,0.008286611247358645,648.5272830539648,58.36745779417113,0.01618348259866023,1.575,0.0,0.0,0.00963559489773929,0.0,0.10721161646639989,0.13919411520492558,0.25443776445989985,0.0,0.0,0.0,0.0,7.382746000827938,7.382746000827938,6.072837221145148,3.6680981139284246,-0.57900095,-0.58901954,-0.5982862,-0.60439247,0.0,1.5008090886436285,1.7962474466916443,3.2143056162478794,0.0,-0.6213077800603154,-0.6400789991880655,-0.6782838402122227,0.0,0.05375479534268379,0.05336509272456169,0.07741614878177643,0.0,0.0,0.0,0.0,0.0,0.0,0.0,0.0,0.0,0.0,0,0,0,0,0.0,0.0,0.0,0.0,0.0,0,0,0.9258702397346497,1.618511556568473E-4,0.009286600383347832,0.06357943572648894,0.05429283534314111
2012-07-20T14:30:00,2012,202,14,0,"9273d490-b46d-48de-afa3-955b5c30eb93",122.58333341032267,91.0284795982497,30.70313863068236,23.8386,0.7128000259399414,863.805,400.0,1.92,0.27,[0.13247260123388752],[-0.33050000000000007],-0.33050000000000007,9.741780757269826,15.1,0.29530984003311755,12,45,25.274307657874704,18.482194240695968,0.7314818639008429,1.1302272010445262,0.0,0.07338135484446567,0.24249652845844885,2.5133068710565567,1.6293655183398796,23.432211914425366,2.4571113756887226,0.0026490243048842683,3.50524260674786,-0.5444407392552155,-0.6369034,127.51728695800071,0.1971184299479278,40126.16849559274,15072.775203029783,17941.83507968855,0.0,5080.0660625780065,442.7795853887623,1494.3932821428778,3087.0959934391144,12327.42100895004,978.2876737395414,31.695849237906078,139.0963941836102,1184.3263280255524,214.59150689375844,858.3488870739748,7.1044555,0.0,0.7669624,0.11873441,0.0039264127,0.10786325,0.062384512,0.0,0.0025135332,0.99867916,0.0011959736,0.0010834938,2.311576E-5,1.01460944E-4,0.0,0.0,0.0,0.2373643520652618,0.0,0.20063793460641025,0.0,0.005089708840309461,0.013779423579981015,0.27174289746255514,0.0,0.102537777628784,0.24519831739429268,0.16283736725657086,9.189010795491904E-4,0.0,0.07752321935401685,0.19387141353987017,0.271394632893887,0.004594505397745953,0.02575738071109964,0.10291052075760951,0.12866790146870916,0.013779423579981015,0.00869483368606663,0.03445062604741958,0.04314545973348621,0.009521094637001359,11.490749,0.008233203319578978,649.0143845760815,58.411296932903646,0.016174342303511138,1.575,0.0,0.0,0.00957349265340188,0.0,0.0675766676109103,0.10446393628723137,0.2549363103671662,0.0,0.0,0.0,0.0,7.382746000827938,7.382746000827938,6.072837221145148,3.6680981139284246,-0.55609983,-0.5642629,-0.57217693,-0.57761127,0.0,0.5758575538171481,1.0738686981316286,2.705867753220119,0.0,-0.6017766286358909,-0.6196121482447473,-0.658206207530941,0.0,0.03217215028901895,0.042326055467128754,0.06958842352032661,0.0,0.0,0.0,0.0,0.0,0.0,0.0,0.0,0.0,0.0,0,0,0,0,0.0,0.0,0.0,0.0,0.0,0,0,0.9258702397346497,1.618511729088985E-4,0.009217560567776673,0.06250389820404978,0.05328633763627311
2012-07-20T15:30:00,2012,202,15,0,"9273d490-b46d-48de-afa3-955b5c30eb93",122.6250000782311,91.07002891310908,31.296272018440696,24.2352,0.6869000196456909,1057.6871,400.0,1.95,0.39,[0.13286894377794148],[-0.32580000000000015],-0.32580000000000015,9.860683525210785,15.1,0.29530984003311755,12,45,30.48768057731143,22.020845969555594,0.7206214526326222,1.1141873275178535,0.0,0.036473224938738606,0.26486221958295003,2.857319771001736,1.9662219849935767,29.466910698208817,3.0395543421472864,0.0026929122003925806,4.153378306581655,-0.5527317392590092,-0.6207282,132.48142419787806,0.19823342991042503,40192.664090783095,15123.13505347754,17943.399314956718,0.0,5093.034478698949,444.35514851373597,1494.420814426703,3087.396622042145,12328.219124881995,1000.4120152800363,31.703785716637782,139.10547994652305,1184.4089692856114,214.60630691782347,858.4073960131986,7.1380463,0.0,0.7657349,0.119311795,0.003959257,0.1084856,0.06256199,0.0,0.0025084275,0.9986969,0.0011798651,0.0010688987,2.280838E-5,1.00093974E-4,0.0,0.0,0.0,0.23803533488182074,0.0,0.20119740025794025,0.0,0.005115730132709577,0.01381693370502486,0.2744777230012848,0.0,0.10370127285061112,0.24596336452649906,0.1643861855707249,9.244120349155253E-4,0.0,0.0779898192719538,0.1950382903037598,0.2730281095757136,0.004622060174577627,0.02582884856205059,0.10319371750394699,0.12902256606599757,0.01381693370502486,0.008973080691598015,0.03554661292011065,0.04451969361170867,0.009822365746937286,13.401666,0.008412803116317666,649.5112684278339,58.45601648133836,0.016159945679658956,1.575,0.0,0.0,0.009782329635544842,0.0,0.03325962641590712,0.07844561020054339,0.2788902694160474,0.0,0.0,0.0,0.0,7.382746000827938,7.382746000827938,6.072837221145148,3.6680981139284246,-0.5662911,-0.5761091,-0.58593667,-0.59264445,0.0,0.16564602176514628,0.8907190670346987,3.9069698972977376,0.0,-0.5761565136217182,-0.5954409379551403,-0.6509666952016291,0.0,0.023760000243782997,0.03582430025562644,0.09132240116596221,0.0,0.0,0.0,0.0,0.0,0.0,0.0,0.0,0.0,0.0,0,0,0,0,0.0,0.0,0.0,0.0,0.0,0,0,0.9258702397346497,1.6185119232400041E-4,0.009136359592957888,0.06449383822106719,0.0553574786281093
2012-07-20T16:30:00,2012,202,16,0,"9273d490-b46d-48de-afa3-955b5c30eb93",122.66666674613953,91.11139936073826,31.870367841036128,23.7783,0.6908000111579895,764.2765,400.0,2.21,0.53,[0.13343728613137745],[-0.31920000000000004],-0.31920000000000004,10.031186238016746,15.1,0.29530984003311755,12,45,24.48069148687609,17.644569884577418,0.8007799365437798,1.2697933290676393,0.0,0.12361049109215316,0.24261988310606253,2.497046619653702,1.8180738292904728,25.13924118671473,2.759922495967213,0.002530187917258152,3.6458195771242368,-0.540943438900173,-0.6284167,132.77180268037742,0.19836271901007807,40249.3056480738,15163.669020430632,17944.957361488614,0.0,5105.98188170948,445.9304216457529,1494.447684138788,3087.6951773252613,12329.01058329258,1018.2196005069195,31.711517043463356,139.11427297295324,1184.4890121560202,214.6206444409372,858.4640646255882,7.127071,0.0,0.7656715,0.11949622,0.003911943,0.10841583,0.062247943,0.0,0.0025045357,0.99874306,0.0011380843,0.001031046,2.2004679E-5,9.6549076E-5,0.0,0.0,0.0,0.23733420676046815,0.0,0.20059703955218644,0.0,0.0051123800368373185,0.013774783693164592,0.2746178395445976,0.0,0.10383715269470009,0.24556482277028405,0.16440300368036417,9.206871079714055E-4,0.0,0.07767722276441362,0.1942565391482326,0.27193376191264623,0.004603435539857028,0.025751406392698507,0.102881981968415,0.12863338836111352,0.013774783693164592,0.008683842734339416,0.03439449853545239,0.043078341269791806,0.009502476385564822,12.452643,0.008283988042580239,650.0177848242456,58.50160295882686,0.016149788781644567,1.575,0.0,0.0,0.009632544659490622,0.0,0.11293879490063914,0.14564066380858826,0.25520064105060475,0.0,0.0,0.0,0.0,7.382746000827938,7.382746000827938,6.072837221145148,3.6680981139284246,-0.55356675,-0.5624563,-0.57070655,-0.5762155,0.0,1.0868081350626444,1.4269656268553261,2.569719807775287,0.0,-0.5952909005031558,-0.6134131561171199,-0.6473996867871286,0.0,0.044263831029335655,0.048881128430366516,0.06859762445092202,0.0,0.0,0.0,0.0,0.0,0.0,0.0,0.0,0.0,0.0,0,0,0,0,0.0,0.0,0.0,0.0,0.0,0,0,0.9258702397346497,1.6185121134718302E-4,0.008799320959951729,0.06240693673380776,0.05360761577385603
2012-07-20T17:30:00,2012,202,17,0,"9273d490-b46d-48de-afa3-955b5c30eb93",122.70833341404796,91.15190717856332,32.393163692747436,22.5471,0.6858999729156494,220.3936,400.0,2.3,0.64,[0.1338773526144781],[-0.31420000000000003],-0.31420000000000003,10.163206188192946,15.1,0.29530984003311755,12,45,7.90440930141429,5.846940667273586,0.8966241875234001,1.4738632930845303,0.0,0.19740773232646264,0.24288712528536985,0.5827999860048294,0.40434718807634734,5.59218989829808,1.3101101610613195,0.0011856911953130572,1.8738769551063914,-0.4867088004780593,-0.5906477,134.2334744146291,0.19874070590746173,40261.45350723323,15159.771047231055,17946.47797421376,0.0,5118.933285200991,447.4791388800537,1494.4727850739584,3087.985801333324,12329.778464679932,1016.5071234122421,31.718632591795224,139.12231867203755,1184.5623869700557,214.63379165525828,858.5160189019398,7.100011,0.0,0.7688271,0.11803295,0.003782751,0.10686397,0.06104761,0.0,0.0024932255,0.99886256,0.0010302615,9.3336275E-4,1.9923451E-5,8.740157E-5,0.0,0.0,0.0,0.2353985461735869,0.0,0.1989533310704622,0.0,0.005082292871164115,0.013660993365393831,0.2703864367855496,0.0,0.10228273192696294,0.24564069724505663,0.16174281729067042,9.022054069151373E-4,0.0,0.07611957797124744,0.19036114986105587,0.2664807278323033,0.004511027034575688,0.025540020449454772,0.10203512694737783,0.1275751473968326,0.013660993365393831,0.007940049417469728,0.03144278292931442,0.03938283234678415,0.00868555285209934,7.596663,0.007886301391581512,650.5334713389582,58.54801474699522,0.016157724440377833,1.575,0.0,0.0,0.009170118300768438,0.0,0.18109168397270742,0.2053723044259109,0.25540097520984584,0.0,0.0,0.0,0.0,7.382746000827938,7.382746000827938,6.072837221145148,3.6680981139284246,-0.4946028,-0.49958363,-0.5042042,-0.50753313,0.0,0.2878823967321629,0.33732268834368184,0.5278456626689904,0.0,-0.5730050700861556,-0.5844918025887111,-0.5985678178429559,0.0,0.026640329509973526,0.025965527165681124,0.030795952677726744,0.0,0.0,0.0,0.0,0.0,0.0,0.0,0.0,0.0,0.0,0,0,0,0,0.0,0.0,0.0,0.0,0.0,0,0,0.9258702397346497,1.6185122924704568E-4,0.007935391997307306,0.057053919606554454,0.04911852760924715
2012-07-20T18:30:00,2012,202,18,0,"9273d490-b46d-48de-afa3-955b5c30eb93",122.75000008195639,91.19119187927367,32.869563684947174,21.4336,0.7196999788284302,133.7781,400.0,2.39,0.73,[0.13416344408881328],[-0.3110000000000001],-0.3110000000000001,10.249033633903974,15.1,0.29530984003311755,12,45,3.535692111577081,2.4646491719337003,0.6607382134252693,1.023522938330838,0.0,0.034697510862957415,0.24240897702409084,-0.05726954403022925,-0.09621002890486714,-0.5929830958917195,0.8998598078725297,0.0,1.1849061865995478,-0.4504684488293306,-0.5182326,76.20257995759543,0.1930758023599834,40255.48343297492,15138.792439030085,17947.925831649496,0.0,5131.774033737573,448.1761534574552,1494.4957005383906,3088.261687181056,12330.503928455631,1007.2906962633172,31.725138747714453,139.12950052399984,1184.6261549892567,214.64518524482304,858.5610060698264,8.381214,0.21486421,0.64573497,0.04662434,0.0030754935,0.08760477,0.04984681,0.0,0.0020962406,0.99892503,9.729213E-4,8.8141434E-4,1.8817647E-5,8.253681E-5,0.0,0.0,0.0,2.0344862473622336,1.8008228348712243,0.1974793557912541,0.0,0.0050561384444730234,0.013558877592560333,0.17728913410124836,0.0,0.09855363776790955,0.2435419779595247,0.07245896711401884,8.644852646638178E-4,0.0,0.07293870610744979,0.1824063666647687,0.2553450727722185,0.00432242632331909,0.025350418129187622,0.10127540661649975,0.12662582474568737,0.013558877592560333,0.007219919885985024,0.02858594207770135,0.035805861963686375,0.007895064062635284,6.453621,0.007459324905459143,651.0578314876635,58.59520716225396,0.01617314651236694,1.575,0.0,0.0,0.00867363399272916,0.0,0.03178815377221482,0.07336138642708052,0.2547657840594646,0.0,0.0,0.0,0.0,7.382746000827938,7.382746000827938,6.072837221145148,3.6680981139284246,-0.45703605,-0.46096694,-0.46481538,-0.46775934,0.0,-0.35806384943404135,-0.2422107558467305,0.177702844966128,0.0,-0.5058294039284749,-0.5130292608373596,-0.5246209847053344,0.0,0.023760000243782997,0.023760000243782997,0.023760000243782997,0.0,0.0,0.0,0.0,0.0,0.0,0.0,0.0,0.0,0.0,0,0,0,0,0.0,0.0,0.0,0.0,0.0,0,0,0.9258702397346497,1.6185123886917633E-4,0.008846000284393085,0.05188180305310781,0.04303580276871472
2012-07-20T19:30:00,2012,202,19,0,"9273d490-b46d-48de-afa3-955b5c30eb93",122.79166674986482,91.2293024205629,33.31100539299859,20.5946,0.7264999747276306,72.9873,400.0,2.49,0.76,[0.13451694773400247],[-0.3071000000000001],-0.3071000000000001,10.35508473167482,15.1,0.29530984003311755,12,45,2.6252092483580145,1.9431357521184704,0.89920069942237,1.4790516463659278,0.0,0.19948627748189451,0.24312572512437425,-0.08712486876174808,-0.07357545954789237,-0.8054720240543357,0.8322174751932098,0.0,1.038414035451751,-0.4359835734956556,-0.47757545,118.18004227158896,0.19509885639869734,40251.251967201446,15120.075458492016,17949.338637647525,0.0,5144.6806533566,448.3203022837606,1494.5176428980549,3088.5301754705984,12331.209506832132,999.0678586982866,31.73129379014912,139.13631921145355,1184.6873523876718,214.65613367312034,858.604236700033,7.2091684,0.12570626,0.7545677,0.013907031,0.0034869884,0.09990879,0.056662384,0.0,0.0024232476,0.9989049,9.91817E-4,8.985317E-4,1.9186018E-5,8.4139625E-5,0.0,0.0,0.0,1.138602743985857,0.9062375710095135,0.19637998060729323,0.0,0.0050330664974205155,0.013482525924829283,0.11725472262044843,0.0,0.0964793411423345,0.24479131117894162,0.014493252824077527,8.423217389488281E-4,0.0,0.07107022415362527,0.1777336309409286,0.24880385509455386,0.004211608694744141,0.025208907768193952,0.10070791976616243,0.12591682753435637,0.013482525924829283,0.00680993141823444,0.026958054861178093,0.033767986279412535,0.0074441531536458124,6.4586334,0.0071966841096988395,651.590559874074,58.643152718936086,0.016188081811840775,1.575,0.0,0.0,0.008368237705148657,0.0,0.18425739748169737,0.20606415783468557,0.2557286383707556,0.0,0.0,0.0,0.0,7.382746000827938,7.382746000827938,6.072837221145148,3.6680981139284246,-0.44232845,-0.44605365,-0.4496109,-0.45234016,0.0,-0.11326867714410867,-0.08710646106865769,-0.03893472777355034,0.0,-0.468346933591724,-0.4744426843734256,-0.4816238357263063,0.0,0.023760000243782997,0.023760000243782997,0.023760000243782997,0.0,0.0,0.0,0.0,0.0,0.0,0.0,0.0,0.0,0.0,0,0,0,0,0.0,0.0,0.0,0.0,0.0,0,0,0.9258702397346497,1.6185125040724037E-4,0.007756760318443412,0.04892677647251034,0.04117001615406693
2012-07-20T20:30:00,2012,202,20,0,"9273d490-b46d-48de-afa3-955b5c30eb93",122.83333341777325,91.26536938596885,33.70188042626419,19.381,0.7669000029563904,33.3804,400.0,2.52,0.73,[0.13476486219800193],[-0.30440000000000006],-0.30440000000000006,10.429459073830031,15.1,0.29530984003311755,12,45,0.0,0.0,0.0,0.0,0.0,0.0,0.0,-0.44117699563503265,-0.44117699563503265,0.0,0.29530984003311755,0.0,0.4429647757177188,-0.34993050734578307,-0.47757545,56.50292357057337,0.18826117656969388,40244.18829050481,15098.948808466164,17950.64792025106,0.0,5157.38182078565,448.3532138147342,1494.5372567583697,3088.7782352762683,12331.858351296845,989.786393073932,31.73681338062851,139.14228508183584,1184.7388135606589,214.66530054626412,858.6403904656427,9.020046,0.32149696,0.5934796,0.0045981025,0.0026587949,0.07584567,0.042922966,0.0,0.0019209116,0.9989955,9.097708E-4,8.242014E-4,1.7601398E-5,7.717913E-5,0.0,0.0,0.0,3.1304014345214743,2.8999173306972788,0.19479148334637686,0.0,0.004993291766521266,0.013372618050189881,0.09949264394846126,0.0,0.09041528507439164,0.24089463548433285,0.0029389029370362496,7.852418151593068E-4,0.0,0.06625552584983084,0.1656929781908427,0.23194850404067352,0.003926209075796535,0.025004612160548917,0.09988970944781009,0.124894321608359,0.013372618050189881,0.0061162661544756055,0.024208049447055277,0.03032431560153088,0.006683624561582031,6.487465,0.006698996468046337,652.1310777916041,58.69179933344684,0.016204354106589533,1.575,0.0,0.0,0.007789531119618495,0.0,0.0,0.0,0.0,0.0,0.0,0.0,0.0,7.382746000827938,7.382746000827938,6.072837221145148,3.6680981139284246,-0.35476536,-0.35727152,-0.35982516,-0.36202058,0.0,0.0,0.0,0.0,0.0,-0.468346933591724,-0.4744426843734256,-0.4816238357263063,0.0,0.023760000243782997,0.023760000243782997,0.023760000243782997,0.0,0.0,0.0,0.0,0.0,0.0,0.0,0.0,0.0,0.0,0,0,0,0,0.0,0.0,0.0,0.0,0.0,0,0,0.9258702397346497,1.6185125284864569E-4,0.008902331159333698,0.04394718228344953,0.03504485112411583
2012-07-20T21:30:00,2012,202,21,0,"9273d490-b46d-48de-afa3-955b5c30eb93",122.87500008568168,91.30008063385867,34.06338459442209,18.6761,0.7893999814987183,6.9626,400.0,2.79,0.64,[0.13506213717008875],[-0.30120000000000013],-0.30120000000000013,10.518641568999868,15.1,0.29530984003311755,12,45,0.0,0.0,0.0,0.0,0.0,0.0,0.0,-0.42129185795783997,-0.42129185795783997,0.0,0.29530984003311755,0.0,0.4429647757177188,-0.346752443314536,-0.47757545,56.81189957326913,0.18804276505947753,40237.18422814769,15077.889169109976,17951.90896181447,0.0,5170.14705979873,448.3638512324533,1494.5559178502199,3089.016516697904,12332.481147692877,980.5343669123513,31.742039148847077,139.14792813215584,1184.7874299589662,214.673960332759,858.674535948411,8.99107,0.3197622,0.5983957,0.0032490885,0.0026041546,0.07407095,0.041835703,0.0,0.0019179329,0.99903893,8.7102957E-4,7.891031E-4,1.6854066E-5,7.389253E-5,0.0,0.0,0.0,3.1044087236753053,2.8750041896184997,0.19388088511294627,0.0,0.004970065974238221,0.013309313939615304,0.0941655649198142,0.0,0.08736115335915484,0.2421098388084356,6.688401745505297E-4,7.553527459213914E-4,0.0,0.06373485208120969,0.15938922952495213,0.22312408160616182,0.003776763729606958,0.02488735030311448,0.09941933589319131,0.12430668619630579,0.013309313939615304,0.005792785997795664,0.02292416398043081,0.028716949978226474,0.0063280600594629996,6.484301,0.0064483501097738795,652.6790937909872,58.74112077535118,0.016220794429606465,1.575,0.0,0.0,0.007498081852986512,0.0,0.0,0.0,0.0,0.0,0.0,0.0,0.0,7.382746000827938,7.382746000827938,6.072837221145148,3.6680981139284246,-0.3515862,-0.35409153,-0.35664448,-0.35883957,0.0,0.0,0.0,0.0,0.0,-0.468346933591724,-0.4744426843734256,-0.4816238357263063,0.0,0.023760000243782997,0.023760000243782997,0.023760000243782997,0.0,0.0,0.0,0.0,0.0,0.0,0.0,0.0,0.0,0.0,0,0,0,0,0.0,0.0,0.0,0.0,0.0,0,0,0.9258702397346497,1.6185125493668786E-4,0.008495834787026979,0.04161854206830767,0.033122707281280694
2012-07-20T22:30:00,2012,202,22,0,"9273d490-b46d-48de-afa3-955b5c30eb93",122.9166667535901,91.33423627338426,34.413509599770364,18.403,0.79830002784729,2.0737,400.0,3.02,0.53,[0.1351558160642324],[-0.3002000000000002],-0.3002000000000002,10.546745238359707,15.1,0.29530984003311755,12,45,0.0,0.0,0.0,0.0,0.0,0.0,0.0,-0.41380608081817627,-0.41380608081817627,0.0,0.29530984003311755,0.0,0.4429647757177188,-0.34556862869399696,-0.47757545,56.642700624484924,0.1878577522803785,40230.21650990808,15056.92120655826,17953.151994886666,0.0,5182.879629782256,448.3702091193364,1494.5742033052522,3089.250764656225,12333.09321821544,971.3226166633353,31.7471529455949,139.1534463792579,1184.8349227006934,214.682419791068,858.707883798988,8.951814,0.31933606,0.59948164,0.0029858756,0.002590871,0.07368277,0.041517705,0.0,0.0019227872,0.9990478,8.6197915E-4,7.80903E-4,1.6681006E-5,7.312471E-5,0.0,0.0,0.0,3.0876343408834797,2.8586370427060768,0.19353857206407418,0.0,0.004961243299171801,0.01328504985581392,0.09265674134169827,0.0,0.08630174022681962,0.24149022694914168,2.456007058304514E-4,7.429509212894922E-4,0.0,0.06268958084277482,0.15677519343780252,0.21946477428057734,0.003714754606447462,0.02484303716778479,0.09924048901930599,0.12408352618709079,0.01328504985581392,0.005671124261844039,0.02243935578049597,0.02811048004234001,0.006193191785854356,6.5105667,0.006347432785451758,653.2344905264921,58.79110648353287,0.016237409270855166,1.575,0.0,0.0,0.007380736121866124,0.0,0.0,0.0,0.0,0.0,0.0,0.0,0.0,7.382746000827938,7.382746000827938,6.072837221145148,3.6680981139284246,-0.35040194,-0.35290694,-0.35545966,-0.3576546,0.0,0.0,0.0,0.0,0.0,-0.468346933591724,-0.4744426843734256,-0.4816238357263063,0.0,0.023760000243782997,0.023760000243782997,0.023760000243782997,0.0,0.0,0.0,0.0,0.0,0.0,0.0,0.0,0.0,0.0,0,0,0,0,0.0,0.0,0.0,0.0,0.0,0,0,0.9258702397346497,1.6185125680036067E-4,0.008370884388568811,0.040740354882192575,0.032369470493623764
2012-07-20T23:30:00,2012,202,23,0,"9273d490-b46d-48de-afa3-955b5c30eb93",122.95833342149854,91.36612160289744,34.72005542278452,17.3571,0.8432999849319458,2.0057,400.0,2.94,0.39,[0.13512767300198691],[-0.30050000000000004],-0.30050000000000004,10.538302319350567,15.1,0.29530984003311755,12,45,0.0,0.0,0.0,0.0,0.0,0.0,0.0,-0.38622672855854034,-0.38622672855854034,0.0,0.29530984003311755,0.0,0.4429647757177188,-0.3456711350960244,-0.47757545,57.10314086591905,0.18779395114071032,40223.31541964783,15036.13016153911,17954.313973191027,0.0,5195.58591442015,448.37497495025684,1494.5911313617567,3089.4691986396556,12333.663667051176,962.1885907101658,31.751867098222984,139.1585323112637,1184.8786863311325,214.6902156005795,858.7386091012099,8.875723,0.31857073,0.60337275,0.002805369,0.0025202148,0.07080534,0.039882623,0.0,0.0019255962,0.9991127,8.0341904E-4,7.2785007E-4,1.5549633E-5,6.815683E-5,0.0,0.0,0.0,3.054944031250077,2.8275456154535785,0.192189117224344,0.0,0.0049265723818773845,0.013191667148322423,0.0871014489098316,0.0,0.08088027116243035,0.24099169019729147,1.7233930891547052E-4,6.934675452126298E-4,0.0,0.05851528187488291,0.14633603071209242,0.20485131258697534,0.0034673377260631497,0.024669449296764234,0.09854525096572347,0.12321470026248771,0.013191667148322423,0.005230044769901499,0.02069106884949882,0.02592111361940032,0.005709723315828677,6.5390415,0.005981679399342636,653.7968427034651,58.84171818147158,0.016254175864978695,1.575,0.0,0.0,0.006955441468138125,0.0,0.0,0.0,0.0,0.0,0.0,0.0,0.0,7.382746000827938,7.382746000827938,6.072837221145148,3.6680981139284246,-0.35050443,-0.35300946,-0.35556218,-0.35775715,0.0,0.0,0.0,0.0,0.0,-0.468346933591724,-0.4744426843734256,-0.4816238357263063,0.0,0.023760000243782997,0.023760000243782997,0.023760000243782997,0.0,0.0,0.0,0.0,0.0,0.0,0.0,0.0,0.0,0.0,0,0,0,0,0.0,0.0,0.0,0.0,0.0,0,0,0.9258702397346497,1.6185125848704448E-4,0.007735860017419327,0.0375678788877868,0.029832018870367474
2012-07-21T00:30:00,2012,203,0,0,"9273d490-b46d-48de-afa3-955b5c30eb93",123.00000008940697,91.39149816434887,34.91697626065141,14.7261,0.9793000221252441,0.009,400.0,4.25,0.48,[0.13530648630453787],[-0.29860000000000003],-0.29860000000000003,10.591946312247474,15.1,0.29530984003311755,12,45,0.0,0.0,0.0,0.0,0.0,0.0,0.0,-0.32398709654808044,-0.32398709654808044,0.0,0.29530984003311755,0.0,0.4429647757177188,-0.34361533365186636,-0.47757545,59.12617400688478,0.18804840827665537,40216.54134011159,15015.733121584213,17955.24326493198,0.0,5208.262795075528,448.3780549565149,1494.6048414098057,3089.643492806421,12334.119449209478,953.2276610337472,31.75570588544307,139.1626919783955,1184.9146740816343,214.69663169457573,858.7638962687088,8.705973,0.31782869,0.6137139,0.0024285174,0.0023387452,0.061761655,0.035052147,0.0,0.001928505,0.99928963,6.43844E-4,5.83284E-4,1.231579E-5,5.3976266E-5,0.0,0.0,0.0,2.990408688260141,2.76700777374816,0.18881228469804046,0.0,0.004839926626487662,0.012959190681840704,0.07068574647710156,0.0,0.06459267638771116,0.24043400432394071,1.9859379957315096E-4,5.51498415951904E-4,0.0,0.04656860900729457,0.11645958159102308,0.16302819059831766,0.0027574920797595204,0.024235649186434643,0.09681073593182098,0.12104638511825562,0.012959190681840704,0.004255436822590627,0.01683302763798752,0.021088464460578146,0.004644369698146506,6.5616555,0.005072944593369723,654.3650936534808,58.89286076900521,0.016271043502212444,1.575,0.0,0.0,0.005898773042595448,0.0,0.0,0.0,0.0,0.0,0.0,0.0,0.0,7.382746000827938,7.382746000827938,6.072837221145148,3.6680981139284246,-0.3484479,-0.3509524,-0.3535047,-0.35569942,0.0,0.0,0.0,0.0,0.0,-0.468346933591724,-0.4744426843734256,-0.4816238357263063,0.0,0.023760000243782997,0.023760000243782997,0.023760000243782997,0.0,0.0,0.0,0.0,0.0,0.0,0.0,0.0,0.0,0.0,0,0,0,0,0.0,0.0,0.0,0.0,0.0,0,0,0.9304812550544739,1.5767711553151112E-4,0.006075205343222478,0.030563978150813787,0.02448877280759131
2012-07-21T01:30:00,2012,203,1,0,"9273d490-b46d-48de-afa3-955b5c30eb93",123.0416667573154,91.41558143222818,35.09364292304641,14.24,0.9710999727249146,0.0496,400.0,4.35,0.52,[0.1353821862977305],[-0.2978000000000002],-0.2978000000000002,10.614656311107677,15.1,0.29530984003311755,12,45,0.0,0.0,0.0,0.0,0.0,0.0,0.0,-0.3135269731283188,-0.3135269731283188,0.0,0.29530984003311755,0.0,0.4429647757177188,-0.34266980262490254,-0.47757545,59.169312508628956,0.18794686852475456,40209.808950951694,14995.480776017956,17956.12822937456,0.0,5220.880984534617,448.38167915156873,1494.6180217470317,3089.8091439902705,12334.55298918252,944.330299220316,31.75941408618801,139.1667186094171,1184.9495321609916,214.7028477026766,858.7883916334797,8.644064,0.31784913,0.6152476,0.0024175423,0.0023169373,0.060232837,0.034214236,0.0,0.0019359394,0.9993089,6.259661E-4,5.670872E-4,1.1974895E-5,5.2477455E-5,0.0,0.0,0.0,2.970187316655123,2.7475082452022495,0.1882035764085982,0.0,0.00482425269680121,0.012916858362930697,0.06760033065990623,0.0,0.0614734617326015,0.2393208472527755,2.853574432349522E-4,5.232704340080928E-4,0.0,0.044185543404856586,0.11049996748206953,0.15468551088692611,0.0026163521700404645,0.024157237164045078,0.09649620127413122,0.1206534384381763,0.012916858362930697,0.004119107981571923,0.016291984570694626,0.02041109255226655,0.004494544438473265,6.5829325,0.004900865467418747,654.9390432845233,58.944516237851644,0.01628804165877595,1.575,0.0,0.0,0.0056986810268695775,0.0,0.0,0.0,0.0,0.0,0.0,0.0,0.0,7.382746000827938,7.382746000827938,6.072837221145148,3.6680981139284246,-0.347502,-0.35000625,-0.35255834,-0.354753,0.0,0.0,0.0,0.0,0.0,-0.468346933591724,-0.4744426843734256,-0.4816238357263063,0.0,0.023760000243782997,0.023760000243782997,0.023760000243782997,0.0,0.0,0.0,0.0,0.0,0.0,0.0,0.0,0.0,0.0,0,0,0,0,0.0,0.0,0.0,0.0,0.0,0,0,0.9304812550544739,1.576771176472389E-4,0.0058644987184379715,0.029580158535964806,0.023715659817526834
2012-07-21T02:30:00,2012,203,2,0,"9273d490-b46d-48de-afa3-955b5c30eb93",123.08333342522383,91.43912476573372,35.26194292094137,14.0392,0.9736999869346619,0.3021,400.0,4.27,0.6,[0.13580295788805027],[-0.2934000000000001],-0.2934000000000001,10.740887793219597,15.1,0.29530984003311755,12,45,0.0,0.0,0.0,0.0,0.0,0.0,0.0,-0.3092952370643616,-0.3092952370643616,0.0,0.29530984003311755,0.0,0.4429647757177188,-0.3381507592186025,-0.47757545,53.735117591592136,0.1851097701651634,40203.10465661352,14975.394009625837,17956.987590787146,0.0,5233.387642967904,448.38538241097785,1494.630772749998,3089.969664660528,12334.972584034529,935.5056804783587,31.763035120347176,139.17060612764126,1184.9825089453316,214.70871521192953,858.8114979338991,8.573888,0.31881097,0.6148007,0.0024120293,0.0023133361,0.05971384,0.033903588,0.0,0.0019491331,0.9992477,6.827625E-4,6.185407E-4,1.3062564E-5,5.7238904E-5,0.0,0.0,0.0,2.9558372092686227,2.7334494780806025,0.18795864594267353,0.0,0.00481791331774095,0.012899522440915745,0.06599082134121055,0.0,0.05989830807957765,0.23720551211087898,3.130666692813622E-4,5.082129898875704E-4,0.0,0.04291452427759796,0.10732137854614276,0.15023590282374072,0.0025410649494378526,0.024125529995414858,0.09636830733238483,0.12049383732779968,0.012899522440915745,0.004027562074623167,0.015928255732337807,0.019955817806960974,0.004393698385772319,6.6003942,0.004814463943298619,655.5185911296998,58.99667554599014,0.016305173362323032,1.575,0.0,0.0,0.005598214133936212,0.0,0.0,0.0,0.0,0.0,0.0,0.0,0.0,7.382746000827938,7.382746000827938,6.072837221145148,3.6680981139284246,-0.34298146,-0.34548452,-0.34803566,-0.35022983,0.0,0.0,0.0,0.0,0.0,-0.468346933591724,-0.4744426843734256,-0.4816238357263063,0.0,0.023760000243782997,0.023760000243782997,0.023760000243782997,0.0,0.0,0.0,0.0,0.0,0.0,0.0,0.0,0.0,0.0,0,0,0,0,0.0,0.0,0.0,0.0,0.0,0,0,0.9304812550544739,1.5767711718972762E-4,0.006344695699226577,0.028923285048307403,0.022578589349080826
2012-07-21T03:30:00,2012,203,3,0,"9273d490-b46d-48de-afa3-955b5c30eb93",123.12500009313226,91.46258447543727,35.42895124640913,14.0082,0.9628999829292297,0.3684,400.0,4.45,0.72,[0.13631013415767365],[-0.28820000000000007],-0.28820000000000007,10.893040680152623,15.1,0.29530984003311755,12,45,0.0,0.0,0.0,0.0,0.0,0.0,0.0,-0.3086465150117874,-0.3086465150117874,0.0,0.29530984003311755,0.0,0.4429647757177188,-0.3328625307283194,-0.47757545,53.365018017596164,0.1848794742740704,40196.42454746277,14955.36470881968,17957.844926437683,0.0,5245.863013935585,448.38917108390126,1494.6434711703891,3090.1295081924804,12335.390369835259,926.706307805232,31.766644532625417,139.17447754159005,1185.0152963677579,214.71454833302852,858.8344645416648,8.549441,0.3184578,0.6150163,0.0024215283,0.002316869,0.05983324,0.033919558,0.0,0.0019542964,0.99924034,6.882982E-4,6.235552E-4,1.3169608E-5,5.7703E-5,0.0,0.0,0.0,2.9449883217893653,2.7226364118058495,0.18792963394434956,0.0,0.00481711349636188,0.01289702017578201,0.06591796290349133,0.0,0.05983046362007757,0.23661210346047068,3.233170854884295E-4,5.061354543593146E-4,0.0,0.042739517163195795,0.10688371533707215,0.14962323250026793,0.0025306772717965734,0.02412153693936888,0.09635115053896315,0.12047268747833204,0.01289702017578201,0.00401608396771868,0.015881270826201468,0.019897354793920147,0.004380239228961482,6.6133738,0.004797656383352005,656.103717645335,59.049336934489894,0.016322439745122774,1.575,0.0,0.0,0.005578670458719559,0.0,0.0,0.0,0.0,0.0,0.0,0.0,0.0,7.382746000827938,7.382746000827938,6.072837221145148,3.6680981139284246,-0.33769146,-0.34019315,-0.3427432,-0.3449368,0.0,0.0,0.0,0.0,0.0,-0.468346933591724,-0.4744426843734256,-0.4816238357263063,0.0,0.023760000243782997,0.023760000243782997,0.023760000243782997,0.0,0.0,0.0,0.0,0.0,0.0,0.0,0.0,0.0,0.0,0,0,0,0,0.0,0.0,0.0,0.0,0.0,0,0,0.9304812550544739,1.5767711653933688E-4,0.006377886333211791,0.028839057427669172,0.02246117109445738
2012-07-21T04:30:00,2012,203,4,0,"9273d490-b46d-48de-afa3-955b5c30eb93",123.16666676104069,91.48555459924191,35.58841791515798,13.8272,0.968999981880188,0.3351,400.0,4.12,0.89,[0.13707154426628881],[-0.2806000000000002],-0.2806000000000002,11.121463721813887,15.1,0.29530984003311755,12,45,0.0,0.0,0.0,0.0,0.0,0.0,0.0,-0.30488312244415283,-0.30488312244415283,0.0,0.29530984003311755,0.0,0.4429647757177188,-0.3252136546051837,-0.47757545,53.13251390864323,0.18466708658916237,40189.77418175729,14935.406022837142,17958.685774728365,0.0,5258.314310175912,448.3928762723314,1494.6559437839146,3090.285988200233,12335.799419683328,917.9379579898317,31.770199595680648,139.17828734794801,1185.0475139848636,214.72027947827917,858.8570255121901,8.519247,0.31799835,0.616005,0.0024017186,0.0023092374,0.059326895,0.033613514,0.0,0.0019588226,0.9992444,6.8565324E-4,6.211585E-4,1.3120129E-5,5.748127E-5,0.0,0.0,0.0,2.931196919550639,2.709106340764196,0.18771001943528764,0.0,0.004811428711539685,0.012881438259263415,0.06479073975065767,0.0,0.05872244484367735,0.23615549404227856,3.2506857125807765E-4,4.953264681160551E-4,0.0,0.041827186281463584,0.10460214030476458,0.14642932658622818,0.0024766323405802757,0.02409307762467891,0.09623627771397576,0.12032935533865467,0.012881438259263415,0.003957013858346329,0.015646122454966205,0.019603136313312536,0.004314892452029189,6.6205325,0.004729354754933816,656.6943434109272,59.102493255505436,0.016339836607218612,1.575,0.0,0.0,0.005499249957063545,0.0,0.0,0.0,0.0,0.0,0.0,0.0,0.0,7.382746000827938,7.382746000827938,6.072837221145148,3.6680981139284246,-0.33004007,-0.33253977,-0.3350882,-0.337281,0.0,0.0,0.0,0.0,0.0,-0.468346933591724,-0.4744426843734256,-0.4816238357263063,0.0,0.023760000243782997,0.023760000243782997,0.023760000243782997,0.0,0.0,0.0,0.0,0.0,0.0,0.0,0.0,0.0,0.0,0,0,0,0,0.0,0.0,0.0,0.0,0.0,0,0,0.9304812550544739,1.5767711572192697E-4,0.006330952684947988,0.028413109170120705,0.022082156485172717
2012-07-21T05:30:00,2012,203,5,0,"9273d490-b46d-48de-afa3-955b5c30eb93",123.20833342894912,91.50784668062414,35.737492911144855,13.5778,0.9739000201225281,0.4723,400.0,4.11,1.11,[0.1378161259524934],[-0.2734],-0.2734,11.34483823655137,15.1,0.29530984003311755,12,45,0.0,0.0,0.0,0.0,0.0,0.0,0.0,-0.2997650057077408,-0.2997650057077408,0.0,0.29530984003311755,0.0,0.4429647757177188,-0.3180040051030459,-0.47757545,42.14838218571118,0.17787448215631357,40183.14947093137,14915.736468293306,17959.484520206144,0.0,5270.545280967884,448.396306828565,1494.6676428073936,3090.4342729906525,12336.185484733367,909.2966308451294,31.77361384890835,139.18182761010647,1185.0755694758318,214.72523269560548,858.8764848810588,8.397386,0.3208604,0.613886,0.00237714,0.0023083873,0.058584217,0.033205304,0.0,0.0019838938,0.9990587,8.5360184E-4,7.733087E-4,1.6335247E-5,7.156114E-5,0.0,0.0,0.0,2.916114691637061,2.694388420196756,0.18740334396339658,0.0,0.004803513675207113,0.012859892762058024,0.0622177168616706,0.0,0.05626161935049387,0.2319767271008946,3.281422836598849E-4,4.7291684749697373E-4,0.0,0.03993520966724701,0.09987065068758068,0.13980586035482767,0.0023645842374848693,0.024053446958133506,0.09607679425821672,0.12013024121635023,0.012859892762058024,0.0038157093404501117,0.015085929309670312,0.018901638650120425,0.004159940109046667,6.6218853,0.0045865294152801555,657.2903023504929,59.156129562197656,0.016357361506120344,1.575,0.0,0.0,0.005333173973413008,0.0,0.0,0.0,0.0,0.0,0.0,0.0,0.0,7.382746000827938,7.382746000827938,6.072837221145148,3.6680981139284246,-0.32282808,-0.3253259,-0.3278728,-0.33006483,0.0,0.0,0.0,0.0,0.0,-0.468346933591724,-0.4744426843734256,-0.4816238357263063,0.0,0.023760000243782997,0.023760000243782997,0.023760000243782997,0.0,0.0,0.0,0.0,0.0,0.0,0.0,0.0,0.0,0.0,0,0,0,0,0.0,0.0,0.0,0.0,0.0,0,0,0.9304812550544739,1.5767710801051408E-4,0.007768958879751153,0.0274027463514221,0.019633787471670945
2012-07-21T06:30:00,2012,203,6,0,"9273d490-b46d-48de-afa3-955b5c30eb93",123.25000009685755,91.52982900323859,35.881838755265015,13.4643,0.9728000164031982,1.1308,400.0,3.63,1.32,[0.1386716156181967],[-0.2654],-0.2654,11.601485146460586,15.1,0.29530984003311755,12,45,0.0,0.0,0.0,0.0,0.0,0.0,0.0,-0.2974614351987839,-0.2974614351987839,0.0,0.29530984003311755,0.0,0.4429647757177188,-0.3100367334360275,-0.47757545,41.96341921252441,0.17769428359619827,40176.55140809767,14896.136428486516,17960.273311004163,0.0,5282.743469689879,448.39974723836013,1494.679201982855,3090.5804503139693,12336.566077380623,900.6858432626179,31.776994860790246,139.1853300630629,1185.1032731013727,214.73012299472583,858.8956931105527,8.367681,0.32055837,0.61441404,0.0023720497,0.00230662,0.058359526,0.033051897,0.0,0.001989408,0.999058,8.539173E-4,7.7359384E-4,1.6342654E-5,7.158772E-5,0.0,0.0,0.0,2.903895995999887,2.682329934628245,0.1872691018606145,0.0,0.004800023466418616,0.012850205887937432,0.06155017814457989,0.0,0.05560803023033517,0.23135497127871943,3.347902589348726E-4,4.6613607133830746E-4,0.0,0.039362964723312285,0.09843956858841245,0.13780253331172473,0.0023306803566915378,0.024035948883002253,0.09600578874356085,0.1200417376265631,0.012850205887937432,0.003780015718410974,0.014943420055198093,0.018723435773609066,0.004120173120315825,6.616944,0.004542117969177943,657.8915428228132,59.21024120685669,0.016375012781465702,1.575,0.0,0.0,0.005281532754742337,0.0,0.0,0.0,0.0,0.0,0.0,0.0,0.0,7.382746000827938,7.382746000827938,6.072837221145148,3.6680981139284246,-0.3148582,-0.31735396,-0.3198992,-0.32209042,0.0,0.0,0.0,0.0,0.0,-0.468346933591724,-0.4744426843734256,-0.4816238357263063,0.0,0.023760000243782997,0.023760000243782997,0.023760000243782997,0.0,0.0,0.0,0.0,0.0,0.0,0.0,0.0,0.0,0.0,0,0,0,0,0.0,0.0,0.0,0.0,0.0,0,0,0.9304812550544739,1.5767710018893308E-4,0.007744370701402659,0.027144778005746065,0.019400407304343406
2012-07-21T07:30:00,2012,203,7,0,"9273d490-b46d-48de-afa3-955b5c30eb93",123.29166676476598,91.5539331822274,36.05883042192944,14.2478,0.9818999767303467,7.8847,400.0,3.75,1.47,[0.13996877114864875],[-0.25380000000000014],-0.25380000000000014,11.990631821059505,15.1,0.29530984003311755,12,45,0.0,0.0,0.0,0.0,0.0,0.0,0.0,-0.3136924058198929,-0.3136924058198929,0.0,0.29530984003311755,0.0,0.4429647757177188,-0.298515333163811,-0.47757545,41.12796386708821,0.17731815824493385,40169.945953591596,14876.48083489796,17961.13677821298,0.0,5294.913780777658,448.4037060208342,1494.6916061342713,3090.7401753004915,12336.981383629349,892.0506495146633,31.780590057150434,139.18904678153015,1185.1325483663477,214.73528838020235,858.9159762262193,8.39203,0.32013458,0.6112312,0.002514852,0.002365877,0.061759282,0.034743167,0.0,0.0019941789,0.998987,9.1784366E-4,8.3150616E-4,1.7567561E-5,7.694708E-5,0.0,0.0,0.0,2.9093324798548705,2.6865788358056157,0.18827401395451598,0.0,0.004825732465863421,0.012918689953893841,0.06708049761767385,0.0,0.061103287323471395,0.23082623464327542,3.370868184500142E-4,5.106515947907737E-4,0.0,0.043122451063062485,0.10784135323936996,0.15096380430243245,0.002553257973953869,0.024164660573289025,0.09651878788139237,0.1206834484546814,0.012918689953893841,0.004021562886083721,0.01589686458743652,0.01991842747352024,0.00438256200139028,6.6051946,0.004797783737883524,658.498362113679,59.26485494520477,0.016392811752210055,1.575,0.0,0.0,0.005578818545390634,0.0,0.0,0.0,0.0,0.0,0.0,0.0,0.0,7.382746000827938,7.382746000827938,6.072837221145148,3.6680981139284246,-0.3033331,-0.3058259,-0.30836874,-0.31055877,0.0,0.0,0.0,0.0,0.0,-0.468346933591724,-0.4744426843734256,-0.4816238357263063,0.0,0.023760000243782997,0.023760000243782997,0.023760000243782997,0.0,0.0,0.0,0.0,0.0,0.0,0.0,0.0,0.0,0.0,0,0,0,0,0.0,0.0,0.0,0.0,0.0,0,0,0.9304812550544739,1.5767709143454616E-4,0.008348320250661345,0.028877849148432055,0.02052952889777071
2012-07-21T08:30:00,2012,203,8,0,"9273d490-b46d-48de-afa3-955b5c30eb93",123.33333343267441,91.5810153127411,36.28303461123606,15.3809,0.9422000050544739,27.89,400.0,3.48,1.54,[0.14103731033312036],[-0.24470000000000014],-0.24470000000000014,12.311193589138968,15.1,0.29530984003311755,12,45,0.0,0.0,0.0,0.0,0.0,0.0,0.0,-0.3385719507932663,-0.3385719507932663,0.0,0.29530984003311755,0.0,0.4429647757177188,-0.2895264037884284,-0.47757545,40.07949430109328,0.17685349772752246,40163.31956650901,14856.71479263979,17962.105478078785,0.0,5307.06655691518,448.40822773185965,1494.7052657669215,3090.9189928976934,12337.445741451864,883.3669329043989,31.784517696184395,139.1930967361981,1185.1642784781795,214.74088359378072,858.9379399322868,8.440062,0.31956407,0.6068771,0.0026971754,0.0024494308,0.06641414,0.037062254,0.0,0.001998089,0.99888206,0.0010139653,9.185852E-4,1.9409053E-5,8.500559E-5,0.0,0.0,0.0,2.9216195248282744,2.697140692543002,0.18973344712847698,0.0,0.004863083590323377,0.013018305982813954,0.07481827949835779,0.0,0.06880598787485943,0.230493660848454,3.1713578538492064E-4,5.73074485925579E-4,0.0,0.04839431986621365,0.12102532896409858,0.16941964883031224,0.0028653724296278955,0.024351674617657085,0.09726454198035146,0.12161621659800854,0.013018305982813954,0.004396125522110518,0.017375732382280632,0.02177185790439115,0.004789668402115841,6.588741,0.005169506411321666,659.111192458776,59.32000967845515,0.01641077479582612,1.575,0.0,0.0,0.0060110542312020385,0.0,0.0,0.0,0.0,0.0,0.0,0.0,0.0,7.382746000827938,7.382746000827938,6.072837221145148,3.6680981139284246,-0.29434127,-0.2968318,-0.2993728,-0.30156186,0.0,0.0,0.0,0.0,0.0,-0.468346933591724,-0.4744426843734256,-0.4816238357263063,0.0,0.023760000243782997,0.023760000243782997,0.023760000243782997,0.0,0.0,0.0,0.0,0.0,0.0,0.0,0.0,0.0,0.0,0,0,0,0,0.0,0.0,0.0,0.0,0.0,0,0,0.9304812550544739,1.576770812683123E-4,0.009275403910578461,0.03156573708442703,0.02229033317384857
2012-07-21T09:30:00,2012,203,9,0,"9273d490-b46d-48de-afa3-955b5c30eb93",123.37500010058284,91.61206247224496,36.574422098430624,16.9933,0.9574999809265137,76.355,400.0,3.32,1.49,[0.14244537280476632],[-0.2333000000000001],-0.2333000000000001,12.73361234741817,15.1,0.29530984003311755,12,45,2.1428142632724922,1.5122894591882492,0.7015959214434195,1.100335028040257,0.0,0.03909273027563313,0.25934773551116336,-0.09667683179335047,-0.1096455704577745,-0.9709219218127867,0.10868268366977336,0.0,0.2953098400331175,-0.24980856446868996,-0.30109194,60.50933978167265,0.18061724758028322,40157.33295391158,14837.313686703932,17963.23321615617,0.0,5319.331804253249,448.4138038711022,1494.721199699623,3091.1267507255106,12337.986448492979,874.8435419456907,31.789028783873874,139.19784263539836,1185.2030414987548,214.74775355364488,858.9649371691278,7.341869,0.20241788,0.7041101,0.0034475576,0.0029916784,0.084710635,0.046845727,0.0,0.0023221602,0.99871045,0.0011690361,0.0010590679,2.2379545E-5,9.8006145E-5,0.0,0.0,0.0,1.7130793083930145,1.4861255164044473,0.1918267856279485,0.0,0.004916669997870795,0.013161340335878353,0.08599953304543578,0.0,0.07988542819818462,0.23262682766244688,2.815385115613369E-4,6.630812765243626E-4,0.0,0.055995809391732,0.14003525864176766,0.19603106803349968,0.0033154063826218135,0.024619998763209208,0.09833488812849651,0.12295488689170572,0.013161340335878353,0.005038144802273195,0.019911078975319525,0.02494922377759272,0.005487763914534273,6.584197,0.005741987945214746,659.7306995343357,59.37576531747106,0.01642864829423573,1.575,0.0,0.0,0.006676730462699976,0.0,0.036229987059549745,0.07976543632820794,0.27257821764585954,0.0,0.0,0.0,0.0,7.382746000827938,7.382746000827938,6.072837221145148,3.6680981139284246,-0.2538892,-0.2557882,-0.2578523,-0.25980216,0.0,-0.28459467812184175,-0.20969843423551804,0.07536618516286069,0.0,-0.29740090113469264,-0.29970490369806085,-0.30280368553464115,0.0,0.023760000243782997,0.023760000243782997,0.023760000243782997,0.0,0.0,0.0,0.0,0.0,0.0,0.0,0.0,0.0,0.0,0,0,0,0,0.0,0.0,0.0,0.0,0.0,0,0,0.9304812550544739,1.5767707519079681E-4,0.009302475438744295,0.036168220427548047,0.02686574498880375
2012-07-21T10:30:00,2012,203,10,0,"9273d490-b46d-48de-afa3-955b5c30eb93",123.41666676849127,91.64570138100223,36.91424710296331,18.1558,0.9502999782562256,91.9628,400.0,3.03,1.37,[0.14389817924854187],[-0.2222],-0.2222,13.169454297869635,15.1,0.29530984003311755,12,45,2.5532397281623984,1.8259866251104229,0.6940957996500754,1.0724170082298736,0.0,0.049022871873339924,0.2448243471107053,-0.06829925805019836,-0.08641625765868778,-0.6545040638506843,0.13624948521365549,0.0,0.2953098400331175,-0.24294302444523097,-0.26001516,63.17192193821234,0.180726724637489,40152.41432043403,14818.827942177519,17964.45976701856,0.0,5331.649068150208,448.41971438536547,1494.7385876384992,3091.3521134562357,12338.573227394292,866.7222921425957,31.793967445529237,139.20304146857228,1185.2455624938084,214.75529133300182,858.9945541158593,7.2595344,0.18455172,0.7151158,0.003676972,0.0031498596,0.09113862,0.050100293,0.0,0.0023670418,0.998578,0.0012894477,0.0011681513,2.4687346E-5,1.0810098E-4,0.0,0.0,0.0,1.5685200378378656,1.339759543035783,0.19335557918139612,0.0,0.004955771440140908,0.013265523931651965,0.09305920941739684,0.0,0.08693449201941755,0.23361339130414469,2.1468488596857547E-4,7.18623816363056E-4,0.0,0.060687213578839994,0.1517675974369817,0.2124548110158217,0.0035931190818152808,0.024815804913794412,0.09911533381317153,0.12393113872696594,0.013265523931651965,0.0055172297160950125,0.021801613326497132,0.027318843042592144,0.006007871174187289,6.5691395,0.00612863367965369,660.3573329284412,59.432162325181565,0.016446267157399243,1.575,0.0,0.0,0.007126318545787627,0.0,0.04470957813867232,0.0851107041472842,0.25770235257982355,0.0,0.0,0.0,0.0,7.382746000827938,7.382746000827938,6.072837221145148,3.6680981139284246,-0.24710362,-0.24906701,-0.25118303,-0.25315893,0.0,-0.2697601797538247,-0.1867788501970469,0.10388016962908168,0.0,-0.25675690961483855,-0.25877151612744675,-0.26157467196295014,0.0,0.023760000243782997,0.023760000243782997,0.023760000243782997,0.0,0.0,0.0,0.0,0.0,0.0,0.0,0.0,0.0,0.0,0,0,0,0,0.0,0.0,0.0,0.0,0.0,0,0,0.9304812550544739,1.5767706874988927E-4,0.010145531534362817,0.039603795447782746,0.02945826391341993
2012-07-21T11:30:00,2012,203,11,0,"9273d490-b46d-48de-afa3-955b5c30eb93",123.4583334363997,91.67928180470413,37.252922135181855,18.1282,0.9397000074386597,117.1696,400.0,3.01,1.22,[0.14551266824777728],[-0.2106],-0.2106,13.653801016886467,15.1,0.29530984003311755,12,45,3.6638660272773746,2.6556880158552283,0.7817441613006646,1.2077007649137927,0.0,0.10182356263549643,0.24246164786466515,0.10148924216628075,0.0482797243776442,0.9751794054613061,0.16564417095671227,0.0016353317271543828,0.29730306803682705,-0.2359220937581085,-0.25378814,123.33077852533323,0.1849406862562864,40153.553226277676,14806.258015189409,17965.704967750113,0.0,5344.089440350929,448.42520383369066,1494.7563602039527,3091.580405855922,12339.169097107286,861.2000089080074,31.7989555377628,139.20839505501377,1185.2910080562624,214.76338263528055,859.0263744781864,6.317168,0.053839408,0.83000714,0.004202348,0.0036316817,0.105599806,0.05788602,0.0,0.0027196414,0.9985816,0.0012857931,0.0011648389,2.4620318E-5,1.0779477E-4,0.0,0.0,0.0,0.5688465881752364,0.34011259113625913,0.19333506395600478,0.0,0.004955154201138058,0.013263346578167754,0.09410231010287459,0.0,0.08797804898385723,0.23594830501389774,1.5638382298790112E-4,7.245816290539468E-4,0.0,0.06119142648131682,0.153028538031764,0.2142199645130808,0.003622908145269735,0.02481272016226852,0.09910126617938883,0.12391398634165735,0.013263346578167754,0.0055628754839704975,0.021978882921626922,0.02754175840559742,0.006055688888230374,6.5420866,0.006154795318819914,660.9911230616045,59.48920343943287,0.016461584839994492,1.575,0.0,0.0,0.007156739057784848,0.0,0.09466604867659496,0.12681038869593977,0.2548943124374851,0.0,0.0,0.0,0.0,7.382746000827938,7.382746000827938,6.072837221145148,3.6680981139284246,-0.24016759,-0.24219958,-0.2443718,-0.24637733,0.0,-0.09224140776229643,-0.02235916291604925,0.18910351349656335,0.0,-0.25031003161150495,-0.2524759193344257,-0.2554458953957558,0.0,0.023760000243782997,0.023760000243782997,0.023760000243782997,0.0,0.0,0.0,0.0,0.0,0.0,0.0,0.0,0.0,0.0,0,0,0,0,0.0,0.0,0.0,0.0,0.0,0,0,0.9304812550544739,1.576770682419035E-4,0.008803515145700658,0.039922108257011875,0.031118593111311217
2012-07-21T12:30:00,2012,203,12,0,"9273d490-b46d-48de-afa3-955b5c30eb93",123.50000010430813,91.71467031935187,37.62878466532976,19.0207,0.9164999723434448,245.3992,400.0,2.46,1.14,[0.1473610247080407],[-0.1982000000000001],-0.1982000000000001,14.208307976999615,15.1,0.29530984003311755,12,45,7.812696410374858,5.79338690382624,0.7959170619112508,1.2473946827167757,0.0,0.11596922468811503,0.24259116015409443,0.6577507394055525,0.4305588449312485,6.298463591879402,0.32791448030044623,0.005335455812635914,0.4918373842796925,-0.24854164524185102,-0.2502456,179.83802898962676,0.18710466747589105,40167.6116925738,14806.470132174842,17967.031750856688,0.0,5356.583655934299,448.4314114414856,1494.7755053204812,3091.823033303075,12339.803506238519,861.2931972036531,31.8043296021658,139.21421456978328,1185.3412201559527,214.77233952915145,859.0616085591319,6.033497,0.0,0.872792,0.0045957137,0.003928125,0.115819395,0.06318318,0.0,0.0028647566,0.9985207,0.0013417075,0.0012154921,2.5694013E-5,1.12482376E-4,0.0,0.0,0.0,0.2301358972112502,0.0,0.19452194257190802,0.0,0.004985473954562071,0.013343980746298893,0.09973835202001362,0.0,0.0935618020116911,0.23696951681263867,1.4314019319422994E-4,7.674205526251889E-4,0.0,0.06481033918775965,0.16207877151624497,0.22688911070400464,0.0038371027631259455,0.02496458529651552,0.09970603710696599,0.1246706224034815,0.013343980746298893,0.0059905469349980246,0.023665241438884484,0.02965578837388251,0.006519246191351043,6.5142913,0.00647206127742693,661.6324388477472,59.54692186247923,0.016471789358839823,1.575,0.0,0.0,0.007525652979377894,0.0,0.10692804997147738,0.13906789499940733,0.25486131582823907,0.0,0.0,0.0,0.0,7.382746000827938,7.382746000827938,6.072837221145148,3.6680981139284246,-0.25326416,-0.25569046,-0.2582372,-0.26048234,0.0,0.1465263781163171,0.23676288147417335,0.7560150957858675,0.0,-0.24854164524185104,-0.24854164524185102,-0.25261570385163645,0.0,0.023760000243782997,0.023760000243782997,0.03902668654918671,0.0,0.0,0.0,0.0,0.0,0.0,0.0,0.0,0.0,0.0,0,0,0,0,0.0,0.0,0.0,0.0,0.0,0,0,0.9304812550544739,1.5767707068501898E-4,0.00877380407473538,0.04298425485229198,0.0342104507775566
2012-07-21T13:30:00,2012,203,13,0,"9273d490-b46d-48de-afa3-955b5c30eb93",123.54166677221656,91.7513185647369,38.033118030422436,19.704,0.9150000214576721,220.3471,400.0,2.34,1.17,[0.14917051981312784],[-0.18690000000000007],-0.18690000000000007,14.751156530096624,15.1,0.29530984003311755,12,45,7.077186391694814,5.248513258489057,0.8029588762110793,1.2543821494233796,0.0,0.11707410592721909,0.24356149627738694,0.5363032501190901,0.3654282281363848,5.407456134584986,0.3381184767503884,0.004442440303564699,0.49859636068175356,-0.2390098476655876,-0.26351616,174.05872229120334,0.18691088162994385,40179.64269937115,14804.637049808158,17968.41083500887,0.0,5369.042132678062,448.43790971456156,1494.7955374312364,3092.074498399461,12340.461409400876,860.4878782840833,31.809988362656238,139.22033805395736,1185.3939987574363,214.78175391935645,859.0986333958108,6.041294,0.0,0.8691722,0.0047156163,0.0040129838,0.119224854,0.06478058,0.0,0.0028743164,0.99843246,0.0014211105,0.001287424,2.721804E-5,1.1913908E-4,0.0,0.0,0.0,0.23121990583036126,0.0,0.19544028034062244,0.0,0.005008904966353557,0.013406130356452916,0.10343343063564808,0.0,0.09728395479546631,0.2362916818980504,1.041621367786179E-4,7.943874390020445E-4,0.0,0.06708901375637785,0.16777731489717065,0.2348663286535485,0.003971937195010223,0.02508194849287055,0.10017287488694257,0.1252548233798131,0.013406130356452916,0.006310785085784746,0.02492656327425392,0.031237348360038667,0.006865547827596423,6.489008,0.006693868217750985,662.2815382019274,59.60534080667682,0.016483012135204797,1.575,0.0,0.0,0.007783568037617278,0.0,0.10732689944355554,0.14032155566375867,0.256109338448387,0.0,0.0,0.0,0.0,7.382746000827938,7.382746000827938,6.072837221145148,3.6680981139284246,-0.24375941,-0.24620801,-0.24877118,-0.25101742,0.0,0.0993906778224556,0.19100669592280856,0.6645879840956035,0.0,-0.25779912413536826,-0.26103675159278894,-0.26668763944857216,0.0,0.023760000243782997,0.023760000243782997,0.037814796715974805,0.0,0.0,0.0,0.0,0.0,0.0,0.0,0.0,0.0,0.0,0,0,0,0,0.0,0.0,0.0,0.0,0.0,0,0,0.9304812550544739,1.5767707304800309E-4,0.009305095529271057,0.045277894193425275,0.03597279866415422
2012-07-21T14:30:00,2012,203,14,0,"9273d490-b46d-48de-afa3-955b5c30eb93",123.58333344012499,91.78756336398585,38.42804721280076,19.4783,0.9190999865531921,174.5906,400.0,2.52,1.34,[0.15100919373488877],[-0.17620000000000005],-0.17620000000000005,15.302758728543605,15.1,0.29530984003311755,12,45,5.091614909258816,3.7187438789777634,0.7290791871467901,1.1281304133925998,0.0,0.0726361857039875,0.24267061749217067,0.24420554377138615,0.15607943891185552,2.6818217579669037,0.28121712081831485,0.0026490225280608997,0.38960829791857426,-0.21968331661368373,-0.2531433,112.194219396803,0.18461554209932074,40184.51216571875,14795.740290723203,17969.76784134473,0.0,5381.4260171920405,448.44375474957536,1494.81502911732,3092.3211895472914,12341.105854128318,856.5793095562371,31.81551478516793,139.22626223308583,1185.4442044091684,214.79069337404957,859.1337649217314,6.4084616,0.06337858,0.8144679,0.004370542,0.0037458274,0.11133164,0.060337268,0.0,0.0027054981,0.99843186,0.0014215977,0.0012878637,2.7231006E-5,1.1917985E-4,0.0,0.0,0.0,0.637044448744212,0.4061591729422367,0.19515958971348918,0.0,0.0050016065144368,0.013385998511144288,0.10221222234377912,0.0,0.09614813104772707,0.23487694044969648,6.312066628751449E-5,7.81483064215717E-4,0.0,0.06600048965070411,0.16505511209118862,0.2310556017418927,0.003907415321078586,0.025045403591518973,0.10002496694350625,0.12507037053502523,0.013385998511144288,0.00617129429458556,0.024371797804050997,0.030543092098636558,0.0067115770092448,6.4676156,0.006584093088151413,662.9382934786402,59.66444878392971,0.016497358254461785,1.575,0.0,0.0,0.0076559225324651595,0.0,0.06720939661285014,0.10408347488831665,0.25477574595702646,0.0,0.0,0.0,0.0,7.382746000827938,7.382746000827938,6.072837221145148,3.6680981139284246,-0.224262,-0.22657199,-0.22901611,-0.23119967,0.0,-0.10757174342901843,-2.518838481187641E-4,0.4393352065243592,0.0,-0.24785890860961102,-0.25086201603650515,-0.2560960152083712,0.0,0.023760000243782997,0.023760000243782997,0.031578094139695166,0.0,0.0,0.0,0.0,0.0,0.0,0.0,0.0,0.0,0.0,0,0,0,0,0.0,0.0,0.0,0.0,0.0,0,0,0.9304812550544739,1.5767707217731081E-4,0.009874020044662757,0.04427587740551806,0.034401857360855305
2012-07-21T15:30:00,2012,203,15,0,"9273d490-b46d-48de-afa3-955b5c30eb93",123.62500010803342,91.82387029593346,38.82440555565768,19.5126,0.9108999967575073,245.7258,400.0,2.19,1.61,[0.15294847690260988],[-0.16570000000000007],-0.16570000000000007,15.884543701977993,15.1,0.29530984003311755,12,45,7.061142182651923,5.09236366579621,0.7183964995385022,1.111977524071692,0.0,0.036551618041964516,0.26421411081531687,0.4571883554259936,0.3455198769946773,5.762587403651162,0.41072488923220984,0.0038973014910996594,0.5118922840803987,-0.22942822949206693,-0.2355239,81.09840510390188,0.1830240443474831,40195.29505070126,14792.812190170398,17971.123940987643,0.0,5393.755743728409,448.4495529212438,1494.8343924593544,3092.566981626584,12341.747372167245,855.2929217667737,31.82102987823012,139.2321331559643,1185.4933227031734,214.79942733633436,859.1680676237218,6.8542256,0.12745161,0.7581688,0.004076443,0.0035003491,0.104272634,0.05634617,0.0,0.0025301322,0.99845,0.0014050672,0.0012728865,2.6917896E-5,1.1779404E-4,0.0,0.0,0.0,1.1045389082536892,0.8735821094499061,0.19522217983155687,0.0,0.005003100712370896,0.013389421148927556,0.10243103595208322,0.0,0.09639114699176621,0.23384976193656784,6.332819280562017E-5,7.798993911432026E-4,0.0,0.06586802045089989,0.16472382721745324,0.2305918476683531,0.003899496955716014,0.025052907158097534,0.10005301443778508,0.12510592159588263,0.013389421148927556,0.006165681521835493,0.024345901164281116,0.03051158268611661,0.006703265209781125,6.4452624,0.006569716651648482,663.602687961098,59.72424428972697,0.016509461794571915,1.575,0.0,0.0,0.007639205745098132,0.0,0.03379446553733993,0.0789787385880545,0.27745920443589006,0.0,0.0,0.0,0.0,7.382746000827938,7.382746000827938,6.072837221145148,3.6680981139284246,-0.23438632,-0.23701741,-0.23979656,-0.24219026,0.0,-0.19089411043717244,-0.030068937272157578,0.9678393208672551,0.0,-0.22942822949206695,-0.23199100310771864,-0.23990568983335742,0.0,0.023760000243782997,0.023760000243782997,0.04966908097267151,0.0,0.0,0.0,0.0,0.0,0.0,0.0,0.0,0.0,0.0,0,0,0,0,0.0,0.0,0.0,0.0,0.0,0,0,0.9304812550544739,1.5767706896682927E-4,0.010438062021421501,0.04423348666775588,0.03379542464633438
2012-07-21T16:30:00,2012,203,16,0,"9273d490-b46d-48de-afa3-955b5c30eb93",123.66666677594185,91.86050058442503,39.22831389988401,19.6938,0.9225999712944031,164.4551,400.0,2.3,1.92,[0.1550408555672678],[-0.1552],-0.1552,16.512257326318466,15.1,0.29530984003311755,12,45,5.2559903626122715,3.7882070177174003,0.799000815817246,1.2663334494915812,0.0,0.12315798516458283,0.24218858834701812,0.27106280717998743,0.18982879120105026,2.9281376032020563,0.2722574412320278,0.0029875090016431563,0.3923098054810279,-0.19751127129673157,-0.24405667,162.46080726184968,0.18620227257054656,40201.59097229927,14785.311645185542,17972.51097155975,0.0,5406.139078610481,448.455714627737,1494.8543340041995,3092.81776691995,12342.403220158674,851.9977448051795,31.826670978432393,139.2382212956287,1185.54557715735,214.80874636851235,859.2046891266032,6.051734,0.0060695703,0.8624396,0.004705145,0.0040016957,0.11991486,0.06458064,0.0,0.002869159,0.99839836,0.0014516754,0.0013151084,2.7814473E-5,1.2170154E-4,0.0,0.0,0.0,0.2679898118210117,0.03673142239728344,0.19547924597018906,0.0,0.005009577256634617,0.01340617977831597,0.10445023718651292,0.0,0.09837403239221879,0.23486651594517377,6.423789712676784E-5,7.92710987274611E-4,0.0,0.0669513395355547,0.16743300559794108,0.23438434513349576,0.003963554936373056,0.025085355569012105,0.10018067718191026,0.12526603275092235,0.01340617977831597,0.006300400644823451,0.024874054647125277,0.031174455291948726,0.006847461378320504,6.4349008,0.006656308975938853,664.2748223380545,59.78473638605679,0.01652359536705326,1.575,0.0,0.0,0.007739894498704335,0.0,0.11235663750517852,0.1456060498233964,0.2545170658520969,0.0,0.0,0.0,0.0,7.382746000827938,7.382746000827938,6.072837221145148,3.6680981139284246,-0.20205876,-0.20434074,-0.20674542,-0.20889486,0.0,0.004963285952206078,0.08676571089121021,0.3831985585982289,0.0,-0.23866626513077063,-0.24190089533947562,-0.24679125865800552,0.0,0.023760000243782997,0.023760000243782997,0.03132482878863811,0.0,0.0,0.0,0.0,0.0,0.0,0.0,0.0,0.0,0.0,0,0,0,0,0.0,0.0,0.0,0.0,0.0,0,0,0.9304812550544739,1.576770705057295E-4,0.009521674601273844,0.04519086934620364,0.03566919474492979
2012-07-21T17:30:00,2012,203,17,0,"9273d490-b46d-48de-afa3-955b5c30eb93",123.70833344385028,91.89518776535361,39.58931810426663,18.6641,0.9118000268936157,45.486,400.0,2.62,2.16,[0.15701848566870982],[-0.146],-0.146,17.105546380326263,15.1,0.29530984003311755,12,45,0.0,0.0,0.0,0.0,0.0,0.0,0.0,-0.4209604263305664,-0.4209604263305664,0.0,0.10868268195470973,0.0,0.4429647757177188,-0.16289742651119216,-0.24405667,36.87505856971598,0.17507738313923596,40194.935102759286,14765.303862698676,17973.77528598544,0.0,5418.204601500539,448.46041768402245,1494.8717088202943,3093.0454289238,12342.99373826119,843.2078256677789,31.83170988135718,139.24336559507162,1185.5850866537926,214.81570236293106,859.2319175202713,8.546682,0.3170541,0.5950034,0.0031296802,0.0027056644,0.080089666,0.043116704,0.0,0.0020174822,0.99848723,0.0013717099,0.001242664,2.6285812E-5,1.14997565E-4,0.0,0.0,0.0,2.9394310071339875,2.7097604978782766,0.1941392165872004,0.0,0.004975123217243572,0.013313389844938675,0.09703683753492552,0.0,0.09117161412116728,0.22883878625837806,4.918305063452803E-5,7.307340018264143E-4,0.0,0.06171805844557246,0.15434552712239438,0.21606358556796684,0.003653670009132072,0.024912841717254303,0.09948978045587846,0.12440262217313276,0.013313389844938675,0.005667336452463817,0.022371235698135598,0.028038572150599413,0.006157392827498925,6.432138,0.006181855248042069,664.9541449191041,59.84587542078071,0.016543232206225323,1.575,0.0,0.0,0.007188204093148886,0.0,0.0,0.0,0.0,0.0,0.0,0.0,0.0,7.382746000827938,7.382746000827938,6.072837221145148,3.6680981139284246,-0.16753753,-0.16988753,-0.17231521,-0.17444745,0.0,0.0,0.0,0.0,0.0,-0.23866626513077063,-0.24190089533947562,-0.24679125865800552,0.0,0.023760000243782997,0.023760000243782997,0.03132482878863811,0.0,0.0,0.0,0.0,0.0,0.0,0.0,0.0,0.0,0.0,0,0,0,0,0.0,0.0,0.0,0.0,0.0,0,0,0.9304812550544739,1.5767705466550406E-4,0.012706414199783467,0.040661057671992296,0.02795464347220883
2012-07-21T18:30:00,2012,203,18,0,"9273d490-b46d-48de-afa3-955b5c30eb93",123.75000011175871,91.92903977129619,39.93335977991497,18.257,0.9329000115394592,29.699,400.0,3.07,2.25,[0.15848430201468705],[-0.13960000000000006],-0.13960000000000006,17.545291301593323,15.1,0.29530984003311755,12,45,0.0,0.0,0.0,0.0,0.0,0.0,0.0,-0.4098532348871231,-0.4098532348871231,0.0,0.10868268195470973,0.0,0.4429647757177188,-0.15652506546085398,-0.24405667,36.82413618160308,0.17488564883845187,40188.31865984759,14745.378209080347,17975.010957447932,0.0,5430.256522544206,448.46518079036395,1494.888566151883,3093.26734683448,12343.569129239284,834.453987795943,31.836589164808874,139.24834138671633,1185.6232154415557,214.82241405326437,859.2581810643364,8.511324,0.3162622,0.59680164,0.0031033866,0.002679349,0.07913312,0.04253059,0.0,0.0020202906,0.9985187,0.0013432589,0.0012168877,2.5743828E-5,1.1261277E-4,0.0,0.0,0.0,2.9208653597454823,2.6918100672724505,0.19362115467158994,0.0,0.004961737306082648,0.013277051813527048,0.0951800071080688,0.0,0.08929567321336165,0.22858080904120343,9.196722978338711E-5,7.127931306747983E-4,0.0,0.06020386207689241,0.15055879675388303,0.21076265883077544,0.003563965653373992,0.024845827879244872,0.09922036918582239,0.12406619706506726,0.013277051813527048,0.005490937771185831,0.021671826175517966,0.027162763946703798,0.005963789784069518,6.4216094,0.006037562584435277,665.6404879220727,59.90764629350243,0.016563033988956557,1.575,0.0,0.0,0.007020421918780082,0.0,0.0,0.0,0.0,0.0,0.0,0.0,0.0,7.382746000827938,7.382746000827938,6.072837221145148,3.6680981139284246,-0.16116354,-0.16351226,-0.16593891,-0.16807063,0.0,0.0,0.0,0.0,0.0,-0.23866626513077063,-0.24190089533947562,-0.24679125865800552,0.0,0.023760000243782997,0.023760000243782997,0.03132482878863811,0.0,0.0,0.0,0.0,0.0,0.0,0.0,0.0,0.0,0.0,0,0,0,0,0.0,0.0,0.0,0.0,0.0,0,0,0.9304812550544739,1.5767703902580692E-4,0.012391403077344876,0.03939193784702498,0.027000534769680104
2012-07-21T19:30:00,2012,203,19,0,"9273d490-b46d-48de-afa3-955b5c30eb93",123.79166677966714,91.96144980921027,40.24962227293713,17.5903,0.9329000115394592,16.9517,400.0,3.03,2.15,[0.16033295130201455],[-0.13200000000000006],-0.13200000000000006,18.09988610982919,15.1,0.29530984003311755,12,45,0.0,0.0,0.0,0.0,0.0,0.0,0.0,-0.3922291398048401,-0.3922291398048401,0.0,0.10868268195470973,0.0,0.4429647757177188,-0.14891094491315793,-0.24405667,36.924141877858034,0.17476583893353403,40181.75170664892,14725.5821949353,17976.19582814345,0.0,5442.28021780231,448.4696361056708,1494.9046080590208,3093.479607112768,12344.119274525981,825.7571037863311,31.84122025745382,139.25306085166955,1185.6593325440776,214.82877122166832,859.2830501949704,8.455477,0.31568754,0.5993365,0.0030284866,0.0026361782,0.077286795,0.041515302,0.0,0.0020244815,0.99857754,0.0012891297,0.0011678493,2.4709425E-5,1.0807522E-4,0.0,0.0,0.0,2.897328838144959,2.6692883837062102,0.19276523796753586,0.0,0.004939695364454174,0.0132175646047963,0.091664423232063,0.0,0.08579785451927224,0.2280454692496265,1.1666847905647456E-4,6.822231392981474E-4,0.0,0.0576228764463349,0.14410422269261997,0.20172709913895487,0.0034111156964907376,0.024735467769656662,0.0987779155328712,0.12351338330252787,0.0132175646047963,0.0052142468145785215,0.020576909017580556,0.025791155832159077,0.005661461246826547,6.4269447,0.005808257154814593,666.3335847127277,59.97002500714009,0.01658298994970069,1.575,0.0,0.0,0.0067537876865562336,0.0,0.0,0.0,0.0,0.0,0.0,0.0,0.0,7.382746000827938,7.382746000827938,6.072837221145148,3.6680981139284246,-0.1535475,-0.15589471,-0.15832014,-0.16045125,0.0,0.0,0.0,0.0,0.0,-0.23866626513077063,-0.24190089533947562,-0.24679125865800552,0.0,0.023760000243782997,0.023760000243782997,0.03132482878863811,0.0,0.0,0.0,0.0,0.0,0.0,0.0,0.0,0.0,0.0,0,0,0,0,0.0,0.0,0.0,0.0,0.0,0,0,0.9304812550544739,1.5767702401745404E-4,0.011814004676125478,0.037403628990044346,0.02558962431391887
2012-07-21T20:30:00,2012,203,20,0,"9273d490-b46d-48de-afa3-955b5c30eb93",123.83333344757557,91.99229148262994,40.53735559793376,16.9056,0.9398000240325928,7.7422,400.0,3.31,1.89,[0.16161993198456762],[-0.127],-0.127,18.485980329937114,15.1,0.29530984003311755,12,45,0.0,0.0,0.0,0.0,0.0,0.0,0.0,-0.37483885884284973,-0.37483885884284973,0.0,0.10868268195470973,0.0,0.4429647757177188,-0.14388034461942734,-0.24405667,37.04702439919296,0.1746532155461905,40175.23427232313,14705.92041402997,17977.325328737483,0.0,5454.275642613198,448.4738429200221,1494.9198246409376,3093.681464042658,12344.642340116245,817.119191795404,31.845608465457836,139.2575299124267,1185.6934909849144,214.83478327617559,859.306562783547,8.397582,0.31516927,0.6020495,0.0029484825,0.0025920926,0.07521157,0.040405538,0.0,0.002029017,0.99863803,0.0012351356,0.0011189333,2.3677216E-5,1.0354894E-4,0.0,0.0,0.0,2.873661800075137,2.646659977092135,0.19188911974846332,0.0,0.004917137512708265,0.013156728953141449,0.08777460923504582,0.0,0.08192314920117406,0.22750928239002186,1.4667492623307875E-4,6.490232767492964E-4,0.0,0.054819610426204576,0.1370937665371425,0.1919133769633471,0.003245116383746483,0.024622535559731897,0.09832527778042985,0.12294781334016175,0.013156728953141449,0.004943146975633262,0.01950447499763488,0.024447621973268142,0.005365464936613363,6.438579,0.005574406790561214,667.0331633720291,60.032987088979105,0.016603093309938727,1.575,0.0,0.0,0.006481868646387364,0.0,0.0,0.0,0.0,0.0,0.0,0.0,0.0,7.382746000827938,7.382746000827938,6.072837221145148,3.6680981139284246,-0.14851563,-0.15086184,-0.15328649,-0.15541719,0.0,0.0,0.0,0.0,0.0,-0.23866626513077063,-0.24190089533947562,-0.24679125865800552,0.0,0.023760000243782997,0.023760000243782997,0.03132482878863811,0.0,0.0,0.0,0.0,0.0,0.0,0.0,0.0,0.0,0.0,0,0,0,0,0.0,0.0,0.0,0.0,0.0,0,0,0.9304812550544739,1.5767700964989487E-4,0.011241755470109638,0.03545592835047446,0.024214172880364822
2012-07-21T21:30:00,2012,203,21,0,"9273d490-b46d-48de-afa3-955b5c30eb93",123.875000115484,92.0217405433094,40.80088474753152,16.3247,0.942799985408783,1.5795,400.0,3.91,1.54,[0.16277607318436824],[-0.12270000000000003],-0.12270000000000003,18.832822703659577,15.1,0.29530984003311755,12,45,0.0,0.0,0.0,0.0,0.0,0.0,0.0,-0.36063018441200256,-0.36063018441200256,0.0,0.10868268195470973,0.0,0.4429647757177188,-0.13953808465168482,-0.24405667,37.11903432000887,0.1745299861045576,40168.76189025421,14686.385979669963,17978.405858930928,0.0,5466.238584001941,448.47790320180826,1494.9343472810422,3093.8741270063138,12345.141539859149,808.537226326116,31.849799171392316,139.2617947746145,1185.7260427077958,214.8405120464264,859.3289613968373,8.342776,0.31477496,0.60436356,0.0028818462,0.0025564479,0.073388875,0.039437648,0.0,0.002034335,0.99868506,0.0011927587,0.0010805418,2.286735E-5,9.999655E-5,0.0,0.0,0.0,2.8522229384219693,2.6260969541049324,0.19115051399490096,0.0,0.004898106827508844,0.013105363336415926,0.08431194085658354,0.0,0.07847359015770186,0.2268931908235508,1.7675725020085465E-4,6.195225414908233E-4,0.0,0.0523286531806372,0.1308643375047074,0.18319299068534461,0.003097612707454117,0.024527267586131676,0.09794328952378503,0.12247055710991671,0.013105363336415926,0.0047228906399037944,0.018633037668563848,0.023355928308467642,0.005124894907303088,6.4547253,0.005375391463850321,667.7389924867961,60.09651171183237,0.0166233401544996,1.575,0.0,0.0,0.006250455465608713,0.0,0.0,0.0,0.0,0.0,0.0,0.0,0.0,7.382746000827938,7.382746000827938,6.072837221145148,3.6680981139284246,-0.14417227,-0.14651763,-0.14894159,-0.15107195,0.0,0.0,0.0,0.0,0.0,-0.23866626513077063,-0.24190089533947562,-0.24679125865800552,0.0,0.023760000243782997,0.023760000243782997,0.03132482878863811,0.0,0.0,0.0,0.0,0.0,0.0,0.0,0.0,0.0,0.0,0,0,0,0,0.0,0.0,0.0,0.0,0.0,0,0,0.9304812550544739,1.5767699576996376E-4,0.010785236379888374,0.033873389963665665,0.02308815358377729
2012-07-21T22:30:00,2012,203,22,0,"9273d490-b46d-48de-afa3-955b5c30eb93",123.91666678339243,92.05067074283212,41.05561807917407,16.1136,0.9258999824523926,0.5895,400.0,3.72,1.19,[0.16310736591801187],[-0.12150000000000002],-0.12150000000000002,18.932210527701983,15.1,0.29530984003311755,12,45,0.0,0.0,0.0,0.0,0.0,0.0,0.0,-0.35558755695819855,-0.35558755695819855,0.0,0.10868268195470973,0.0,0.4429647757177188,-0.13828425383376503,-0.24405667,36.970327333789726,0.17433611124206355,40162.32011167544,14666.934186355375,17979.469042931694,0.0,5478.167021027259,448.4820418240345,1494.948604580654,3094.063268994822,12345.631555693573,799.9915671345035,31.85391769435522,139.26598130554785,1185.7579191661866,214.84612074911098,859.3508839628173,8.307477,0.31444538,0.605181,0.0028698707,0.0025478522,0.072915845,0.039138533,0.0,0.0020400628,0.9986919,0.0011856282,0.0010740808,2.2733017E-5,9.9399076E-5,0.0,0.0,0.0,2.8380648207783787,2.6122476373014694,0.19089116104982096,0.0,0.0048913617985611915,0.013086887052615003,0.08315523272839692,0.0,0.07731773746010934,0.22623876940159446,2.0166151556366506E-4,6.083055437995817E-4,0.0,0.05138193871216035,0.12849677584041724,0.1798787145525776,0.0030415277189979094,0.02449351496661284,0.09780699762991288,0.12230051259652572,0.013086887052615003,0.0046439309610902335,0.018319308891385187,0.02296323985247542,0.005037809919986121,6.475424,0.0052986951636257665,668.4509828752803,60.16059084934223,0.016643734251820707,1.575,0.0,0.0,0.006161273717236633,0.0,0.0,0.0,0.0,0.0,0.0,0.0,0.0,7.382746000827938,7.382746000827938,6.072837221145148,3.6680981139284246,-0.1429181,-0.14526322,-0.14768697,-0.14981723,0.0,0.0,0.0,0.0,0.0,-0.23866626513077063,-0.24190089533947562,-0.24679125865800552,0.0,0.023760000243782997,0.023760000243782997,0.03132482878863811,0.0,0.0,0.0,0.0,0.0,0.0,0.0,0.0,0.0,0.0,0,0,0,0,0.0,0.0,0.0,0.0,0.0,0,0,0.9304812550544739,1.5767698186007926E-4,0.010675336212443653,0.033304651558341274,0.02262931534589762
2012-07-21T23:30:00,2012,203,23,0,"9273d490-b46d-48de-afa3-955b5c30eb93",123.95833345130086,92.07824456790576,41.28783476217092,15.5732,0.95660001039505,0.6307,400.0,4.05,0.9,[0.1636116921428389],[-0.11970000000000007],-0.11970000000000007,19.083508401162135,15.1,0.29530984003311755,12,45,0.0,0.0,0.0,0.0,0.0,0.0,0.0,-0.34296560287475586,-0.34296560287475586,0.0,0.10868268195470973,0.0,0.4429647757177188,-0.13642758896921348,-0.24405667,37.026852986548725,0.17420619423457237,40155.921416703844,14647.606351543767,17980.484412496844,0.0,5490.063305141233,448.4859078265599,1494.9622269453125,3094.2435171987217,12346.098559707598,791.5003660128102,31.857862234132845,139.26998788476726,1185.7883780271886,214.85147943155692,859.3718237157527,8.254216,0.3141052,0.6074441,0.0027943084,0.0025154636,0.07109517,0.038192656,0.0,0.0020457325,0.99873394,0.0011484016,0.0010403553,2.2021493E-5,9.6278425E-5,0.0,0.0,0.0,2.8176991307581747,2.5926923939419546,0.19020771589885493,0.0,0.0048737522216044755,0.013039349860758668,0.07971550286893773,0.0,0.07390863388818446,0.2256289464147498,2.132999859567045E-4,5.795924078021213E-4,0.0,0.04895730158028635,0.12243320168295362,0.17139050326323996,0.002897962039010607,0.024405348809081337,0.09745348368949848,0.12185883249857982,0.013039349860758668,0.004449779438732222,0.01755134294379168,0.022001122382523903,0.004825869197517806,6.4973545,0.005114431403700667,669.1689202772864,60.225205218090316,0.016664265111320024,1.575,0.0,0.0,0.005947013521847536,0.0,0.0,0.0,0.0,0.0,0.0,0.0,0.0,7.382746000827938,7.382746000827938,6.072837221145148,3.6680981139284246,-0.14106093,-0.1434057,-0.14582917,-0.14795928,0.0,0.0,0.0,0.0,0.0,-0.23866626513077063,-0.24190089533947562,-0.24679125865800552,0.0,0.023760000243782997,0.023760000243782997,0.03132482878863811,0.0,0.0,0.0,0.0,0.0,0.0,0.0,0.0,0.0,0.0,0,0,0,0,0.0,0.0,0.0,0.0,0.0,0,0,0.9304812550544739,1.5767696837374495E-4,0.010273825897456845,0.03190993023603877,0.021636104338581923
2012-07-22T00:30:00,2012,204,0,0,"9273d490-b46d-48de-afa3-955b5c30eb93",124.00000011920929,92.10298119751424,41.47469310387051,14.4846,0.9692999720573425,0.002,400.0,4.22,0.98,[0.16366828617872847],[-0.1195],-0.1195,19.100486612603657,15.1,0.29530984003311755,12,45,0.0,0.0,0.0,0.0,0.0,0.0,0.0,-0.31875191628932953,-0.31875191628932953,0.0,0.10868268195470973,0.0,0.4429647757177188,-0.13618143259514912,-0.24405667,37.44633842615735,0.17419641214847031,40149.586483080275,14628.477570574885,17981.3990091815,0.0,5501.926774935752,448.4892430011312,1494.9746748270156,3094.4055465789834,12346.518911772546,783.096614221531,31.8614861944335,139.2736899554992,1185.8167398867367,214.85647569669817,859.3913510287425,8.168168,0.31387478,0.6121501,0.0026252416,0.002444502,0.06685328,0.03609459,0.0,0.002052113,0.9988557,0.0010383679,9.4067276E-4,1.9670371E-5,8.59911E-5,0.0,0.0,0.0,2.7871507344006976,2.563782134268983,0.18882450033983167,0.0,0.004838216839052317,0.012943877971725186,0.07223084646172057,0.0,0.06647947324183724,0.2250065789380511,2.3183743145630412E-4,5.193895898036755E-4,0.0,0.043896866511450514,0.10977798237086143,0.15367484888231195,0.002596947949018378,0.024227418591003667,0.09674159891436501,0.12096901750536868,0.012943877971725186,0.004082393269821704,0.016100438316906558,0.02018283158672826,0.004426276853517597,6.515332,0.004752250377164355,669.8923835520673,60.29031691540791,0.016684913649966767,1.575,0.0,0.0,0.005525872774782365,0.0,0.0,0.0,0.0,0.0,0.0,0.0,0.0,7.382746000827938,7.382746000827938,6.072837221145148,3.6680981139284246,-0.14081469,-0.1431594,-0.14558282,-0.14771292,0.0,0.0,0.0,0.0,0.0,-0.23866626513077063,-0.24190089533947562,-0.24679125865800552,0.0,0.023760000243782997,0.023760000243782997,0.03132482878863811,0.0,0.0,0.0,0.0,0.0,0.0,0.0,0.0,0.0,0.0,0,0,0,0,0.0,0.0,0.0,0.0,0.0,0,0,0.9349725246429443,1.5361121133291184E-4,0.009183972575556254,0.029273215776629665,0.02008924320107341
2012-07-22T01:30:00,2012,204,1,0,"9273d490-b46d-48de-afa3-955b5c30eb93",124.04166678711772,92.12723616564912,41.65403061074106,14.3041,0.9872999787330627,0.0144,400.0,4.19,1.03,[0.16389579693128137],[-0.11870000000000001],-0.11870000000000001,19.168739841081663,15.1,0.29530984003311755,12,45,0.0,0.0,0.0,0.0,0.0,0.0,0.0,-0.31488874554634094,-0.31488874554634094,0.0,0.10868268195470973,0.0,0.4429647757177188,-0.1353394832934919,-0.24405667,37.28132475047497,0.17401267882843013,40143.28014912424,14609.43830932861,17982.297772004466,0.0,5513.745075250244,448.49281878044434,1494.986965390262,3094.5644733904805,12346.931373170022,774.7321906828158,31.865072629603524,139.27736039788064,1185.8448631679528,214.86143079366127,859.4107142358816,8.12993,0.31376436,0.61268765,0.0026309872,0.0024430796,0.06641467,0.035849325,0.0,0.0020592487,0.9988606,0.001034545,9.372087E-4,1.9599716E-5,8.567475E-5,0.0,0.0,0.0,2.7739897062780594,2.550881980295632,0.18860538549902767,0.0,0.004832519972985416,0.01292827470541321,0.07109613415630849,0.0,0.06534062414245462,0.22414987930889432,2.653658924461934E-4,5.090356923211364E-4,0.0,0.04302225785836779,0.10759074470967836,0.15061300256804616,0.0025451784616056824,0.024198894213897475,0.096626473295088,0.12082536750898548,0.01292827470541321,0.004048592534976223,0.015965517778806664,0.020014110313782887,0.004388610075504474,6.5317554,0.004686755076232206,670.621296542293,60.355919087135014,0.01670569256052493,1.575,0.0,0.0,0.005449715444765361,0.0,0.0,0.0,0.0,0.0,0.0,0.0,0.0,7.382746000827938,7.382746000827938,6.072837221145148,3.6680981139284246,-0.1399725,-0.14231706,-0.14474034,-0.14687036,0.0,0.0,0.0,0.0,0.0,-0.23866626513077063,-0.24190089533947562,-0.24679125865800552,0.0,0.023760000243782997,0.023760000243782997,0.03132482878863811,0.0,0.0,0.0,0.0,0.0,0.0,0.0,0.0,0.0,0.0,0,0,0,0,0.0,0.0,0.0,0.0,0.0,0,0,0.9349725246429443,1.536111997346203E-4,0.009107297380978707,0.02902666940158731,0.019919372020608603
2012-07-22T02:30:00,2012,204,2,0,"9273d490-b46d-48de-afa3-955b5c30eb93",124.08333345502615,92.15096080181114,41.8251347688377,14.1065,0.9876000285148621,0.0979,400.0,4.13,1.09,[0.16456020933342308],[-0.11640000000000003],-0.11640000000000003,19.36806356964459,15.1,0.29530984003311755,12,45,0.0,0.0,0.0,0.0,0.0,0.0,0.0,-0.31070780754089355,-0.31070780754089355,0.0,0.10868268195470973,0.0,0.4429647757177188,-0.13300585314098648,-0.24405667,37.12820093266665,0.1738182719501441,40137.00283896354,14590.48283711226,17983.17821051539,0.0,5525.527208337418,448.49635741310925,1494.9990194041732,3094.719872579563,12347.334699368941,766.4045777600782,31.868600240339585,139.2809665257604,1185.8724263054119,214.86628607414116,859.4296823735133,8.094084,0.31353292,0.6135177,0.0026095074,0.0024359822,0.06583828,0.035533182,0.0,0.0020656046,0.9988655,0.0010293752,9.325243E-4,1.9503506E-5,8.5246844E-5,0.0,0.0,0.0,2.760582931623058,2.537761726205967,0.18836456351176945,0.0,0.004826271313059506,0.012911194401095855,0.06979661654960545,0.0,0.06405837353901633,0.22346391944815308,2.747216490001644E-4,4.976564849633253E-4,0.0,0.042060957483844155,0.10518670712051213,0.1472476646043563,0.0024882824248166273,0.02416759270762294,0.09650026151034094,0.12066785421796389,0.012911194401095855,0.003983958291872051,0.015709077989989426,0.019693036281861476,0.004317567216785661,6.544977,0.004618214357557258,671.3555795494498,60.42200456040513,0.01672659969761674,1.575,0.0,0.0,0.0053700169311706476,0.0,0.0,0.0,0.0,0.0,0.0,0.0,0.0,7.382746000827938,7.382746000827938,6.072837221145148,3.6680981139284246,-0.13763827,-0.13998237,-0.1424053,-0.14453514,0.0,0.0,0.0,0.0,0.0,-0.23866626513077063,-0.24190089533947562,-0.24679125865800552,0.0,0.023760000243782997,0.023760000243782997,0.03132482878863811,0.0,0.0,0.0,0.0,0.0,0.0,0.0,0.0,0.0,0.0,0,0,0,0,0.0,0.0,0.0,0.0,0.0,0,0,0.9349725246429443,1.5361118809033533E-4,0.009021864654641831,0.028561656537871752,0.01953979188322992
2012-07-22T03:30:00,2012,204,3,0,"9273d490-b46d-48de-afa3-955b5c30eb93",124.12500012293458,92.17426792705596,41.98978894918525,13.9517,0.9855999946594238,0.1199,400.0,4.03,1.17,[0.16524045520476552],[-0.1141],-0.1141,19.572137339156484,15.1,0.29530984003311755,12,45,0.0,0.0,0.0,0.0,0.0,0.0,0.0,-0.3074673116207123,-0.3074673116207123,0.0,0.10868268195470973,0.0,0.4429647757177188,-0.13068094368320946,-0.24405667,36.945952801408225,0.17361008025031854,40130.7528330215,14571.60367252691,17984.044323619673,0.0,5537.274888676541,448.4998596740692,1495.0108845321959,3094.8724661639285,12347.73074552644,758.110488687697,31.87208164744999,139.28452103415142,1185.899522470752,214.87105784809614,859.4483192239252,8.061462,0.31327388,0.61419904,0.0025934263,0.0024316984,0.065430135,0.035299785,0.0,0.0020717918,0.9988686,0.0010277895,9.310867E-4,1.9475165E-5,8.5115746E-5,0.0,0.0,0.0,2.7480449352722927,2.525445653594146,0.18817831721831554,0.0,0.004821424190946065,0.012897868914493392,0.06879071018180465,0.0,0.06306949313894987,0.22281047698078893,2.812369767616575E-4,4.88636133186715E-4,0.0,0.04129898670916164,0.10328115624184311,0.14458014295100474,0.0024431806659335757,0.024143297958978648,0.09640206930689979,0.12054536726587844,0.012897868914493392,0.0039335541910445184,0.015508829035711076,0.019442383226755594,0.00426199610952586,6.5548034,0.004560757739797278,672.0951657635142,60.48856732231589,0.016747634128868927,1.575,0.0,0.0,0.005303206907579171,0.0,0.0,0.0,0.0,0.0,0.0,0.0,0.0,7.382746000827938,7.382746000827938,6.072837221145148,3.6680981139284246,-0.13531278,-0.13765642,-0.14007898,-0.14220864,0.0,0.0,0.0,0.0,0.0,-0.23866626513077063,-0.24190089533947562,-0.24679125865800552,0.0,0.023760000243782997,0.023760000243782997,0.03132482878863811,0.0,0.0,0.0,0.0,0.0,0.0,0.0,0.0,0.0,0.0,0,0,0,0,0.0,0.0,0.0,0.0,0.0,0,0,0.9349725246429443,1.5361117634473586E-4,0.008971677572844783,0.028198771497755338,0.019227093924910555
2012-07-22T04:30:00,2012,204,4,0,"9273d490-b46d-48de-afa3-955b5c30eb93",124.16666679084301,92.1970432378339,42.14626394151438,13.7554,0.9977999925613403,0.1142,400.0,4.3,1.26,[0.16633866518072185],[-0.11050000000000006],-0.11050000000000006,19.901600345035067,15.1,0.29530984003311755,12,45,0.0,0.0,0.0,0.0,0.0,0.0,0.0,-0.3034016937017441,-0.3034016937017441,0.0,0.10868268195470973,0.0,0.4429647757177188,-0.12706846289907098,-0.24405667,36.79021507222557,0.17340872105145416,40124.53172810295,14552.806137965425,17984.891913598676,0.0,5548.988669929733,448.50328770481894,1495.022517100581,3095.02153205469,12348.117664991929,749.852261725942,31.875506066026027,139.2880131555854,1185.9260735785685,214.87573243628196,859.4665716157349,8.026609,0.31301963,0.615086,0.002568967,0.0024244739,0.06482286,0.03497483,0.0,0.002078026,0.99887305,0.001022859,9.2661916E-4,1.9383411E-5,8.470766E-5,0.0,0.0,0.0,2.7348012161602098,2.5124862078381818,0.18793934057491207,0.0,0.004815227205418908,0.012880937583802016,0.06746306061891555,0.0,0.06176271834451201,0.2221675354563737,2.86047780970725E-4,4.7723814995784806E-4,0.0,0.040336021479530026,0.1008729553629351,0.14120897684246514,0.002386190749789241,0.024112240389951387,0.09627690032321365,0.12038914071316503,0.012880937583802016,0.003870881799420122,0.015260280680279893,0.019131162479700016,0.00419317622636188,6.559731,0.004489573796742997,672.8399724124556,60.55559992338426,0.01676879314061136,1.575,0.0,0.0,0.005220434877129038,0.0,0.0,0.0,0.0,0.0,0.0,0.0,0.0,7.382746000827938,7.382746000827938,6.072837221145148,3.6680981139284246,-0.1316994,-0.13404235,-0.13646434,-0.13859372,0.0,0.0,0.0,0.0,0.0,-0.23866626513077063,-0.24190089533947562,-0.24679125865800552,0.0,0.023760000243782997,0.023760000243782997,0.03132482878863811,0.0,0.0,0.0,0.0,0.0,0.0,0.0,0.0,0.0,0.0,0,0,0,0,0.0,0.0,0.0,0.0,0.0,0,0,0.9349725246429443,1.5361116454820699E-4,0.008889995064237155,0.02774801491467243,0.018858019850435274
2012-07-22T05:30:00,2012,204,5,0,"9273d490-b46d-48de-afa3-955b5c30eb93",124.20833345875144,92.2188095566934,42.2873180991605,13.3853,0.9717000126838684,0.1564,400.0,4.18,1.36,[0.16757752314894614],[-0.10660000000000004],-0.10660000000000004,20.27325775027069,15.1,0.29530984003311755,12,45,0.0,0.0,0.0,0.0,0.0,0.0,0.0,-0.2958674430847168,-0.2958674430847168,0.0,0.29530984003311755,0.0,0.4429647757177188,-0.15173456401979504,-0.24405667,36.75110053160476,0.17324234012525003,40118.34588389806,14534.112547312026,17985.703642040535,0.0,5560.670260812403,448.5065004806446,1495.0337336339487,3095.1640501886595,12348.487731757852,741.6396999221076,31.878828072909535,139.29139746655426,1185.9517495804926,214.8802520462807,859.4842145162363,7.98206,0.31278396,0.6168192,0.0025034489,0.0024050158,0.063403994,0.034270994,0.0,0.0020843975,0.9988943,0.001003913,9.094548E-4,1.9025998E-5,8.313887E-5,0.0,0.0,0.0,2.7184303229453652,2.496660406736963,0.18747984213135133,0.0,0.004803382130637985,0.012848905879413272,0.06482169982875019,0.0,0.05915107866125208,0.22155700200609904,2.912333809140151E-4,4.5589885311524326E-4,0.0,0.03853278015534847,0.09636337899942655,0.13489615915477504,0.002279494265576217,0.024052896742907254,0.09603881798026316,0.12009171472317041,0.012848905879413272,0.0037566619019136355,0.01480861512143362,0.018565277023347256,0.004068579515349963,6.542984,0.004362101392832077,673.5898512725423,60.62308902347384,0.016790070388791753,1.575,0.0,0.0,0.005072211145127836,0.0,0.0,0.0,0.0,0.0,0.0,0.0,0.0,7.382746000827938,7.382746000827938,6.072837221145148,3.6680981139284246,-0.15637143,-0.15871921,-0.16114509,-0.16327642,0.0,0.0,0.0,0.0,0.0,-0.23866626513077063,-0.24190089533947562,-0.24679125865800552,0.0,0.023760000243782997,0.023760000243782997,0.03132482878863811,0.0,0.0,0.0,0.0,0.0,0.0,0.0,0.0,0.0,0.0,0,0,0,0,0.0,0.0,0.0,0.0,0.0,0,0,0.9349725246429443,1.5361115291094446E-4,0.00867689816004713,0.026927826241173135,0.018250928081126005
2012-07-22T06:30:00,2012,204,6,0,"9273d490-b46d-48de-afa3-955b5c30eb93",124.25000012665987,92.24067844877894,42.429934772747764,13.4228,1.0,0.3213,400.0,3.79,1.48,[0.1689734713900695],[-0.10240000000000002],-0.10240000000000002,20.692042239248696,15.1,0.29530984003311755,12,45,0.0,0.0,0.0,0.0,0.0,0.0,0.0,-0.2966231405735016,-0.2966231405735016,0.0,0.29530984003311755,0.0,0.4429647757177188,-0.14756851980894192,-0.24405667,36.436813981938506,0.17304343867359406,40112.179521981445,14515.503830615196,17986.519824378855,0.0,5572.281837669337,448.5098577417393,1495.0449741458317,3095.3071079656115,12348.859112398879,733.4644253696534,31.882157507172117,139.29478526304052,1185.9773840311263,214.88476313154973,859.501819538478,7.9459653,0.31308997,0.6159074,0.0025311848,0.002418836,0.06395823,0.03450835,0.0,0.0020943969,0.9988787,0.0010180988,9.22305E-4,1.929644E-5,8.431389E-5,0.0,0.0,0.0,2.709638579797477,2.4878019232739907,0.1875375162050496,0.0,0.004804791752859877,0.012852343271214439,0.06520634439330396,0.0,0.05955053822618378,0.22022909232356677,3.040155204226433E-4,4.578108172849389E-4,0.0,0.03869470786235697,0.09676832816356051,0.13546303602591747,0.002289054086424695,0.024059920638641544,0.09606578115185337,0.12012570179049491,0.012852343271214439,0.0037666703247265622,0.014846753302812033,0.018613423627538594,0.004078590085835167,6.538055,0.004367229343679968,674.344808306508,60.69103515923068,0.01681147263356676,1.575,0.0,0.0,0.005078173878934319,0.0,0.0,0.0,0.0,0.0,0.0,0.0,0.0,7.382746000827938,7.382746000827938,6.072837221145148,3.6680981139284246,-0.15220433,-0.15455128,-0.1569765,-0.1591075,0.0,0.0,0.0,0.0,0.0,-0.23866626513077063,-0.24190089533947562,-0.24679125865800552,0.0,0.023760000243782997,0.023760000243782997,0.03132482878863811,0.0,0.0,0.0,0.0,0.0,0.0,0.0,0.0,0.0,0.0,0,0,0,0,0.0,0.0,0.0,0.0,0.0,0,0,0.9349725246429443,1.5361114101010873E-4,0.0087596943412791,0.026998258843770155,0.018238564502491054
2012-07-22T07:30:00,2012,204,7,0,"9273d490-b46d-48de-afa3-955b5c30eb93",124.2916667945683,92.26365697733281,42.58953062463391,13.8303,0.9821000099182129,2.1635,400.0,3.62,1.6,[0.17098083404149705],[-0.09670000000000004],-0.09670000000000004,21.294251058606594,15.1,0.29530984003311755,12,45,0.0,0.0,0.0,0.0,0.0,0.0,0.0,-0.30494725704193115,-0.30494725704193115,0.0,0.29530984003311755,0.0,0.4429647757177188,-0.141941696966699,-0.24405667,35.88009132309648,0.17270166098344042,40106.01914667016,14496.894893663559,17987.376791963805,0.0,5583.858169427234,448.51346845148396,1495.0566279321897,3095.4570441393344,12349.248011369486,725.2890540537521,31.8855931449631,139.29827373377384,1186.0036543099031,214.8893836358816,859.519845259962,7.9464374,0.3127434,0.61400145,0.0026146658,0.0024540855,0.066086374,0.035473604,0.0,0.0021000544,0.99882823,0.0010636122,9.635349E-4,2.0160742E-5,8.808332E-5,0.0,0.0,0.0,2.7076553806244097,2.4851956957829477,0.18806548171104878,0.0,0.004818250829206939,0.012888002871900317,0.0683494448248658,0.0,0.06268443980265079,0.2195606218595482,3.052663575698381E-4,4.8061373443298634E-4,0.0,0.04062237251670439,0.10158905967300595,0.14221143218971033,0.002403068672164932,0.02412727096111474,0.09633361048015018,0.12046088144126492,0.012888002871900317,0.003888975526269958,0.015327470636097906,0.019216446162367864,0.004210162946016003,6.527467,0.00449081200031546,675.1049872151223,60.75945126372458,0.016833009148732068,1.575,0.0,0.0,0.00522187464878829,0.0,0.0,0.0,0.0,0.0,0.0,0.0,0.0,7.382746000827938,7.382746000827938,6.072837221145148,3.6680981139284246,-0.14657612,-0.14892197,-0.1513463,-0.15347683,0.0,0.0,0.0,0.0,0.0,-0.23866626513077063,-0.24190089533947562,-0.24679125865800552,0.0,0.023760000243782997,0.023760000243782997,0.03132482878863811,0.0,0.0,0.0,0.0,0.0,0.0,0.0,0.0,0.0,0.0,0,0,0,0,0.0,0.0,0.0,0.0,0.0,0,0,0.9349725246429443,1.5361112828922227E-4,0.009151862202998018,0.027873690543204238,0.01872182834020622
2012-07-22T08:30:00,2012,204,8,0,"9273d490-b46d-48de-afa3-955b5c30eb93",124.33333346247673,92.2902116950389,42.80521814441334,15.1765,0.9728999733924866,7.527,400.0,3.3,1.72,[0.17266753471868446],[-0.09220000000000006],-0.09220000000000006,21.800261281869854,15.1,0.29530984003311755,12,45,0.0,0.0,0.0,0.0,0.0,0.0,0.0,-0.333957239985466,-0.333957239985466,0.0,0.29530984003311755,0.0,0.4429647757177188,-0.13753936054753715,-0.24405667,34.74645921824844,0.17214671839269519,40099.82982259786,14478.159218325462,17988.36455764273,0.0,5595.399296351526,448.5178338698286,1495.0697234042077,3095.629500192832,12349.694559709917,717.0580033956111,31.889409915092955,139.30213560026624,1186.0325017950627,214.89445258670435,859.5396106008027,8.001728,0.31222916,0.60790443,0.0028573344,0.0025568146,0.072347656,0.03837146,0.0,0.0021046249,0.99868095,0.0011972075,0.0010845589,2.2694981E-5,9.9147335E-5,0.0,0.0,0.0,2.72287901891257,2.498372725575565,0.1897970094988809,0.0,0.004862538264853742,0.013006109522252274,0.07827468970281672,0.0,0.07256014883793947,0.2188929150832726,2.956431580567105E-4,5.546107049700231E-4,0.0,0.046877168833660665,0.11723114874401151,0.1641083175776722,0.002773053524850116,0.024349001482196552,0.09721776859238905,0.1215667700745856,0.013006109522252274,0.004323691004824675,0.01703920875921626,0.021362899764040932,0.0046797722638617124,6.5133967,0.004916427977609013,675.8708829007064,60.82838187816621,0.016854707012243383,1.575,0.0,0.0,0.0057167769697476925,0.0,0.0,0.0,0.0,0.0,0.0,0.0,0.0,7.382746000827938,7.382746000827938,6.072837221145148,3.6680981139284246,-0.14217268,-0.14451766,-0.1469413,-0.1490715,0.0,0.0,0.0,0.0,0.0,-0.23866626513077063,-0.24190089533947562,-0.24679125865800552,0.0,0.023760000243782997,0.023760000243782997,0.03132482878863811,0.0,0.0,0.0,0.0,0.0,0.0,0.0,0.0,0.0,0.0,0,0,0,0,0.0,0.0,0.0,0.0,0.0,0,0,0.9349725246429443,1.536111133373017E-4,0.010373074939707294,0.030988253835669995,0.0206151788959627
2012-07-22T09:30:00,2012,204,9,0,"9273d490-b46d-48de-afa3-955b5c30eb93",124.37500013038516,92.31921207529855,43.06113482697209,16.142,0.973800003528595,21.3321,400.0,3.01,1.83,[0.17470133091755086],[-0.08710000000000002],-0.08710000000000002,22.410400165774515,15.1,0.29530984003311755,12,45,0.0,0.0,0.0,0.0,0.0,0.0,0.0,-0.3562622666358948,-0.3562622666358948,0.0,0.29530984003311755,0.0,0.4429647757177188,-0.13256485874350818,-0.24405667,33.893030191874224,0.17166189453498815,40093.6256899233,14459.343036791337,17989.44281137087,0.0,5606.91427381225,448.52251049263623,1495.0838666991544,3095.817324327649,12350.180513746436,708.7915843525114,31.893521458068694,139.3062827304957,1186.063256253059,214.89985206948467,859.5606542973812,8.037076,0.31168753,0.6038595,0.0030089158,0.0026327863,0.07670218,0.04036214,0.0,0.0021091008,0.9985604,0.0013067235,0.0011837686,2.4773391E-5,1.0821732E-4,0.0,0.0,0.0,2.7310469274931397,2.505056363729588,0.1910533715495208,0.0,0.004894634561207491,0.013091554982395196,0.08512645142732077,0.0,0.07940930556374805,0.21839695551662425,2.5895773488386105E-4,6.049224505416584E-4,0.0,0.051130271348408945,0.1278673704087621,0.17899764175717103,0.0030246122527082925,0.02450969901225976,0.0978580331421864,0.12236773215444616,0.013091554982395196,0.0046611312911400546,0.01836704868461355,0.023028179975753606,0.005043736430138985,6.495407,0.005217299125630648,676.6428452134478,60.89785848907369,0.016876569119652053,1.575,0.0,0.0,0.006066627157262921,0.0,0.0,0.0,0.0,0.0,0.0,0.0,0.0,7.382746000827938,7.382746000827938,6.072837221145148,3.6680981139284246,-0.13719694,-0.13954096,-0.14196381,-0.14409362,0.0,0.0,0.0,0.0,0.0,-0.23866626513077063,-0.24190089533947562,-0.24679125865800552,0.0,0.023760000243782997,0.023760000243782997,0.03132482878863811,0.0,0.0,0.0,0.0,0.0,0.0,0.0,0.0,0.0,0.0,0,0,0,0,0.0,0.0,0.0,0.0,0.0,0,0,0.9349725246429443,1.536110964516778E-4,0.011371988286555279,0.03340503874609562,0.022033050459540342
2012-07-22T10:30:00,2012,204,10,0,"9273d490-b46d-48de-afa3-955b5c30eb93",124.41666679829359,92.35135224698766,43.37237654246018,17.4698,0.960099995136261,25.196,400.0,2.65,1.93,[0.17732760187508234],[-0.08100000000000006],-0.08100000000000006,23.19828148434155,15.1,0.29530984003311755,12,45,0.0,0.0,0.0,0.0,0.0,0.0,0.0,-0.3891172409057617,-0.3891172409057617,0.0,0.29530984003311755,0.0,0.4429647757177188,-0.1266145211637687,-0.24405667,32.88234420971959,0.1711125220764601,40087.39264724473,14440.4103568486,17990.638194392646,0.0,5618.397590184376,448.5278302919801,1495.0994870443728,3096.0250237754135,12350.717648974643,700.4739846454879,31.89807346582393,139.31085755619065,1186.0968950283054,214.9057520241642,859.583635229217,8.088264,0.3112958,0.59838796,0.0032145032,0.0027378541,0.082249194,0.042912215,0.0,0.0021146648,0.9983844,0.0014664078,0.001328426,2.7803619E-5,1.2144218E-4,0.0,0.0,0.0,2.7458870856334867,2.517842929604132,0.19279121582435077,0.0,0.0049390523427827165,0.013209919509733329,0.0939390952890521,0.0,0.08820718819817212,0.21779646060624797,2.2253624712735126E-4,6.694494969471161E-4,0.0,0.056585121242903116,0.14150893989176674,0.19809406113466987,0.003347247484735581,0.024732103613207743,0.09874453741908984,0.12347664103229758,0.013209919509733329,0.005164902370485608,0.020349756223011207,0.025514658593496817,0.005587321760431817,6.474085,0.005632309438076263,677.4213567234984,60.96792452776242,0.01689861355375675,1.575,0.0,0.0,0.0065491973092517445,0.0,0.0,0.0,0.0,0.0,0.0,0.0,0.0,7.382746000827938,7.382746000827938,6.072837221145148,3.6680981139284246,-0.13124515,-0.13358802,-0.13600993,-0.13813928,0.0,0.0,0.0,0.0,0.0,-0.23866626513077063,-0.24190089533947562,-0.24679125865800552,0.0,0.023760000243782997,0.023760000243782997,0.03132482878863811,0.0,0.0,0.0,0.0,0.0,0.0,0.0,0.0,0.0,0.0,0,0,0,0,0.0,0.0,0.0,0.0,0.0,0,0,0.9349725246429443,1.5361107676017672E-4,0.012842948999605142,0.03701343405969427,0.024170485060089127
2012-07-22T11:30:00,2012,204,11,0,"9273d490-b46d-48de-afa3-955b5c30eb93",124.45833346620202,92.38349826956897,43.68372657945927,17.4724,0.9686999917030334,31.698,400.0,2.6,2.01,[0.17961264299637983],[-0.07610000000000001],-0.07610000000000001,23.88379384797061,15.1,0.29530984003311755,12,45,0.0,0.0,0.0,0.0,0.0,0.0,0.0,-0.3891841471195221,-0.3891841471195221,0.0,0.29530984003311755,0.0,0.4429647757177188,-0.12186912649557075,-0.24405667,32.59821459823665,0.17081175820609484,40081.181277673415,14421.517172224381,17991.835291812313,0.0,5629.8619134641485,448.53263966682323,1495.1150743019145,3096.232504527858,12351.25407216069,692.1737362194631,31.902620872145782,139.31541865305056,1186.1302781255886,214.91160420737998,859.6064200297087,8.0715275,0.3107227,0.598637,0.0031894303,0.0027428907,0.0825889,0.04298612,0.0,0.0021190867,0.9983644,0.0014841321,0.0013444806,2.8142897E-5,1.229106E-4,0.0,0.0,0.0,2.736070802557541,2.508006855740075,0.19280986325495822,0.0,0.004939415494746709,0.013210400547330844,0.094149112028597,0.0,0.08847884342955094,0.21743623119548713,1.6931134822317618E-4,6.690410020342874E-4,0.0,0.056551514907396315,0.141424893472101,0.19797640837949732,0.003345205010171438,0.02473389096556114,0.09875004781564783,0.12348393878120897,0.013210400547330844,0.005163142754141935,0.020340184362678832,0.025503327116820768,0.005583711892095024,6.452208,0.005621949251383647,678.2064053841291,61.03857891002673,0.01692081879238208,1.575,0.0,0.0,0.006537150580009219,0.0,0.0,0.0,0.0,0.0,0.0,0.0,0.0,7.382746000827938,7.382746000827938,6.072837221145148,3.6680981139284246,-0.12649858,-0.12884054,-0.13126172,-0.1333907,0.0,0.0,0.0,0.0,0.0,-0.23866626513077063,-0.24190089533947562,-0.24679125865800552,0.0,0.023760000243782997,0.023760000243782997,0.03132482878863811,0.0,0.0,0.0,0.0,0.0,0.0,0.0,0.0,0.0,0.0,0,0,0,0,0.0,0.0,0.0,0.0,0.0,0,0,0.9349725246429443,1.5361105655528823E-4,0.012971328833373263,0.03699823223312319,0.02402690339974993
2012-07-22T12:30:00,2012,204,12,0,"9273d490-b46d-48de-afa3-955b5c30eb93",124.50000013411045,92.41723325142057,44.02544740911661,18.2013,0.9861999750137329,68.5829,400.0,2.66,2.06,[0.18314280686079132],[-0.06919999999999998],-0.06919999999999998,24.942843049376886,15.1,0.29530984003311755,12,45,2.1924613041277934,1.6248262805246192,0.7992011507707436,1.2506204149261728,0.0,0.11554455040852737,0.24379977246912898,-0.09311207911620538,-0.08386295816105672,-0.8183802646793734,0.04309146294661012,0.0,0.2953098400331175,-0.07587898257046606,-0.13197209,57.226474704169775,0.17586156994907243,40076.47764329381,14403.911892982416,17993.120251586577,0.0,5641.455995687679,448.53820277851895,1495.1321162796883,3096.454892335669,12351.83155032299,684.4392968316992,31.907516607891356,139.3204861045178,1186.1701667812208,214.91865955760397,859.633966575622,6.7264104,0.15957776,0.72648036,0.0040293136,0.0033923541,0.10396479,0.053807795,0.0,0.0025554274,0.99823743,0.0015992756,0.0014487874,3.032978E-5,1.3244699E-4,0.0,0.0,0.0,1.3025932907428346,1.0733855394225944,0.1937787985674097,0.0,0.004964116411762759,0.013275982272413538,0.10012648678716088,0.0,0.09437044530796246,0.21989728319184124,1.5812391726907654E-4,7.113112687773062E-4,0.0,0.06012543475014288,0.15036260349989855,0.21048803825004142,0.003556556343886532,0.02485757348502143,0.09924220727748981,0.12409978076251124,0.013275982272413538,0.005536663680310218,0.0218088428997812,0.027345506580091418,0.005985826814846532,6.4518366,0.005900933405605004,678.9983155955333,61.109850831885204,0.016942564704389717,1.575,0.0,0.0,0.006861550773613363,0.0,0.10649942332851378,0.13903122407787558,0.25608855419377885,0.0,0.0,0.0,0.0,7.382746000827938,7.382746000827938,6.072837221145148,3.6680981139284246,-0.07976131,-0.081500664,-0.08343608,-0.08532141,0.0,-0.1801698364779916,-0.13202894603437268,0.012453959127756892,0.0,-0.12876670306439006,-0.13071788084231017,-0.1335169113626813,0.0,0.023760000243782997,0.023760000243782997,0.023760000243782997,0.0,0.0,0.0,0.0,0.0,0.0,0.0,0.0,0.0,0.0,0,0,0,0,0.0,0.0,0.0,0.0,0.0,0,0,0.9349725246429443,1.5361104448665322E-4,0.011648288251308259,0.03966466964922844,0.028016381397920183
2012-07-22T13:30:00,2012,204,13,0,"9273d490-b46d-48de-afa3-955b5c30eb93",124.54166680201888,92.45279679974851,44.40511827881486,19.1121,0.9656999707221985,58.2087,400.0,2.38,2.07,[0.18650697900526886],[-0.06330000000000002],-0.06330000000000002,25.952094732824207,15.1,0.29530984003311755,12,45,1.8589219026105563,1.3796862692106249,0.79838662545743,1.247415290341998,0.0,0.11623659405685662,0.2425462072281304,-0.1658032804649944,-0.14437346063420936,-1.6175113683122861,0.1008155735002839,0.0,0.2953098400331175,-0.07897117277883614,-0.08504074,42.387224761145845,0.1728531471636371,40068.649193852616,14383.169998167677,17994.464603160202,0.0,5653.001429307815,448.5440732215617,1495.149908295042,3096.6868007813623,12352.432667584191,675.3268637923189,31.91271428176744,139.32577054047505,1186.2101330475207,214.92569549239641,859.6613855212104,7.290528,0.22343934,0.66745526,0.0038490088,0.0032164813,0.09966765,0.051324908,0.0,0.0023722681,0.998077,0.0017457799,0.0015815034,3.3112152E-5,1.4458038E-4,0.0,0.0,0.0,1.859632323298146,1.6289906377371803,0.19499319444448987,0.0,0.004995095740069332,0.013358309118825318,0.10488590518496839,0.0,0.09915539177651508,0.21897459733267255,1.2028431792611656E-4,7.441269275789079E-4,0.0,0.06290037660313216,0.15730221683838763,0.2202025934415198,0.00372063463789454,0.025012696388240784,0.09985977861786233,0.12487247500610311,0.013358309118825318,0.005894691189837688,0.023215907031447044,0.02911059822128473,0.006370901666409104,6.4332147,0.006152808980431743,679.7973802362994,61.18176665241183,0.01696581726395196,1.575,0.0,0.0,0.007154429361882997,0.0,0.10725275163847142,0.1394476274327335,0.2546296086127147,0.0,0.0,0.0,0.0,7.382746000827938,7.382746000827938,6.072837221145148,3.6680981139284246,-0.083014555,-0.0848838,-0.08692392,-0.088861756,0.0,-0.22940585520636034,-0.18783754771369682,-0.058582754227328795,0.0,-0.08212738215219811,-0.08389438391472612,-0.08648134802940924,0.0,0.023760000243782997,0.023760000243782997,0.023760000243782997,0.0,0.0,0.0,0.0,0.0,0.0,0.0,0.0,0.0,0.0,0,0,0,0,0.0,0.0,0.0,0.0,0.0,0,0,0.9349725246429443,1.5361102585833859E-4,0.013781768444459885,0.04223053723891924,0.028448768794459352
2012-07-22T14:30:00,2012,204,14,0,"9273d490-b46d-48de-afa3-955b5c30eb93",124.58333346992731,92.48696935729575,44.75558493799717,18.4112,0.9656999707221985,45.5409,400.0,2.26,2.06,[0.18979231312743086],[-0.05810000000000002],-0.05810000000000002,26.937695008637043,15.1,0.29530984003311755,12,45,0.0,0.0,0.0,0.0,0.0,0.0,0.0,-0.4140290915966034,-0.4140290915966034,0.0,0.043091461655043045,0.0,0.4429647757177188,-0.06481812986654752,-0.08504074,31.263945603000284,0.16967002869866143,40062.46748825269,14364.272087278867,17995.742161046306,0.0,5664.418821148662,448.5487883253216,1495.1664510630096,3096.906459768252,12353.00017108675,667.02453900008,31.917582279401554,139.3306151714297,1186.2449352548983,214.93178349984527,859.6850501899776,8.075098,0.3088415,0.59592277,0.003316703,0.002826765,0.08696059,0.044764306,0.0,0.0021316453,0.9981759,0.0016553685,0.0014995973,3.140138E-5,1.3709338E-4,0.0,0.0,0.0,2.7234936094890876,2.493925271687103,0.19408793218114162,0.0,0.004971775101127272,0.013295385626385733,0.10048108782097191,0.0,0.09488435156841653,0.21654611365816973,7.553055296648601E-5,7.090698405184642E-4,0.0,0.059938143628991636,0.14989421627142932,0.20983235990042096,0.0035453492025923215,0.02489587523649969,0.09939155550036624,0.12428743073686593,0.013295385626385733,0.005540102065244743,0.021816235842428672,0.027356337907673414,0.005985668011786267,6.414228,0.005882857020892551,680.6032854087863,61.254298120817786,0.016988551331950687,1.575,0.0,0.0,0.0068405317206970805,0.0,0.0,0.0,0.0,0.0,0.0,0.0,0.0,7.382746000827938,7.382746000827938,6.072837221145148,3.6680981139284246,-0.06900055,-0.07098196,-0.07311247,-0.075095646,0.0,0.0,0.0,0.0,0.0,-0.08212738215219811,-0.08389438391472612,-0.08648134802940924,0.0,0.023760000243782997,0.023760000243782997,0.023760000243782997,0.0,0.0,0.0,0.0,0.0,0.0,0.0,0.0,0.0,0.0,0,0,0,0,0.0,0.0,0.0,0.0,0.0,0,0,0.9349725246429443,1.536110019690217E-4,0.014474301839072723,0.03969125384521184,0.025216952006139118
2012-07-22T15:30:00,2012,204,15,0,"9273d490-b46d-48de-afa3-955b5c30eb93",124.62500013783574,92.5216623561015,45.11670994113014,18.667,0.9394000172615051,67.94,400.0,2.53,2.01,[0.19411476556634202],[-0.05200000000000002],-0.05200000000000002,28.23443079183804,15.1,0.29530984003311755,12,45,1.949146271908924,1.4041948722581803,0.7172307447412879,1.1116151875373308,0.0,0.036606343341593406,0.2642058184825541,-0.16267020689944425,-0.16375691537988418,-1.6683865865624707,0.16820067310173992,0.0,0.2953098400331175,-0.07836711969631241,-0.07836712,36.406637701499996,0.17090977280906683,40053.73934334113,14342.78179496459,17997.049542622233,0.0,5675.851419796124,448.5539530200273,1495.1834558450607,3097.130735539529,12353.580337726373,657.5833162256125,31.9225692209318,139.33562164792735,1186.2816953921429,214.93823248044026,859.710136413081,7.5607758,0.25932723,0.6373081,0.0036041073,0.003049231,0.094430715,0.0484393,0.0,0.0022805948,0.9980914,0.0017325672,0.0015695291,3.2869844E-5,1.4348754E-4,0.0,0.0,0.0,2.190698241825297,1.9607150402665647,0.19444076786347175,0.0,0.004980679683819378,0.013318686981308132,0.1026435727649733,0.0,0.09700645274820818,0.21683453109357695,9.633742167110024E-5,7.22237459681194E-4,0.0,0.061052286524243854,0.15268047824653144,0.2137327647707753,0.0036111872984059706,0.024940450782424392,0.0995677715614966,0.12450822234392099,0.013318686981308132,0.005670613349599817,0.022327113736549015,0.02799772708614883,0.00612467723540144,6.3792,0.005968098738120484,681.416130231274,61.32745415774864,0.017012547177934295,1.575,0.0,0.0,0.006939650000905751,0.0,0.03416257310235939,0.07840221718498039,0.27775527657957705,0.0,0.0,0.0,0.0,7.382746000827938,7.382746000827938,6.072837221145148,3.6680981139284246,-0.08259829,-0.08461905,-0.08678129,-0.08878037,0.0,-0.3356690568177061,-0.2642839028615902,0.01981195946817372,0.0,-0.07836711969631241,-0.07836711969631241,-0.0784306768933549,0.0,0.023760000243782997,0.023760000243782997,0.023760000243782997,0.0,0.0,0.0,0.0,0.0,0.0,0.0,0.0,0.0,0.0,0,0,0,0,0.0,0.0,0.0,0.0,0.0,0,0,0.9349725246429443,1.5361098023106728E-4,0.014184403044055216,0.04062110309408282,0.0264367000500276
2012-07-22T16:30:00,2012,204,16,0,"9273d490-b46d-48de-afa3-955b5c30eb93",124.66666680574417,92.55649386254709,45.48072243176066,18.7363,0.9509000182151794,44.8269,400.0,2.33,1.93,[0.197283188344729],[-0.048000000000000015],-0.048000000000000015,29.184957663124674,15.1,0.29530984003311755,12,45,0.0,0.0,0.0,0.0,0.0,0.0,0.0,-0.422958180308342,-0.422958180308342,0.0,0.043091461655043045,0.0,0.4429647757177188,-0.05474984744358514,-0.07836712,30.49351588649082,0.16899347909057127,40047.59099558568,14323.9756559387,17998.35539447452,0.0,5687.181408218334,448.5590733870698,1495.2002887982285,3097.3540631712485,12354.157041446117,649.3213091074906,31.927546657840967,139.34055154280662,1186.3166995543909,214.94434766173111,859.733880942633,8.03664,0.3083575,0.59419066,0.003399528,0.0028691157,0.08903661,0.045551416,0.0,0.0021465614,0.9980799,0.0017430931,0.0015790618,3.307368E-5,1.4435999E-4,0.0,0.0,0.0,2.7082668985331817,2.478158406993934,0.1945488367781787,0.0,0.004983312797655092,0.01332520074254698,0.10288609693339971,0.0,0.09729833767190854,0.21488839087085587,9.102412776918752E-5,7.214375588140794E-4,0.0,0.06098576914639945,0.1525141271587848,0.21349989630518423,0.003607187794070398,0.02495360980814879,0.09961852290776682,0.1245721327159156,0.01332520074254698,0.0056733887837061,0.022334924864746145,0.028008313648452243,0.006125659991609906,6.3840785,0.005959403313224195,682.2359045928031,61.401233853218,0.017035629051145768,1.575,0.0,0.0,0.0069295390412790325,0.0,0.0,0.0,0.0,0.0,0.0,0.0,0.0,7.382746000827938,7.382746000827938,6.072837221145148,3.6680981139284246,-0.059211325,-0.06141789,-0.063729905,-0.065804094,0.0,0.0,0.0,0.0,0.0,-0.07836711969631241,-0.07836711969631241,-0.0784306768933549,0.0,0.023760000243782997,0.023760000243782997,0.023760000243782997,0.0,0.0,0.0,0.0,0.0,0.0,0.0,0.0,0.0,0.0,0,0,0,0,0.0,0.0,0.0,0.0,0.0,0,0,0.9349725246429443,1.536109544024181E-4,0.015168809753959067,0.04064037644792078,0.025471566693961716
2012-07-22T17:30:00,2012,204,17,0,"9273d490-b46d-48de-afa3-955b5c30eb93",124.7083334736526,92.58987027667571,45.815409913124896,18.0325,0.9743000268936157,11.7942,400.0,2.41,1.83,[0.20132864483725207],[-0.04340000000000003],-0.04340000000000003,30.398594659107196,15.1,0.29530984003311755,12,45,0.0,0.0,0.0,0.0,0.0,0.0,0.0,-0.40384097397327423,-0.40384097397327423,0.0,0.043091461655043045,0.0,0.4429647757177188,-0.050163317812232905,-0.07836712,30.532092319308425,0.1687876891608938,40041.491232765926,14305.28265399307,17999.607937373672,0.0,5698.501652724834,448.56354268814397,1495.2162735329637,3097.5677299025515,12354.708493892296,641.1090059377004,31.932256609993587,139.34520968321573,1186.3496583589426,214.95010344117998,859.7562200527445,7.9876823,0.3075403,0.5973184,0.0032927166,0.002818719,0.08688039,0.04444028,0.0,0.002149458,0.9981574,0.0016721288,0.0015147729,3.1731204E-5,1.3848367E-4,0.0,0.0,0.0,2.6855671130941947,2.4565343034719973,0.19364151824945158,0.0,0.0049599371607575125,0.013262166947223535,0.0990775170335042,0.0,0.09353030403501164,0.21470358447126495,8.5104332914171E-5,6.909178995502828E-4,0.0,0.0584068851087706,0.14606481195522367,0.20447169706399426,0.0034545894977514144,0.02483651975765467,0.09914932830433308,0.12398584806198776,0.013262166947223535,0.005371965297332848,0.021145341117632572,0.02651730641496542,0.005798275131048793,6.3713603,0.005723689888225866,683.0623344079834,61.475612539539775,0.017058863528265248,1.575,0.0,0.0,0.006655453651311388,0.0,0.0,0.0,0.0,0.0,0.0,0.0,0.0,7.382746000827938,7.382746000827938,6.072837221145148,3.6680981139284246,-0.054623984,-0.05682992,-0.05914142,-0.061215352,0.0,0.0,0.0,0.0,0.0,-0.07836711969631241,-0.07836711969631241,-0.0784306768933549,0.0,0.023760000243782997,0.023760000243782997,0.023760000243782997,0.0,0.0,0.0,0.0,0.0,0.0,0.0,0.0,0.0,0.0,0,0,0,0,0.0,0.0,0.0,0.0,0.0,0,0,0.9349725246429443,1.5361092956976506E-4,0.014462603423453402,0.038478239910034746,0.024015636486581345
2012-07-22T18:30:00,2012,204,18,0,"9273d490-b46d-48de-afa3-955b5c30eb93",124.75000014156103,92.62128454860286,46.11338490585636,17.1514,0.9682999849319458,9.0642,400.0,2.71,1.72,[0.2056899924246903],[-0.038999999999999986],-0.038999999999999986,31.70699898732998,15.1,0.29530984003311755,12,45,0.0,0.0,0.0,0.0,0.0,0.0,0.0,-0.3810006231069565,-0.3810006231069565,0.0,0.043091461655043045,0.0,0.4429647757177188,-0.04576779907647102,-0.07836712,30.669365277976,0.16866684875213067,40035.445958758326,14286.754333084786,18000.788521560913,0.0,5709.785129587564,448.56757521759545,1495.2312291583512,3097.7686447805513,12355.22685156821,632.9690512654355,31.93665227477872,139.34955331803974,1186.3803323762413,214.95545936008824,859.7769997792618,7.9165325,0.30723044,0.6007293,0.0031769613,0.0027596152,0.08394779,0.042999204,0.0,0.0021558856,0.99825704,0.0015816864,0.0014328393,3.0018518E-5,1.309941E-4,0.0,0.0,0.0,2.6598877985109652,2.4321996466488796,0.19250668531826387,0.0,0.004930734733959401,0.013183594425793093,0.09382907771861229,0.0,0.0883107992373326,0.21400623690910328,1.1249550362678665E-4,6.50088824117267E-4,0.0,0.05495631982129183,0.1374356090819578,0.19239192890324963,0.003250444120586336,0.024690281789765643,0.0985638400311278,0.12325412182089343,0.013183594425793093,0.0050162002931996765,0.01974233432646207,0.024758534619661744,0.0054125452632197615,6.3671393,0.005433455873491223,683.8950821953877,61.55055984338429,0.017082239645835037,1.575,0.0,0.0,0.006317972223976551,0.0,0.0,0.0,0.0,0.0,0.0,0.0,0.0,7.382746000827938,7.382746000827938,6.072837221145148,3.6680981139284246,-0.050227694,-0.052433036,-0.054744054,-0.056817744,0.0,0.0,0.0,0.0,0.0,-0.07836711969631241,-0.07836711969631241,-0.0784306768933549,0.0,0.023760000243782997,0.023760000243782997,0.023760000243782997,0.0,0.0,0.0,0.0,0.0,0.0,0.0,0.0,0.0,0.0,0,0,0,0,0.0,0.0,0.0,0.0,0.0,0,0,0.9349725246429443,1.536109061945033E-4,0.01355848170351237,0.0359272606007702,0.02236877889725783
2012-07-22T19:30:00,2012,204,19,0,"9273d490-b46d-48de-afa3-955b5c30eb93",124.79166680946946,92.6518408388232,46.39608076401788,16.7847,0.960099995136261,4.9912,400.0,3.08,1.6,[0.20923242768225916],[-0.035800000000000026],-0.035800000000000026,32.769729606829756,15.1,0.29530984003311755,12,45,0.0,0.0,0.0,0.0,0.0,0.0,0.0,-0.37184102833271027,-0.37184102833271027,0.0,0.043091461655043045,0.0,0.4429647757177188,-0.042566043857852495,-0.07836712,30.557952284968696,0.1684478608780472,40029.43529101095,14268.332265232308,18001.938392443306,0.0,5721.028035625984,448.57168854048183,1495.2457413204793,3097.9638793281447,12355.730430065803,624.875776217422,31.940919711936065,139.3537635628868,1186.4099493440713,214.96062851945152,859.7970460773188,7.8709083,0.30702278,0.602039,0.0031494098,0.0027401296,0.082885705,0.042438854,0.0,0.0021630086,0.9982849,0.0015568772,0.0014103625,2.9550969E-5,1.2894008E-4,0.0,0.0,0.0,2.6436877146974935,2.416548141569167,0.19204479775954367,0.0,0.004918773622504015,0.01315115923254548,0.09166093123422107,0.0,0.08613973519195613,0.21323675693897745,1.5064081440870124E-4,6.31960629212315E-4,0.0,0.05342466152065756,0.1336052114668806,0.18702987298753815,0.0031598031460615757,0.024630390087442965,0.09832317061657181,0.12295356070401478,0.01315115923254548,0.0048729091750569975,0.019175978474773592,0.02404888764983059,0.0052563474366193194,6.368789,0.005306623250686113,684.7340004752156,61.626062491569016,0.017105762184683633,1.575,0.0,0.0,0.006170492423526475,0.0,0.0,0.0,0.0,0.0,0.0,0.0,0.0,7.382746000827938,7.382746000827938,6.072837221145148,3.6680981139284246,-0.04702538,-0.049230292,-0.051540963,-0.05361448,0.0,0.0,0.0,0.0,0.0,-0.07836711969631241,-0.07836711969631241,-0.0784306768933549,0.0,0.023760000243782997,0.023760000243782997,0.023760000243782997,0.0,0.0,0.0,0.0,0.0,0.0,0.0,0.0,0.0,0.0,0,0,0,0,0.0,0.0,0.0,0.0,0.0,0,0,0.9349725246429443,1.5361088311175244E-4,0.013268913273350336,0.03489864619728937,0.021629732923939035
2012-07-22T20:30:00,2012,204,20,0,"9273d490-b46d-48de-afa3-955b5c30eb93",124.83333347737789,92.68101296592094,46.654901623375224,16.2117,0.9829999804496765,2.089,400.0,3.2,1.48,[0.21188406556318753],[-0.03360000000000001],-0.03360000000000001,33.56522100271825,15.1,0.29530984003311755,12,45,0.0,0.0,0.0,0.0,0.0,0.0,0.0,-0.3579230010509491,-0.3579230010509491,0.0,0.043091461655043045,0.0,0.4429647757177188,-0.04035851805997445,-0.07836712,30.556484425813426,0.1682667011776811,40023.46677826545,14250.039782238642,18003.037837297128,0.0,5732.234834149012,448.5755715912179,1495.2595874351225,3098.150141535534,12356.210797143061,616.8394310381325,31.94499632700991,139.35778024685845,1186.4381142858665,214.9655425928574,859.8160954301611,7.8151116,0.30679864,0.60438997,0.0030722828,0.002704812,0.080864266,0.041450456,0.0,0.0021700223,0.99833864,0.0015078761,0.0013659708,2.8623996E-5,1.2488248E-4,0.0,0.0,0.0,2.6239415731314852,2.3976656872742597,0.19131642601945104,0.0,0.004899991976283737,0.013100501179810708,0.0879601312840046,0.0,0.08246289064863828,0.21255192959480768,1.7082607410789412E-4,6.030383480404911E-4,0.0,0.050980394305195735,0.1274925477293615,0.17847294203455724,0.003015191740202456,0.02453633611068596,0.09794618735802553,0.1224825234687115,0.013100501179810708,0.004657685130978064,0.01832679307283209,0.022984478203810152,0.005022713549849916,6.3758802,0.005116179906796364,685.5788678017085,61.70210055397486,0.017129422386118955,1.575,0.0,0.0,0.005949046665071546,0.0,0.0,0.0,0.0,0.0,0.0,0.0,0.0,7.382746000827938,7.382746000827938,6.072837221145148,3.6680981139284246,-0.044817463,-0.047022082,-0.049332514,-0.05140591,0.0,0.0,0.0,0.0,0.0,-0.07836711969631241,-0.07836711969631241,-0.0784306768933549,0.0,0.023760000243782997,0.023760000243782997,0.023760000243782997,0.0,0.0,0.0,0.0,0.0,0.0,0.0,0.0,0.0,0.0,0,0,0,0,0.0,0.0,0.0,0.0,0.0,0,0,0.9349725246429443,1.5361086075616493E-4,0.012760207879182417,0.03335507514667544,0.020594867267493024
2012-07-22T21:30:00,2012,204,21,0,"9273d490-b46d-48de-afa3-955b5c30eb93",124.87500014528632,92.70877910032529,46.8902724650583,15.6489,0.9595000147819519,0.4157,400.0,3.56,1.36,[0.21393936973111433],[-0.03200000000000002],-0.03200000000000002,34.18181227759743,15.1,0.29530984003311755,12,45,0.0,0.0,0.0,0.0,0.0,0.0,0.0,-0.3447091430425644,-0.3447091430425644,0.0,0.043091461655043045,0.0,0.4429647757177188,-0.038746548728204634,-0.07836712,30.555122644665964,0.16809195269426863,40017.539700132635,14231.881130007816,18004.085997679365,0.0,5743.401347199575,448.5792734279601,1495.2727885513023,3098.3273449891844,12356.667786270169,608.861881059372,31.948893080646354,139.36161479799472,1186.4649179195767,214.9702175948869,859.8342109045932,7.757539,0.3066854,0.6066867,0.0029963634,0.0026711898,0.078782514,0.04045035,0.0,0.0021778182,0.9983899,0.0014613934,0.0013238607,2.7744494E-5,1.2103339E-4,0.0,0.0,0.0,2.604554288274861,2.379123897994365,0.19060334525435385,0.0,0.00488160659704908,0.013050929018886583,0.08416534290187902,0.0,0.07869167408908978,0.21178786170425656,1.9356953123080058E-4,5.737023547971822E-4,0.0,0.0485010415121415,0.12129214172127349,0.169793183233415,0.0028685117739859116,0.02444426952218952,0.09757721325329254,0.12202148277548205,0.013050929018886583,0.004454647697922737,0.017525858329786752,0.021980506027709488,0.004802417383040422,6.3871913,0.004930059971481886,686.4294677563274,61.778654552932544,0.017153215137662558,1.575,0.0,0.0,0.005732628126111439,0.0,0.0,0.0,0.0,0.0,0.0,0.0,0.0,7.382746000827938,7.382746000827938,6.072837221145148,3.6680981139284246,-0.0432052,-0.04540961,-0.04771987,-0.04979318,0.0,0.0,0.0,0.0,0.0,-0.07836711969631241,-0.07836711969631241,-0.0784306768933549,0.0,0.023760000243782997,0.023760000243782997,0.023760000243782997,0.0,0.0,0.0,0.0,0.0,0.0,0.0,0.0,0.0,0.0,0,0,0,0,0.0,0.0,0.0,0.0,0.0,0,0,0.9349725246429443,1.53610839103234E-4,0.012275749730179086,0.03189908447092282,0.019623334740743736
2012-07-22T22:30:00,2012,204,22,0,"9273d490-b46d-48de-afa3-955b5c30eb93",124.91666681319475,92.73527521245845,47.105018310895076,15.1539,0.9794999957084656,0.2166,400.0,3.68,1.26,[0.2158353353786432],[-0.030600000000000023],-0.030600000000000023,34.75060199445776,15.1,0.29530984003311755,12,45,0.0,0.0,0.0,0.0,0.0,0.0,0.0,-0.33345048129558563,-0.33345048129558563,0.0,0.043091461655043045,0.0,0.4429647757177188,-0.03733189389501735,-0.07836712,30.52156174921978,0.16790222818324713,40011.651337785275,14213.84805312595,18005.08782151807,0.0,5754.528031102098,448.58284488486805,1495.2854261699854,3098.496377799066,12357.103714417124,600.9394994713989,31.952637032893264,139.3652938057199,1186.49054454606,214.97468558259868,859.851517228944,7.703605,0.306589,0.6087551,0.0029295995,0.002642766,0.07689779,0.03955184,0.0,0.0021857326,0.9984315,0.0014237831,0.001289788,2.7033151E-5,1.17919066E-4,0.0,0.0,0.0,2.586530992527057,2.361840545484555,0.18997941746982702,0.0,0.004865511179452567,0.013007497568680557,0.08072462301002623,0.0,0.0752725525734737,0.21103244861704462,2.1528111009107238E-4,5.47179357193779E-4,0.0,0.04625937493044465,0.11568614526847412,0.16194552019891878,0.0027358967859688957,0.024363666710711343,0.09725407935753742,0.12161774606824877,0.013007497568680557,0.0042823467676892475,0.016846117736926944,0.021128464504616192,0.004615433342660882,6.4010954,0.004765833259731799,687.2856093777715,61.85570730192431,0.017177136818862775,1.575,0.0,0.0,0.0055416668249744965,0.0,0.0,0.0,0.0,0.0,0.0,0.0,0.0,7.382746000827938,7.382746000827938,6.072837221145148,3.6680981139284246,-0.041790288,-0.043994512,-0.04630462,-0.048377857,0.0,0.0,0.0,0.0,0.0,-0.07836711969631241,-0.07836711969631241,-0.0784306768933549,0.0,0.023760000243782997,0.023760000243782997,0.023760000243782997,0.0,0.0,0.0,0.0,0.0,0.0,0.0,0.0,0.0,0.0,0,0,0,0,0.0,0.0,0.0,0.0,0.0,0,0,0.9349725246429443,1.536108179969184E-4,0.011876625365403015,0.03066349188215308,0.018786866516750066
2012-07-22T23:30:00,2012,204,23,0,"9273d490-b46d-48de-afa3-955b5c30eb93",124.95833348110318,92.76176380005312,47.31964331824507,15.151,0.9807999730110168,0.2154,400.0,3.92,1.17,[0.2165362603902957],[-0.030100000000000002],-0.030100000000000002,34.96087950630919,15.1,0.29530984003311755,12,45,0.0,0.0,0.0,0.0,0.0,0.0,0.0,-0.33338549733161926,-0.33338549733161926,0.0,0.043091461655043045,0.0,0.4429647757177188,-0.03681421881538396,-0.07836712,30.219681021238685,0.1676044163859176,40005.783330877435,14195.879126992217,18006.090073920896,0.0,5765.610362506902,448.5865797752723,1495.298028984686,3098.6651403957403,12357.538813481588,593.0453009111586,31.95637539161727,139.36895904578174,1186.515928223946,214.97910812248443,859.8686387091243,7.6763434,0.30646488,0.6084818,0.0029503366,0.0026511038,0.07725841,0.039667197,0.0,0.0021934514,0.9984106,0.0014422229,0.0013064907,2.7385884E-5,1.1944685E-4,0.0,0.0,0.0,2.5772290147296992,2.3525298008784654,0.18998845300633055,0.0,0.004865633591822186,0.013007440316186522,0.08086074692060297,0.0,0.07540950424081498,0.21019124415059282,2.3374479656732656E-4,5.465813465408213E-4,0.0,0.046209366273584095,0.11556108026855558,0.16177044654213968,0.0027329067327041072,0.024364258280863887,0.0972551269852862,0.12161938526615008,0.013007440316186522,0.004278800883550095,0.016830398063033998,0.02110919894658409,0.004610437586373261,6.417946,0.004756370858312019,688.1472816632477,61.93325781069875,0.017201195036521604,1.575,0.0,0.0,0.005530664032141676,0.0,0.0,0.0,0.0,0.0,0.0,0.0,0.0,7.382746000827938,7.382746000827938,6.072837221145148,3.6680981139284246,-0.041272502,-0.043476656,-0.045786712,-0.04785992,0.0,0.0,0.0,0.0,0.0,-0.07836711969631241,-0.07836711969631241,-0.0784306768933549,0.0,0.023760000243782997,0.023760000243782997,0.023760000243782997,0.0,0.0,0.0,0.0,0.0,0.0,0.0,0.0,0.0,0.0,0,0,0,0,0.0,0.0,0.0,0.0,0.0,0,0,0.9349725246429443,1.536107964255326E-4,0.011987899924861267,0.030636556432040187,0.01864865650717892
2012-07-23T00:30:00,2012,205,0,0,"9273d490-b46d-48de-afa3-955b5c30eb93",125.00000014901161,92.79130556490577,47.58475580567383,16.3627,0.9190000295639038,0.0104,400.0,3.38,1.88,[0.21682030314037368],[-0.029900000000000006],-0.029900000000000006,35.04609233471864,15.1,0.29530984003311755,12,45,0.0,0.0,0.0,0.0,0.0,0.0,0.0,-0.361544668674469,-0.361544668674469,0.0,0.043091461655043045,0.0,0.4429647757177188,-0.03660340331400414,-0.07836712,29.283192853385007,0.16703032217510938,39999.89150976068,14177.817781105734,18007.207795901842,0.0,5776.643614973293,448.5911821254006,1495.3119792695543,3098.852903546082,12358.022790430625,585.1105000425937,31.96048801160853,139.37300380119228,1186.5439476603951,214.9839922443848,859.8875464521639,7.716865,0.30615905,0.60260606,0.0031804042,0.0027498119,0.08310476,0.042229675,0.0,0.0021998945,0.9982746,0.001567925,0.0014203608,2.9399234E-5,1.2821669E-4,0.0,0.0,0.0,2.5891503158200604,2.362588102752507,0.19156530673531796,0.0,0.004905906158994831,0.013114711205201465,0.08972504370358421,0.0,0.08422909593180375,0.20926039641196806,2.3760453085005113E-4,6.081122095533309E-4,0.0,0.05143467472820266,0.12862860759181852,0.18006328232002117,0.003040561047766655,0.024565898626838948,0.09805870090662948,0.12262459953346842,0.013114711205201465,0.0047015436643753775,0.01849128841786535,0.023192832082240728,0.005064654800981459,6.428301,0.005125032380979283,689.014913288964,62.0113446601161,0.01722541955197134,1.575,0.0,0.0,0.005959340240155872,0.0,0.0,0.0,0.0,0.0,0.0,0.0,0.0,7.382746000827938,7.382746000827938,6.072837221145148,3.6680981139284246,-0.04106162,-0.043265752,-0.045575786,-0.04764898,0.0,0.0,0.0,0.0,0.0,-0.07836711969631241,-0.07836711969631241,-0.0784306768933549,0.0,0.023760000243782997,0.023760000243782997,0.023760000243782997,0.0,0.0,0.0,0.0,0.0,0.0,0.0,0.0,0.0,0.0,0,0,0,0,0.0,0.0,0.0,0.0,0.0,0,0,0.9393413662910461,1.496558537509983E-4,0.0130889010761166,0.03366208155245719,0.02057318047634059
2012-07-23T01:30:00,2012,205,1,0,"9273d490-b46d-48de-afa3-955b5c30eb93",125.04166681692004,92.81991555948856,47.834114149236065,15.9846,0.9333000183105469,0.0985,400.0,3.27,1.69,[0.21710648760835524],[-0.029699999999999997],-0.029699999999999997,35.13194767852469,15.1,0.29530984003311755,12,45,0.0,0.0,0.0,0.0,0.0,0.0,0.0,-0.35253728926181793,-0.35253728926181793,0.0,0.043091461655043045,0.0,0.4429647757177188,-0.03639338941424135,-0.07836712,29.17457609339078,0.16677426490511427,39994.03433538564,14159.85180591812,18008.292215077978,0.0,5787.650394191228,448.5952183221098,1495.3255478025808,3099.0346890195697,12358.491437237468,577.2175979067712,31.964494908023436,139.37694967937296,1186.5712488808674,214.98875128296385,859.905964452493,7.6759105,0.3057905,0.6043677,0.0031078532,0.0027316757,0.08179628,0.0415879,0.0,0.002205981,0.99830204,0.001542727,0.0013975322,2.8929804E-5,1.2615682E-4,0.0,0.0,0.0,2.573218804974972,2.347220628548768,0.1910902243563935,0.0,0.004893617643504268,0.013081421870331398,0.08720003802751297,0.0,0.08176988775904745,0.2087582958316602,2.0255795089766022E-4,5.885190768642882E-4,0.0,0.04977818140686505,0.12448602140441022,0.17426420281127528,0.0029425953843214415,0.024504330325034202,0.09781145920083925,0.12231578952587345,0.013081421870331398,0.004590918029947424,0.018054084932397158,0.022645002962344583,0.004944081804892622,6.4379177,0.004998196850057405,689.8883567717384,62.08995457668948,0.01724978157958283,1.575,0.0,0.0,0.005811857058174522,0.0,0.0,0.0,0.0,0.0,0.0,0.0,0.0,7.382746000827938,7.382746000827938,6.072837221145148,3.6680981139284246,-0.040851545,-0.043055646,-0.045365658,-0.04743884,0.0,0.0,0.0,0.0,0.0,-0.07836711969631241,-0.07836711969631241,-0.0784306768933549,0.0,0.023760000243782997,0.023760000243782997,0.023760000243782997,0.0,0.0,0.0,0.0,0.0,0.0,0.0,0.0,0.0,0.0,0,0,0,0,0.0,0.0,0.0,0.0,0.0,0,0,0.9393413662910461,1.496558303247359E-4,0.012810199878003914,0.032865327466428125,0.02005512758842421
2012-07-23T02:30:00,2012,205,2,0,"9273d490-b46d-48de-afa3-955b5c30eb93",125.08333348482847,92.84788918693282,48.07290164846878,15.7309,0.9555000066757202,0.8385,400.0,3.46,1.52,[0.21768540009853074],[-0.02929999999999999],-0.02929999999999999,35.30562143247852,15.1,0.29530984003311755,12,45,0.0,0.0,0.0,0.0,0.0,0.0,0.0,-0.3466067612171173,-0.3466067612171173,0.0,0.043091461655043045,0.0,0.4429647757177188,-0.03598531479341146,-0.07836712,29.000581893978858,0.16651734458979417,39988.206662204815,14141.982310220359,18009.353693694873,0.0,5798.613603839539,448.59909608805185,1495.3388065979548,3099.2122538508684,12358.949113820743,569.36708162329,31.96841811323512,139.38080572858874,1186.5977953168458,214.99337604036748,859.9238538749028,7.6346045,0.305704,0.60523224,0.003073503,0.0027214107,0.08105474,0.0412025,0.0,0.002214112,0.9983129,0.0015329133,0.0013886401,2.8748713E-5,1.2535496E-4,0.0,0.0,0.0,2.5595540322925436,2.3339290683467824,0.19077643640385059,0.0,0.0048854597605931015,0.013059197844149101,0.08553904384552748,0.0,0.08013786685734818,0.20793194064410087,2.0544415882351556E-4,5.750230372646467E-4,0.0,0.04863731308795979,0.12163291810116657,0.17027023118912635,0.002875115186323234,0.024463458490027255,0.09764691396094285,0.12211037245097012,0.013059197844149101,0.004497901395605058,0.017686291703648428,0.022184193099253485,0.004842580113247566,6.4456935,0.004913524533836173,690.7675136553851,62.16907869936179,0.017274280877123446,1.575,0.0,0.0,0.005713400872188829,0.0,0.0,0.0,0.0,0.0,0.0,0.0,0.0,7.382746000827938,7.382746000827938,6.072837221145148,3.6680981139284246,-0.040443372,-0.04264742,-0.044957392,-0.04703055,0.0,0.0,0.0,0.0,0.0,-0.07836711969631241,-0.07836711969631241,-0.0784306768933549,0.0,0.023760000243782997,0.023760000243782997,0.023760000243782997,0.0,0.0,0.0,0.0,0.0,0.0,0.0,0.0,0.0,0.0,0,0,0,0,0.0,0.0,0.0,0.0,0.0,0,0,0.9393413662910461,1.496558069366652E-4,0.012660222972044721,0.032197666054678116,0.019537443082633395
2012-07-23T03:30:00,2012,205,3,0,"9273d490-b46d-48de-afa3-955b5c30eb93",125.1250001527369,92.87570626129595,48.30910997517233,15.669,0.9333000183105469,1.1056,400.0,3.23,1.37,[0.21783151353122693],[-0.02919999999999999],-0.02919999999999999,35.34945546402918,15.1,0.29530984003311755,12,45,0.0,0.0,0.0,0.0,0.0,0.0,0.0,-0.3451734334230423,-0.3451734334230423,0.0,0.043091461655043045,0.0,0.4429647757177188,-0.03587868619910854,-0.07836712,28.727013965306508,0.16621360643524782,39982.401354651214,14124.184362083603,18010.410068774214,0.0,5809.532811425739,448.6029995340211,1495.3519633828423,3099.388592057309,12359.40349450178,561.547997972394,31.97231714338238,139.38462919703392,1186.6239571553833,214.99793043001068,859.9414613049892,7.6041555,0.30558807,0.60521686,0.0030772062,0.0027255283,0.081170306,0.04120146,0.0,0.0022220467,0.99829787,0.0015464893,0.0014009363,2.9006233E-5,1.2646582E-4,0.0,0.0,0.0,2.549283817413652,2.323739258738565,0.19071019031099387,0.0,0.004883644185985939,0.013053935686371292,0.08525062369855149,0.0,0.07986329984681692,0.20709738265785338,2.138325889767596E-4,5.713272036943708E-4,0.0,0.048325336956802176,0.12085272082775265,0.16917805778455483,0.0028566360184718548,0.02445434243109504,0.09760913852462325,0.12206348095571828,0.013053935686371292,0.00447327129629086,0.017587501920048723,0.022060773216339584,0.004814768950850554,6.4520907,0.0048855162421706224,691.6523513721214,62.24871409703249,0.017298919723131148,1.575,0.0,0.0,0.005680833089749054,0.0,0.0,0.0,0.0,0.0,0.0,0.0,0.0,7.382746000827938,7.382746000827938,6.072837221145148,3.6680981139284246,-0.0403367,-0.042540733,-0.04485069,-0.046923846,0.0,0.0,0.0,0.0,0.0,-0.07836711969631241,-0.07836711969631241,-0.0784306768933549,0.0,0.023760000243782997,0.023760000243782997,0.023760000243782997,0.0,0.0,0.0,0.0,0.0,0.0,0.0,0.0,0.0,0.0,0,0,0,0,0.0,0.0,0.0,0.0,0.0,0,0,0.9393413662910461,1.4965578315043873E-4,0.012721403341856785,0.03201970172097451,0.019298298379117722
2012-07-23T04:30:00,2012,205,4,0,"9273d490-b46d-48de-afa3-955b5c30eb93",125.16666682064533,92.90253405485952,48.52919747022378,15.2821,0.9575999975204468,1.012,400.0,3.23,1.24,[0.21857058748783428],[-0.02870000000000002],-0.02870000000000002,35.571177659821835,15.1,0.29530984003311755,12,45,0.0,0.0,0.0,0.0,0.0,0.0,0.0,-0.3363342583179474,-0.3363342583179474,0.0,0.043091461655043045,0.0,0.4429647757177188,-0.035375493526079674,-0.07836712,28.61950786543831,0.16597459321700964,39976.63011522567,14106.496698546587,18011.430150674227,0.0,5820.4127790482535,448.60666883483486,1495.3646709826987,3099.558529999587,12359.841340745572,553.77736510381,31.97609474954075,139.38832683412974,1186.64913588056,215.00231117188383,859.9583890639256,7.556806,0.3054879,0.60682046,0.0030171988,0.002704808,0.07973951,0.04051839,0.0,0.0022301238,0.9983264,0.0015208662,0.0013777228,2.8528493E-5,1.2437113E-4,0.0,0.0,0.0,2.5334817180835025,2.308512813460245,0.19022517207626577,0.0,0.004871104259937258,0.013020015036980739,0.08254920485043168,0.0,0.07719544050931179,0.2063531442402895,2.1749372520492942E-4,5.506451883529808E-4,0.0,0.046576565214286596,0.11647936385316164,0.16305592906744823,0.0027532259417649045,0.024391530114479948,0.09735702506092263,0.12174855517540258,0.013020015036980739,0.004336647563628062,0.01704847168659521,0.021385119250223274,0.0046664667508407864,6.4551764,0.004756641941192309,692.5427200681027,62.32884728285501,0.017323689317282846,1.575,0.0,0.0,0.005530979244807049,0.0,0.0,0.0,0.0,0.0,0.0,0.0,0.0,7.382746000827938,7.382746000827938,6.072837221145148,3.6680981139284246,-0.039833393,-0.042037364,-0.044347268,-0.046420395,0.0,0.0,0.0,0.0,0.0,-0.07836711969631241,-0.07836711969631241,-0.0784306768933549,0.0,0.023760000243782997,0.023760000243782997,0.023760000243782997,0.0,0.0,0.0,0.0,0.0,0.0,0.0,0.0,0.0,0.0,0,0,0,0,0.0,0.0,0.0,0.0,0.0,0,0,0.9393413662910461,1.4965575969337632E-4,0.012432754781912081,0.031040094846236002,0.01860734006432392
2012-07-23T05:30:00,2012,205,5,0,"9273d490-b46d-48de-afa3-955b5c30eb93",125.20833348855376,92.92829506809062,48.73220581011586,14.8722,0.9473999738693237,1.3902,400.0,3.35,1.12,[0.2654590508612009],[-0.009999999999999998],-0.009999999999999998,49.63771723078587,15.1,0.29530984003311755,12,45,0.0,0.0,0.0,0.0,0.0,0.0,0.0,-0.3271915316581726,-0.3271915316581726,0.0,0.29530984003311755,0.0,0.4429647757177188,-0.056344285801037314,-0.07836712,28.525078907383413,0.16574645919361808,39970.8936690204,14088.926689482912,18012.410982610323,0.0,5831.249790912839,448.6101501536305,1495.3769110292362,3099.721615506982,12360.26152252432,546.0584207872927,31.97974783744299,139.39189630202878,1186.6733279649388,215.006517908308,859.974636613222,7.506321,0.3054825,0.6084898,0.0029510057,0.0026831278,0.07815465,0.039777342,0.0,0.0022389048,0.9983573,0.0014929583,0.0013524398,2.800771E-5,1.2208956E-4,0.0,0.0,0.0,2.517409027705502,2.2930496886635936,0.18971141481754888,0.0,0.004857833775606186,0.012984152751229534,0.0796100937103423,0.0,0.0742846547965909,0.20553843081287498,2.2950272179362059E-4,5.284155072272262E-4,0.0,0.044696800967685794,0.11177841908900987,0.15647522005669567,0.0026420775361361316,0.024325046846911037,0.09709036189513741,0.12141540874204845,0.012984152751229534,0.0041962141006665335,0.016494650574170037,0.020690864674836572,0.004514187511778837,6.372088,0.004597941859388143,693.4384352083417,62.40946164867985,0.017348584721431783,1.575,0.0,0.0,0.005346444257843536,0.0,0.0,0.0,0.0,0.0,0.0,0.0,0.0,7.382746000827938,7.382746000827938,6.072837221145148,3.6680981139284246,-0.06080562,-0.063012406,-0.06532459,-0.067398876,0.0,0.0,0.0,0.0,0.0,-0.07836711969631241,-0.07836711969631241,-0.0784306768933549,0.0,0.023760000243782997,0.023760000243782997,0.023760000243782997,0.0,0.0,0.0,0.0,0.0,0.0,0.0,0.0,0.0,0.0,0,0,0,0,0.0,0.0,0.0,0.0,0.0,0,0,0.9393413662910461,1.496557366263635E-4,0.012123060674639419,0.030033391162380282,0.017910330487740864
2012-07-23T06:30:00,2012,205,6,0,"9273d490-b46d-48de-afa3-955b5c30eb93",125.25000015646219,92.9541808764883,48.93719747475373,14.9198,0.949999988079071,2.5843,400.0,3.17,1.01,[0.3189457602466385],[-0.002499999999999999],-0.002499999999999999,65.6837306840284,15.1,0.29530984003311755,12,45,0.0,0.0,0.0,0.0,0.0,0.0,0.0,-0.3282416760921478,-0.3282416760921478,0.0,0.4429647757177186,0.0,0.4429647757177188,-0.07282622402839656,-0.07836712,28.19092359856505,0.16545449631806047,39965.17501138967,14071.439984923702,18013.397127973873,0.0,5842.015802972236,448.6137817921914,1495.3891712091522,3099.8852625998657,12360.683006054021,538.3760742226016,31.983410132462677,139.395466598067,1186.6973756346188,215.01069630300145,859.9907656186542,7.470951,0.3058213,0.6073651,0.0029790332,0.0026996168,0.07888473,0.04006468,0.0,0.0022502285,0.99832785,0.0015197835,0.0013767384,2.8513625E-5,1.242839E-4,0.0,0.0,0.0,2.5092206289313514,2.2847760375854054,0.1897851099356339,0.0,0.004859610114530572,0.012988523664189991,0.080105379402013,0.0,0.07479171836957929,0.20419182450401094,2.455194466284498E-4,5.305454857161301E-4,0.0,0.04487748182724998,0.11223026593142175,0.15710774775867173,0.0026527274285806507,0.024333913637452843,0.09712446570579474,0.12145837934324757,0.012988523664189991,0.00420959061534374,0.016545556561677013,0.020755147177020754,0.00452745515232636,6.298714,0.0045838552591726655,694.3394804130702,62.490555720327805,0.01737361290711702,1.575,0.0,0.0,0.00533006448943024,0.0,0.0,0.0,0.0,0.0,0.0,0.0,0.0,7.382746000827938,7.382746000827938,6.072837221145148,3.6680981139284246,-0.077820964,-0.08045846,-0.08311791,-0.08536637,0.0,0.0,0.0,0.0,0.0,-0.07836711969631241,-0.07836711969631241,-0.0784306768933549,0.0,0.023760000243782997,0.023760000243782997,0.023760000243782997,0.0,0.0,0.0,0.0,0.0,0.0,0.0,0.0,0.0,0.0,0,0,0,0,0.0,0.0,0.0,0.0,0.0,0,0,0.9393413662910461,1.4965571299641156E-4,0.01228274182358291,0.0301277452870075,0.01784500346342459
2012-07-23T07:30:00,2012,205,7,0,"9273d490-b46d-48de-afa3-955b5c30eb93",125.29166682437062,92.98212444580928,49.1754891428,15.719,0.9710000157356262,15.5101,400.0,2.84,0.91,[0.3189457602466385],[-0.002499999999999999],-0.002499999999999999,65.6837306840284,15.1,0.29530984003311755,12,45,0.0,0.0,0.0,0.0,0.0,0.0,0.0,-0.34633080661296844,-0.34633080661296844,0.0,0.4429647757177186,0.0,0.4429647757177188,-0.07287150524804104,-0.07836712,27.479070237679014,0.1649720385201115,39959.446944955016,14053.933088223,18014.460858628438,0.0,5852.713654858361,448.6179609388233,1495.4022421202085,3100.061397257464,12361.136253891933,530.6848567452505,31.98730365854604,139.39924769267424,1186.722570175409,215.01506782296565,860.0076261062675,7.4805927,0.3058776,0.60274196,0.0031435487,0.0027718889,0.083205484,0.0419186,0.0,0.0022595127,0.99819267,0.0016419407,0.0014873956,3.0808395E-5,1.342743E-4,0.0,0.0,0.0,2.5138202757630594,2.2881456474665947,0.19082682467058076,0.0,0.004886172690565186,0.01305913741625173,0.08620188785711158,0.0,0.08087164885065334,0.2028990756140386,2.4941793514285534E-4,5.71952724336734E-4,0.0,0.04838056238323254,0.12099081854403634,0.1693713809272689,0.0028597636216836702,0.02446688482652853,0.09765391430724164,0.12212079913377018,0.01305913741625173,0.004479431883380193,0.017604364005562853,0.022083795888943047,0.0048164703261786386,6.294661,0.0048190589793859545,695.246129174998,62.572154112143735,0.017398792584209545,1.575,0.0,0.0,0.005603557199389195,0.0,0.0,0.0,0.0,0.0,0.0,0.0,0.0,7.382746000827938,7.382746000827938,6.072837221145148,3.6680981139284246,-0.07786621,-0.08050372,-0.08316317,-0.085411645,0.0,0.0,0.0,0.0,0.0,-0.07836711969631241,-0.07836711969631241,-0.0784306768933549,0.0,0.023760000243782997,0.023760000243782997,0.023760000243782997,0.0,0.0,0.0,0.0,0.0,0.0,0.0,0.0,0.0,0.0,0,0,0,0,0.0,0.0,0.0,0.0,0.0,0,0,0.9393413662910461,1.4965568695615283E-4,0.013287129084346816,0.032057733390636195,0.01877060430628938
2012-07-23T08:30:00,2012,205,8,0,"9273d490-b46d-48de-afa3-955b5c30eb93",125.33333349227905,93.01272953166693,49.459043307871866,16.8053,0.9387999773025513,57.336,400.0,2.68,0.83,[0.3189457602466385],[-0.002499999999999999],-0.002499999999999999,65.6837306840284,15.1,0.29530984003311755,12,45,1.616375208361648,1.1402996434884352,0.7047819905302287,1.104890124769812,0.0,0.03720561113185989,0.2619666814051276,-0.15980050899088383,-0.15878489930035575,-1.671018836927765,0.29530984003311733,0.0,0.2953098400331175,-0.04941623388913357,-0.08755066,30.865439289135832,0.16569223760457896,39950.9463304256,14033.548919944229,18015.631818536644,0.0,5863.407094479604,448.6227640229885,1495.4165955939318,3100.2549074450053,12361.634514899053,521.7295819180084,31.991555816836218,139.40340137865536,1186.7507198434519,215.01996354567996,860.0265219383152,7.086343,0.26084945,0.6360132,0.0035518268,0.0030410404,0.09414165,0.04699246,0.0,0.0024028171,0.9979694,0.0018450248,0.0016713624,3.4622422E-5,1.5088297E-4,0.0,0.0,0.0,2.075822355710913,1.8484685916022117,0.1922484442125388,0.0,0.004922451459318265,0.013155683378853672,0.09439030160402143,0.0,0.08902785373728145,0.20281539110656369,2.2775883373781774E-4,6.276803417451781E-4,0.0,0.05309516497362445,0.13278116273271431,0.18587632770633877,0.003138401708725891,0.024648503114979278,0.09837741480250996,0.12302591791748924,0.013155683378853672,0.004889311882986356,0.019213107407762765,0.02410241929074912,0.005255769625355917,6.2944064,0.005153240985360256,696.1587700778703,62.654291796666094,0.017425338672082815,1.575,0.0,0.0,0.005992140944368018,0.0,0.0345349143649686,0.07852907097842503,0.2754625456426638,0.0,0.0,0.0,0.0,7.382746000827938,7.382746000827938,6.072837221145148,3.6680981139284246,-0.053995278,-0.056297168,-0.058686018,-0.060798742,0.0,-0.3029504804712435,-0.24447131180023401,-0.0037364205979204855,0.0,-0.08281723060617861,-0.08588791940924562,-0.08961928750460878,0.0,0.023760000243782997,0.023760000243782997,0.023760000243782997,0.0,0.0,0.0,0.0,0.0,0.0,0.0,0.0,0.0,0.0,0,0,0,0,0.0,0.0,0.0,0.0,0.0,0,0,0.9393413662910461,1.4965566011002662E-4,0.014143749707727693,0.03498803554913571,0.020844285841408017
2012-07-23T09:30:00,2012,205,9,0,"9273d490-b46d-48de-afa3-955b5c30eb93",125.37500016018748,93.04802882884172,49.83298084635474,18.9745,0.8948000073432922,133.689,400.0,2.53,0.75,[0.33849968381808443],[-0.0010000000000000002],-0.0010000000000000002,71.54990798856312,15.1,0.29530984003311755,12,45,3.745591537101051,2.64479195755468,0.7004300161383977,1.0990648933780307,0.0,0.03918740607139687,0.2590524112215428,0.051687189688285194,-0.023577326129063866,0.30037555353132206,6.207626034810286E-17,0.0,0.4294143328854066,-0.0010000000000000102,-0.058743887,37.20078854999435,0.16753344608989457,39948.09474672027,14018.548389408268,18016.998347235516,0.0,5874.1661430138,448.62905659340254,1495.4336749678773,3100.4803238171967,12362.21643148219,515.139473768054,31.996622008551856,139.4084209766299,1186.78608835882,215.02614649355007,860.050431024292,6.705762,0.20191719,0.67623335,0.0042242967,0.003465306,0.11158311,0.055025246,0.0,0.0025767297,0.99760604,0.002175161,0.0019704213,4.0821975E-5,1.7788202E-4,0.0,0.0,0.0,1.5847398676581992,1.354008605181992,0.19510640939510795,0.0,0.0049954912001481605,0.013350424687742486,0.10900539746230813,0.0,0.10355710919531434,0.204059751930813,1.8601165208594698E-4,7.276154608897597E-4,0.0,0.061549549550141094,0.15392400750319143,0.21547355705333254,0.003638077304448799,0.025014194483405063,0.09983541949571495,0.12484961397912,0.013350424687742486,0.005815017550611947,0.022848028912482082,0.02866304646309403,0.006249014830108732,6.270205,0.005824013976136682,697.0781830903152,62.73703897107421,0.017449597721992616,1.575,0.0,0.0,0.006772109572620831,0.0,0.03605809645847129,0.08041151318335878,0.2719237123297578,0.0,0.0,0.0,0.0,7.382746000827938,7.382746000827938,6.072837221145148,3.6680981139284246,-0.004762265,-0.006404789,-0.008262169,-0.010108364,0.0,-0.27403226514763546,-0.15860648828056992,0.23471896700328396,0.0,-0.055797516644356726,-0.057558399289472845,-0.060199996188295524,0.0,0.023760000243782997,0.023760000243782997,0.023760000243782997,0.0,0.0,0.0,0.0,0.0,0.0,0.0,0.0,0.0,0.0,0,0,0,0,0.0,0.0,0.0,0.0,0.0,0,0,0.9393413662910461,1.4965563269682798E-4,0.015778951252286788,0.04160685890290436,0.02582790765061757
2012-07-23T10:30:00,2012,205,10,0,"9273d490-b46d-48de-afa3-955b5c30eb93",125.41666682809591,93.08560916536972,50.26033082386839,20.2564,0.8964999914169312,171.7429,400.0,2.47,0.68,[0.33849968381808443],[-0.0010000000000000002],-0.0010000000000000002,71.54990798856312,15.1,0.29530984003311755,12,45,4.788997709101117,3.4345080698869603,0.6971172766241162,1.0750658553313974,0.0,0.04928356190719702,0.2454048730709976,0.15596806754668555,0.035433690709758624,1.0762342464309653,7.280593065338564E-17,0.0,0.5036371386792189,-0.001000000000000012,-0.008340847,42.62953817841609,0.1684976957233333,39947.74369393966,14005.861189165218,18018.465996253533,0.0,5885.009325416177,448.63563526143884,1495.4524146972649,3100.7218821111783,12362.841274537017,509.5656694601742,32.002228553761846,139.41401531928435,1186.826251151021,215.03318469742476,860.0776668892281,6.4734397,0.16086514,0.70598024,0.004568791,0.0037474935,0.122145884,0.05988171,0.0,0.0026924568,0.9973487,0.0024093117,0.0021825284,4.5222176E-5,1.9703181E-4,0.0,0.0,0.0,1.2741109710090182,1.0413507995813478,0.19682438995676527,0.0,0.005039323933426319,0.013467001563993471,0.11639016251159297,0.0,0.11095553727701882,0.20565546331876502,8.78461903929079E-5,7.766576370975781E-4,0.0,0.06569926138287598,0.16430166344555358,0.23000092482842954,0.0038832881854878915,0.02523359097917073,0.10070925053339334,0.12594284151256407,0.013467001563993471,0.006431215325675131,0.02526563979776992,0.03169685512344505,0.006908882005007826,6.2604356,0.006221429954119079,698.0048303239553,62.82043722541577,0.01747294755047323,1.575,0.0,0.0,0.0072342211952636645,0.0,0.04523159414882055,0.08565785349010548,0.25796088269245687,0.0,0.0,0.0,0.0,7.382746000827938,7.382746000827938,6.072837221145148,3.6680981139284246,-0.004762265,-0.006404789,-0.008262169,-0.010108364,0.0,-0.22376780619631975,-0.0979378709570165,0.2976518381868257,0.0,-0.006036181588699482,-0.0073560865489605935,-0.009572964428309138,0.0,0.023760000243782997,0.023760000243782997,0.023760000243782997,0.0,0.0,0.0,0.0,0.0,0.0,0.0,0.0,0.0,0.0,0,0,0,0,0.0,0.0,0.0,0.0,0.0,0,0,0.9393413662910461,1.4965560491860281E-4,0.016872036627319176,0.04601077855149311,0.029138741924173935
2012-07-23T11:30:00,2012,205,11,0,"9273d490-b46d-48de-afa3-955b5c30eb93",125.45833349600434,93.1238332722906,50.70490582897973,20.6698,0.8841000199317932,244.555,400.0,2.05,0.62,[0.33849968381808443],[-0.0010000000000000002],-0.0010000000000000002,71.54990798856312,15.1,0.29530984003311755,12,45,7.690936499834629,5.592818641481932,0.7862174664016917,1.2107227278323625,0.0,0.1010860824775107,0.24347240462572156,0.5552754110346237,0.25236796794391897,3.6897062804110394,1.0316616147335037E-16,0.0,0.7136549166622083,-0.0010000000000000167,-0.008340847,99.76169789535103,0.17394784973274388,39955.79049566993,14001.36108854243,18019.997012781474,0.0,5895.998705096208,448.64211677646796,1495.47244161344,3100.973636063162,12363.495988730367,507.5886627323938,32.00812462453897,139.42010851062872,1186.8738511403226,215.0416115721908,860.1104062997929,5.516506,0.0,0.8396145,0.005426801,0.004485161,0.14730519,0.071930096,0.0,0.0031683652,0.99730754,0.002446035,0.0022157908,4.5917954E-5,2.0003629E-4,0.0,0.0,0.0,0.23343308985503292,0.0,0.1973959297720818,0.0,0.005053796377285549,0.013505056838096165,0.12029808642752977,0.0,0.1148575013354276,0.2084282903133188,7.487629936915342E-6,8.013576774248164E-4,0.0,0.06779003431553207,0.16953029484708107,0.23732032916261314,0.004006788387124083,0.025305932313657672,0.10099602279976726,0.12630195511342493,0.013505056838096165,0.006733051040056755,0.026447502199338786,0.03318055323939554,0.0072305762279380285,6.2499514,0.0064052169914774,698.9389254846575,62.904505793219556,0.017492806845115543,1.575,0.0,0.0,0.007447927062062342,0.0,0.09239222420161468,0.12720988519449025,0.25626694184731774,0.0,0.0,0.0,0.0,7.382746000827938,7.382746000827938,6.072837221145148,3.6680981139284246,-0.004762265,-0.006404789,-0.008262169,-0.010108364,0.0,0.062407811242215415,0.1721032810466297,0.43055581148277255,0.0,-0.006036181588699484,-0.007356086548960595,-0.00957296442830914,0.0,0.023760000243782997,0.023760000243782997,0.023760000243782997,0.0,0.0,0.0,0.0,0.0,0.0,0.0,0.0,0.0,0.0,0,0,0,0,0.0,0.0,0.0,0.0,0.0,0,0,0.9393413662910461,1.4965558901924712E-4,0.014597095148928929,0.04815717036469526,0.03356007521576633
2012-07-23T12:30:00,2012,205,12,0,"9273d490-b46d-48de-afa3-955b5c30eb93",125.50000016391277,93.16326117214362,51.186051702083645,21.5475,0.8601999878883362,466.205,400.0,2.26,0.56,[0.33849968381808443],[-0.0010000000000000002],-0.0010000000000000002,71.54990798856312,15.1,0.29530984003311755,12,45,14.920521936709179,11.094533422123009,0.8001052078328834,1.2496104762244435,0.0,0.11694468910418601,0.24257762864834045,1.5006622672080994,0.5095853234183574,6.8898826523345456,1.9163515081216867E-16,0.0,1.3256417184595533,-0.001000000000000031,-0.008340847,99.81267145856835,0.174667677870676,39971.121533292426,14004.081486114239,18021.58880298965,0.0,5906.988957276299,448.649473445761,1495.4936848967418,3101.234768969846,12364.176350416192,508.7838014087314,32.0144371906328,139.4266594249165,1186.9255171928737,215.05076881391307,860.1459902051263,5.544355,0.0,0.8354636,0.0055861683,0.0045928205,0.15118621,0.07355726,0.0,0.0031712276,0.9972054,0.0025397239,0.0023006566,4.7683592E-5,2.076989E-4,0.0,0.0,0.0,0.23484527759518015,0.0,0.19859276928478015,0.0,0.005084263117055625,0.013585833676588886,0.12462557084706923,0.0,0.11916534467409998,0.20844483844440792,0.0,8.281186519823999E-4,0.0,0.07005524693547333,0.17519516728905574,0.24525041422452906,0.0041405932599120005,0.025458400124034903,0.10160250416723256,0.12706090429126746,0.013585833676588886,0.007207888843422657,0.028308326435628823,0.03551621527905148,0.007737798888716194,6.2394667,0.006677596979009346,699.8807852933514,62.989273179370365,0.017509660936344065,1.575,0.0,0.0,0.00776464799173618,0.0,0.10876620680902306,0.13895020606791678,0.2550068923632845,0.0,0.0,0.0,0.0,7.382746000827938,7.382746000827938,6.072837221145148,3.6680981139284246,-0.004762265,-0.006404789,-0.008262169,-0.010108364,0.0,0.35502285255955995,0.4478083763441507,0.6517443635930013,0.0,-0.00603618158869949,-0.007356086548960601,-0.009572964428309147,0.0,0.023760000243782997,0.023760000243782997,0.023760000243782997,0.0,0.0,0.0,0.0,0.0,0.0,0.0,0.0,0.0,0.0,0,0,0,0,0.0,0.0,0.0,0.0,0.0,0,0,0.9393413662910461,1.4965557375217243E-4,0.01523273391649127,0.05154825679569812,0.03631552287920685
2012-07-23T13:30:00,2012,205,13,0,"9273d490-b46d-48de-afa3-955b5c30eb93",125.5416668318212,93.20343556310672,51.694576691426086,22.2046,0.8718000054359436,408.6651,400.0,1.99,0.51,[0.33849968381808443],[-0.0010000000000000002],-0.0010000000000000002,71.54990798856312,15.1,0.29530984003311755,12,45,13.07460693348647,9.727926606649213,0.7998362799690057,1.244693474168125,0.0,0.11643530325302022,0.24143587961698398,1.2370288347204526,0.4503858990445968,6.160494899554097,1.6848387574782046E-16,0.0,1.1654921011750214,-0.0010000000000000273,-0.008340847,97.50279944411086,0.17448303161941134,39984.79070370707,14005.128730707615,18023.21768020837,0.0,5917.951883679857,448.657539539264,1495.5157433049753,3101.5012757820477,12364.871387428126,509.24388214475925,32.02106197825292,139.4335276695198,1186.9795834488123,215.0603500779593,860.183208486859,5.550764,0.0,0.83242404,0.0057076304,0.004681533,0.15400511,0.0747115,0.0,0.0031816796,0.9970497,0.0026805343,0.0024282078,5.0335057E-5,2.1921513E-4,0.0,0.0,0.0,0.23591455134055822,0.0,0.19949975664836234,0.0,0.0051073131186788875,0.013646729477879567,0.12733259168088085,0.0,0.12186859829898197,0.20792656852836883,0.0,8.434029701573434E-4,0.0,0.07134969413264,0.17843233542588804,0.24978202955852805,0.004217014850786718,0.02557365804569274,0.10206039190303991,0.12763404994873265,0.013646729477879567,0.007568794764498099,0.029721041701835264,0.03728983646633336,0.008122341468804037,6.229697,0.0068703504215715475,700.8306338819568,63.07475955574177,0.017527430344082842,1.575,0.0,0.0,0.007988779911556365,0.0,0.10708898276908542,0.13968500188092692,0.2534440282778122,0.0,0.0,0.0,0.0,7.382746000827938,7.382746000827938,6.072837221145148,3.6680981139284246,-0.004762265,-0.006404789,-0.008262169,-0.010108364,0.0,0.28499762309095444,0.3885237105280475,0.5991086154300216,0.0,-0.006036181588699503,-0.007356086548960614,-0.00957296442830916,0.0,0.023760000243782997,0.023760000243782997,0.023760000243782997,0.0,0.0,0.0,0.0,0.0,0.0,0.0,0.0,0.0,0.0,0,0,0,0,0.0,0.0,0.0,0.0,0.0,0,0,0.9393413662910461,1.4965555736534298E-4,0.01609581080992939,0.054125628670542734,0.038029817860613345
2012-07-23T14:30:00,2012,205,14,0,"9273d490-b46d-48de-afa3-955b5c30eb93",125.58333349972963,93.24318774094577,52.18700588306797,21.8183,0.8669999837875366,314.0393,400.0,1.96,0.47,[0.33849968381808443],[-0.0010000000000000002],-0.0010000000000000002,71.54990798856312,15.1,0.29530984003311755,12,45,9.195524505031587,6.738664349501606,0.7320361261338616,1.1300803215098831,0.0,0.07324824569541748,0.24259169411262282,0.6936465756346782,0.26963754213305074,4.050921113722778,1.4030673450902003E-16,0.0,0.9705759087396768,-0.0010000000000000228,-0.008340847,93.35048606962941,0.1738518143952386,39993.589223590265,14001.37080411216,18024.827945294677,0.0,5928.868996269151,448.6651434536731,1495.5372104999724,3101.7639419394804,12365.555566267878,507.5929310251132,32.02748415370213,139.4401622407044,1187.0314115327396,215.06952741043892,860.2188346520081,5.552029,0.005067958,0.82875645,0.005625962,0.004620997,0.15275599,0.07389203,0.0,0.0031726505,0.997075,0.0026580582,0.0024078425,4.992106E-5,2.1737783E-4,0.0,0.0,0.0,0.2634596311471171,0.02813745225710122,0.1990016515183865,0.0,0.005094396751736456,0.013611482762726584,0.12632766406470738,0.0,0.12089318766597379,0.20705764823824532,0.0,8.331953267725918E-4,0.0,0.07048762638908826,0.1762764601359483,0.24676408652503656,0.0041659766338629604,0.025508763762510434,0.10179928753787762,0.12730805130038805,0.013611482762726584,0.00734417902965712,0.028834374823436218,0.036178553853093334,0.007878450442055858,6.2213078,0.006734632484442777,701.7883134389122,63.16095071929268,0.017547520166681152,1.575,0.0,0.0,0.007830968349810117,0.0,0.06768898008234987,0.10421384535201668,0.25502346343862514,0.0,0.0,0.0,0.0,7.382746000827938,7.382746000827938,6.072837221145148,3.6680981139284246,-0.004762265,-0.006404789,-0.008262169,-0.010108364,0.0,0.017620339705712144,0.1548851016433633,0.5126498159812038,0.0,-0.0060361815886995,-0.007356086548960611,-0.009572964428309157,0.0,0.023760000243782997,0.023760000243782997,0.023760000243782997,0.0,0.0,0.0,0.0,0.0,0.0,0.0,0.0,0.0,0.0,0,0,0,0,0.0,0.0,0.0,0.0,0.0,0,0,0.9393413662910461,1.4965554005341613E-4,0.015964525387971662,0.05251659698946865,0.03655207160149699
2012-07-23T15:30:00,2012,205,15,0,"9273d490-b46d-48de-afa3-955b5c30eb93",125.62500016763806,93.28333294713153,52.69435586614472,22.1764,0.8777999877929688,461.6598,400.0,2.06,0.43,[0.33849968381808443],[-0.0010000000000000002],-0.0010000000000000002,71.54990798856312,15.1,0.29530984003311755,12,45,13.311838650293382,9.638148210453718,0.7208684105857484,1.1106463016548258,0.0,0.036516709308107874,0.26383661978030387,1.110931690627088,0.2839522913005356,4.5156489150078585,1.6212574053015462E-16,0.0,1.121509516245151,-0.0010000000000000263,-0.008340847,69.49027005870123,0.17249079301694764,40002.773456248025,13998.062148269073,18026.451968440604,0.0,5939.708226960336,448.673067832896,1495.5589231155664,3102.028034029324,12366.243054173896,506.1393557809139,32.034048676181904,139.44688960519147,1187.0830253920517,215.07864853456903,860.2542009646138,5.8127465,0.053860486,0.78593737,0.005428697,0.0044557177,0.14728001,0.07104949,0.0,0.0030376979,0.9969998,0.002725522,0.0024689506,5.1196126E-5,2.2289593E-4,0.0,0.0,0.0,0.5489934793878473,0.313077350481273,0.19950674507765725,0.0,0.00510715514752689,0.01364486163291635,0.127585880971481,0.0,0.12217894052906875,0.205580513828313,0.0,8.384845795608564E-4,0.0,0.07093654992553965,0.17739913053732081,0.24833568046286048,0.004192422897804283,0.025572463994815046,0.10205138417012351,0.12762384816493855,0.01364486163291635,0.007518612207183207,0.029514528633633255,0.037033140840816464,0.008062671106955016,6.21487,0.006819514274357867,702.7539226639774,63.24785555300184,0.017567629990270447,1.575,0.0,0.0,0.007929668109869155,0.0,0.033694868810123325,0.07851831807075484,0.2773924191634162,0.0,0.0,0.0,0.0,7.382746000827938,7.382746000827938,6.072837221145148,3.6680981139284246,-0.004762265,-0.006404789,-0.008262169,-0.010108364,0.0,-0.09777129204094948,0.103966380049969,0.6569751703058799,0.0,-0.006036181588699494,-0.007356086548960606,-0.009572964428309152,0.0,0.023760000243782997,0.023760000243782997,0.023760000243782997,0.0,0.0,0.0,0.0,0.0,0.0,0.0,0.0,0.0,0.0,0,0,0,0,0.0,0.0,0.0,0.0,0.0,0,0,0.9393413662910461,1.4965551900562057E-4,0.017138518880528864,0.05376253712273742,0.03662401824220855
2012-07-23T16:30:00,2012,205,16,0,"9273d490-b46d-48de-afa3-955b5c30eb93",125.6666668355465,93.32372121564168,53.2118391954453,22.4196,0.8598999977111816,333.7259,400.0,2.22,0.39,[0.33849968381808443],[-0.0010000000000000002],-0.0010000000000000002,71.54990798856312,15.1,0.29530984003311755,12,45,10.77484356924529,7.792418858326874,0.8071626722143297,1.2757730580449553,0.0,0.12479218232463808,0.24361056809738835,0.8960465913017591,0.37270159533214436,5.157704038760365,1.6047636069924994E-16,0.0,1.110099883387262,-0.001000000000000026,-0.008340847,95.51131249998471,0.17389071853568652,40014.153886864435,13996.913731995532,18028.10079905601,0.0,5950.557736585505,448.6813374636328,1495.581162449907,3102.2955652370165,12366.940661830411,505.63482779601037,32.04076345209221,139.45382899682815,1187.1373073038096,215.0882631833299,860.2915068505404,5.514286,0.0,0.82926184,0.005780536,0.0047403174,0.15700993,0.07552044,0.0,0.0032073874,0.99692327,0.0027954937,0.00253233,5.2518953E-5,2.2861939E-4,0.0,0.0,0.0,0.23632824098342428,0.0,0.19985809609883337,0.0,0.0051159822362666,0.013667710167487683,0.1292651807952521,0.0,0.12384577513541668,0.20577546756538248,0.0,8.466174917157844E-4,0.0,0.07162609944481944,0.17912356174748822,0.2507496611923077,0.004233087458578923,0.025616431827212436,0.10222471488653237,0.1278411467137448,0.013667710167487683,0.007685537470594576,0.030164973774456004,0.03785051124505058,0.00823866870997152,6.2108235,0.006903080803438923,703.7275587275393,63.3354828022044,0.017586965870058147,1.575,0.0,0.0,0.008026838496798054,0.0,0.11432585251568654,0.14693744835545955,0.2559378303126522,0.0,0.0,0.0,0.0,7.382746000827938,7.382746000827938,6.072837221145148,3.6680981139284246,-0.004762265,-0.006404789,-0.008262169,-0.010108364,0.0,0.21194902010865416,0.3123621042026273,0.5174247333698523,0.0,-0.006036181588699498,-0.00735608654896061,-0.009572964428309155,0.0,0.023760000243782997,0.023760000243782997,0.023760000243782997,0.0,0.0,0.0,0.0,0.0,0.0,0.0,0.0,0.0,0.0,0,0,0,0,0.0,0.0,0.0,0.0,0.0,0,0,0.9393413662910461,1.496555011720028E-4,0.016675800470693503,0.054949389832301215,0.03827358936160771
2012-07-23T17:30:00,2012,205,17,0,"9273d490-b46d-48de-afa3-955b5c30eb93",125.70833350345492,93.36287770671262,53.684097538911175,21.3342,0.8651000261306763,74.2802,400.0,2.37,0.36,[0.33849968381808443],[-0.0010000000000000002],-0.0010000000000000002,71.54990798856312,15.1,0.29530984003311755,12,45,2.666615427485668,1.9727182499252471,0.8974852745030533,1.4754330000347389,0.0,0.19742509722784254,0.24338927853882636,-0.10931605705991387,-0.08833143847918752,-0.9886992908045905,8.12625581451636E-17,0.0,0.5621361048295405,-0.0010000000000000132,-0.008340847,40.39439949475361,0.16721061488295452,40009.096741269095,13979.655028651465,18029.65557879116,0.0,5961.17796344999,448.6880684910018,1495.6009849609588,3102.5464996643354,12367.589654043275,498.052647866258,32.04680829524474,139.4598069893237,1187.1793168759414,215.09560942764864,860.3198386763011,6.4208126,0.16169526,0.69713145,0.0047303494,0.003903638,0.12980491,0.062307663,0.0,0.0027343899,0.99697727,0.0027465974,0.002488032,5.1608804E-5,2.2462152E-4,0.0,0.0,0.0,1.27283724645501,1.038214902881029,0.1984183239575199,0.0,0.005078959609347428,0.01356805556291588,0.12382015300432477,0.0,0.11853757085329408,0.20142681321006936,0.0,8.064307463624598E-4,0.0,0.06822760933774842,0.17062456583812116,0.2388521751758696,0.0040321537318123,0.025430808740100834,0.10148184313487567,0.1269126518749765,0.01356805556291588,0.006965705632856619,0.02733529132372351,0.03430099695658013,0.007464317813970709,6.209443,0.0064788445680886595,704.7087283316282,63.42378807008134,0.017613712523650307,1.575,0.0,0.0,0.007533540527006109,0.0,0.18191935779615148,0.20520190193813717,0.25566411469180206,0.0,0.0,0.0,0.0,7.382746000827938,7.382746000827938,6.072837221145148,3.6680981139284246,-0.004762265,-0.006404789,-0.008262169,-0.010108364,0.0,-0.12989535148941025,-0.10113274108611081,-0.0531520485875152,0.0,-0.006036181588699498,-0.007356086548960609,-0.009572964428309154,0.0,0.023760000243782997,0.023760000243782997,0.023760000243782997,0.0,0.0,0.0,0.0,0.0,0.0,0.0,0.0,0.0,0.0,0,0,0,0,0.0,0.0,0.0,0.0,0.0,0,0,0.9393413662910461,1.496554681251418E-4,0.01907755959109636,0.049811093768327354,0.030733534177230994
2012-07-23T18:30:00,2012,205,18,0,"9273d490-b46d-48de-afa3-955b5c30eb93",125.75000017136335,93.40028494504469,54.10701841434886,20.1501,0.8727999925613403,67.9495,400.0,2.23,0.33,[0.33849968381808443],[-0.0010000000000000002],-0.0010000000000000002,71.54990798856312,15.1,0.29530984003311755,12,45,1.7931298313558321,1.2504110457593915,0.6597288542799549,1.0223368872466492,0.0,0.03495478085538646,0.24203204968370096,-0.23335427728792033,-0.22290073209880681,-2.455610050165387,6.476238212258306E-17,0.0,0.4479956582321522,-0.0010000000000000106,-0.008340847,22.062077131067717,0.15908937596312972,39997.259608380285,13956.046435999073,18031.086968186664,0.0,5971.49584788029,448.6931853574534,1495.6180565254024,3102.776077268588,12368.176838865887,487.68080278554663,32.05214951690245,139.46472185682453,1187.2069308201899,215.10028493670347,860.3375922765038,7.7084484,0.32420114,0.5641499,0.0037042615,0.0030998788,0.10258533,0.049240373,0.0,0.0022594498,0.99702555,0.0027028131,0.002448364,5.079387E-5,2.210424E-4,0.0,0.0,0.0,2.7318592255047762,2.4990877756529155,0.1968557328149796,0.0,0.0050387879993042005,0.013460075984895334,0.11631096777696218,0.0,0.11120935432249597,0.1956924843870442,0.0,7.528915791985527E-4,0.0,0.06369925255487602,0.1592999838860069,0.22299923644088293,0.0037644578959927645,0.02522948494793465,0.10067644440154545,0.1259059293494801,0.013460075984895334,0.006227418553609696,0.024434309091031815,0.03066172764464151,0.006670722470515597,6.2108235,0.006011977283534844,705.6968886072848,63.512722498424374,0.017643630976643863,1.575,0.0,0.0,0.006990671567586533,0.0,0.032444616886855036,0.07285558726259692,0.25463295670471436,0.0,0.0,0.0,0.0,7.382746000827938,7.382746000827938,6.072837221145148,3.6680981139284246,-0.004762265,-0.006404789,-0.008262169,-0.010108364,0.0,-0.38055903642183964,-0.3164604634879622,-0.05345796439366275,0.0,-0.006036181588699486,-0.007356086548960597,-0.009572964428309141,0.0,0.023760000243782997,0.023760000243782997,0.023760000243782997,0.0,0.0,0.0,0.0,0.0,0.0,0.0,0.0,0.0,0.0,0,0,0,0,0.0,0.0,0.0,0.0,0.0,0,0,0.9393413662910461,1.496554151863884E-4,0.022538365607033484,0.04454199364259439,0.022003628035560906
2012-07-23T19:30:00,2012,205,19,0,"9273d490-b46d-48de-afa3-955b5c30eb93",125.79166683927178,93.43674423267406,54.50691012065336,19.5974,0.9006999731063843,36.7807,400.0,2.38,0.31,[0.33849968381808443],[-0.0010000000000000002],-0.0010000000000000002,71.54990798856312,15.1,0.29530984003311755,12,45,0.0,0.0,0.0,0.0,0.0,0.0,0.0,-0.4474479556083679,-0.4474479556083679,0.0,6.403511628902732E-17,0.0,0.4429647757177188,-0.0010000000000000106,-0.008340847,23.842479790432783,0.16013563330321928,39991.50799374223,13938.571414252516,18032.49185011802,0.0,5981.793050427943,448.69786278407014,1495.6347041956126,3103.0009387544333,12368.752571455709,480.0035887725798,32.05729421275994,139.4695072192514,1187.2348779684162,215.10504677989871,860.3557204890574,7.474733,0.30608293,0.58062327,0.0037322822,0.003144653,0.10409546,0.04989538,0.0,0.002321401,0.9971524,0.0025868486,0.0023433112,4.8621532E-5,2.115611E-4,0.0,0.0,0.0,2.5198106286079027,2.2878880803274493,0.19614027710433274,0.0,0.005020303538532829,0.013410116382487604,0.11417906274243113,0.0,0.10910299408285601,0.19530022480860798,0.0,7.360636638282714E-4,0.0,0.06227671672807833,0.15574251173306541,0.21801922846114374,0.003680318319141358,0.02513678234808429,0.10030463558751343,0.1254414179355977,0.013410116382487604,0.005990932536232288,0.02350306820370504,0.02949400073993733,0.006415007606011146,6.21487,0.005852209555395764,706.6918537780728,63.602269367353564,0.017671047910687795,1.575,0.0,0.0,0.006804895131341739,0.0,0.0,0.0,0.0,0.0,0.0,0.0,0.0,7.382746000827938,7.382746000827938,6.072837221145148,3.6680981139284246,-0.004762265,-0.006404789,-0.008262169,-0.010108364,0.0,0.0,0.0,0.0,0.0,-0.006036181588699486,-0.007356086548960597,-0.009572964428309141,0.0,0.023760000243782997,0.023760000243782997,0.023760000243782997,0.0,0.0,0.0,0.0,0.0,0.0,0.0,0.0,0.0,0.0,0,0,0,0,0.0,0.0,0.0,0.0,0.0,0,0,0.9393413662910461,1.4965536759295716E-4,0.020917420013574883,0.04284551118946605,0.021928091175891166
2012-07-23T20:30:00,2012,205,20,0,"9273d490-b46d-48de-afa3-955b5c30eb93",125.83333350718021,93.47143181555565,54.8679226696865,18.6643,0.8845000267028809,16.7496,400.0,2.72,0.28,[0.33849968381808443],[-0.0010000000000000002],-0.0010000000000000002,71.54990798856312,15.1,0.29530984003311755,12,45,0.0,0.0,0.0,0.0,0.0,0.0,0.0,-0.4209659546613693,-0.4209659546613693,0.0,6.403511628902732E-17,0.0,0.4429647757177188,-0.0010000000000000104,-0.008340847,23.8748545197161,0.15990891383581837,39985.81093711853,13921.265158028322,18033.82905228001,0.0,5992.045592822631,448.701728850237,1495.6502956274007,3103.2144207073998,12369.29874100423,472.40051767353725,32.062078093188404,139.4739470876436,1187.260617839,215.10942792697045,860.3723836254271,7.401441,0.30592638,0.5838297,0.0035981229,0.003079538,0.10123664,0.048557296,0.0,0.002329634,0.9973039,0.0024494263,0.0022188213,4.604489E-5,2.0032439E-4,0.0,0.0,0.0,2.49477837917117,2.264296061463898,0.19492467108730666,0.0,0.004989014009233038,0.013325984775016711,0.10911486943393772,0.0,0.10409385488842722,0.19445318524871485,0.0,6.998326510946225E-4,0.0,0.059212409260799126,0.1480792440920824,0.20729165335288152,0.003499163255473113,0.02498000549651999,0.09967723019813676,0.12465723569465675,0.013325984775016711,0.005575367781460071,0.021869716035820337,0.02744508381728041,0.005967871347218884,6.2213078,0.005563589140905453,707.693288238844,63.692398472404385,0.017698610373358657,1.575,0.0,0.0,0.0064692899834433515,0.0,0.0,0.0,0.0,0.0,0.0,0.0,0.0,7.382746000827938,7.382746000827938,6.072837221145148,3.6680981139284246,-0.004762265,-0.006404789,-0.008262169,-0.010108364,0.0,0.0,0.0,0.0,0.0,-0.006036181588699486,-0.007356086548960597,-0.009572964428309141,0.0,0.023760000243782997,0.023760000243782997,0.023760000243782997,0.0,0.0,0.0,0.0,0.0,0.0,0.0,0.0,0.0,0.0,0,0,0,0,0.0,0.0,0.0,0.0,0.0,0,0,0.9393413662910461,1.4965532273238176E-4,0.01961197136552073,0.03987095081989416,0.02025897945437343
2012-07-23T21:30:00,2012,205,21,0,"9273d490-b46d-48de-afa3-955b5c30eb93",125.87500017508864,93.5050592943167,55.20752268654667,18.1504,0.89410001039505,3.3828,400.0,2.79,0.26,[0.33849968381808443],[-0.0010000000000000002],-0.0010000000000000002,71.54990798856312,15.1,0.29530984003311755,12,45,0.0,0.0,0.0,0.0,0.0,0.0,0.0,-0.4069885015487671,-0.4069885015487671,0.0,6.403511628902732E-17,0.0,0.4429647757177188,-0.0010000000000000104,-0.008340847,23.76251532278207,0.15960806895163793,39980.15228240464,13904.088598231796,18035.12613147842,0.0,6002.247999258864,448.705161829779,1495.6652845461574,3103.420983563235,12369.826899830443,464.8544254582062,32.06666906304191,139.47819514411427,1187.2849962008881,215.11357102863587,860.388123034975,7.345542,0.30594933,0.5853959,0.0035254813,0.0030494372,0.0997407,0.047834843,0.0,0.002339214,0.99736416,0.002394513,0.002169073,4.5018354E-5,1.9583534E-4,0.0,0.0,0.0,2.4770642457236973,2.2473636154441636,0.19426588623228602,0.0,0.004971975476521314,0.013279973163905893,0.10614144429501125,0.0,0.1011635454203545,0.19350228971064037,0.0,6.778479921980912E-4,0.0,0.057353325176975105,0.14343001668647373,0.20078334186344884,0.003389239960990457,0.024894635423008304,0.09933486336916211,0.12422949879217042,0.013279973163905893,0.0053555052647895505,0.021004510574293797,0.02636001583908335,0.005730557785386432,6.229697,0.0053998296896876075,708.7010015716239,63.78309267595844,0.017726320714479243,1.575,0.0,0.0,0.006278872008530601,0.0,0.0,0.0,0.0,0.0,0.0,0.0,0.0,7.382746000827938,7.382746000827938,6.072837221145148,3.6680981139284246,-0.004762265,-0.006404789,-0.008262169,-0.010108364,0.0,0.0,0.0,0.0,0.0,-0.006036181588699486,-0.007356086548960597,-0.009572964428309141,0.0,0.023760000243782997,0.023760000243782997,0.023760000243782997,0.0,0.0,0.0,0.0,0.0,0.0,0.0,0.0,0.0,0.0,0,0,0,0,0.0,0.0,0.0,0.0,0.0,0,0,0.9393413662910461,1.4965527888332255E-4,0.01902747537678806,0.038296465852778405,0.019268990475990344
2012-07-23T22:30:00,2012,205,22,0,"9273d490-b46d-48de-afa3-955b5c30eb93",125.91666684299707,93.53752898164336,55.52490185275376,17.6171,0.9225999712944031,1.9009,400.0,2.96,0.25,[0.33849968381808443],[-0.0010000000000000002],-0.0010000000000000002,71.54990798856312,15.1,0.29530984003311755,12,45,0.0,0.0,0.0,0.0,0.0,0.0,0.0,-0.3929242789745331,-0.3929242789745331,0.0,6.403511628902732E-17,0.0,0.4429647757177188,-0.0010000000000000104,-0.008340847,23.6613982183753,0.15930656323056536,39974.53244925117,13887.04333355509,18036.379281484406,0.0,6012.402909319737,448.7081633704947,1495.6796569079174,3103.6200732949605,12370.335678471953,457.3660144720207,32.071067441561766,139.4822525976384,1187.3080373244463,215.11748063332027,860.4029575471177,7.2889237,0.30598435,0.5871966,0.0034457005,0.0030176512,0.09800679,0.047025327,0.0,0.0023488933,0.9974278,0.0023372674,0.0021172126,4.3947486E-5,1.9115537E-4,0.0,0.0,0.0,2.459187598256455,2.230296585552051,0.19358339932728325,0.0,0.00495433208828603,0.013232376542776762,0.10284440752779717,0.0,0.09791044422687792,0.19260145739793358,0.0,6.539309142985066E-4,0.0,0.05533062446406886,0.13837161469034703,0.1937022391544159,0.003269654571492534,0.024806257369018293,0.09898055402001096,0.12378681138902925,0.013232376542776762,0.005135584322875275,0.020139390206092997,0.02527497452896827,0.005493398629405755,6.2394667,0.005230868403950339,709.7147973097924,63.87433429601922,0.017754173815811253,1.575,0.0,0.0,0.0060824053885616194,0.0,0.0,0.0,0.0,0.0,0.0,0.0,0.0,7.382746000827938,7.382746000827938,6.072837221145148,3.6680981139284246,-0.004762265,-0.006404789,-0.008262169,-0.010108364,0.0,0.0,0.0,0.0,0.0,-0.006036181588699486,-0.007356086548960597,-0.009572964428309141,0.0,0.023760000243782997,0.023760000243782997,0.023760000243782997,0.0,0.0,0.0,0.0,0.0,0.0,0.0,0.0,0.0,0.0,0,0,0,0,0.0,0.0,0.0,0.0,0.0,0,0,0.9393413662910461,1.4965523609758287E-4,0.018429453994031064,0.03672183851242618,0.018292384518395113
2012-07-23T23:30:00,2012,205,23,0,"9273d490-b46d-48de-afa3-955b5c30eb93",125.9583335109055,93.56908786564242,55.82549348946884,17.2142,0.9172000288963318,1.8985,400.0,2.99,0.23,[0.33849968381808443],[-0.0010000000000000002],-0.0010000000000000002,71.54990798856312,15.1,0.29530984003311755,12,45,0.0,0.0,0.0,0.0,0.0,0.0,0.0,-0.3825893849134445,-0.3825893849134445,0.0,6.403511628902732E-17,0.0,0.4429647757177188,-0.0010000000000000104,-0.008340847,23.511383779257887,0.15897672823028564,39968.94637117068,13870.11640173861,18037.597901526613,0.0,6022.508566771369,448.71084536592775,1495.6935535987257,3103.813225875142,12370.829036263123,449.9295900702258,32.07532302009225,139.4861650351525,1187.3299919377941,215.12119901463683,860.4170477388175,7.2380595,0.30606893,0.5884551,0.0033861862,0.002996644,0.09673421,0.04642391,0.0,0.0023589602,0.99746317,0.0023045903,0.0020876082,4.3338172E-5,1.884847E-4,0.0,0.0,0.0,2.44363011932966,2.2153451794559063,0.19307297486225805,0.0,0.004941095387921644,0.013196576100290007,0.10026451608660575,0.0,0.09537027173347654,0.1916673157597111,0.0,6.349706695800839E-4,0.0,0.053727228767784366,0.13436181686269477,0.18808904563047912,0.00317485334790042,0.02473995931721939,0.09871440823032086,0.12345436754754024,0.013196576100290007,0.0049736471110295105,0.019501937356319554,0.024475584467349064,0.005318458387237342,6.2499514,0.0051008380749303075,710.7345242552857,63.96610972476044,0.017782168127602523,1.575,0.0,0.0,0.005931207324907294,0.0,0.0,0.0,0.0,0.0,0.0,0.0,0.0,7.382746000827938,7.382746000827938,6.072837221145148,3.6680981139284246,-0.004762265,-0.006404789,-0.008262169,-0.010108364,0.0,0.0,0.0,0.0,0.0,-0.006036181588699486,-0.007356086548960597,-0.009572964428309141,0.0,0.023760000243782997,0.023760000243782997,0.023760000243782997,0.0,0.0,0.0,0.0,0.0,0.0,0.0,0.0,0.0,0.0,0,0,0,0,0.0,0.0,0.0,0.0,0.0,0,0,0.9393413662910461,1.496551938639468E-4,0.018045017415715847,0.03556210709669431,0.01751708968097846
2012-07-24T00:30:00,2012,206,0,0,"9273d490-b46d-48de-afa3-955b5c30eb93",126.00000017881393,93.60540220647415,56.2220226989792,19.5167,0.7954000234603882,0.0198,400.0,2.17,0.07,[0.33849968381808443],[-0.0010000000000000002],-0.0010000000000000002,71.54990798856312,15.1,0.29530984003311755,12,45,0.0,0.0,0.0,0.0,0.0,0.0,0.0,-0.4451001137495041,-0.4451001137495041,0.0,6.403511628902732E-17,0.0,0.4429647757177188,-0.0010000000000000104,-0.008340847,22.35963862486798,0.15805557819651883,39963.2942277105,13852.99949476238,18039.001310556072,0.0,6032.549070318974,448.7153633374679,1495.7098890627449,3104.035070171047,12371.395968964469,442.4097048304564,32.08039869520268,139.49083701826137,1187.355918748026,215.1255855487787,860.4336549487653,7.3226953,0.30605805,0.5779036,0.0037816477,0.003192828,0.106695555,0.050573416,0.0,0.0023683028,0.9969984,0.0027306725,0.002473569,5.068507E-5,2.204145E-4,0.0,0.0,0.0,2.473055621241373,2.2411697165848397,0.1961206487869755,0.0,0.005018915555214265,0.013403981372682327,0.11478803210221299,0.0,0.10982805043389249,0.19043158478860456,0.0,7.281686730181749E-4,0.0,0.061635722322296534,0.15413948643158176,0.2157752087538783,0.0036408433650908754,0.025129590961325336,0.10026750376707845,0.1253970947284038,0.013403981372682327,0.005926412806795484,0.02323499694950679,0.029161409756302274,0.006335281566138303,6.2545533,0.005764049981124471,711.760953584773,64.0584883680851,0.017810367421893833,1.575,0.0,0.0,0.006702383993956585,0.0,0.0,0.0,0.0,0.0,0.0,0.0,0.0,7.382746000827938,7.382746000827938,6.072837221145148,3.6680981139284246,-0.004762265,-0.006404789,-0.008262169,-0.010108364,0.0,0.0,0.0,0.0,0.0,-0.006036181588699486,-0.007356086548960597,-0.009572964428309141,0.0,0.023760000243782997,0.023760000243782997,0.023760000243782997,0.0,0.0,0.0,0.0,0.0,0.0,0.0,0.0,0.0,0.0,0,0,0,0,0.0,0.0,0.0,0.0,0.0,0,0,0.9435848593711853,1.4581369275068904E-4,0.021609929302940145,0.04237340483802519,0.020763475535085042
2012-07-24T01:30:00,2012,206,1,0,"9273d490-b46d-48de-afa3-955b5c30eb93",126.04166684672236,93.64086143071684,56.59941857852787,19.0575,0.7986000180244446,0.2521,400.0,2.14,0.13,[0.33849968381808443],[-0.0010000000000000002],-0.0010000000000000002,71.54990798856312,15.1,0.29530984003311755,12,45,0.0,0.0,0.0,0.0,0.0,0.0,0.0,-0.43194912374019623,-0.43194912374019623,0.0,6.403511628902732E-17,0.0,0.4429647757177188,-0.0010000000000000104,-0.008340847,22.207004862910324,0.15739666369157493,39957.67816600767,13835.983436478775,18040.370860427138,0.0,6042.559559966046,448.7195077118187,1495.7257042516082,3104.2509818647095,12371.947321029536,434.9341249430612,32.085307552135625,139.4953416025513,1187.3804643830686,215.1297269200404,860.449303473855,7.279385,0.30568352,0.57960415,0.0037300973,0.0031670693,0.10544013,0.049947046,0.0,0.0023750023,0.997025,0.0027066525,0.002451805,5.0246075E-5,2.1847818E-4,0.0,0.0,0.0,2.456374038216657,2.2251880469271077,0.19553113225175556,0.0,0.005003646162392762,0.013362656733994742,0.11233904951245413,0.0,0.10741025997327659,0.18986233100396716,0.0,7.096266279782633E-4,0.0,0.060067358989317546,0.1502172978590074,0.21028465684832492,0.0035481331398913175,0.025053028866097424,0.09996020498748232,0.12501323385357974,0.013362656733994742,0.005749113002183682,0.022536782850046268,0.02828589585222995,0.006143526687134449,6.258842,0.005612881876301015,712.7939095213804,64.15145440607391,0.0178387219237318,1.575,0.0,0.0,0.006526607120146789,0.0,0.0,0.0,0.0,0.0,0.0,0.0,0.0,7.382746000827938,7.382746000827938,6.072837221145148,3.6680981139284246,-0.004762265,-0.006404789,-0.008262169,-0.010108364,0.0,0.0,0.0,0.0,0.0,-0.006036181588699486,-0.007356086548960597,-0.009572964428309141,0.0,0.023760000243782997,0.023760000243782997,0.023760000243782997,0.0,0.0,0.0,0.0,0.0,0.0,0.0,0.0,0.0,0.0,0,0,0,0,0.0,0.0,0.0,0.0,0.0,0,0,0.9435848593711853,1.458136411741126E-4,0.021293087542289868,0.04110042310389648,0.01980733556160661
2012-07-24T02:30:00,2012,206,2,0,"9273d490-b46d-48de-afa3-955b5c30eb93",126.0833335146308,93.67526586121028,56.95459774001228,18.5243,0.8338000178337097,2.7977,400.0,2.27,0.22,[0.33849968381808443],[-0.0010000000000000002],-0.0010000000000000002,71.54990798856312,15.1,0.29530984003311755,12,45,0.0,0.0,0.0,0.0,0.0,0.0,0.0,-0.41711612045764923,-0.41711612045764923,0.0,6.403511628902732E-17,0.0,0.4429647757177188,-0.0010000000000000104,-0.008340847,22.08235050493657,0.15472166973375517,39952.09648817038,13819.17983232757,18041.684426691725,0.0,6052.449561196851,448.7230653852123,1495.740507930341,3104.457276177723,12372.471942050415,427.55188146840646,32.08995854691382,139.49948320715802,1187.4003802883308,215.13301293515588,860.4615686866825,7.1896496,0.30714005,0.57977504,0.0036577657,0.0031404695,0.103890724,0.049222376,0.0,0.002395983,0.99686134,0.0028554066,0.002586547,5.3014555E-5,2.3048816E-4,0.0,0.0,0.0,2.438601367932508,2.2082292220435478,0.19484518429178632,0.0,0.004985910827626982,0.013314771445230574,0.10861024783760229,0.0,0.10375890874916585,0.18757710696616384,0.0,6.829589336327964E-4,0.0,0.057811075453915575,0.14457474896425426,0.20238582441816982,0.003414794668163983,0.024964130979230982,0.09960374950521372,0.1245678804844447,0.013314771445230574,0.0054757228656516065,0.02146221096107027,0.026937933826721876,0.0058493090305351755,6.2625246,0.0054212213652281545,713.8331692040388,64.24498778122984,0.017867226802863807,1.575,0.0,0.0,0.0063037460509515345,0.0,0.0,0.0,0.0,0.0,0.0,0.0,0.0,7.382746000827938,7.382746000827938,6.072837221145148,3.6680981139284246,-0.004762265,-0.006404789,-0.008262169,-0.010108364,0.0,0.0,0.0,0.0,0.0,-0.006036181588699486,-0.007356086548960597,-0.009572964428309141,0.0,0.023760000243782997,0.023760000243782997,0.023760000243782997,0.0,0.0,0.0,0.0,0.0,0.0,0.0,0.0,0.0,0.0,0,0,0,0,0.0,0.0,0.0,0.0,0.0,0,0,0.9435848593711853,1.458135838428289E-4,0.02218651442672126,0.039147459570706866,0.016960945143985606
2012-07-24T03:30:00,2012,206,3,0,"9273d490-b46d-48de-afa3-955b5c30eb93",126.12500018253922,93.70889100962808,57.294151901031036,18.1493,0.862500011920929,3.4847,400.0,2.3,0.33,[0.3189457602466385],[-0.002499999999999999],-0.002499999999999999,65.6837306840284,15.1,0.29530984003311755,12,45,0.0,0.0,0.0,0.0,0.0,0.0,0.0,-0.40695901215076447,-0.40695901215076447,0.0,0.4429647757177186,0.0,0.4429647757177188,-0.07309257010814174,-0.07309257,21.908405412472227,0.1533357473552075,39946.54587260078,13802.529457013137,18042.961688117066,0.0,6062.25478313139,448.7261593011514,1495.7546929499122,3104.6572463240054,12372.979324490223,420.2369552532035,32.09444488187382,139.50341085932595,1187.4178102438514,215.13584273204452,860.4720322723317,7.124616,0.3079216,0.5800519,0.0035784922,0.0031247318,0.10291158,0.048743647,0.0,0.0024117252,0.9967901,0.0029197973,0.0026448688,5.4217002E-5,2.3568879E-4,0.0,0.0,0.0,2.423629324433167,2.19382305477156,0.1943688543668945,0.0,0.0049735430860679926,0.013281255935251828,0.10612012516300287,0.0,0.10132284207580225,0.18596915417092427,0.0,6.646352167356472E-4,0.0,0.05626099306681767,0.14069827802733517,0.19695927109415284,0.003323176083678237,0.024902118570904994,0.09935463465601888,0.12425675322692387,0.013281255935251828,0.005298565191586936,0.02076517127629569,0.026063736467882626,0.005658082431394162,6.274949,0.005295381387558629,714.8785863071863,64.33907532425182,0.017895879873746967,1.575,0.0,0.0,0.006157420489082006,0.0,0.0,0.0,0.0,0.0,0.0,0.0,0.0,7.382746000827938,7.382746000827938,6.072837221145148,3.6680981139284246,-0.07808596,-0.080723524,-0.083383024,-0.08563151,0.0,0.0,0.0,0.0,0.0,-0.006036181588699486,-0.007356086548960597,-0.009572964428309141,0.0,0.023760000243782997,0.023760000243782997,0.023760000243782997,0.0,0.0,0.0,0.0,0.0,0.0,0.0,0.0,0.0,0.0,0,0,0,0,0.0,0.0,0.0,0.0,0.0,0,0,0.9435848593711853,1.4581352402841938E-4,0.022481577150756493,0.03788048305650854,0.015398905905752047
2012-07-24T04:30:00,2012,206,4,0,"9273d490-b46d-48de-afa3-955b5c30eb93",126.16666685044765,93.74214459988163,57.62645607073468,17.9753,0.8770999908447266,3.3647,400.0,2.19,0.43,[0.3189457602466385],[-0.002499999999999999],-0.002499999999999999,65.6837306840284,15.1,0.29530984003311755,12,45,0.0,0.0,0.0,0.0,0.0,0.0,0.0,-0.40232183039188385,-0.40232183039188385,0.0,0.4429647757177186,0.0,0.4429647757177188,-0.07307256134447247,-0.07307256,21.660163229690735,0.15297524363278792,39941.019025193484,13786.052515830854,18044.225243231755,0.0,6071.924238356045,448.72929741335776,1495.7686408278598,3104.854580563218,12373.47970869981,412.9982229889443,32.098862435764666,139.50726073926728,1187.4345148142554,215.13854197078086,860.4819807057954,7.050569,0.30955273,0.5780278,0.003593965,0.0031379834,0.103253365,0.04884341,0.0,0.002434186,0.99676496,0.0029429982,0.002665879,5.4654654E-5,2.375648E-4,0.0,0.0,0.0,2.412076257415466,2.1825229222835567,0.19415714452169736,0.0,0.0049679486983459165,0.013265846169397846,0.10516727691023797,0.0,0.10041442064729525,0.18339415685110355,2.0878865314978406E-5,6.565516898254468E-4,0.0,0.05557767435670082,0.13898942193718783,0.19456709629388866,0.0032827584491272347,0.02487402416609426,0.09924092350903443,0.12411494767512869,0.013265846169397846,0.0052234690994493,0.020468314507840354,0.025691783607289655,0.005575962544298788,6.276728,0.005233131934950133,715.9300884477352,64.43371052066169,0.01792468259250346,1.575,0.0,0.0,0.006085037401467914,0.0,0.0,0.0,0.0,0.0,0.0,0.0,0.0,7.382746000827938,7.382746000827938,6.072837221145148,3.6680981139284246,-0.07806588,-0.080703445,-0.083362944,-0.085611425,0.0,0.0,0.0,0.0,0.0,-0.006036181588699486,-0.007356086548960597,-0.009572964428309141,0.0,0.023760000243782997,0.023760000243782997,0.023760000243782997,0.0,0.0,0.0,0.0,0.0,0.0,0.0,0.0,0.0,0.0,0,0,0,0,0.0,0.0,0.0,0.0,0.0,0,0,0.9435848593711853,1.4581346397888188E-4,0.022424770140787587,0.037341686721152394,0.014916916580364807
2012-07-24T05:30:00,2012,206,5,0,"9273d490-b46d-48de-afa3-955b5c30eb93",126.20833351835608,93.77500324871885,57.951181072528534,17.7934,0.8720999956130981,4.6931,400.0,2.12,0.51,[0.3189457602466385],[-0.002499999999999999],-0.002499999999999999,65.6837306840284,15.1,0.29530984003311755,12,45,0.0,0.0,0.0,0.0,0.0,0.0,0.0,-0.39752472937107086,-0.39752472937107086,0.0,0.4429647757177186,0.0,0.4429647757177188,-0.07306573932169673,-0.07306574,21.412884231608917,0.1490428619384766,39935.51035685946,13769.789476647145,18045.44962218326,0.0,6081.4375236423175,448.73291649429024,1495.7817309776296,3105.0448809717536,12373.95893336639,405.85346322123684,32.103126489370396,139.51077587481606,1187.4452822312694,215.14012418338154,860.487478448601,6.9618387,0.31187412,0.57594025,0.0036404515,0.0031432796,0.1029397,0.048673455,0.0,0.0024621736,0.99636525,0.0033064096,0.0029950636,6.141118E-5,2.669037E-4,0.0,0.0,0.0,2.4005052504363733,2.171217408129032,0.1939347819021101,0.0,0.004962083435789118,0.013249721803824801,0.10311207460014964,0.0,0.09835304002950933,0.18043218500163075,1.0875480686247987E-4,6.406756526304833E-4,0.0,0.054234658540653166,0.1356307862521929,0.18986544479284606,0.0032033782631524176,0.024844573936596805,0.09912179691675123,0.12396637085334804,0.013249721803824801,0.005088388459262067,0.01993654201448444,0.025024930473746508,0.005429904890654195,6.2773347,0.005126526317736041,716.9875516656601,64.52888221405671,0.017953634378495127,1.575,0.0,0.0,0.005961077375995997,0.0,0.0,0.0,0.0,0.0,0.0,0.0,0.0,7.382746000827938,7.382746000827938,6.072837221145148,3.6680981139284246,-0.078058995,-0.08069656,-0.08335605,-0.08560454,0.0,0.0,0.0,0.0,0.0,-0.006036181588699486,-0.007356086548960597,-0.009572964428309141,0.0,0.023760000243782997,0.023760000243782997,0.023760000243782997,0.0,0.0,0.0,0.0,0.0,0.0,0.0,0.0,0.0,0.0,0,0,0,0,0.0,0.0,0.0,0.0,0.0,0,0,0.9435848593711853,1.458133923882285E-4,0.024876773299183697,0.036379552372765696,0.011502779073582
2012-07-24T06:30:00,2012,206,6,0,"9273d490-b46d-48de-afa3-955b5c30eb93",126.25000018626451,93.80695845473119,58.25901022331938,17.3879,0.8794000148773193,7.1746,400.0,2.13,0.54,[0.30348863603348386],[-0.004],-0.004,61.04659323581873,15.1,0.29530984003311755,12,45,0.0,0.0,0.0,0.0,0.0,0.0,0.0,-0.3870147466659546,-0.3870147466659546,0.0,0.29530984003311755,0.0,0.4429647757177188,-0.05085655541535389,-0.050856557,21.249252749685166,0.14688438401587772,39930.0309841018,13753.70830052831,18046.627904766152,0.0,6090.845245600539,448.7363947749228,1495.7940541658265,3105.2273341751893,12374.416452413843,398.7886004453804,32.1072066855632,139.51402298476958,1187.452473963283,215.14104395146933,860.490353222342,6.8850656,0.3132555,0.57590026,0.003611688,0.003127257,0.10162253,0.048083454,0.0,0.0024828047,0.9962046,0.0034525532,0.0031274382,6.41335E-5,2.787054E-4,0.0,0.0,0.0,2.385460466241488,2.156784497727077,0.19341935852700423,0.0,0.004948731737210809,0.013213604754064832,0.10001170098150883,0.0,0.09529331220887485,0.17843003523283946,1.3462108725273599E-4,6.186557913181396E-4,0.0,0.05237149495013692,0.1309713579786784,0.1833428529288153,0.0030932789565906987,0.024777584457755138,0.09885296014560574,0.12363054460336087,0.013213604754064832,0.0048976000563866985,0.01918672739121539,0.02408432744760209,0.005224485600267046,6.302423,0.00498311546811503,718.0508092041518,64.62457539632346,0.017982726071263125,1.575,0.0,0.0,0.005794320566772065,0.0,0.0,0.0,0.0,0.0,0.0,0.0,0.0,7.382746000827938,7.382746000827938,6.072837221145148,3.6680981139284246,-0.055843,-0.05847506,-0.061130095,-0.06337634,0.0,0.0,0.0,0.0,0.0,-0.006036181588699486,-0.007356086548960597,-0.009572964428309141,0.0,0.023760000243782997,0.023760000243782997,0.023760000243782997,0.0,0.0,0.0,0.0,0.0,0.0,0.0,0.0,0.0,0.0,0,0,0,0,0.0,0.0,0.0,0.0,0.0,0,0,0.9435848593711853,1.458133159604596E-4,0.025690012669656426,0.03501635182338156,0.009326339153725133
2012-07-24T07:30:00,2012,206,7,0,"9273d490-b46d-48de-afa3-955b5c30eb93",126.29166685417295,93.8399169437808,58.5856393948884,17.8391,0.8878999948501587,42.0772,400.0,2.1,0.51,[0.28760579630312144],[-0.006000000000000001],-0.006000000000000001,56.2817411273718,15.1,0.29530984003311755,12,45,0.0,0.0,0.0,0.0,0.0,0.0,0.0,-0.39872509241104126,-0.39872509241104126,0.0,0.29530984003311755,0.0,0.4429647757177188,-0.052727193683056166,-0.052727193,20.781773580644465,0.14600248138922484,39924.55181968387,13737.634644197933,18047.839564263933,0.0,6100.211585952212,448.7403152134827,1495.8066284633787,3105.4144059906284,12374.884700880943,391.7270413006269,32.111409730730934,139.51731649883556,1187.4585135105542,215.14173015628984,860.492262768033,6.8835335,0.31306088,0.5734947,0.003711741,0.0031713552,0.104070425,0.04902054,0.0,0.002490949,0.9959652,0.0036699953,0.003324396,6.818088E-5,2.9626337E-4,0.0,0.0,0.0,2.3843560393684187,2.154965085936963,0.19402614030248452,0.0,0.004964099662996988,0.013254182647453204,0.10305102577658236,0.0,0.09831416454546571,0.1776451776926955,1.529879426991197E-4,6.362026730242949E-4,0.0,0.053857753462223185,0.13468821078658696,0.18854596424881015,0.0031810133651214755,0.02485437145661401,0.09915779127500375,0.12401216273161776,0.013254182647453204,0.005059134084121548,0.019817264454103544,0.02487639853822509,0.005394934729545913,6.3198714,0.005101090277759401,719.1199982432277,64.72080241366402,0.01801197422305646,1.575,0.0,0.0,0.005931500584023798,0.0,0.0,0.0,0.0,0.0,0.0,0.0,0.0,7.382746000827938,7.382746000827938,6.072837221145148,3.6680981139284246,-0.05771413,-0.060346644,-0.06300205,-0.065248474,0.0,0.0,0.0,0.0,0.0,-0.006036181588699486,-0.007356086548960597,-0.009572964428309141,0.0,0.023760000243782997,0.023760000243782997,0.023760000243782997,0.0,0.0,0.0,0.0,0.0,0.0,0.0,0.0,0.0,0.0,0,0,0,0,0.0,0.0,0.0,0.0,0.0,0,0,0.9435848593711853,1.458132337505092E-4,0.02730179438367486,0.03617023134545144,0.008868436961776582
2012-07-24T08:30:00,2012,206,8,0,"9273d490-b46d-48de-afa3-955b5c30eb93",126.33333352208138,93.87774293610279,59.01941443540888,20.4106,0.8029000163078308,147.8836,400.0,1.9,0.43,[0.28110740276837354],[-0.006999999999999999],-0.006999999999999999,54.33222298948054,15.1,0.29530984003311755,12,45,4.183054759414499,2.951987754596397,0.7071532542172523,1.1089757058916592,0.0,0.03694220538660762,0.26316981817592067,0.06056556229790052,-0.025364094617016622,0.3529807074387698,0.5982364329839301,1.638987381990545E-4,0.8307371660190073,-0.10182364735859917,-0.10182365,25.427066377658498,0.14901277882843017,39921.3521552056,13723.565509224265,18049.260524764893,0.0,6109.638505017366,448.7463098019769,1495.8222274697705,3105.6337087200745,12375.43715938782,385.5461185105624,32.1166185509665,139.52160940799052,1187.4716757263086,215.14366574368483,860.4989713252371,6.374424,0.23912905,0.62330365,0.0045202426,0.00373517,0.12657475,0.05888412,0.0,0.0027371077,0.99514335,0.0044176243,0.004001611,8.20806E-5,3.5662294E-4,0.0,0.0,0.0,1.7577438943322825,1.5243100118083348,0.1974479039114615,0.0,0.005051482473673497,0.013487010417611705,0.11915821804180655,0.0,0.11430701866984574,0.1787941340530979,1.4054469867512523E-4,7.374516943279638E-4,0.0,0.06243002331754689,0.1561258576833762,0.2185558810009231,0.0036872584716398198,0.02529169577692685,0.1009009269802687,0.12619262275719556,0.013487010417611705,0.006224521929460708,0.024379349169556083,0.030603871099016793,0.006635289467127097,6.3089375,0.005873471129019954,720.1960169001958,64.81764409663928,0.018040371330615985,1.575,0.0,0.0,0.006829617892457925,0.0,0.03424654990098833,0.07868693158950903,0.27663695306283376,0.0,0.0,0.0,0.0,7.382746000827938,7.382746000827938,6.072837221145148,3.6680981139284246,-0.10726079,-0.11027755,-0.11334252,-0.11587697,0.0,-0.30610075925158187,-0.179734162961968,0.26657395883968366,0.0,-0.10182364735859917,-0.10182364735859917,-0.10182364735859917,0.0,0.023760000243782997,0.023760000243782997,0.023760000243782997,0.0,0.0,0.0,0.0,0.0,0.0,0.0,0.0,0.0,0.0,0,0,0,0,0.0,0.0,0.0,0.0,0.0,0,0,0.9435848593711853,1.458131463710709E-4,0.030433223393629305,0.04449342819227684,0.014060204798647537
2012-07-24T09:30:00,2012,206,9,0,"9273d490-b46d-48de-afa3-955b5c30eb93",126.3750001899898,93.91886441828848,59.574985292801756,23.3337,0.7282999753952026,352.587,400.0,1.74,0.33,[0.2701473401480863],[-0.009000000000000001],-0.009000000000000001,51.044204072740236,15.1,0.29530984003311755,12,45,9.898824486869287,6.998302647517844,0.7018710620973891,1.1010057780174138,0.0,0.038968915248198406,0.2596305034980853,0.6452437303960323,0.6122392204574355,9.899819863571615,1.6959419693202866,0.0016214882418443678,1.8432320433229283,-0.20385516142712012,-0.20385516,37.3875409027042,0.15633936172107116,39941.35417496826,13732.333482391325,18050.881790032035,0.0,6119.222843791231,448.7545346193637,1495.8424477978501,3105.8845784687983,12376.079007548014,389.3981083644088,32.123346758096545,139.52771654484806,1187.5036695737347,215.14903110355453,860.5191074481199,5.90249,0.1525809,0.6843807,0.005284251,0.0044558174,0.1502833,0.0695957,0.0,0.0030150055,0.9947715,0.004755736,0.004307869,8.837615E-5,3.8392533E-4,0.0,0.0,0.0,1.1387247470536748,0.9006072806747346,0.2014120044038707,0.0,0.005152726182487853,0.013756696309339626,0.13238297462652995,0.0,0.12749299568261513,0.18177980946916714,3.010573488628568E-5,8.203218874915118E-4,0.0,0.06944689294631017,0.1736737375116348,0.24312063045794496,0.00410160943745756,0.02579828739964496,0.10292008093436555,0.1287183683340105,0.013756696309339626,0.007922688085584636,0.031026232908483876,0.03894892099406851,0.008442113833904794,8.703604,0.006823464195997938,721.2799698182062,64.91519986313673,0.018058475600465272,1.575,0.0,0.0,0.00793426104221091,0.0,0.03558482817306172,0.07966002887265794,0.27324038249357707,0.0,0.0,0.0,0.0,7.382746000827938,7.382746000827938,6.072837221145148,3.6680981139284246,-0.2125061,-0.2181972,-0.22368369,-0.22766377,0.0,-0.20917771364393012,0.12585311557604514,1.494198264823367,0.0,-0.20385516142712012,-0.20385516142712012,-0.2038551614271201,0.0,0.023760000243782997,0.03043776424601674,0.05752096325159073,0.0,0.0,0.0,0.0,0.0,0.0,0.0,0.0,0.0,0.0,0,0,0,0,0.0,0.0,0.0,0.0,0.0,0,0,0.9435848593711853,1.4581307166981156E-4,0.03033677430357784,0.05661088335894551,0.026274109055367673
2012-07-24T10:30:00,2012,206,10,0,"9273d490-b46d-48de-afa3-955b5c30eb93",126.41666685789824,93.96042092834718,60.23033114960777,25.7283,0.684499979019165,443.5085,400.0,1.74,0.22,[0.2654590508612009],[-0.009999999999999998],-0.009999999999999998,49.63771723078587,15.1,0.29530984003311755,12,45,12.374474611316833,8.895511433874388,0.6975331144339303,1.0717904515409344,0.0,0.049099794612342706,0.2447338683305438,0.8660832376529773,0.7738308002179449,12.156631632540138,2.2596337131930655,0.0014944201356326275,2.4129067536528375,-0.22444465750200399,-0.2571164,54.53308263303487,0.16060439036260382,39967.75558276466,13747.420424777443,18052.576741116838,0.0,6128.807316913894,448.76569539191877,1495.8663307925406,3106.1470900721565,12376.758403226284,396.0261794008485,32.13150191694061,139.53544742919397,1187.5511475710825,215.15719703024916,860.5501629575404,5.3996677,0.06733635,0.7481214,0.006077754,0.005249027,0.16986589,0.07899594,0.0,0.0033496025,0.99404603,0.0054161395,0.004906064,1.0066685E-4,4.3724637E-4,0.0,0.0,0.0,0.6056252275965475,0.36359393776084914,0.20472545345338872,0.0,0.0052373324066833605,0.013981762557156302,0.13577739774802844,0.0,0.13089825505021563,0.18178235757388644,0.0,8.395347517264245E-4,0.0,0.07107490474165713,0.17774508765396554,0.2488199923956227,0.004197673758632123,0.02622137678352388,0.10460581485230892,0.1308271916358328,0.013981762557156302,0.00954215072703936,0.03736253185167727,0.046904682578716626,0.010163566980667896,10.537143,0.007584420261088277,722.3727418299316,65.01354934810009,0.018073888095468667,1.575,0.0,0.0,0.00881909371497873,0.0,0.04503825831881161,0.08569791024966705,0.2570191123404432,0.0,0.0,0.0,0.0,7.382746000827938,7.382746000827938,6.072837221145148,3.6680981139284246,-0.23476177,-0.24181178,-0.24858321,-0.25331676,0.0,-0.12004226017852916,0.13362216236271213,1.822321546740016,0.0,-0.23241273494085737,-0.24231966162744878,-0.2756437551412848,0.0,0.023760000243782997,0.025182505138218403,0.06203434765338898,0.0,0.0,0.0,0.0,0.0,0.0,0.0,0.0,0.0,0.0,0,0,0,0,0.0,0.0,0.0,0.0,0.0,0,0,0.9435848593711853,1.4581300319607154E-4,0.03160630521597341,0.06816627578256328,0.03655997056658987
2012-07-24T11:30:00,2012,206,11,0,"9273d490-b46d-48de-afa3-955b5c30eb93",126.45833352580667,94.00183980016959,60.9006603429911,26.0879,0.6527000069618225,677.158,400.0,1.52,0.13,[0.2572734378421288],[-0.012000000000000002],-0.012000000000000002,47.18203322748412,15.1,0.29530984003311755,12,45,21.36317858539591,15.565827603872016,0.788707310014646,1.2129241224055518,0.0,0.10219238956078422,0.24346055525001484,2.0200312634309134,1.8477395880685865,26.262900593987027,3.5705010249528364,0.0020432006920072963,3.584509176153497,-0.2532043254618621,-0.3008134,90.710657164176,0.16687025233876082,40027.13103327926,13795.277945942209,18054.327799491555,0.0,6138.536329776014,448.7777803048099,1495.8921064649774,3106.41868260629,12377.468634886478,417.0511851170442,32.14008059480853,139.54400862804968,1187.612334362973,215.16793575938004,860.59142564906,5.112366,0.0,0.80208,0.006485494,0.005649677,0.18223836,0.08460687,0.0,0.0035464675,0.9947075,0.0048143296,0.004360915,8.9500485E-5,3.8866812E-4,0.0,0.0,0.0,0.24264738234565214,0.0,0.20524961550444848,0.0,0.005250639880827888,0.014016285640530578,0.1381262011730636,0.0,0.1331740218148621,0.18452374713856756,0.0,8.516516440111145E-4,0.0,0.0721021112074127,0.18031393551553324,0.25241604672294593,0.004258258220055574,0.026287153856089655,0.10486600948624421,0.13115316334233387,0.014016285640530578,0.009963985379319213,0.03900813337076911,0.04897211875008832,0.010608673260828306,14.80281,0.007782585231887552,723.4745633597668,65.11271328972568,0.01807460451657795,1.575,0.0,0.0,0.009049518109770123,0.0,0.09382246187152354,0.128354492223217,0.2558064628714712,0.0,0.0,0.0,0.0,7.382746000827938,7.382746000827938,6.072837221145148,3.6680981139284246,-0.26742047,-0.27764952,-0.28704092,-0.29323673,0.0,0.835663932027153,1.348798751719095,2.85413765077304,0.0,-0.26702452291260964,-0.28747944836832706,-0.32126309123231966,0.0,0.044736165553331375,0.05309358797967434,0.07480570822954177,0.0,0.0,0.0,0.0,0.0,0.0,0.0,0.0,0.0,0.0,0,0,0,0,0.0,0.0,0.0,0.0,0.0,0,0,0.9435848593711853,1.458129595558717E-4,0.026599763907142915,0.07115817715651279,0.04455841324936988
2012-07-24T12:30:00,2012,206,12,0,"9273d490-b46d-48de-afa3-955b5c30eb93",126.5000001937151,94.0422087984264,61.627843706642835,27.4524,0.6287000179290771,1305.6399,400.0,1.56,0.07,[0.25032316699125706],[-0.014000000000000004],-0.014000000000000004,45.09695188936891,15.1,0.29530984003311755,12,45,42.07076770215353,31.33666768001836,0.8055584028596539,1.254300630584939,0.0,0.116700775916519,0.2437034429693903,4.402213215827942,4.347240998341841,60.49502233797374,6.470961102985125,0.002596858890699779,6.523507701485345,-0.28064263019593966,-0.38444838,124.75681675845574,0.18381606122226407,40164.45696834958,13920.586004431027,18056.182180553682,0.0,6148.653703882609,448.79300607381947,1495.923004375583,3106.708239747984,12378.243643359125,472.1021485161346,32.15003857487966,139.5548886678755,1187.7074342503442,215.18500024176433,860.6577246703948,5.302584,0.0,0.804176,0.0064695976,0.0057812156,0.18012223,0.084001385,0.0,0.0034509776,0.996771,0.002937324,0.002660678,5.4617896E-5,2.3713693E-4,0.0,0.0,0.0,0.24492673899834339,0.0,0.20718086068736627,0.0,0.00529994015552385,0.014146838921667022,0.1408227794105184,0.0,0.1356920542777707,0.1918895377989027,0.0,8.665131816609734E-4,0.0,0.07336168998990339,0.18346390308446955,0.2568255930743729,0.004332565908304868,0.026533117607614818,0.1058449681659822,0.13237808577359703,0.014146838921667022,0.01144026366003643,0.044780499994723034,0.05622076365475946,0.01217597895857024,24.268303,0.00843546881419401,724.5861935747013,65.21276001304527,0.018040482761803308,1.575,0.0,0.0,0.009808685099351672,0.0,0.10669511037196497,0.14049717559667152,0.25607025596257504,0.0,0.0,0.0,0.0,7.382746000827938,7.382746000827938,6.072837221145148,3.6680981139284246,-0.30354142,-0.3209723,-0.33691815,-0.3468557,0.0,2.4014568931331115,3.3289186154345165,6.329369367792942,0.0,-0.321320118896999,-0.35517268693484544,-0.4208771798136578,0.0,0.0679427186648051,0.0829211138188839,0.13267478793859483,0.0,0.0,0.0,0.0,0.0,0.0,0.0,0.0,0.0,0.0,0,0,0,0,0.0,0.0,0.0,0.0,0.0,0,0,0.9435848593711853,1.4581296891279073E-4,0.016832948291266803,0.08164815279209124,0.06481520450082444
2012-07-24T13:30:00,2012,206,13,0,"9273d490-b46d-48de-afa3-955b5c30eb93",126.54166686162353,94.08065995234861,62.41139375402704,28.8052,0.6194000244140625,1042.6085,400.0,1.49,0.04,[0.24721426785466846],[-0.015000000000000003],-0.015000000000000003,44.16428211133137,15.1,0.29530984003311755,12,45,33.4962707709141,24.997614387602674,0.8031842913930324,1.246341344194476,0.0,0.11605875874775898,0.24213445092578584,3.3657841185728707,3.316292430259256,46.413341480711516,5.853625574037467,0.0022024973570116285,5.8924096959819945,-0.2777979549904409,-0.4245372,122.1114130974712,0.18473587637029348,40269.731338323334,14013.905418243567,18057.988394498334,0.0,6158.751974032099,448.8105088270224,1495.9559759646154,3106.9903994857173,12379.005826940125,513.0997004387597,32.160982474571554,139.56688904115865,1187.8130355747492,215.2039624360856,860.7314042903974,5.276232,0.0,0.8066665,0.006541701,0.006025502,0.17726623,0.083496705,0.0,0.0035001046,0.99654835,0.0031398733,0.002844143,5.8397593E-5,2.5348866E-4,0.0,0.0,0.0,0.24720942096204612,0.0,0.2091151779349485,0.0,0.005349355357694448,0.014277525382360235,0.13504868950209115,0.0,0.12996539410244573,0.1915272056897318,0.0,8.271352732069094E-4,0.0,0.07002895703933774,0.17512935569317367,0.24515831273251143,0.004135676366034548,0.026779474219772642,0.10682539546776686,0.13360486968753948,0.014277525382360235,0.012574109192257226,0.049210660475122014,0.06178476966737924,0.013378742304390633,22.274254,0.008854359598519263,725.7081195570639,65.31373335547023,0.018021181056811077,1.575,0.0,0.0,0.010295767428143305,0.0,0.1067125990756375,0.13910029494864642,0.25452405620395413,0.0,0.0,0.0,0.0,7.382746000827938,7.382746000827938,6.072837221145148,3.6680981139284246,-0.2988487,-0.31473616,-0.32925472,-0.3383608,0.0,1.74583774694469,2.465065059143355,4.939547137140716,0.0,-0.35966244482030585,-0.39558489564102384,-0.4614220437906689,0.0,0.05633406216899554,0.06720105465501547,0.10586781054735184,0.0,0.0,0.0,0.0,0.0,0.0,0.0,0.0,0.0,0.0,0,0,0,0,0.0,0.0,0.0,0.0,0.0,0,0,0.9435848593711853,1.4581298188061899E-4,0.017904258755152114,0.089734269569739,0.07183001081458688
2012-07-24T14:30:00,2012,206,14,0,"9273d490-b46d-48de-afa3-955b5c30eb93",126.58333352953196,94.12007026353719,63.170047973693784,28.2077,0.6074000000953674,793.2853,400.0,1.56,0.02,[0.24158990758231197],[-0.017000000000000005],-0.017000000000000005,42.47697396257682,15.1,0.29530984003311755,12,45,23.19328636810074,17.02627071819516,0.7309251276968304,1.1257985230524017,0.0,0.0728339451239175,0.24178827783354745,2.0692903300126395,2.0173202411246796,29.719404320805783,4.548091723073168,0.001815132717581718,4.680677829042681,-0.2689999092847709,-0.39823368,113.35596608899965,0.18271456559447896,40337.000945778644,14069.26139108162,18059.81581185689,0.0,6168.790049699276,448.82689418927106,1495.9877344847648,3107.2746643379182,12379.769332382779,537.418963472436,32.171433420761566,139.57825970786973,1187.9116711420022,215.22164949975507,860.8000644620538,5.2615805,0.0,0.80409086,0.0065487595,0.0059346887,0.17992999,0.08404706,0.0,0.0034956883,0.99644446,0.0032342856,0.002929655,6.0168666E-5,2.6111E-4,0.0,0.0,0.0,0.2462422598698244,0.0,0.20830032462941706,0.0,0.005328521471195452,0.014220569574212477,0.13815744040733804,0.0,0.13308289764628345,0.19038553678758738,0.0,8.437530546637565E-4,0.0,0.07143679980484136,0.17865010378908797,0.2500869035939293,0.004218765273318784,0.026673820320758403,0.10640169232162523,0.13307551264238363,0.014220569574212477,0.012020641132984079,0.04703726087243283,0.05905790200541691,0.012786507191740024,18.047998,0.008634161425450242,726.8400852624561,65.41561027300375,0.018019190029508664,1.575,0.0,0.0,0.01003972302958513,0.0,0.06749504780142226,0.10362243926083393,0.25415168745943745,0.0,0.0,0.0,0.0,7.382746000827938,7.382746000827938,6.072837221145148,3.6680981139284246,-0.2861473,-0.29887843,-0.31089458,-0.31867906,0.0,0.43243705122285436,1.1456554734752067,3.6655819691853524,0.0,-0.34031074077809625,-0.3702586968964363,-0.4326633203690774,0.0,0.03009138877193133,0.04766839649528265,0.08572648465633392,0.0,0.0,0.0,0.0,0.0,0.0,0.0,0.0,0.0,0.0,0,0,0,0,0.0,0.0,0.0,0.0,0.0,0,0,0.9435848593711853,1.458129888429259E-4,0.018391244753729552,0.08578777700419594,0.06739653225046639
2012-07-24T15:30:00,2012,206,15,0,"9273d490-b46d-48de-afa3-955b5c30eb93",126.62500019744039,94.15861366568117,63.9513938412485,28.7523,0.60589998960495,1271.4586,400.0,1.57,0.01,[0.23903170635658752],[-0.018000000000000002],-0.018000000000000002,41.70951356436335,15.1,0.29530984003311755,12,45,36.68891241571872,26.629893815035814,0.7213941613143896,1.1100063923011114,0.0,0.036471663968578,0.26386088090736903,3.27842228487134,3.206463271403745,48.31351344674671,5.911268370783704,0.0022703114729495585,6.167363577643044,-0.28144683178264085,-0.4020591,134.77065911328236,0.18755174820709225,40446.60220590164,14166.837027155925,18061.65149495689,0.0,6178.929029753007,448.8444729588379,1496.021118849424,3107.5603941236586,12380.542466503346,580.2863802607089,32.18241164518204,139.59042212185707,1188.0206963490236,215.2412633507027,860.8763128329169,5.3039746,0.0,0.80568206,0.0065272753,0.006006704,0.17830338,0.083502874,0.0,0.0034805534,0.9968845,0.0028337731,0.0025668587,5.2730527E-5,2.287755E-4,0.0,0.0,0.0,0.2471820828380134,0.0,0.2090986883365306,0.0,0.005348916884712713,0.014273711316203228,0.1371141410763573,0.0,0.1320062841049527,0.1922993234968564,0.0,8.345386714744656E-4,0.0,0.07065766886657593,0.1767016387805314,0.24735930764710734,0.004172693357372329,0.026774694339626967,0.10680182049982397,0.13357651483945093,0.014273711316203228,0.012613187924774871,0.04934809226892746,0.06196128019370233,0.01341300226451057,22.4382,0.00885971931341192,727.9823529675034,65.51841437054308,0.01799860342437571,1.575,0.0,0.0,0.01030199965503696,0.0,0.033807009502125854,0.0784318886965997,0.27736933719258117,0.0,0.0,0.0,0.0,7.382746000827938,7.382746000827938,6.072837221145148,3.6680981139284246,-0.30268523,-0.31899226,-0.33506724,-0.3455047,0.0,0.2210737793626676,1.380422338691278,6.458529712798365,0.0,-0.3228718278623521,-0.35872334480959234,-0.45228261724354,0.0,0.028570412347714107,0.04628572706133127,0.1276984229683876,0.0,0.0,0.0,0.0,0.0,0.0,0.0,0.0,0.0,0.0,0,0,0,0,0.0,0.0,0.0,0.0,0.0,0,0,0.9435848593711853,1.4581300944715208E-4,0.016243746445979923,0.08999947884578888,0.07375573239980895
2012-07-24T16:30:00,2012,206,16,0,"9273d490-b46d-48de-afa3-955b5c30eb93",126.66666686534882,94.19627859692588,64.75249388076341,29.2264,0.5914999842643738,885.3458,400.0,1.62,0.0,[0.23433916646815053],[-0.02],-0.02,40.30175154189282,15.1,0.29530984003311755,12,45,28.37772130151076,20.566343361140277,0.8013174428994511,1.2635267108323454,0.0,0.1232122659614389,0.24151897958656068,2.6638047198454538,2.6297961983020763,36.800749517700204,5.516210325200117,0.0018531618301215773,5.567563816848429,-0.28050750888000914,-0.41752762,132.20553363869436,0.18702227034454344,40529.99617102198,14238.287774807774,18063.4589566676,0.0,6189.012467959332,448.86282659091404,1496.0550850228228,3107.841368824703,12381.30514055964,611.6764803169702,32.19372575020289,139.60293466178197,1188.132527229517,215.26137692566493,860.9544755876668,5.2704225,0.0,0.8063695,0.006559413,0.00611327,0.17744386,0.08335783,0.0,0.0035139637,0.9967058,0.0029965849,0.0027143278,5.5774024E-5,2.4191846E-4,0.0,0.0,0.0,0.24800731887016492,0.0,0.20980014824018675,0.0,0.005366860306895239,0.014320237412328069,0.13435105254376495,0.0,0.1292866021549529,0.19124589804128217,0.0,8.145415434502017E-4,0.0,0.06896545668617925,0.17246972818682876,0.24143518487300802,0.0040727077172510095,0.02686317611265225,0.10715248445692772,0.13401566056957998,0.014320237412328069,0.013005430008628157,0.050874716056311074,0.06388014606493923,0.013826567778849334,21.17488,0.008989311932346903,729.1350733613041,65.62215921010758,0.017990010911538623,1.575,0.0,0.0,0.01045268875345371,0.0,0.11359618338569193,0.14478274872633923,0.25369358564511296,0.0,0.0,0.0,0.0,7.382746000827938,7.382746000827938,6.072837221145148,3.6680981139284246,-0.30056834,-0.3156162,-0.3292718,-0.33782604,0.0,1.4013252089645054,1.9680920070526529,3.896242144904158,0.0,-0.3569812371445266,-0.39098932493497573,-0.45128484036165223,0.0,0.049784005930026375,0.05778733640909195,0.0861380934715271,0.0,0.0,0.0,0.0,0.0,0.0,0.0,0.0,0.0,0.0,0,0,0,0,0.0,0.0,0.0,0.0,0.0,0,0,0.9435848593711853,1.45813029396863E-4,0.0170682707321248,0.09279755803686786,0.07572928730474306
2012-07-24T17:30:00,2012,206,17,0,"9273d490-b46d-48de-afa3-955b5c30eb93",126.70833353325725,94.237378210569,65.44564807749727,26.6357,0.6245999932289124,188.2429,400.0,1.54,0.0,[0.2301254299093014],[-0.022],-0.022,39.037630524006424,15.1,0.29530984003311755,12,45,6.766024636185337,5.004763135657894,0.8985763388931717,1.4770405493404455,0.0,0.1977163021560145,0.243652776261832,0.25414959352929145,0.21605056352789753,3.2041339573120737,1.9274688258803878,4.61764775862423E-4,2.392977547263176,-0.22450385419884755,-0.35771325,105.7394682912993,0.18086800664185454,40536.90070081606,14233.370682793147,18065.334489955752,0.0,6198.915451499213,448.8767106452613,1496.084308240544,3108.130184306257,12382.073094180929,609.5162788439619,32.20304542379294,139.61299890955812,1188.2186172066608,215.27679470049873,861.014242095911,5.225948,0.0,0.7986782,0.006559531,0.0057151746,0.18556477,0.084982805,0.0,0.0034822852,0.9965849,0.0031061205,0.0028135383,5.7827645E-5,2.5076032E-4,0.0,0.0,0.0,0.24372803593160902,0.0,0.20618336155039063,0.0,0.005274369271065922,0.014072063935211704,0.14471789153451642,0.0,0.13966797106471185,0.18782333382920346,0.0,8.760686069333804E-4,0.0,0.07417565881688008,0.1854994665952082,0.25967512541208826,0.004380343034666903,0.026398776852583787,0.10529790528115233,0.13169668213373611,0.014072063935211704,0.010739499320705536,0.04200440467853878,0.05274390399924432,0.011414797724780722,9.518188,0.00810136291744794,730.2972139449583,65.72675186679261,0.018015615434809413,1.575,0.0,0.0,0.009420189853479335,0.0,0.18149908239391455,0.20508515071137187,0.25667532409596955,0.0,0.0,0.0,0.0,7.382746000827938,7.382746000827938,6.072837221145148,3.6680981139284246,-0.23385397,-0.24002999,-0.24561456,-0.24943094,0.0,0.07260329903546689,0.132576134258708,0.36889846563870754,0.0,-0.33065213926972986,-0.34856249124972055,-0.3692213915998549,0.0,0.023760000243782997,0.023760000243782997,0.03358064293861389,0.0,0.0,0.0,0.0,0.0,0.0,0.0,0.0,0.0,0.0,0,0,0,0,0.0,0.0,0.0,0.0,0.0,0,0,0.9435848593711853,1.4581303102266012E-4,0.01754285582137527,0.07664340255340477,0.059100546732029496
2012-07-24T18:30:00,2012,206,18,0,"9273d490-b46d-48de-afa3-955b5c30eb93",126.75000020116568,94.27895777761037,66.09765639198784,25.6482,0.675599992275238,189.6359,400.0,1.58,0.0,[0.22817185311499036],[-0.023000000000000013],-0.023000000000000013,38.45155746242466,15.1,0.29530984003311755,12,45,5.012058404580598,3.4963682535405693,0.6607475700250582,1.0242927670987076,0.0,0.034741673622657045,0.2427141726816823,-0.03950558044016361,-0.03967048062921765,0.5255240494113218,1.6029106162563673,9.107114341484179E-5,1.816495511435734,-0.21250216706705283,-0.26993567,29.22589609354613,0.16966181017884366,40532.4266459637,14217.426910809778,18067.140937509044,0.0,6208.541182574781,448.8884509944878,1496.1101088191324,3108.4059454841035,12382.795562709038,602.5117811405821,32.21143081918861,139.6215323605934,1188.2827680211753,215.28812560159196,861.0578270059757,7.334539,0.3058391,0.5531358,0.0045448453,0.0039041953,0.13011141,0.059173834,0.0,0.002464639,0.9967289,0.002975851,0.0026955327,5.5414403E-5,2.4024346E-4,0.0,0.0,0.0,2.4853229516975186,2.2431888370518966,0.2048384201279772,0.0,0.005239848871461523,0.013978855048909174,0.14297496451122887,0.0,0.13805648778379134,0.1825648698571889,0.0,8.614796194999847E-4,0.0,0.07294170827391884,0.18241358272080177,0.2553552909947206,0.004307398097499924,0.02622515362120501,0.10460305583411843,0.13082820945532345,0.013978855048909174,0.009740083272727906,0.038089209100992207,0.04782929237372011,0.010349218563585885,8.458539,0.0076361343035152,731.4682337549376,65.83214365387865,0.018046494974111763,1.575,0.0,0.0,0.008879226325098358,0.0,0.03210609413691157,0.07355675812180919,0.2548379525856129,0.0,0.0,0.0,0.0,7.382746000827938,7.382746000827938,6.072837221145148,3.6680981139284246,-0.22089377,-0.22633661,-0.23152234,-0.23521754,0.0,-0.4457363029277099,-0.2935480277027518,0.40707105040870495,0.0,-0.25109901059500217,-0.26180473677373073,-0.27996132658857764,0.0,0.023760000243782997,0.023760000243782997,0.034800492227077484,0.0,0.0,0.0,0.0,0.0,0.0,0.0,0.0,0.0,0.0,0,0,0,0,0.0,0.0,0.0,0.0,0.0,0,0,0.9435848593711853,1.4581299936035136E-4,0.02358865545829758,0.06953557233764152,0.045946916879343935
2012-07-24T19:30:00,2012,206,19,0,"9273d490-b46d-48de-afa3-955b5c30eb93",126.7916668690741,94.32056355708573,66.69976059694366,24.4505,0.6794999837875366,103.4879,400.0,1.8,0.0,[0.22452956038186012],[-0.025],-0.025,37.358869599066075,15.1,0.29530984003311755,12,45,3.7074215795873418,2.742358035575611,0.8956171638392849,1.4721839383990307,0.0,0.19718498965016665,0.24275522940369543,-0.07290959125384688,-0.061019138763396506,-0.5964419995528123,1.2196421607366856,0.0,1.5874432886894,-0.19442770687880181,-0.24967854,52.246011306556824,0.1752699980178833,40528.69330331784,14202.084007182972,18068.982341438175,0.0,6218.273508771751,448.89899366259937,1496.135399334202,3108.6867971531647,12383.532843451041,595.771259930843,32.219269874592754,139.6297761796986,1188.3495995868536,215.30002934424067,861.1038110517909,5.983426,0.14064555,0.68554753,0.0055094063,0.004658378,0.16064233,0.07246418,0.0,0.0029967995,0.9969319,0.002790739,0.00252785,5.1978084E-5,2.2530076E-4,0.0,0.0,0.0,1.081750697251358,0.8415423027685904,0.20321261767009813,0.0,0.005198117394113035,0.01386653027167421,0.14555269317134617,0.0,0.1405760877881083,0.1845865889675335,0.0,8.746811839593485E-4,0.0,0.07406089905920847,0.18521249992146077,0.25927339898066926,0.0043734059197967435,0.02601556873896,0.10376484239663278,0.12978041113559277,0.01386653027167421,0.00906942721162628,0.03546085869639362,0.0445302859080199,0.009633125217850168,7.1986027,0.0073467722906052045,732.6477963237703,65.93830428929202,0.018077261727650933,1.575,0.0,0.0,0.0085427588534182,0.0,0.18247274351621875,0.2043280621530967,0.2549821670324258,0.0,0.0,0.0,0.0,7.382746000827938,7.382746000827938,6.072837221145148,3.6680981139284246,-0.2016929,-0.20617433,-0.21035099,-0.21340685,0.0,-0.11506344923445067,-0.07920977804999911,-0.014040041051481955,0.0,-0.23691749994389233,-0.2453910007633419,-0.25522766913360145,0.0,0.023760000243782997,0.023760000243782997,0.023760000243782997,0.0,0.0,0.0,0.0,0.0,0.0,0.0,0.0,0.0,0.0,0,0,0,0,0.0,0.0,0.0,0.0,0.0,0,0,0.9435848593711853,1.458129869232995E-4,0.018046282457362395,0.06473154687756366,0.04668526442020127
2012-07-24T20:30:00,2012,206,20,0,"9273d490-b46d-48de-afa3-955b5c30eb93",126.83333353698254,94.36162782746983,67.2517022466173,23.2466,0.7150999903678894,43.8515,400.0,1.91,0.0,[0.22282698628236475],[-0.026000000000000006],-0.026000000000000006,36.8480973489212,15.1,0.29530984003311755,12,45,0.0,0.0,0.0,0.0,0.0,0.0,0.0,-0.5659257769584656,-0.5659257769584656,0.0,0.29530984003311755,0.0,0.4429647757177188,-0.07215963676963819,-0.24967854,26.67635012439371,0.1680757800033267,40522.46477331158,14184.536448635365,18070.74335787129,0.0,6227.800207283314,448.90782002138167,1496.1578889804432,3108.953603300668,12384.226289383087,588.0621786874057,32.22627368377057,139.63682946791454,1188.4012857275402,215.30913253453934,861.1387475327574,7.5055933,0.33023342,0.53496855,0.004293268,0.003550655,0.12458442,0.055945624,0.0,0.002369649,0.9971728,0.0025719635,0.0023296776,4.791231E-5,2.0763924E-4,0.0,0.0,0.0,2.7168851063972976,2.478597715783259,0.20159087375817136,0.0,0.005156440738542607,0.013754455656789923,0.14164795584143933,0.0,0.1367854997112124,0.18068658476723434,0.0,8.471986909550801E-4,0.0,0.07173535475427929,0.17939674320887072,0.25113209796315,0.004235993454775402,0.0258065065063377,0.10292874319521957,0.12873524970155725,0.013754455656789923,0.008155502771516712,0.031882241718108155,0.04003774448962487,0.008659322104989415,6.3975806,0.006883250128720892,733.8353626721747,66.0451852648955,0.018109346674180703,1.575,0.0,0.0,0.008003779571692488,0.0,0.0,0.0,0.0,0.0,0.0,0.0,0.0,7.382746000827938,7.382746000827938,6.072837221145148,3.6680981139284246,-0.07686656,-0.07927332,-0.08174673,-0.083901875,0.0,0.0,0.0,0.0,0.0,-0.23691749994389233,-0.2453910007633419,-0.25522766913360145,0.0,0.023760000243782997,0.023760000243782997,0.023760000243782997,0.0,0.0,0.0,0.0,0.0,0.0,0.0,0.0,0.0,0.0,0,0,0,0,0.0,0.0,0.0,0.0,0.0,0,0,0.9435848593711853,1.4581295576180015E-4,0.020862647535977885,0.058220932622068906,0.03735828508609102
2012-07-24T21:30:00,2012,206,21,0,"9273d490-b46d-48de-afa3-955b5c30eb93",126.87500020489097,94.40199781470417,67.76839394673881,22.4006,0.7096999883651733,7.8507,400.0,1.9,0.0,[0.21962985084750475],[-0.027999999999999994],-0.027999999999999994,35.888956680350375,15.1,0.29530984003311755,12,45,0.0,0.0,0.0,0.0,0.0,0.0,0.0,-0.5362078845500946,-0.5362078845500946,0.0,0.29530984003311755,0.0,0.4429647757177188,-0.07427585892899788,-0.24967854,26.650373155707097,0.16766799420726136,40516.29177438374,14166.988289373707,18072.471098738817,0.0,6237.418423317445,448.9156513651175,1496.1792634706594,3109.2145607048838,12384.903174264604,580.3528335352646,32.23284201164601,139.643425942635,1188.449298718379,215.3175824871604,861.1711522244632,7.5048532,0.32711935,0.54016095,0.0041819816,0.0034592669,0.1227221,0.054925043,0.0,0.0023563555,0.9973085,0.002448267,0.0022176278,4.5615936E-5,1.9765439E-4,0.0,0.0,0.0,2.691936529101069,2.4549827719987616,0.20046586190767823,0.0,0.005127453840422377,0.013676338056665462,0.13969034021417448,0.0,0.13480455191124174,0.18242233704060026,0.0,8.319585909194021E-4,0.0,0.07044637331729478,0.17617323710698954,0.24661961042428432,0.0041597929545970115,0.025661068662389125,0.10234650015344729,0.12800756881583641,0.013676338056665462,0.007655272665083194,0.029921956631063742,0.03757722929614694,0.008125159666409892,6.3815136,0.006619776831741641,735.0306264358386,66.15275900789983,0.01814160660429834,1.575,0.0,0.0,0.007697415259396188,0.0,0.0,0.0,0.0,0.0,0.0,0.0,0.0,7.382746000827938,7.382746000827938,6.072837221145148,3.6680981139284246,-0.078983225,-0.081390396,-0.08386414,-0.08601945,0.0,0.0,0.0,0.0,0.0,-0.23691749994389233,-0.2453910007633419,-0.25522766913360145,0.0,0.023760000243782997,0.023760000243782997,0.023760000243782997,0.0,0.0,0.0,0.0,0.0,0.0,0.0,0.0,0.0,0.0,0,0,0,0,0.0,0.0,0.0,0.0,0.0,0,0,0.9435848593711853,1.4581292540465608E-4,0.019857265266182367,0.05464789839934051,0.034790633133158146
2012-07-24T22:30:00,2012,206,22,0,"9273d490-b46d-48de-afa3-955b5c30eb93",126.9166668727994,94.44199038333788,68.26976065644897,22.0328,0.7257999777793884,5.9368,400.0,2.06,0.0,[0.21812542985281702],[-0.029],-0.029,35.43763036400996,15.1,0.29530984003311755,12,45,0.0,0.0,0.0,0.0,0.0,0.0,0.0,-0.5237290412187576,-0.5237290412187576,0.0,0.29530984003311755,0.0,0.4429647757177188,-0.07522876432289674,-0.24967854,26.489901438454304,0.16743753505686026,40510.15345913103,14149.54202452881,18074.183441795183,0.0,6246.985736614043,448.92306307145344,1496.2001474017675,3109.4724950470045,12385.571649164445,572.6882531482589,32.23922646285554,139.6498278132326,1188.4957238818274,215.32574982133758,861.2024555476748,7.4609823,0.32695913,0.5404616,0.004153523,0.0034394192,0.12262198,0.05473942,0.0,0.0023643197,0.9973463,0.0024140398,0.00218662,4.498557E-5,1.9489249E-4,0.0,0.0,0.0,2.6758269505903045,2.439436364976656,0.19999260538597255,0.0,0.005115122048138289,0.013642709815531394,0.13878296028338216,0.0,0.13392691755249947,0.18145689851134705,0.0,8.236672084083107E-4,0.0,0.06974574323221623,0.17442108808444334,0.24416683131665956,0.0041183360420415545,0.025599081427413163,0.10209716551275602,0.12769624694016918,0.013642709815531394,0.00744626479540931,0.029100487260945003,0.03654675205635431,0.00790040060841841,6.388015,0.006499146724023085,736.2334473471885,66.26101289422296,0.01817404735555848,1.575,0.0,0.0,0.007557147686108355,0.0,0.0,0.0,0.0,0.0,0.0,0.0,0.0,7.382746000827938,7.382746000827938,6.072837221145148,3.6680981139284246,-0.0799363,-0.08234366,-0.08481755,-0.086972944,0.0,0.0,0.0,0.0,0.0,-0.23691749994389233,-0.2453910007633419,-0.25522766913360145,0.0,0.023760000243782997,0.023760000243782997,0.023760000243782997,0.0,0.0,0.0,0.0,0.0,0.0,0.0,0.0,0.0,0.0,0,0,0,0,0.0,0.0,0.0,0.0,0.0,0,0,0.9435848593711853,1.4581289530533515E-4,0.019465239311102778,0.05315366092760921,0.03368842161650643
2012-07-24T23:30:00,2012,206,23,0,"9273d490-b46d-48de-afa3-955b5c30eb93",126.95833354070783,94.48089459515953,68.7341356893619,21.145,0.7506999969482422,5.8127,400.0,2.12,0.0,[0.21528381037959668],[-0.030999999999999996],-0.030999999999999996,34.585144488169114,15.1,0.29530984003311755,12,45,0.0,0.0,0.0,0.0,0.0,0.0,0.0,-0.4946708381175995,-0.4946708381175995,0.0,0.29530984003311755,0.0,0.4429647757177188,-0.07716557919809178,-0.24967854,26.503943370720993,0.16728868287954152,40504.07071052767,14132.244035880773,18075.848424510485,0.0,6256.509749508874,448.92953073984046,1496.2199265542,3109.7225994385926,12386.218915363404,565.0888142021524,32.245195958018925,139.65580767847936,1188.5389913454587,215.3333599908775,861.2316098742822,7.3965983,0.32656816,0.54269874,0.004054563,0.0033738257,0.12093411,0.05388399,0.0,0.0023706174,0.99748313,0.0022894358,0.0020737494,4.267036E-5,1.8483409E-4,0.0,0.0,0.0,2.6504938693438884,2.415493616490539,0.19881950437781495,0.0,0.005084885868045732,0.01356135826997211,0.1354835423562611,0.0,0.13066848719587273,0.18063564845233626,0.0,8.009296392252915E-4,0.0,0.06782178684602913,0.1696096284233266,0.23743141526935574,0.004004648196126458,0.025447531278374777,0.10149064457668364,0.1269381758550584,0.01356135826997211,0.006966660172553818,0.027221971651519104,0.03418863182407292,0.007388828759820325,6.3967586,0.00622782850288579,737.443509919907,66.36991853009513,0.018206651750887683,1.575,0.0,0.0,0.007241661368575656,0.0,0.0,0.0,0.0,0.0,0.0,0.0,0.0,7.382746000827938,7.382746000827938,6.072837221145148,3.6680981139284246,-0.08187353,-0.08428126,-0.08675546,-0.088911004,0.0,0.0,0.0,0.0,0.0,-0.23691749994389233,-0.2453910007633419,-0.25522766913360145,0.0,0.023760000243782997,0.023760000243782997,0.023760000243782997,0.0,0.0,0.0,0.0,0.0,0.0,0.0,0.0,0.0,0.0,0,0,0,0,0.0,0.0,0.0,0.0,0.0,0,0,0.9435848593711853,1.4581286682852472E-4,0.018301115909707732,0.04972792563391337,0.03142680972420564
2012-07-25T00:30:00,2012,207,0,0,"9273d490-b46d-48de-afa3-955b5c30eb93",127.00000020861626,94.52211704995662,69.2965898502843,23.4989,0.6922000050544739,0.0137,400.0,1.49,0.0,[0.21264156308502574],[-0.03300000000000001],-0.03300000000000001,33.792470268299795,15.1,0.29530984003311755,12,45,0.0,0.0,0.0,0.0,0.0,0.0,0.0,-0.575069010257721,-0.575069010257721,0.0,0.29530984003311755,0.0,0.4429647757177188,-0.07912188814336771,-0.24967854,25.529542096558377,0.16663803517752937,40497.91390041822,14114.81721703504,18077.626359042144,0.0,6265.970115895365,448.93857823059534,1496.2425893157524,3109.9892780923365,12386.91180124224,557.4327769288222,32.25230222277642,139.6629433579335,1188.5905515251445,215.34243066898955,861.2663530762591,7.454982,0.3279509,0.5348503,0.004338126,0.003594539,0.12687635,0.056433637,0.0,0.0023898103,0.997041,0.002694514,0.00244066,4.954936E-5,2.1460114E-4,0.0,0.0,0.0,2.683665763791592,2.444867953213327,0.20203552974764222,0.0,0.005166889232127324,0.013779399093675308,0.14352797891521826,0.0,0.13869398324290014,0.1794285072574946,0.0,8.46695511040469E-4,0.0,0.0717186772790375,0.17935501995443545,0.25107369723347295,0.004233477555202346,0.02585777252866307,0.10312472572436687,0.12898249825302993,0.013779399093675308,0.008285421470955484,0.032370139548864515,0.04065556101982,0.008784345162565793,6.402819,0.006903720884536415,738.6616000754026,66.47954664844598,0.018239497518112272,1.575,0.0,0.0,0.008027582777176731,0.0,0.0,0.0,0.0,0.0,0.0,0.0,0.0,7.382746000827938,7.382746000827938,6.072837221145148,3.6680981139284246,-0.08383025,-0.08623837,-0.088712886,-0.09086859,0.0,0.0,0.0,0.0,0.0,-0.23691749994389233,-0.2453910007633419,-0.25522766913360145,0.0,0.023760000243782997,0.023760000243782997,0.023760000243782997,0.0,0.0,0.0,0.0,0.0,0.0,0.0,0.0,0.0,0.0,0,0,0,0,0.0,0.0,0.0,0.0,0.0,0,0,0.9476998448371887,1.4208771158367493E-4,0.021687346830731258,0.05913983743886117,0.03745249060812991
2012-07-25T01:30:00,2012,207,1,0,"9273d490-b46d-48de-afa3-955b5c30eb93",127.04166687652469,94.56296754081295,69.83624404180773,22.9517,0.7041000127792358,0.3514,400.0,1.48,0.0,[0.21138753634274776],[-0.03400000000000002],-0.03400000000000002,33.416262230667236,15.1,0.29530984003311755,12,45,0.0,0.0,0.0,0.0,0.0,0.0,0.0,-0.5554036498069763,-0.5554036498069763,0.0,0.29530984003311755,0.0,0.4429647757177188,-0.08009361613257157,-0.24967854,25.40062578558166,0.16610838501824937,40491.79887583232,14097.478324209113,18079.386387664097,0.0,6275.403505906132,448.9470248948622,1496.2645946912455,3110.2525111691734,12387.594866775122,549.8153677545664,32.25914447208527,139.6698092350217,1188.6398563247435,215.35109949870622,861.2995324970873,7.4169703,0.32714096,0.5360584,0.0043053185,0.003558685,0.12654346,0.05611543,0.0,0.0023931807,0.9970952,0.0026459396,0.002396655,4.8664726E-5,2.1073407E-4,0.0,0.0,0.0,2.6643370044274413,2.4263947711606546,0.201314966000793,0.0,0.005148247547400083,0.013728869661365158,0.14254332374696832,0.0,0.13772955444060478,0.17891686419528963,0.0,8.378389909126719E-4,0.0,0.07096995574955589,0.17748260326013024,0.24845255900968613,0.004189194954563361,0.025764074720012242,0.10274886172936169,0.12851293644937395,0.013728869661365158,0.007998144751400893,0.031242854101576397,0.03924099885297729,0.008476596853556102,6.406747,0.006726270749756137,739.8875114763003,66.58987867891096,0.018272527573920776,1.575,0.0,0.0,0.007821245402072161,0.0,0.0,0.0,0.0,0.0,0.0,0.0,0.0,7.382746000827938,7.382746000827938,6.072837221145148,3.6680981139284246,-0.08480216,-0.08721047,-0.089685135,-0.091840915,0.0,0.0,0.0,0.0,0.0,-0.23691749994389233,-0.2453910007633419,-0.25522766913360145,0.0,0.023760000243782997,0.023760000243782997,0.023760000243782997,0.0,0.0,0.0,0.0,0.0,0.0,0.0,0.0,0.0,0.0,0,0,0,0,0.0,0.0,0.0,0.0,0.0,0,0,0.9476998448371887,1.4208767734980775E-4,0.021187792473938316,0.05708292363073274,0.03589513115679442
2012-07-25T02:30:00,2012,207,2,0,"9273d490-b46d-48de-afa3-955b5c30eb93",127.08333354443312,94.60311742299102,70.34378158083896,22.1809,0.7459999918937683,4.3142,400.0,1.55,0.0,[0.2090006075570671],[-0.03599999999999999],-0.03599999999999999,32.70018356650863,15.1,0.29530984003311755,12,45,0.0,0.0,0.0,0.0,0.0,0.0,0.0,-0.5287221968173981,-0.5287221968173981,0.0,0.29530984003311755,0.0,0.4429647757177188,-0.08205551093733389,-0.24967854,25.344108953028737,0.16552307261396046,40485.73361490522,14080.282704026027,18081.11204479786,0.0,6284.779708040573,448.9545685231771,1496.2855534800965,3110.5098079307063,12388.261211671417,542.2609018348173,32.265591477310046,139.6762519599525,1188.685627374837,215.35913707983258,861.3302627054513,7.3550467,0.32690915,0.5372945,0.004232731,0.0035025333,0.12566032,0.05556248,0.0,0.0024007757,0.99718034,0.0025675988,0.0023256892,4.723193E-5,2.0449625E-4,0.0,0.0,0.0,2.641163014329363,2.404432029854784,0.20029343342605724,0.0,0.005121899996250829,0.013657834400928364,0.14039267872558514,0.0,0.1356187087690599,0.1778322195987804,0.0,8.221428543300999E-4,0.0,0.06964181848695418,0.1741611761595273,0.24380299464648147,0.0041107142716505,0.025631872257514718,0.10221949318502772,0.12785136544254244,0.013657834400928364,0.007544418241212923,0.02946588017930441,0.03701029842051733,0.00799274840568347,6.4120483,0.0064909254752795,741.1209704652922,66.70088999233143,0.018305731532858804,1.575,0.0,0.0,0.007547588094125325,0.0,0.0,0.0,0.0,0.0,0.0,0.0,0.0,7.382746000827938,7.382746000827938,6.072837221145148,3.6680981139284246,-0.08676447,-0.08917317,-0.091648154,-0.09380409,0.0,0.0,0.0,0.0,0.0,-0.23691749994389233,-0.2453910007633419,-0.25522766913360145,0.0,0.023760000243782997,0.023760000243782997,0.023760000243782997,0.0,0.0,0.0,0.0,0.0,0.0,0.0,0.0,0.0,0.0,0,0,0,0,0.0,0.0,0.0,0.0,0.0,0,0,0.9476998448371887,1.4208764337163794E-4,0.02038884269859409,0.053843314008856114,0.033454471310262024
2012-07-25T03:30:00,2012,207,3,0,"9273d490-b46d-48de-afa3-955b5c30eb93",127.12500021234155,94.64267546967262,70.82936076808053,21.6539,0.7885000109672546,5.3616,400.0,1.47,0.0,[0.20786312155789208],[-0.037],-0.037,32.35893775319623,15.1,0.29530984003311755,12,45,0.0,0.0,0.0,0.0,0.0,0.0,0.0,-0.511145755648613,-0.511145755648613,0.0,0.29530984003311755,0.0,0.4429647757177188,-0.08303349223421501,-0.24967854,25.227093391728786,0.16445678562858526,40479.70725560891,14063.234109123085,18082.8062457,0.0,6294.080691251922,448.96148380386416,1496.3056921276059,3110.761619768261,12388.912069532613,534.7710277969747,32.27176346261751,139.68237195242537,1188.7281943599967,215.3665931540171,861.3587167346095,7.292191,0.32728735,0.5375782,0.0041841264,0.0034707438,0.1250667,0.055181205,0.0,0.0024128493,0.99717224,0.0025756655,0.00233299,4.7387966E-5,2.051403E-4,0.0,0.0,0.0,2.6225558913536613,2.3866418373349214,0.19960545396256824,0.0,0.0051040703004052515,0.013609570849937894,0.1384147569544549,0.0,0.13368700590202975,0.17640559207333018,0.0,8.076267841289208E-4,0.0,0.06841358257353972,0.17108958381091108,0.2395031663844508,0.004038133920644605,0.025542384323085948,0.10186052835059889,0.12740291267368484,0.013609570849937894,0.007234539042997072,0.028251274039031035,0.035485813082028105,0.007661622300724165,6.415116,0.006314033906969704,742.3617713544991,66.81256207679749,0.018339109190361958,1.575,0.0,0.0,0.007341900214945249,0.0,0.0,0.0,0.0,0.0,0.0,0.0,0.0,7.382746000827938,7.382746000827938,6.072837221145148,3.6680981139284246,-0.08774263,-0.090151526,-0.09262667,-0.09478269,0.0,0.0,0.0,0.0,0.0,-0.23691749994389233,-0.2453910007633419,-0.25522766913360145,0.0,0.023760000243782997,0.023760000243782997,0.023760000243782997,0.0,0.0,0.0,0.0,0.0,0.0,0.0,0.0,0.0,0.0,0,0,0,0,0.0,0.0,0.0,0.0,0.0,0,0,0.9476998448371887,1.4208760768002847E-4,0.0202781984989997,0.05163143519201628,0.03135323669301658
2012-07-25T04:30:00,2012,207,4,0,"9273d490-b46d-48de-afa3-955b5c30eb93",127.16666688024998,94.68177701762133,71.29987325171248,21.2923,0.7991999983787537,5.2469,400.0,1.52,0.0,[0.2056899924246903],[-0.038999999999999986],-0.038999999999999986,31.70699898732998,15.1,0.29530984003311755,12,45,0.0,0.0,0.0,0.0,0.0,0.0,0.0,-0.4993898868560791,-0.4993898868560791,0.0,0.29530984003311755,0.0,0.4429647757177188,-0.08500408325925818,-0.24967854,25.063678900314443,0.16416970896421895,40473.71454690189,14046.28989728997,18084.48137362746,0.0,6303.330891938139,448.96800390243135,1496.3253489753545,3111.0099497630704,12389.553414204602,527.3270118517869,32.27776264257671,139.68830808068404,1188.7692522236161,215.37378026143966,861.3861240188626,7.247338,0.32724842,0.537952,0.004151085,0.0034516542,0.12477499,0.054939914,0.0,0.0024218496,0.9972051,0.0025454387,0.0023056054,4.6839123E-5,2.0273449E-4,0.0,0.0,0.0,2.6070426744830075,2.3716799260543255,0.19914215312434067,0.0,0.005091980064476652,0.013576652880237367,0.1371704927539052,0.0,0.13247410482933908,0.17544243353302538,0.0,7.976671793877638E-4,0.0,0.0675712859893593,0.1689831537103898,0.2365544396997491,0.00398833589693882,0.025481666799067597,0.10161634706506506,0.12709801386413266,0.013576652880237367,0.007037597117157317,0.02747807593812852,0.034515673055285835,0.0074503145954489735,6.419218,0.006196739290663561,743.609777754826,66.92488265729014,0.018372659541617157,1.575,0.0,0.0,0.0072055111202146355,0.0,0.0,0.0,0.0,0.0,0.0,0.0,0.0,7.382746000827938,7.382746000827938,6.072837221145148,3.6680981139284246,-0.08971365,-0.092122935,-0.0945984,-0.09675457,0.0,0.0,0.0,0.0,0.0,-0.23691749994389233,-0.2453910007633419,-0.25522766913360145,0.0,0.023760000243782997,0.023760000243782997,0.023760000243782997,0.0,0.0,0.0,0.0,0.0,0.0,0.0,0.0,0.0,0.0,0,0,0,0,0.0,0.0,0.0,0.0,0.0,0,0,0.9476998448371887,1.4208757219953883E-4,0.019916879682568833,0.05022413936243566,0.030307259679866826
2012-07-25T05:30:00,2012,207,5,0,"9273d490-b46d-48de-afa3-955b5c30eb93",127.20833354815841,94.7203348957235,71.75392746191997,20.8973,0.8291000127792358,7.5581,400.0,1.46,0.0,[0.20364093495918517],[-0.04100000000000001],-0.04100000000000001,31.092281723251773,15.1,0.29530984003311755,12,45,0.0,0.0,0.0,0.0,0.0,0.0,0.0,-0.4868251532316208,-0.4868251532316208,0.0,0.29530984003311755,0.0,0.4429647757177188,-0.08697994358296404,-0.24967854,24.91331571295451,0.16390135893891788,40467.75654829512,14029.45184517438,18086.133763043,0.0,6312.53331361895,448.97410671430765,1496.34449100806,3111.2542845352086,12390.183952288762,519.9296345250131,32.283579022471876,139.69405190284073,1188.8087698470265,215.38069351708566,861.4124679160475,7.2016077,0.32719085,0.5385717,0.0041108234,0.003429366,0.12426652,0.054619186,0.0,0.002430723,0.99724615,0.0025078626,0.0022715644,4.6154662E-5,1.997433E-4,0.0,0.0,0.0,2.591059416094718,2.3563000590853447,0.19863474149936022,0.0,0.005078758842379924,0.013540742850036192,0.13562063819707396,0.0,0.13095606932270432,0.17453624076335786,0.0,7.859857462950111E-4,0.0,0.06658306410119953,0.16651179180824427,0.2330948559094438,0.003929928731475057,0.02541531902294965,0.10134974907111992,0.12676506809406957,0.013540742850036192,0.006828458374839369,0.02665754622102428,0.03348600459586365,0.007226276219467608,6.4225893,0.006070253328620117,744.8648425895668,67.03783849690528,0.018406378463323724,1.575,0.0,0.0,0.007058434413691214,0.0,0.0,0.0,0.0,0.0,0.0,0.0,0.0,7.382746000827938,7.382746000827938,6.072837221145148,3.6680981139284246,-0.09168994,-0.09409962,-0.0965754,-0.09873174,0.0,0.0,0.0,0.0,0.0,-0.23691749994389233,-0.2453910007633419,-0.25522766913360145,0.0,0.023760000243782997,0.023760000243782997,0.023760000243782997,0.0,0.0,0.0,0.0,0.0,0.0,0.0,0.0,0.0,0.0,0,0,0,0,0.0,0.0,0.0,0.0,0.0,0,0,0.9476998448371887,1.4208753708274248E-4,0.019499128036841284,0.048729916315829604,0.02923078827898832
2012-07-25T06:30:00,2012,207,6,0,"9273d490-b46d-48de-afa3-955b5c30eb93",127.25000021606684,94.75834583738087,72.19265660224325,20.5295,0.8281000256538391,10.7478,400.0,1.41,0.0,[0.20265901966861877],[-0.04200000000000003],-0.04200000000000003,30.797707124376508,15.1,0.29530984003311755,12,45,0.0,0.0,0.0,0.0,0.0,0.0,0.0,-0.47538061439991,-0.47538061439991,0.0,0.29530984003311755,0.0,0.4429647757177188,-0.08797147178328879,-0.24967854,24.756331423979823,0.16363016663014596,40461.83203230558,14012.719830644824,18087.763389909334,0.0,6321.686800362721,448.9798313754142,1496.363153705281,3111.4946537577366,12390.803821261694,512.5788421612347,32.28922905164708,139.6996201220586,1188.8468701150287,215.3873545616098,861.4378319217922,7.1559973,0.32720423,0.5391222,0.004072898,0.0034098923,0.12375059,0.05430746,0.0,0.0024401355,0.9972817,0.002475908,0.0022426154,4.5573266E-5,1.9719976E-4,0.0,0.0,0.0,2.5756729128394347,2.3414726708748033,0.19816474422969962,0.0,0.005066490300658383,0.013507404032737218,0.1340412380406137,0.0,0.1294090328575797,0.17360812420346497,0.0,7.742468674014652E-4,0.0,0.06558992767051379,0.16402813966535254,0.22961806733586632,0.0038712343370073273,0.02535377655568106,0.10110234996287129,0.12645612651855234,0.013507404032737218,0.006638333098370813,0.025911533057278942,0.032549866155649754,0.007022542126825461,6.4237733,0.005951135618593275,746.12682734975,67.15141712983497,0.018440263079388657,1.575,0.0,0.0,0.006919925442447888,0.0,0.0,0.0,0.0,0.0,0.0,0.0,0.0,7.382746000827938,7.382746000827938,6.072837221145148,3.6680981139284246,-0.092681654,-0.09509154,-0.09756748,-0.0997239,0.0,0.0,0.0,0.0,0.0,-0.23691749994389233,-0.2453910007633419,-0.25522766913360145,0.0,0.023760000243782997,0.023760000243782997,0.023760000243782997,0.0,0.0,0.0,0.0,0.0,0.0,0.0,0.0,0.0,0.0,0,0,0,0,0.0,0.0,0.0,0.0,0.0,0,0,0.9476998448371887,1.4208750225723322E-4,0.019128773899865337,0.04737153519675776,0.028242761296892425
2012-07-25T07:30:00,2012,207,7,0,"9273d490-b46d-48de-afa3-955b5c30eb93",127.29166688397527,94.79742428132231,72.6624399223657,21.2748,0.8296999931335449,56.2491,400.0,1.42,0.0,[0.2007735475329589],[-0.044],-0.044,30.23206546120197,15.1,0.29530984003311755,12,45,1.0228331129240618,0.7407168562604509,0.454599768229208,0.7315839090565704,0.0,0.04068804014694651,0.161867610759312,-0.35749346390366554,-0.3371472503427915,-4.100012498932102,0.5294130714954842,0.0,0.5786356478320889,-0.12659060353418458,-0.12659061,14.900501938159893,0.1551706719632014,40442.43410405275,13982.802517585847,18089.379687128414,0.0,6330.566011566476,448.98571849650904,1496.3811455415853,3111.7312521996673,12391.407522061003,499.43541845751486,32.29498881502343,139.70486794956835,1188.874276603341,215.3919609389564,861.4549290269583,8.806494,0.46553695,0.4249543,0.0033422718,0.002805579,0.101368085,0.044398095,0.0,0.001992827,0.99695915,0.002768697,0.0025078105,5.0969822E-5,2.2052137E-4,0.0,0.0,0.0,4.3351558755866755,4.099748289972088,0.1991893822314531,0.0,0.005092431899714031,0.013575953038774843,0.13488410585757202,0.0,0.13036527403238035,0.1684061215841219,0.0,7.764735677667442E-4,0.0,0.06577984656690311,0.16450308763519378,0.2302829342020969,0.003882367838833722,0.025483467251556962,0.10161756009040492,0.12710102734196188,0.013575953038774843,0.006854836283421656,0.026752766683871526,0.03360760296729318,0.00724899215425769,6.4101,0.006050271407798695,747.3958473095541,67.26562893075571,0.01848048624834521,1.575,0.0,0.0,0.0070351996210158245,0.0,0.03759291559064331,0.06277849071540609,0.17028823916079938,0.0,0.0,0.0,0.0,7.382746000827938,7.382746000827938,6.072837221145148,3.6680981139284246,-0.13184282,-0.13469648,-0.13755491,-0.13992119,0.0,-0.41500599464808285,-0.384698900950933,-0.25239068327310366,0.0,-0.12659060353418458,-0.12659060353418458,-0.12659060353418458,0.0,0.023760000243782997,0.023760000243782997,0.023760000243782997,0.0,0.0,0.0,0.0,0.0,0.0,0.0,0.0,0.0,0.0,0,0,0,0,0.0,0.0,0.0,0.0,0.0,0,0,0.9476998448371887,1.420874375537858E-4,0.02632465168426279,0.04893067746654501,0.02260602578228222
2012-07-25T08:30:00,2012,207,8,0,"9273d490-b46d-48de-afa3-955b5c30eb93",127.3333335518837,94.83893140437168,73.25022740911125,24.1069,0.7207000255584717,193.4346,400.0,1.38,0.0,[0.19986752492980653],[-0.045],-0.045,29.960258669455627,15.1,0.29530984003311755,12,45,5.466920204103156,3.8572445670215165,0.7065592458773089,1.1078233409872311,0.0,0.03702131482916549,0.2627858144997771,0.08410715560118358,0.06300164288357453,1.9397460342103092,1.308364551644351,4.118258494232443E-4,1.525277968368999,-0.21821036625466755,-0.21821037,27.792923439622765,0.16436655824386492,40442.01812284636,13971.494233348325,18091.19132392089,0.0,6339.614166045728,448.99516041069637,1496.404217865052,3111.997824946243,12392.099366219749,494.4674064304043,32.302377114728486,139.71219172199565,1188.9252600028499,215.40089383855872,861.4889670180501,6.7312226,0.27810392,0.5665483,0.0047723833,0.004048581,0.14386918,0.06289957,0.0,0.0026576756,0.9963175,0.0033542179,0.0030381507,6.175846E-5,2.6716085E-4,0.0,0.0,0.0,2.1119662464382776,1.871979307062537,0.2030672560616568,0.0,0.0051913292808131225,0.01383894770984796,0.1471772882226965,0.0,0.14251651193144765,0.17161035686372766,0.0,8.47212805388192E-4,0.0,0.07177405549847837,0.17949347854897565,0.25126753404745406,0.004236064026940961,0.02597811161781366,0.10358797852560551,0.1295660901434192,0.01383894770984796,0.008681278941182168,0.03387608414141798,0.04255736308260015,0.009176887797205439,7.5536327,0.00697791093715167,748.6729811196424,67.38057097823103,0.01851225571497147,1.575,0.0,0.0,0.008113850284014394,0.0,0.03394612332492835,0.07865766769513854,0.27647474704366326,0.0,0.0,0.0,0.0,7.382746000827938,7.382746000827938,6.072837221145148,3.6680981139284246,-0.22575358,-0.23050994,-0.23513328,-0.23853752,0.0,-0.3787453070629758,-0.21919588762856532,0.5538078372612165,0.0,-0.21821036625466758,-0.21821036625466755,-0.21821036625466755,0.0,0.023760000243782997,0.023760000243782997,0.03704866170883179,0.0,0.0,0.0,0.0,0.0,0.0,0.0,0.0,0.0,0.0,0,0,0,0,0.0,0.0,0.0,0.0,0.0,0,0,0.9476998448371887,1.4208739502176776E-4,0.02437636766990181,0.06194258178203872,0.03756621411213691
2012-07-25T09:30:00,2012,207,9,0,"9273d490-b46d-48de-afa3-955b5c30eb93",127.37500021979213,94.87871181487523,73.99777744207113,27.9412,0.5845000147819519,420.5375,400.0,1.33,0.0,[0.1981233495788775],[-0.04700000000000002],-0.04700000000000002,29.43700604338473,15.1,0.29530984003311755,12,45,11.818714013374077,8.377573751914172,0.7025957265032295,1.0988640412983341,0.0,0.039256524741486394,0.25893330550935556,0.6566928798953692,0.6534706231331118,10.738857255272157,3.130530166084778,9.528788243471864E-4,3.493469684546871,-0.27806155981490377,-0.28943056,35.54031415387039,0.16738462680966598,40462.666314243084,13981.27427595488,18092.99754547228,0.0,6348.632836596461,449.0099891713856,1496.432648288449,3112.264687542864,12392.80360623802,498.76402369562993,32.31217584324146,139.72211709527863,1188.9984990664034,215.413815490229,861.5383990551736,6.2840357,0.22782291,0.6048877,0.005361149,0.004842428,0.15416418,0.06876063,0.0,0.0029216243,0.9952998,0.0042806775,0.0038772984,7.8831246E-5,3.409559E-4,0.0,0.0,0.0,1.677970464730974,1.431647297157387,0.2084322245359777,0.0,0.0053282600844756205,0.014203091987967969,0.1427317576764635,0.0,0.1381118585119897,0.17105115470748536,0.0,8.18762393196369E-4,0.0,0.06936519744566223,0.1734693715726136,0.24283456901827583,0.004093811965981846,0.02666280756668395,0.10631597416895908,0.13297878173564304,0.014203091987967969,0.011482175270479988,0.044798723785718406,0.056280899056198395,0.012133084957457987,13.548529,0.00812416144083113,749.9595616294961,67.49636322871905,0.018534605599273276,1.575,0.0,0.0,0.009446699765556734,0.0,0.036074563642703165,0.08039606479388667,0.2718662062802791,0.0,0.0,0.0,0.0,7.382746000827938,7.382746000827938,6.072837221145148,3.6680981139284246,-0.29104254,-0.3003357,-0.30905947,-0.31470224,0.0,-0.3152543133225907,0.0681819094676463,1.7029365559389056,0.0,-0.27806155981490377,-0.2819677363438488,-0.30052302741082465,0.0,0.023760000243782997,0.029129094909876585,0.05444422960281372,0.0,0.0,0.0,0.0,0.0,0.0,0.0,0.0,0.0,0.0,0,0,0,0,0.0,0.0,0.0,0.0,0.0,0,0,0.9476998448371887,1.4208735293121485E-4,0.029042596448562108,0.08191476759904372,0.05287217115048161
2012-07-25T10:30:00,2012,207,10,0,"9273d490-b46d-48de-afa3-955b5c30eb93",127.41666688770056,94.91367769116356,74.84792749627212,30.4036,0.5473999977111816,621.6958,400.0,1.34,0.0,[0.197283188344729],[-0.048000000000000015],-0.048000000000000015,29.184957663124674,15.1,0.29530984003311755,12,45,17.30895224149811,12.484210847288852,0.6960378468657061,1.0671666221972365,0.0,0.0494444781808276,0.2431776272559699,1.171179694220579,1.0897682326115672,16.949427238930927,4.097364660328455,0.001149073764076188,4.585575295996293,-0.29305701180175237,-0.36863428,71.69972021331907,0.17528705058375776,40499.968837793334,14007.667482801047,18094.7018793609,0.0,6357.784875609779,449.0295279004958,1496.466055785441,3112.5189435146735,12393.493157992301,510.3592194204345,32.32402869148216,139.73468935643632,1189.101867159412,215.43226865664604,861.6094825755749,5.22521,0.070069484,0.73821855,0.0064577404,0.006258729,0.1754228,0.080537304,0.0,0.003572694,0.9948418,0.0046981233,0.0042553917,8.653968E-5,3.7420902E-4,0.0,0.0,0.0,0.6166201775289359,0.36612780043626836,0.21196353428079612,0.0,0.0054184655523028345,0.014442298859084903,0.12874421823611493,0.0,0.12415210810102034,0.1735806660582306,0.0,7.347620004672587E-4,0.0,0.06224966666224471,0.15567478667675191,0.21792445333899663,0.0036738100023362944,0.02711292464785944,0.10810852207537426,0.1352214467232337,0.014442298859084903,0.013809107485082647,0.053869351330533236,0.06767845881561588,0.014587067688752441,16.720144,0.008956790419076167,751.2565570123885,67.61309281781777,0.018549558890310524,1.575,0.0,0.0,0.010414873038683919,0.0,0.04555245723334235,0.0849732312795009,0.25583646716055086,0.0,0.0,0.0,0.0,7.382746000827938,7.382746000827938,6.072837221145148,3.6680981139284246,-0.30894664,-0.32058904,-0.33122596,-0.33806792,0.0,-0.13664801030839369,0.36405134492429,2.4061914885133655,0.0,-0.33395098709938686,-0.3483202311893273,-0.3953079952563704,0.0,0.023760000243782997,0.03023879276588559,0.05823237150907516,0.0,0.0,0.0,0.0,0.0,0.0,0.0,0.0,0.0,0.0,0,0,0,0,0.0,0.0,0.0,0.0,0.0,0,0,0.9476998448371887,1.42087339362623E-4,0.026504032430239022,0.09848408043312229,0.07198004800288327
2012-07-25T11:30:00,2012,207,11,0,"9273d490-b46d-48de-afa3-955b5c30eb93",127.45833355560899,94.94527617498561,75.74578582482889,31.5486,0.4982999861240387,856.8202,400.0,1.29,0.0,[0.1956621639701276],[-0.050000000000000024],-0.050000000000000024,28.698650331420136,15.1,0.29530984003311755,12,45,27.118437265856247,19.809135829433416,0.7912522739851442,1.212863998233043,0.0,0.10115195161682929,0.2441463088794961,2.3160148710012436,2.2383276745241916,32.0022233407114,6.169603326175305,0.0014408554348731165,6.264320853395809,-0.31246103366396805,-0.4233094,121.56345198170705,0.18132142141091595,40572.409242394264,14069.079362214097,18096.32767596056,0.0,6367.129275568006,449.0516042282039,1496.5023104488932,3112.763209986072,12394.168785613345,537.3389936393354,32.33699751988224,139.74882675106335,1189.224728771607,215.4543237819871,861.6947081055109,4.899961,0.0,0.803766,0.0068046814,0.0069060875,0.17868371,0.08367892,0.0,0.0038394786,0.99514866,0.00441845,0.0040020584,8.1410864E-5,3.5193388E-4,0.0,0.0,0.0,0.2524714386266574,0.0,0.21364135218183955,0.0,0.005461452143224711,0.01455533883337151,0.11868623439839938,0.0,0.11407384317407407,0.17722904877298856,0.0,6.739679182588952E-4,0.0,0.05709957525444386,0.14279536704088888,0.19989494229533275,0.0033698395912944764,0.027326099401519133,0.10895645978004681,0.13628255918156595,0.01455533883337151,0.015069143225021687,0.05877682525581122,0.0738459684808329,0.015914384375140825,23.506952,0.009378236334586374,752.5644573217313,67.73080385033605,0.01854867559936209,1.575,0.0,0.0,0.010904926450379515,0.0,0.09274566201641335,0.12727900134179101,0.25688731431230966,0.0,0.0,0.0,0.0,7.382746000827938,7.382746000827938,6.072837221145148,3.6680981139284246,-0.33461535,-0.35139704,-0.3665594,-0.37595823,0.0,0.8999376489591935,1.4944222233526419,3.6364860508004306,0.0,-0.3671064583832151,-0.39628483209962984,-0.4583855979798163,0.0,0.04525821035106977,0.0451738890260458,0.06904296427965165,0.0,0.0,0.0,0.0,0.0,0.0,0.0,0.0,0.0,0.0,0,0,0,0,0.0,0.0,0.0,0.0,0.0,0,0,0.9476998448371887,1.4208734894773122E-4,0.023374575379421003,0.10744707701589273,0.08407250163647173
2012-07-25T12:30:00,2012,207,12,0,"9273d490-b46d-48de-afa3-955b5c30eb93",127.50000022351742,94.97133635559436,76.70565253612354,33.0368,0.4498000144958496,1702.8011,400.0,1.33,0.0,[0.1956621639701276],[-0.050000000000000024],-0.050000000000000024,28.698650331420136,15.1,0.29530984003311755,12,45,54.6877855160983,40.783391680723135,0.8029091817608395,1.2493075960705182,0.0,0.11624128229105855,0.24278156601338652,5.146769364674886,4.966658298148382,69.02353134433238,9.938766840196887,0.0019291330060846482,10.126604887463321,-0.43878744143976095,-0.5063453,171.08601639427621,0.1923401644693637,40729.145176259466,14214.70182586356,18097.810260948194,0.0,6376.694282469694,449.077027926208,1496.5427673256956,3112.989273646401,12394.81624850213,601.3145831834609,32.35157986863021,139.7653308208993,1189.3779951248812,215.4820098163246,861.8020744989894,4.9189115,0.0,0.81957203,0.006476267,0.0071975826,0.1628907,0.07920227,0.0,0.0038634036,0.9963387,0.0033343679,0.0030201282,6.145472E-5,2.6558508E-4,0.0,0.0,0.0,0.25505774038365553,0.0,0.21583286449182543,0.0,0.00551766899909512,0.014703465790357284,0.101154913025518,0.0,0.09655343200774939,0.18141315464569724,0.0,5.700775811975652E-4,0.0,0.04829795795705433,0.1207841643235657,0.16908212228062003,0.0028503879059878267,0.027605093029906748,0.11006693495173836,0.1376720279816451,0.014703465790357284,0.01690509155769068,0.06592973390972007,0.08283482546741075,0.01785041890721644,25.56375,0.009978673006112106,753.8839607397315,67.84955916267498,0.018509692690018977,1.575,0.0,0.0,0.011603108657299509,0.0,0.10694848069209459,0.13951542954005963,0.25504598591802957,0.0,0.0,0.0,0.0,7.382746000827938,7.382746000827938,6.072837221145148,3.6680981139284246,-0.4734253,-0.50061464,-0.52514714,-0.53996336,0.0,2.801092584915891,3.794690775415889,7.203571744273871,0.0,-0.44695624040379567,-0.4727376306010282,-0.5449321464316975,0.0,0.054246533662080765,0.06383967027068138,0.09979034960269928,0.0,0.0,0.0,0.0,0.0,0.0,0.0,0.0,0.0,0.0,0,0,0,0,0.0,0.0,0.0,0.0,0.0,0,0,0.9476998448371887,1.4208739701272377E-4,0.01770789430156583,0.12049532620228948,0.10278743190072365
2012-07-25T13:30:00,2012,207,13,0,"9273d490-b46d-48de-afa3-955b5c30eb93",127.54166689142585,94.98993074833263,77.73180676694132,34.6277,0.41269999742507935,1372.3593,400.0,1.26,0.0,[0.1956621639701276],[-0.050000000000000024],-0.050000000000000024,28.698650331420136,15.1,0.29530984003311755,12,45,44.07523477055848,32.862288183194934,0.802909900682687,1.2470395291196623,0.0,0.11614705222364223,0.24229459139389817,3.879725933074951,3.7464589088428206,52.35195634313676,9.022883329122042,0.0016117032177928843,9.209024995724343,-0.4029596558952316,-0.6551118,181.32169353728048,0.19404423785124075,40847.94123873222,14322.829006635604,18099.004161844583,0.0,6386.0976762432265,449.10588294402885,1496.5855015931786,3113.1747998585474,12395.37163442402,648.8175573968861,32.36759178978485,139.78353949803935,1189.5483663213163,215.51280714692984,861.9215395342951,4.72636,0.0,0.83854955,0.006402521,0.0077236486,0.14325999,0.07430978,0.0,0.004064313,0.99606293,0.0035858548,0.003247903,6.611108E-5,2.8561318E-4,0.0,0.0,0.0,0.2578481512255958,0.0,0.21819679448640983,0.0,0.005578446963066544,0.014863504590001266,0.07361029942743469,0.0,0.0692387343230238,0.17834794541875276,0.0,4.082774284385928E-4,0.0,0.0345897790677432,0.0865025695211585,0.12109234858890171,0.0020413871421929644,0.027906354334903412,0.11126643706405037,0.13917279139895378,0.014863504590001266,0.018562728015621838,0.07238690150415474,0.09094962951977657,0.01959985047115261,25.56375,0.010467974318204516,755.215636221428,67.9694099607901,0.018488462657337765,1.575,0.0,0.0,0.012172063696400394,0.0,0.10679927029953441,0.13933157437847574,0.25458515065854725,0.0,0.0,0.0,0.0,7.382746000827938,7.382746000827938,6.072837221145148,3.6680981139284246,-0.4344295,-0.45895612,-0.4809836,-0.49426943,0.0,1.9965770877685685,2.814606122479963,5.541870230577659,0.0,-0.5638055414081008,-0.6189452849021597,-0.6972986873997191,0.0,0.04315157731374105,0.04977346025407314,0.074043670296669,0.0,0.0,0.0,0.0,0.0,0.0,0.0,0.0,0.0,0.0,0,0,0,0,0.0,0.0,0.0,0.0,0.0,0,0,0.9476998448371887,1.420874548063798E-4,0.01829794319201028,0.13230758276218926,0.11400963957017898
2012-07-25T14:30:00,2012,207,14,0,"9273d490-b46d-48de-afa3-955b5c30eb93",127.58333355933428,95.01178702913171,78.73077349059102,33.9752,0.4381999969482422,991.5331,400.0,1.26,0.0,[0.1956621639701276],[-0.050000000000000024],-0.050000000000000024,28.698650331420136,15.1,0.29530984003311755,12,45,29.1039982781693,21.399838502195724,0.733813078912073,1.128471247248228,0.0,0.07279000306184932,0.242473224325956,2.2552793150146804,2.176110121915488,32.05763192461061,6.980759706848765,0.0012756344768750255,7.133551056599605,-0.3230752969025021,-0.58655196,162.01272460672942,0.19158503510727912,40920.53448595576,14384.646361944746,18100.317611558585,0.0,6395.4910728476925,449.13346527479297,1496.6269671314321,3113.3765694226936,12395.96207527977,675.9754673157903,32.3829465030282,139.800882846979,1189.708838680041,215.54178567860174,862.0338714658546,4.776528,0.0,0.8288601,0.0065734033,0.0075341375,0.15302846,0.07691301,0.0,0.004003907,0.99591655,0.0037186635,0.003368182,6.858373E-5,2.9618753E-4,0.0,0.0,0.0,0.2567387100929654,0.0,0.21725988772722807,0.0,0.0055550394270661,0.014799009623776255,0.0855486447102488,0.0,0.08111223082737798,0.1781583357303936,0.0,4.773397555287534E-4,0.0,0.04044020941112783,0.10113339959259927,0.14157360900372712,0.0023866987776437676,0.027785778735765845,0.11078441801223991,0.13857019674800575,0.014799009623776255,0.017805279707112407,0.06942800727058156,0.08723328697769396,0.018801308257750386,25.56375,0.010214385419549197,756.5591888959955,68.0903297063061,0.018488497239830832,1.575,0.0,0.0,0.011877192871033103,0.0,0.06718306755337307,0.10419024975608887,0.25465383252847146,0.0,0.0,0.0,0.0,7.382746000827938,7.382746000827938,6.072837221145148,3.6680981139284246,-0.34772536,-0.36667156,-0.38411528,-0.3949066,0.0,0.4777562390686862,1.2013882721210973,3.974899931459082,0.0,-0.5026049889977192,-0.5481384297959324,-0.6318660195742347,0.0,0.03290287405252457,0.03868279978632927,0.06320568919181824,0.0,0.0,0.0,0.0,0.0,0.0,0.0,0.0,0.0,0.0,0,0,0,0,0.0,0.0,0.0,0.0,0.0,0,0,0.9476998448371887,1.420875030837071E-4,0.019177000744093675,0.12692489938933355,0.10774789864523987
2012-07-25T15:30:00,2012,207,15,0,"9273d490-b46d-48de-afa3-955b5c30eb93",127.62500022724271,95.02978235289142,79.76167765542894,34.7417,0.42559999227523804,1667.8845,400.0,1.2,0.0,[0.1956621639701276],[-0.050000000000000024],-0.050000000000000024,28.698650331420136,15.1,0.29530984003311755,12,45,48.32572755980893,35.10915011456437,0.7243566260105081,1.1131154658525657,0.0,0.03663478375487031,0.26447610357038204,3.7320327083580196,3.6164034428149887,54.51755589373956,9.181036079590736,0.001649461498109463,9.315374522709813,-0.4091463191100984,-0.51273423,200.52383963271618,0.19634153848724367,41044.26530172629,14497.529063407046,18101.500146937826,0.0,6405.084141588686,449.1626891936461,1496.6702556280525,3113.5605975199383,12396.516236971329,725.5676606793655,32.39912514632923,139.819393625407,1189.883615466272,215.57340598938504,862.1565657346466,4.799226,0.0,0.8424754,0.0062812045,0.0076405504,0.13959712,0.07271179,0.0,0.004005695,0.99638855,0.0032887529,0.0029787794,6.067543E-5,2.6194277E-4,0.0,0.0,0.0,0.2581019707607259,0.0,0.21841575242539074,0.0,0.0055850563268309734,0.014876925776594347,0.07197125730677745,0.0,0.06753094141194721,0.1819453849771404,0.0,3.970851175604729E-4,0.0,0.03364067640014526,0.08412903748162398,0.11776971388176924,0.001985425587802365,0.027932696446845266,0.1113687507129001,0.13930144715974538,0.014876925776594347,0.01875689159317181,0.07313223912514653,0.09188913071831835,0.019806375541395596,25.56375,0.010501242030955357,757.914952317648,68.21234841910342,0.018465794106583038,1.575,0.0,0.0,0.012210747085022448,0.0,0.033694358576199936,0.07893441888416604,0.27796891453725,0.0,0.0,0.0,0.0,7.382746000827938,7.382746000827938,6.072837221145148,3.6680981139284246,-0.4411531,-0.46649557,-0.4909272,-0.5062308,0.0,0.19696161993314942,1.6051996819421355,7.277031545242375,0.0,-0.4176749646651339,-0.4636592941113632,-0.5668232351508211,0.0,0.02889083946744601,0.04212064668536186,0.09140505343675613,0.0,0.0,0.0,0.0,0.0,0.0,0.0,0.0,0.0,0.0,0,0,0,0,0.0,0.0,0.0,0.0,0.0,0,0,0.9476998448371887,1.420875677211442E-4,0.017040632592397742,0.1336940084288582,0.11665337583646046
2012-07-25T16:30:00,2012,207,16,0,"9273d490-b46d-48de-afa3-955b5c30eb93",127.66666689515114,95.04453081609495,80.81720267188156,35.3326,0.4018000066280365,1102.0426,400.0,1.25,0.0,[0.1956621639701276],[-0.050000000000000024],-0.050000000000000024,28.698650331420136,15.1,0.29530984003311755,12,45,35.464225093834514,25.7024690736079,0.804511211586433,1.2685244163087135,0.0,0.12374556169872578,0.24270023948962344,2.844504197438558,2.758657199556352,38.63199762908028,8.002331146018888,0.0013409980487824433,8.119275787816537,-0.36303741216981406,-0.60954964,258.9301802272826,0.20293377248839678,41131.8488417781,14574.36577179683,18102.578697403693,0.0,6414.676217818712,449.19376273649345,1496.715389217131,3113.730892135545,12397.044474539094,759.3239479627573,32.4160315801921,139.83902980473704,1190.0731082750303,215.60775652059317,862.2899975804353,4.7479806,0.0,0.8514802,0.006234814,0.007854324,0.13036549,0.0702951,0.0,0.004065155,0.99698806,0.002742343,0.0024838606,5.061235E-5,2.1841911E-4,0.0,0.0,0.0,0.2591631636509784,0.0,0.2193156921296924,0.0,0.005608632454600693,0.014937561600914282,0.06049940874180466,0.0,0.05612668940702612,0.18192656067858676,0.0,3.2990687525438723E-4,0.0,0.027948950411497732,0.06989509415698318,0.09784404456848092,0.0016495343762719366,0.028047058734649095,0.11182344268617438,0.13987050142082347,0.014937561600914282,0.019606391097242944,0.07643886153600017,0.09604525263324312,0.02070508102736729,25.56375,0.010761940977287436,759.2832296247087,68.33549338163222,0.01845973986108536,1.575,0.0,0.0,0.012513885408052152,0.0,0.11434678226606035,0.1452953252877554,0.2548906318361785,0.0,0.0,0.0,0.0,7.382746000827938,7.382746000827938,6.072837221145148,3.6680981139284246,-0.39105353,-0.4127304,-0.43206942,-0.44369212,0.0,1.3836231545665942,2.074719755049877,4.130827582155386,0.0,-0.5224012585216306,-0.5756727298248775,-0.6499827902983715,0.0,0.03661154086391131,0.04270594008266926,0.05936020910739899,0.0,0.0,0.0,0.0,0.0,0.0,0.0,0.0,0.0,0.0,0,0,0,0,0.0,0.0,0.0,0.0,0.0,0,0,0.9476998448371887,1.420876515913612E-4,0.014057698157557752,0.13972877203025896,0.1256710738727012
2012-07-25T17:30:00,2012,207,17,0,"9273d490-b46d-48de-afa3-955b5c30eb93",127.70833356305957,95.07489074241987,81.7303235251801,31.9149,0.46380001306533813,213.6272,400.0,1.3,0.0,[0.1956621639701276],[-0.050000000000000024],-0.050000000000000024,28.698650331420136,15.1,0.29530984003311755,12,45,7.669149025558658,5.674911803670888,0.8974921060565623,1.4758086890700997,0.0,0.19713084839219977,0.24392018179894567,0.09831991465762258,0.09601872170045372,1.6689702996229299,3.4113412707114072,1.3590046384004517E-4,3.977098452750707,-0.28530091583433864,-0.48272157,132.03682728043694,0.1951912651616593,41134.48019042416,14565.781595428558,18104.253294441492,0.0,6424.153899520033,449.2176105709678,1496.7547898559692,3113.983157337844,12397.754106485161,755.5527046384235,32.42972237375187,139.85465052812796,1190.2198781870895,215.6342984503167,862.392944548598,5.2970586,0.06306215,0.7541161,0.0063868915,0.006551426,0.16632293,0.07789964,0.0,0.0035604753,0.99711084,0.0026306626,0.0023826985,4.8568792E-5,2.0952019E-4,0.0,0.0,0.0,0.5873078133580667,0.3340438760689453,0.2143251221010537,0.0,0.005481639836445303,0.01459713002283168,0.11872448537441141,0.0,0.11406157753075279,0.17975691537253013,0.0,6.68309724269069E-4,0.0,0.0566164854102263,0.14158723073391946,0.19820371614414575,0.003341548621345346,0.027408279737502227,0.10927558390432628,0.1366838636418285,0.01459713002283168,0.015872690627101976,0.06187866802686709,0.07775135865396907,0.016764604987048536,14.497863,0.00959576506263807,760.6626647986122,68.45964255221678,0.018492093768470413,1.575,0.0,0.0,0.011157866842966985,0.0,0.18260950206952115,0.2039063234798413,0.2565704762037888,0.0,0.0,0.0,0.0,7.382746000827938,7.382746000827938,6.072837221145148,3.6680981139284246,-0.2991297,-0.30895168,-0.31749317,-0.3228189,0.0,-0.040761298314985116,0.02450817092036634,0.23529517433378694,0.0,-0.4413411985427797,-0.4692705513735969,-0.49963230816710935,0.0,0.023760000243782997,0.023760000243782997,0.029767592251300812,0.0,0.0,0.0,0.0,0.0,0.0,0.0,0.0,0.0,0.0,0,0,0,0,0.0,0.0,0.0,0.0,0.0,0,0,0.9476998448371887,1.4208770340916785E-4,0.015044585976283997,0.1131538381417092,0.09810925216542521
2012-07-25T18:30:00,2012,207,18,0,"9273d490-b46d-48de-afa3-955b5c30eb93",127.750000230968,95.10877634363077,82.59698192070864,30.7998,0.5476999878883362,278.2294,400.0,1.34,0.0,[0.1956621639701276],[-0.050000000000000024],-0.050000000000000024,28.698650331420136,15.1,0.29530984003311755,12,45,7.37912653607602,5.145065728281089,0.6630433857884913,1.0273428505560698,0.0,0.03471623596594414,0.24336310941216727,-0.018420716126759846,-0.00493313201355967,1.4054954161938058,3.1611546956323977,1.2350404550798632E-4,3.2992756341711265,-0.2811561441848997,-0.36558312,39.972346997430535,0.18322284706573483,41130.31504397674,14550.576825916138,18105.992115612695,0.0,6433.398234612237,449.2384701242851,1496.790399430608,3114.241615155845,12398.463818482584,748.8728691991523,32.44212603558888,139.86827979220092,1190.3399338510983,215.65587957518085,862.4763321341507,7.871051,0.37684986,0.49500984,0.004321304,0.0042359075,0.11720498,0.053565193,0.0,0.00237811,0.9972921,0.0024658525,0.0022334158,4.5539582E-5,1.9639151E-4,0.0,0.0,0.0,3.2175958471194166,2.9662045850679015,0.21274342954700026,0.0,0.005441392881583377,0.014488214577001456,0.1290641812862502,0.0,0.12444181187033598,0.17533118469394637,0.0,7.261208671598473E-4,0.0,0.06151403224951269,0.15383507508031358,0.21534910732982626,0.0036306043357992373,0.027204740530984227,0.10846218074226814,0.13566692127325236,0.014488214577001456,0.014413846889388054,0.056184488995767265,0.07059833588515532,0.015222224869948994,13.675481,0.009071382216032485,762.052648091836,68.58474105357789,0.018527761026800923,1.575,0.0,0.0,0.010548119320078743,0.0,0.031728419803073026,0.0735867596203414,0.25578875487561675,0.0,0.0,0.0,0.0,7.382746000827938,7.382746000827938,6.072837221145148,3.6680981139284246,-0.29423276,-0.3035326,-0.31206393,-0.31759635,0.0,-0.593187443212943,-0.3622462745886421,0.6338699687661362,0.0,-0.33198864661734423,-0.35122450603790323,-0.3833097008521834,0.0,0.023760000243782997,0.02626591781154275,0.03822933956980705,0.0,0.0,0.0,0.0,0.0,0.0,0.0,0.0,0.0,0.0,0,0,0,0,0.0,0.0,0.0,0.0,0.0,0,0,0.9476998448371887,1.4208771863539896E-4,0.02095450183696812,0.10279611167274881,0.08184160983578069
2012-07-25T19:30:00,2012,207,19,0,"9273d490-b46d-48de-afa3-955b5c30eb93",127.79166689887643,95.14555904052712,83.41568194078448,29.6488,0.5418000221252441,138.3022,400.0,1.32,0.0,[0.1956621639701276],[-0.050000000000000024],-0.050000000000000024,28.698650331420136,15.1,0.29530984003311755,12,45,4.953571130786572,3.6662018669701846,0.8954252229513651,1.4727016742925534,0.0,0.19820998185860847,0.2425356227609424,-0.13679386636552712,-0.11371187787914121,-1.2230737924049044,2.312827026202976,0.0,2.901538925125477,-0.2630315405181192,-0.34659904,64.91665694289156,0.18859849694976805,41123.79587523218,14532.794401245534,18107.87770279585,0.0,6442.721684092727,449.2576843534987,1496.8254067066068,3114.5208151169195,12399.22536134911,741.0606053950976,32.45379148684666,139.8813416307689,1190.4589327344331,215.67733916438027,862.5593965403218,6.4137306,0.22131549,0.61268437,0.0054202876,0.005092943,0.15259112,0.06823306,0.0,0.0028958262,0.9974224,0.0023477564,0.0021264444,4.3370786E-5,1.8698518E-4,0.0,0.0,0.0,1.6689307981169104,1.4194578744593191,0.2111232249894054,0.0,0.005400059335070867,0.014376589564811153,0.14178713936756562,0.0,0.13705948165700335,0.17683169492925818,0.0,7.980644899121007E-4,0.0,0.06760918351645481,0.16907793450931943,0.23668711802577425,0.003990322449560504,0.026996131090348607,0.10762846509272668,0.1346245961830753,0.014376589564811153,0.01354112864575569,0.05277560186601093,0.06631673051176662,0.014297851608119971,10.856781,0.008792543241084026,763.4528552729993,68.71075970489011,0.018564746736640807,1.575,0.0,0.0,0.01022388793959005,0.0,0.18443570723427125,0.20409974075068432,0.25495350860235083,0.0,0.0,0.0,0.0,7.382746000827938,7.382746000827938,6.072837221145148,3.6680981139284246,-0.27356765,-0.28070977,-0.2870524,-0.2912186,0.0,-0.1794562882021722,-0.13979146080074614,-0.053401565348038735,0.0,-0.324137227538692,-0.33938869867176846,-0.3558522945048964,0.0,0.023760000243782997,0.023760000243782997,0.023760000243782997,0.0,0.0,0.0,0.0,0.0,0.0,0.0,0.0,0.0,0.0,0,0,0,0,0.0,0.0,0.0,0.0,0.0,0,0,0.9476998448371887,1.4208774798653347E-4,0.016257148949080147,0.09655554421332682,0.08029839526424667
2012-07-25T20:30:00,2012,207,20,0,"9273d490-b46d-48de-afa3-955b5c30eb93",127.83333356678486,95.18554773003099,84.15646946896518,27.7789,0.567300021648407,64.8694,400.0,1.38,0.0,[0.1956621639701276],[-0.050000000000000024],-0.050000000000000024,28.698650331420136,15.1,0.29530984003311755,12,45,1.1127270347444556,0.7990988854434654,0.42883356202788037,0.6843655486968734,0.0,0.022476654270084984,0.16265141346482817,-0.5928604279955229,-0.5679931275027988,-7.0108031406426985,1.9462387828610903,0.0,2.070656901960004,-0.25130768633550793,-0.3163973,18.02011563573233,0.16868204219207766,41090.95130240389,14489.241112098083,18109.73214690952,0.0,6451.532819300515,449.27235270725777,1496.8538778264108,3114.790445237518,12399.937293369065,721.9265564306397,32.46349092666229,139.8912566317949,1190.5336565978519,215.69055701661392,862.6099272377819,11.797778,0.59421253,0.31477666,0.0028731173,0.0025715716,0.08401167,0.03675772,0.0,0.0015544822,0.99762225,0.00216585,0.0019616794,4.0020757E-5,1.7249625E-4,0.0,0.0,0.0,7.256755471110716,7.010387542913699,0.2084990865894637,0.0,0.005332940288697546,0.014196465096589339,0.1472339808431247,0.0,0.1426942355039098,0.1671149692294059,0.0,8.260793563392244E-4,0.0,0.06998318374295431,0.17501486157755572,0.24499804532051003,0.0041303967816961225,0.026659042597337205,0.10628238564201051,0.1329414282393477,0.014196465096589339,0.011378727721803318,0.0443412190173985,0.05571994673920182,0.012011969751691451,9.668016,0.007943461760386515,764.8622990380113,68.83760964878175,0.018613886386058567,1.575,0.0,0.0,0.009236583848815708,0.0,0.020862030982227952,0.04843621061928762,0.17088749419712893,0.0,0.0,0.0,0.0,7.382746000827938,7.382746000827938,6.072837221145148,3.6680981139284246,-0.26074857,-0.26700836,-0.27265167,-0.27643943,0.0,-0.6596388971131536,-0.6273254571460005,-0.4655398020220246,0.0,-0.2979489705501087,-0.3102954082851748,-0.323960662747601,0.0,0.023760000243782997,0.023760000243782997,0.023760000243782997,0.0,0.0,0.0,0.0,0.0,0.0,0.0,0.0,0.0,0.0,0,0,0,0,0.0,0.0,0.0,0.0,0.0,0,0,0.9476998448371887,1.4208771181893477E-4,0.027587320233578794,0.08119273153303383,0.053605411299455036
2012-07-25T21:30:00,2012,207,21,0,"9273d490-b46d-48de-afa3-955b5c30eb93",127.87500023469329,95.22662113163905,84.8511528030381,26.6724,0.5913000106811523,11.6621,400.0,1.38,0.0,[0.1956621639701276],[-0.050000000000000024],-0.050000000000000024,28.698650331420136,15.1,0.29530984003311755,12,45,0.0,0.0,0.0,0.0,0.0,0.0,0.0,-0.7018915712833405,-0.7018915712833405,0.0,0.29530984003311755,0.0,0.4429647757177188,-0.09582548803297453,-0.3163973,40.21430386018695,0.18244964315038661,41084.1990824102,14471.407282598646,18111.72873044521,0.0,6460.573905346922,449.2866053107307,1496.8835674187978,3115.081773837315,12400.71321975924,714.091709199911,32.472863977942396,139.90152744743978,1190.6236852530142,215.70673389530316,862.6723758594774,7.6230807,0.35369042,0.49987444,0.0046114177,0.003934616,0.13550125,0.058497112,0.0,0.0023878445,0.9978254,0.0019801937,0.0017935181,3.6598823E-5,1.5771118E-4,0.0,0.0,0.0,2.940772633480292,2.696210604362071,0.20697426961109955,0.0,0.005293840495911676,0.01409118782150441,0.15662664413788288,0.0,0.15193749800788295,0.17147629457668298,0.0,8.785618060736485E-4,0.0,0.07443050420097122,0.18613677462941014,0.26056727883038133,0.004392809030368244,0.026462408388097,0.10549624208161375,0.13195865046971075,0.01409118782150441,0.010906747269739179,0.04249553367020935,0.053402280939948525,0.01150990045550836,6.444243,0.007802287797904194,766.2808152310947,68.96527611123227,0.018651472642658144,1.575,0.0,0.0,0.009072428071262866,0.0,0.0,0.0,0.0,0.0,0.0,0.0,0.0,7.382746000827938,7.382746000827938,6.072837221145148,3.6680981139284246,-0.10074897,-0.10333228,-0.105948046,-0.108174615,0.0,0.0,0.0,0.0,0.0,-0.2979489705501087,-0.3102954082851748,-0.323960662747601,0.0,0.023760000243782997,0.023760000243782997,0.023760000243782997,0.0,0.0,0.0,0.0,0.0,0.0,0.0,0.0,0.0,0.0,0,0,0,0,0.0,0.0,0.0,0.0,0.0,0,0,0.9476998448371887,1.4208772162886145E-4,0.01629742135264678,0.07778518109862471,0.061487759745977935
2012-07-25T22:30:00,2012,207,22,0,"9273d490-b46d-48de-afa3-955b5c30eb93",127.91666690260172,95.26810845263726,85.51478616937354,25.9272,0.6007000207901001,9.6463,400.0,1.44,0.0,[0.1956621639701276],[-0.050000000000000024],-0.050000000000000024,28.698650331420136,15.1,0.29530984003311755,12,45,0.0,0.0,0.0,0.0,0.0,0.0,0.0,-0.6700565814971924,-0.6700565814971924,0.0,0.29530984003311755,0.0,0.4429647757177188,-0.09597140428595069,-0.3163973,40.02287212362309,0.18186939788970946,41077.50054074698,14453.449248635434,18113.7339679671,0.0,6469.786510179561,449.29971831675374,1496.912106623901,3115.3732758536853,12401.486718271814,706.2022958425349,32.481741433367844,139.91123359653432,1190.7084226599925,215.7219544505807,862.7311042616429,7.6754737,0.3482255,0.5058807,0.004534763,0.0038247318,0.13517468,0.05794352,0.0,0.0023596175,0.9979114,0.0019024154,0.0017230676,3.516879E-5,1.5151626E-4,0.0,0.0,0.0,2.916160583494351,2.6727957654383916,0.20596491312873985,0.0,0.005267843595609082,0.014020878094267254,0.1585191635796246,0.0,0.15375009306951123,0.17472937786363807,0.0,8.861954464769456E-4,0.0,0.07507853033092604,0.18775736264282314,0.2628358929737492,0.004430977232384729,0.026331632772743967,0.10497255856866056,0.13130419134140453,0.014020878094267254,0.01033655425861684,0.040267335057503115,0.050603889316119956,0.010904774060790677,6.4237885,0.007562774389801462,767.708125348274,69.09373402688287,0.018689260915150937,1.575,0.0,0.0,0.00879392409609564,0.0,0.0,0.0,0.0,0.0,0.0,0.0,0.0,7.382746000827938,7.382746000827938,6.072837221145148,3.6680981139284246,-0.10089485,-0.10347819,-0.10609399,-0.108320564,0.0,0.0,0.0,0.0,0.0,-0.2979489705501087,-0.3102954082851748,-0.323960662747601,0.0,0.023760000243782997,0.023760000243782997,0.023760000243782997,0.0,0.0,0.0,0.0,0.0,0.0,0.0,0.0,0.0,0.0,0,0,0,0,0.0,0.0,0.0,0.0,0.0,0,0,0.9476998448371887,1.420877296187298E-4,0.01576498006033944,0.07371910261618869,0.05795412255584925
2012-07-25T23:30:00,2012,207,23,0,"9273d490-b46d-48de-afa3-955b5c30eb93",127.95833357051015,95.30977440133947,86.14225699928171,25.0593,0.6254000067710876,9.0377,400.0,1.44,0.0,[0.1956621639701276],[-0.050000000000000024],-0.050000000000000024,28.698650331420136,15.1,0.29530984003311755,12,45,0.0,0.0,0.0,0.0,0.0,0.0,0.0,-0.6346096396446228,-0.6346096396446228,0.0,0.29530984003311755,0.0,0.4429647757177188,-0.09595514722916029,-0.3163973,39.89299539718293,0.18167230341755725,41070.85899809868,14435.59831053208,18115.73912907733,0.0,6478.9515871779795,449.3115938960581,1496.9393906458597,3115.6637230913184,12402.254754168185,698.359932374308,32.49007940634467,139.92034334534026,1190.7878604081197,215.73622178478183,862.7861372651212,7.6290197,0.3470015,0.5063354,0.004496463,0.0037529317,0.13605367,0.057928875,0.0,0.0023600857,0.99801147,0.001810983,0.0016402506,3.34853E-5,1.4423394E-4,0.0,0.0,0.0,2.8892536508494824,2.647281267824567,0.2047903376927454,0.0,0.005237589070224371,0.013939315585024365,0.15957973135557396,0.0,0.15482728986842692,0.17382794889152048,0.0,8.89598178446588E-4,0.0,0.07536820578859611,0.18848178259452159,0.2638499883831177,0.004447990892232941,0.026179722225423068,0.1043646258438412,0.13054434806926427,0.013939315585024365,0.009713249185508312,0.03783293809658795,0.04754618728209626,0.010243883834183334,6.4260607,0.0072934560001935754,769.1439162286177,69.22295521124859,0.018727242015177337,1.575,0.0,0.0,0.008480763164164596,0.0,0.0,0.0,0.0,0.0,0.0,0.0,0.0,7.382746000827938,7.382746000827938,6.072837221145148,3.6680981139284246,-0.100878514,-0.10346185,-0.10607764,-0.10830422,0.0,0.0,0.0,0.0,0.0,-0.2979489705501087,-0.3102954082851748,-0.323960662747601,0.0,0.023760000243782997,0.023760000243782997,0.023760000243782997,0.0,0.0,0.0,0.0,0.0,0.0,0.0,0.0,0.0,0.0,0,0,0,0,0.0,0.0,0.0,0.0,0.0,0,0,0.9476998448371887,1.4208773676872716E-4,0.01491630027157953,0.06927315714824485,0.05435685687666532
