timestamp,step,year,dayOfYear,hourOfDay,stage,status,elapsedMs
2026-08-31T11:18:04.221+1200,0,2012,200,0,initialized,ok,13
2026-08-31T11:18:04.309+1200,1,2012,200,0,architecture_complete,ok,101
2026-08-31T11:18:04.310+1200,1,2012,200,0,step_start,started,102
2026-08-31T11:18:04.347+1200,1,2012,200,1,water_start,started,139
2026-08-31T11:18:04.348+1200,1,2012,200,1,water_topology_complete,ok,140
2026-08-31T11:18:04.348+1200,1,2012,200,1,water_flux_fold_complete,ok,140
2026-08-31T11:18:04.348+1200,1,2012,200,1,water_potential_unfold_complete,ok,140
2026-08-31T11:18:04.575+1200,1,2012,200,1,carbon_complete,ok,367
2026-08-31T11:18:04.605+1200,1,2012,200,1,output_complete,ok,397
2026-08-31T11:18:04.606+1200,1,2012,200,1,step_complete,ok,398
2026-08-31T11:18:04.606+1200,2,2012,200,1,step_start,started,398
2026-08-31T11:18:04.608+1200,2,2012,200,2,water_start,started,400
2026-08-31T11:18:04.608+1200,2,2012,200,2,water_topology_complete,ok,400
2026-08-31T11:18:04.608+1200,2,2012,200,2,water_flux_fold_complete,ok,400
2026-08-31T11:18:04.608+1200,2,2012,200,2,water_potential_unfold_complete,ok,400
2026-08-31T11:18:04.738+1200,2,2012,200,2,carbon_complete,ok,530
2026-08-31T11:18:04.739+1200,2,2012,200,2,output_complete,ok,531
2026-08-31T11:18:04.741+1200,2,2012,200,2,step_complete,ok,533
2026-08-31T11:18:04.741+1200,3,2012,200,2,step_start,started,533
2026-08-31T11:18:04.741+1200,3,2012,200,3,water_start,started,533
2026-08-31T11:18:04.742+1200,3,2012,200,3,water_topology_complete,ok,534
2026-08-31T11:18:04.742+1200,3,2012,200,3,water_flux_fold_complete,ok,534
2026-08-31T11:18:04.742+1200,3,2012,200,3,water_potential_unfold_complete,ok,534
2026-08-31T11:18:04.852+1200,3,2012,200,3,carbon_complete,ok,644
2026-08-31T11:18:04.854+1200,3,2012,200,3,output_complete,ok,646
2026-08-31T11:18:04.855+1200,3,2012,200,3,step_complete,ok,647
2026-08-31T11:18:04.855+1200,4,2012,200,3,step_start,started,647
2026-08-31T11:18:04.856+1200,4,2012,200,4,water_start,started,648
2026-08-31T11:18:04.856+1200,4,2012,200,4,water_topology_complete,ok,648
2026-08-31T11:18:04.856+1200,4,2012,200,4,water_flux_fold_complete,ok,648
2026-08-31T11:18:04.856+1200,4,2012,200,4,water_potential_unfold_complete,ok,648
2026-08-31T11:18:04.951+1200,4,2012,200,4,carbon_complete,ok,743
2026-08-31T11:18:04.952+1200,4,2012,200,4,output_complete,ok,744
2026-08-31T11:18:04.953+1200,4,2012,200,4,step_complete,ok,745
2026-08-31T11:18:04.953+1200,5,2012,200,4,step_start,started,745
2026-08-31T11:18:04.954+1200,5,2012,200,5,water_start,started,746
2026-08-31T11:18:04.954+1200,5,2012,200,5,water_topology_complete,ok,746
2026-08-31T11:18:04.954+1200,5,2012,200,5,water_flux_fold_complete,ok,746
2026-08-31T11:18:04.955+1200,5,2012,200,5,water_potential_unfold_complete,ok,747
2026-08-31T11:18:05.045+1200,5,2012,200,5,carbon_complete,ok,837
2026-08-31T11:18:05.047+1200,5,2012,200,5,output_complete,ok,839
2026-08-31T11:18:05.048+1200,5,2012,200,5,step_complete,ok,840
2026-08-31T11:18:05.048+1200,6,2012,200,5,step_start,started,840
2026-08-31T11:18:05.049+1200,6,2012,200,6,water_start,started,841
2026-08-31T11:18:05.049+1200,6,2012,200,6,water_topology_complete,ok,841
2026-08-31T11:18:05.049+1200,6,2012,200,6,water_flux_fold_complete,ok,841
2026-08-31T11:18:05.049+1200,6,2012,200,6,water_potential_unfold_complete,ok,841
2026-08-31T11:18:05.146+1200,6,2012,200,6,carbon_complete,ok,938
2026-08-31T11:18:05.148+1200,6,2012,200,6,output_complete,ok,940
2026-08-31T11:18:05.149+1200,6,2012,200,6,step_complete,ok,941
2026-08-31T11:18:05.149+1200,7,2012,200,6,step_start,started,941
2026-08-31T11:18:05.538+1200,7,2012,200,7,water_start,started,1330
2026-08-31T11:18:05.538+1200,7,2012,200,7,water_topology_complete,ok,1330
2026-08-31T11:18:05.538+1200,7,2012,200,7,water_flux_fold_complete,ok,1330
2026-08-31T11:18:05.538+1200,7,2012,200,7,water_potential_unfold_complete,ok,1330
2026-08-31T11:18:05.643+1200,7,2012,200,7,carbon_complete,ok,1435
2026-08-31T11:18:05.644+1200,7,2012,200,7,output_complete,ok,1436
2026-08-31T11:18:05.645+1200,7,2012,200,7,step_complete,ok,1437
2026-08-31T11:18:05.645+1200,8,2012,200,7,step_start,started,1437
2026-08-31T11:18:05.878+1200,8,2012,200,8,water_start,started,1670
2026-08-31T11:18:05.878+1200,8,2012,200,8,water_topology_complete,ok,1670
2026-08-31T11:18:05.879+1200,8,2012,200,8,water_flux_fold_complete,ok,1671
2026-08-31T11:18:05.879+1200,8,2012,200,8,water_potential_unfold_complete,ok,1671
2026-08-31T11:18:05.984+1200,8,2012,200,8,carbon_complete,ok,1776
2026-08-31T11:18:05.987+1200,8,2012,200,8,output_complete,ok,1779
2026-08-31T11:18:05.989+1200,8,2012,200,8,step_complete,ok,1781
2026-08-31T11:18:05.989+1200,9,2012,200,8,step_start,started,1781
2026-08-31T11:18:06.197+1200,9,2012,200,9,water_start,started,1989
2026-08-31T11:18:06.197+1200,9,2012,200,9,water_topology_complete,ok,1989
2026-08-31T11:18:06.197+1200,9,2012,200,9,water_flux_fold_complete,ok,1989
2026-08-31T11:18:06.197+1200,9,2012,200,9,water_potential_unfold_complete,ok,1989
2026-08-31T11:18:06.287+1200,9,2012,200,9,carbon_complete,ok,2079
2026-08-31T11:18:06.289+1200,9,2012,200,9,output_complete,ok,2081
2026-08-31T11:18:06.290+1200,9,2012,200,9,step_complete,ok,2082
2026-08-31T11:18:06.290+1200,10,2012,200,9,step_start,started,2082
2026-08-31T11:18:06.514+1200,10,2012,200,10,water_start,started,2306
2026-08-31T11:18:06.515+1200,10,2012,200,10,water_topology_complete,ok,2307
2026-08-31T11:18:06.515+1200,10,2012,200,10,water_flux_fold_complete,ok,2307
2026-08-31T11:18:06.515+1200,10,2012,200,10,water_potential_unfold_complete,ok,2307
2026-08-31T11:18:06.606+1200,10,2012,200,10,carbon_complete,ok,2398
2026-08-31T11:18:06.681+1200,10,2012,200,10,output_complete,ok,2473
2026-08-31T11:18:06.683+1200,10,2012,200,10,step_complete,ok,2475
2026-08-31T11:18:06.684+1200,11,2012,200,10,step_start,started,2476
2026-08-31T11:18:06.892+1200,11,2012,200,11,water_start,started,2684
2026-08-31T11:18:06.893+1200,11,2012,200,11,water_topology_complete,ok,2685
2026-08-31T11:18:06.893+1200,11,2012,200,11,water_flux_fold_complete,ok,2685
2026-08-31T11:18:06.893+1200,11,2012,200,11,water_potential_unfold_complete,ok,2685
2026-08-31T11:18:07.008+1200,11,2012,200,11,carbon_complete,ok,2800
2026-08-31T11:18:07.010+1200,11,2012,200,11,output_complete,ok,2802
2026-08-31T11:18:07.013+1200,11,2012,200,11,step_complete,ok,2805
2026-08-31T11:18:07.013+1200,12,2012,200,11,step_start,started,2805
2026-08-31T11:18:07.217+1200,12,2012,200,12,water_start,started,3009
2026-08-31T11:18:07.217+1200,12,2012,200,12,water_topology_complete,ok,3009
2026-08-31T11:18:07.217+1200,12,2012,200,12,water_flux_fold_complete,ok,3009
2026-08-31T11:18:07.217+1200,12,2012,200,12,water_potential_unfold_complete,ok,3009
2026-08-31T11:18:07.306+1200,12,2012,200,12,carbon_complete,ok,3098
2026-08-31T11:18:07.307+1200,12,2012,200,12,output_complete,ok,3099
2026-08-31T11:18:07.308+1200,12,2012,200,12,step_complete,ok,3100
2026-08-31T11:18:07.308+1200,13,2012,200,12,step_start,started,3100
2026-08-31T11:18:07.512+1200,13,2012,200,13,water_start,started,3304
2026-08-31T11:18:07.512+1200,13,2012,200,13,water_topology_complete,ok,3304
2026-08-31T11:18:07.512+1200,13,2012,200,13,water_flux_fold_complete,ok,3304
2026-08-31T11:18:07.512+1200,13,2012,200,13,water_potential_unfold_complete,ok,3304
2026-08-31T11:18:07.601+1200,13,2012,200,13,carbon_complete,ok,3393
2026-08-31T11:18:07.604+1200,13,2012,200,13,output_complete,ok,3396
2026-08-31T11:18:07.606+1200,13,2012,200,13,step_complete,ok,3398
2026-08-31T11:18:07.606+1200,14,2012,200,13,step_start,started,3398
2026-08-31T11:18:07.808+1200,14,2012,200,14,water_start,started,3600
2026-08-31T11:18:07.808+1200,14,2012,200,14,water_topology_complete,ok,3600
2026-08-31T11:18:07.808+1200,14,2012,200,14,water_flux_fold_complete,ok,3600
2026-08-31T11:18:07.808+1200,14,2012,200,14,water_potential_unfold_complete,ok,3600
2026-08-31T11:18:07.899+1200,14,2012,200,14,carbon_complete,ok,3691
2026-08-31T11:18:07.901+1200,14,2012,200,14,output_complete,ok,3693
2026-08-31T11:18:07.903+1200,14,2012,200,14,step_complete,ok,3695
2026-08-31T11:18:07.903+1200,15,2012,200,14,step_start,started,3695
2026-08-31T11:18:08.175+1200,15,2012,200,15,water_start,started,3967
2026-08-31T11:18:08.175+1200,15,2012,200,15,water_topology_complete,ok,3967
2026-08-31T11:18:08.175+1200,15,2012,200,15,water_flux_fold_complete,ok,3967
2026-08-31T11:18:08.175+1200,15,2012,200,15,water_potential_unfold_complete,ok,3967
2026-08-31T11:18:08.265+1200,15,2012,200,15,carbon_complete,ok,4057
2026-08-31T11:18:08.267+1200,15,2012,200,15,output_complete,ok,4059
2026-08-31T11:18:08.269+1200,15,2012,200,15,step_complete,ok,4061
2026-08-31T11:18:08.269+1200,16,2012,200,15,step_start,started,4061
2026-08-31T11:18:08.493+1200,16,2012,200,16,water_start,started,4285
2026-08-31T11:18:08.494+1200,16,2012,200,16,water_topology_complete,ok,4286
2026-08-31T11:18:08.494+1200,16,2012,200,16,water_flux_fold_complete,ok,4286
2026-08-31T11:18:08.494+1200,16,2012,200,16,water_potential_unfold_complete,ok,4286
2026-08-31T11:18:08.582+1200,16,2012,200,16,carbon_complete,ok,4374
2026-08-31T11:18:08.583+1200,16,2012,200,16,output_complete,ok,4375
2026-08-31T11:18:08.584+1200,16,2012,200,16,step_complete,ok,4376
2026-08-31T11:18:08.584+1200,17,2012,200,16,step_start,started,4376
2026-08-31T11:18:08.803+1200,17,2012,200,17,water_start,started,4595
2026-08-31T11:18:08.804+1200,17,2012,200,17,water_topology_complete,ok,4596
2026-08-31T11:18:08.804+1200,17,2012,200,17,water_flux_fold_complete,ok,4596
2026-08-31T11:18:08.804+1200,17,2012,200,17,water_potential_unfold_complete,ok,4596
2026-08-31T11:18:08.894+1200,17,2012,200,17,carbon_complete,ok,4686
2026-08-31T11:18:08.895+1200,17,2012,200,17,output_complete,ok,4687
2026-08-31T11:18:08.896+1200,17,2012,200,17,step_complete,ok,4688
2026-08-31T11:18:08.896+1200,18,2012,200,17,step_start,started,4688
2026-08-31T11:18:09.095+1200,18,2012,200,18,water_start,started,4887
2026-08-31T11:18:09.095+1200,18,2012,200,18,water_topology_complete,ok,4887
2026-08-31T11:18:09.096+1200,18,2012,200,18,water_flux_fold_complete,ok,4888
2026-08-31T11:18:09.096+1200,18,2012,200,18,water_potential_unfold_complete,ok,4888
2026-08-31T11:18:09.185+1200,18,2012,200,18,carbon_complete,ok,4977
2026-08-31T11:18:09.186+1200,18,2012,200,18,output_complete,ok,4978
2026-08-31T11:18:09.187+1200,18,2012,200,18,step_complete,ok,4979
2026-08-31T11:18:09.187+1200,19,2012,200,18,step_start,started,4979
2026-08-31T11:18:09.387+1200,19,2012,200,19,water_start,started,5179
2026-08-31T11:18:09.387+1200,19,2012,200,19,water_topology_complete,ok,5179
2026-08-31T11:18:09.387+1200,19,2012,200,19,water_flux_fold_complete,ok,5179
2026-08-31T11:18:09.387+1200,19,2012,200,19,water_potential_unfold_complete,ok,5179
2026-08-31T11:18:09.478+1200,19,2012,200,19,carbon_complete,ok,5270
2026-08-31T11:18:09.479+1200,19,2012,200,19,output_complete,ok,5271
2026-08-31T11:18:09.480+1200,19,2012,200,19,step_complete,ok,5272
2026-08-31T11:18:09.480+1200,20,2012,200,19,step_start,started,5272
2026-08-31T11:18:09.689+1200,20,2012,200,20,water_start,started,5481
2026-08-31T11:18:09.689+1200,20,2012,200,20,water_topology_complete,ok,5481
2026-08-31T11:18:09.689+1200,20,2012,200,20,water_flux_fold_complete,ok,5481
2026-08-31T11:18:09.689+1200,20,2012,200,20,water_potential_unfold_complete,ok,5481
2026-08-31T11:18:09.778+1200,20,2012,200,20,carbon_complete,ok,5570
2026-08-31T11:18:09.875+1200,20,2012,200,20,output_complete,ok,5667
2026-08-31T11:18:09.877+1200,20,2012,200,20,step_complete,ok,5669
2026-08-31T11:18:09.877+1200,21,2012,200,20,step_start,started,5669
2026-08-31T11:18:09.879+1200,21,2012,200,21,water_start,started,5671
2026-08-31T11:18:09.879+1200,21,2012,200,21,water_topology_complete,ok,5671
2026-08-31T11:18:09.879+1200,21,2012,200,21,water_flux_fold_complete,ok,5671
2026-08-31T11:18:09.879+1200,21,2012,200,21,water_potential_unfold_complete,ok,5671
2026-08-31T11:18:09.971+1200,21,2012,200,21,carbon_complete,ok,5763
2026-08-31T11:18:09.972+1200,21,2012,200,21,output_complete,ok,5764
2026-08-31T11:18:09.973+1200,21,2012,200,21,step_complete,ok,5765
2026-08-31T11:18:09.973+1200,22,2012,200,21,step_start,started,5765
2026-08-31T11:18:09.974+1200,22,2012,200,22,water_start,started,5766
2026-08-31T11:18:09.974+1200,22,2012,200,22,water_topology_complete,ok,5766
2026-08-31T11:18:09.974+1200,22,2012,200,22,water_flux_fold_complete,ok,5766
2026-08-31T11:18:09.974+1200,22,2012,200,22,water_potential_unfold_complete,ok,5766
2026-08-31T11:18:10.064+1200,22,2012,200,22,carbon_complete,ok,5856
2026-08-31T11:18:10.065+1200,22,2012,200,22,output_complete,ok,5857
2026-08-31T11:18:10.066+1200,22,2012,200,22,step_complete,ok,5858
2026-08-31T11:18:10.066+1200,23,2012,200,22,step_start,started,5858
2026-08-31T11:18:10.066+1200,23,2012,200,23,water_start,started,5858
2026-08-31T11:18:10.067+1200,23,2012,200,23,water_topology_complete,ok,5859
2026-08-31T11:18:10.067+1200,23,2012,200,23,water_flux_fold_complete,ok,5859
2026-08-31T11:18:10.067+1200,23,2012,200,23,water_potential_unfold_complete,ok,5859
2026-08-31T11:18:10.158+1200,23,2012,200,23,carbon_complete,ok,5950
2026-08-31T11:18:10.159+1200,23,2012,200,23,output_complete,ok,5951
2026-08-31T11:18:10.160+1200,23,2012,200,23,step_complete,ok,5952
2026-08-31T11:18:10.160+1200,24,2012,200,23,step_start,started,5952
2026-08-31T11:18:10.161+1200,24,2012,201,0,water_start,started,5953
2026-08-31T11:18:10.161+1200,24,2012,201,0,water_topology_complete,ok,5953
2026-08-31T11:18:10.161+1200,24,2012,201,0,water_flux_fold_complete,ok,5953
2026-08-31T11:18:10.161+1200,24,2012,201,0,water_potential_unfold_complete,ok,5953
2026-08-31T11:18:10.249+1200,24,2012,201,0,carbon_complete,ok,6041
2026-08-31T11:18:10.250+1200,24,2012,201,0,output_complete,ok,6042
2026-08-31T11:18:10.251+1200,24,2012,201,0,step_complete,ok,6043
2026-08-31T11:18:10.251+1200,25,2012,201,0,step_start,started,6043
2026-08-31T11:18:10.252+1200,25,2012,201,1,water_start,started,6044
2026-08-31T11:18:10.252+1200,25,2012,201,1,water_topology_complete,ok,6044
2026-08-31T11:18:10.252+1200,25,2012,201,1,water_flux_fold_complete,ok,6044
2026-08-31T11:18:10.252+1200,25,2012,201,1,water_potential_unfold_complete,ok,6044
2026-08-31T11:18:10.342+1200,25,2012,201,1,carbon_complete,ok,6134
2026-08-31T11:18:10.343+1200,25,2012,201,1,output_complete,ok,6135
2026-08-31T11:18:10.344+1200,25,2012,201,1,step_complete,ok,6136
2026-08-31T11:18:10.344+1200,26,2012,201,1,step_start,started,6136
2026-08-31T11:18:10.345+1200,26,2012,201,2,water_start,started,6137
2026-08-31T11:18:10.345+1200,26,2012,201,2,water_topology_complete,ok,6137
2026-08-31T11:18:10.345+1200,26,2012,201,2,water_flux_fold_complete,ok,6137
2026-08-31T11:18:10.345+1200,26,2012,201,2,water_potential_unfold_complete,ok,6137
2026-08-31T11:18:10.437+1200,26,2012,201,2,carbon_complete,ok,6229
2026-08-31T11:18:10.438+1200,26,2012,201,2,output_complete,ok,6230
2026-08-31T11:18:10.439+1200,26,2012,201,2,step_complete,ok,6231
2026-08-31T11:18:10.439+1200,27,2012,201,2,step_start,started,6231
2026-08-31T11:18:10.440+1200,27,2012,201,3,water_start,started,6232
2026-08-31T11:18:10.440+1200,27,2012,201,3,water_topology_complete,ok,6232
2026-08-31T11:18:10.440+1200,27,2012,201,3,water_flux_fold_complete,ok,6232
2026-08-31T11:18:10.440+1200,27,2012,201,3,water_potential_unfold_complete,ok,6232
2026-08-31T11:18:10.534+1200,27,2012,201,3,carbon_complete,ok,6326
2026-08-31T11:18:10.536+1200,27,2012,201,3,output_complete,ok,6328
2026-08-31T11:18:10.536+1200,27,2012,201,3,step_complete,ok,6328
2026-08-31T11:18:10.536+1200,28,2012,201,3,step_start,started,6328
2026-08-31T11:18:10.537+1200,28,2012,201,4,water_start,started,6329
2026-08-31T11:18:10.537+1200,28,2012,201,4,water_topology_complete,ok,6329
2026-08-31T11:18:10.537+1200,28,2012,201,4,water_flux_fold_complete,ok,6329
2026-08-31T11:18:10.537+1200,28,2012,201,4,water_potential_unfold_complete,ok,6329
2026-08-31T11:18:10.628+1200,28,2012,201,4,carbon_complete,ok,6420
2026-08-31T11:18:10.629+1200,28,2012,201,4,output_complete,ok,6421
2026-08-31T11:18:10.630+1200,28,2012,201,4,step_complete,ok,6422
2026-08-31T11:18:10.630+1200,29,2012,201,4,step_start,started,6422
2026-08-31T11:18:10.631+1200,29,2012,201,5,water_start,started,6423
2026-08-31T11:18:10.631+1200,29,2012,201,5,water_topology_complete,ok,6423
2026-08-31T11:18:10.631+1200,29,2012,201,5,water_flux_fold_complete,ok,6423
2026-08-31T11:18:10.631+1200,29,2012,201,5,water_potential_unfold_complete,ok,6423
2026-08-31T11:18:10.720+1200,29,2012,201,5,carbon_complete,ok,6512
2026-08-31T11:18:10.721+1200,29,2012,201,5,output_complete,ok,6513
2026-08-31T11:18:10.722+1200,29,2012,201,5,step_complete,ok,6514
2026-08-31T11:18:10.722+1200,30,2012,201,5,step_start,started,6514
2026-08-31T11:18:10.723+1200,30,2012,201,6,water_start,started,6515
2026-08-31T11:18:10.723+1200,30,2012,201,6,water_topology_complete,ok,6515
2026-08-31T11:18:10.723+1200,30,2012,201,6,water_flux_fold_complete,ok,6515
2026-08-31T11:18:10.723+1200,30,2012,201,6,water_potential_unfold_complete,ok,6515
2026-08-31T11:18:10.812+1200,30,2012,201,6,carbon_complete,ok,6604
2026-08-31T11:18:10.916+1200,30,2012,201,6,output_complete,ok,6708
2026-08-31T11:18:10.917+1200,30,2012,201,6,step_complete,ok,6709
2026-08-31T11:18:10.918+1200,31,2012,201,6,step_start,started,6710
2026-08-31T11:18:11.121+1200,31,2012,201,7,water_start,started,6913
2026-08-31T11:18:11.122+1200,31,2012,201,7,water_topology_complete,ok,6914
2026-08-31T11:18:11.122+1200,31,2012,201,7,water_flux_fold_complete,ok,6914
2026-08-31T11:18:11.122+1200,31,2012,201,7,water_potential_unfold_complete,ok,6914
2026-08-31T11:18:11.232+1200,31,2012,201,7,carbon_complete,ok,7024
2026-08-31T11:18:11.235+1200,31,2012,201,7,output_complete,ok,7027
2026-08-31T11:18:11.236+1200,31,2012,201,7,step_complete,ok,7028
2026-08-31T11:18:11.236+1200,32,2012,201,7,step_start,started,7028
2026-08-31T11:18:11.446+1200,32,2012,201,8,water_start,started,7238
2026-08-31T11:18:11.446+1200,32,2012,201,8,water_topology_complete,ok,7238
2026-08-31T11:18:11.446+1200,32,2012,201,8,water_flux_fold_complete,ok,7238
2026-08-31T11:18:11.446+1200,32,2012,201,8,water_potential_unfold_complete,ok,7238
2026-08-31T11:18:11.534+1200,32,2012,201,8,carbon_complete,ok,7326
2026-08-31T11:18:11.535+1200,32,2012,201,8,output_complete,ok,7327
2026-08-31T11:18:11.536+1200,32,2012,201,8,step_complete,ok,7328
2026-08-31T11:18:11.536+1200,33,2012,201,8,step_start,started,7328
2026-08-31T11:18:11.736+1200,33,2012,201,9,water_start,started,7528
2026-08-31T11:18:11.737+1200,33,2012,201,9,water_topology_complete,ok,7529
2026-08-31T11:18:11.737+1200,33,2012,201,9,water_flux_fold_complete,ok,7529
2026-08-31T11:18:11.737+1200,33,2012,201,9,water_potential_unfold_complete,ok,7529
2026-08-31T11:18:11.824+1200,33,2012,201,9,carbon_complete,ok,7616
2026-08-31T11:18:11.825+1200,33,2012,201,9,output_complete,ok,7617
2026-08-31T11:18:11.826+1200,33,2012,201,9,step_complete,ok,7618
2026-08-31T11:18:11.826+1200,34,2012,201,9,step_start,started,7618
2026-08-31T11:18:12.025+1200,34,2012,201,10,water_start,started,7817
2026-08-31T11:18:12.025+1200,34,2012,201,10,water_topology_complete,ok,7817
2026-08-31T11:18:12.025+1200,34,2012,201,10,water_flux_fold_complete,ok,7817
2026-08-31T11:18:12.025+1200,34,2012,201,10,water_potential_unfold_complete,ok,7817
2026-08-31T11:18:12.114+1200,34,2012,201,10,carbon_complete,ok,7906
2026-08-31T11:18:12.115+1200,34,2012,201,10,output_complete,ok,7907
2026-08-31T11:18:12.116+1200,34,2012,201,10,step_complete,ok,7908
2026-08-31T11:18:12.116+1200,35,2012,201,10,step_start,started,7908
2026-08-31T11:18:12.315+1200,35,2012,201,11,water_start,started,8107
2026-08-31T11:18:12.315+1200,35,2012,201,11,water_topology_complete,ok,8107
2026-08-31T11:18:12.315+1200,35,2012,201,11,water_flux_fold_complete,ok,8107
2026-08-31T11:18:12.315+1200,35,2012,201,11,water_potential_unfold_complete,ok,8107
2026-08-31T11:18:12.405+1200,35,2012,201,11,carbon_complete,ok,8197
2026-08-31T11:18:12.406+1200,35,2012,201,11,output_complete,ok,8198
2026-08-31T11:18:12.406+1200,35,2012,201,11,step_complete,ok,8198
2026-08-31T11:18:12.406+1200,36,2012,201,11,step_start,started,8198
2026-08-31T11:18:12.601+1200,36,2012,201,12,water_start,started,8393
2026-08-31T11:18:12.602+1200,36,2012,201,12,water_topology_complete,ok,8394
2026-08-31T11:18:12.602+1200,36,2012,201,12,water_flux_fold_complete,ok,8394
2026-08-31T11:18:12.602+1200,36,2012,201,12,water_potential_unfold_complete,ok,8394
2026-08-31T11:18:12.691+1200,36,2012,201,12,carbon_complete,ok,8483
2026-08-31T11:18:12.692+1200,36,2012,201,12,output_complete,ok,8484
2026-08-31T11:18:12.692+1200,36,2012,201,12,step_complete,ok,8484
2026-08-31T11:18:12.692+1200,37,2012,201,12,step_start,started,8484
2026-08-31T11:18:12.890+1200,37,2012,201,13,water_start,started,8682
2026-08-31T11:18:12.890+1200,37,2012,201,13,water_topology_complete,ok,8682
2026-08-31T11:18:12.890+1200,37,2012,201,13,water_flux_fold_complete,ok,8682
2026-08-31T11:18:12.890+1200,37,2012,201,13,water_potential_unfold_complete,ok,8682
2026-08-31T11:18:12.980+1200,37,2012,201,13,carbon_complete,ok,8772
2026-08-31T11:18:12.981+1200,37,2012,201,13,output_complete,ok,8773
2026-08-31T11:18:12.981+1200,37,2012,201,13,step_complete,ok,8773
2026-08-31T11:18:12.981+1200,38,2012,201,13,step_start,started,8773
2026-08-31T11:18:13.183+1200,38,2012,201,14,water_start,started,8975
2026-08-31T11:18:13.183+1200,38,2012,201,14,water_topology_complete,ok,8975
2026-08-31T11:18:13.184+1200,38,2012,201,14,water_flux_fold_complete,ok,8976
2026-08-31T11:18:13.184+1200,38,2012,201,14,water_potential_unfold_complete,ok,8976
2026-08-31T11:18:13.273+1200,38,2012,201,14,carbon_complete,ok,9065
2026-08-31T11:18:13.275+1200,38,2012,201,14,output_complete,ok,9067
2026-08-31T11:18:13.276+1200,38,2012,201,14,step_complete,ok,9068
2026-08-31T11:18:13.276+1200,39,2012,201,14,step_start,started,9068
2026-08-31T11:18:13.485+1200,39,2012,201,15,water_start,started,9277
2026-08-31T11:18:13.485+1200,39,2012,201,15,water_topology_complete,ok,9277
2026-08-31T11:18:13.485+1200,39,2012,201,15,water_flux_fold_complete,ok,9277
2026-08-31T11:18:13.485+1200,39,2012,201,15,water_potential_unfold_complete,ok,9277
2026-08-31T11:18:13.574+1200,39,2012,201,15,carbon_complete,ok,9366
2026-08-31T11:18:13.575+1200,39,2012,201,15,output_complete,ok,9367
2026-08-31T11:18:13.576+1200,39,2012,201,15,step_complete,ok,9368
2026-08-31T11:18:13.576+1200,40,2012,201,15,step_start,started,9368
2026-08-31T11:18:13.769+1200,40,2012,201,16,water_start,started,9561
2026-08-31T11:18:13.770+1200,40,2012,201,16,water_topology_complete,ok,9562
2026-08-31T11:18:13.770+1200,40,2012,201,16,water_flux_fold_complete,ok,9562
2026-08-31T11:18:13.770+1200,40,2012,201,16,water_potential_unfold_complete,ok,9562
2026-08-31T11:18:13.861+1200,40,2012,201,16,carbon_complete,ok,9653
2026-08-31T11:18:13.951+1200,40,2012,201,16,output_complete,ok,9743
2026-08-31T11:18:13.952+1200,40,2012,201,16,step_complete,ok,9744
2026-08-31T11:18:13.952+1200,41,2012,201,16,step_start,started,9744
2026-08-31T11:18:14.158+1200,41,2012,201,17,water_start,started,9950
2026-08-31T11:18:14.158+1200,41,2012,201,17,water_topology_complete,ok,9950
2026-08-31T11:18:14.158+1200,41,2012,201,17,water_flux_fold_complete,ok,9950
2026-08-31T11:18:14.158+1200,41,2012,201,17,water_potential_unfold_complete,ok,9950
2026-08-31T11:18:14.269+1200,41,2012,201,17,carbon_complete,ok,10061
2026-08-31T11:18:14.271+1200,41,2012,201,17,output_complete,ok,10063
2026-08-31T11:18:14.272+1200,41,2012,201,17,step_complete,ok,10064
2026-08-31T11:18:14.272+1200,42,2012,201,17,step_start,started,10064
2026-08-31T11:18:14.471+1200,42,2012,201,18,water_start,started,10263
2026-08-31T11:18:14.472+1200,42,2012,201,18,water_topology_complete,ok,10264
2026-08-31T11:18:14.472+1200,42,2012,201,18,water_flux_fold_complete,ok,10264
2026-08-31T11:18:14.472+1200,42,2012,201,18,water_potential_unfold_complete,ok,10264
2026-08-31T11:18:14.560+1200,42,2012,201,18,carbon_complete,ok,10352
2026-08-31T11:18:14.561+1200,42,2012,201,18,output_complete,ok,10353
2026-08-31T11:18:14.561+1200,42,2012,201,18,step_complete,ok,10353
2026-08-31T11:18:14.561+1200,43,2012,201,18,step_start,started,10353
2026-08-31T11:18:14.760+1200,43,2012,201,19,water_start,started,10552
2026-08-31T11:18:14.760+1200,43,2012,201,19,water_topology_complete,ok,10552
2026-08-31T11:18:14.760+1200,43,2012,201,19,water_flux_fold_complete,ok,10552
2026-08-31T11:18:14.760+1200,43,2012,201,19,water_potential_unfold_complete,ok,10552
2026-08-31T11:18:14.849+1200,43,2012,201,19,carbon_complete,ok,10641
2026-08-31T11:18:14.850+1200,43,2012,201,19,output_complete,ok,10642
2026-08-31T11:18:14.850+1200,43,2012,201,19,step_complete,ok,10642
2026-08-31T11:18:14.850+1200,44,2012,201,19,step_start,started,10642
2026-08-31T11:18:14.851+1200,44,2012,201,20,water_start,started,10643
2026-08-31T11:18:14.851+1200,44,2012,201,20,water_topology_complete,ok,10643
2026-08-31T11:18:14.851+1200,44,2012,201,20,water_flux_fold_complete,ok,10643
2026-08-31T11:18:14.851+1200,44,2012,201,20,water_potential_unfold_complete,ok,10643
2026-08-31T11:18:14.942+1200,44,2012,201,20,carbon_complete,ok,10734
2026-08-31T11:18:14.943+1200,44,2012,201,20,output_complete,ok,10735
2026-08-31T11:18:14.943+1200,44,2012,201,20,step_complete,ok,10735
2026-08-31T11:18:14.943+1200,45,2012,201,20,step_start,started,10735
2026-08-31T11:18:14.944+1200,45,2012,201,21,water_start,started,10736
2026-08-31T11:18:14.944+1200,45,2012,201,21,water_topology_complete,ok,10736
2026-08-31T11:18:14.944+1200,45,2012,201,21,water_flux_fold_complete,ok,10736
2026-08-31T11:18:14.944+1200,45,2012,201,21,water_potential_unfold_complete,ok,10736
2026-08-31T11:18:15.035+1200,45,2012,201,21,carbon_complete,ok,10827
2026-08-31T11:18:15.042+1200,45,2012,201,21,output_complete,ok,10834
2026-08-31T11:18:15.042+1200,45,2012,201,21,step_complete,ok,10834
2026-08-31T11:18:15.042+1200,46,2012,201,21,step_start,started,10834
2026-08-31T11:18:15.043+1200,46,2012,201,22,water_start,started,10835
2026-08-31T11:18:15.043+1200,46,2012,201,22,water_topology_complete,ok,10835
2026-08-31T11:18:15.043+1200,46,2012,201,22,water_flux_fold_complete,ok,10835
2026-08-31T11:18:15.043+1200,46,2012,201,22,water_potential_unfold_complete,ok,10835
2026-08-31T11:18:15.134+1200,46,2012,201,22,carbon_complete,ok,10926
2026-08-31T11:18:15.135+1200,46,2012,201,22,output_complete,ok,10927
2026-08-31T11:18:15.135+1200,46,2012,201,22,step_complete,ok,10927
2026-08-31T11:18:15.135+1200,47,2012,201,22,step_start,started,10927
2026-08-31T11:18:15.136+1200,47,2012,201,23,water_start,started,10928
2026-08-31T11:18:15.136+1200,47,2012,201,23,water_topology_complete,ok,10928
2026-08-31T11:18:15.136+1200,47,2012,201,23,water_flux_fold_complete,ok,10928
2026-08-31T11:18:15.136+1200,47,2012,201,23,water_potential_unfold_complete,ok,10928
2026-08-31T11:18:15.226+1200,47,2012,201,23,carbon_complete,ok,11018
2026-08-31T11:18:15.227+1200,47,2012,201,23,output_complete,ok,11019
2026-08-31T11:18:15.227+1200,47,2012,201,23,step_complete,ok,11019
2026-08-31T11:18:15.227+1200,48,2012,201,23,step_start,started,11019
2026-08-31T11:18:15.228+1200,48,2012,202,0,water_start,started,11020
2026-08-31T11:18:15.228+1200,48,2012,202,0,water_topology_complete,ok,11020
2026-08-31T11:18:15.228+1200,48,2012,202,0,water_flux_fold_complete,ok,11020
2026-08-31T11:18:15.228+1200,48,2012,202,0,water_potential_unfold_complete,ok,11020
2026-08-31T11:18:15.317+1200,48,2012,202,0,carbon_complete,ok,11109
2026-08-31T11:18:15.318+1200,48,2012,202,0,output_complete,ok,11110
2026-08-31T11:18:15.318+1200,48,2012,202,0,step_complete,ok,11110
2026-08-31T11:18:15.318+1200,49,2012,202,0,step_start,started,11110
2026-08-31T11:18:15.319+1200,49,2012,202,1,water_start,started,11111
2026-08-31T11:18:15.319+1200,49,2012,202,1,water_topology_complete,ok,11111
2026-08-31T11:18:15.319+1200,49,2012,202,1,water_flux_fold_complete,ok,11111
2026-08-31T11:18:15.319+1200,49,2012,202,1,water_potential_unfold_complete,ok,11111
2026-08-31T11:18:15.408+1200,49,2012,202,1,carbon_complete,ok,11200
2026-08-31T11:18:15.408+1200,49,2012,202,1,output_complete,ok,11200
2026-08-31T11:18:15.409+1200,49,2012,202,1,step_complete,ok,11201
2026-08-31T11:18:15.409+1200,50,2012,202,1,step_start,started,11201
2026-08-31T11:18:15.410+1200,50,2012,202,2,water_start,started,11202
2026-08-31T11:18:15.410+1200,50,2012,202,2,water_topology_complete,ok,11202
2026-08-31T11:18:15.410+1200,50,2012,202,2,water_flux_fold_complete,ok,11202
2026-08-31T11:18:15.410+1200,50,2012,202,2,water_potential_unfold_complete,ok,11202
2026-08-31T11:18:15.497+1200,50,2012,202,2,carbon_complete,ok,11289
2026-08-31T11:18:15.609+1200,50,2012,202,2,output_complete,ok,11401
2026-08-31T11:18:15.611+1200,50,2012,202,2,step_complete,ok,11403
2026-08-31T11:18:15.611+1200,51,2012,202,2,step_start,started,11403
2026-08-31T11:18:15.612+1200,51,2012,202,3,water_start,started,11404
2026-08-31T11:18:15.613+1200,51,2012,202,3,water_topology_complete,ok,11405
2026-08-31T11:18:15.613+1200,51,2012,202,3,water_flux_fold_complete,ok,11405
2026-08-31T11:18:15.613+1200,51,2012,202,3,water_potential_unfold_complete,ok,11405
2026-08-31T11:18:15.704+1200,51,2012,202,3,carbon_complete,ok,11496
2026-08-31T11:18:15.705+1200,51,2012,202,3,output_complete,ok,11497
2026-08-31T11:18:15.705+1200,51,2012,202,3,step_complete,ok,11497
2026-08-31T11:18:15.705+1200,52,2012,202,3,step_start,started,11497
2026-08-31T11:18:15.706+1200,52,2012,202,4,water_start,started,11498
2026-08-31T11:18:15.706+1200,52,2012,202,4,water_topology_complete,ok,11498
2026-08-31T11:18:15.706+1200,52,2012,202,4,water_flux_fold_complete,ok,11498
2026-08-31T11:18:15.706+1200,52,2012,202,4,water_potential_unfold_complete,ok,11498
2026-08-31T11:18:15.795+1200,52,2012,202,4,carbon_complete,ok,11587
2026-08-31T11:18:15.796+1200,52,2012,202,4,output_complete,ok,11588
2026-08-31T11:18:15.796+1200,52,2012,202,4,step_complete,ok,11588
2026-08-31T11:18:15.796+1200,53,2012,202,4,step_start,started,11588
2026-08-31T11:18:15.797+1200,53,2012,202,5,water_start,started,11589
2026-08-31T11:18:15.797+1200,53,2012,202,5,water_topology_complete,ok,11589
2026-08-31T11:18:15.797+1200,53,2012,202,5,water_flux_fold_complete,ok,11589
2026-08-31T11:18:15.797+1200,53,2012,202,5,water_potential_unfold_complete,ok,11589
2026-08-31T11:18:15.887+1200,53,2012,202,5,carbon_complete,ok,11679
2026-08-31T11:18:15.888+1200,53,2012,202,5,output_complete,ok,11680
2026-08-31T11:18:15.888+1200,53,2012,202,5,step_complete,ok,11680
2026-08-31T11:18:15.888+1200,54,2012,202,5,step_start,started,11680
2026-08-31T11:18:15.889+1200,54,2012,202,6,water_start,started,11681
2026-08-31T11:18:15.889+1200,54,2012,202,6,water_topology_complete,ok,11681
2026-08-31T11:18:15.889+1200,54,2012,202,6,water_flux_fold_complete,ok,11681
2026-08-31T11:18:15.889+1200,54,2012,202,6,water_potential_unfold_complete,ok,11681
2026-08-31T11:18:15.981+1200,54,2012,202,6,carbon_complete,ok,11773
2026-08-31T11:18:15.982+1200,54,2012,202,6,output_complete,ok,11774
2026-08-31T11:18:15.982+1200,54,2012,202,6,step_complete,ok,11774
2026-08-31T11:18:15.982+1200,55,2012,202,6,step_start,started,11774
2026-08-31T11:18:15.983+1200,55,2012,202,7,water_start,started,11775
2026-08-31T11:18:15.983+1200,55,2012,202,7,water_topology_complete,ok,11775
2026-08-31T11:18:15.983+1200,55,2012,202,7,water_flux_fold_complete,ok,11775
2026-08-31T11:18:15.983+1200,55,2012,202,7,water_potential_unfold_complete,ok,11775
2026-08-31T11:18:16.078+1200,55,2012,202,7,carbon_complete,ok,11870
2026-08-31T11:18:16.080+1200,55,2012,202,7,output_complete,ok,11872
2026-08-31T11:18:16.081+1200,55,2012,202,7,step_complete,ok,11873
2026-08-31T11:18:16.081+1200,56,2012,202,7,step_start,started,11873
2026-08-31T11:18:16.288+1200,56,2012,202,8,water_start,started,12080
2026-08-31T11:18:16.289+1200,56,2012,202,8,water_topology_complete,ok,12081
2026-08-31T11:18:16.289+1200,56,2012,202,8,water_flux_fold_complete,ok,12081
2026-08-31T11:18:16.289+1200,56,2012,202,8,water_potential_unfold_complete,ok,12081
2026-08-31T11:18:16.383+1200,56,2012,202,8,carbon_complete,ok,12175
2026-08-31T11:18:16.384+1200,56,2012,202,8,output_complete,ok,12176
2026-08-31T11:18:16.385+1200,56,2012,202,8,step_complete,ok,12177
2026-08-31T11:18:16.385+1200,57,2012,202,8,step_start,started,12177
2026-08-31T11:18:16.586+1200,57,2012,202,9,water_start,started,12378
2026-08-31T11:18:16.586+1200,57,2012,202,9,water_topology_complete,ok,12378
2026-08-31T11:18:16.586+1200,57,2012,202,9,water_flux_fold_complete,ok,12378
2026-08-31T11:18:16.586+1200,57,2012,202,9,water_potential_unfold_complete,ok,12378
2026-08-31T11:18:16.676+1200,57,2012,202,9,carbon_complete,ok,12468
2026-08-31T11:18:16.678+1200,57,2012,202,9,output_complete,ok,12470
2026-08-31T11:18:16.679+1200,57,2012,202,9,step_complete,ok,12471
2026-08-31T11:18:16.679+1200,58,2012,202,9,step_start,started,12471
2026-08-31T11:18:16.893+1200,58,2012,202,10,water_start,started,12685
2026-08-31T11:18:16.893+1200,58,2012,202,10,water_topology_complete,ok,12685
2026-08-31T11:18:16.894+1200,58,2012,202,10,water_flux_fold_complete,ok,12686
2026-08-31T11:18:16.894+1200,58,2012,202,10,water_potential_unfold_complete,ok,12686
2026-08-31T11:18:16.986+1200,58,2012,202,10,carbon_complete,ok,12778
2026-08-31T11:18:16.988+1200,58,2012,202,10,output_complete,ok,12780
2026-08-31T11:18:16.989+1200,58,2012,202,10,step_complete,ok,12781
2026-08-31T11:18:16.989+1200,59,2012,202,10,step_start,started,12781
2026-08-31T11:18:17.192+1200,59,2012,202,11,water_start,started,12984
2026-08-31T11:18:17.192+1200,59,2012,202,11,water_topology_complete,ok,12984
2026-08-31T11:18:17.192+1200,59,2012,202,11,water_flux_fold_complete,ok,12984
2026-08-31T11:18:17.192+1200,59,2012,202,11,water_potential_unfold_complete,ok,12984
2026-08-31T11:18:17.283+1200,59,2012,202,11,carbon_complete,ok,13075
2026-08-31T11:18:17.284+1200,59,2012,202,11,output_complete,ok,13076
2026-08-31T11:18:17.285+1200,59,2012,202,11,step_complete,ok,13077
2026-08-31T11:18:17.285+1200,60,2012,202,11,step_start,started,13077
2026-08-31T11:18:17.490+1200,60,2012,202,12,water_start,started,13282
2026-08-31T11:18:17.490+1200,60,2012,202,12,water_topology_complete,ok,13282
2026-08-31T11:18:17.490+1200,60,2012,202,12,water_flux_fold_complete,ok,13282
2026-08-31T11:18:17.490+1200,60,2012,202,12,water_potential_unfold_complete,ok,13282
2026-08-31T11:18:17.582+1200,60,2012,202,12,carbon_complete,ok,13374
2026-08-31T11:18:17.722+1200,60,2012,202,12,output_complete,ok,13514
2026-08-31T11:18:17.723+1200,60,2012,202,12,step_complete,ok,13515
2026-08-31T11:18:17.723+1200,61,2012,202,12,step_start,started,13515
2026-08-31T11:18:17.940+1200,61,2012,202,13,water_start,started,13732
2026-08-31T11:18:17.941+1200,61,2012,202,13,water_topology_complete,ok,13733
2026-08-31T11:18:17.941+1200,61,2012,202,13,water_flux_fold_complete,ok,13733
2026-08-31T11:18:17.941+1200,61,2012,202,13,water_potential_unfold_complete,ok,13733
2026-08-31T11:18:18.054+1200,61,2012,202,13,carbon_complete,ok,13846
2026-08-31T11:18:18.056+1200,61,2012,202,13,output_complete,ok,13848
2026-08-31T11:18:18.057+1200,61,2012,202,13,step_complete,ok,13849
2026-08-31T11:18:18.057+1200,62,2012,202,13,step_start,started,13849
2026-08-31T11:18:18.267+1200,62,2012,202,14,water_start,started,14059
2026-08-31T11:18:18.267+1200,62,2012,202,14,water_topology_complete,ok,14059
2026-08-31T11:18:18.267+1200,62,2012,202,14,water_flux_fold_complete,ok,14059
2026-08-31T11:18:18.267+1200,62,2012,202,14,water_potential_unfold_complete,ok,14059
2026-08-31T11:18:18.359+1200,62,2012,202,14,carbon_complete,ok,14151
2026-08-31T11:18:18.361+1200,62,2012,202,14,output_complete,ok,14153
2026-08-31T11:18:18.362+1200,62,2012,202,14,step_complete,ok,14154
2026-08-31T11:18:18.362+1200,63,2012,202,14,step_start,started,14154
2026-08-31T11:18:18.580+1200,63,2012,202,15,water_start,started,14372
2026-08-31T11:18:18.581+1200,63,2012,202,15,water_topology_complete,ok,14373
2026-08-31T11:18:18.581+1200,63,2012,202,15,water_flux_fold_complete,ok,14373
2026-08-31T11:18:18.581+1200,63,2012,202,15,water_potential_unfold_complete,ok,14373
2026-08-31T11:18:18.672+1200,63,2012,202,15,carbon_complete,ok,14464
2026-08-31T11:18:18.673+1200,63,2012,202,15,output_complete,ok,14465
2026-08-31T11:18:18.674+1200,63,2012,202,15,step_complete,ok,14466
2026-08-31T11:18:18.674+1200,64,2012,202,15,step_start,started,14466
2026-08-31T11:18:18.876+1200,64,2012,202,16,water_start,started,14668
2026-08-31T11:18:18.876+1200,64,2012,202,16,water_topology_complete,ok,14668
2026-08-31T11:18:18.876+1200,64,2012,202,16,water_flux_fold_complete,ok,14668
2026-08-31T11:18:18.876+1200,64,2012,202,16,water_potential_unfold_complete,ok,14668
2026-08-31T11:18:18.968+1200,64,2012,202,16,carbon_complete,ok,14760
2026-08-31T11:18:18.969+1200,64,2012,202,16,output_complete,ok,14761
2026-08-31T11:18:18.969+1200,64,2012,202,16,step_complete,ok,14761
2026-08-31T11:18:18.970+1200,65,2012,202,16,step_start,started,14762
2026-08-31T11:18:19.173+1200,65,2012,202,17,water_start,started,14965
2026-08-31T11:18:19.174+1200,65,2012,202,17,water_topology_complete,ok,14966
2026-08-31T11:18:19.174+1200,65,2012,202,17,water_flux_fold_complete,ok,14966
2026-08-31T11:18:19.174+1200,65,2012,202,17,water_potential_unfold_complete,ok,14966
2026-08-31T11:18:19.267+1200,65,2012,202,17,carbon_complete,ok,15059
2026-08-31T11:18:19.268+1200,65,2012,202,17,output_complete,ok,15060
2026-08-31T11:18:19.268+1200,65,2012,202,17,step_complete,ok,15060
2026-08-31T11:18:19.268+1200,66,2012,202,17,step_start,started,15060
2026-08-31T11:18:19.461+1200,66,2012,202,18,water_start,started,15253
2026-08-31T11:18:19.461+1200,66,2012,202,18,water_topology_complete,ok,15253
2026-08-31T11:18:19.461+1200,66,2012,202,18,water_flux_fold_complete,ok,15253
2026-08-31T11:18:19.461+1200,66,2012,202,18,water_potential_unfold_complete,ok,15253
2026-08-31T11:18:19.548+1200,66,2012,202,18,carbon_complete,ok,15340
2026-08-31T11:18:19.549+1200,66,2012,202,18,output_complete,ok,15341
2026-08-31T11:18:19.549+1200,66,2012,202,18,step_complete,ok,15341
2026-08-31T11:18:19.549+1200,67,2012,202,18,step_start,started,15341
2026-08-31T11:18:19.745+1200,67,2012,202,19,water_start,started,15537
2026-08-31T11:18:19.745+1200,67,2012,202,19,water_topology_complete,ok,15537
2026-08-31T11:18:19.745+1200,67,2012,202,19,water_flux_fold_complete,ok,15537
2026-08-31T11:18:19.745+1200,67,2012,202,19,water_potential_unfold_complete,ok,15537
2026-08-31T11:18:19.835+1200,67,2012,202,19,carbon_complete,ok,15627
2026-08-31T11:18:19.836+1200,67,2012,202,19,output_complete,ok,15628
2026-08-31T11:18:19.836+1200,67,2012,202,19,step_complete,ok,15628
2026-08-31T11:18:19.836+1200,68,2012,202,19,step_start,started,15628
2026-08-31T11:18:19.837+1200,68,2012,202,20,water_start,started,15629
2026-08-31T11:18:19.837+1200,68,2012,202,20,water_topology_complete,ok,15629
2026-08-31T11:18:19.837+1200,68,2012,202,20,water_flux_fold_complete,ok,15629
2026-08-31T11:18:19.837+1200,68,2012,202,20,water_potential_unfold_complete,ok,15629
2026-08-31T11:18:19.924+1200,68,2012,202,20,carbon_complete,ok,15716
2026-08-31T11:18:19.925+1200,68,2012,202,20,output_complete,ok,15717
2026-08-31T11:18:19.925+1200,68,2012,202,20,step_complete,ok,15717
2026-08-31T11:18:19.926+1200,69,2012,202,20,step_start,started,15718
2026-08-31T11:18:19.926+1200,69,2012,202,21,water_start,started,15718
2026-08-31T11:18:19.926+1200,69,2012,202,21,water_topology_complete,ok,15718
2026-08-31T11:18:19.926+1200,69,2012,202,21,water_flux_fold_complete,ok,15718
2026-08-31T11:18:19.926+1200,69,2012,202,21,water_potential_unfold_complete,ok,15718
2026-08-31T11:18:20.017+1200,69,2012,202,21,carbon_complete,ok,15809
2026-08-31T11:18:20.018+1200,69,2012,202,21,output_complete,ok,15810
2026-08-31T11:18:20.019+1200,69,2012,202,21,step_complete,ok,15811
2026-08-31T11:18:20.019+1200,70,2012,202,21,step_start,started,15811
2026-08-31T11:18:20.019+1200,70,2012,202,22,water_start,started,15811
2026-08-31T11:18:20.020+1200,70,2012,202,22,water_topology_complete,ok,15812
2026-08-31T11:18:20.020+1200,70,2012,202,22,water_flux_fold_complete,ok,15812
2026-08-31T11:18:20.020+1200,70,2012,202,22,water_potential_unfold_complete,ok,15812
2026-08-31T11:18:20.109+1200,70,2012,202,22,carbon_complete,ok,15901
2026-08-31T11:18:20.174+1200,70,2012,202,22,output_complete,ok,15966
2026-08-31T11:18:20.175+1200,70,2012,202,22,step_complete,ok,15967
2026-08-31T11:18:20.175+1200,71,2012,202,22,step_start,started,15967
2026-08-31T11:18:20.176+1200,71,2012,202,23,water_start,started,15968
2026-08-31T11:18:20.177+1200,71,2012,202,23,water_topology_complete,ok,15969
2026-08-31T11:18:20.177+1200,71,2012,202,23,water_flux_fold_complete,ok,15969
2026-08-31T11:18:20.177+1200,71,2012,202,23,water_potential_unfold_complete,ok,15969
2026-08-31T11:18:20.267+1200,71,2012,202,23,carbon_complete,ok,16059
2026-08-31T11:18:20.267+1200,71,2012,202,23,output_complete,ok,16059
2026-08-31T11:18:20.268+1200,71,2012,202,23,step_complete,ok,16060
2026-08-31T11:18:20.268+1200,72,2012,202,23,step_start,started,16060
2026-08-31T11:18:20.269+1200,72,2012,203,0,water_start,started,16061
2026-08-31T11:18:20.269+1200,72,2012,203,0,water_topology_complete,ok,16061
2026-08-31T11:18:20.269+1200,72,2012,203,0,water_flux_fold_complete,ok,16061
2026-08-31T11:18:20.269+1200,72,2012,203,0,water_potential_unfold_complete,ok,16061
2026-08-31T11:18:20.356+1200,72,2012,203,0,carbon_complete,ok,16148
2026-08-31T11:18:20.357+1200,72,2012,203,0,output_complete,ok,16149
2026-08-31T11:18:20.357+1200,72,2012,203,0,step_complete,ok,16149
2026-08-31T11:18:20.358+1200,73,2012,203,0,step_start,started,16150
2026-08-31T11:18:20.358+1200,73,2012,203,1,water_start,started,16150
2026-08-31T11:18:20.358+1200,73,2012,203,1,water_topology_complete,ok,16150
2026-08-31T11:18:20.358+1200,73,2012,203,1,water_flux_fold_complete,ok,16150
2026-08-31T11:18:20.358+1200,73,2012,203,1,water_potential_unfold_complete,ok,16150
2026-08-31T11:18:20.446+1200,73,2012,203,1,carbon_complete,ok,16238
2026-08-31T11:18:20.447+1200,73,2012,203,1,output_complete,ok,16239
2026-08-31T11:18:20.448+1200,73,2012,203,1,step_complete,ok,16240
2026-08-31T11:18:20.448+1200,74,2012,203,1,step_start,started,16240
2026-08-31T11:18:20.448+1200,74,2012,203,2,water_start,started,16240
2026-08-31T11:18:20.448+1200,74,2012,203,2,water_topology_complete,ok,16240
2026-08-31T11:18:20.448+1200,74,2012,203,2,water_flux_fold_complete,ok,16240
2026-08-31T11:18:20.449+1200,74,2012,203,2,water_potential_unfold_complete,ok,16241
2026-08-31T11:18:20.536+1200,74,2012,203,2,carbon_complete,ok,16328
2026-08-31T11:18:20.536+1200,74,2012,203,2,output_complete,ok,16328
2026-08-31T11:18:20.537+1200,74,2012,203,2,step_complete,ok,16329
2026-08-31T11:18:20.537+1200,75,2012,203,2,step_start,started,16329
2026-08-31T11:18:20.537+1200,75,2012,203,3,water_start,started,16329
2026-08-31T11:18:20.538+1200,75,2012,203,3,water_topology_complete,ok,16330
2026-08-31T11:18:20.538+1200,75,2012,203,3,water_flux_fold_complete,ok,16330
2026-08-31T11:18:20.538+1200,75,2012,203,3,water_potential_unfold_complete,ok,16330
2026-08-31T11:18:20.626+1200,75,2012,203,3,carbon_complete,ok,16418
2026-08-31T11:18:20.627+1200,75,2012,203,3,output_complete,ok,16419
2026-08-31T11:18:20.628+1200,75,2012,203,3,step_complete,ok,16420
2026-08-31T11:18:20.628+1200,76,2012,203,3,step_start,started,16420
2026-08-31T11:18:20.628+1200,76,2012,203,4,water_start,started,16420
2026-08-31T11:18:20.629+1200,76,2012,203,4,water_topology_complete,ok,16421
2026-08-31T11:18:20.629+1200,76,2012,203,4,water_flux_fold_complete,ok,16421
2026-08-31T11:18:20.629+1200,76,2012,203,4,water_potential_unfold_complete,ok,16421
2026-08-31T11:18:20.716+1200,76,2012,203,4,carbon_complete,ok,16508
2026-08-31T11:18:20.717+1200,76,2012,203,4,output_complete,ok,16509
2026-08-31T11:18:20.717+1200,76,2012,203,4,step_complete,ok,16509
2026-08-31T11:18:20.717+1200,77,2012,203,4,step_start,started,16509
2026-08-31T11:18:20.718+1200,77,2012,203,5,water_start,started,16510
2026-08-31T11:18:20.718+1200,77,2012,203,5,water_topology_complete,ok,16510
2026-08-31T11:18:20.718+1200,77,2012,203,5,water_flux_fold_complete,ok,16510
2026-08-31T11:18:20.718+1200,77,2012,203,5,water_potential_unfold_complete,ok,16510
2026-08-31T11:18:20.807+1200,77,2012,203,5,carbon_complete,ok,16599
2026-08-31T11:18:20.808+1200,77,2012,203,5,output_complete,ok,16600
2026-08-31T11:18:20.808+1200,77,2012,203,5,step_complete,ok,16600
2026-08-31T11:18:20.808+1200,78,2012,203,5,step_start,started,16600
2026-08-31T11:18:20.809+1200,78,2012,203,6,water_start,started,16601
2026-08-31T11:18:20.809+1200,78,2012,203,6,water_topology_complete,ok,16601
2026-08-31T11:18:20.809+1200,78,2012,203,6,water_flux_fold_complete,ok,16601
2026-08-31T11:18:20.809+1200,78,2012,203,6,water_potential_unfold_complete,ok,16601
2026-08-31T11:18:20.898+1200,78,2012,203,6,carbon_complete,ok,16690
2026-08-31T11:18:20.898+1200,78,2012,203,6,output_complete,ok,16690
2026-08-31T11:18:20.899+1200,78,2012,203,6,step_complete,ok,16691
2026-08-31T11:18:20.899+1200,79,2012,203,6,step_start,started,16691
2026-08-31T11:18:20.899+1200,79,2012,203,7,water_start,started,16691
2026-08-31T11:18:20.899+1200,79,2012,203,7,water_topology_complete,ok,16691
2026-08-31T11:18:20.900+1200,79,2012,203,7,water_flux_fold_complete,ok,16692
2026-08-31T11:18:20.900+1200,79,2012,203,7,water_potential_unfold_complete,ok,16692
2026-08-31T11:18:20.988+1200,79,2012,203,7,carbon_complete,ok,16780
2026-08-31T11:18:20.989+1200,79,2012,203,7,output_complete,ok,16781
2026-08-31T11:18:20.989+1200,79,2012,203,7,step_complete,ok,16781
2026-08-31T11:18:20.989+1200,80,2012,203,7,step_start,started,16781
2026-08-31T11:18:20.990+1200,80,2012,203,8,water_start,started,16782
2026-08-31T11:18:20.990+1200,80,2012,203,8,water_topology_complete,ok,16782
2026-08-31T11:18:20.990+1200,80,2012,203,8,water_flux_fold_complete,ok,16782
2026-08-31T11:18:20.990+1200,80,2012,203,8,water_potential_unfold_complete,ok,16782
2026-08-31T11:18:21.080+1200,80,2012,203,8,carbon_complete,ok,16872
2026-08-31T11:18:21.176+1200,80,2012,203,8,output_complete,ok,16968
2026-08-31T11:18:21.177+1200,80,2012,203,8,step_complete,ok,16969
2026-08-31T11:18:21.177+1200,81,2012,203,8,step_start,started,16969
2026-08-31T11:18:21.376+1200,81,2012,203,9,water_start,started,17168
2026-08-31T11:18:21.376+1200,81,2012,203,9,water_topology_complete,ok,17168
2026-08-31T11:18:21.376+1200,81,2012,203,9,water_flux_fold_complete,ok,17168
2026-08-31T11:18:21.376+1200,81,2012,203,9,water_potential_unfold_complete,ok,17168
2026-08-31T11:18:21.487+1200,81,2012,203,9,carbon_complete,ok,17279
2026-08-31T11:18:21.488+1200,81,2012,203,9,output_complete,ok,17280
2026-08-31T11:18:21.489+1200,81,2012,203,9,step_complete,ok,17281
2026-08-31T11:18:21.489+1200,82,2012,203,9,step_start,started,17281
2026-08-31T11:18:21.694+1200,82,2012,203,10,water_start,started,17486
2026-08-31T11:18:21.694+1200,82,2012,203,10,water_topology_complete,ok,17486
2026-08-31T11:18:21.694+1200,82,2012,203,10,water_flux_fold_complete,ok,17486
2026-08-31T11:18:21.694+1200,82,2012,203,10,water_potential_unfold_complete,ok,17486
2026-08-31T11:18:21.785+1200,82,2012,203,10,carbon_complete,ok,17577
2026-08-31T11:18:21.786+1200,82,2012,203,10,output_complete,ok,17578
2026-08-31T11:18:21.786+1200,82,2012,203,10,step_complete,ok,17578
2026-08-31T11:18:21.786+1200,83,2012,203,10,step_start,started,17578
2026-08-31T11:18:21.984+1200,83,2012,203,11,water_start,started,17776
2026-08-31T11:18:21.984+1200,83,2012,203,11,water_topology_complete,ok,17776
2026-08-31T11:18:21.984+1200,83,2012,203,11,water_flux_fold_complete,ok,17776
2026-08-31T11:18:21.984+1200,83,2012,203,11,water_potential_unfold_complete,ok,17776
2026-08-31T11:18:22.076+1200,83,2012,203,11,carbon_complete,ok,17868
2026-08-31T11:18:22.077+1200,83,2012,203,11,output_complete,ok,17869
2026-08-31T11:18:22.077+1200,83,2012,203,11,step_complete,ok,17869
2026-08-31T11:18:22.077+1200,84,2012,203,11,step_start,started,17869
2026-08-31T11:18:22.275+1200,84,2012,203,12,water_start,started,18067
2026-08-31T11:18:22.275+1200,84,2012,203,12,water_topology_complete,ok,18067
2026-08-31T11:18:22.275+1200,84,2012,203,12,water_flux_fold_complete,ok,18067
2026-08-31T11:18:22.275+1200,84,2012,203,12,water_potential_unfold_complete,ok,18067
2026-08-31T11:18:22.367+1200,84,2012,203,12,carbon_complete,ok,18159
2026-08-31T11:18:22.368+1200,84,2012,203,12,output_complete,ok,18160
2026-08-31T11:18:22.368+1200,84,2012,203,12,step_complete,ok,18160
2026-08-31T11:18:22.368+1200,85,2012,203,12,step_start,started,18160
2026-08-31T11:18:22.572+1200,85,2012,203,13,water_start,started,18364
2026-08-31T11:18:22.572+1200,85,2012,203,13,water_topology_complete,ok,18364
2026-08-31T11:18:22.572+1200,85,2012,203,13,water_flux_fold_complete,ok,18364
2026-08-31T11:18:22.572+1200,85,2012,203,13,water_potential_unfold_complete,ok,18364
2026-08-31T11:18:22.665+1200,85,2012,203,13,carbon_complete,ok,18457
2026-08-31T11:18:22.666+1200,85,2012,203,13,output_complete,ok,18458
2026-08-31T11:18:22.666+1200,85,2012,203,13,step_complete,ok,18458
2026-08-31T11:18:22.666+1200,86,2012,203,13,step_start,started,18458
2026-08-31T11:18:22.875+1200,86,2012,203,14,water_start,started,18667
2026-08-31T11:18:22.875+1200,86,2012,203,14,water_topology_complete,ok,18667
2026-08-31T11:18:22.875+1200,86,2012,203,14,water_flux_fold_complete,ok,18667
2026-08-31T11:18:22.875+1200,86,2012,203,14,water_potential_unfold_complete,ok,18667
2026-08-31T11:18:22.966+1200,86,2012,203,14,carbon_complete,ok,18758
2026-08-31T11:18:22.967+1200,86,2012,203,14,output_complete,ok,18759
2026-08-31T11:18:22.967+1200,86,2012,203,14,step_complete,ok,18759
2026-08-31T11:18:22.967+1200,87,2012,203,14,step_start,started,18759
2026-08-31T11:18:23.174+1200,87,2012,203,15,water_start,started,18966
2026-08-31T11:18:23.174+1200,87,2012,203,15,water_topology_complete,ok,18966
2026-08-31T11:18:23.174+1200,87,2012,203,15,water_flux_fold_complete,ok,18966
2026-08-31T11:18:23.175+1200,87,2012,203,15,water_potential_unfold_complete,ok,18967
2026-08-31T11:18:23.266+1200,87,2012,203,15,carbon_complete,ok,19058
2026-08-31T11:18:23.267+1200,87,2012,203,15,output_complete,ok,19059
2026-08-31T11:18:23.268+1200,87,2012,203,15,step_complete,ok,19060
2026-08-31T11:18:23.268+1200,88,2012,203,15,step_start,started,19060
2026-08-31T11:18:23.494+1200,88,2012,203,16,water_start,started,19286
2026-08-31T11:18:23.495+1200,88,2012,203,16,water_topology_complete,ok,19287
2026-08-31T11:18:23.495+1200,88,2012,203,16,water_flux_fold_complete,ok,19287
2026-08-31T11:18:23.495+1200,88,2012,203,16,water_potential_unfold_complete,ok,19287
2026-08-31T11:18:23.587+1200,88,2012,203,16,carbon_complete,ok,19379
2026-08-31T11:18:23.588+1200,88,2012,203,16,output_complete,ok,19380
2026-08-31T11:18:23.588+1200,88,2012,203,16,step_complete,ok,19380
2026-08-31T11:18:23.588+1200,89,2012,203,16,step_start,started,19380
2026-08-31T11:18:23.589+1200,89,2012,203,17,water_start,started,19381
2026-08-31T11:18:23.589+1200,89,2012,203,17,water_topology_complete,ok,19381
2026-08-31T11:18:23.589+1200,89,2012,203,17,water_flux_fold_complete,ok,19381
2026-08-31T11:18:23.589+1200,89,2012,203,17,water_potential_unfold_complete,ok,19381
2026-08-31T11:18:23.682+1200,89,2012,203,17,carbon_complete,ok,19474
2026-08-31T11:18:23.684+1200,89,2012,203,17,output_complete,ok,19476
2026-08-31T11:18:23.685+1200,89,2012,203,17,step_complete,ok,19477
2026-08-31T11:18:23.685+1200,90,2012,203,17,step_start,started,19477
2026-08-31T11:18:23.685+1200,90,2012,203,18,water_start,started,19477
2026-08-31T11:18:23.685+1200,90,2012,203,18,water_topology_complete,ok,19477
2026-08-31T11:18:23.685+1200,90,2012,203,18,water_flux_fold_complete,ok,19477
2026-08-31T11:18:23.685+1200,90,2012,203,18,water_potential_unfold_complete,ok,19477
2026-08-31T11:18:23.777+1200,90,2012,203,18,carbon_complete,ok,19569
2026-08-31T11:18:23.858+1200,90,2012,203,18,output_complete,ok,19650
2026-08-31T11:18:23.859+1200,90,2012,203,18,step_complete,ok,19651
2026-08-31T11:18:23.859+1200,91,2012,203,18,step_start,started,19651
2026-08-31T11:18:23.859+1200,91,2012,203,19,water_start,started,19651
2026-08-31T11:18:23.859+1200,91,2012,203,19,water_topology_complete,ok,19651
2026-08-31T11:18:23.859+1200,91,2012,203,19,water_flux_fold_complete,ok,19651
2026-08-31T11:18:23.860+1200,91,2012,203,19,water_potential_unfold_complete,ok,19652
2026-08-31T11:18:23.952+1200,91,2012,203,19,carbon_complete,ok,19744
2026-08-31T11:18:23.953+1200,91,2012,203,19,output_complete,ok,19745
2026-08-31T11:18:23.953+1200,91,2012,203,19,step_complete,ok,19745
2026-08-31T11:18:23.953+1200,92,2012,203,19,step_start,started,19745
2026-08-31T11:18:23.954+1200,92,2012,203,20,water_start,started,19746
2026-08-31T11:18:23.954+1200,92,2012,203,20,water_topology_complete,ok,19746
2026-08-31T11:18:23.954+1200,92,2012,203,20,water_flux_fold_complete,ok,19746
2026-08-31T11:18:23.954+1200,92,2012,203,20,water_potential_unfold_complete,ok,19746
2026-08-31T11:18:24.046+1200,92,2012,203,20,carbon_complete,ok,19838
2026-08-31T11:18:24.047+1200,92,2012,203,20,output_complete,ok,19839
2026-08-31T11:18:24.047+1200,92,2012,203,20,step_complete,ok,19839
2026-08-31T11:18:24.047+1200,93,2012,203,20,step_start,started,19839
2026-08-31T11:18:24.048+1200,93,2012,203,21,water_start,started,19840
2026-08-31T11:18:24.048+1200,93,2012,203,21,water_topology_complete,ok,19840
2026-08-31T11:18:24.048+1200,93,2012,203,21,water_flux_fold_complete,ok,19840
2026-08-31T11:18:24.048+1200,93,2012,203,21,water_potential_unfold_complete,ok,19840
2026-08-31T11:18:24.141+1200,93,2012,203,21,carbon_complete,ok,19933
2026-08-31T11:18:24.142+1200,93,2012,203,21,output_complete,ok,19934
2026-08-31T11:18:24.142+1200,93,2012,203,21,step_complete,ok,19934
2026-08-31T11:18:24.143+1200,94,2012,203,21,step_start,started,19935
2026-08-31T11:18:24.143+1200,94,2012,203,22,water_start,started,19935
2026-08-31T11:18:24.143+1200,94,2012,203,22,water_topology_complete,ok,19935
2026-08-31T11:18:24.143+1200,94,2012,203,22,water_flux_fold_complete,ok,19935
2026-08-31T11:18:24.143+1200,94,2012,203,22,water_potential_unfold_complete,ok,19935
2026-08-31T11:18:24.236+1200,94,2012,203,22,carbon_complete,ok,20028
2026-08-31T11:18:24.238+1200,94,2012,203,22,output_complete,ok,20030
2026-08-31T11:18:24.238+1200,94,2012,203,22,step_complete,ok,20030
2026-08-31T11:18:24.238+1200,95,2012,203,22,step_start,started,20030
2026-08-31T11:18:24.239+1200,95,2012,203,23,water_start,started,20031
2026-08-31T11:18:24.239+1200,95,2012,203,23,water_topology_complete,ok,20031
2026-08-31T11:18:24.239+1200,95,2012,203,23,water_flux_fold_complete,ok,20031
2026-08-31T11:18:24.239+1200,95,2012,203,23,water_potential_unfold_complete,ok,20031
2026-08-31T11:18:24.331+1200,95,2012,203,23,carbon_complete,ok,20123
2026-08-31T11:18:24.332+1200,95,2012,203,23,output_complete,ok,20124
2026-08-31T11:18:24.332+1200,95,2012,203,23,step_complete,ok,20124
2026-08-31T11:18:24.332+1200,96,2012,203,23,step_start,started,20124
2026-08-31T11:18:24.332+1200,96,2012,204,0,water_start,started,20124
2026-08-31T11:18:24.332+1200,96,2012,204,0,water_topology_complete,ok,20124
2026-08-31T11:18:24.333+1200,96,2012,204,0,water_flux_fold_complete,ok,20125
2026-08-31T11:18:24.333+1200,96,2012,204,0,water_potential_unfold_complete,ok,20125
2026-08-31T11:18:24.425+1200,96,2012,204,0,carbon_complete,ok,20217
2026-08-31T11:18:24.426+1200,96,2012,204,0,output_complete,ok,20218
2026-08-31T11:18:24.426+1200,96,2012,204,0,step_complete,ok,20218
2026-08-31T11:18:24.426+1200,97,2012,204,0,step_start,started,20218
2026-08-31T11:18:24.426+1200,97,2012,204,1,water_start,started,20218
2026-08-31T11:18:24.427+1200,97,2012,204,1,water_topology_complete,ok,20219
2026-08-31T11:18:24.427+1200,97,2012,204,1,water_flux_fold_complete,ok,20219
2026-08-31T11:18:24.427+1200,97,2012,204,1,water_potential_unfold_complete,ok,20219
2026-08-31T11:18:24.519+1200,97,2012,204,1,carbon_complete,ok,20311
2026-08-31T11:18:24.520+1200,97,2012,204,1,output_complete,ok,20312
2026-08-31T11:18:24.520+1200,97,2012,204,1,step_complete,ok,20312
2026-08-31T11:18:24.521+1200,98,2012,204,1,step_start,started,20313
2026-08-31T11:18:24.521+1200,98,2012,204,2,water_start,started,20313
2026-08-31T11:18:24.521+1200,98,2012,204,2,water_topology_complete,ok,20313
2026-08-31T11:18:24.521+1200,98,2012,204,2,water_flux_fold_complete,ok,20313
2026-08-31T11:18:24.521+1200,98,2012,204,2,water_potential_unfold_complete,ok,20313
2026-08-31T11:18:24.613+1200,98,2012,204,2,carbon_complete,ok,20405
2026-08-31T11:18:24.614+1200,98,2012,204,2,output_complete,ok,20406
2026-08-31T11:18:24.615+1200,98,2012,204,2,step_complete,ok,20407
2026-08-31T11:18:24.615+1200,99,2012,204,2,step_start,started,20407
2026-08-31T11:18:24.615+1200,99,2012,204,3,water_start,started,20407
2026-08-31T11:18:24.615+1200,99,2012,204,3,water_topology_complete,ok,20407
2026-08-31T11:18:24.615+1200,99,2012,204,3,water_flux_fold_complete,ok,20407
2026-08-31T11:18:24.615+1200,99,2012,204,3,water_potential_unfold_complete,ok,20407
2026-08-31T11:18:24.707+1200,99,2012,204,3,carbon_complete,ok,20499
2026-08-31T11:18:24.708+1200,99,2012,204,3,output_complete,ok,20500
2026-08-31T11:18:24.708+1200,99,2012,204,3,step_complete,ok,20500
2026-08-31T11:18:24.708+1200,100,2012,204,3,step_start,started,20500
2026-08-31T11:18:24.709+1200,100,2012,204,4,water_start,started,20501
2026-08-31T11:18:24.709+1200,100,2012,204,4,water_topology_complete,ok,20501
2026-08-31T11:18:24.709+1200,100,2012,204,4,water_flux_fold_complete,ok,20501
2026-08-31T11:18:24.709+1200,100,2012,204,4,water_potential_unfold_complete,ok,20501
2026-08-31T11:18:24.800+1200,100,2012,204,4,carbon_complete,ok,20592
2026-08-31T11:18:24.920+1200,100,2012,204,4,output_complete,ok,20712
2026-08-31T11:18:24.921+1200,100,2012,204,4,step_complete,ok,20713
2026-08-31T11:18:24.921+1200,101,2012,204,4,step_start,started,20713
2026-08-31T11:18:24.922+1200,101,2012,204,5,water_start,started,20714
2026-08-31T11:18:24.923+1200,101,2012,204,5,water_topology_complete,ok,20715
2026-08-31T11:18:24.923+1200,101,2012,204,5,water_flux_fold_complete,ok,20715
2026-08-31T11:18:24.923+1200,101,2012,204,5,water_potential_unfold_complete,ok,20715
2026-08-31T11:18:25.017+1200,101,2012,204,5,carbon_complete,ok,20809
2026-08-31T11:18:25.018+1200,101,2012,204,5,output_complete,ok,20810
2026-08-31T11:18:25.018+1200,101,2012,204,5,step_complete,ok,20810
2026-08-31T11:18:25.018+1200,102,2012,204,5,step_start,started,20810
2026-08-31T11:18:25.019+1200,102,2012,204,6,water_start,started,20811
2026-08-31T11:18:25.019+1200,102,2012,204,6,water_topology_complete,ok,20811
2026-08-31T11:18:25.019+1200,102,2012,204,6,water_flux_fold_complete,ok,20811
2026-08-31T11:18:25.019+1200,102,2012,204,6,water_potential_unfold_complete,ok,20811
2026-08-31T11:18:25.112+1200,102,2012,204,6,carbon_complete,ok,20904
2026-08-31T11:18:25.113+1200,102,2012,204,6,output_complete,ok,20905
2026-08-31T11:18:25.113+1200,102,2012,204,6,step_complete,ok,20905
2026-08-31T11:18:25.113+1200,103,2012,204,6,step_start,started,20905
2026-08-31T11:18:25.114+1200,103,2012,204,7,water_start,started,20906
2026-08-31T11:18:25.114+1200,103,2012,204,7,water_topology_complete,ok,20906
2026-08-31T11:18:25.114+1200,103,2012,204,7,water_flux_fold_complete,ok,20906
2026-08-31T11:18:25.114+1200,103,2012,204,7,water_potential_unfold_complete,ok,20906
2026-08-31T11:18:25.205+1200,103,2012,204,7,carbon_complete,ok,20997
2026-08-31T11:18:25.206+1200,103,2012,204,7,output_complete,ok,20998
2026-08-31T11:18:25.206+1200,103,2012,204,7,step_complete,ok,20998
2026-08-31T11:18:25.206+1200,104,2012,204,7,step_start,started,20998
2026-08-31T11:18:25.206+1200,104,2012,204,8,water_start,started,20998
2026-08-31T11:18:25.207+1200,104,2012,204,8,water_topology_complete,ok,20999
2026-08-31T11:18:25.207+1200,104,2012,204,8,water_flux_fold_complete,ok,20999
2026-08-31T11:18:25.207+1200,104,2012,204,8,water_potential_unfold_complete,ok,20999
2026-08-31T11:18:25.298+1200,104,2012,204,8,carbon_complete,ok,21090
2026-08-31T11:18:25.299+1200,104,2012,204,8,output_complete,ok,21091
2026-08-31T11:18:25.299+1200,104,2012,204,8,step_complete,ok,21091
2026-08-31T11:18:25.299+1200,105,2012,204,8,step_start,started,21091
2026-08-31T11:18:25.300+1200,105,2012,204,9,water_start,started,21092
2026-08-31T11:18:25.300+1200,105,2012,204,9,water_topology_complete,ok,21092
2026-08-31T11:18:25.300+1200,105,2012,204,9,water_flux_fold_complete,ok,21092
2026-08-31T11:18:25.300+1200,105,2012,204,9,water_potential_unfold_complete,ok,21092
2026-08-31T11:18:25.391+1200,105,2012,204,9,carbon_complete,ok,21183
2026-08-31T11:18:25.392+1200,105,2012,204,9,output_complete,ok,21184
2026-08-31T11:18:25.393+1200,105,2012,204,9,step_complete,ok,21185
2026-08-31T11:18:25.393+1200,106,2012,204,9,step_start,started,21185
2026-08-31T11:18:25.393+1200,106,2012,204,10,water_start,started,21185
2026-08-31T11:18:25.393+1200,106,2012,204,10,water_topology_complete,ok,21185
2026-08-31T11:18:25.393+1200,106,2012,204,10,water_flux_fold_complete,ok,21185
2026-08-31T11:18:25.393+1200,106,2012,204,10,water_potential_unfold_complete,ok,21185
2026-08-31T11:18:25.485+1200,106,2012,204,10,carbon_complete,ok,21277
2026-08-31T11:18:25.486+1200,106,2012,204,10,output_complete,ok,21278
2026-08-31T11:18:25.486+1200,106,2012,204,10,step_complete,ok,21278
2026-08-31T11:18:25.486+1200,107,2012,204,10,step_start,started,21278
2026-08-31T11:18:25.487+1200,107,2012,204,11,water_start,started,21279
2026-08-31T11:18:25.487+1200,107,2012,204,11,water_topology_complete,ok,21279
2026-08-31T11:18:25.487+1200,107,2012,204,11,water_flux_fold_complete,ok,21279
2026-08-31T11:18:25.487+1200,107,2012,204,11,water_potential_unfold_complete,ok,21279
2026-08-31T11:18:25.580+1200,107,2012,204,11,carbon_complete,ok,21372
2026-08-31T11:18:25.581+1200,107,2012,204,11,output_complete,ok,21373
2026-08-31T11:18:25.581+1200,107,2012,204,11,step_complete,ok,21373
2026-08-31T11:18:25.582+1200,108,2012,204,11,step_start,started,21374
2026-08-31T11:18:25.790+1200,108,2012,204,12,water_start,started,21582
2026-08-31T11:18:25.790+1200,108,2012,204,12,water_topology_complete,ok,21582
2026-08-31T11:18:25.790+1200,108,2012,204,12,water_flux_fold_complete,ok,21582
2026-08-31T11:18:25.790+1200,108,2012,204,12,water_potential_unfold_complete,ok,21582
2026-08-31T11:18:25.884+1200,108,2012,204,12,carbon_complete,ok,21676
2026-08-31T11:18:25.885+1200,108,2012,204,12,output_complete,ok,21677
2026-08-31T11:18:25.885+1200,108,2012,204,12,step_complete,ok,21677
2026-08-31T11:18:25.885+1200,109,2012,204,12,step_start,started,21677
2026-08-31T11:18:26.097+1200,109,2012,204,13,water_start,started,21889
2026-08-31T11:18:26.097+1200,109,2012,204,13,water_topology_complete,ok,21889
2026-08-31T11:18:26.097+1200,109,2012,204,13,water_flux_fold_complete,ok,21889
2026-08-31T11:18:26.097+1200,109,2012,204,13,water_potential_unfold_complete,ok,21889
2026-08-31T11:18:26.190+1200,109,2012,204,13,carbon_complete,ok,21982
2026-08-31T11:18:26.192+1200,109,2012,204,13,output_complete,ok,21984
2026-08-31T11:18:26.192+1200,109,2012,204,13,step_complete,ok,21984
2026-08-31T11:18:26.192+1200,110,2012,204,13,step_start,started,21984
2026-08-31T11:18:26.194+1200,110,2012,204,14,water_start,started,21986
2026-08-31T11:18:26.194+1200,110,2012,204,14,water_topology_complete,ok,21986
2026-08-31T11:18:26.194+1200,110,2012,204,14,water_flux_fold_complete,ok,21986
2026-08-31T11:18:26.194+1200,110,2012,204,14,water_potential_unfold_complete,ok,21986
2026-08-31T11:18:26.289+1200,110,2012,204,14,carbon_complete,ok,22081
2026-08-31T11:18:26.417+1200,110,2012,204,14,output_complete,ok,22209
2026-08-31T11:18:26.418+1200,110,2012,204,14,step_complete,ok,22210
2026-08-31T11:18:26.418+1200,111,2012,204,14,step_start,started,22210
2026-08-31T11:18:26.630+1200,111,2012,204,15,water_start,started,22422
2026-08-31T11:18:26.630+1200,111,2012,204,15,water_topology_complete,ok,22422
2026-08-31T11:18:26.630+1200,111,2012,204,15,water_flux_fold_complete,ok,22422
2026-08-31T11:18:26.630+1200,111,2012,204,15,water_potential_unfold_complete,ok,22422
2026-08-31T11:18:26.744+1200,111,2012,204,15,carbon_complete,ok,22536
2026-08-31T11:18:26.745+1200,111,2012,204,15,output_complete,ok,22537
2026-08-31T11:18:26.745+1200,111,2012,204,15,step_complete,ok,22537
2026-08-31T11:18:26.745+1200,112,2012,204,15,step_start,started,22537
2026-08-31T11:18:26.746+1200,112,2012,204,16,water_start,started,22538
2026-08-31T11:18:26.746+1200,112,2012,204,16,water_topology_complete,ok,22538
2026-08-31T11:18:26.746+1200,112,2012,204,16,water_flux_fold_complete,ok,22538
2026-08-31T11:18:26.746+1200,112,2012,204,16,water_potential_unfold_complete,ok,22538
2026-08-31T11:18:26.839+1200,112,2012,204,16,carbon_complete,ok,22631
2026-08-31T11:18:26.839+1200,112,2012,204,16,output_complete,ok,22631
2026-08-31T11:18:26.840+1200,112,2012,204,16,step_complete,ok,22632
2026-08-31T11:18:26.840+1200,113,2012,204,16,step_start,started,22632
2026-08-31T11:18:26.840+1200,113,2012,204,17,water_start,started,22632
2026-08-31T11:18:26.840+1200,113,2012,204,17,water_topology_complete,ok,22632
2026-08-31T11:18:26.840+1200,113,2012,204,17,water_flux_fold_complete,ok,22632
2026-08-31T11:18:26.840+1200,113,2012,204,17,water_potential_unfold_complete,ok,22632
2026-08-31T11:18:26.933+1200,113,2012,204,17,carbon_complete,ok,22725
2026-08-31T11:18:26.935+1200,113,2012,204,17,output_complete,ok,22727
2026-08-31T11:18:26.935+1200,113,2012,204,17,step_complete,ok,22727
2026-08-31T11:18:26.935+1200,114,2012,204,17,step_start,started,22727
2026-08-31T11:18:26.936+1200,114,2012,204,18,water_start,started,22728
2026-08-31T11:18:26.937+1200,114,2012,204,18,water_topology_complete,ok,22729
2026-08-31T11:18:26.937+1200,114,2012,204,18,water_flux_fold_complete,ok,22729
2026-08-31T11:18:26.937+1200,114,2012,204,18,water_potential_unfold_complete,ok,22729
2026-08-31T11:18:27.029+1200,114,2012,204,18,carbon_complete,ok,22821
2026-08-31T11:18:27.030+1200,114,2012,204,18,output_complete,ok,22822
2026-08-31T11:18:27.030+1200,114,2012,204,18,step_complete,ok,22822
2026-08-31T11:18:27.030+1200,115,2012,204,18,step_start,started,22822
2026-08-31T11:18:27.031+1200,115,2012,204,19,water_start,started,22823
2026-08-31T11:18:27.031+1200,115,2012,204,19,water_topology_complete,ok,22823
2026-08-31T11:18:27.031+1200,115,2012,204,19,water_flux_fold_complete,ok,22823
2026-08-31T11:18:27.031+1200,115,2012,204,19,water_potential_unfold_complete,ok,22823
2026-08-31T11:18:27.121+1200,115,2012,204,19,carbon_complete,ok,22913
2026-08-31T11:18:27.122+1200,115,2012,204,19,output_complete,ok,22914
2026-08-31T11:18:27.122+1200,115,2012,204,19,step_complete,ok,22914
2026-08-31T11:18:27.122+1200,116,2012,204,19,step_start,started,22914
2026-08-31T11:18:27.123+1200,116,2012,204,20,water_start,started,22915
2026-08-31T11:18:27.123+1200,116,2012,204,20,water_topology_complete,ok,22915
2026-08-31T11:18:27.123+1200,116,2012,204,20,water_flux_fold_complete,ok,22915
2026-08-31T11:18:27.123+1200,116,2012,204,20,water_potential_unfold_complete,ok,22915
2026-08-31T11:18:27.216+1200,116,2012,204,20,carbon_complete,ok,23008
2026-08-31T11:18:27.217+1200,116,2012,204,20,output_complete,ok,23009
2026-08-31T11:18:27.217+1200,116,2012,204,20,step_complete,ok,23009
2026-08-31T11:18:27.217+1200,117,2012,204,20,step_start,started,23009
2026-08-31T11:18:27.218+1200,117,2012,204,21,water_start,started,23010
2026-08-31T11:18:27.218+1200,117,2012,204,21,water_topology_complete,ok,23010
2026-08-31T11:18:27.218+1200,117,2012,204,21,water_flux_fold_complete,ok,23010
2026-08-31T11:18:27.218+1200,117,2012,204,21,water_potential_unfold_complete,ok,23010
2026-08-31T11:18:27.309+1200,117,2012,204,21,carbon_complete,ok,23101
2026-08-31T11:18:27.310+1200,117,2012,204,21,output_complete,ok,23102
2026-08-31T11:18:27.310+1200,117,2012,204,21,step_complete,ok,23102
2026-08-31T11:18:27.310+1200,118,2012,204,21,step_start,started,23102
2026-08-31T11:18:27.311+1200,118,2012,204,22,water_start,started,23103
2026-08-31T11:18:27.311+1200,118,2012,204,22,water_topology_complete,ok,23103
2026-08-31T11:18:27.311+1200,118,2012,204,22,water_flux_fold_complete,ok,23103
2026-08-31T11:18:27.311+1200,118,2012,204,22,water_potential_unfold_complete,ok,23103
2026-08-31T11:18:27.401+1200,118,2012,204,22,carbon_complete,ok,23193
2026-08-31T11:18:27.402+1200,118,2012,204,22,output_complete,ok,23194
2026-08-31T11:18:27.402+1200,118,2012,204,22,step_complete,ok,23194
2026-08-31T11:18:27.402+1200,119,2012,204,22,step_start,started,23194
2026-08-31T11:18:27.403+1200,119,2012,204,23,water_start,started,23195
2026-08-31T11:18:27.403+1200,119,2012,204,23,water_topology_complete,ok,23195
2026-08-31T11:18:27.403+1200,119,2012,204,23,water_flux_fold_complete,ok,23195
2026-08-31T11:18:27.403+1200,119,2012,204,23,water_potential_unfold_complete,ok,23195
2026-08-31T11:18:27.494+1200,119,2012,204,23,carbon_complete,ok,23286
2026-08-31T11:18:27.494+1200,119,2012,204,23,output_complete,ok,23286
2026-08-31T11:18:27.495+1200,119,2012,204,23,step_complete,ok,23287
2026-08-31T11:18:27.495+1200,120,2012,204,23,step_start,started,23287
2026-08-31T11:18:27.495+1200,120,2012,205,0,water_start,started,23287
2026-08-31T11:18:27.495+1200,120,2012,205,0,water_topology_complete,ok,23287
2026-08-31T11:18:27.495+1200,120,2012,205,0,water_flux_fold_complete,ok,23287
2026-08-31T11:18:27.495+1200,120,2012,205,0,water_potential_unfold_complete,ok,23287
2026-08-31T11:18:27.586+1200,120,2012,205,0,carbon_complete,ok,23378
2026-08-31T11:18:27.712+1200,120,2012,205,0,output_complete,ok,23504
2026-08-31T11:18:27.712+1200,120,2012,205,0,step_complete,ok,23504
2026-08-31T11:18:27.712+1200,121,2012,205,0,step_start,started,23504
2026-08-31T11:18:27.714+1200,121,2012,205,1,water_start,started,23506
2026-08-31T11:18:27.714+1200,121,2012,205,1,water_topology_complete,ok,23506
2026-08-31T11:18:27.714+1200,121,2012,205,1,water_flux_fold_complete,ok,23506
2026-08-31T11:18:27.714+1200,121,2012,205,1,water_potential_unfold_complete,ok,23506
2026-08-31T11:18:27.807+1200,121,2012,205,1,carbon_complete,ok,23599
2026-08-31T11:18:27.808+1200,121,2012,205,1,output_complete,ok,23600
2026-08-31T11:18:27.808+1200,121,2012,205,1,step_complete,ok,23600
2026-08-31T11:18:27.808+1200,122,2012,205,1,step_start,started,23600
2026-08-31T11:18:27.809+1200,122,2012,205,2,water_start,started,23601
2026-08-31T11:18:27.809+1200,122,2012,205,2,water_topology_complete,ok,23601
2026-08-31T11:18:27.809+1200,122,2012,205,2,water_flux_fold_complete,ok,23601
2026-08-31T11:18:27.809+1200,122,2012,205,2,water_potential_unfold_complete,ok,23601
2026-08-31T11:18:27.900+1200,122,2012,205,2,carbon_complete,ok,23692
2026-08-31T11:18:27.901+1200,122,2012,205,2,output_complete,ok,23693
2026-08-31T11:18:27.901+1200,122,2012,205,2,step_complete,ok,23693
2026-08-31T11:18:27.901+1200,123,2012,205,2,step_start,started,23693
2026-08-31T11:18:27.902+1200,123,2012,205,3,water_start,started,23694
2026-08-31T11:18:27.902+1200,123,2012,205,3,water_topology_complete,ok,23694
2026-08-31T11:18:27.902+1200,123,2012,205,3,water_flux_fold_complete,ok,23694
2026-08-31T11:18:27.902+1200,123,2012,205,3,water_potential_unfold_complete,ok,23694
2026-08-31T11:18:27.992+1200,123,2012,205,3,carbon_complete,ok,23784
2026-08-31T11:18:27.993+1200,123,2012,205,3,output_complete,ok,23785
2026-08-31T11:18:27.994+1200,123,2012,205,3,step_complete,ok,23786
2026-08-31T11:18:27.994+1200,124,2012,205,3,step_start,started,23786
2026-08-31T11:18:27.994+1200,124,2012,205,4,water_start,started,23786
2026-08-31T11:18:27.994+1200,124,2012,205,4,water_topology_complete,ok,23786
2026-08-31T11:18:27.994+1200,124,2012,205,4,water_flux_fold_complete,ok,23786
2026-08-31T11:18:27.994+1200,124,2012,205,4,water_potential_unfold_complete,ok,23786
2026-08-31T11:18:28.085+1200,124,2012,205,4,carbon_complete,ok,23877
2026-08-31T11:18:28.085+1200,124,2012,205,4,output_complete,ok,23877
2026-08-31T11:18:28.086+1200,124,2012,205,4,step_complete,ok,23878
2026-08-31T11:18:28.086+1200,125,2012,205,4,step_start,started,23878
2026-08-31T11:18:28.086+1200,125,2012,205,5,water_start,started,23878
2026-08-31T11:18:28.086+1200,125,2012,205,5,water_topology_complete,ok,23878
2026-08-31T11:18:28.086+1200,125,2012,205,5,water_flux_fold_complete,ok,23878
2026-08-31T11:18:28.086+1200,125,2012,205,5,water_potential_unfold_complete,ok,23878
2026-08-31T11:18:28.178+1200,125,2012,205,5,carbon_complete,ok,23970
2026-08-31T11:18:28.179+1200,125,2012,205,5,output_complete,ok,23971
2026-08-31T11:18:28.179+1200,125,2012,205,5,step_complete,ok,23971
2026-08-31T11:18:28.179+1200,126,2012,205,5,step_start,started,23971
2026-08-31T11:18:28.180+1200,126,2012,205,6,water_start,started,23972
2026-08-31T11:18:28.180+1200,126,2012,205,6,water_topology_complete,ok,23972
2026-08-31T11:18:28.180+1200,126,2012,205,6,water_flux_fold_complete,ok,23972
2026-08-31T11:18:28.180+1200,126,2012,205,6,water_potential_unfold_complete,ok,23972
2026-08-31T11:18:28.274+1200,126,2012,205,6,carbon_complete,ok,24066
2026-08-31T11:18:28.274+1200,126,2012,205,6,output_complete,ok,24066
2026-08-31T11:18:28.275+1200,126,2012,205,6,step_complete,ok,24067
2026-08-31T11:18:28.275+1200,127,2012,205,6,step_start,started,24067
2026-08-31T11:18:28.275+1200,127,2012,205,7,water_start,started,24067
2026-08-31T11:18:28.275+1200,127,2012,205,7,water_topology_complete,ok,24067
2026-08-31T11:18:28.275+1200,127,2012,205,7,water_flux_fold_complete,ok,24067
2026-08-31T11:18:28.275+1200,127,2012,205,7,water_potential_unfold_complete,ok,24067
2026-08-31T11:18:28.376+1200,127,2012,205,7,carbon_complete,ok,24168
2026-08-31T11:18:28.377+1200,127,2012,205,7,output_complete,ok,24169
2026-08-31T11:18:28.378+1200,127,2012,205,7,step_complete,ok,24170
2026-08-31T11:18:28.378+1200,128,2012,205,7,step_start,started,24170
2026-08-31T11:18:28.671+1200,128,2012,205,8,water_start,started,24463
2026-08-31T11:18:28.671+1200,128,2012,205,8,water_topology_complete,ok,24463
2026-08-31T11:18:28.671+1200,128,2012,205,8,water_flux_fold_complete,ok,24463
2026-08-31T11:18:28.671+1200,128,2012,205,8,water_potential_unfold_complete,ok,24463
2026-08-31T11:18:28.765+1200,128,2012,205,8,carbon_complete,ok,24557
2026-08-31T11:18:28.807+1200,128,2012,205,8,output_complete,ok,24599
2026-08-31T11:18:28.808+1200,128,2012,205,8,step_complete,ok,24600
2026-08-31T11:18:28.808+1200,129,2012,205,8,step_start,started,24600
2026-08-31T11:18:29.082+1200,129,2012,205,9,water_start,started,24874
2026-08-31T11:18:29.082+1200,129,2012,205,9,water_topology_complete,ok,24874
2026-08-31T11:18:29.082+1200,129,2012,205,9,water_flux_fold_complete,ok,24874
2026-08-31T11:18:29.082+1200,129,2012,205,9,water_potential_unfold_complete,ok,24874
2026-08-31T11:18:29.177+1200,129,2012,205,9,carbon_complete,ok,24969
2026-08-31T11:18:29.178+1200,129,2012,205,9,output_complete,ok,24970
2026-08-31T11:18:29.178+1200,129,2012,205,9,step_complete,ok,24970
2026-08-31T11:18:29.178+1200,130,2012,205,9,step_start,started,24970
2026-08-31T11:18:29.467+1200,130,2012,205,10,water_start,started,25259
2026-08-31T11:18:29.467+1200,130,2012,205,10,water_topology_complete,ok,25259
2026-08-31T11:18:29.467+1200,130,2012,205,10,water_flux_fold_complete,ok,25259
2026-08-31T11:18:29.468+1200,130,2012,205,10,water_potential_unfold_complete,ok,25260
2026-08-31T11:18:29.559+1200,130,2012,205,10,carbon_complete,ok,25351
2026-08-31T11:18:29.674+1200,130,2012,205,10,output_complete,ok,25466
2026-08-31T11:18:29.675+1200,130,2012,205,10,step_complete,ok,25467
2026-08-31T11:18:29.675+1200,131,2012,205,10,step_start,started,25467
2026-08-31T11:18:29.931+1200,131,2012,205,11,water_start,started,25723
2026-08-31T11:18:29.931+1200,131,2012,205,11,water_topology_complete,ok,25723
2026-08-31T11:18:29.931+1200,131,2012,205,11,water_flux_fold_complete,ok,25723
2026-08-31T11:18:29.931+1200,131,2012,205,11,water_potential_unfold_complete,ok,25723
2026-08-31T11:18:30.024+1200,131,2012,205,11,carbon_complete,ok,25816
2026-08-31T11:18:30.026+1200,131,2012,205,11,output_complete,ok,25818
2026-08-31T11:18:30.026+1200,131,2012,205,11,step_complete,ok,25818
2026-08-31T11:18:30.026+1200,132,2012,205,11,step_start,started,25818
2026-08-31T11:18:30.299+1200,132,2012,205,12,water_start,started,26091
2026-08-31T11:18:30.299+1200,132,2012,205,12,water_topology_complete,ok,26091
2026-08-31T11:18:30.299+1200,132,2012,205,12,water_flux_fold_complete,ok,26091
2026-08-31T11:18:30.300+1200,132,2012,205,12,water_potential_unfold_complete,ok,26092
2026-08-31T11:18:30.392+1200,132,2012,205,12,carbon_complete,ok,26184
2026-08-31T11:18:30.394+1200,132,2012,205,12,output_complete,ok,26186
2026-08-31T11:18:30.394+1200,132,2012,205,12,step_complete,ok,26186
2026-08-31T11:18:30.394+1200,133,2012,205,12,step_start,started,26186
2026-08-31T11:18:30.655+1200,133,2012,205,13,water_start,started,26447
2026-08-31T11:18:30.656+1200,133,2012,205,13,water_topology_complete,ok,26448
2026-08-31T11:18:30.656+1200,133,2012,205,13,water_flux_fold_complete,ok,26448
2026-08-31T11:18:30.656+1200,133,2012,205,13,water_potential_unfold_complete,ok,26448
2026-08-31T11:18:30.770+1200,133,2012,205,13,carbon_complete,ok,26562
2026-08-31T11:18:30.772+1200,133,2012,205,13,output_complete,ok,26564
2026-08-31T11:18:30.772+1200,133,2012,205,13,step_complete,ok,26564
2026-08-31T11:18:30.772+1200,134,2012,205,13,step_start,started,26564
2026-08-31T11:18:31.021+1200,134,2012,205,14,water_start,started,26813
2026-08-31T11:18:31.021+1200,134,2012,205,14,water_topology_complete,ok,26813
2026-08-31T11:18:31.021+1200,134,2012,205,14,water_flux_fold_complete,ok,26813
2026-08-31T11:18:31.022+1200,134,2012,205,14,water_potential_unfold_complete,ok,26814
2026-08-31T11:18:31.116+1200,134,2012,205,14,carbon_complete,ok,26908
2026-08-31T11:18:31.117+1200,134,2012,205,14,output_complete,ok,26909
2026-08-31T11:18:31.117+1200,134,2012,205,14,step_complete,ok,26909
2026-08-31T11:18:31.117+1200,135,2012,205,14,step_start,started,26909
2026-08-31T11:18:31.339+1200,135,2012,205,15,water_start,started,27131
2026-08-31T11:18:31.339+1200,135,2012,205,15,water_topology_complete,ok,27131
2026-08-31T11:18:31.339+1200,135,2012,205,15,water_flux_fold_complete,ok,27131
2026-08-31T11:18:31.339+1200,135,2012,205,15,water_potential_unfold_complete,ok,27131
2026-08-31T11:18:31.450+1200,135,2012,205,15,carbon_complete,ok,27242
2026-08-31T11:18:31.451+1200,135,2012,205,15,output_complete,ok,27243
2026-08-31T11:18:31.452+1200,135,2012,205,15,step_complete,ok,27244
2026-08-31T11:18:31.452+1200,136,2012,205,15,step_start,started,27244
2026-08-31T11:18:31.689+1200,136,2012,205,16,water_start,started,27481
2026-08-31T11:18:31.690+1200,136,2012,205,16,water_topology_complete,ok,27482
2026-08-31T11:18:31.690+1200,136,2012,205,16,water_flux_fold_complete,ok,27482
2026-08-31T11:18:31.690+1200,136,2012,205,16,water_potential_unfold_complete,ok,27482
2026-08-31T11:18:31.823+1200,136,2012,205,16,carbon_complete,ok,27615
2026-08-31T11:18:31.824+1200,136,2012,205,16,output_complete,ok,27616
2026-08-31T11:18:31.825+1200,136,2012,205,16,step_complete,ok,27617
2026-08-31T11:18:31.825+1200,137,2012,205,16,step_start,started,27617
2026-08-31T11:18:32.125+1200,137,2012,205,17,water_start,started,27917
2026-08-31T11:18:32.125+1200,137,2012,205,17,water_topology_complete,ok,27917
2026-08-31T11:18:32.125+1200,137,2012,205,17,water_flux_fold_complete,ok,27917
2026-08-31T11:18:32.125+1200,137,2012,205,17,water_potential_unfold_complete,ok,27917
2026-08-31T11:18:32.223+1200,137,2012,205,17,carbon_complete,ok,28015
2026-08-31T11:18:32.224+1200,137,2012,205,17,output_complete,ok,28016
2026-08-31T11:18:32.224+1200,137,2012,205,17,step_complete,ok,28016
2026-08-31T11:18:32.224+1200,138,2012,205,17,step_start,started,28016
2026-08-31T11:18:32.513+1200,138,2012,205,18,water_start,started,28305
2026-08-31T11:18:32.513+1200,138,2012,205,18,water_topology_complete,ok,28305
2026-08-31T11:18:32.513+1200,138,2012,205,18,water_flux_fold_complete,ok,28305
2026-08-31T11:18:32.513+1200,138,2012,205,18,water_potential_unfold_complete,ok,28305
2026-08-31T11:18:32.613+1200,138,2012,205,18,carbon_complete,ok,28405
2026-08-31T11:18:32.614+1200,138,2012,205,18,output_complete,ok,28406
2026-08-31T11:18:32.614+1200,138,2012,205,18,step_complete,ok,28406
2026-08-31T11:18:32.614+1200,139,2012,205,18,step_start,started,28406
2026-08-31T11:18:32.614+1200,139,2012,205,19,water_start,started,28406
2026-08-31T11:18:32.615+1200,139,2012,205,19,water_topology_complete,ok,28407
2026-08-31T11:18:32.615+1200,139,2012,205,19,water_flux_fold_complete,ok,28407
2026-08-31T11:18:32.615+1200,139,2012,205,19,water_potential_unfold_complete,ok,28407
2026-08-31T11:18:32.710+1200,139,2012,205,19,carbon_complete,ok,28502
2026-08-31T11:18:32.711+1200,139,2012,205,19,output_complete,ok,28503
2026-08-31T11:18:32.711+1200,139,2012,205,19,step_complete,ok,28503
2026-08-31T11:18:32.711+1200,140,2012,205,19,step_start,started,28503
2026-08-31T11:18:32.712+1200,140,2012,205,20,water_start,started,28504
2026-08-31T11:18:32.712+1200,140,2012,205,20,water_topology_complete,ok,28504
2026-08-31T11:18:32.712+1200,140,2012,205,20,water_flux_fold_complete,ok,28504
2026-08-31T11:18:32.712+1200,140,2012,205,20,water_potential_unfold_complete,ok,28504
2026-08-31T11:18:32.807+1200,140,2012,205,20,carbon_complete,ok,28599
2026-08-31T11:18:32.887+1200,140,2012,205,20,output_complete,ok,28679
2026-08-31T11:18:32.887+1200,140,2012,205,20,step_complete,ok,28679
2026-08-31T11:18:32.887+1200,141,2012,205,20,step_start,started,28679
2026-08-31T11:18:32.889+1200,141,2012,205,21,water_start,started,28681
2026-08-31T11:18:32.889+1200,141,2012,205,21,water_topology_complete,ok,28681
2026-08-31T11:18:32.889+1200,141,2012,205,21,water_flux_fold_complete,ok,28681
2026-08-31T11:18:32.889+1200,141,2012,205,21,water_potential_unfold_complete,ok,28681
2026-08-31T11:18:32.984+1200,141,2012,205,21,carbon_complete,ok,28776
2026-08-31T11:18:32.986+1200,141,2012,205,21,output_complete,ok,28778
2026-08-31T11:18:32.986+1200,141,2012,205,21,step_complete,ok,28778
2026-08-31T11:18:32.986+1200,142,2012,205,21,step_start,started,28778
2026-08-31T11:18:32.987+1200,142,2012,205,22,water_start,started,28779
2026-08-31T11:18:32.987+1200,142,2012,205,22,water_topology_complete,ok,28779
2026-08-31T11:18:32.987+1200,142,2012,205,22,water_flux_fold_complete,ok,28779
2026-08-31T11:18:32.987+1200,142,2012,205,22,water_potential_unfold_complete,ok,28779
2026-08-31T11:18:33.082+1200,142,2012,205,22,carbon_complete,ok,28874
2026-08-31T11:18:33.083+1200,142,2012,205,22,output_complete,ok,28875
2026-08-31T11:18:33.084+1200,142,2012,205,22,step_complete,ok,28876
2026-08-31T11:18:33.084+1200,143,2012,205,22,step_start,started,28876
2026-08-31T11:18:33.084+1200,143,2012,205,23,water_start,started,28876
2026-08-31T11:18:33.084+1200,143,2012,205,23,water_topology_complete,ok,28876
2026-08-31T11:18:33.084+1200,143,2012,205,23,water_flux_fold_complete,ok,28876
2026-08-31T11:18:33.084+1200,143,2012,205,23,water_potential_unfold_complete,ok,28876
2026-08-31T11:18:33.178+1200,143,2012,205,23,carbon_complete,ok,28970
2026-08-31T11:18:33.179+1200,143,2012,205,23,output_complete,ok,28971
2026-08-31T11:18:33.180+1200,143,2012,205,23,step_complete,ok,28972
2026-08-31T11:18:33.180+1200,144,2012,205,23,step_start,started,28972
2026-08-31T11:18:33.181+1200,144,2012,206,0,water_start,started,28973
2026-08-31T11:18:33.181+1200,144,2012,206,0,water_topology_complete,ok,28973
2026-08-31T11:18:33.181+1200,144,2012,206,0,water_flux_fold_complete,ok,28973
2026-08-31T11:18:33.181+1200,144,2012,206,0,water_potential_unfold_complete,ok,28973
2026-08-31T11:18:33.279+1200,144,2012,206,0,carbon_complete,ok,29071
2026-08-31T11:18:33.280+1200,144,2012,206,0,output_complete,ok,29072
2026-08-31T11:18:33.280+1200,144,2012,206,0,step_complete,ok,29072
2026-08-31T11:18:33.280+1200,145,2012,206,0,step_start,started,29072
2026-08-31T11:18:33.281+1200,145,2012,206,1,water_start,started,29073
2026-08-31T11:18:33.281+1200,145,2012,206,1,water_topology_complete,ok,29073
2026-08-31T11:18:33.281+1200,145,2012,206,1,water_flux_fold_complete,ok,29073
2026-08-31T11:18:33.281+1200,145,2012,206,1,water_potential_unfold_complete,ok,29073
2026-08-31T11:18:33.380+1200,145,2012,206,1,carbon_complete,ok,29172
2026-08-31T11:18:33.381+1200,145,2012,206,1,output_complete,ok,29173
2026-08-31T11:18:33.382+1200,145,2012,206,1,step_complete,ok,29174
2026-08-31T11:18:33.382+1200,146,2012,206,1,step_start,started,29174
2026-08-31T11:18:33.387+1200,146,2012,206,2,water_start,started,29179
2026-08-31T11:18:33.387+1200,146,2012,206,2,water_topology_complete,ok,29179
2026-08-31T11:18:33.387+1200,146,2012,206,2,water_flux_fold_complete,ok,29179
2026-08-31T11:18:33.387+1200,146,2012,206,2,water_potential_unfold_complete,ok,29179
2026-08-31T11:18:33.489+1200,146,2012,206,2,carbon_complete,ok,29281
2026-08-31T11:18:33.490+1200,146,2012,206,2,output_complete,ok,29282
2026-08-31T11:18:33.490+1200,146,2012,206,2,step_complete,ok,29282
2026-08-31T11:18:33.490+1200,147,2012,206,2,step_start,started,29282
2026-08-31T11:18:33.490+1200,147,2012,206,3,water_start,started,29282
2026-08-31T11:18:33.490+1200,147,2012,206,3,water_topology_complete,ok,29282
2026-08-31T11:18:33.490+1200,147,2012,206,3,water_flux_fold_complete,ok,29282
2026-08-31T11:18:33.491+1200,147,2012,206,3,water_potential_unfold_complete,ok,29283
2026-08-31T11:18:33.587+1200,147,2012,206,3,carbon_complete,ok,29379
2026-08-31T11:18:33.588+1200,147,2012,206,3,output_complete,ok,29380
2026-08-31T11:18:33.588+1200,147,2012,206,3,step_complete,ok,29380
2026-08-31T11:18:33.588+1200,148,2012,206,3,step_start,started,29380
2026-08-31T11:18:33.589+1200,148,2012,206,4,water_start,started,29381
2026-08-31T11:18:33.589+1200,148,2012,206,4,water_topology_complete,ok,29381
2026-08-31T11:18:33.590+1200,148,2012,206,4,water_flux_fold_complete,ok,29382
2026-08-31T11:18:33.590+1200,148,2012,206,4,water_potential_unfold_complete,ok,29382
2026-08-31T11:18:33.717+1200,148,2012,206,4,carbon_complete,ok,29509
2026-08-31T11:18:33.718+1200,148,2012,206,4,output_complete,ok,29510
2026-08-31T11:18:33.718+1200,148,2012,206,4,step_complete,ok,29510
2026-08-31T11:18:33.718+1200,149,2012,206,4,step_start,started,29510
2026-08-31T11:18:33.719+1200,149,2012,206,5,water_start,started,29511
2026-08-31T11:18:33.719+1200,149,2012,206,5,water_topology_complete,ok,29511
2026-08-31T11:18:33.719+1200,149,2012,206,5,water_flux_fold_complete,ok,29511
2026-08-31T11:18:33.719+1200,149,2012,206,5,water_potential_unfold_complete,ok,29511
2026-08-31T11:18:33.813+1200,149,2012,206,5,carbon_complete,ok,29605
2026-08-31T11:18:33.814+1200,149,2012,206,5,output_complete,ok,29606
2026-08-31T11:18:33.815+1200,149,2012,206,5,step_complete,ok,29607
2026-08-31T11:18:33.815+1200,150,2012,206,5,step_start,started,29607
2026-08-31T11:18:33.815+1200,150,2012,206,6,water_start,started,29607
2026-08-31T11:18:33.815+1200,150,2012,206,6,water_topology_complete,ok,29607
2026-08-31T11:18:33.815+1200,150,2012,206,6,water_flux_fold_complete,ok,29607
2026-08-31T11:18:33.815+1200,150,2012,206,6,water_potential_unfold_complete,ok,29607
2026-08-31T11:18:33.909+1200,150,2012,206,6,carbon_complete,ok,29701
2026-08-31T11:18:34.028+1200,150,2012,206,6,output_complete,ok,29820
2026-08-31T11:18:34.028+1200,150,2012,206,6,step_complete,ok,29820
2026-08-31T11:18:34.028+1200,151,2012,206,6,step_start,started,29820
2026-08-31T11:18:34.030+1200,151,2012,206,7,water_start,started,29822
2026-08-31T11:18:34.030+1200,151,2012,206,7,water_topology_complete,ok,29822
2026-08-31T11:18:34.030+1200,151,2012,206,7,water_flux_fold_complete,ok,29822
2026-08-31T11:18:34.030+1200,151,2012,206,7,water_potential_unfold_complete,ok,29822
2026-08-31T11:18:34.126+1200,151,2012,206,7,carbon_complete,ok,29918
2026-08-31T11:18:34.127+1200,151,2012,206,7,output_complete,ok,29919
2026-08-31T11:18:34.128+1200,151,2012,206,7,step_complete,ok,29920
2026-08-31T11:18:34.128+1200,152,2012,206,7,step_start,started,29920
2026-08-31T11:18:34.326+1200,152,2012,206,8,water_start,started,30118
2026-08-31T11:18:34.327+1200,152,2012,206,8,water_topology_complete,ok,30119
2026-08-31T11:18:34.327+1200,152,2012,206,8,water_flux_fold_complete,ok,30119
2026-08-31T11:18:34.327+1200,152,2012,206,8,water_potential_unfold_complete,ok,30119
2026-08-31T11:18:34.421+1200,152,2012,206,8,carbon_complete,ok,30213
2026-08-31T11:18:34.423+1200,152,2012,206,8,output_complete,ok,30215
2026-08-31T11:18:34.423+1200,152,2012,206,8,step_complete,ok,30215
2026-08-31T11:18:34.423+1200,153,2012,206,8,step_start,started,30215
2026-08-31T11:18:34.635+1200,153,2012,206,9,water_start,started,30427
2026-08-31T11:18:34.635+1200,153,2012,206,9,water_topology_complete,ok,30427
2026-08-31T11:18:34.635+1200,153,2012,206,9,water_flux_fold_complete,ok,30427
2026-08-31T11:18:34.635+1200,153,2012,206,9,water_potential_unfold_complete,ok,30427
2026-08-31T11:18:34.728+1200,153,2012,206,9,carbon_complete,ok,30520
2026-08-31T11:18:34.729+1200,153,2012,206,9,output_complete,ok,30521
2026-08-31T11:18:34.730+1200,153,2012,206,9,step_complete,ok,30522
2026-08-31T11:18:34.730+1200,154,2012,206,9,step_start,started,30522
2026-08-31T11:18:34.934+1200,154,2012,206,10,water_start,started,30726
2026-08-31T11:18:34.934+1200,154,2012,206,10,water_topology_complete,ok,30726
2026-08-31T11:18:34.934+1200,154,2012,206,10,water_flux_fold_complete,ok,30726
2026-08-31T11:18:34.934+1200,154,2012,206,10,water_potential_unfold_complete,ok,30726
2026-08-31T11:18:35.028+1200,154,2012,206,10,carbon_complete,ok,30820
2026-08-31T11:18:35.029+1200,154,2012,206,10,output_complete,ok,30821
2026-08-31T11:18:35.029+1200,154,2012,206,10,step_complete,ok,30821
2026-08-31T11:18:35.029+1200,155,2012,206,10,step_start,started,30821
2026-08-31T11:18:35.305+1200,155,2012,206,11,water_start,started,31097
2026-08-31T11:18:35.306+1200,155,2012,206,11,water_topology_complete,ok,31098
2026-08-31T11:18:35.306+1200,155,2012,206,11,water_flux_fold_complete,ok,31098
2026-08-31T11:18:35.306+1200,155,2012,206,11,water_potential_unfold_complete,ok,31098
2026-08-31T11:18:35.399+1200,155,2012,206,11,carbon_complete,ok,31191
2026-08-31T11:18:35.400+1200,155,2012,206,11,output_complete,ok,31192
2026-08-31T11:18:35.401+1200,155,2012,206,11,step_complete,ok,31193
2026-08-31T11:18:35.401+1200,156,2012,206,11,step_start,started,31193
2026-08-31T11:18:35.632+1200,156,2012,206,12,water_start,started,31424
2026-08-31T11:18:35.632+1200,156,2012,206,12,water_topology_complete,ok,31424
2026-08-31T11:18:35.632+1200,156,2012,206,12,water_flux_fold_complete,ok,31424
2026-08-31T11:18:35.632+1200,156,2012,206,12,water_potential_unfold_complete,ok,31424
2026-08-31T11:18:35.764+1200,156,2012,206,12,carbon_complete,ok,31556
2026-08-31T11:18:35.765+1200,156,2012,206,12,output_complete,ok,31557
2026-08-31T11:18:35.765+1200,156,2012,206,12,step_complete,ok,31557
2026-08-31T11:18:35.766+1200,157,2012,206,12,step_start,started,31558
2026-08-31T11:18:35.992+1200,157,2012,206,13,water_start,started,31784
2026-08-31T11:18:35.992+1200,157,2012,206,13,water_topology_complete,ok,31784
2026-08-31T11:18:35.992+1200,157,2012,206,13,water_flux_fold_complete,ok,31784
2026-08-31T11:18:35.992+1200,157,2012,206,13,water_potential_unfold_complete,ok,31784
2026-08-31T11:18:36.127+1200,157,2012,206,13,carbon_complete,ok,31919
2026-08-31T11:18:36.128+1200,157,2012,206,13,output_complete,ok,31920
2026-08-31T11:18:36.128+1200,157,2012,206,13,step_complete,ok,31920
2026-08-31T11:18:36.128+1200,158,2012,206,13,step_start,started,31920
2026-08-31T11:18:36.347+1200,158,2012,206,14,water_start,started,32139
2026-08-31T11:18:36.347+1200,158,2012,206,14,water_topology_complete,ok,32139
2026-08-31T11:18:36.347+1200,158,2012,206,14,water_flux_fold_complete,ok,32139
2026-08-31T11:18:36.347+1200,158,2012,206,14,water_potential_unfold_complete,ok,32139
2026-08-31T11:18:36.442+1200,158,2012,206,14,carbon_complete,ok,32234
2026-08-31T11:18:36.443+1200,158,2012,206,14,output_complete,ok,32235
2026-08-31T11:18:36.443+1200,158,2012,206,14,step_complete,ok,32235
2026-08-31T11:18:36.443+1200,159,2012,206,14,step_start,started,32235
2026-08-31T11:18:36.672+1200,159,2012,206,15,water_start,started,32464
2026-08-31T11:18:36.672+1200,159,2012,206,15,water_topology_complete,ok,32464
2026-08-31T11:18:36.672+1200,159,2012,206,15,water_flux_fold_complete,ok,32464
2026-08-31T11:18:36.672+1200,159,2012,206,15,water_potential_unfold_complete,ok,32464
2026-08-31T11:18:36.843+1200,159,2012,206,15,carbon_complete,ok,32635
2026-08-31T11:18:36.844+1200,159,2012,206,15,output_complete,ok,32636
2026-08-31T11:18:36.845+1200,159,2012,206,15,step_complete,ok,32637
2026-08-31T11:18:36.845+1200,160,2012,206,15,step_start,started,32637
2026-08-31T11:18:37.179+1200,160,2012,206,16,water_start,started,32971
2026-08-31T11:18:37.179+1200,160,2012,206,16,water_topology_complete,ok,32971
2026-08-31T11:18:37.179+1200,160,2012,206,16,water_flux_fold_complete,ok,32971
2026-08-31T11:18:37.180+1200,160,2012,206,16,water_potential_unfold_complete,ok,32972
2026-08-31T11:18:37.283+1200,160,2012,206,16,carbon_complete,ok,33075
2026-08-31T11:18:37.378+1200,160,2012,206,16,output_complete,ok,33170
2026-08-31T11:18:37.378+1200,160,2012,206,16,step_complete,ok,33170
2026-08-31T11:18:37.378+1200,161,2012,206,16,step_start,started,33170
2026-08-31T11:18:37.655+1200,161,2012,206,17,water_start,started,33447
2026-08-31T11:18:37.655+1200,161,2012,206,17,water_topology_complete,ok,33447
2026-08-31T11:18:37.655+1200,161,2012,206,17,water_flux_fold_complete,ok,33447
2026-08-31T11:18:37.655+1200,161,2012,206,17,water_potential_unfold_complete,ok,33447
2026-08-31T11:18:37.752+1200,161,2012,206,17,carbon_complete,ok,33544
2026-08-31T11:18:37.752+1200,161,2012,206,17,output_complete,ok,33544
2026-08-31T11:18:37.753+1200,161,2012,206,17,step_complete,ok,33545
2026-08-31T11:18:37.753+1200,162,2012,206,17,step_start,started,33545
2026-08-31T11:18:38.055+1200,162,2012,206,18,water_start,started,33847
2026-08-31T11:18:38.055+1200,162,2012,206,18,water_topology_complete,ok,33847
2026-08-31T11:18:38.055+1200,162,2012,206,18,water_flux_fold_complete,ok,33847
2026-08-31T11:18:38.055+1200,162,2012,206,18,water_potential_unfold_complete,ok,33847
2026-08-31T11:18:38.151+1200,162,2012,206,18,carbon_complete,ok,33943
2026-08-31T11:18:38.151+1200,162,2012,206,18,output_complete,ok,33943
2026-08-31T11:18:38.152+1200,162,2012,206,18,step_complete,ok,33944
2026-08-31T11:18:38.152+1200,163,2012,206,18,step_start,started,33944
2026-08-31T11:18:38.403+1200,163,2012,206,19,water_start,started,34195
2026-08-31T11:18:38.403+1200,163,2012,206,19,water_topology_complete,ok,34195
2026-08-31T11:18:38.403+1200,163,2012,206,19,water_flux_fold_complete,ok,34195
2026-08-31T11:18:38.404+1200,163,2012,206,19,water_potential_unfold_complete,ok,34196
2026-08-31T11:18:38.497+1200,163,2012,206,19,carbon_complete,ok,34289
2026-08-31T11:18:38.499+1200,163,2012,206,19,output_complete,ok,34291
2026-08-31T11:18:38.499+1200,163,2012,206,19,step_complete,ok,34291
2026-08-31T11:18:38.499+1200,164,2012,206,19,step_start,started,34291
2026-08-31T11:18:38.500+1200,164,2012,206,20,water_start,started,34292
2026-08-31T11:18:38.500+1200,164,2012,206,20,water_topology_complete,ok,34292
2026-08-31T11:18:38.500+1200,164,2012,206,20,water_flux_fold_complete,ok,34292
2026-08-31T11:18:38.500+1200,164,2012,206,20,water_potential_unfold_complete,ok,34292
2026-08-31T11:18:38.593+1200,164,2012,206,20,carbon_complete,ok,34385
2026-08-31T11:18:38.595+1200,164,2012,206,20,output_complete,ok,34387
2026-08-31T11:18:38.595+1200,164,2012,206,20,step_complete,ok,34387
2026-08-31T11:18:38.595+1200,165,2012,206,20,step_start,started,34387
2026-08-31T11:18:38.596+1200,165,2012,206,21,water_start,started,34388
2026-08-31T11:18:38.596+1200,165,2012,206,21,water_topology_complete,ok,34388
2026-08-31T11:18:38.596+1200,165,2012,206,21,water_flux_fold_complete,ok,34388
2026-08-31T11:18:38.596+1200,165,2012,206,21,water_potential_unfold_complete,ok,34388
2026-08-31T11:18:38.726+1200,165,2012,206,21,carbon_complete,ok,34518
2026-08-31T11:18:38.727+1200,165,2012,206,21,output_complete,ok,34519
2026-08-31T11:18:38.727+1200,165,2012,206,21,step_complete,ok,34519
2026-08-31T11:18:38.727+1200,166,2012,206,21,step_start,started,34519
2026-08-31T11:18:38.727+1200,166,2012,206,22,water_start,started,34519
2026-08-31T11:18:38.728+1200,166,2012,206,22,water_topology_complete,ok,34520
2026-08-31T11:18:38.728+1200,166,2012,206,22,water_flux_fold_complete,ok,34520
2026-08-31T11:18:38.728+1200,166,2012,206,22,water_potential_unfold_complete,ok,34520
2026-08-31T11:18:38.823+1200,166,2012,206,22,carbon_complete,ok,34615
2026-08-31T11:18:38.824+1200,166,2012,206,22,output_complete,ok,34616
2026-08-31T11:18:38.824+1200,166,2012,206,22,step_complete,ok,34616
2026-08-31T11:18:38.824+1200,167,2012,206,22,step_start,started,34616
2026-08-31T11:18:38.825+1200,167,2012,206,23,water_start,started,34617
2026-08-31T11:18:38.825+1200,167,2012,206,23,water_topology_complete,ok,34617
2026-08-31T11:18:38.825+1200,167,2012,206,23,water_flux_fold_complete,ok,34617
2026-08-31T11:18:38.825+1200,167,2012,206,23,water_potential_unfold_complete,ok,34617
2026-08-31T11:18:38.919+1200,167,2012,206,23,carbon_complete,ok,34711
2026-08-31T11:18:38.920+1200,167,2012,206,23,output_complete,ok,34712
2026-08-31T11:18:38.920+1200,167,2012,206,23,step_complete,ok,34712
2026-08-31T11:18:38.920+1200,168,2012,206,23,step_start,started,34712
2026-08-31T11:18:38.921+1200,168,2012,207,0,water_start,started,34713
2026-08-31T11:18:38.921+1200,168,2012,207,0,water_topology_complete,ok,34713
2026-08-31T11:18:38.921+1200,168,2012,207,0,water_flux_fold_complete,ok,34713
2026-08-31T11:18:38.921+1200,168,2012,207,0,water_potential_unfold_complete,ok,34713
2026-08-31T11:18:39.014+1200,168,2012,207,0,carbon_complete,ok,34806
2026-08-31T11:18:39.015+1200,168,2012,207,0,output_complete,ok,34807
2026-08-31T11:18:39.016+1200,168,2012,207,0,step_complete,ok,34808
2026-08-31T11:18:39.016+1200,169,2012,207,0,step_start,started,34808
2026-08-31T11:18:39.016+1200,169,2012,207,1,water_start,started,34808
2026-08-31T11:18:39.016+1200,169,2012,207,1,water_topology_complete,ok,34808
2026-08-31T11:18:39.016+1200,169,2012,207,1,water_flux_fold_complete,ok,34808
2026-08-31T11:18:39.016+1200,169,2012,207,1,water_potential_unfold_complete,ok,34808
2026-08-31T11:18:39.112+1200,169,2012,207,1,carbon_complete,ok,34904
2026-08-31T11:18:39.113+1200,169,2012,207,1,output_complete,ok,34905
2026-08-31T11:18:39.113+1200,169,2012,207,1,step_complete,ok,34905
2026-08-31T11:18:39.113+1200,170,2012,207,1,step_start,started,34905
2026-08-31T11:18:39.113+1200,170,2012,207,2,water_start,started,34905
2026-08-31T11:18:39.113+1200,170,2012,207,2,water_topology_complete,ok,34905
2026-08-31T11:18:39.113+1200,170,2012,207,2,water_flux_fold_complete,ok,34905
2026-08-31T11:18:39.114+1200,170,2012,207,2,water_potential_unfold_complete,ok,34906
2026-08-31T11:18:39.207+1200,170,2012,207,2,carbon_complete,ok,34999
2026-08-31T11:18:39.318+1200,170,2012,207,2,output_complete,ok,35110
2026-08-31T11:18:39.318+1200,170,2012,207,2,step_complete,ok,35110
2026-08-31T11:18:39.319+1200,171,2012,207,2,step_start,started,35111
2026-08-31T11:18:39.319+1200,171,2012,207,3,water_start,started,35111
2026-08-31T11:18:39.319+1200,171,2012,207,3,water_topology_complete,ok,35111
2026-08-31T11:18:39.319+1200,171,2012,207,3,water_flux_fold_complete,ok,35111
2026-08-31T11:18:39.319+1200,171,2012,207,3,water_potential_unfold_complete,ok,35111
2026-08-31T11:18:39.413+1200,171,2012,207,3,carbon_complete,ok,35205
2026-08-31T11:18:39.413+1200,171,2012,207,3,output_complete,ok,35205
2026-08-31T11:18:39.414+1200,171,2012,207,3,step_complete,ok,35206
2026-08-31T11:18:39.414+1200,172,2012,207,3,step_start,started,35206
2026-08-31T11:18:39.414+1200,172,2012,207,4,water_start,started,35206
2026-08-31T11:18:39.414+1200,172,2012,207,4,water_topology_complete,ok,35206
2026-08-31T11:18:39.414+1200,172,2012,207,4,water_flux_fold_complete,ok,35206
2026-08-31T11:18:39.414+1200,172,2012,207,4,water_potential_unfold_complete,ok,35206
2026-08-31T11:18:39.507+1200,172,2012,207,4,carbon_complete,ok,35299
2026-08-31T11:18:39.508+1200,172,2012,207,4,output_complete,ok,35300
2026-08-31T11:18:39.508+1200,172,2012,207,4,step_complete,ok,35300
2026-08-31T11:18:39.508+1200,173,2012,207,4,step_start,started,35300
2026-08-31T11:18:39.508+1200,173,2012,207,5,water_start,started,35300
2026-08-31T11:18:39.508+1200,173,2012,207,5,water_topology_complete,ok,35300
2026-08-31T11:18:39.509+1200,173,2012,207,5,water_flux_fold_complete,ok,35301
2026-08-31T11:18:39.509+1200,173,2012,207,5,water_potential_unfold_complete,ok,35301
2026-08-31T11:18:39.601+1200,173,2012,207,5,carbon_complete,ok,35393
2026-08-31T11:18:39.603+1200,173,2012,207,5,output_complete,ok,35395
2026-08-31T11:18:39.603+1200,173,2012,207,5,step_complete,ok,35395
2026-08-31T11:18:39.603+1200,174,2012,207,5,step_start,started,35395
2026-08-31T11:18:39.603+1200,174,2012,207,6,water_start,started,35395
2026-08-31T11:18:39.604+1200,174,2012,207,6,water_topology_complete,ok,35396
2026-08-31T11:18:39.604+1200,174,2012,207,6,water_flux_fold_complete,ok,35396
2026-08-31T11:18:39.604+1200,174,2012,207,6,water_potential_unfold_complete,ok,35396
2026-08-31T11:18:39.696+1200,174,2012,207,6,carbon_complete,ok,35488
2026-08-31T11:18:39.697+1200,174,2012,207,6,output_complete,ok,35489
2026-08-31T11:18:39.697+1200,174,2012,207,6,step_complete,ok,35489
2026-08-31T11:18:39.697+1200,175,2012,207,6,step_start,started,35489
2026-08-31T11:18:39.898+1200,175,2012,207,7,water_start,started,35690
2026-08-31T11:18:39.898+1200,175,2012,207,7,water_topology_complete,ok,35690
2026-08-31T11:18:39.898+1200,175,2012,207,7,water_flux_fold_complete,ok,35690
2026-08-31T11:18:39.898+1200,175,2012,207,7,water_potential_unfold_complete,ok,35690
2026-08-31T11:18:39.989+1200,175,2012,207,7,carbon_complete,ok,35781
2026-08-31T11:18:39.990+1200,175,2012,207,7,output_complete,ok,35782
2026-08-31T11:18:39.990+1200,175,2012,207,7,step_complete,ok,35782
2026-08-31T11:18:39.990+1200,176,2012,207,7,step_start,started,35782
2026-08-31T11:18:40.196+1200,176,2012,207,8,water_start,started,35988
2026-08-31T11:18:40.197+1200,176,2012,207,8,water_topology_complete,ok,35989
2026-08-31T11:18:40.197+1200,176,2012,207,8,water_flux_fold_complete,ok,35989
2026-08-31T11:18:40.197+1200,176,2012,207,8,water_potential_unfold_complete,ok,35989
2026-08-31T11:18:40.288+1200,176,2012,207,8,carbon_complete,ok,36080
2026-08-31T11:18:40.289+1200,176,2012,207,8,output_complete,ok,36081
2026-08-31T11:18:40.290+1200,176,2012,207,8,step_complete,ok,36082
2026-08-31T11:18:40.290+1200,177,2012,207,8,step_start,started,36082
2026-08-31T11:18:40.499+1200,177,2012,207,9,water_start,started,36291
2026-08-31T11:18:40.499+1200,177,2012,207,9,water_topology_complete,ok,36291
2026-08-31T11:18:40.500+1200,177,2012,207,9,water_flux_fold_complete,ok,36292
2026-08-31T11:18:40.500+1200,177,2012,207,9,water_potential_unfold_complete,ok,36292
2026-08-31T11:18:40.592+1200,177,2012,207,9,carbon_complete,ok,36384
2026-08-31T11:18:40.593+1200,177,2012,207,9,output_complete,ok,36385
2026-08-31T11:18:40.593+1200,177,2012,207,9,step_complete,ok,36385
2026-08-31T11:18:40.593+1200,178,2012,207,9,step_start,started,36385
2026-08-31T11:18:40.801+1200,178,2012,207,10,water_start,started,36593
2026-08-31T11:18:40.801+1200,178,2012,207,10,water_topology_complete,ok,36593
2026-08-31T11:18:40.801+1200,178,2012,207,10,water_flux_fold_complete,ok,36593
2026-08-31T11:18:40.801+1200,178,2012,207,10,water_potential_unfold_complete,ok,36593
2026-08-31T11:18:40.894+1200,178,2012,207,10,carbon_complete,ok,36686
2026-08-31T11:18:40.895+1200,178,2012,207,10,output_complete,ok,36687
2026-08-31T11:18:40.895+1200,178,2012,207,10,step_complete,ok,36687
2026-08-31T11:18:40.895+1200,179,2012,207,10,step_start,started,36687
2026-08-31T11:18:41.106+1200,179,2012,207,11,water_start,started,36898
2026-08-31T11:18:41.106+1200,179,2012,207,11,water_topology_complete,ok,36898
2026-08-31T11:18:41.106+1200,179,2012,207,11,water_flux_fold_complete,ok,36898
2026-08-31T11:18:41.106+1200,179,2012,207,11,water_potential_unfold_complete,ok,36898
2026-08-31T11:18:41.202+1200,179,2012,207,11,carbon_complete,ok,36994
2026-08-31T11:18:41.204+1200,179,2012,207,11,output_complete,ok,36996
2026-08-31T11:18:41.204+1200,179,2012,207,11,step_complete,ok,36996
2026-08-31T11:18:41.204+1200,180,2012,207,11,step_start,started,36996
2026-08-31T11:18:41.462+1200,180,2012,207,12,water_start,started,37254
2026-08-31T11:18:41.462+1200,180,2012,207,12,water_topology_complete,ok,37254
2026-08-31T11:18:41.462+1200,180,2012,207,12,water_flux_fold_complete,ok,37254
2026-08-31T11:18:41.462+1200,180,2012,207,12,water_potential_unfold_complete,ok,37254
2026-08-31T11:18:41.559+1200,180,2012,207,12,carbon_complete,ok,37351
2026-08-31T11:18:41.679+1200,180,2012,207,12,output_complete,ok,37471
2026-08-31T11:18:41.680+1200,180,2012,207,12,step_complete,ok,37472
2026-08-31T11:18:41.680+1200,181,2012,207,12,step_start,started,37472
2026-08-31T11:18:41.895+1200,181,2012,207,13,water_start,started,37687
2026-08-31T11:18:41.895+1200,181,2012,207,13,water_topology_complete,ok,37687
2026-08-31T11:18:41.895+1200,181,2012,207,13,water_flux_fold_complete,ok,37687
2026-08-31T11:18:41.895+1200,181,2012,207,13,water_potential_unfold_complete,ok,37687
2026-08-31T11:18:42.024+1200,181,2012,207,13,carbon_complete,ok,37816
2026-08-31T11:18:42.025+1200,181,2012,207,13,output_complete,ok,37817
2026-08-31T11:18:42.025+1200,181,2012,207,13,step_complete,ok,37817
2026-08-31T11:18:42.025+1200,182,2012,207,13,step_start,started,37817
2026-08-31T11:18:42.281+1200,182,2012,207,14,water_start,started,38073
2026-08-31T11:18:42.281+1200,182,2012,207,14,water_topology_complete,ok,38073
2026-08-31T11:18:42.281+1200,182,2012,207,14,water_flux_fold_complete,ok,38073
2026-08-31T11:18:42.281+1200,182,2012,207,14,water_potential_unfold_complete,ok,38073
2026-08-31T11:18:42.410+1200,182,2012,207,14,carbon_complete,ok,38202
2026-08-31T11:18:42.411+1200,182,2012,207,14,output_complete,ok,38203
2026-08-31T11:18:42.411+1200,182,2012,207,14,step_complete,ok,38203
2026-08-31T11:18:42.411+1200,183,2012,207,14,step_start,started,38203
2026-08-31T11:18:42.685+1200,183,2012,207,15,water_start,started,38477
2026-08-31T11:18:42.685+1200,183,2012,207,15,water_topology_complete,ok,38477
2026-08-31T11:18:42.685+1200,183,2012,207,15,water_flux_fold_complete,ok,38477
2026-08-31T11:18:42.685+1200,183,2012,207,15,water_potential_unfold_complete,ok,38477
2026-08-31T11:18:42.809+1200,183,2012,207,15,carbon_complete,ok,38601
2026-08-31T11:18:42.810+1200,183,2012,207,15,output_complete,ok,38602
2026-08-31T11:18:42.811+1200,183,2012,207,15,step_complete,ok,38603
2026-08-31T11:18:42.811+1200,184,2012,207,15,step_start,started,38603
2026-08-31T11:18:43.083+1200,184,2012,207,16,water_start,started,38875
2026-08-31T11:18:43.083+1200,184,2012,207,16,water_topology_complete,ok,38875
2026-08-31T11:18:43.083+1200,184,2012,207,16,water_flux_fold_complete,ok,38875
2026-08-31T11:18:43.083+1200,184,2012,207,16,water_potential_unfold_complete,ok,38875
2026-08-31T11:18:43.193+1200,184,2012,207,16,carbon_complete,ok,38985
2026-08-31T11:18:43.194+1200,184,2012,207,16,output_complete,ok,38986
2026-08-31T11:18:43.194+1200,184,2012,207,16,step_complete,ok,38986
2026-08-31T11:18:43.194+1200,185,2012,207,16,step_start,started,38986
2026-08-31T11:18:43.404+1200,185,2012,207,17,water_start,started,39196
2026-08-31T11:18:43.404+1200,185,2012,207,17,water_topology_complete,ok,39196
2026-08-31T11:18:43.404+1200,185,2012,207,17,water_flux_fold_complete,ok,39196
2026-08-31T11:18:43.404+1200,185,2012,207,17,water_potential_unfold_complete,ok,39196
2026-08-31T11:18:43.535+1200,185,2012,207,17,carbon_complete,ok,39327
2026-08-31T11:18:43.536+1200,185,2012,207,17,output_complete,ok,39328
2026-08-31T11:18:43.536+1200,185,2012,207,17,step_complete,ok,39328
2026-08-31T11:18:43.536+1200,186,2012,207,17,step_start,started,39328
2026-08-31T11:18:43.760+1200,186,2012,207,18,water_start,started,39552
2026-08-31T11:18:43.760+1200,186,2012,207,18,water_topology_complete,ok,39552
2026-08-31T11:18:43.760+1200,186,2012,207,18,water_flux_fold_complete,ok,39552
2026-08-31T11:18:43.760+1200,186,2012,207,18,water_potential_unfold_complete,ok,39552
2026-08-31T11:18:43.856+1200,186,2012,207,18,carbon_complete,ok,39648
2026-08-31T11:18:43.858+1200,186,2012,207,18,output_complete,ok,39650
2026-08-31T11:18:43.858+1200,186,2012,207,18,step_complete,ok,39650
2026-08-31T11:18:43.858+1200,187,2012,207,18,step_start,started,39650
2026-08-31T11:18:44.107+1200,187,2012,207,19,water_start,started,39899
2026-08-31T11:18:44.108+1200,187,2012,207,19,water_topology_complete,ok,39900
2026-08-31T11:18:44.108+1200,187,2012,207,19,water_flux_fold_complete,ok,39900
2026-08-31T11:18:44.108+1200,187,2012,207,19,water_potential_unfold_complete,ok,39900
2026-08-31T11:18:44.203+1200,187,2012,207,19,carbon_complete,ok,39995
2026-08-31T11:18:44.204+1200,187,2012,207,19,output_complete,ok,39996
2026-08-31T11:18:44.205+1200,187,2012,207,19,step_complete,ok,39997
2026-08-31T11:18:44.205+1200,188,2012,207,19,step_start,started,39997
2026-08-31T11:18:44.462+1200,188,2012,207,20,water_start,started,40254
2026-08-31T11:18:44.462+1200,188,2012,207,20,water_topology_complete,ok,40254
2026-08-31T11:18:44.462+1200,188,2012,207,20,water_flux_fold_complete,ok,40254
2026-08-31T11:18:44.462+1200,188,2012,207,20,water_potential_unfold_complete,ok,40254
2026-08-31T11:18:44.556+1200,188,2012,207,20,carbon_complete,ok,40348
2026-08-31T11:18:44.557+1200,188,2012,207,20,output_complete,ok,40349
2026-08-31T11:18:44.558+1200,188,2012,207,20,step_complete,ok,40350
2026-08-31T11:18:44.558+1200,189,2012,207,20,step_start,started,40350
2026-08-31T11:18:44.558+1200,189,2012,207,21,water_start,started,40350
2026-08-31T11:18:44.558+1200,189,2012,207,21,water_topology_complete,ok,40350
2026-08-31T11:18:44.558+1200,189,2012,207,21,water_flux_fold_complete,ok,40350
2026-08-31T11:18:44.558+1200,189,2012,207,21,water_potential_unfold_complete,ok,40350
2026-08-31T11:18:44.654+1200,189,2012,207,21,carbon_complete,ok,40446
2026-08-31T11:18:44.658+1200,189,2012,207,21,output_complete,ok,40450
2026-08-31T11:18:44.659+1200,189,2012,207,21,step_complete,ok,40451
2026-08-31T11:18:44.659+1200,190,2012,207,21,step_start,started,40451
2026-08-31T11:18:44.660+1200,190,2012,207,22,water_start,started,40452
2026-08-31T11:18:44.660+1200,190,2012,207,22,water_topology_complete,ok,40452
2026-08-31T11:18:44.660+1200,190,2012,207,22,water_flux_fold_complete,ok,40452
2026-08-31T11:18:44.660+1200,190,2012,207,22,water_potential_unfold_complete,ok,40452
2026-08-31T11:18:44.760+1200,190,2012,207,22,carbon_complete,ok,40552
2026-08-31T11:18:44.847+1200,190,2012,207,22,output_complete,ok,40639
2026-08-31T11:18:44.847+1200,190,2012,207,22,step_complete,ok,40639
2026-08-31T11:18:44.847+1200,191,2012,207,22,step_start,started,40639
2026-08-31T11:18:44.848+1200,191,2012,207,23,water_start,started,40640
2026-08-31T11:18:44.848+1200,191,2012,207,23,water_topology_complete,ok,40640
2026-08-31T11:18:44.848+1200,191,2012,207,23,water_flux_fold_complete,ok,40640
2026-08-31T11:18:44.848+1200,191,2012,207,23,water_potential_unfold_complete,ok,40640
2026-08-31T11:18:44.944+1200,191,2012,207,23,carbon_complete,ok,40736
2026-08-31T11:18:44.945+1200,191,2012,207,23,output_complete,ok,40737
2026-08-31T11:18:44.945+1200,191,2012,207,23,step_complete,ok,40737
