uuid,biomassPlant,biomassPlant_final,biomassFruit,biomassFruit_final,biomassInternode,biomassInternode_final,internodeNSC,internodeNSC_final,fraction_fruitUnloading,fraction_structuralRootUnloading,fraction_internodeUnloading,phloemSugarConcentration,harvest_index,meanFruitDW,meanFruitSc,Ta,cca,totalFruitNumber,incomingRadiation,leafArea,Tmax,Tmin,ENDING_LEAF_NUMBER,vineType
007caab8-346c-442d-a17d-0ee97cd578f4,67.53964933981223,42091.448408767545,57.3273054957072,10942.193819270231,97.89107876764568,23146.112840844096,5.4518174180940004,525.7273204042708,0.19198472029587543,0.010271330682912458,0.48198390507817757,0.015166984642201703,0.2599654689778861,156.31705374999999,0.12428869741666666,22.517348022727273,900.0,70.0,407.27588383838383,0.10036192065991252,30.0,15.0,6.0,spur
00a70f8c-639a-4808-97c3-c6d89362c973,116.79753866134494,81491.56654123405,62.07327245701254,17495.65033743448,259.11952611817173,46871.362196787544,95.41197742722586,1048.292595600408,0.23808230047122267,0.004807342954861111,0.4906241748994635,0.01778376458943902,0.21469850984060104,159.05136916666666,0.12706665083333332,22.517348022727273,400.0,110.0,271.51725589225595,0.2509799004147781,30.0,15.0,12.0,spur
00d491ae-5d5f-4945-871c-81deec98ff49,71.68208342870041,45804.81189230036,58.234449382248,14061.056866588571,107.04011588838365,24067.581764483595,11.586589925991934,544.974656118564,0.2391509477465278,0.010025963392308502,0.4693353070450336,0.01570170829152301,0.3069811850098509,156.23396791666667,0.12422133683333332,22.517348022727273,400.0,90.0,814.5517676767677,0.10036192065991252,30.0,15.0,6.0,spur
00e434a3-81f0-4b02-9f29-fe20d2880bdf,75.14625612458336,40402.348552715215,59.22637921408311,7909.937347844698,110.35939224398984,24617.129116340348,12.85479356603743,557.6649908047153,0.12208463690940656,0.011072318241256311,0.5131614258901513,0.015413850105567494,0.19578202327311453,158.19874666666666,0.12480245170833333,22.505782674242425,650.0,50.0,678.7931397306396,0.10036192065991252,25.0,20.0,6.0,spur
01550f82-5e19-42f7-b5d2-354aa7f11f4a,98.14351818914592,62734.40873461164,64.65317207460501,14718.510094676707,182.51196687199268,35219.575832077586,52.42189516997491,791.0112523921157,0.1867831250089436,0.006776062083922559,0.48539547411037465,0.018158684060836837,0.23462183794326752,163.53900124999998,0.13285473375,25.011565351010102,900.0,90.0,407.27588383838383,0.16982541343694404,30.0,20.0,9.0,spur
01b1dc4d-85a0-42ba-91e4-d4db91ad411c,71.96372693939031,45755.38908875344,55.897737534936645,13830.609095653579,109.264204970227,24311.078011716072,12.213647015509094,550.2730507795887,0.22803846203798406,0.010213205351988637,0.470337280958649,0.015376076972589072,0.30227626855736056,153.67343333333335,0.11903010441666667,20.0115655155724,400.0,90.0,814.5517676767677,0.10036192065991252,25.0,15.0,6.0,spur
01d66578-bf89-4d7f-83fd-ff57ab9f6a37,124.50984589937582,80300.48089013065,61.14945701882587,14262.919935448272,275.12750658117994,49188.04851053579,105.08257846741986,1098.7599786319415,0.1582220420605745,0.005125513399042509,0.5066721027538931,0.017413554248838534,0.17762499801144505,158.4768875,0.12510026025,22.505782674242425,400.0,90.0,271.51725589225595,0.2509799004147781,25.0,20.0,12.0,spur
0212c8b4-bc7a-4e34-8230-dca356abcb2c,102.55055446971402,59347.81532997164,62.38763570765439,11256.034179180288,189.53965455637692,36011.189940120654,56.836200078006335,809.306711340112,0.14156340558722644,0.007273852532880893,0.5056197742462121,0.01713819619312686,0.18966672296921674,160.80048916666667,0.12740331458333334,22.505782674242425,400.0,70.0,678.7931397306396,0.16982541343694404,25.0,20.0,9.0,spur
02869265-5d5c-457f-9acc-c4fe5ae4d6d5,123.90295046677326,85150.15377108361,68.49283343752496,18294.282330674727,269.0100392374491,48564.662578892545,100.63835430114645,1086.3996483621042,0.24465083279876904,0.0045767302941393095,0.48910196244085646,0.018999778926557173,0.2148531392254237,166.3116575,0.13431949458333334,22.517348022727273,1200.0,110.0,271.51725589225595,0.2509799004147781,30.0,15.0,12.0,spur
02c05ab7-a693-4ef8-b237-6bef7407e2e2,115.47262697296009,79808.38595940359,63.30331252674578,14604.803254250959,253.09667383026616,47021.34991346396,89.59448727956143,1050.7277602149932,0.18992684269057236,0.004762244939993687,0.49962340444065656,0.017725223698972673,0.18300366971588275,162.27559125000002,0.12750068666666667,20.0115655155724,900.0,90.0,678.7931397306396,0.2509799004147781,25.0,15.0,12.0,spur
031238a2-447c-407d-b36d-b8804e051796,42.69763568184503,30362.219086879122,52.91684951030919,10597.824934526208,41.45954924232389,15424.119544190922,-24.215632853513615,354.43508797993127,0.23752870698411194,0.01760425564225589,0.49266555883585855,0.013018631948284988,0.34904747742451686,151.3975,0.11676530433333333,20.0115655155724,1200.0,70.0,407.27588383838383,0.04796556947260091,25.0,15.0,3.0,spur
03282b60-2eb4-4f98-b312-0b8279244777,121.21964106137912,78199.4706422762,66.39395412860439,11593.054594357427,263.0503598788732,48456.615023050836,96.54270405526161,1082.989070616373,0.13474417597408464,0.005059741006912879,0.5115037663287563,0.018922866672761808,0.14825505149162124,165.61506583333332,0.13500232291666667,25.011565351010102,650.0,70.0,814.5517676767677,0.2509799004147781,30.0,20.0,12.0,spur
0369af9f-40ca-4436-b3de-2d24bcb7c930,73.29952909729377,43592.370991189506,57.848302291924625,10980.498722537353,110.57252020477308,24648.98930063374,12.76371446702088,557.4899007737513,0.16231155068323863,0.010495822176967593,0.4905793347285354,0.01539834164188797,0.2518938502607628,156.86426583333335,0.12347064141666668,22.505782674242425,900.0,70.0,678.7931397306396,0.10036192065991252,25.0,20.0,6.0,spur
0386e2f3-811e-4eda-ac68-4369feddfb73,105.69008686808613,56743.33470204117,63.90338903430737,8139.7287869372,189.46504363445925,36146.787344897006,55.94058771962251,811.8681090444621,0.10430753152818813,0.007400798309322391,0.5185976211211069,0.017444862953748187,0.1434521055897849,162.79457625,0.129371535,22.505782674242425,650.0,50.0,407.27588383838383,0.16982541343694404,25.0,20.0,9.0,spur
04b068f7-ff65-40b5-9a93-261e4d2ad3ee,72.19316963033684,39659.31928265407,59.05533034997376,7899.270431868424,104.03951836143561,23863.201477615326,8.359686375708357,540.5309670207308,0.13956042591771886,0.010957648508049242,0.5066268676345751,0.015358749159019885,0.19918075963988743,157.98540708333334,0.12327127854166665,20.0115655155724,650.0,50.0,814.5517676767677,0.10036192065991252,25.0,15.0,6.0,spur
059a2f2a-0a51-4b08-bcd5-ab7687319ae5,126.11550749393454,73912.00661657269,65.87377856247811,8233.782775641726,257.65909532199606,47549.009429972066,92.31188489889261,1063.1244499148418,0.10976976621447812,0.005149519271485691,0.5230195709627526,0.018044411312709986,0.11140345662042113,164.67565375,0.1298773425,20.0115655155724,900.0,50.0,407.27588383838383,0.2509799004147781,25.0,15.0,12.0,spur
059c8554-e975-436e-98f3-ce42455b16e2,118.52713227981586,78061.16672202577,60.51056612484837,14201.665730951943,258.08416999620783,46895.2603056728,93.339097513411,1048.5175421200784,0.18661463903622685,0.005019980197106482,0.5020624848311763,0.017238895486040642,0.18193519630788166,157.79628541666668,0.12310086791666668,20.0115655155724,400.0,90.0,271.51725589225595,0.2509799004147781,25.0,15.0,12.0,spur
05da60bf-917d-4e13-aa79-f7fb729a429f,68.73207194922016,45775.31306189438,56.07242152197841,13948.114217977673,103.63171644397778,23813.502717064726,8.23475650645428,539.4437887946843,0.22832787884690658,0.009819470732344276,0.4637148772861952,0.015158938217156557,0.304711666714733,154.97904875,0.120296503875,20.0115655155724,1200.0,90.0,678.7931397306396,0.10036192065991252,25.0,15.0,6.0,spur
060606df-c4d1-436d-a842-9daef301293e,72.17804463423644,42626.73385919326,59.18247233377938,11020.896009320297,105.41146460247165,23914.2183576915,10.417577152104524,541.6695805697334,0.19371476858769993,0.010542011209133,0.4881896231541456,0.01564839824143313,0.25854731719025087,157.44137333333333,0.12542962875,22.517348022727273,400.0,70.0,678.7931397306396,0.10036192065991252,30.0,15.0,6.0,spur
063362ed-bba0-42dc-b92d-1e65d1271b36,64.39676016609131,38311.061503758545,55.542426024414645,7743.287879975586,91.90590943356682,22496.56213034493,1.4623953297833452,510.45238728575174,0.14226344074363426,0.010801005306281565,0.5017024953068181,0.014625612690173357,0.20211888813993814,154.86575833333333,0.12283686129166667,22.517348022727273,1200.0,50.0,407.27588383838383,0.10036192065991252,30.0,15.0,6.0,spur
066655f0-8cae-43e3-a25f-5281a0a592b6,97.5466737948641,59068.41792532305,64.1266957555512,11431.414984326568,179.91488795029656,34985.128176057384,50.6036826949349,787.5795347228764,0.14872831994207697,0.007094774055986954,0.4994539597938763,0.017960794950594834,0.19353329414258424,163.30592875,0.13263133375,25.011565351010102,650.0,70.0,678.7931397306396,0.16982541343694404,30.0,20.0,9.0,spur
06806c5a-2ef0-4124-afbf-9f16118d23b7,121.80981057370468,81171.92725669248,65.46405541169614,14765.712370809522,262.83175348971184,48138.09601254526,95.44519036190002,1076.2123143453955,0.19107193437628364,0.0047416744788930975,0.49992885610111526,0.01818542598503042,0.18191199661636712,164.06347333333335,0.12926250125,20.0115655155724,1200.0,90.0,407.27588383838383,0.2509799004147781,25.0,15.0,12.0,spur
0721d805-cee0-4fc9-b2a0-043dc704dfc1,126.71690020840967,76376.55575568145,63.62194302662293,8152.343677110421,271.8782721914158,49854.273716091935,101.07698143486294,1114.331879017345,0.09232585192825127,0.005145543583186026,0.5247119831891836,0.018243169043025878,0.10674317747016997,163.04687458333333,0.12962053791666667,22.505782674242425,1200.0,50.0,814.5517676767677,0.2509799004147781,25.0,20.0,12.0,spur
07ad6eab-e59e-40bd-8462-3bba1f4ae900,113.37937140060237,83221.85944219354,63.108239875628136,17820.144300374115,255.01294916502033,47238.20198154965,90.78419780242534,1055.6629151628179,0.22911850389925295,0.004581901115183081,0.48947769068060815,0.017763839509805576,0.21413408624085728,162.00131166666668,0.12722724666666665,20.0115655155724,900.0,110.0,678.7931397306396,0.2509799004147781,25.0,15.0,12.0,spur
07e31964-d58f-4c91-8148-00ecdf5a78b6,46.508682568848144,33815.3429420862,52.222814506980896,13483.097268312633,47.82030484288803,16058.842250438662,-19.40031064231395,368.41454425917476,0.2538717313299663,0.017241957866792928,0.495827596265362,0.013512388210267283,0.3987285616872714,149.81219041666665,0.1164841645,22.505782674242425,650.0,90.0,407.27588383838383,0.04796556947260091,25.0,20.0,3.0,spur
081dbc67-cebd-4a88-a91d-f79d9434fed9,66.01937839712828,38679.872811561174,56.81071393831565,7806.42445891807,94.85963810403952,22840.714543674854,3.189217466938087,518.6517704212723,0.14289301445770203,0.010818160545107324,0.5030393817890362,0.014902153573867772,0.20182401466558764,156.12848958333333,0.12410778041666666,22.517348022727273,900.0,50.0,678.7931397306396,0.10036192065991252,30.0,15.0,6.0,spur
08225c4f-b853-4088-bb74-461f43b5e53b,71.73764145756105,49081.89628457342,57.46467777281195,17071.923816666495,110.21349660650934,24380.9519153618,14.947311350802828,552.1774414092689,0.24507633446369953,0.009899762608680557,0.45865002159795876,0.01582308773354539,0.34782917130243723,155.19930416666668,0.12444900283333334,25.011565351010102,400.0,110.0,407.27588383838383,0.10036192065991252,30.0,20.0,6.0,spur
086dcdac-c300-4b98-b6f7-b0fe3ff71252,93.31383878323518,57481.82965530793,62.37020767175439,11297.277286938966,167.19274986350513,33359.45143233815,42.45355507080152,750.4666031367502,0.17231306169607533,0.0069551232198337525,0.4955031838936764,0.017179542192073394,0.19654090610732358,161.38967499999998,0.12937278666666666,22.517348022727273,900.0,70.0,407.27588383838383,0.16982541343694404,30.0,15.0,9.0,spur
0883044c-f9e8-4bca-acc9-2695e724ddd8,44.87208196950013,27778.7816832503,56.92991764941853,7756.519817794113,45.43413240206713,15818.147385061597,-20.312697249880873,364.68714150910597,0.17754210912794613,0.018611883443939395,0.574519774712963,0.014002165663874439,0.27922586705656205,155.13039583333332,0.12439027933333334,25.011565351010102,400.0,50.0,814.5517676767677,0.04796556947260091,30.0,20.0,3.0,spur
08eb1b48-77d2-4574-9da5-b697bc571bf9,115.44132161403607,85154.53636504251,65.19815943749107,18085.239142975555,264.57330437344285,48653.9146509837,97.64346190590244,1088.531325960978,0.20422098241692974,0.004695728307523148,0.49025354456492004,0.018981600460851757,0.21238826778935135,164.41126666666665,0.1337578125,25.011565351010102,900.0,110.0,814.5517676767677,0.2509799004147781,30.0,20.0,12.0,spur
08ec4c69-06e9-4855-986d-4addd3b6fe63,98.64458858884088,57592.09222375583,61.049452430027806,11125.430569769856,178.3443503184795,34459.206814042474,49.42876280981162,774.6603015931906,0.16366222361253155,0.0072436987126473056,0.5014614847527358,0.016810386192531376,0.19318048078564823,158.93472208333333,0.12420609058333333,20.0115655155724,400.0,70.0,271.51725589225595,0.16982541343694404,25.0,15.0,9.0,spur
08f4c0a1-2a59-4023-b784-1be5d1c13b76,45.212160612606006,33516.759099534895,51.959202276441296,13455.38582305089,45.092664397224084,15771.5742242976,-21.733252695638665,362.0059078293823,0.2826612807421086,0.016947651739320287,0.46467904757428447,0.01349179086747938,0.40145374405646517,149.5042875,0.11490694583333333,20.0115655155724,900.0,90.0,271.51725589225595,0.04796556947260091,25.0,15.0,3.0,spur
092f8095-7af8-482d-bc95-7bd28740d7b0,44.69188056469186,33454.96038722637,52.290921009441774,13501.359327770746,43.73669275670407,15633.180900630266,-22.67186955592277,358.2872959133879,0.28258259515646045,0.016802241879103536,0.4607141736556187,0.013273853494682695,0.4035693552807558,150.01510541666667,0.11540313916666667,20.0115655155724,1200.0,90.0,271.51725589225595,0.04796556947260091,25.0,15.0,3.0,spur
093743b0-c462-411a-a92f-3ef76b44e54a,69.97698761429167,39362.730364831645,57.612431409596795,7837.9082990249235,101.10482364541942,23551.915963385658,6.491692079685859,533.5015276015068,0.13887377222548397,0.010897150255408248,0.5045651988704756,0.01506942423949478,0.19912259544849034,156.75816583333332,0.12205576566666666,20.0115655155724,900.0,50.0,678.7931397306396,0.10036192065991252,25.0,15.0,6.0,spur
0959a5e8-d355-4991-be92-05c03c0f9571,39.00730371695493,26940.84307965738,53.70070949606529,7633.264350373679,37.05670287953483,14965.40807481147,-26.65661523235641,344.81313304297873,0.18775385081534093,0.01810903737058081,0.5349595246502525,0.012652780126346696,0.28333508884221753,152.66528625,0.12063810054166667,22.517348022727273,900.0,50.0,407.27588383838383,0.04796556947260091,30.0,15.0,3.0,spur
09c26c72-cdf2-480c-aab2-d39966c6f23c,100.30616445196898,63471.24934461034,62.58862639794723,14529.52991666518,191.8424477923433,36430.08564750146,57.406843536366715,818.1488759140852,0.17764505891598273,0.006827733063226012,0.4896790923344908,0.017499306342302,0.2289205683913433,161.43922208333333,0.12802088791666666,22.505782674242425,650.0,90.0,814.5517676767677,0.16982541343694404,25.0,20.0,9.0,spur
09f7d62f-fc17-445e-a300-2b12e48c6b1a,71.15299869629706,49363.19721300739,57.0878779229273,17093.945523417227,109.24172294422945,24383.93082886344,11.914916777755623,552.2139521890439,0.2709501266448864,0.00944042657501052,0.44962012522106476,0.015563006146808183,0.34629289588914974,155.39950375,0.120705690125,20.0115655155724,900.0,110.0,407.27588383838383,0.10036192065991252,25.0,15.0,6.0,spur
0a2fbeb3-14c8-4188-8278-912af5ce83b0,129.72929546791744,74872.20482087859,64.89729187081397,8176.73318502149,272.0370660356552,49442.58506369602,102.57819214141892,1104.216412576238,0.09298825334139309,0.005337999416561449,0.5275973973083965,0.01788667454899878,0.10921305727507497,163.53466208333333,0.13016033333333335,22.505782674242425,400.0,50.0,678.7931397306396,0.2509799004147781,25.0,20.0,12.0,spur
0a32ff04-1c34-4276-81a1-5d5c4e5953e4,99.48944592064498,54562.75282414423,62.61273486366219,8060.812768546269,175.8008679937769,34327.26857513904,47.14424537050524,770.2310749537966,0.121187749013952,0.007477280731881313,0.5160128783304923,0.016970132664798028,0.14773810113481456,161.21625791666668,0.12647672583333333,20.0115655155724,400.0,50.0,814.5517676767677,0.16982541343694404,25.0,15.0,9.0,spur
0a356eb9-1305-4adb-a480-e220bc71eeff,126.82225931549644,82762.67551662917,69.02441457005483,15075.266641000033,275.1181377928706,49674.632636725466,105.25558161141394,1110.7370433232525,0.1716312119807976,0.004896831064341331,0.5017078565095222,0.01936765117946017,0.18215656935074823,167.5029625,0.13689868208333333,25.011565351010102,650.0,90.0,407.27588383838383,0.2509799004147781,30.0,20.0,12.0,spur
0a36fcd4-6613-45a2-a151-c367c3d83414,70.06335585621316,48459.52139380869,53.8286919928826,16638.632265261767,109.14766919609318,24251.928216174012,12.423428115532868,549.2933503435453,0.2669313106089015,0.0098086889842803,0.4535092395182029,0.015213777193004438,0.3433548934256255,151.26029375,0.116658130125,20.0115655155724,400.0,110.0,678.7931397306396,0.10036192065991252,25.0,15.0,6.0,spur
0a5679de-d3b7-4e91-8111-2bc4e57c80b7,109.36701421001584,74849.01172598066,61.554315374680726,11268.524234127794,235.86640322779786,44926.211146985115,79.65092318479353,1006.2445910530699,0.15638336534298192,0.004961879782491583,0.5079121336230009,0.017644619192723372,0.15055500469861172,160.97891875000002,0.12896837166666666,22.517348022727273,1200.0,70.0,814.5517676767677,0.2509799004147781,30.0,15.0,12.0,spur
0a80f0e0-7519-4801-a07d-b8d8d9f202d3,114.38628012444087,80710.98508844657,59.04506231314743,17180.08102031409,256.38755725731517,46605.49022188299,92.43043424889576,1042.2491294055324,0.22309275659911615,0.004845358410300925,0.49183761380534513,0.017059053740372226,0.21286497207115093,156.1825545833333,0.12150968941666666,20.0115655155724,400.0,110.0,271.51725589225595,0.2509799004147781,25.0,15.0,12.0,spur
0aab6f00-48c8-40fd-9a0c-bf500501b037,91.02348324588311,64408.1953052634,62.04689339042865,17700.301545072594,173.06592586308346,34046.22139281959,46.05618465656702,765.4712226708849,0.2595982357588384,0.006383559696243686,0.46971842205113634,0.017385101202931796,0.27481978028116555,160.91183208333334,0.12890169625,22.517348022727273,650.0,110.0,814.5517676767677,0.16982541343694404,30.0,15.0,9.0,spur
0b86e48c-8d5b-45d7-9ec1-deac41e8b903,45.23172298356196,33359.15743177374,48.98660426636518,13143.038874299871,47.86009470167213,16034.94788366811,-19.179474111006247,367.76554853095973,0.25353905915961694,0.017542213217718854,0.5077920530150462,0.013331162785808235,0.393987510336107,146.03376333333333,0.11277875691666667,22.505782674242425,400.0,90.0,814.5517676767677,0.04796556947260091,25.0,20.0,3.0,spur
0b87f459-0fc5-431c-9ac9-f13b916cc6f1,97.74770513654536,65290.167610538796,64.80033616111663,17890.527712832838,181.56449340549142,34831.80141377588,52.12098571380033,782.7675260418864,0.26153553199226637,0.006399773020906987,0.4707974140607114,0.017821563117881575,0.2740208617180318,162.64116208333334,0.13062776458333333,22.517348022727273,650.0,110.0,271.51725589225595,0.16982541343694404,30.0,15.0,9.0,spur
0bf7cfba-5fa0-4b9e-af6e-c5b00924809e,72.46740138485058,39390.33575778218,60.29152389494,7941.835737078484,103.51325717788806,23733.910578726816,9.062139709207568,538.0026031141737,0.14536150444633839,0.011091880434227696,0.5105601600838594,0.015588406308886983,0.20162146270511083,158.83671416666667,0.12682987833333334,22.517348022727273,400.0,50.0,678.7931397306396,0.10036192065991252,30.0,15.0,6.0,spur
0c2c6621-ec1c-4ccd-9f3c-4feec026b346,66.45000494720101,38636.19788983651,57.16154363060585,7819.007705897949,94.66244731706641,22802.930714060072,3.141488655890469,517.3313676415556,0.14303129367413722,0.010830682248453282,0.503561699400463,0.014904979916824525,0.20237775515641254,156.38015458333334,0.12435463000000001,22.517348022727273,900.0,50.0,407.27588383838383,0.10036192065991252,30.0,15.0,6.0,spur
0c417720-96eb-41a9-8206-c49408f5ea7a,120.35408172791784,80391.90749771324,67.11131912381887,14903.51093769823,257.74047191339827,47381.76453756923,93.4799969624833,1059.6386917741586,0.20270733031186866,0.004788817352051768,0.49904366009853757,0.01854241810285819,0.1853909825639075,165.59456500000002,0.13361962624999998,22.517348022727273,650.0,90.0,407.27588383838383,0.2509799004147781,30.0,15.0,12.0,spur
0d596e25-3eef-4900-86e0-56eac5db4e7a,42.15260809426702,27417.012049163848,56.09564753785644,7737.364877627391,40.973224831101426,15372.967588996906,-24.17604174527416,354.02555646942704,0.1898386393042929,0.01832534897811448,0.5408381167766203,0.01345822491311223,0.28221130899745733,154.74729583333334,0.12271986145833334,22.517348022727273,650.0,50.0,407.27588383838383,0.04796556947260091,30.0,15.0,3.0,spur
0d8aa28a-e3b8-4bb8-8bd4-523eae72cd4d,100.79330045127053,67192.8911341491,63.13917477369131,17784.956180615696,195.6405656835197,36811.07374643168,59.968758432817694,826.5659244216828,0.212894604639678,0.006545068992276935,0.47739115299216106,0.017686203776252164,0.26469104308027314,161.68142125,0.12825011666666666,22.505782674242425,900.0,110.0,407.27588383838383,0.16982541343694404,25.0,20.0,9.0,spur
0df78a42-0fec-4994-ae43-08c60aa63b15,118.02734784047433,76303.0565241246,63.87179631759808,11399.830799440344,252.48381737464663,46943.321039486385,89.37249198876846,1049.7805480832346,0.1503194840938973,0.004979675656586701,0.5109103405799664,0.01772038656932012,0.14940653918131633,162.85472708333333,0.12809119500000002,20.0115655155724,650.0,70.0,814.5517676767677,0.2509799004147781,25.0,15.0,12.0,spur
0e3b41a9-9cc5-4260-b0ed-85ffab7c6eab,126.18116828679405,73673.2793513219,65.78859170910086,8223.454767521713,258.5037346006086,47598.91060178503,92.67980957828746,1062.728018598507,0.10981560298671085,0.005196787348063972,0.5237805112159092,0.018007348980309295,0.11162416172152873,164.469095,0.12967972708333333,20.0115655155724,650.0,50.0,407.27588383838383,0.2509799004147781,25.0,15.0,12.0,spur
0e7a16c4-1f70-4a3e-b382-47b6948f989b,98.69302614747721,62135.48945308735,65.20413314130082,14720.192936691135,177.8492058324321,34504.24450262958,49.59021384182909,776.1766135553604,0.218626161243266,0.006607686925641834,0.48263749636237374,0.01785777204322351,0.23690963353315028,163.55769791666668,0.13154358916666667,22.517348022727273,1200.0,90.0,271.51725589225595,0.16982541343694404,30.0,15.0,9.0,spur
0f0cbbdc-5f00-4187-b7a6-657b75412d4e,109.09607613112853,61314.135461655445,65.73468458975886,11492.313759807575,198.25361328470854,37112.221008318746,61.368485673369456,833.3846362361711,0.1428533115825442,0.007021063390751262,0.5034497064896886,0.01799083782920003,0.1874383636696186,164.17591083333335,0.13073607958333333,22.505782674242425,1200.0,70.0,271.51725589225595,0.16982541343694404,25.0,20.0,9.0,spur
0f0d3a24-f2d1-40e9-ab19-ddecf9f498e5,95.67563389107384,64247.07222318918,61.84015792900773,17522.11899041157,180.3576448286176,34577.236186284055,51.92974814912413,777.7203984535718,0.2581697074020412,0.006572062650568182,0.4727661023598484,0.01739896705285765,0.27273544598934735,159.29199,0.12727939833333332,22.517348022727273,400.0,110.0,271.51725589225595,0.16982541343694404,30.0,15.0,9.0,spur
0fc14d35-8947-4dd6-95f6-397ad997f0d1,100.32901051356941,58058.41000640471,64.22536890925838,11345.922160611948,178.95936915702273,34511.436709492285,50.692713322393665,776.1379000764279,0.17331955082391623,0.0071666197349747485,0.5001252326968645,0.017521646305928593,0.19542674035576177,162.0846025,0.1300854875,22.517348022727273,400.0,70.0,271.51725589225595,0.16982541343694404,30.0,15.0,9.0,spur
0fdd4ccb-7be3-43b1-b14e-63772cf64d81,43.52686258790557,35702.89512803878,47.848534883638415,15906.023169580587,44.407410939477714,15626.984933319249,-19.761115508548365,360.33670252040343,0.2928955747450547,0.016415193812289564,0.47503555642613626,0.013327472067197265,0.4455122616748945,144.60021208333333,0.11382887104166667,25.011565351010102,400.0,110.0,407.27588383838383,0.04796556947260091,30.0,20.0,3.0,spur
0ff5f0ce-1300-4daa-aa8c-03138fd64689,92.3002282367004,64788.748352428134,60.85561763960734,17565.93740253541,177.01250499882528,34545.76700923943,47.71284453363667,775.698142964783,0.24647889597674666,0.0063866747244318185,0.4711165587448968,0.0170607295499588,0.2711315973849772,159.69034083333335,0.12493980770833334,20.0115655155724,900.0,110.0,678.7931397306396,0.16982541343694404,25.0,15.0,9.0,spur
104a89b3-0b77-4851-8f4e-395bc0101a05,127.47113641657546,82099.87326689852,69.0779239439774,15031.14124394994,269.91775588466953,48741.482626530946,100.7980283217739,1089.6993026513048,0.2033724404867424,0.004762042764846382,0.4996063229709595,0.019103799586680584,0.1830887990573193,167.01268000000002,0.13502851416666667,22.517348022727273,1200.0,90.0,271.51725589225595,0.2509799004147781,30.0,15.0,12.0,spur
10743c3b-f7c5-4705-803c-f43a478ac9d2,123.53586364545195,77477.84339079742,67.30308192780026,11619.645727888006,264.3471947545884,48348.690570440194,99.08247169903558,1081.9490600236065,0.13529986310324077,0.005158819985900674,0.5132244088457492,0.018725689178315266,0.1499787761547369,165.99493833333335,0.1354220225,25.011565351010102,400.0,70.0,678.7931397306396,0.2509799004147781,30.0,20.0,12.0,spur
1174903c-c4fa-4976-bbf0-d48ee5c45b83,65.20904960483489,48278.424779709916,55.087781623572205,16943.053903220385,99.01712718632874,23269.24807261744,6.119198331841397,527.9727335124355,0.27947475501452024,0.009262283193507996,0.44682691553098697,0.015164152116904493,0.3509483386716327,154.02776333333333,0.12199772316666667,22.517348022727273,1200.0,110.0,678.7931397306396,0.10036192065991252,30.0,15.0,6.0,spur
119255b7-efef-45b1-a5fa-f5d0b5bb3313,68.43809574413521,39335.467746970964,58.025174301198355,7871.6179579680565,99.87823149635875,23433.536145321083,6.541128262499975,531.3597108570483,0.1259367722070707,0.010920942402598905,0.5070101820845959,0.015371284082002674,0.20011798846367088,157.43235916666666,0.126696745,25.011565351010102,900.0,50.0,678.7931397306396,0.10036192065991252,30.0,20.0,6.0,spur
11b6c221-a66a-4733-98de-07dabb5b2922,120.25060167171533,71942.43430572296,65.9075535263132,8234.012785963017,247.04082666322012,46092.12590138049,87.24463466745343,1031.201048921998,0.11572025969851642,0.0052845010554819025,0.5231575003243898,0.0179628957225859,0.11445632643686289,164.68025458333332,0.13274645208333333,22.517348022727273,400.0,50.0,678.7931397306396,0.2509799004147781,30.0,15.0,12.0,spur
11d550be-4651-4fe9-86e9-d2654bb0687a,104.2264448984177,63898.37975212758,67.25023932778336,14905.920333874465,190.7401224364232,36096.718104826585,58.090753003364306,811.2912695157344,0.18802879924368684,0.006744422481649831,0.486574229299032,0.018714994259657735,0.2332811070464216,165.62133916666667,0.13495941666666667,25.011565351010102,1200.0,90.0,271.51725589225595,0.16982541343694404,30.0,20.0,9.0,spur
11eb5c2c-d9b5-4c0c-be1c-5ac0d91860bb,46.27774131618378,30810.294569856273,52.001552649771064,10464.288564861585,48.738766236867,16154.248270689392,-18.79058815332259,371.1955187192127,0.21610247169349747,0.01829804088848906,0.5415357264522307,0.013646610659972764,0.3396376556791811,149.489835,0.11618495320833333,22.505782674242425,400.0,70.0,814.5517676767677,0.04796556947260091,25.0,20.0,3.0,spur
12092779-7daa-4163-8b18-cc21f8591b93,129.49555206464953,79808.19705601683,69.09033390092983,11753.334031711676,274.04720517637753,49707.40747783848,103.5790588085231,1110.6147609561656,0.13552069560187285,0.005026533937868265,0.511876773677662,0.01952604828469119,0.14727512550539487,167.90477375,0.13729364125000001,25.011565351010102,900.0,70.0,407.27588383838383,0.2509799004147781,30.0,20.0,12.0,spur
1216ea05-69df-4f0d-9c40-da3c1aa13306,44.092630904103196,33033.64205027604,46.93478777945397,12938.077439621333,47.25368218185609,15957.328586288162,-19.241384175029673,366.8801555205811,0.2543711937975589,0.017662684457954547,0.5122236637469486,0.013124451232398204,0.3916654015573597,143.75641791666666,0.110530235125,22.505782674242425,400.0,90.0,407.27588383838383,0.04796556947260091,25.0,20.0,3.0,spur
127ef5a5-d0c7-49e9-9c86-cb08fa28f647,66.05903527944652,39053.64492860565,56.00185735911249,7776.98983845786,97.52356448288967,23179.67867272608,5.224294449590902,526.8493187633786,0.12490518657302191,0.01089021384041456,0.5058712582651516,0.015098449442654776,0.19913912070619666,155.539795,0.12478965191666667,25.011565351010102,1200.0,50.0,814.5517676767677,0.10036192065991252,30.0,20.0,6.0,spur
1286e173-8140-43d9-a3a2-03f26ad8434e,68.87727907307466,48044.38405995425,52.48565046159068,16476.16098346165,107.57073111536504,24050.985923474702,11.57918720611363,544.5537113712766,0.26566859321243685,0.009884240762910355,0.4540107762022306,0.01496707683211144,0.3429400872378088,149.78328083333335,0.11520697837499999,20.0115655155724,400.0,110.0,407.27588383838383,0.10036192065991252,25.0,15.0,6.0,spur
12a48d13-d310-47c3-867f-fe2137814ec1,100.61935274186813,63466.926117763825,62.69015560699548,14533.08570099999,192.1823062809007,36453.33313291468,57.65547553393973,818.4533912899859,0.17784409624121422,0.006836706076914983,0.48955037718002953,0.017501119012308452,0.22899217208994815,161.47873083333334,0.12805832666666667,22.505782674242425,650.0,90.0,678.7931397306396,0.16982541343694404,25.0,20.0,9.0,spur
135d9fdf-441c-4224-a60d-ddbe1669db3d,97.48548185702239,66885.1683628529,61.62575119104724,17666.46039234631,192.36243909720787,36533.92616941562,57.52025043322442,820.5560530417796,0.21223288891903408,0.006527169916529883,0.47657002068429083,0.017549209047875335,0.2641372461279711,160.60418458333334,0.12718209083333334,22.505782674242425,900.0,110.0,814.5517676767677,0.16982541343694404,25.0,20.0,9.0,spur
13d48fce-785c-49cd-b34a-30c4ed721db6,126.70579402959979,78208.77263103779,64.38301940449745,11400.900469358896,273.7130452689924,49585.2576266764,103.83483212652331,1107.842457904251,0.12774985259894783,0.005164846522337963,0.5162511957819865,0.017874282348868346,0.14578013775963947,162.87000791666665,0.12949515791666666,22.505782674242425,400.0,70.0,678.7931397306396,0.2509799004147781,25.0,20.0,12.0,spur
13f8f38f-5b03-4a67-963d-4f7f9cd12f56,73.66513614940008,39717.846759753294,59.351472341080516,7897.527096025934,105.75782310993273,24017.826187865703,9.662607387053399,544.0964298588633,0.13991699611410982,0.011052696386668769,0.5094353528715279,0.01540299740570846,0.19884338504613466,157.9505425,0.12322697070833333,20.0115655155724,650.0,50.0,271.51725589225595,0.10036192065991252,25.0,15.0,6.0,spur
13fe628c-a35e-45f8-af0d-e080c818fbd0,70.61400019117116,48771.71523251499,56.755946554180966,16992.265099453816,107.94424734036126,24133.41044603899,12.402391888892204,546.5972783237316,0.2813325102940867,0.009582147379461278,0.4517104246660353,0.015684362588332692,0.3484077826661234,154.47513666666666,0.12245938966666665,22.517348022727273,400.0,110.0,678.7931397306396,0.10036192065991252,30.0,15.0,6.0,spur
1492ae6e-31e9-4c84-8498-ed23f0242572,99.49116214764994,65534.58082923908,63.54455126149505,17715.13359745475,189.5282579351918,35703.06464214998,58.720562760494886,803.0269169643362,0.22164270519239268,0.006771547277083334,0.4763523971675084,0.0179809332758034,0.27032301048010127,161.04666791666668,0.13034908625,25.011565351010102,400.0,110.0,271.51725589225595,0.16982541343694404,30.0,20.0,9.0,spur
14e1550f-578e-44c6-b4bd-e320d4d15db8,41.983410618653174,27521.550530966826,54.210355013246804,7659.070643108321,42.070992230251555,15513.383141534918,-23.650751827972755,356.24736019932135,0.1686868710446128,0.018689184415772303,0.5562936488524831,0.012842406469108725,0.2782944825251707,153.18141291666666,0.11982059058333333,22.505782674242425,900.0,50.0,678.7931397306396,0.04796556947260091,25.0,20.0,3.0,spur
151f59ab-cfaf-4f38-b03e-5f82a4d80714,71.08297827373207,48642.30413245369,52.9112336466476,16516.71608476561,112.60775858953672,24622.60214668792,15.82512566629674,558.1594099970467,0.2320503209769571,0.010174003897474748,0.46371307460711275,0.014872802707617518,0.33955855041410454,150.15196416666666,0.11683034504166667,22.505782674242425,400.0,110.0,271.51725589225595,0.10036192065991252,25.0,20.0,6.0,spur
169fece2-6f44-444f-8450-35a3409dc840,41.94085397532049,32501.93495717365,44.93305411237069,12740.287906174031,44.42890810774115,15653.25045733722,-21.846122568576384,358.97237538125825,0.2769641205330387,0.017643291480218856,0.4891136447658881,0.013038012727418587,0.3919871657730572,141.55875541666668,0.10716512675,20.0115655155724,400.0,90.0,271.51725589225595,0.04796556947260091,25.0,15.0,3.0,spur
16b28046-3e28-4c6c-98d7-96b33e65e366,127.32535143881114,79537.84498233037,65.17416876442678,11487.45339449869,276.4562554476417,50191.91251491033,104.70387504310989,1121.7414740693619,0.12789623846502524,0.005040744617845119,0.5149463018033459,0.01827858729061285,0.1444326823800097,164.10647958333334,0.13069446458333334,22.505782674242425,650.0,70.0,678.7931397306396,0.2509799004147781,25.0,20.0,12.0,spur
16c422ad-f38f-4588-8d90-26618af5be2e,44.942590238679216,30512.00521095561,53.18108758020688,10550.050858909866,45.38516910163248,15774.720398543775,-20.060428534702222,362.3001484711154,0.21757847541329967,0.017848361010416668,0.5405275727377945,0.013791577707669955,0.3457685873699761,150.71501041666667,0.11994173816666666,25.011565351010102,400.0,70.0,271.51725589225595,0.04796556947260091,30.0,20.0,3.0,spur
16c480e6-36cb-489a-9d41-b294ce7220ca,131.3377460804675,76128.70297543374,69.10467676818558,8404.887580973078,270.7762365275556,49366.866794657086,101.46053325402455,1104.1680165530386,0.09839525930095748,0.005207781907502105,0.5235810136983375,0.019446486072379546,0.11040799134469204,168.09775333333334,0.1374917075,25.011565351010102,900.0,50.0,407.27588383838383,0.2509799004147781,30.0,20.0,12.0,spur
16cc8be5-36f9-4577-be83-b7d942fec21d,45.3343763092698,36545.74037674112,51.62104585220698,16450.29274118504,44.84608338962772,15752.021145294399,-21.087673861656327,361.6480520323728,0.29065454266971796,0.016216357750315658,0.45285866190751256,0.0130020886071823,0.4501300126220907,149.54811583333333,0.11621023200000001,22.505782674242425,1200.0,110.0,407.27588383838383,0.04796556947260091,25.0,20.0,3.0,spur
16cf82c6-5bfa-4cf9-bfa6-5fb698f3ab3d,45.3429995033288,36424.55251968681,52.639588380293134,16523.918284554788,43.85625439848196,15609.450196176096,-20.659824521742117,359.2084592931137,0.298284740311553,0.015916336160616586,0.4560290898973064,0.013502103880670056,0.45364904083304625,150.21743999999998,0.11943719583333333,25.011565351010102,650.0,110.0,407.27588383838383,0.04796556947260091,30.0,20.0,3.0,spur
16f1f2be-de77-43af-8b5b-43e102868412,104.97921164471357,55938.27805745453,62.958724670806646,8072.507992437415,187.828020599694,35821.66832750386,55.56731853091297,804.1119128827128,0.10425572277452651,0.007584712233554293,0.5207720555515571,0.017081761376399968,0.14431475738819743,161.45016,0.12804158958333334,22.505782674242425,400.0,50.0,407.27588383838383,0.16982541343694404,25.0,20.0,9.0,spur
177cf1b1-f788-4ee0-adf9-6813934d3d17,118.836601357062,84243.46696633476,66.42368566669732,18134.736340024687,267.63065567625733,48651.460593615375,101.45452760424021,1088.1877801813748,0.20544782600273567,0.00481669453811027,0.4922025465535564,0.01874028772510685,0.21527213176467966,164.86123916666665,0.13426758125000002,25.011565351010102,400.0,110.0,678.7931397306396,0.2509799004147781,30.0,20.0,12.0,spur
17d203ae-7ebd-4dc1-b762-62c6fc64e1fb,114.75499450581854,83192.20194311495,63.61308331111608,17850.969407050125,257.52404217311357,47461.46206989288,92.54940806582896,1061.1474474401884,0.2294439552293771,0.0046140279597537874,0.490039840133891,0.017809787089896837,0.21458082589249342,162.28154,0.12751520916666667,20.0115655155724,650.0,110.0,678.7931397306396,0.2509799004147781,25.0,15.0,12.0,spur
183b9b30-9792-4415-b77b-8345dd56f271,71.98749661025289,42820.94954683112,58.24204824227321,10976.902519571779,104.67586057055955,23887.79877360871,8.963975110709978,540.1415239559985,0.185880314973327,0.01034858152294823,0.48432687614983166,0.01527066701174299,0.2563472655182472,156.8128925,0.12209451516666665,20.0115655155724,1200.0,70.0,271.51725589225595,0.10036192065991252,25.0,15.0,6.0,spur
1880bdaf-d021-453e-b1b3-ad5d630b1d08,44.43901818980006,33485.159060648664,53.94843507842165,13684.586918575731,42.54981461089159,15496.850480909152,-21.891282115631615,356.3694776751011,0.260571850262521,0.016529430070233584,0.4837143290164141,0.013313837390064007,0.40867726243675023,152.05096666666665,0.12128808741666668,25.011565351010102,650.0,90.0,814.5517676767677,0.04796556947260091,30.0,20.0,3.0,spur
188b7aa3-99b2-43bf-b2bd-166056c3c617,42.2150048803499,33123.60788951933,52.651986736838616,13606.45694516418,39.343828031461456,15172.986559832016,-24.158850166122953,348.6870569933854,0.2591783636302609,0.016336679249526514,0.4774883644704334,0.01274678270653752,0.4107792056479897,151.18285375,0.12041086024999999,25.011565351010102,900.0,90.0,678.7931397306396,0.04796556947260091,30.0,20.0,3.0,spur
18934dc7-355f-44f8-9def-6a1b7b655017,76.00117654217915,47031.20417971725,58.5304692560384,14095.003224033151,116.18354466363306,25161.536543636394,17.13394541897996,569.8999214677108,0.2008468070166246,0.010225280393560608,0.47687795993423826,0.015645858168356532,0.2996983964499354,156.61114791666668,0.12321466866666668,22.505782674242425,650.0,90.0,271.51725589225595,0.10036192065991252,25.0,20.0,6.0,spur
18ba1de0-4591-4b7e-bf21-810a06e38af0,43.32420477065557,35663.831717090914,47.526499410672116,15867.423930206336,44.286441809386105,15628.476358072696,-20.919568263832105,359.6823274220454,0.326550370529356,0.01618160275820707,0.4466380395124159,0.013428650967823526,0.4449179479856941,144.24930916666668,0.11228570308333334,22.517348022727273,400.0,110.0,678.7931397306396,0.04796556947260091,30.0,15.0,3.0,spur
19098ec0-7b2a-4d0c-b5e1-9716e7177a87,135.75856875030024,77642.56301641419,66.89642005122772,8293.003679903986,282.9850528807123,51085.21101248632,108.00364532693632,1141.2037968311315,0.09311330875639731,0.005148464549442341,0.5257601945050505,0.01874665897627477,0.10681428916270841,165.8600725,0.13242528791666666,22.505782674242425,1200.0,50.0,407.27588383838383,0.2509799004147781,25.0,20.0,12.0,spur
1918b52f-c2c6-4101-9f2f-923ae4142104,114.0036194816339,76013.62329976595,61.900067055211,11285.057839876354,246.58842518907744,46323.77538483569,85.62211592286853,1036.242966311472,0.1492441672178872,0.00493194938655303,0.5096752801250002,0.01748722242860121,0.1484657372709146,161.21511125,0.12645106083333332,20.0115655155724,1200.0,70.0,814.5517676767677,0.2509799004147781,25.0,15.0,12.0,spur
1a3bbe42-3c7d-4c59-9796-2a04b1257194,102.57728717114827,59412.129942209875,62.44345491884993,11262.63927700637,189.7128118830969,36044.21696623448,56.731776847574345,809.2742591123562,0.1416963285323548,0.00726212895246212,0.5050021544305555,0.01716929588965183,0.18957262274120976,160.89484666666667,0.12750400208333332,22.505782674242425,400.0,70.0,814.5517676767677,0.16982541343694404,25.0,20.0,9.0,spur
1a940e40-3f5d-44a2-bb86-36dd9370dfbf,44.20327180326899,30333.744378804622,51.98831409511837,10454.878690658561,44.67818213486813,15704.404119426132,-21.23546749301653,360.819189229933,0.24141101472958754,0.01783643771701389,0.5154477255531356,0.013751979502748287,0.3446630738061944,149.35540958333334,0.11734617595833334,22.517348022727273,400.0,70.0,271.51725589225595,0.04796556947260091,30.0,15.0,3.0,spur
1ac0ea98-7700-4567-909d-762537850d42,95.73721207229772,61693.81380878794,62.0940040961804,14471.677177905602,177.71430049238663,34598.638038827055,48.156404685045665,776.5343785254149,0.20697158624726428,0.006675018697390571,0.4837955167560499,0.01713202710674169,0.23457749689332694,160.79641291666667,0.12603092458333334,20.0115655155724,900.0,90.0,407.27588383838383,0.16982541343694404,25.0,15.0,9.0,spur
1adf9cb0-c4ba-4674-8c15-f4d061fc648a,123.69078066464421,81487.10933609682,63.80710531631141,14595.222073036153,275.0427531483768,49694.63049245393,104.70733138022707,1109.996240129364,0.1612946744348064,0.004998780150326178,0.5055283910626579,0.017856174826322464,0.1791164755762278,162.16913166666666,0.12879581291666667,22.505782674242425,400.0,90.0,678.7931397306396,0.2509799004147781,25.0,20.0,12.0,spur
1b01820d-c177-4dbf-a2eb-5056f300abef,73.0040239836377,39699.8100185307,59.2248965148186,7899.195591184917,105.16122614815076,23969.78994974018,9.000042983091832,542.1211182454115,0.13977835505576597,0.011021805297085439,0.5086700133589015,0.015394241285299978,0.19897572239458353,157.98391291666667,0.12326300887500001,20.0115655155724,650.0,50.0,407.27588383838383,0.10036192065991252,25.0,15.0,6.0,spur
1b4cc00e-bde9-4618-ba0d-fb5a9a4b5933,117.95646764138456,75383.8478252323,65.48198688339595,11488.558732291182,249.1615641093402,46310.23929889,88.70067196714152,1036.0450141351846,0.1590331702987374,0.005076173600568183,0.5106488559296612,0.017988803196049365,0.15240525079881093,164.1222679166667,0.13218341333333333,22.517348022727273,400.0,70.0,678.7931397306396,0.2509799004147781,30.0,15.0,12.0,spur
1b9664cd-fd96-4ac2-8fd9-c6059c25505c,96.66002038531444,66817.36767726653,61.104081802785856,17620.19737770643,191.12940224108524,36412.20385304531,56.67312312321183,817.9963881437899,0.21158958967750421,0.006506139106155302,0.47628144322174865,0.017500825271392628,0.2637131145096646,160.18361083333335,0.12675868166666668,22.505782674242425,1200.0,110.0,678.7931397306396,0.16982541343694404,25.0,20.0,9.0,spur
1b995c14-9e71-4399-ada6-ff0186e5a696,74.68736110380128,50213.48462347445,57.66419640265301,17130.89931873523,117.41109881441378,25300.74187396101,17.799432251565886,572.6731470031166,0.23699313261416244,0.00979597093036616,0.458985930369213,0.015726089306404876,0.3411653655525519,155.73545,0.12234624545833334,22.505782674242425,650.0,110.0,407.27588383838383,0.10036192065991252,25.0,20.0,6.0,spur
1bbbba15-4444-452b-98cd-834c758f036b,97.4829642273846,57576.7796868081,61.26040974655904,11164.261583499721,176.88630951040054,34363.45529299706,48.42978527823176,772.4718540380148,0.16407675500126262,0.007209509977325336,0.5004870712794612,0.01682171846339067,0.19390630430321654,159.48945,0.12475614691666666,20.0115655155724,400.0,70.0,407.27588383838383,0.16982541343694404,25.0,15.0,9.0,spur
1bda7520-0411-4967-8e5d-5d5b9a933523,41.91912291085507,30146.52340472803,53.609712649025695,10637.962170726181,39.331517222584665,15177.098200351751,-24.86178292469668,349.04230088138274,0.2414754986000632,0.017128122544454966,0.4931818262577863,0.01298696020446329,0.35287621894148646,151.97088625,0.11993767445833332,22.517348022727273,900.0,70.0,271.51725589225595,0.04796556947260091,30.0,15.0,3.0,spur
1be3a0b6-b2f6-495d-91c8-fb10b3776988,64.57565320372552,44985.40526431779,54.92385506669859,13867.036167443663,96.74822774053888,23036.641964061233,4.5412700640839825,522.9036905823565,0.23550499333007155,0.00973034989251894,0.46231585692834604,0.014967531837149368,0.3082598405666299,154.07817916666667,0.12205287670833333,22.517348022727273,1200.0,90.0,814.5517676767677,0.10036192065991252,30.0,15.0,6.0,spur
1bf1100e-877f-4150-94ff-7f16012bd6d2,68.81834330225367,38862.66522449856,58.62518729205451,7877.483460110873,96.57188912130627,22982.342825594726,4.746114452879146,521.6560600794859,0.14398273495912242,0.010827417317329545,0.5043441306311026,0.015116540232840557,0.20270312217927536,157.54966958333333,0.12552151166666667,22.517348022727273,900.0,50.0,271.51725589225595,0.10036192065991252,30.0,15.0,6.0,spur
1c481643-cac9-4439-807f-2ecb0bfc2cfd,129.31851819844786,86873.61264218629,65.01101842197845,17876.880576057352,291.99146706971567,51514.581566912326,114.40531679387963,1150.783805858873,0.19300551312100167,0.004807623989320286,0.4965130016715593,0.018466931779380896,0.20578665013943578,162.51709666666667,0.12909295416666666,22.505782674242425,650.0,110.0,271.51725589225595,0.2509799004147781,25.0,20.0,12.0,spur
1d9e2709-08da-4b26-88cb-1f2391319e48,101.80134807624259,59016.13786255859,64.25459355198005,11382.976660794797,181.87522251277824,35027.808994754625,50.70505496984502,786.1637223066373,0.1655581197142782,0.006981066231176346,0.49882867914194023,0.01742197020587212,0.1928833060081907,162.61395124999999,0.12782831791666668,20.0115655155724,900.0,70.0,271.51725589225595,0.16982541343694404,25.0,15.0,9.0,spur
1dea8e4d-1e13-45bc-85b4-f9e7edd5d654,103.41162207375262,56624.90356492649,62.989007717245904,8107.184509957074,187.432029576451,35973.73748959861,54.3248979536302,807.8460825211349,0.10395975853132366,0.007372234105324074,0.5175921861652988,0.01736525109245503,0.14317744613545785,162.14369,0.12872734041666667,22.505782674242425,650.0,50.0,814.5517676767677,0.16982541343694404,25.0,20.0,9.0,spur
1e0aeb46-1de2-40bb-8e90-db2c54316fc7,42.27819661363453,33120.533266363906,52.324946537881466,13569.611441049616,39.606915391268835,15210.20223487996,-24.627169145939906,350.14371862661363,0.28832819460837544,0.01619469805239899,0.4553679520361953,0.012908934397227755,0.4097049137514041,150.77346,0.11876078562499999,22.517348022727273,900.0,90.0,814.5517676767677,0.04796556947260091,30.0,15.0,3.0,spur
1e37f521-06af-4f0e-8753-8225748e4da6,106.49133105651809,60242.032331616,67.84501004847382,11626.000037144438,190.43903901272486,36024.46196980869,58.279246028807194,810.3137694978114,0.1504520153184975,0.0071116485429713805,0.501651707384575,0.01857387324952027,0.19299302352608824,166.08571458333333,0.13544186875,25.011565351010102,650.0,70.0,271.51725589225595,0.16982541343694404,30.0,20.0,9.0,spur
1e4259f0-22ba-4ee5-99a2-4eaad3b28361,71.95896966142273,43053.31560365271,60.04223360984299,11124.819662498192,105.65233463396086,24022.93344156563,10.79223893002296,544.5060223799261,0.16961463431807663,0.010497998725431397,0.48898935078335437,0.015856314356646625,0.2583997044141148,158.92599458333333,0.12820038791666666,25.011565351010102,650.0,70.0,407.27588383838383,0.10036192065991252,30.0,20.0,6.0,spur
1e531215-6390-4d82-a160-b36008e29973,73.55688327434022,43009.10961314805,60.18738690347961,11096.880350002524,108.08786647066823,24223.061847186797,12.96499041590419,548.5397972002096,0.1699886333835227,0.010711628373811028,0.4940782573597432,0.015838042522671514,0.2580156064418457,158.52686333333335,0.12780947041666665,25.011565351010102,400.0,70.0,678.7931397306396,0.10036192065991252,30.0,20.0,6.0,spur
1e84c768-f4b1-456b-9354-8cd044a61288,107.26931374072963,64585.44987027493,65.14034244794784,14692.69250767347,200.6924893606158,37319.565034009196,63.15094821774344,838.2280410523434,0.1786790645255682,0.006806944060616582,0.49107326373926774,0.017974844532698892,0.22749771105818736,163.25213916666667,0.1298161675,22.505782674242425,900.0,90.0,271.51725589225595,0.16982541343694404,25.0,20.0,9.0,spur
1e911a95-49ab-46c3-9cff-1b0c3c8ce8c4,105.75022619804719,68213.4346151689,65.24222732321009,17960.494306306635,202.88716215207208,37571.91012828716,64.38285818075582,843.5363423037047,0.214245721605061,0.006511424383922559,0.4778460859833754,0.018110685292566417,0.26330449363078157,163.27722125,0.12983447416666666,22.505782674242425,1200.0,110.0,271.51725589225595,0.16982541343694404,25.0,20.0,9.0,spur
1ea68095-1319-4330-981e-94d8a5b0c6a5,107.60486984178104,56174.17515922984,63.32723625175696,8068.533435384088,191.09896494435188,36104.092954039435,57.84997851509753,810.8656715523865,0.10404729615655514,0.007624048404755893,0.5223792335359849,0.01716801372110884,0.1436379425582864,161.37066833333333,0.12795922166666665,22.505782674242425,400.0,50.0,271.51725589225595,0.16982541343694404,25.0,20.0,9.0,spur
1eba7627-628d-4c49-b3cb-5407073b7a0b,98.39491037147616,55576.256453719114,64.1357409187524,8174.380863707572,177.37925256020986,34722.143637662506,48.42079858498365,780.2372597341373,0.1089840854285038,0.007386581018381734,0.5147035211625632,0.01784900916692626,0.14708810384698368,163.48761541666667,0.13282211208333333,25.011565351010102,650.0,50.0,814.5517676767677,0.16982541343694404,30.0,20.0,9.0,spur
1f35c468-6860-4797-8de7-3c7f9f15a62c,118.6923715302183,83835.37497181496,64.6002970082435,17914.50606768551,264.12134386954295,48143.982713989484,96.32697402717064,1075.4727781759623,0.2296291017131734,0.004629238507796717,0.49062694017934544,0.018029215867707827,0.2136924889890223,162.85914791666667,0.12807930958333333,20.0115655155724,650.0,110.0,407.27588383838383,0.2509799004147781,25.0,15.0,12.0,spur
1f36db03-a39c-476c-b4c9-0bff416ff7be,99.73383682237687,54369.0900367815,62.29091633730851,8035.314347206594,175.6059641783871,34253.6583093475,47.34290273953803,769.1188605889912,0.12095995239863215,0.007524836820580808,0.5168225740753367,0.016852510951872755,0.14779532320572614,160.70628708333334,0.12595968,20.0115655155724,400.0,50.0,407.27588383838383,0.16982541343694404,25.0,15.0,9.0,spur
1f3a9eaf-b479-428f-b4e4-d61334adddd0,75.89148809761129,43823.28397864145,59.10772360464273,11037.436859365087,113.91765696137244,24970.052137027156,15.280586947593333,565.21027190893,0.16323314580303028,0.010631408561931819,0.4930499881589856,0.015602555251223135,0.2518657903983141,157.67767083333334,0.12427795595833334,22.505782674242425,650.0,70.0,407.27588383838383,0.10036192065991252,25.0,20.0,6.0,spur
1f472aa1-0ab5-4f42-a8e8-3d5c18fa8603,73.98150998563202,46568.722591837526,60.77882292838436,14310.500100282572,109.57201267562415,24380.929430180073,13.966846820075334,552.4471724721519,0.2102518411500421,0.010052156544328705,0.47134179540961696,0.01612189944095864,0.3073022342630079,159.00555541666668,0.12827526458333333,25.011565351010102,650.0,90.0,271.51725589225595,0.10036192065991252,30.0,20.0,6.0,spur
1f49243b-1fde-4409-acc0-033d60cfa359,72.4724262655583,49216.280037300516,54.504674231625025,16725.1152656728,114.77506120204055,24915.69994696089,16.65789773635868,563.7204581540876,0.23354607761616164,0.01006716426205808,0.4627942256406776,0.0152038583550362,0.33983289267551403,152.0465025,0.11870754120833334,22.505782674242425,400.0,110.0,678.7931397306396,0.10036192065991252,25.0,20.0,6.0,spur
1f6c4660-67ad-4344-a7f6-3c32915e554f,100.14780350001841,60072.07140224812,61.84565119833525,11275.045457288405,188.12048084825022,36082.56219562358,54.59371767744522,810.2680021204264,0.14113474080502947,0.007036753694255051,0.5016463860402988,0.01739400795695671,0.18769699615517768,161.07207791666667,0.12765288375,22.505782674242425,900.0,70.0,814.5517676767677,0.16982541343694404,25.0,20.0,9.0,spur
1f9591c2-d7bb-4098-a6cf-864a7952b617,93.24388507585401,61411.11470728856,60.971091149640834,14396.159625825923,174.89694182444214,34324.06112634084,46.30974331215486,770.7168536203758,0.20609386089199283,0.006665426654703283,0.483526057635101,0.016981849135895163,0.23442756572123266,159.95732916666665,0.12520575891666666,20.0115655155724,900.0,90.0,678.7931397306396,0.16982541343694404,25.0,15.0,9.0,spur
1fbd287c-283c-43a3-928b-23e9579c2724,69.98329762346829,49180.588409273165,56.53985832208364,17055.27782536439,107.1588071742484,24168.68555642013,10.504273014475439,546.8708571113401,0.2703026629630682,0.009390117797958755,0.4487203240340909,0.015395734953296797,0.34679239842155035,155.0479775,0.12035589525,20.0115655155724,1200.0,110.0,407.27588383838383,0.10036192065991252,25.0,15.0,6.0,spur
1fc2ab26-c805-4077-beac-d127a92cf52f,128.37714598042896,77775.19478014308,65.94957651685502,11471.368661567263,269.41460976578486,48691.56643894722,99.1959255009235,1087.3561196187454,0.1509918863069234,0.005050110516245791,0.5125502329884258,0.01826845001265544,0.14749839355209424,163.87669291666666,0.12908807,20.0115655155724,650.0,70.0,271.51725589225595,0.2509799004147781,25.0,15.0,12.0,spur
20745c77-bfc1-424a-8104-bed180759c18,113.11267897541477,71693.00241828669,62.48628313255814,8096.26921717013,236.01492621801313,44952.54828080821,79.61423125046323,1006.5846402665182,0.11400748558091328,0.005157601467424242,0.5199934145905933,0.017731851942659776,0.11293365400097267,161.925385,0.12991767583333333,22.517348022727273,1200.0,50.0,678.7931397306396,0.2509799004147781,30.0,15.0,12.0,spur
20b10d50-1434-44f8-8a2e-7abc1daf6cf5,45.52682258724774,33650.91089327408,52.757104532667064,13543.235894824598,45.40262925704728,15812.422938166586,-21.68202592903937,362.6722845909813,0.2834965178191288,0.01692353791702441,0.46350852662047554,0.013653353103566988,0.40246392420591376,150.4803975,0.11588665004166666,20.0115655155724,650.0,90.0,814.5517676767677,0.04796556947260091,25.0,15.0,3.0,spur
20c814fd-3f18-4835-8e6c-30feb7ebe4c0,73.41106484901252,42935.70144083138,59.90401310536715,11073.89248603133,107.86798674633515,24190.396674887274,12.958420334697369,548.0333986831894,0.16994735982281148,0.010739328429608586,0.4943108644901094,0.015811097173941392,0.2579213271249322,158.19846125,0.1274745125,25.011565351010102,400.0,70.0,407.27588383838383,0.10036192065991252,30.0,20.0,6.0,spur
2101e40c-e04f-40ae-af82-10e56097ad82,45.08548633968643,36254.20878747495,50.040319581767825,16190.788821810333,45.37080675486015,15782.382056683287,-21.31358393061046,362.58865804468934,0.32167353587415826,0.01620916827521044,0.4361621919694866,0.013416981114991787,0.44659191410330185,147.18898916666666,0.11263984004166666,20.0115655155724,900.0,110.0,271.51725589225595,0.04796556947260091,25.0,15.0,3.0,spur
2143662f-990c-4b37-83fc-a834d77da820,43.65558320367292,27676.920430289905,55.60211678792189,7706.194750146242,43.61460567992304,15661.662401047872,-23.17797389599724,359.6505851860986,0.18729085946654042,0.01881313665104166,0.5435133851862374,0.01357856229402978,0.2784349842626448,154.12389541666667,0.11944275045833334,20.0115655155724,900.0,50.0,271.51725589225595,0.04796556947260091,25.0,15.0,3.0,spur
21779a97-da50-4c45-b40a-cf04be1897d8,93.38951456862357,63978.52119434451,59.64010285216694,17339.665248505004,179.14882042363448,34580.23641309495,49.890308776902856,777.1862623638955,0.2447525856061132,0.006604884062857744,0.4734283676654567,0.016839863329462475,0.27102836989502105,157.63332125,0.12293064254166668,20.0115655155724,400.0,110.0,678.7931397306396,0.16982541343694404,25.0,15.0,9.0,spur
21d7b21b-ebfb-42b3-82e4-86f7cb42f3ea,43.273476831513726,36186.88231503476,50.399047671721384,16360.837842758136,41.953418164125644,15458.849436742488,-22.87905059462432,355.2132043481265,0.2894204524473905,0.016088445103061864,0.44916593778945707,0.012486044027800227,0.45212168402138025,148.73488875,0.11542408612499999,22.505782674242425,1200.0,110.0,814.5517676767677,0.04796556947260091,25.0,20.0,3.0,spur
21ef266f-2cd5-4045-b33e-9907a84de71e,41.50353963165614,27350.616502892226,55.86495239383259,7732.981491485431,40.26313242389024,15303.823081504974,-24.720685150390732,352.36882822426213,0.1892332472734638,0.018266089063973066,0.5398251429503368,0.013280810478918235,0.2827360860968661,154.65963208333332,0.122644610875,22.517348022727273,650.0,50.0,814.5517676767677,0.04796556947260091,30.0,15.0,3.0,spur
21fe5fbc-7549-46e2-8529-40cb50cf9c30,73.72525638908023,39459.00726747129,58.0173496280276,7811.560229806546,106.55581353135317,24055.016961870064,10.360155354429864,544.4250544560584,0.13973984856812918,0.011308369276094278,0.5136517945102063,0.015273781285146051,0.1979691125376807,156.23120624999999,0.12154409433333334,20.0115655155724,400.0,50.0,407.27588383838383,0.10036192065991252,25.0,15.0,6.0,spur
221f7adb-69c0-4cbe-9634-b64c7e7464c3,99.35531807651796,58597.6617465755,65.2426227195248,11469.17663721137,174.90315988245294,34206.67004567667,47.41634318050166,769.2224275523007,0.17401475767660984,0.006913360359196127,0.49631203765488213,0.017757412747490642,0.1957319068254275,163.84538291666667,0.13183545791666668,22.517348022727273,1200.0,70.0,271.51725589225595,0.16982541343694404,30.0,15.0,9.0,spur
2230e4ec-4665-4756-bbec-c84f43a25ec4,46.121322506137034,28086.2989040614,56.36414082188982,7735.161786899138,47.571660396385646,16075.252777150585,-20.123863098481554,368.87863740299866,0.16887890249252943,0.01900224414073022,0.5726587773523779,0.013778967353657814,0.2754081261368169,154.703235,0.12131677116666667,22.505782674242425,650.0,50.0,271.51725589225595,0.04796556947260091,25.0,20.0,3.0,spur
22c4cb72-b3b9-46ff-8ad9-f1e0d2d3b87b,73.27249373326778,46055.6696741235,55.16946229612819,13757.859034329173,113.12808849629366,24746.629155673156,15.566552447504023,559.6155158800412,0.19860218002146462,0.01051254197109638,0.4801420948166036,0.01508825121307946,0.29872606566727267,152.86510041666665,0.11951537133333334,22.505782674242425,400.0,90.0,407.27588383838383,0.10036192065991252,25.0,20.0,6.0,spur
22c513cc-2c4c-4a04-b4d2-4c933d516b05,100.82122857234039,60107.77691517352,62.1599742670583,11293.10934307966,188.64175249039195,36130.19360689861,55.00849584847549,811.4419396015156,0.14126162036353115,0.007043327157207491,0.5019507117959807,0.017420959230420786,0.18788594553151208,161.330135,0.12790830833333333,22.505782674242425,900.0,70.0,678.7931397306396,0.16982541343694404,25.0,20.0,9.0,spur
22e20d2f-df56-452f-96f3-8e85560f98be,123.35071594279452,84410.22382029815,66.82896177240939,18063.45336027341,270.3927258280991,48549.79843240979,101.44461034015183,1085.618954925547,0.2430575651191077,0.004657225384606481,0.48992786144095113,0.018770840106893005,0.2140020749393887,164.2132125,0.13222233166666666,22.517348022727273,650.0,110.0,271.51725589225595,0.2509799004147781,30.0,15.0,12.0,spur
236f10fe-3771-440f-bc12-b7e7c159c20e,39.25157920301895,27022.167243692413,54.409574517267465,7675.714040666616,37.376701412558766,14998.03049572354,-26.069024224431914,344.91858890514095,0.1691138528186027,0.018069973044665406,0.5546466628125,0.012625348549803763,0.28405326139212056,153.51427916666668,0.12274614225000001,25.011565351010102,900.0,50.0,407.27588383838383,0.04796556947260091,30.0,20.0,3.0,spur
23f0b3f7-f09d-4ca1-a387-2ed877c1ade6,98.077532772338,63450.202111085586,61.24992674202815,14439.501366320445,189.258911148429,36213.4131459071,55.36517104822713,813.4161921550575,0.17682860887457913,0.006751931583964647,0.4881257537324285,0.017434630012972713,0.2275779692901404,160.43890583333334,0.12701520624999998,22.505782674242425,1200.0,90.0,678.7931397306396,0.16982541343694404,25.0,20.0,9.0,spur
242f8677-6b97-46f7-a20d-c17d817dd06c,95.40331680851983,58928.28066741361,62.76299639388784,11349.337230481162,177.5019749446598,34743.243718639475,48.42125113251934,780.5628906819776,0.14767299728372266,0.007055724662742004,0.49821336635721813,0.01785882683919237,0.1926008733061452,162.13338833333333,0.13143743,25.011565351010102,900.0,70.0,678.7931397306396,0.16982541343694404,30.0,20.0,9.0,spur
24954797-a705-4c87-8afa-d0bc0d1258bd,40.313301769494394,29918.48745487849,53.03999291041198,10623.390808570874,37.02975444482594,14934.830412905698,-25.51900933814437,344.4079614160756,0.21669187989551764,0.017031166516256316,0.5100315955110478,0.012431790307547222,0.3550786713697643,151.76272583333335,0.12097558604166668,25.011565351010102,1200.0,70.0,271.51725589225595,0.04796556947260091,30.0,20.0,3.0,spur
24edb4a6-0bae-44ac-ab85-d5f19cb2b1d5,71.46059386511648,45721.554000450735,57.922261310760945,14029.983370915552,106.71658199745598,24025.076351423984,11.556894991270585,544.5729654057458,0.23899181740993264,0.010045131345717594,0.4685606052044402,0.015657352327898222,0.3068605206048174,155.88870333333332,0.12387368104166667,22.517348022727273,400.0,90.0,678.7931397306396,0.10036192065991252,30.0,15.0,6.0,spur
250af85d-bbac-452a-8cf9-a3d2cccdcc1a,44.29923276918587,36148.581882997634,51.913341290141446,16431.53696495558,41.810523286430005,15398.482000099315,-22.775599576058102,354.0114954786939,0.33179537773032414,0.01550315838573232,0.42966076976178447,0.013250505920568824,0.4545566568835287,149.37760666666665,0.11735127141666667,22.517348022727273,900.0,110.0,271.51725589225595,0.04796556947260091,30.0,15.0,3.0,spur
256b15e2-25d2-4fd0-9e8a-81d8a52d8e0c,112.37267674484875,83107.63647765128,62.75034101725231,17791.407067727694,253.73364248833914,47114.065052802966,89.88885737994877,1052.5458033250281,0.22874489753940452,0.004580093491119528,0.48944310229295035,0.017721797322975116,0.21408255264325093,161.74006416666666,0.12697177041666666,20.0115655155724,900.0,110.0,814.5517676767677,0.2509799004147781,25.0,15.0,12.0,spur
2574bdd0-e334-4612-8534-b07a1bd3b5da,44.13153220972008,33082.51627286856,48.34408452145946,13072.820702575984,45.987985339958065,15836.380006432582,-20.992963011973647,363.5336068534002,0.2797367742828282,0.017413480506313125,0.4810385236185816,0.013515447616560474,0.39515954368822753,145.25356333333335,0.11078143216666668,20.0115655155724,400.0,90.0,814.5517676767677,0.04796556947260091,25.0,15.0,3.0,spur
25ffc29f-2dc1-4c35-b9a3-cd2028860f0d,127.40486264056148,87623.56231249805,66.28724087402549,18118.84575024127,288.2417465875992,51493.218699193916,111.88426642527614,1150.2620606661303,0.19575127510195708,0.004686537517255892,0.49497817273332284,0.018699185411058524,0.20678715451748464,164.71677916666667,0.13127995916666665,22.505782674242425,900.0,110.0,407.27588383838383,0.2509799004147781,25.0,20.0,12.0,spur
266dc69d-9f6d-4d6e-b148-ded0605fb58b,40.61990370661566,32808.607198655176,51.38764666264449,13505.361456062417,37.14777733557707,14942.896343010621,-25.451126767008002,343.93238989348896,0.2580312488341751,0.01623064795380892,0.47480923442687284,0.012342170979022137,0.411641697598005,150.05957125,0.11927215225,25.011565351010102,1200.0,90.0,407.27588383838383,0.04796556947260091,30.0,20.0,3.0,spur
268a4975-04cf-4432-8dd1-a87e99f689a5,132.94185530279975,75064.9621032685,67.8341731107945,8303.531106998238,268.2426522908486,48689.11838283181,98.26164719167156,1086.805025312322,0.11016494281011152,0.005162960495223064,0.5240006397929292,0.018476560247764375,0.1106215626840168,166.07062166666665,0.13125605958333333,20.0115655155724,1200.0,50.0,271.51725589225595,0.2509799004147781,25.0,15.0,12.0,spur
26d28d82-7336-4cc7-ac37-b1d470c34176,113.69089409247148,82119.18343632818,64.5717989951925,17925.118476305594,252.71446795401638,46656.92247057855,91.14639639544994,1043.8433263665595,0.24197719150910146,0.004683799253040823,0.48946641831650883,0.01801261717909785,0.21828743596090908,162.95562291666667,0.13100754083333332,22.517348022727273,400.0,110.0,678.7931397306396,0.2509799004147781,30.0,15.0,12.0,spur
26deb2d3-6d1e-4e96-9f83-14be731b255f,120.69314624309213,78378.37507027751,65.94472999736547,11568.354258583591,262.18476072137827,48393.227601549246,95.90144067419996,1082.7080889451624,0.13419166119628578,0.005029715542876683,0.5109345276782933,0.018973114286801856,0.14760172258361423,165.26220333333333,0.13461871375,25.011565351010102,900.0,70.0,678.7931397306396,0.2509799004147781,30.0,20.0,12.0,spur
27206c02-85bc-4d16-a474-f10da68cf70e,75.26068319199652,43787.1232013652,58.90217192226416,11032.452579574106,113.08007176158674,24892.756202083317,14.801906418369112,564.141539984136,0.1629587268717908,0.010584512729419194,0.49255618796738204,0.015562452655149776,0.251959951622137,157.60646458333335,0.124211970625,22.505782674242425,650.0,70.0,678.7931397306396,0.10036192065991252,25.0,20.0,6.0,spur
272eff5d-8325-48e3-bf75-c5e3bdf47b86,43.325140102346396,35679.09062181331,47.71155682297204,15893.786119632978,44.15122957534889,15616.129438709542,-20.888436943321153,359.92955785282675,0.3262060863298611,0.016155657339720117,0.4467751448700547,0.013387845873570225,0.44546648017492224,144.488965,0.112526058125,22.517348022727273,400.0,110.0,814.5517676767677,0.04796556947260091,30.0,15.0,3.0,spur
27c2f228-3ed4-4099-aa8c-68d84b51b1d8,74.48174964317332,50326.83294949323,58.003026146213244,17190.224643276506,117.05930495331846,25289.67760605842,17.431426588282157,572.468873627157,0.23698397327178033,0.009728875312542087,0.4582939480138889,0.015769856511854377,0.3415757250329403,156.27477000000002,0.12288704508333333,22.505782674242425,650.0,110.0,814.5517676767677,0.10036192065991252,25.0,20.0,6.0,spur
27d65d7a-5a6f-46da-887c-2c4dfcbdcfa8,69.41744100118726,46112.99305049721,57.99928085078242,14134.12411142477,104.95492370828315,23967.224527644634,10.32404324441319,544.2475244494095,0.20816161367718855,0.009959733533059763,0.4681767831524621,0.015756074630478276,0.3065145019792215,157.04582208333332,0.12630190708333333,25.011565351010102,900.0,90.0,678.7931397306396,0.10036192065991252,30.0,20.0,6.0,spur
27ee38c5-8721-4568-b03e-63ae52bae085,130.59121676919335,84383.12119367767,66.75365119170846,14876.398369732815,287.5848661894557,51466.25039504922,111.30885766257674,1149.5374544006643,0.1624299828768624,0.004842746789783249,0.504602451671612,0.018742903710513657,0.1763018693723609,165.29331541666667,0.131857785,22.505782674242425,900.0,90.0,407.27588383838383,0.2509799004147781,25.0,20.0,12.0,spur
27ff6bdb-3def-4627-9b94-1583423e5509,41.871296368930956,33054.895150084114,50.82349758534577,13437.866895593019,39.93445737192813,15256.104862885804,-25.063870772576564,350.1187255040699,0.28105524802367426,0.016610354359185606,0.45484897461816076,0.012627154111214782,0.4065327891637603,149.30963208333333,0.11473185583333334,20.0115655155724,1200.0,90.0,814.5517676767677,0.04796556947260091,25.0,15.0,3.0,spur
2811cc8a-6339-413d-b821-ed20eab80e5e,121.6712709259068,73132.0226694111,66.0199184638666,8254.177498940384,247.4348620963521,46292.15925236838,86.46097815925492,1034.8247517805878,0.11523495914189816,0.005145496279976852,0.5212379664434974,0.018327076923022257,0.11287058737525757,165.08355,0.13308974291666667,22.517348022727273,1200.0,50.0,407.27588383838383,0.2509799004147781,30.0,15.0,12.0,spur
286d0b62-6fd9-42e8-a5ca-a8c3740ae1b3,43.46159926389089,27737.012347515174,55.3009494173828,7706.1600783704025,43.82218224023083,15695.22419399387,-22.569346189655796,360.291342265437,0.1670266163459596,0.018773981348958337,0.5621325257744108,0.013173066969985272,0.2778304444865977,154.12320291666666,0.12074242483333335,22.505782674242425,900.0,50.0,407.27588383838383,0.04796556947260091,25.0,20.0,3.0,spur
288a2107-51d5-4356-bc80-00c49b2ebb6c,126.09994856178173,83070.32583290733,68.65559747096545,15065.206168795588,274.27275470207593,49694.717903955076,104.25733219259313,1111.649798784588,0.17123016382317968,0.004857961002072812,0.5011306402449495,0.019468851956172192,0.18136114195691444,167.39117833333333,0.13676955458333334,25.011565351010102,900.0,90.0,407.27588383838383,0.2509799004147781,30.0,20.0,12.0,spur
28917cd9-7b6c-4828-b0f0-144f247800b6,45.722761173415606,28049.129731794485,56.346205303873646,7739.648258645073,46.97914540430888,16016.906583159313,-20.474875423285756,367.81677163892846,0.16799926992613637,0.018969744050557662,0.5690987198421718,0.01369900670766168,0.27593297527404165,154.79296624999998,0.12141189595833334,22.505782674242425,650.0,50.0,407.27588383838383,0.04796556947260091,25.0,20.0,3.0,spur
28a9ada3-033e-46b3-bf85-8b00fefcc762,45.24588850122507,36372.344365905345,50.69943302715437,16290.065152673918,45.28772314940978,15784.148391205474,-21.522420033619397,362.23302981812276,0.32293181345275673,0.01612899978299663,0.4335500931212121,0.013467229823826378,0.44787085072021937,148.09150166666666,0.113527731875,20.0115655155724,900.0,110.0,407.27588383838383,0.04796556947260091,25.0,15.0,3.0,spur
293d5116-9e27-4408-bb8e-c902f63ada1a,44.150110815786626,27774.604945549352,56.19867595050157,7735.712302830284,44.30724672581182,15736.099439265898,-22.86806119009125,360.96496787545584,0.18880969718434346,0.018834923926609848,0.5434495927676767,0.013760598743479797,0.2785184962917376,154.71424833333333,0.12004264166666667,20.0115655155724,650.0,50.0,678.7931397306396,0.04796556947260091,25.0,15.0,3.0,spur
295969cb-a2c2-4f65-96cb-11675f7f58a3,70.02657177047882,42706.72116803357,57.31921597328689,10940.81823135982,103.33721069787491,23789.093192450237,7.8316977259999225,538.2883986739031,0.18548228075699705,0.010337781768108165,0.48289918108207064,0.015217953509773471,0.2561880558444068,156.29740375,0.12160148220833333,20.0115655155724,900.0,70.0,814.5517676767677,0.10036192065991252,25.0,15.0,6.0,spur
29780e34-7072-4289-9a71-0cdb1b7bf79b,101.16112977438627,56649.7370580449,61.42999957776111,8042.595191385907,185.31287761754314,35793.23970170007,52.62846866071944,803.9515746741062,0.10340082129789563,0.0072934597959911605,0.5157492669000421,0.01729462386958842,0.14197473194158314,160.85190333333333,0.12743096125,22.505782674242425,1200.0,50.0,678.7931397306396,0.16982541343694404,25.0,20.0,9.0,spur
2978543a-2f5a-4071-8e7b-aae2ddec65c3,66.82556003191907,38537.12940216002,57.195892846415106,7813.085684401922,93.68460734893428,22664.3287208571,2.9869108406576643,514.4680388298939,0.14308328913236534,0.0107924962975484,0.5028231498342803,0.014843422754966386,0.20274438807985037,156.26171291666665,0.12422864904166668,22.517348022727273,1200.0,50.0,271.51725589225595,0.10036192065991252,30.0,15.0,6.0,spur
2999b721-a433-4b46-9536-fd9b1c7cf554,71.81837764194412,49359.01614802777,57.52042998885165,17110.955102352793,108.98702721194996,24318.572461942356,11.96171671124548,550.6323660199434,0.2709535081857113,0.009405119404292929,0.4494632004802188,0.015501363505614645,0.3466668708986334,155.55413583333333,0.12085052320833334,20.0115655155724,1200.0,110.0,271.51725589225595,0.10036192065991252,25.0,15.0,6.0,spur
29ebda1f-ed10-4bf8-a7c0-b731a2f398cd,75.96341474599335,40457.28503929533,59.56749364684596,7920.433886515751,111.23807634811075,24699.26504277255,13.238293681099101,558.1330462092126,0.12217337001694023,0.011111573598863635,0.514799001113952,0.015464804710811976,0.19577555393339,158.40867625,0.125006866125,22.505782674242425,650.0,50.0,407.27588383838383,0.10036192065991252,25.0,20.0,6.0,spur
29f532f0-3a43-4ebf-80e3-58b6c7bbcb3d,70.11520545924539,45085.79401293578,53.62414704345563,13598.479119506133,106.73816640345689,23977.708869001905,11.141247085834651,543.4557946760941,0.22614650499242422,0.010362891517255892,0.4708860768051346,0.014935226993081576,0.3016169243313152,151.09421291666666,0.11649107445833333,20.0115655155724,400.0,90.0,271.51725589225595,0.10036192065991252,25.0,15.0,6.0,spur
2a2f0758-65a3-453f-a2a6-bdc64bd66d47,130.3705063014348,74561.58153555372,68.629319474459,8354.126839977713,268.4526193472523,48775.602645911626,101.45202884912064,1089.9543365501206,0.09860284653758417,0.0053695340891308915,0.526005763089857,0.018907175257925117,0.11204725018933093,167.0825375,0.13650916458333331,25.011565351010102,400.0,50.0,407.27588383838383,0.2509799004147781,30.0,20.0,12.0,spur
2a3940f0-9077-4242-8b88-7bbcc8017836,70.19332814396898,49059.46039232362,58.15984892244382,17209.66137899112,105.87336849237627,23974.4877331411,10.750221687513934,543.5504371301337,0.28290743864120366,0.009356134259269781,0.44920351843102907,0.01576892879104815,0.3507954988063227,156.4514675,0.12442285433333333,22.517348022727273,650.0,110.0,407.27588383838383,0.10036192065991252,30.0,15.0,6.0,spur
2a41c144-ad06-4269-a6db-5ab0a5d5a5fd,124.77997292263203,85340.86344870385,68.19616396660632,18249.86880301182,272.62015394201427,48992.216786927864,102.45470369236742,1094.9701124124194,0.2449230727732534,0.004599598259617002,0.4896580036343118,0.01907035349539769,0.2138524813019795,165.90790041666665,0.13391765458333335,22.517348022727273,900.0,110.0,271.51725589225595,0.2509799004147781,30.0,15.0,12.0,spur
2a53b34f-beea-45fd-a4d2-05a828aa4cba,120.7843126512151,80879.2408387005,66.77984937903044,14885.149718023546,265.79814112620505,48498.37748729275,99.8158642354417,1083.5969460012002,0.17095639444439184,0.004980482207060185,0.5022641474691709,0.01873138303399887,0.18404743748355987,165.39055333333332,0.13481625249999998,25.011565351010102,400.0,90.0,814.5517676767677,0.2509799004147781,30.0,20.0,12.0,spur
2a5d0131-97e7-4394-9470-b32d49f86187,95.03212930801939,55389.53596315309,61.59329956576322,8058.908935542347,173.94493903611675,34365.81490514187,46.03774120031505,773.3105753524633,0.10801277674409722,0.0073281644827125425,0.5127243171741374,0.01769403840267432,0.14549942255890067,161.17817833333334,0.13047029208333333,25.011565351010102,1200.0,50.0,678.7931397306396,0.16982541343694404,30.0,20.0,9.0,spur
2a8bda21-838e-4275-bb8d-a3f7b03e0317,71.57143655699839,46403.99405809833,59.49395777427456,14245.718451578998,107.66478943297591,24242.560218778264,12.141477653036755,549.4926696256399,0.2091766593943603,0.010018712935332493,0.47041279065067343,0.01595569761798292,0.30699710193146296,158.28576041666668,0.12755822708333334,25.011565351010102,650.0,90.0,814.5517676767677,0.10036192065991252,30.0,20.0,6.0,spur
2aa915cd-db36-406e-9ff9-98a542a6892e,96.45989198426776,65419.54911860781,63.733018491216384,17827.746406180813,185.15734250056926,35384.820022197506,55.402272584336075,795.7895111734937,0.2229466101885522,0.00669665247075968,0.47535563180971174,0.017902791965901364,0.27251972517680173,162.07041999999998,0.1314125575,25.011565351010102,400.0,110.0,814.5517676767677,0.16982541343694404,30.0,20.0,9.0,spur
2b874dc4-d05d-45c4-87e3-96f5ce9216ca,44.96824414138862,30447.54905415817,49.50542691403595,10267.356757774565,47.83194196487508,16038.70582904869,-19.280891567586643,367.9288194888968,0.21174627361553033,0.018516304597748317,0.5505830399284511,0.013335691753441327,0.3372161138363979,146.67652625,0.11339953858333333,22.505782674242425,400.0,70.0,271.51725589225595,0.04796556947260091,25.0,20.0,3.0,spur
2c03a9be-884c-4824-b352-8b4993889760,43.443824196490354,30461.325621918815,54.75218266412462,10715.13220464725,41.7832101778044,15440.507355272252,-23.403338816791294,355.1715706631231,0.24276558064309764,0.017275991155039982,0.4958521311963384,0.013433972609164702,0.3517629081611815,153.07331916666666,0.12105529425,22.517348022727273,650.0,70.0,678.7931397306396,0.04796556947260091,30.0,15.0,3.0,spur
2c3e585b-c7c0-4fab-bb84-6d539c260c9a,74.16924670626823,43650.3047001332,58.333031948025805,11005.191837495084,111.3509782874771,24719.24954586313,13.624754932977323,560.2754360682151,0.16230950332512625,0.010528238141845538,0.4920484606073232,0.015443786454608192,0.25212511491576794,157.21702583333334,0.12381631258333332,22.505782674242425,900.0,70.0,407.27588383838383,0.10036192065991252,25.0,20.0,6.0,spur
2c574ab2-8134-400c-90fa-f9860b76db8e,42.92708266720923,27556.10609473321,57.05649656073345,7787.329779789615,41.88550025955371,15462.376729974756,-22.88649723132908,356.30639022741957,0.17176723907996636,0.018311584360690233,0.5627674769743266,0.013538527003806635,0.28260006333369775,155.74659791666667,0.12498997866666667,25.011565351010102,650.0,50.0,271.51725589225595,0.04796556947260091,30.0,20.0,3.0,spur
2c7bacb4-f12e-40d2-a001-e35da8701b3d,120.84018016915769,78809.57324527639,63.30763646117706,14445.234600155893,260.93465592139455,47207.12509247326,96.17354928146932,1054.778021928528,0.1987264739732744,0.0049972199690761785,0.5011717502575758,0.017974112507178605,0.1832979855077391,160.50260416666666,0.1285233,22.517348022727273,400.0,90.0,271.51725589225595,0.2509799004147781,30.0,15.0,12.0,spur
2d641994-f039-4979-a383-0b89712c864c,45.071285151470775,30558.505076480473,53.558071954990126,10581.10173475386,45.42886217705578,15783.043607627622,-19.80963399528865,363.7017256155648,0.21793321637310606,0.01781519058238636,0.5390138449736954,0.013805774938799618,0.34625856776522995,151.15859708333332,0.12039097541666666,25.011565351010102,400.0,70.0,407.27588383838383,0.04796556947260091,30.0,20.0,3.0,spur
2d795780-450e-4e61-8763-27d04627f91f,112.0803080675435,83090.5339926184,62.46560227983704,17763.489988921807,252.55230733070027,46973.328786432765,89.22960619072063,1049.6589579817112,0.22829372312847226,0.00456746464241372,0.4892621238874368,0.01767467085766391,0.21379073345129665,161.48627166666668,0.12671331458333332,20.0115655155724,1200.0,110.0,678.7931397306396,0.2509799004147781,25.0,15.0,12.0,spur
2dff0c93-ceca-4324-988c-c01ab52f2b8d,115.5134145578254,75611.52574943127,64.8138298692434,11471.10507710782,244.8568427305719,45945.16742788483,85.3924631814961,1028.1901125648076,0.15853833591439392,0.0049886489127840905,0.5093281411135838,0.018009497278258832,0.15171572315646983,163.87293125,0.13189842291666667,22.517348022727273,650.0,70.0,678.7931397306396,0.2509799004147781,30.0,15.0,12.0,spur
2e4840c2-3401-4c71-a265-2a432b2893d0,136.6238327751418,85302.21801959402,67.94931082582963,14917.59746530046,297.67195919289827,52426.72292282633,117.33262273056589,1170.7433092663657,0.1627162326296612,0.004866913076367845,0.505481639902883,0.01901890323358526,0.17488542734738263,165.75108208333333,0.13231097291666666,22.505782674242425,1200.0,90.0,271.51725589225595,0.2509799004147781,25.0,20.0,12.0,spur
2e92e5ad-8b9f-4643-985e-1beea1bf03b2,72.76018597601752,39627.669934034864,59.13528715875845,7894.761401860692,103.9384173413908,23828.208480497375,8.523443780764515,539.8557225781738,0.13960296433285987,0.010949391801357324,0.5069199756668771,0.01529214371950468,0.19922604828459492,157.8952275,0.12316733604166667,20.0115655155724,900.0,50.0,271.51725589225595,0.10036192065991252,25.0,15.0,6.0,spur
2edf1c5c-6d08-4012-8b53-6999031ff4ca,73.13110681140401,42707.25529197414,57.21362773354991,10864.978504326054,108.25173240039898,24224.075661979863,11.50884426942767,548.4189597369517,0.18556230665167295,0.01071217629782197,0.4905814756999157,0.015369801199447919,0.25440906509469685,155.21397791666666,0.12054523908333332,20.0115655155724,400.0,70.0,678.7931397306396,0.10036192065991252,25.0,15.0,6.0,spur
2ee697b7-dcf0-48e3-b51d-4a4a90e7572a,93.88094291603043,64959.63594794218,61.4836734513038,17611.308957848618,178.03025952529254,34614.67021125422,48.65584296825497,777.8342837358482,0.2469502452528935,0.0063686416107954546,0.4710141089401831,0.017104672272716046,0.2711168767567162,160.10281041666667,0.12533998625,20.0115655155724,1200.0,110.0,407.27588383838383,0.16982541343694404,25.0,15.0,9.0,spur
2f0a88a3-6cbc-4e40-b218-c33a6d38bc6d,109.70910884930241,78618.39496276538,62.74036325521906,14579.028057260735,241.27996684665413,45562.88614456903,83.0538343773731,1020.2520190549843,0.19895228418718433,0.004776418581186869,0.4977010278775251,0.0178381898521181,0.18544591432474303,161.98920083333334,0.12999104458333333,22.517348022727273,900.0,90.0,814.5517676767677,0.2509799004147781,30.0,15.0,12.0,spur
2f579143-25eb-49a7-8994-ad9e44ba22fd,102.62584354987519,55228.5851381226,66.47481022012022,8247.00897848395,176.28203555671166,34339.03550638993,48.41609601582887,771.9911542577647,0.12808284067832493,0.007324834296738215,0.5141312351875,0.017767510770757427,0.1493284881142573,164.94017833333334,0.132948355,22.517348022727273,650.0,50.0,271.51725589225595,0.16982541343694404,30.0,15.0,9.0,spur
2f919335-0c6d-4a62-9115-0ca6a49afa38,101.75093458292217,58837.83738425275,63.9357477453559,11351.066840966618,182.48457047264523,35065.88647987872,51.241440710338615,787.3983648852667,0.16542484253203915,0.0070488274738320705,0.49974740667929285,0.017373804802131534,0.19292539155239352,162.15809875,0.127382,20.0115655155724,650.0,70.0,271.51725589225595,0.16982541343694404,25.0,15.0,9.0,spur
2f995d32-cb0f-4109-8eba-c9a07773a86a,40.26980364962968,29988.86073674746,52.89918679919368,10624.07226346743,37.70995203092781,15017.739402817226,-25.545915151884085,345.08982919267186,0.21649435658301766,0.01710690522764099,0.5116237078878367,0.012490993533041839,0.3542681806021399,151.77246041666666,0.12100837091666666,25.011565351010102,900.0,70.0,814.5517676767677,0.04796556947260091,30.0,20.0,3.0,spur
2fac19ea-d39a-47f7-a963-f6cf1ffbe1a2,42.67369907304122,32694.837139750904,45.988706278006966,12843.857226275917,45.02384474159121,15722.401597881153,-21.39715929862599,361.2376175884315,0.2778830717349537,0.017575074819970535,0.4866293123966752,0.013197772707973393,0.3928421435707363,142.70952624999998,0.10829060066666667,20.0115655155724,400.0,90.0,407.27588383838383,0.04796556947260091,25.0,15.0,3.0,spur
2fc5e854-8c51-4873-a7b6-da844421a58f,72.95044051347173,49766.177127933974,60.075933518488654,17408.514633554016,109.68578034685605,24386.934681569463,14.151811860907376,552.5873043425701,0.24752416568750002,0.009547710585185186,0.45334296271106894,0.016146393162404325,0.3498101036615455,158.25922208333333,0.12751463958333334,25.011565351010102,900.0,110.0,271.51725589225595,0.10036192065991252,30.0,20.0,6.0,spur
2fd6f1d2-cf33-4c18-be13-a777a921378e,71.73051653685044,45653.984953204104,55.53267098092207,13792.040097626843,108.97951616014647,24269.756999511166,12.193182272531281,549.8345968234363,0.22775404736500424,0.010243625775263047,0.47014796067308495,0.015310307289307499,0.30210285206455967,153.24488958333333,0.11860769145833333,20.0115655155724,400.0,90.0,678.7931397306396,0.10036192065991252,25.0,15.0,6.0,spur
2fda708f-7c56-4788-87ca-3ac7a636e1c5,126.48802297568243,78260.69544573367,64.41599276628769,11406.805492481202,273.59603355304097,49596.78571067145,103.66066637648119,1107.8518957149674,0.1277474215485901,0.005157199430313552,0.5160567658028199,0.017891433663259335,0.14575884327999894,162.95436375,0.12958749208333334,22.505782674242425,400.0,70.0,814.5517676767677,0.2509799004147781,25.0,20.0,12.0,spur
3006581e-63c1-4ebe-96c6-fa90f446cfd7,43.282834841204746,30451.336895754535,54.72586492359793,10718.775487766097,41.60873443351807,15425.804060179771,-23.54179420566119,354.94440950888753,0.24244192063941497,0.017262137701388888,0.4957988937428451,0.01339988130802859,0.35199792613585884,153.12536541666665,0.12111011875,22.517348022727273,650.0,70.0,814.5517676767677,0.04796556947260091,30.0,15.0,3.0,spur
300b6b5c-6358-4fa0-8299-1ba5eb69aec0,41.766008407924936,27415.615548556267,56.27295331421212,7757.580671485851,40.65499986446317,15339.894238813293,-23.97756289410236,352.5275265666684,0.17045490317403197,0.018257345074547557,0.559875835893308,0.013242962190535954,0.2829630022729022,155.15161333333333,0.12440455358333334,25.011565351010102,650.0,50.0,678.7931397306396,0.04796556947260091,30.0,20.0,3.0,spur
3066be94-17c2-4272-a178-5fd19d618bc1,68.87173856103675,42746.91909413618,57.89016449121469,10999.927793629437,102.55558059864126,23721.20636178927,8.366331339265912,537.8499952601939,0.16846274272295872,0.010411592358964647,0.4859828533018729,0.015562406307497464,0.257330302585453,157.14182541666665,0.12640328125,25.011565351010102,900.0,70.0,814.5517676767677,0.10036192065991252,30.0,20.0,6.0,spur
30d1dfed-6741-445a-b850-9a9eb4cfa5e2,42.0127257794488,35857.47615860482,51.05989803790628,16436.853768047607,38.434671843573994,15063.418505755986,-24.244120010426006,347.18368142689786,0.29616142887184344,0.015553149513562712,0.4462911422285353,0.012524206589780986,0.45839502425134726,149.42594291666668,0.11863500295833333,25.011565351010102,1200.0,110.0,407.27588383838383,0.04796556947260091,30.0,20.0,3.0,spur
311a366d-0280-43ef-ac73-622b68abe29c,44.73030114652868,27822.13440280435,56.00333251013064,7715.548685041704,45.257851306745856,15828.347186692585,-22.25774856597755,362.82364221081866,0.18791959396022728,0.018942528533091335,0.5481946340824915,0.013863786421628617,0.2773179935258848,154.31097375,0.11963768562499999,20.0115655155724,650.0,50.0,407.27588383838383,0.04796556947260091,25.0,15.0,3.0,spur
312f5c53-e976-4430-b6ec-23f8de544e2d,116.67694900182045,78866.11779579804,62.93524111558618,14518.823676164904,255.36819288122655,47033.934952230054,91.64831758718927,1051.4997119681166,0.1897902330075968,0.004900050912573653,0.501097525567761,0.017537484875598853,0.18409964529547893,161.320265,0.12660271666666667,20.0115655155724,400.0,90.0,814.5517676767677,0.2509799004147781,25.0,15.0,12.0,spur
316ea9f7-932b-4a66-973b-06846338627a,41.893037252169364,35775.70210541109,50.30618777831181,16331.452271030656,38.6805262216156,15093.593129573635,-24.935686417516106,347.24459946259486,0.3296253281007997,0.015339226033164989,0.4265106382316919,0.01266810233374509,0.4564966951974599,148.46774875,0.11644827520833334,22.517348022727273,1200.0,110.0,407.27588383838383,0.04796556947260091,30.0,15.0,3.0,spur
31d0e48d-d29f-41b5-8612-5046f1441f2e,69.00556991444678,39107.411998189884,58.980844188738615,7905.590352481614,98.65460085622485,23255.658918965495,5.416939097662684,527.1319316001188,0.1442152753984638,0.010866598308122897,0.5048764501948653,0.015277759538444584,0.20215327515449666,158.11180666666667,0.12609899125,22.517348022727273,650.0,50.0,814.5517676767677,0.10036192065991252,30.0,15.0,6.0,spur
32198f72-3dc9-4350-aedc-6e3e997dcf6b,127.44688997820106,81853.79763962218,66.60260663014975,14793.071063250529,273.5527799203753,49173.1023209379,101.50714893999022,1098.1063659647127,0.19107624702093856,0.004805107654703282,0.5014562541590909,0.01846952541313661,0.1807306534701245,164.36745833333333,0.12956652333333332,20.0115655155724,900.0,90.0,271.51725589225595,0.2509799004147781,25.0,15.0,12.0,spur
322cb539-249f-4fcc-b5a0-78170da075f5,96.62431984750121,58203.130161750836,62.08958594455064,11266.79604057706,174.9061056331484,34292.002578913474,46.612938613379306,770.841844690326,0.16459757769886363,0.006973950579808503,0.4978908553728955,0.01700958101156665,0.1935813940022819,160.95422958333333,0.126189405,20.0115655155724,900.0,70.0,407.27588383838383,0.16982541343694404,25.0,15.0,9.0,spur
323869a2-2719-4a48-93e8-8c5fe2d8f83d,126.88665167170943,83464.02238146936,68.75550140442303,15076.85773390557,275.30908544831925,49847.687380222014,104.62234965118273,1114.7963013796373,0.17129622518702653,0.00482923160496633,0.5007043995866476,0.019596925826719284,0.1806453051331873,167.52064291666667,0.13689269333333334,25.011565351010102,1200.0,90.0,407.27588383838383,0.2509799004147781,30.0,20.0,12.0,spur
3252cc74-cf85-4214-8616-0a5468df26ef,72.29573365346654,49378.533832538094,57.39622649976327,17078.412527902565,110.2538686198938,24444.05076122476,12.537463391270254,552.4650338633917,0.2708228609001473,0.009472304855481901,0.45017088691719276,0.015563903395372086,0.3458707814091131,155.25829625,0.12056356166666667,20.0115655155724,900.0,110.0,271.51725589225595,0.10036192065991252,25.0,15.0,6.0,spur
327e6e33-3df4-434d-84aa-ab9c85fab625,37.970491478151594,29557.21322998853,50.560093373465754,10465.397095128803,34.90351479432227,14728.954055874698,-27.821614694768403,339.1128446421948,0.238249994985585,0.016931239801978113,0.48769336807933494,0.012022364008402111,0.35407331273315196,149.50567375,0.11749498983333334,22.517348022727273,1200.0,70.0,678.7931397306396,0.04796556947260091,30.0,15.0,3.0,spur
32d82af3-1d08-47dc-a854-3575ad5a3993,124.78467823404331,72613.3193464488,66.98067445243586,8268.343734384152,253.86454036214383,46817.10250204245,91.55645731658605,1046.9543724123082,0.11588786432054926,0.005306621719065656,0.5237636738223906,0.018208911878504118,0.11387165063452852,165.36687416666666,0.13342340166666666,22.517348022727273,400.0,50.0,407.27588383838383,0.2509799004147781,30.0,15.0,12.0,spur
331c1684-5980-41f5-88b5-e3a2fcfb8122,75.16621695676591,50403.3601988813,58.555467712363374,17236.4123528995,116.6621544787064,25225.750825408013,17.251216298386,570.6500391207077,0.23735322692234848,0.009639149780502945,0.4577216880122054,0.015764636177051573,0.34197357152838204,156.69465625,0.123285306875,22.505782674242425,1200.0,110.0,271.51725589225595,0.10036192065991252,25.0,20.0,6.0,spur
332ed227-85b5-404b-a7aa-5b4b9a7a7ac3,121.44507315623028,80935.59104681923,66.94473326857654,14893.337071352127,266.5442579907691,48559.833917589654,100.47379220581885,1085.4609490601758,0.1709799524809028,0.00498428893280724,0.5022408519917403,0.018755101535352023,0.1840203899944973,165.48152416666667,0.13489895041666666,25.011565351010102,400.0,90.0,678.7931397306396,0.2509799004147781,30.0,20.0,12.0,spur
33512097-f882-4307-99dc-c05ac7e645d4,43.87220782498642,36300.55683105101,50.8155802609308,16397.50825574495,42.751456952444386,15541.450500026427,-22.436288811848993,356.8914894232523,0.2898870857900884,0.016117969115267257,0.45001269107039144,0.012640524082512759,0.4517161476853187,149.0682575,0.11574842416666666,22.505782674242425,1200.0,110.0,678.7931397306396,0.04796556947260091,25.0,20.0,3.0,spur
33532ded-ae63-46d8-a96b-c006548feae3,97.48160266859544,59180.01877581281,63.670492534819886,11403.155054445117,178.68741224307797,34849.02077129422,49.57173383951033,784.0100195259428,0.1480355031497264,0.007027303578945706,0.4981725745966961,0.018019461888553082,0.1926910120392347,162.90221541666668,0.13220851416666665,25.011565351010102,1200.0,70.0,407.27588383838383,0.16982541343694404,30.0,20.0,9.0,spur
339b3175-46d2-4c38-ac2b-f07e8422a7b7,73.67868339617414,43004.950088548634,58.57358007097084,10977.402846256235,108.12277557316344,24246.18826348911,11.16881057265795,548.6244321189621,0.18635015514583333,0.01051886992538931,0.48718357131144785,0.015490023222476041,0.2552621701073469,156.82003833333331,0.12211074025,20.0115655155724,650.0,70.0,271.51725589225595,0.10036192065991252,25.0,15.0,6.0,spur
343f1603-1625-420b-9561-58abccd02420,91.63380839308249,61190.04118936061,60.00752731978256,14321.401309908186,172.48710903155043,34060.77453095771,44.82146259948073,764.9723200150547,0.20542612577256944,0.006643754875662879,0.4828370800393519,0.016833768624112302,0.23405288258026713,159.1266825,0.12438264958333334,20.0115655155724,1200.0,90.0,678.7931397306396,0.16982541343694404,25.0,15.0,9.0,spur
348f1a05-6a5a-40e8-853e-64b9abf7c985,41.52896952068024,27440.841775802477,53.81318411616277,7641.210453105415,41.41874930965536,15444.912487104993,-24.18509419073236,354.0593092727103,0.16807627854177187,0.018666289548400675,0.5556937653510101,0.012722341980961546,0.2784621533205912,152.82420958333333,0.11945171583333332,22.505782674242425,1200.0,50.0,407.27588383838383,0.04796556947260091,25.0,20.0,3.0,spur
3525b8d0-a3ec-4f9e-8373-a08da54d6b0e,70.07979737893736,46012.83331944069,57.02597141142057,14023.132191586288,105.58035203221607,24022.885798764135,9.27834976323425,543.3341140734781,0.22915568624915827,0.009843546783754209,0.464898934421612,0.015357147273539944,0.3047690225550851,155.81258208333335,0.12112189358333332,20.0115655155724,900.0,90.0,814.5517676767677,0.10036192065991252,25.0,15.0,6.0,spur
35684af9-1b26-46dd-b0be-f4f46ab9696a,44.71029063516816,33273.45717592692,51.21043151231959,13361.797160551978,45.10516220188513,15728.755189428965,-19.736146788440358,362.34572731260863,0.26225021680408256,0.016964270115835442,0.5010682703082913,0.01358960519961675,0.40157673774203784,148.46441291666667,0.117697217625,25.011565351010102,400.0,90.0,678.7931397306396,0.04796556947260091,30.0,20.0,3.0,spur
35962144-dddb-4bba-a667-7d3fc82c408d,45.58603200101858,33717.93221161838,53.04381223163344,13590.57881764609,45.17499341523723,15791.397717386308,-20.979747788672483,362.63007528486486,0.25433918572548403,0.01697170762152778,0.4842493267940868,0.013128539782848607,0.4030679504815336,151.00643375,0.117645884125,22.505782674242425,1200.0,90.0,271.51725589225595,0.04796556947260091,25.0,20.0,3.0,spur
35bcd5c0-1f76-45d8-9b02-0071223bdaa2,73.03955373385158,46007.98682536232,58.75974273987965,14088.91305431861,109.26207885282766,24280.01143195962,14.318353893064659,550.0621351188662,0.2083571068114478,0.010322085643276515,0.47649281285279876,0.015790016849212243,0.3062311677800294,156.54348083333335,0.125802005,25.011565351010102,400.0,90.0,271.51725589225595,0.10036192065991252,30.0,20.0,6.0,spur
36117dba-3b66-4feb-b90d-a99ff33a8748,103.74630136743654,56642.92775172333,63.155624792616415,8113.986611795943,187.82667746136568,36013.44948347619,54.57077504775343,808.5856915725766,0.1041543062899516,0.0073800042812815665,0.5177217884995791,0.017385558054941797,0.1432519876728534,162.27972958333334,0.12886125499999998,22.505782674242425,650.0,50.0,678.7931397306396,0.16982541343694404,25.0,20.0,9.0,spur
36317a3b-c82f-4fee-8fde-d813e7140b0c,72.81553948427293,42959.26540179213,58.639932971808996,10997.686191356466,106.37177199465009,24073.082854913493,9.99958817170466,544.5792819473482,0.18620579613599542,0.010408646872601011,0.48515598613468025,0.015408689284892495,0.2560057357445465,157.1098025,0.12239095158333334,20.0115655155724,900.0,70.0,271.51725589225595,0.10036192065991252,25.0,15.0,6.0,spur
36589477-07f4-47b1-a5de-7bd6904a3ef9,120.95229097465622,72873.67354766016,64.31189207576914,8167.477387911303,250.94325445834863,46764.07254218665,88.4238499216241,1045.8305699201096,0.10944764390440867,0.005181193300747054,0.5227641316649831,0.017702660789696477,0.11208082232302247,163.3495475,0.12857823833333334,20.0115655155724,650.0,50.0,678.7931397306396,0.2509799004147781,25.0,15.0,12.0,spur
36b54762-47ea-4664-8ec4-8e7c48eb4564,116.48251223222681,83713.12152636064,66.09416654269366,18119.740606630632,254.67822796330643,47042.80165735902,91.73266855978167,1052.5834976346684,0.24317130210216747,0.004556675005902778,0.4878005779037038,0.0184993808793708,0.2164564475811859,164.72491625,0.13272182791666667,22.517348022727273,1200.0,110.0,407.27588383838383,0.2509799004147781,30.0,15.0,12.0,spur
36d536a5-b658-4562-a918-395102d53b2b,94.43573956256128,54059.61431034409,62.586941188194544,8088.070847589599,165.04162688238125,33133.0840515809,40.94094036252822,745.26611653068,0.12634772504355007,0.0072813125597643085,0.5113169182398989,0.01710296700649378,0.1496175521996119,161.76141541666667,0.12974874,22.517348022727273,900.0,50.0,407.27588383838383,0.16982541343694404,30.0,15.0,9.0,spur
36e9b880-a1b5-4688-b408-75982f4ca9d8,44.217609092576666,30607.613260423972,55.64338855592648,10778.74781805618,42.640250995662065,15521.785679846551,-22.156040828454447,356.91023580163574,0.21892043102883,0.017362218801083754,0.5203744869938972,0.013515399078597128,0.3521600885788701,153.9821125,0.12321825495833333,25.011565351010102,650.0,70.0,407.27588383838383,0.04796556947260091,30.0,20.0,3.0,spur
37128ad8-beba-4803-9750-73eface05495,88.14882784148197,53401.11515057891,58.86124575203296,7921.172276292303,159.01761501641948,32490.74565985709,36.97965838343565,731.8590662969841,0.1244599004811658,0.0072734984719802186,0.5096938795718644,0.016627214294910504,0.1483372630717569,158.42344541666668,0.12640178083333334,22.517348022727273,1200.0,50.0,814.5517676767677,0.16982541343694404,30.0,15.0,9.0,spur
376b96fe-2bfc-46f6-9261-eeec89560ef1,120.18574474124439,74761.2903025301,64.44544432404675,8200.503025782893,257.716355120602,47930.514795173105,92.47657468833343,1071.8676695478557,0.0969255598337963,0.005194779469044613,0.5220464301339962,0.018824654658061588,0.10969363842586803,164.01006083333334,0.13334474291666668,25.011565351010102,1200.0,50.0,814.5517676767677,0.2509799004147781,30.0,20.0,12.0,spur
3790b3ac-1457-4f03-b095-1348a2696538,111.9108802307696,82560.85721348626,64.50734150003616,17971.78109948892,249.16598027765403,46426.068283155495,88.24953667338697,1038.7976784331495,0.24201253864841116,0.004603049516550926,0.48827919084008836,0.018119430741698556,0.21768508664785238,163.37982833333334,0.13139834333333333,22.517348022727273,650.0,110.0,678.7931397306396,0.2509799004147781,30.0,15.0,12.0,spur
37fa2609-b305-49a5-8fc1-d51f1907a89a,94.38396035682992,64993.93714720845,61.689423044316285,17623.031185387186,179.38981740313582,34758.307646710346,49.346286350038206,780.3061934483785,0.24698903257460017,0.006399217182723064,0.4715040252849326,0.017155530142722104,0.27115409043983957,160.209375,0.12544882291666667,20.0115655155724,900.0,110.0,407.27588383838383,0.16982541343694404,25.0,15.0,9.0,spur
386878b9-131e-4874-88da-bcab11738265,40.752436969074864,30070.791837615263,53.24283274322133,10646.359768252585,38.32760825731549,15083.567776261443,-24.87771216121041,348.0300232059587,0.22081970392403197,0.017082140213531147,0.511027682260627,0.012655133730488924,0.3540442808858835,152.0908525,0.12132318525,25.011565351010102,900.0,70.0,678.7931397306396,0.04796556947260091,30.0,20.0,3.0,spur
38955143-3abb-4ece-aa9d-ca37013d20c9,75.47301471889818,43363.85183040774,57.55358099228744,10895.409641230684,113.48896941923657,24848.046133514497,15.545362980938837,562.556987141625,0.16244948383827862,0.010870037028040826,0.4978704559463385,0.015314060051846434,0.25125892435444036,155.64870916666666,0.12227743233333332,22.505782674242425,400.0,70.0,678.7931397306396,0.10036192065991252,25.0,20.0,6.0,spur
38acda2b-4ede-422d-bdaa-69ad8ed90ad2,43.259646990247155,30563.459809634707,53.142607541358146,10628.6395637874,42.953684781332306,15591.850167683646,-22.823754601648773,358.10337039723237,0.21836167116761365,0.01766706278409091,0.5138069104251896,0.012889131346914865,0.34775760846480935,151.83770916666666,0.11849292533333333,22.505782674242425,900.0,70.0,814.5517676767677,0.04796556947260091,25.0,20.0,3.0,spur
38c8c662-e135-4deb-8e41-c69fdfa3520c,43.79258449746309,30630.479820368822,53.50839687127169,10646.123875341322,43.477814675445615,15641.855861086546,-22.611741567585188,358.36560961089316,0.21579838314130895,0.017719463645843855,0.5165910320884889,0.012972559626766038,0.34756744570351694,152.08748291666666,0.11873609291666666,22.505782674242425,900.0,70.0,678.7931397306396,0.04796556947260091,25.0,20.0,3.0,spur
39226abd-7b14-4075-999a-15b694ae23e1,103.50582242865059,67445.55903968193,67.20203610975165,18180.172896716413,193.7518749659794,36386.14919547487,60.10286855537915,816.7954057719021,0.2248081901677189,0.006490054118571128,0.4739186059736953,0.018808786095904764,0.2695594650047451,165.27429958333332,0.13460442541666667,25.011565351010102,1200.0,110.0,271.51725589225595,0.16982541343694404,30.0,20.0,9.0,spur
3944d914-d81d-4abe-971a-0a6fa909c770,43.15169516750721,35935.596748255644,51.37745164640525,16401.21696657989,39.76898894239934,15189.256130698433,-23.98479102395793,349.51078681391715,0.3317358963179714,0.015339486398095539,0.4269264162734639,0.012877508866777956,0.45640691534898914,149.10197208333332,0.11707299879166666,22.517348022727273,1200.0,110.0,271.51725589225595,0.04796556947260091,30.0,15.0,3.0,spur
39aaba15-463e-4886-9018-cfd409f9d2e4,93.81882562381354,64960.135411327785,61.54358973719334,17617.412097457698,179.70551799010605,34819.156695410085,49.3939383209511,781.4221181192962,0.2467654620747054,0.006424505214656987,0.47195144508722653,0.017193458098454486,0.2712086389521672,160.15829083333333,0.12540761083333332,20.0115655155724,650.0,110.0,814.5517676767677,0.16982541343694404,25.0,15.0,9.0,spur
39e6e0f4-efc4-4619-8173-4023ecc79d64,115.63287524826215,78736.46552374894,64.98059177099071,14714.770833285955,250.71243314741486,46456.33680870964,89.65316162910072,1038.4718091753577,0.20101095923048196,0.004876462880324074,0.4997818224148253,0.01798767518417846,0.18689144159313345,163.49745416666667,0.13155358166666667,22.517348022727273,400.0,90.0,678.7931397306396,0.2509799004147781,30.0,15.0,12.0,spur
3ab0923e-cde4-4add-a053-33eaadd047f2,72.58443492670963,43019.56320346268,58.643229642783844,11008.345384926635,106.90983945380937,24154.249214185777,10.117393510977687,546.1802493341154,0.18645154280139942,0.010435527631997055,0.48508730249168763,0.015505990434074425,0.2558947231467802,157.26207666666667,0.12255365408333334,20.0115655155724,650.0,70.0,678.7931397306396,0.10036192065991252,25.0,15.0,6.0,spur
3b30dbe5-09eb-46d1-ad6e-27f621bc4ca1,69.94791154102191,48508.16601112255,56.00785058744621,16897.376453306457,106.82507339697463,23988.39631137847,11.894252673925111,543.4803459494246,0.28032957603314396,0.009622657824231903,0.45223278469560185,0.01553496103471001,0.34834455065499065,153.6125125,0.121594202375,22.517348022727273,400.0,110.0,407.27588383838383,0.10036192065991252,30.0,15.0,6.0,spur
3b8f69f4-ecc4-4435-9f85-29724b78fc44,72.00824810653708,49255.933780547464,57.99146876167839,17144.04583458615,110.70184342962189,24456.26506819624,15.239760061576627,554.5252158764077,0.245517070081755,0.009856879526893939,0.45833213058522726,0.01588746052402029,0.3480643820654982,155.85496208333333,0.125115163625,25.011565351010102,400.0,110.0,814.5517676767677,0.10036192065991252,30.0,20.0,6.0,spur
3c0f6078-e196-473f-a134-e3fd9e72145c,97.28190760804488,59074.12852580657,63.99010230768393,11424.208157401335,179.85164924331622,34987.81988270227,50.41277451698796,787.2665505885939,0.14864124089741163,0.007091420271622476,0.499560412858165,0.01795077471156516,0.19339264416221194,163.20297250000002,0.13253145291666665,25.011565351010102,650.0,70.0,814.5517676767677,0.16982541343694404,30.0,20.0,9.0,spur
3c434082-162b-415f-a49b-53cbd9700e12,113.98526733641118,85072.50822706382,64.30545916662244,17999.304647884343,262.76009290893086,48472.415902470006,96.12266615042206,1083.7463189909613,0.2033814359714331,0.004683932091803451,0.48978737581755044,0.018949197147148537,0.21158312752172834,163.63004208333334,0.13295323208333334,25.011565351010102,1200.0,110.0,814.5517676767677,0.2509799004147781,30.0,20.0,12.0,spur
3c5bc552-8d6a-41f9-8b8d-dc0f4cc76650,133.28447623601488,88713.27270724469,67.53575034261601,18179.784383092785,299.0200184762153,52568.42710685505,118.23303610183684,1174.3524192620591,0.19524033610448233,0.004705848613657407,0.4960223951084806,0.019028698552335934,0.2049340307273916,165.27076708333334,0.1318289,22.505782674242425,1200.0,110.0,271.51725589225595,0.2509799004147781,25.0,20.0,12.0,spur
3c61cf74-64ae-4845-884e-f490f19827d1,41.18296271515546,30136.43316963116,52.07459858710307,10554.824281781719,39.501983281165195,15222.488626486716,-25.486468475855972,349.5960569269327,0.23631532626167928,0.017513174177135944,0.4904660607382156,0.012651834232752167,0.3502355613761137,150.78320375,0.11617335604166668,20.0115655155724,1200.0,70.0,678.7931397306396,0.04796556947260091,25.0,15.0,3.0,spur
3cdbd3db-ad03-4e8b-8e90-4d48e85e3433,96.2047833462507,62517.521193378896,63.898837235883974,14667.14259342097,181.91233213478785,35200.08038920965,51.926663489464744,791.7518313730261,0.18640336263894153,0.0068160416969065656,0.4860844350984848,0.01802612148970838,0.2346140317627274,162.96825125,0.13229220791666665,25.011565351010102,650.0,90.0,814.5517676767677,0.16982541343694404,30.0,20.0,9.0,spur
3d7fe911-64d0-44b1-bfd8-e516a2108cfa,124.59311225614354,86928.39149613206,68.50261807278608,18386.785507388984,277.21948234018515,50040.00124359247,105.91224368732983,1118.1804077957424,0.2064051057941919,0.0046693316369633845,0.4907462555117845,0.019622037329055722,0.21152346051190699,167.15259541666666,0.136516375,25.011565351010102,1200.0,110.0,407.27588383838383,0.2509799004147781,30.0,20.0,12.0,spur
3e4ac639-3719-4535-a945-3ba9d0784132,75.38615142198445,50389.31764405418,58.469326230917495,17215.478063038932,117.4832780868762,25306.133665206533,17.91753580839252,573.1239084550896,0.23721457691287876,0.009706756659069865,0.45843235315056813,0.015785654444365818,0.34165340288714274,156.50434375,0.12310082345833334,22.505782674242425,900.0,110.0,271.51725589225595,0.10036192065991252,25.0,20.0,6.0,spur
3e7bd33e-d8b2-48fb-9dc3-578794be0296,44.82443973828013,27765.304084910484,56.90867144489202,7754.876668790563,45.23383775237594,15795.668476257231,-20.431947580276717,364.07080956333147,0.171427601190867,0.018673997194970537,0.5782405551957069,0.013970519768288815,0.2793021652286271,155.0975325,0.12435548441666666,25.011565351010102,400.0,50.0,678.7931397306396,0.04796556947260091,30.0,20.0,3.0,spur
3ea55983-95e8-4755-bea0-754641c339bc,116.60697400587907,79782.47368728569,63.83341026691007,14636.709210060666,255.40133097449714,47240.4962997773,91.02659207511651,1055.129103964483,0.19043001775289353,0.004795559997569445,0.5001554794712753,0.017777265570745455,0.18346301374351914,162.63010208333333,0.12786235791666667,20.0115655155724,650.0,90.0,678.7931397306396,0.2509799004147781,25.0,15.0,12.0,spur
3ed448cf-6f02-477a-bc72-2f6c8cd34129,71.07260937485,39470.82073688653,58.238550506010576,7862.818634022576,102.33649303152883,23677.989636841172,7.206689663236275,535.7953192564613,0.1392539340406671,0.01093010460770202,0.5056908549365531,0.015165829356777294,0.1992084426440254,157.25637375,0.122541087875,20.0115655155724,900.0,50.0,407.27588383838383,0.10036192065991252,25.0,15.0,6.0,spur
3edeb111-4adb-472d-a5a8-6da2e0ff2e08,117.36467408840055,81717.47802153135,65.29493502589936,14813.250396828784,262.9268218695069,48480.47849804222,96.44140624370999,1084.7528673457803,0.16944000204803236,0.004859766097253787,0.5001553260820182,0.018946508280205887,0.18128026979659462,164.59167083333332,0.13394229833333335,25.011565351010102,900.0,90.0,814.5517676767677,0.2509799004147781,30.0,20.0,12.0,spur
3f18268b-39b3-4f28-8044-ded4bd53ee2a,35.62660655798888,26465.071979230892,51.243825041988046,7529.445246256387,33.28331887374595,14567.91826955473,-28.520094383059067,335.68398741862296,0.166854073632681,0.01787762990677609,0.5500828177714647,0.011678196990942332,0.2845056621163295,150.58890416666665,0.11981775762500001,25.011565351010102,1200.0,50.0,678.7931397306396,0.04796556947260091,30.0,20.0,3.0,spur
3f3cf5f7-21c6-430b-b1eb-c97911c447f6,42.38817651228493,30286.767524283907,54.573104275464324,10718.636987081938,39.8214116743882,15228.060997654879,-23.76104914833838,351.1371015836753,0.21802761549295033,0.01718593951999158,0.5138592164094067,0.013003508098723447,0.3539059199705752,153.12338666666668,0.1223451805,25.011565351010102,900.0,70.0,271.51725589225595,0.04796556947260091,30.0,20.0,3.0,spur
403113c0-38dd-4d91-a7f5-b3ae3529ee82,44.984194033230395,36402.86125587587,51.297150352338804,16388.87969434771,44.309385314990166,15690.856185544362,-22.142759424433272,360.1508491581008,0.32331932777546296,0.0160020421010101,0.4309918659768519,0.013348899851125966,0.45020973585773244,148.98981625000002,0.11441596916666667,20.0115655155724,900.0,110.0,678.7931397306396,0.04796556947260091,25.0,15.0,3.0,spur
40313de7-5499-42e5-a056-10b277bcc3e1,128.22522834166926,76517.30069506897,64.19046131519623,8177.036802810708,273.28240563906365,50000.57258918753,101.9684332641571,1117.3638371346217,0.09238684643267045,0.005147426889215068,0.5248681343730008,0.01831006936158887,0.10686956607999176,163.54073541666665,0.130111815,22.505782674242425,1200.0,50.0,678.7931397306396,0.2509799004147781,25.0,20.0,12.0,spur
407959f0-f3a2-4e07-b773-6a0379ad2a4f,43.311196841872686,30081.03644838661,48.27521059106841,10172.381897876847,45.455166489383494,15784.992288975664,-21.305612232264455,362.6468113376761,0.23543557668507992,0.018456237477114903,0.5251829849747476,0.013369856195282269,0.33816749807673574,145.31974333333332,0.11083323362500001,20.0115655155724,400.0,70.0,271.51725589225595,0.04796556947260091,25.0,15.0,3.0,spur
409cd8c2-c53e-486b-ace1-ec184f1527bd,128.03855800861768,88103.80670545255,66.48752725866831,18153.206089814837,289.6316751854908,51738.29483137279,112.50902487022533,1155.7794817028741,0.19564179567397938,0.004658976636332069,0.49467087233207063,0.018836791162233045,0.206050135754087,165.02914625,0.13158781208333334,22.505782674242425,1200.0,110.0,407.27588383838383,0.2509799004147781,25.0,20.0,12.0,spur
4135e097-73e5-4bfd-a885-0c340a921dff,72.85980903569312,46187.68223252225,59.14167417598748,14152.995653377779,109.55524806504262,24359.976497146698,14.349684314356686,552.7080878938046,0.20901027884038298,0.010260276294907406,0.47511490113878363,0.015868670618267966,0.30642720621378816,157.2555075,0.12652771833333334,25.011565351010102,400.0,90.0,814.5517676767677,0.10036192065991252,30.0,20.0,6.0,spur
417e3441-350d-44a4-93c1-78441fa56841,46.06874694323317,36639.00903274066,51.48337895093326,16399.765070859627,46.58219987796126,15924.077141756023,-19.927161709505487,365.77460549015655,0.2903966714560185,0.01636246591172138,0.45780827291456233,0.01326236243538618,0.4476052256122227,149.08877541666666,0.115762492875,22.505782674242425,900.0,110.0,407.27588383838383,0.04796556947260091,25.0,20.0,3.0,spur
41830502-695b-46de-a35a-c03bdad5c803,126.95139738842333,81757.50311118424,68.7916740192404,14995.716157506127,269.51790083343224,48637.501963427676,100.66408703355103,1087.4503143278578,0.20337819799915824,0.004789406980176768,0.4996961431832385,0.018999904338707376,0.1834222848691269,166.6190675,0.13463701625,22.517348022727273,900.0,90.0,271.51725589225595,0.2509799004147781,30.0,15.0,12.0,spur
4198fb6d-c3b8-424f-abe8-3341d2141ba5,74.63352427488455,50318.64710105746,57.97322463953824,17179.297078778513,117.31894282178585,25309.646963240917,17.664311782502175,573.0627266009233,0.23694628718223903,0.00974469964363426,0.4591254146750842,0.015772791672283702,0.341414193864706,156.17542749999998,0.12278698787499999,22.505782674242425,650.0,110.0,678.7931397306396,0.10036192065991252,25.0,20.0,6.0,spur
41fd68ef-7f40-4bbc-ac23-f538b63a01de,43.98376290880706,30249.320350283382,49.337673771987426,10254.482472600224,46.014524295120616,15851.089006843793,-21.17260386466335,363.53665445023967,0.2363477094225589,0.018397063642255893,0.5217343648337542,0.013542521152858788,0.3390002718934588,146.49260583333333,0.11198326295833333,20.0115655155724,400.0,70.0,407.27588383838383,0.04796556947260091,25.0,15.0,3.0,spur
42097367-44d2-4d59-a344-9db12adf65b5,36.418949968724114,26521.345311612007,51.45237905556974,7528.414673177944,33.91002547842917,14632.41479795672,-28.719488635909162,336.55892075500327,0.185899665924032,0.017951811538562713,0.5314089903706859,0.011961710721421008,0.28386314613315994,150.56829291666668,0.11854534779166666,22.517348022727273,1200.0,50.0,407.27588383838383,0.04796556947260091,30.0,15.0,3.0,spur
4233fa8a-f7f7-4d18-b723-93acbda96f64,41.862808845389125,35210.52122757887,43.06404389219147,15344.298173539572,45.54897808600424,15751.35719927155,-20.204282025560964,361.2855475742562,0.2827948277584175,0.01711740763515362,0.48780168647474753,0.012675423071996525,0.4357890054990619,139.49361875,0.10634404262500001,22.505782674242425,400.0,110.0,271.51725589225595,0.04796556947260091,25.0,20.0,3.0,spur
425218f0-ac52-49f1-8a52-e7f9e11be5d2,111.2608659085011,57893.466477708076,66.01407009556576,8233.136035755586,196.32529037747054,36935.839006487375,59.9605630121503,829.528195820722,0.10478103957813552,0.007302193382596802,0.5183607623483796,0.017966505861351727,0.14221589090429373,164.66272,0.13122458125,22.505782674242425,1200.0,50.0,271.51725589225595,0.16982541343694404,25.0,20.0,9.0,spur
42721896-4649-4aa9-9894-7552c5ed7611,115.39177768283324,78782.8588294641,64.94780711403581,14716.769526387041,250.78917287297656,46492.19759494855,89.71171126731903,1039.8791602180033,0.2012832071318918,0.004871787461258418,0.49941388971822387,0.018002628781988512,0.18680683607840443,163.51966124999998,0.13158429583333334,22.517348022727273,400.0,90.0,814.5517676767677,0.2509799004147781,30.0,15.0,12.0,spur
4299e321-22de-4537-9a54-bd621bb1f586,106.07903313538036,55899.491323844646,66.84588251721397,8254.387044462626,185.80252142420252,35446.289347921804,55.553198817235284,796.936765203805,0.11019904850392466,0.007575350522643098,0.5191168505137836,0.018097961800809245,0.14766855289047717,165.0877416666667,0.13444586249999999,25.011565351010102,400.0,50.0,271.51725589225595,0.16982541343694404,30.0,20.0,9.0,spur
43a12912-dbf1-4e1a-928a-ecd55709a91d,128.9618303676433,86590.68960370657,68.43204790110016,18245.10276237255,286.2327299514134,50631.56735961028,112.62826479524833,1131.556201049211,0.2054152628661616,0.004799593577167508,0.49302709862026517,0.01948996545283613,0.21071152707369792,165.86457,0.13522850875,25.011565351010102,650.0,110.0,271.51725589225595,0.2509799004147781,30.0,20.0,12.0,spur
4407b6b4-e104-4e40-8006-dd78d117202a,131.89555169319834,88003.60261793357,66.77553236203485,18083.4584028743,296.23664940118397,52139.62915243112,116.65522389041361,1164.2908998692103,0.19481067068728952,0.004739051788289142,0.49593397806523565,0.0188084399025759,0.2054916940164664,164.39507625000002,0.13095835,22.505782674242425,900.0,110.0,271.51725589225595,0.2509799004147781,25.0,20.0,12.0,spur
4481ea3c-bfcf-4c38-a06e-e4f9dc706227,70.72269974490749,39908.27803512456,56.202465977402326,7779.563120031919,105.16806985152367,24076.661242707763,9.481858407440512,546.0293669011493,0.12058945491193183,0.010939531449631732,0.5085673391265781,0.014967862916673803,0.1949391181490233,155.59126125,0.12220905470833333,22.505782674242425,1200.0,50.0,814.5517676767677,0.10036192065991252,25.0,20.0,6.0,spur
44862ee4-5670-4542-8372-17a22ed6764b,71.76562376933303,39466.296823785284,58.50289716367689,7866.977183735887,102.16686086944684,23632.08894082221,7.397491913893408,534.9832125289255,0.13933651433491162,0.010895023201536198,0.5052097845038932,0.01513089327219617,0.19933663630291718,157.33954458333332,0.122615569125,20.0115655155724,1200.0,50.0,271.51725589225595,0.10036192065991252,25.0,15.0,6.0,spur
44b7c56f-d2da-4130-9f85-1bc1dc50a373,74.28469117009932,46449.31843143947,56.40684277536159,13885.69497622275,114.6239580427147,24947.75640690548,16.33620732871183,564.5548364561574,0.19975481292792507,0.010420112335679712,0.47881506970265153,0.015328371803438903,0.2989465828685198,154.28550083333332,0.12092630291666667,22.505782674242425,400.0,90.0,814.5517676767677,0.10036192065991252,25.0,20.0,6.0,spur
450d1715-9393-43df-a1a1-63da2b9a69d6,70.56272681580491,49502.544175772135,58.61156911418184,17305.22598640215,107.53027705522067,24213.587875973797,12.187422966287373,548.8886265120404,0.24624111687899836,0.009546766415425085,0.45328407621559336,0.01598146530699688,0.34958656300489027,157.32023583333333,0.12657117833333334,25.011565351010102,900.0,110.0,407.27588383838383,0.10036192065991252,30.0,20.0,6.0,spur
45504450-df67-4daa-86bc-c4877f437ff2,72.53555242162007,39254.32250116414,59.90947710983452,7912.6236157814965,103.11996275536133,23660.739591611327,9.24887845393343,537.259015328915,0.14515331386000635,0.011141848133785773,0.512239795216856,0.015498674661390504,0.20157587235662014,158.25247125,0.12623803708333334,22.517348022727273,400.0,50.0,271.51725589225595,0.10036192065991252,30.0,15.0,6.0,spur
462e51a8-ec0e-4b8b-ac32-0dd1b2e8194a,75.14770225655842,43805.391075506894,58.841986243256216,11032.135717068415,113.02203503899713,24894.83227210875,14.657654966287556,564.0142336352613,0.16296968082922975,0.010569031779661196,0.49224155472948233,0.015574506220454103,0.2518476608405391,157.60193791666666,0.12420919241666667,22.505782674242425,650.0,70.0,814.5517676767677,0.10036192065991252,25.0,20.0,6.0,spur
46af4cb2-75f9-43a1-8323-14808257560d,113.08321105984827,75391.72968227671,63.54096632000671,11395.209249287916,241.05711582240036,45532.75716452164,82.81002594770015,1019.1306027192635,0.15773605915464012,0.004965845461805556,0.5084977741757681,0.01789148341759834,0.1511514827115027,162.78870333333333,0.13079199083333334,22.517348022727273,900.0,70.0,678.7931397306396,0.2509799004147781,30.0,15.0,12.0,spur
46f07325-a5ef-4465-b482-02cefd88b5cf,41.367137097731444,30223.632750726243,51.811387062031656,10545.665491558391,40.35237880549133,15316.762329085883,-24.236763052732403,352.43276346985687,0.21485335071117423,0.01759901165601852,0.5109084231801347,0.012380311433158684,0.34892220769798965,150.65236541666667,0.11731504604166666,22.505782674242425,1200.0,70.0,678.7931397306396,0.04796556947260091,25.0,20.0,3.0,spur
46f17758-f038-4090-9859-e169b7feedc3,124.90796049777184,82999.76733409487,65.02559544405597,14745.715264273194,278.6219406399963,50416.66796687091,106.04011669508087,1126.1733252823553,0.16199012890819653,0.004875373935174664,0.5044186132956651,0.018316798348835702,0.17766563947947944,163.84127958333332,0.1304273175,22.505782674242425,650.0,90.0,678.7931397306396,0.2509799004147781,25.0,20.0,12.0,spur
4755e59e-ede6-4bf5-aa5b-6ed909ddf398,44.80609787598823,36248.124836509414,51.45210742869422,16373.69189442326,43.6555242541021,15594.15704971295,-21.661580819858774,358.58933458344353,0.33124910921454126,0.015711352872190658,0.43389379186174243,0.013561815649975474,0.45171271349952397,148.8517425,0.11683869375,22.517348022727273,650.0,110.0,407.27588383838383,0.04796556947260091,30.0,15.0,3.0,spur
478595b2-ecca-44ea-9ff9-7170ff7d74a3,70.03799993226258,45861.5316509041,58.54060366695655,14147.080425370603,103.97402012624741,23803.856455602017,9.250686771806972,539.7669291260958,0.23931775981902353,0.009806397120812292,0.46514794832144357,0.015655336126000657,0.30847720035744836,157.18978458333333,0.12516850583333333,22.517348022727273,650.0,90.0,678.7931397306396,0.10036192065991252,30.0,15.0,6.0,spur
4874668f-24cc-479e-b9a8-522c341204a3,88.17841879814898,53295.691400410615,58.987324941252965,7925.830661680694,158.29639864950497,32390.75504839694,36.572071480132095,729.0981333609589,0.12448542606962332,0.007276109146085859,0.5099236880287248,0.01658813857117583,0.1487180943562794,158.5166125,0.126493805,22.517348022727273,1200.0,50.0,678.7931397306396,0.16982541343694404,30.0,15.0,9.0,spur
4878d5e2-05bd-441a-8364-08a9e9d8e570,63.218830638084874,38251.79597439622,54.72708725898446,7708.780993256995,91.38174825787205,22453.21288358053,1.1171965014697587,510.0528785173178,0.14159711358854166,0.010798566821559346,0.5013009915867003,0.0145275696585097,0.20152998815797604,154.17561833333335,0.12215320579166666,22.517348022727273,1200.0,50.0,678.7931397306396,0.10036192065991252,30.0,15.0,6.0,spur
4889a587-a105-4fd9-92c4-35f9564992bd,73.75006287429427,49770.89746963465,60.19640848262623,17389.060243433934,111.16717714812903,24516.804437647603,15.260279306137955,555.1537239498977,0.24740192235037878,0.00963926356288931,0.4559418404601221,0.016165981239723144,0.3493859955191432,158.08236541666668,0.12734190416666666,25.011565351010102,650.0,110.0,271.51725589225595,0.10036192065991252,30.0,20.0,6.0,spur
48a821b0-eeea-4f01-8163-a7d19d6d8176,35.17636122497992,26382.878171262946,50.45189366925994,7487.06117385919,32.88832712650993,14531.004737815827,-29.28786247226112,334.982291853293,0.18509398872537877,0.01792224743323863,0.5295279526843435,0.01167245424585487,0.2837855169516312,149.74122458333332,0.11773650508333333,22.517348022727273,1200.0,50.0,814.5517676767677,0.04796556947260091,30.0,15.0,3.0,spur
490ea002-90d1-45c7-99e3-792f07d89abf,39.742971344864685,32668.811030544373,50.26880592128856,13410.531309630775,36.5697691134659,14896.54829380673,-26.494790488858577,343.4590116909016,0.2858328098062921,0.016078841207091753,0.45282323255871215,0.012269409037823125,0.4105004378690818,149.0059025,0.11699976466666667,22.517348022727273,1200.0,90.0,814.5517676767677,0.04796556947260091,30.0,15.0,3.0,spur
494bb558-dbd7-443d-aad9-3d58f311f172,44.46559070459993,27624.045856659985,55.42246499331678,7664.448314729231,45.040311606411265,15770.615514272191,-21.287263952333806,362.92330243121177,0.191659699836069,0.018805601998000843,0.5585032914974748,0.014036153004730819,0.27745693038130853,153.28896749999998,0.121266016125,22.517348022727273,400.0,50.0,271.51725589225595,0.04796556947260091,30.0,15.0,3.0,spur
4a08005f-3cc1-40c2-835b-4a71a34ca2e7,43.73372383300214,35785.983243365576,48.33962100221706,15972.247953891616,44.44136631434097,15635.93129906629,-19.840544176569814,360.2748653627312,0.29362514717413724,0.016369244280723907,0.4726987817844066,0.013326342487013325,0.4463284181010178,145.20225541666667,0.11443610091666667,25.011565351010102,400.0,110.0,678.7931397306396,0.04796556947260091,30.0,20.0,3.0,spur
4a106739-fb25-46ac-96bf-9317e490fa1f,72.74373257429332,46057.451555387,58.73050361022551,14105.220355416595,109.21920927664763,24303.221267730172,14.34529082577874,551.7055955425611,0.20864812624789567,0.010304062538909935,0.47514787228661615,0.01582210995442535,0.3062563529966985,156.72466958333334,0.12598649458333333,25.011565351010102,400.0,90.0,407.27588383838383,0.10036192065991252,30.0,20.0,6.0,spur
4a66fe2a-65c2-4d64-acf6-15927d1d005d,98.11507380620547,54819.45016094082,62.46818827497276,8075.154615822677,172.88387036865012,34085.2957414584,45.08679189731359,765.4199474904884,0.12100138200407194,0.00728904350005261,0.5131249283437502,0.016968203951707353,0.14730805465468494,161.50309333333334,0.12673420666666665,20.0115655155724,900.0,50.0,407.27588383838383,0.16982541343694404,25.0,15.0,9.0,spur
4ae7f762-61e1-44f6-8e3a-9cc89e24db60,67.34754924536969,45791.98692022977,56.49691283144666,14013.197368119674,102.46271804579423,23702.238837695073,8.599024624873042,538.1907046805426,0.20703757366414144,0.00993028903862584,0.46714798296443605,0.015524744280784101,0.3060224515958477,155.70219166666666,0.12494546570833333,25.011565351010102,1200.0,90.0,678.7931397306396,0.10036192065991252,30.0,20.0,6.0,spur
4cf3145c-befb-4d2a-91b9-53fa7841969c,44.433056506997474,27888.37612923826,55.811923299546784,7725.4772065969555,45.33715211283401,15852.853942960706,-21.75265954596285,363.32661590262114,0.17276078079008841,0.018814824116940243,0.5607980303556397,0.013452589446444264,0.2770153813476482,154.50954458333334,0.12114159658333333,22.505782674242425,650.0,50.0,814.5517676767677,0.04796556947260091,25.0,20.0,3.0,spur
4cf5045c-525e-466f-9bf9-3285d638952f,110.61429385563113,82905.10061131822,61.86746693644844,17710.32935394238,250.89328071686109,46808.30832378046,88.32480416246563,1046.9962563175018,0.22787082029192968,0.004567739359522306,0.4890512468893308,0.0176042395973855,0.2136276959782886,161.00299416666667,0.12623702333333334,20.0115655155724,1200.0,110.0,814.5517676767677,0.2509799004147781,25.0,15.0,12.0,spur
4cf50f29-9314-4e75-894c-636590667044,67.78637021782615,42363.947143833655,55.831414997284604,10848.466412841122,100.45110631368652,23475.73316344935,6.0339020268717585,531.0578689570757,0.184547221449758,0.01030237274056187,0.4815710725507154,0.014921164214402744,0.2560809207945925,154.97809208333334,0.120300160125,20.0115655155724,1200.0,70.0,814.5517676767677,0.10036192065991252,25.0,15.0,6.0,spur
4d2726f1-25b5-4662-a9b3-f98793a12bd0,43.800668879220176,32989.32918646836,47.734785085602795,13012.314323170169,45.81738554003848,15814.870010218901,-21.027045834446675,363.2335256516155,0.27925656827398987,0.017457986631576182,0.48254753881523565,0.01344310992278528,0.39444166506479794,144.58126958333332,0.11012266933333333,20.0115655155724,400.0,90.0,678.7931397306396,0.04796556947260091,25.0,15.0,3.0,spur
4d54f13b-d66a-41dc-9cdc-a9d43539ad39,65.97038872116146,48296.23667259075,55.66147026879028,16988.54737379316,99.15049033462275,23261.45113050379,6.344091689974336,527.411032021031,0.27998129899221375,0.00926785071561448,0.44671828920880674,0.01520039653791614,0.35176081157236855,154.44134166666666,0.12240535641666667,22.517348022727273,1200.0,110.0,407.27588383838383,0.10036192065991252,30.0,15.0,6.0,spur
4d784dd6-4d72-4782-a8cc-0d38ea0bed6a,124.63012442085288,85021.85415680274,65.83180266436314,17965.121179061938,274.8369403861467,49215.96255095841,102.34731364286979,1099.6588003304034,0.22966792204056188,0.004629588494507576,0.4913067970451388,0.018408460979256778,0.2113057842763604,163.31928208333332,0.12852613999999998,20.0115655155724,900.0,110.0,271.51725589225595,0.2509799004147781,25.0,15.0,12.0,spur
4daa2a2e-3f67-4873-bab1-cde726e3b161,119.51015650792178,75541.50203300423,63.55433683785123,11340.654797315497,254.01928199508563,46889.58768422387,90.80735342560051,1048.2106557007417,0.15004666559491794,0.0050980414396254205,0.5122731483059764,0.017533177528894942,0.15012924686964435,162.0093525,0.12727933,20.0115655155724,400.0,70.0,678.7931397306396,0.2509799004147781,25.0,15.0,12.0,spur
4e1e2c4a-25fd-4ae7-acdc-a185d6d74ccb,98.86801198168827,65731.74247423322,63.352162995352835,17737.88110497762,186.07338914294195,35428.51100612121,53.33586079599838,794.7130944686187,0.24792080015961698,0.00640986944553872,0.47249927343623743,0.017497271579894218,0.26985777433788455,161.253465,0.12647824833333335,20.0115655155724,900.0,110.0,271.51725589225595,0.16982541343694404,25.0,15.0,9.0,spur
4e492a45-5c95-4f93-888a-b5c059a6b8b1,75.30030991138042,47055.449059366416,58.41459306546791,14106.335341571876,115.81726197747612,25153.36834921555,16.562869431045364,568.9898385769732,0.2014763019537037,0.010195638238731061,0.47456731384027784,0.015676419027237744,0.2997848986693513,156.73705916666668,0.12334178875,22.505782674242425,650.0,90.0,407.27588383838383,0.10036192065991252,25.0,20.0,6.0,spur
4e6e7e16-0382-4a46-8776-b36138a0260f,95.05390272802026,58931.10755041885,62.58254719924478,11338.628068200305,177.4329744767596,34743.508048127616,48.399685150936655,781.0324429079802,0.147594154272359,0.007052995717045454,0.4983352471759258,0.017838176233047728,0.19240992654214384,161.98040125,0.1312841125,25.011565351010102,900.0,70.0,814.5517676767677,0.16982541343694404,30.0,20.0,9.0,spur
4e8d96d4-418e-4c8d-82ff-74fa1de12d39,75.04650082191063,47090.91464717854,58.50328271160051,14126.79935307848,115.32350223105637,25116.7100217609,15.969538723755619,567.2621477061929,0.2010018706021675,0.010145572740393518,0.47497248254103536,0.015680635447971273,0.2999936255924548,156.96443708333334,0.12357227175,22.505782674242425,650.0,90.0,678.7931397306396,0.10036192065991252,25.0,20.0,6.0,spur
4edc635d-a903-4bbf-aadd-db0f8ec7d6af,71.38928959725405,50004.119059135635,56.444405223865026,17087.143633907766,112.79599483866612,24888.0906218153,14.359715605619161,563.4457775484765,0.23581786631029036,0.009584818171201598,0.4561390443298611,0.015518108852190285,0.34171891507564817,155.33767,0.12195027683333333,22.505782674242425,1200.0,110.0,814.5517676767677,0.10036192065991252,25.0,20.0,6.0,spur
4edda7f8-a152-4863-8e18-4465ea2535f8,126.95066830076658,87073.92460243708,65.87803702305081,18053.38248461551,287.57819550221797,51304.96721064296,111.76135571425014,1146.2675054005065,0.19531546503998315,0.004735784820854378,0.4955591965390887,0.018546413023331647,0.2073404455071668,164.12165916666666,0.13069575083333332,22.505782674242425,650.0,110.0,407.27588383838383,0.2509799004147781,25.0,20.0,12.0,spur
4f12a08f-6ed4-4dea-b521-0ca795951ca2,71.76132291382957,49281.6461834457,56.64101052761451,17006.415962084862,110.66581266731252,24501.508315019037,12.956108874744968,554.8999677271048,0.27005744710984847,0.009556955946980217,0.45092775789688555,0.015580366831137523,0.3450898066568811,154.60378208333333,0.11992836083333334,20.0115655155724,650.0,110.0,407.27588383838383,0.10036192065991252,25.0,15.0,6.0,spur
4f2d9215-012c-4315-bad3-ce8c464f369b,90.16575249939251,64509.916345387894,59.691843255884955,17462.0186809369,173.9386701032345,34223.68094520112,45.74022489827689,768.6295973649109,0.24569403278025043,0.006361805180818602,0.47039272257328485,0.016888472464464944,0.27069267574249145,158.74562416666666,0.12400588891666665,20.0115655155724,1200.0,110.0,814.5517676767677,0.16982541343694404,25.0,15.0,9.0,spur
4f3447fe-c355-48fe-a181-df94847648f7,43.16654212516576,36122.3196158271,51.909602804100565,16521.532618560403,40.30322078365728,15261.457426456933,-23.093049604636885,351.665659994749,0.29722248961300507,0.015647714273137624,0.44812428674547555,0.012832249741344955,0.4573784803890624,150.19575208333333,0.11942288266666667,25.011565351010102,900.0,110.0,814.5517676767677,0.04796556947260091,30.0,20.0,3.0,spur
4f5fc497-f156-4744-af9a-1615b16c36de,73.182704396463,50190.166640677,57.470462570816196,17167.13689481629,114.6203537979436,25054.436668433376,15.826413454281067,567.5064553445368,0.23626629260058923,0.009624857159185604,0.45714801058712123,0.015635910997389632,0.342045819522516,156.06488,0.12266408920833333,22.505782674242425,1200.0,110.0,407.27588383838383,0.10036192065991252,25.0,20.0,6.0,spur
4f96b86f-5c4a-4563-baf6-77435b680cc3,93.886538606753,62355.176513937564,62.489037437355044,14560.461637746354,179.40026655793645,34956.73784267269,50.092227662552425,787.3062234405602,0.185267748160564,0.0067797522138362785,0.48482588935332493,0.017920509661051163,0.23351420201948023,161.7829075,0.13108201583333332,25.011565351010102,900.0,90.0,814.5517676767677,0.16982541343694404,30.0,20.0,9.0,spur
4fa075af-4be4-4f98-9660-7590c177959b,91.098158165569,60653.847149143025,61.51378630629244,14441.980596333053,166.7405183615382,33283.17958073588,42.519077725465976,749.221837311426,0.2158076622968224,0.00662981818739478,0.4811585791846591,0.017126670300703868,0.2381099607399262,160.46644958333334,0.12844051083333333,22.517348022727273,1200.0,90.0,407.27588383838383,0.16982541343694404,30.0,15.0,9.0,spur
4fe1225f-0972-49c0-a755-d8ff976aeea5,124.96855111866105,81358.27203734167,67.48902762375859,14901.759382168415,272.08098579435426,49070.73479552846,104.5127947299029,1098.1456100859639,0.17086083319960016,0.005010789727104377,0.5029817783613741,0.01888882445920147,0.18316794272488468,165.57510416666665,0.13497578416666667,25.011565351010102,400.0,90.0,407.27588383838383,0.2509799004147781,30.0,20.0,12.0,spur
50625f1e-727a-4843-a5f7-1688cbc5853f,41.401858493736555,35768.182995376344,50.14353447114799,16345.184819174903,38.27139518652443,15063.706188885066,-25.291477905568264,346.87863369745327,0.32960407429976857,0.01530325202823022,0.425616698898569,0.01255841456808405,0.45697658421427095,148.59258791666667,0.116585477125,22.517348022727273,1200.0,110.0,814.5517676767677,0.04796556947260091,30.0,15.0,3.0,spur
50841df6-e167-41be-ae2a-cc9701d3aa32,70.91939306043801,43281.38542203248,56.233987312696165,10882.196582784834,107.77090690972253,24355.08894516942,11.126648989992049,551.9491248571547,0.1613479593310185,0.010445347105713383,0.4883102467768307,0.015149235385669828,0.25143261322935273,155.45995208333332,0.122076423625,22.505782674242425,1200.0,70.0,814.5517676767677,0.10036192065991252,25.0,20.0,6.0,spur
50901ed1-7c7c-405d-9a2d-dae0d6e37077,119.2904185838109,86610.16725295817,63.26129683097468,17867.853239190372,276.9966989163341,50397.385155731805,104.54466984331059,1126.2484315008317,0.19369270486474116,0.004658022987100169,0.4936648281420981,0.018335905121570264,0.2063090107629326,162.43502916666668,0.12900401333333333,22.505782674242425,1200.0,110.0,814.5517676767677,0.2509799004147781,25.0,20.0,12.0,spur
50e0a14b-2728-4645-9960-5022b1ae603f,44.60134005067488,36302.919198911,50.922230884893004,16347.372603077252,43.71462222968871,15626.994726474162,-22.575519859326004,358.2550386637706,0.32305586200031566,0.01597627327672559,0.42978459141151093,0.013207956226138497,0.4503057817177376,148.61248125,0.114032908625,20.0115655155724,1200.0,110.0,407.27588383838383,0.04796556947260091,25.0,15.0,3.0,spur
510f4794-ecaf-435a-8ad2-1f6029a26e54,126.29985857182629,74111.30021654278,65.80789899357369,8233.135515759901,257.66706515613384,47576.72314085147,92.07492886959133,1062.882604314694,0.10965299449180345,0.005124169218949915,0.5227178697521044,0.018080789096481982,0.11109519061522731,164.66271208333333,0.12986108208333333,20.0115655155724,1200.0,50.0,407.27588383838383,0.2509799004147781,25.0,15.0,12.0,spur
51ea911b-446a-49c8-ae2b-2acd2307005f,121.12028177341836,84729.37860919001,63.253221110199576,17759.867948737356,276.509908386397,49803.50070523196,105.79720384391793,1112.8768206001394,0.19381111506444657,0.004841002181050084,0.4958359209060921,0.017836642851097692,0.20961324486649865,161.45334333333332,0.12808073791666666,22.505782674242425,400.0,110.0,678.7931397306396,0.2509799004147781,25.0,20.0,12.0,spur
526f1a40-b770-4076-9d3e-07b97a28eb02,100.90328687646945,66923.80058955109,63.02417880166633,17747.2943000092,195.86056575746034,36771.101033225044,60.457009509057244,826.1191455540878,0.2127026816133207,0.006609464283606902,0.478425846629998,0.017588041951675102,0.26519237338342033,161.33903833333332,0.12791408333333334,22.505782674242425,650.0,110.0,407.27588383838383,0.16982541343694404,25.0,20.0,9.0,spur
52883f04-1fe8-4401-a577-0a8adcd6e06f,70.66533974776137,45289.3072573092,54.31524952140517,13670.291831702234,107.49742498490819,24079.361762564145,11.489449117103614,545.6693934760846,0.2266517279243477,0.010315769427882997,0.4711290184568603,0.015066274704142226,0.3018472173319811,151.89213125,0.11727598958333334,20.0115655155724,400.0,90.0,407.27588383838383,0.10036192065991252,25.0,15.0,6.0,spur
52d455f6-9b47-45b0-986a-8fd9658f7165,116.42295759358265,72615.24732155587,62.068861018028656,8073.144458323814,244.79548765477213,46120.995418415354,84.51481194919836,1031.9019329351972,0.10849096727852484,0.005124474418150253,0.5214615544750105,0.01745602081277002,0.11118077849988246,161.46288916666666,0.126698405,20.0115655155724,1200.0,50.0,814.5517676767677,0.2509799004147781,25.0,15.0,12.0,spur
53071b97-2eb4-4efb-9fba-fb8f0f073e48,43.26609437451274,36129.00159870647,50.5863866582943,16363.754872563708,41.48053410560812,15407.567770523803,-23.856343548354282,354.1058660255498,0.32275889267476854,0.01582694586447812,0.42647640034175077,0.012853639103923807,0.4529267904220833,148.76140666666666,0.11419314395833334,20.0115655155724,1200.0,110.0,814.5517676767677,0.04796556947260091,25.0,15.0,3.0,spur
538ac339-b697-4668-9284-dd67cb7c9263,120.51689327155796,72881.42913994617,64.1459723879342,8161.723884009905,250.59115723468094,46742.10907204882,88.10750018935471,1045.0960533019313,0.10937954183817339,0.005176382245275673,0.5226645137437922,0.017699363470420018,0.11198996984293014,163.23447833333333,0.12846901041666667,20.0115655155724,650.0,50.0,814.5517676767677,0.2509799004147781,25.0,15.0,12.0,spur
54325680-4d5a-4238-8e2b-ec066332a039,125.23514598531622,79737.95489195558,64.25290975892321,11442.826087930698,274.70201659535445,50114.918116209,103.0900243790952,1119.7485068014632,0.12724042024421295,0.004996698520949073,0.5139981165051556,0.01828987866868122,0.14351066805117013,163.46894333333333,0.13004736125,22.505782674242425,900.0,70.0,814.5517676767677,0.2509799004147781,25.0,20.0,12.0,spur
54488881-369e-43b7-9568-0832f6f23717,46.18817748879024,36629.492214428574,51.27270385316237,16363.340526750164,47.05182094754045,15968.911807959652,-19.58937705625985,366.9185179768363,0.2902885724464436,0.016423279950704965,0.46055560424915826,0.013319363419252737,0.44672713716486306,148.75764125,0.11545340733333333,22.505782674242425,650.0,110.0,814.5517676767677,0.04796556947260091,25.0,20.0,3.0,spur
549706b9-4147-41f9-9eb1-cca4bf3fa7ec,114.25356775173579,82088.14626431146,62.339896594272304,17664.76015704421,256.66368874924007,47139.69087251528,92.51646885952314,1054.053986361389,0.22817124590840698,0.0047169521128367,0.49101840817355846,0.017519134535380128,0.2151982220462424,160.5887275,0.12587884375,20.0115655155724,400.0,110.0,814.5517676767677,0.2509799004147781,25.0,15.0,12.0,spur
54b3949b-b93d-435f-84fe-61f7cfa6deb0,71.816622167856,49756.33281789423,59.33391194433408,17371.54546015521,110.00068510738214,24482.63887405365,13.885988524167612,555.2566709042759,0.24690971949400253,0.00959838863705808,0.454609369545139,0.016130168129858784,0.34913629164218585,157.92314125,0.12718958125,25.011565351010102,650.0,110.0,814.5517676767677,0.10036192065991252,30.0,20.0,6.0,spur
550c78d9-5947-4c79-a542-5683b873bd21,101.65422617854651,55164.391505052256,65.92174955903438,8227.798133635783,174.20319894186824,34126.84448247491,46.96059345809297,767.2807000786361,0.1278297391524937,0.007274803095801767,0.5128797263438553,0.017715547136575485,0.1491541239653184,164.55596166666666,0.13255686708333334,22.517348022727273,900.0,50.0,271.51725589225595,0.16982541343694404,30.0,15.0,9.0,spur
554fe41a-e614-4eb4-9e12-2d13b7beb1f9,42.67367358996137,33208.12937207788,51.439888355226046,13486.464585596334,40.9765428666799,15366.071209774724,-24.41773380274917,352.8145189973997,0.2818061618531146,0.016638357382765156,0.4556415144421295,0.012842015736776654,0.40612040263412913,149.84960625,0.11525677475,20.0115655155724,1200.0,90.0,678.7931397306396,0.04796556947260091,25.0,15.0,3.0,spur
55fa7ac4-5103-4d16-859b-eec6dc52c418,116.06878228968516,76261.86300113676,62.754108460787386,11336.653215052587,248.7402853314268,46552.972300101486,86.9748772600557,1041.1973017359296,0.14962291790952228,0.004930472907354799,0.5099392950289352,0.017597392678976538,0.14865904499541513,161.95218875,0.12717848833333334,20.0115655155724,1200.0,70.0,678.7931397306396,0.2509799004147781,25.0,15.0,12.0,spur
560c35dd-6dda-401b-b813-9585193bd24c,99.27825213120498,62143.75919985136,64.71987657113131,14665.796210509487,184.59779046677315,35288.53945680143,55.031053311887135,792.8818492912774,0.18700389241066917,0.006975583650294613,0.48833525760006313,0.017906300924346048,0.23600307096337722,162.95329166666667,0.13228569041666668,25.011565351010102,400.0,90.0,407.27588383838383,0.16982541343694404,30.0,20.0,9.0,spur
562ed6a4-50d1-4f2b-a811-8d95b8849bf2,71.84166709524979,49182.67027634837,57.76810944265329,17115.684651304753,110.40393568301255,24416.497398789405,15.302531512417024,554.5544591123777,0.24517009479724322,0.00986776427723064,0.45883889718844695,0.01584682770414431,0.34800617401904127,155.59713250000001,0.12485355599999999,25.011565351010102,400.0,110.0,678.7931397306396,0.10036192065991252,30.0,20.0,6.0,spur
56516b0c-96d0-4acd-adc4-7d574b22af66,97.55063241621549,54795.28812395754,62.4430428543829,8076.965799583996,173.22288507896437,34143.53570461202,45.141537704381655,766.5104760202706,0.12099008826334173,0.007316209347695706,0.5135388289255051,0.017005886196847984,0.14740610446919852,161.53931624999998,0.12677908125,20.0115655155724,650.0,50.0,814.5517676767677,0.16982541343694404,25.0,15.0,9.0,spur
56bab9dc-dc42-4990-97d7-e345a396bd73,66.49417984266968,42057.340255983865,56.688458208081514,10909.862743156691,97.43276348961443,23118.529423733813,4.790137731483006,524.3567093822569,0.19145963999647514,0.01025426702768308,0.48175624303282827,0.01508750259804651,0.25940762190600986,155.85518083333332,0.12383397258333334,22.517348022727273,900.0,70.0,814.5517676767677,0.10036192065991252,30.0,15.0,6.0,spur
56c159a1-795e-4aa1-83e7-17eb3c74fc72,93.39767103011046,64623.964224710675,63.205039770640944,17789.286546404455,175.23878552519503,34221.03403107746,47.90725251513582,769.6207317040343,0.26079233928598483,0.006387094463625842,0.47014615511263685,0.01751980470627884,0.27527908923355116,161.72078583333334,0.129704925,22.517348022727273,650.0,110.0,407.27588383838383,0.16982541343694404,30.0,15.0,9.0,spur
56ec5ac4-628b-4480-a0fb-61b6f5465ebd,103.47584105307016,67354.36117000588,67.20821482087973,18173.126121870882,194.24775420771735,36428.526267499336,60.669519013901954,818.7725556345608,0.22492244021122682,0.006522281586784511,0.47447348470391415,0.01877499241357304,0.2698196478828127,165.21023708333334,0.13454351374999998,25.011565351010102,900.0,110.0,271.51725589225595,0.16982541343694404,30.0,20.0,9.0,spur
56f2479d-b4cf-45ff-afae-0d4594c8ed7b,118.81109076250378,78841.38702561299,62.70337211976926,14454.000572775922,258.36012771135654,47208.39150490362,93.49968540249981,1055.331859764661,0.18901509694257154,0.004938878868665824,0.5016388794748526,0.017505937062728884,0.18333523057206333,160.60000666666667,0.12587195541666665,20.0115655155724,400.0,90.0,407.27588383838383,0.2509799004147781,25.0,15.0,12.0,spur
58352181-fa19-4c9e-97a2-49b7f45787a3,68.2525152979276,47801.193658808246,51.82601358771144,16389.356182581258,106.61455885269669,23924.314971736865,11.03707735168852,541.3942750714527,0.26470886512952446,0.009928154412752526,0.4545476860247264,0.014816807505357969,0.34286878209388955,148.99414833333333,0.11443195816666667,20.0115655155724,400.0,110.0,271.51725589225595,0.10036192065991252,25.0,15.0,6.0,spur
584a9f5e-6923-440d-9bb0-473d91d7fbff,44.535422082499146,27575.02512652541,52.443635124976765,7499.658340750356,46.6002575637538,15934.781114205187,-20.94766857970368,365.98107137967986,0.18702131383733164,0.01943876993229167,0.5680995274789562,0.013803997001646806,0.27197423053833,149.99316583333334,0.11540481458333333,20.0115655155724,400.0,50.0,271.51725589225595,0.04796556947260091,25.0,15.0,3.0,spur
58f47d82-f3c8-4850-ad87-9b6c718682af,121.76673055675265,86349.13111989868,64.53116569908734,17965.21194749847,279.5369757722236,50522.417513143104,106.68245095020976,1128.7736337583074,0.19498210633580598,0.004712433152556819,0.4946755061840804,0.018317114502623133,0.20805974466302346,163.32010916666667,0.12991159124999999,22.505782674242425,650.0,110.0,814.5517676767677,0.2509799004147781,25.0,20.0,12.0,spur
5951cbcb-3670-4b06-95da-3d0d9f2aac5f,71.56523059925222,42864.778050904664,59.50876858702804,11080.807405132675,103.2570992895979,23728.769299798616,9.577969074492799,537.6983005106247,0.16925783177746212,0.010379910979419194,0.486287554253893,0.015705308061208085,0.25850961505142506,158.29724875,0.1275539375,25.011565351010102,1200.0,70.0,271.51725589225595,0.10036192065991252,30.0,20.0,6.0,spur
597496cc-5f02-44b4-9763-fe19e982bbec,110.95952238320517,82452.76303223494,64.11471147195218,17937.95427033528,248.17084203298955,46334.67420005155,87.47927047874326,1036.6415761569208,0.2418939565547664,0.004602673539941078,0.4880856561699074,0.01807006036451638,0.21756022010337414,163.07231125,0.13109548583333333,22.517348022727273,650.0,110.0,814.5517676767677,0.2509799004147781,30.0,15.0,12.0,spur
5a132642-ce73-430c-829a-2445d3d19780,64.03853660980894,41657.09071472184,54.87297338489662,10791.94058273277,94.31714469080663,22774.423558269624,3.0403216915781983,517.5160967581088,0.18988863357333752,0.010235309266024832,0.4805643600370371,0.014755780213860425,0.25906929429240105,154.17058041666667,0.12214807379166666,22.517348022727273,1200.0,70.0,814.5517676767677,0.10036192065991252,30.0,15.0,6.0,spur
5a43fd07-68be-4e28-8998-795c98f24605,112.64973711527692,79017.4057529715,64.22437266620463,14695.176055462282,246.21792271073994,46124.20951243071,86.1680828345691,1032.0652250284736,0.20050376707312711,0.004792527436079546,0.49823871239614903,0.01802473515387352,0.18597930623294737,163.27973541666668,0.13130537875,22.517348022727273,650.0,90.0,814.5517676767677,0.2509799004147781,30.0,15.0,12.0,spur
5a821c8a-81e7-4d15-a97c-60295b90bfff,74.96429045520865,43167.14141619911,56.82363951396484,10837.679322236529,112.83514716282774,24757.312014059982,15.380118226909428,561.0176373685055,0.16239462249926345,0.01093472245770202,0.4977032856005892,0.015186417896550234,0.2510665173078886,154.82399166666667,0.12145615754166667,22.505782674242425,400.0,70.0,407.27588383838383,0.10036192065991252,25.0,20.0,6.0,spur
5a99d9c9-8e5a-4ecb-8a39-f5733178aa41,92.12291279335689,57239.16853367977,61.52341181699465,11242.229364252671,164.65218364441571,33057.206131020816,41.06340887997893,743.92418423246,0.17160878819170874,0.0069363966675084175,0.49502380441703486,0.01704151417677027,0.196412477082927,160.60327666666666,0.12857998625,22.517348022727273,1200.0,70.0,407.27588383838383,0.16982541343694404,30.0,15.0,9.0,spur
5a9d2274-3a5b-4664-b937-ad4ff98e9ae9,99.57579479422904,58792.466294448466,65.01540657963155,11458.25902872203,181.90314632093737,35080.229572935,52.66621652008304,787.9860512256973,0.1493554842824074,0.007227480821148989,0.501645955755787,0.017856128208401382,0.19489793936158942,163.68941416666667,0.13305406708333334,25.011565351010102,400.0,70.0,814.5517676767677,0.16982541343694404,30.0,20.0,9.0,spur
5ac7566d-1a8b-432f-b324-bcf7907510aa,98.64745046658399,59966.707830688385,60.89722802454494,11217.185630380814,186.51001749809367,35919.703887483185,53.51932678541596,806.9418978431214,0.14061477006823445,0.0070099727140361945,0.5009085843230219,0.01730699828490904,0.18706198936672794,160.24550583333334,0.12682660416666666,22.505782674242425,1200.0,70.0,814.5517676767677,0.16982541343694404,25.0,20.0,9.0,spur
5ada4536-d1bf-4635-a845-3561f1bcd279,102.92783300530925,59223.92838960496,62.21302495238604,11231.826954732938,189.63556347268707,35973.719129191,57.01560699215704,808.1247212135153,0.14148649721790826,0.007306523748611111,0.5061582177232744,0.017077055548416167,0.1896547582514293,160.45467083333332,0.12704892333333334,22.505782674242425,400.0,70.0,407.27588383838383,0.16982541343694404,25.0,20.0,9.0,spur
5b30c608-1edb-462f-9427-f023bb928dbc,106.33979235822848,56735.472198275944,67.16128188842902,8299.675406472747,185.0185780740315,35520.10267133683,53.775020682791784,798.0260580340628,0.10989934871012204,0.007311885399800084,0.5150265464353956,0.01850776068434333,0.14629142542887458,165.99350875,0.13534217958333333,25.011565351010102,1200.0,50.0,271.51725589225595,0.16982541343694404,30.0,20.0,9.0,spur
5b839f8a-5edf-45a2-9bff-1a716a412fef,117.41060785936858,75385.73312679608,65.32674511088359,11482.800727423682,248.81251970589102,46298.66485666208,88.3353361767732,1035.5756892446848,0.15923049274969492,0.005071334257807239,0.5106322460961699,0.017982412625216226,0.15232504663997917,164.04001,0.13210931291666667,22.517348022727273,400.0,70.0,814.5517676767677,0.2509799004147781,30.0,15.0,12.0,spur
5c070cad-5453-4109-9131-8c864b0722a6,127.56425190689018,82138.46743618876,67.1674205933075,14859.317209250037,273.3313259012073,49222.8783271381,101.4442623086713,1099.7845774107743,0.19168950816984429,0.004771415162584175,0.5010633933153409,0.018553016555289455,0.1809110321062877,165.10352458333332,0.13029224833333333,20.0115655155724,1200.0,90.0,271.51725589225595,0.2509799004147781,25.0,15.0,12.0,spur
5c7680af-a274-4240-8a3e-5c71949f99c1,41.497278319496175,32848.09030617942,51.46879700991672,13467.713994595251,38.086399860160896,15031.534915387449,-25.30513153181285,346.0772908054591,0.28730413345223066,0.016127824642476852,0.4548900269683291,0.012620524856266607,0.4100008668283157,149.64126791666666,0.11761141933333334,22.517348022727273,1200.0,90.0,271.51725589225595,0.04796556947260091,30.0,15.0,3.0,spur
5cbf1a47-e9cd-4db9-a893-b6dc10e1100e,45.6448114428131,33635.319268157655,52.433780494243386,13503.743526639124,45.764130036474036,15846.040147404476,-21.414234091650318,363.5112649829752,0.2831822946583544,0.01697249823169192,0.46532264881660346,0.01367660172744422,0.4014763552757116,150.04159375,0.115453130375,20.0115655155724,650.0,90.0,678.7931397306396,0.04796556947260091,25.0,15.0,3.0,spur
5ceec1c5-c666-48bb-9dd3-98b9cca418a1,114.28377887519021,75529.41505124753,64.29011786272078,11442.083165454802,243.96461064380813,45880.61313854571,84.62499915948263,1026.6885228904162,0.1584829206888047,0.004988140787257998,0.5090560832427926,0.017966302821252368,0.15149647323492135,163.45833125,0.13148727458333334,22.517348022727273,650.0,70.0,814.5517676767677,0.2509799004147781,30.0,15.0,12.0,spur
5d29b749-1a91-442b-afad-0c1f29f7bc60,92.66518009085023,57807.335709229614,60.096014331849176,11154.277421202272,170.3645612141353,33832.02113598357,43.57074285865,760.6222095552648,0.1635851553533039,0.006937085586458333,0.49635435074010953,0.016751411963695687,0.1929604710776417,159.3468225,0.12460230008333334,20.0115655155724,1200.0,70.0,678.7931397306396,0.16982541343694404,25.0,15.0,9.0,spur
5da7ff7f-1f60-4b6c-9534-7685cb91ee16,108.39403527598897,56830.689574539,68.34729786967891,8341.748011874019,188.74667519915516,35884.33946032602,56.7803090780706,807.1728664011011,0.11061729032270622,0.007406968117340068,0.5168447983737373,0.01857527044270584,0.14678640177832594,166.83496,0.13620528333333334,25.011565351010102,650.0,50.0,271.51725589225595,0.16982541343694404,30.0,20.0,9.0,spur
5db33c67-33ac-4055-a0d1-8dab3d826944,110.6706104055744,75040.59114988871,62.28324119414751,11315.444729255607,237.3075391437648,45090.51854327141,80.54455625558795,1009.6988052762298,0.15688527995627105,0.004957592822779882,0.5079999558479061,0.01774331426002106,0.15079592057907953,161.64921083333334,0.12963813791666667,22.517348022727273,1200.0,70.0,678.7931397306396,0.2509799004147781,30.0,15.0,12.0,spur
5dc0a2b7-3cc0-4def-bd12-0b107f808987,45.19996180722982,36427.70013667459,52.80674505084663,16554.792883597896,43.48658143428607,15575.218812595189,-21.06427769048968,357.8476800043373,0.29809910952598906,0.01586559765088384,0.4552582674974748,0.01340914177880392,0.4544573356274264,150.49811875,0.11972561170833333,25.011565351010102,650.0,110.0,678.7931397306396,0.04796556947260091,30.0,20.0,3.0,spur
5dcb71b9-1ee6-499a-b28e-7d7d9b36444d,71.80956179017667,42473.21032338788,58.627523302292275,10976.341616592312,104.76640139593736,23827.704305267038,10.164774786134675,539.8185603382784,0.19339247416314187,0.010577311218844697,0.4885470445026304,0.015552941975531868,0.25843284733787747,156.80487958333333,0.12478870833333333,22.517348022727273,400.0,70.0,407.27588383838383,0.10036192065991252,30.0,15.0,6.0,spur
5defb4b5-64d5-4eb3-b638-03b44c6b88d6,114.99695540357553,71863.22424390652,63.52867029229509,8143.22667080555,238.58883112678714,45245.37211105438,81.29053624321315,1013.005780178432,0.1143923674272201,0.005170253198484848,0.5204991573365951,0.017818853758822698,0.11331948919608316,162.86453416666666,0.13087003249999998,22.517348022727273,900.0,50.0,678.7931397306396,0.2509799004147781,30.0,15.0,12.0,spur
5e07d864-a792-472d-92f1-fa3303d01526,121.51334070952674,76865.82768897834,66.81408277894046,11590.288131924592,253.10560228480324,46898.64185898149,90.48521528688441,1049.0365467402823,0.15957541707093853,0.004958064163920455,0.5093773679011995,0.018473957762476557,0.1507906880166498,165.57554375,0.13358960041666665,22.517348022727273,900.0,70.0,407.27588383838383,0.2509799004147781,30.0,15.0,12.0,spur
5ea1b64c-2d5c-4dd3-9636-cca3d12547df,70.45832846357797,48950.604282490174,58.48363389180019,17216.062097209408,104.392929907786,23766.46258055585,10.371281620465751,539.5162801819694,0.2830562002800926,0.009286103548800504,0.4485580348542193,0.01564080811835811,0.3517063174703651,156.50965499999998,0.124473210125,22.517348022727273,900.0,110.0,271.51725589225595,0.10036192065991252,30.0,15.0,6.0,spur
5f5a53ff-1876-408e-b855-ab44970b759b,40.96411227370809,35701.76496570455,50.219732045617604,16369.140983469262,37.467383727425606,14970.967245448212,-24.935643170219567,345.27569967640267,0.2951963695212542,0.015523544380650253,0.44517814421790824,0.012264496572789234,0.4584976371410858,148.81037458333333,0.11803274308333334,25.011565351010102,1200.0,110.0,814.5517676767677,0.04796556947260091,30.0,20.0,3.0,spur
5f87a27b-79bb-4c8a-85a7-da2148a3d1b8,40.244316185759374,29992.293358359657,51.34767406952526,10511.78198285397,38.478214407635875,15116.660342771218,-26.042013143831,347.5944343970002,0.2357684004627525,0.01748423659443392,0.4892803896797138,0.01244421690389263,0.35048364663146403,150.16831291666668,0.11557492083333333,20.0115655155724,1200.0,70.0,814.5517676767677,0.04796556947260091,25.0,15.0,3.0,spur
5f90fc93-6a71-466d-b7d2-f17f040d955b,43.307107163177065,36021.45653359123,52.16687272901959,16510.959909815778,39.52108221149493,15157.442236075623,-23.46754699311459,348.2806282395461,0.29730806183627945,0.015578342823495371,0.44673697329335016,0.01272841053394274,0.4583655877504143,150.099635,0.1193035165,25.011565351010102,1200.0,110.0,271.51725589225595,0.04796556947260091,30.0,20.0,3.0,spur
5ffc2647-67d2-4d01-b93c-0a8c1ea964b7,102.42402426683965,63580.155464488635,63.32577868042502,14565.509956786089,193.98041888665912,36596.28667218124,58.964668144759905,821.3361972248046,0.17811619326830808,0.0068574393513678444,0.49008344612489485,0.01755540874696393,0.2290943266131791,161.83899958333333,0.12841423791666667,22.505782674242425,650.0,90.0,407.27588383838383,0.16982541343694404,25.0,20.0,9.0,spur
603ee63d-2712-49b8-a39d-0988b89ea110,43.81093208804495,33407.421154150514,52.180515973991035,13535.759272789279,42.609384389784296,15532.787953863439,-23.512562912425192,356.0110929566295,0.28255225242792503,0.016725788504513887,0.45785820525189386,0.013164220043648396,0.40517327282949506,150.39732375,0.11580099441666668,20.0115655155724,900.0,90.0,814.5517676767677,0.04796556947260091,25.0,15.0,3.0,spur
60da52db-07df-4eb4-a341-6d1ba3e84cb4,40.713062161941245,32768.75795129754,50.88672079607112,13440.769904653673,37.41201094786819,14973.085506863144,-25.945917677396256,344.53745106218753,0.28705254474515995,0.016096823783249156,0.45411128809480217,0.012489852223394209,0.4101711920377333,149.34188916666668,0.11732008854166666,22.517348022727273,1200.0,90.0,407.27588383838383,0.04796556947260091,30.0,15.0,3.0,spur
60e7ab1b-a5a5-415b-a6bd-961538ea7bc6,129.94951123015542,83766.06189919973,66.3509334945505,14823.86798060818,286.30179463387174,51197.79810165483,110.86062682157632,1143.668400493648,0.16227810761836067,0.004892941254892677,0.5051429137058081,0.018562799098782785,0.17697328801943438,164.70964458333333,0.1312847275,22.505782674242425,650.0,90.0,407.27588383838383,0.2509799004147781,25.0,20.0,12.0,spur
60ec5b96-da6c-4df3-8dd0-a4b156829b4c,43.67132435325243,36180.33404621287,50.78677127396757,16370.52628566823,42.018069083405116,15459.227585560917,-23.551779006590913,354.9572433250594,0.3223796807771464,0.01586392245401936,0.42755058666898144,0.01293597239397956,0.4524713591550429,148.82296625,0.11424886254166666,20.0115655155724,1200.0,110.0,678.7931397306396,0.04796556947260091,25.0,15.0,3.0,spur
614b34b8-b49f-4ddb-82b7-9cd61433381d,39.30719833848826,32596.885090517873,50.3245308562707,13425.061988653295,35.81539078163575,14808.322215244065,-26.28367421306754,341.26478424910493,0.25628238709848483,0.016180173764520203,0.47541779910816495,0.011990404559925456,0.411851922731904,149.16735625,0.11839344279166668,25.011565351010102,1200.0,90.0,814.5517676767677,0.04796556947260091,30.0,20.0,3.0,spur
614b7310-2800-4b1a-bd3e-16801a6aba48,97.46078523271669,65348.456962702745,63.92172304764291,17814.75983997616,185.67693624735148,35364.893250839224,55.88598928555211,794.1852478540072,0.22252631613215484,0.006721680435837542,0.47564959689446545,0.017881334421108473,0.2726174043031327,161.95236125,0.13127120458333333,25.011565351010102,400.0,110.0,407.27588383838383,0.16982541343694404,30.0,20.0,9.0,spur
6156403e-7716-4ba2-8e04-1fa31c2e132c,116.19015097464907,72040.79061852198,64.39808245920285,8183.738534425698,241.70525038959744,45632.57569071279,83.06456412031027,1021.0508658768596,0.11498921856265783,0.0051941655143834175,0.5210997786684026,0.017911540129759332,0.11360243889885559,163.67477,0.13170587916666668,22.517348022727273,650.0,50.0,814.5517676767677,0.2509799004147781,30.0,15.0,12.0,spur
6191a2de-baf3-4f81-8388-097951e1dfbd,45.245005976278655,33548.963006674116,54.10434176080042,13665.616743301733,43.595315906731464,15591.278226795896,-21.010565328090046,358.81300090962674,0.2607325631701389,0.016619612362110688,0.4871424729950548,0.013548694386499095,0.4073346897211771,151.84018458333333,0.12106063220833334,25.011565351010102,650.0,90.0,271.51725589225595,0.04796556947260091,30.0,20.0,3.0,spur
620b3c09-739b-4bec-b431-b52c252b04fb,126.74421016989457,77835.60502175345,67.86956629982838,11634.68167027108,269.01583959118324,48792.156867561884,102.19599736643663,1090.8060990692143,0.13519199994355008,0.005185629216172137,0.5142537293517466,0.018844612210778586,0.1494825422042726,166.20973708333335,0.13562132791666667,25.011565351010102,400.0,70.0,407.27588383838383,0.2509799004147781,30.0,20.0,12.0,spur
620e8f88-3b47-46fe-a394-3e7178fe7a52,140.4935986264347,77619.25359091352,71.99142868641222,8514.941352826705,284.30919138101865,50815.73061978327,110.40466338809208,1135.949525846796,0.09935129699505471,0.005218646670770201,0.5250834818964646,0.020004793324718037,0.10970570299577571,170.29882708333335,0.13972330916666667,25.011565351010102,1200.0,50.0,271.51725589225595,0.2509799004147781,30.0,20.0,12.0,spur
6350c038-a6ee-4a76-afa9-78b7a5f98ecf,72.38465106521423,46294.51053998728,58.06079308211752,14079.430438428477,109.08023763211409,24373.088641774648,11.613474759894531,551.3604459121581,0.2298762851109007,0.009944769463310186,0.4667322831339436,0.01561773136307476,0.3041308204502794,156.4381175,0.121739834125,20.0115655155724,650.0,90.0,678.7931397306396,0.10036192065991252,25.0,15.0,6.0,spur
637af466-dafd-4bca-b37d-9586330fe062,97.88662349795653,65523.161584925976,65.01274584402151,17932.065333228853,181.0764615147329,34815.37168721666,51.49554047840397,781.7039646109533,0.26164908323511155,0.006347542536763468,0.4703794038061868,0.01790860798877229,0.2736804858652643,163.01877625,0.13100296958333332,22.517348022727273,900.0,110.0,271.51725589225595,0.16982541343694404,30.0,15.0,9.0,spur
63a05806-cd1b-48ac-9242-cab98bb3f39f,113.3595530689484,71724.96184132963,62.89274039129088,8115.910136629649,237.27345357342685,45114.514597409674,80.28956245349524,1009.8224311872251,0.1140905278183186,0.005171592756828704,0.5203729971202651,0.01773214626635715,0.11315705042167107,162.31820291666665,0.1303249,22.517348022727273,900.0,50.0,814.5517676767677,0.2509799004147781,30.0,15.0,12.0,spur
645a6990-9cb4-4f3f-a3a1-60153e196af4,44.802112176203465,30672.043897935146,53.901125427402576,10634.739814709887,44.55694293830334,15737.53590544562,-22.40174145983162,360.8240333877904,0.2382366221675084,0.017789582032354798,0.5005674616999157,0.013562782065404823,0.3467253484979423,151.92485708333334,0.11728149787499999,20.0115655155724,900.0,70.0,271.51725589225595,0.04796556947260091,25.0,15.0,3.0,spur
64968730-37b0-4907-8d24-c5f653725e29,74.37065724324124,47034.96529171121,58.22391928295675,14117.69979702416,114.1665259130876,25009.216791731214,15.439830137316255,566.3377548910861,0.2009743531981271,0.010088593046738214,0.4730057331976011,0.015626261493374188,0.30015709739930885,156.86333249999998,0.123462383375,22.505782674242425,900.0,90.0,407.27588383838383,0.10036192065991252,25.0,20.0,6.0,spur
650d068f-46e1-4817-9305-ad2860ba7f43,46.70515488527022,31005.95667423044,54.049904598546185,10634.049825633849,48.09186081480092,16104.28637479405,-19.3520335193917,369.97673961838285,0.2140621907353746,0.018088751133627942,0.5315873323968855,0.0136737333613937,0.3429693020162535,151.91499916666666,0.11855670704166667,22.505782674242425,650.0,70.0,271.51725589225595,0.04796556947260091,25.0,20.0,3.0,spur
6519ccd1-59bc-4266-9743-a6ff7ba02ca5,123.39547548862622,77596.38087777948,65.43573851899022,11494.925965204704,259.7303273360083,47816.06461255255,93.45316248093829,1068.9182183308865,0.15088537648685818,0.004929593973632155,0.5108228665689709,0.01811579844788766,0.14814208187288871,164.21322833333332,0.12941326291666666,20.0115655155724,1200.0,70.0,407.27588383838383,0.2509799004147781,25.0,15.0,12.0,spur
653e64e8-639b-4029-9404-e809123670e9,43.58654933431623,35701.96777715669,45.54340632209228,15639.322055578325,46.82885041833517,15900.912964224595,-19.61554707349976,364.4339259122216,0.28514192173863634,0.016957704170191504,0.48098583231449926,0.013005429075369375,0.43805370697193347,142.175655,0.10898369645833333,22.505782674242425,400.0,110.0,678.7931397306396,0.04796556947260091,25.0,20.0,3.0,spur
657dced4-4f1d-4289-b779-9e402f377a21,72.85818225108383,49360.48219373653,54.994271697311866,16784.29559727268,115.27175099661322,24980.811720097616,17.04969455572063,565.9164389565516,0.2338892550461911,0.010036664378651092,0.46286361588036623,0.015280522471517554,0.3400390213944571,152.58450541666667,0.11924088133333333,22.505782674242425,400.0,110.0,814.5517676767677,0.10036192065991252,25.0,20.0,6.0,spur
658160d4-5160-48d3-9bd2-f921b948a3b6,71.88491070421634,46755.15541037326,56.790315426429004,14021.206979839475,111.18395703040545,24717.83559342948,13.259110516140751,559.5534115506756,0.20020320979703285,0.010006947389309764,0.4707433727830388,0.01541628897862977,0.2998896986089839,155.79119041666667,0.12239968583333333,22.505782674242425,1200.0,90.0,678.7931397306396,0.10036192065991252,25.0,20.0,6.0,spur
658bf64c-1f92-44a3-8467-605e2cca188c,140.48389846638761,77364.81875657286,71.95663573761068,8505.016663737777,284.48759446362624,50758.5297668463,110.74451193804444,1134.6801234306224,0.09933103409115109,0.005250543542508417,0.5254502934871633,0.019901688545947,0.10993797597660276,170.1003325,0.13952745708333333,25.011565351010102,900.0,50.0,271.51725589225595,0.2509799004147781,30.0,20.0,12.0,spur
671bbf0f-504c-408a-ba36-1339ef65e58b,123.97226285346123,73377.64225308412,67.01865319573444,8294.766647882348,251.0148266902489,46676.20433162654,89.03447134773711,1044.2367748130475,0.11574307013183922,0.005162372644402357,0.5215168217460543,0.018443756388106372,0.11304589681809628,165.89533291666666,0.13391404375000002,22.517348022727273,900.0,50.0,407.27588383838383,0.2509799004147781,30.0,15.0,12.0,spur
674fd88c-f833-4531-b65f-5d36b2f7a221,108.11711952626715,56988.05589447307,68.20781541005898,8344.398828409387,187.97174933867973,35843.82730945506,56.00664883819334,806.5385325640744,0.11036809880675506,0.007340740786689813,0.5162615431973906,0.018649164254601457,0.14642771290512582,166.88797625,0.13625438958333333,25.011565351010102,900.0,50.0,271.51725589225595,0.16982541343694404,30.0,20.0,9.0,spur
6799c974-9dfa-4963-8cf3-96a0977a6370,39.78976198838025,32678.339964779432,50.76201537926504,13459.732148093375,36.2698637329877,14854.661872535915,-26.128176259964764,341.63919727513263,0.2570120467208544,0.016196175678609006,0.4747608718944654,0.012117468996575025,0.4118863011518361,149.55257916666667,0.11877448416666668,25.011565351010102,1200.0,90.0,678.7931397306396,0.04796556947260091,30.0,20.0,3.0,spur
68291376-2afd-400e-815c-b08b6d14703c,69.39688599609974,39291.80744190714,57.29912991438134,7824.419753910628,100.42123213784906,23478.062888909408,6.031656871371279,531.6289911679156,0.13877266755571338,0.010882873158364899,0.5042108667310606,0.015005792780197131,0.19913877928250526,156.48839416666667,0.12179218795833334,20.0115655155724,900.0,50.0,814.5517676767677,0.10036192065991252,25.0,15.0,6.0,spur
687da579-87fd-460c-a153-6d445ee442d4,73.9171644731307,39777.72746012986,61.27185813555883,7995.268880046031,106.34674547242872,24065.02382590607,11.906718443626401,546.8881773179015,0.12766447430981692,0.011195343046517257,0.5153746933813133,0.015785549164878624,0.2010013738447393,159.90537791666665,0.12920502875,25.011565351010102,400.0,50.0,814.5517676767677,0.10036192065991252,30.0,20.0,6.0,spur
68bd31b9-cf49-4d48-9413-a6385eab411e,110.5528225933949,71358.31095505848,61.31978005091357,8042.648933452562,233.41579218595174,44651.87642608873,77.96422315009075,999.8601907557837,0.11344867598128155,0.005164272377967172,0.5198108920487163,0.017552471900792954,0.11271191099550794,160.85297833333334,0.12884375041666665,22.517348022727273,1200.0,50.0,814.5517676767677,0.2509799004147781,30.0,15.0,12.0,spur
68d21101-27c2-4f28-9155-04492759034e,44.69470181148695,36308.506757498006,52.882521672558035,16568.487159780663,41.947944638735294,15411.091393240304,-21.674997303404723,355.45396310205575,0.2984431980354587,0.015729341251820284,0.4500964229457072,0.013190127489392663,0.45632633493372204,150.62261125,0.11983226495833334,25.011565351010102,900.0,110.0,271.51725589225595,0.04796556947260091,30.0,20.0,3.0,spur
697d0352-396e-4aaf-8cc8-1cd99a97b56b,44.584721794425434,27884.487213450466,55.96251244743298,7730.356839490058,45.17168425898922,15831.60543364916,-21.702049666287216,363.2219659647704,0.1678731400501894,0.01883830263457491,0.5637606121545665,0.013408567061217243,0.27722886579522593,154.60713666666666,0.12121514920833333,22.505782674242425,900.0,50.0,271.51725589225595,0.04796556947260091,25.0,20.0,3.0,spur
69f4e705-cbbf-4149-a9a2-bd162cb3b8f6,116.0534630135523,79746.14413895806,63.69680454441021,14630.65922440764,254.6433135035091,47174.40810345081,90.55601927758757,1053.8928926536976,0.1904065899622475,0.004790244392255893,0.5001189454785354,0.017761508712544907,0.18347062080451146,162.56287916666668,0.1278006225,20.0115655155724,650.0,90.0,814.5517676767677,0.2509799004147781,25.0,15.0,12.0,spur
69f81ac8-86df-4f4a-ab8d-6f73d42573cf,37.61889775622035,26659.089404307,52.51882916724654,7571.869411814815,34.92496544100872,14730.469171934717,-27.823763307815035,339.2370804724581,0.1868044449816919,0.017973775881628788,0.5320391935163089,0.012195705060053135,0.2840265344483259,151.43738833333333,0.119405010125,22.517348022727273,1200.0,50.0,271.51725589225595,0.04796556947260091,30.0,15.0,3.0,spur
6a939fee-dadf-4d03-aa17-9e6f62823d91,96.4136044646655,55534.45939369465,62.61720137404857,8106.644136096286,175.73490736015634,34568.34045456227,47.10466202991282,777.2271014870498,0.10843273205542929,0.007346130296327862,0.5132569974893729,0.017779351211292985,0.1459792567383235,162.13288083333333,0.13144068583333332,25.011565351010102,900.0,50.0,814.5517676767677,0.16982541343694404,30.0,20.0,9.0,spur
6ace9b92-6601-4feb-a3b3-4aa82992f420,103.42189745755172,55596.98544523377,64.7399344355021,8165.747670171244,179.69485142369564,34811.650334367565,49.22436498369029,781.1042102836523,0.1218223023889941,0.007295846019770624,0.5143923105207281,0.017386679206376952,0.14687741669701085,163.31495375,0.12852445583333333,20.0115655155724,900.0,50.0,271.51725589225595,0.16982541343694404,25.0,15.0,9.0,spur
6b018fa6-a109-4206-a338-558a488f5153,98.60133492806425,54246.14898226737,64.40409508310287,8149.105345635911,171.93524143303748,33824.01617828466,46.0491102044398,761.2377084681146,0.1273404476529777,0.007461772074558081,0.5152820002175926,0.017280631011052653,0.15022798742157456,162.98210583333335,0.13099443791666668,22.517348022727273,400.0,50.0,407.27588383838383,0.16982541343694404,30.0,15.0,9.0,spur
6b29d4c8-a12d-4bb0-a525-7a72377cd241,44.56242527703516,33247.78813997159,51.17051956828442,13360.668094081986,44.82155649176695,15699.317820214012,-19.822102270188218,362.0415737370604,0.258269202771149,0.016989383803819445,0.5028712569381313,0.013503873035011986,0.4018527625048111,148.45186791666666,0.117688121375,25.011565351010102,400.0,90.0,814.5517676767677,0.04796556947260091,30.0,20.0,3.0,spur
6b7336e4-a9c4-4521-8f13-d576412cae8d,94.98174165515978,54536.53242172843,61.06553864194224,8018.621895126733,169.78045147155342,33773.079729128825,43.14446417967283,759.3415196624123,0.1203435051011364,0.007270388984353958,0.5122833963284933,0.016788136519352362,0.14703569789825668,160.37243750000002,0.12562186,20.0115655155724,900.0,50.0,814.5517676767677,0.16982541343694404,25.0,15.0,9.0,spur
6b79e51e-e1f7-42f0-807b-523d3bfc8138,122.32956314160674,76055.75114858836,66.36943416140956,11519.786977283737,256.1474472617608,47030.63713560868,93.1808370602972,1052.1055951578935,0.15922525479287664,0.0050976042904882155,0.5116521526111112,0.018217727223870026,0.15146942420575527,164.5683875,0.13261810083333334,22.517348022727273,400.0,70.0,407.27588383838383,0.2509799004147781,30.0,15.0,12.0,spur
6bc758f5-54e0-4042-ac4b-42824ca505f3,104.70602006002288,56062.426481130526,63.07494220011165,8084.738008301373,187.95698920891382,35875.47370695953,55.4571149146307,805.2896808733698,0.10437062192685187,0.007553763819086702,0.5202289104570705,0.017148163332635514,0.14421336276956884,161.69476041666667,0.12829535625,22.505782674242425,400.0,50.0,678.7931397306396,0.16982541343694404,25.0,20.0,9.0,spur
6bf9b3a8-b306-4264-917e-dea9037423c9,70.04973086874546,45917.676644940315,56.799398172046445,13995.236888081172,105.08240699157565,23954.79047804449,9.283867905703225,542.823220820996,0.22887743720538717,0.009846693118960435,0.4643918832308501,0.015266798965861424,0.30479318252429083,155.50263125,0.120805622125,20.0115655155724,1200.0,90.0,407.27588383838383,0.10036192065991252,25.0,15.0,6.0,spur
6c5b516f-842d-4351-865c-535b903749d7,46.439122975261704,33743.31545432831,51.637561476749624,13415.40678261646,48.01647641775778,16071.680182294049,-19.23289860278673,368.6287357829039,0.2536055268771044,0.01731540533501684,0.49791374188078713,0.013499042357378439,0.3975736830522696,149.06007458333332,0.11573662033333333,22.505782674242425,650.0,90.0,271.51725589225595,0.04796556947260091,25.0,20.0,3.0,spur
6c858bd2-4738-4063-a005-190c8e7da9e1,45.03997872668754,36404.16237679542,52.72391198554753,16550.875159784733,43.289025193123464,15556.131813586153,-20.96610419160762,358.474746103065,0.2981039733254419,0.015852758984059342,0.45472114643066075,0.013348269667310326,0.454643587607902,150.46250083333334,0.11969288566666668,25.011565351010102,650.0,110.0,814.5517676767677,0.04796556947260091,30.0,20.0,3.0,spur
6ca7a23a-188d-4801-b512-b2bfaec5f3e8,65.05578276720246,41663.08052934482,55.59904303629427,10831.797862938227,94.46538042042725,22769.14433332275,3.1558184897318267,516.4896467815319,0.19074842744239265,0.0102440335101431,0.4809202747040194,0.014828771091993749,0.2599886584796852,154.73996875,0.12270866466666668,22.517348022727273,1200.0,70.0,407.27588383838383,0.10036192065991252,30.0,15.0,6.0,spur
6cb29701-6429-4c4a-a660-03001bd986ea,63.12952733126597,38280.999603178156,54.68721547258305,7708.435428319989,91.53850656362033,22476.630023926467,1.0175453687514597,509.92993775399117,0.14159434345512412,0.01079284091947601,0.5011598693189183,0.014531348526168272,0.20136725589725366,154.16870833333334,0.12214856791666667,22.517348022727273,1200.0,50.0,814.5517676767677,0.10036192065991252,30.0,15.0,6.0,spur
6d6be6ad-8fe0-4f43-9e03-351359b0a05b,91.68960756689032,65575.99783363736,61.52475675856917,17686.184169677264,179.4441955975024,34949.63991826797,49.9303166281225,785.4752890936497,0.22094886743223904,0.006508700232091751,0.4721160208577441,0.017928361608210007,0.2697114356059333,160.78349333333333,0.13006429208333334,25.011565351010102,1200.0,110.0,678.7931397306396,0.16982541343694404,30.0,20.0,9.0,spur
6da4d48e-3120-41e5-8fbf-2635b3dde4cd,129.0457618251165,79955.605878963,68.76000399877539,11738.402057198175,273.5132298597901,49697.867274205935,102.95018612924349,1110.2174756876407,0.13536722022930348,0.005005784639720118,0.5115174725795454,0.01957725249681804,0.14681699341600807,167.69145833333332,0.13706843999999999,25.011565351010102,1200.0,70.0,407.27588383838383,0.2509799004147781,30.0,20.0,12.0,spur
6da93de1-82b7-4c8b-ad92-48cbe2414662,45.15091937774181,33574.2397804291,52.490818199816744,13523.203778487512,44.74991920388267,15744.386647853702,-22.119296706036085,360.8675296053828,0.28327742862594696,0.016870608259048823,0.4621228360712331,0.01349216961424463,0.4027862803244337,150.25782041666665,0.11565059270833333,20.0115655155724,900.0,90.0,407.27588383838383,0.04796556947260091,25.0,15.0,3.0,spur
6dc15b07-43cd-4b6f-85a1-34cbfcc3e74c,100.71281619628742,58658.486976320215,65.8262608462543,11490.25471196472,178.28561697137596,34551.49691398236,49.73468217926404,776.9479847110957,0.17440144307528407,0.006995766838688972,0.49811241568223913,0.017807220333014406,0.19588825384423666,164.14649666666665,0.13214656166666666,22.517348022727273,650.0,70.0,271.51725589225595,0.16982541343694404,30.0,15.0,9.0,spur
6dcae70a-dbf3-4677-acca-440ad2b1c3ec,69.71026115632503,42285.189031251306,58.686594008363436,11012.115848677086,99.52580634876745,23283.199706874206,6.7346311377345325,527.7016119310621,0.19306499341740316,0.01026926587873527,0.48268017697769355,0.015327245086889561,0.2604279397438861,157.31593999999998,0.12528485854166668,22.517348022727273,900.0,70.0,271.51725589225595,0.10036192065991252,30.0,15.0,6.0,spur
6e06ec5d-725e-4221-9b28-9bdb8c18f3ae,44.50862455200718,33473.174549141266,53.56414700823279,13637.869284481016,42.84693225824299,15535.672434669104,-22.464813456316126,357.3424821748393,0.28944791036405726,0.016404105729377103,0.4611201769911617,0.01350819418154411,0.40742801151515534,151.53187958333334,0.11951863208333334,22.517348022727273,650.0,90.0,814.5517676767677,0.04796556947260091,30.0,15.0,3.0,spur
6e1ab95c-9ee0-4857-9c55-b02aee594539,46.41707645542113,33844.21905697292,53.041241972186626,13570.768942723844,46.889282474841956,15966.388049964886,-20.036496604455234,366.10401948597064,0.25475982797359004,0.017110659836700334,0.488366106063447,0.013404799894541563,0.40097872155978176,150.78632083333335,0.117432886625,22.505782674242425,900.0,90.0,271.51725589225595,0.04796556947260091,25.0,20.0,3.0,spur
6e2922be-c9b3-46eb-bd0c-b22bf5f33c07,112.2244202643684,79442.49418999674,61.8520031047392,14496.337643372726,248.62861154062296,46547.67866376932,86.75336263864861,1040.207663400859,0.1889405486966856,0.004746698007460016,0.49895565962136984,0.0175394242678537,0.18248138721998344,161.07041791666668,0.12630592999999998,20.0115655155724,1200.0,90.0,814.5517676767677,0.2509799004147781,25.0,15.0,12.0,spur
6e6858bf-7db4-49e0-93d1-8559151a6546,72.19310479692055,42648.56668023508,59.273915259259645,11028.89767599642,105.43348923784409,23920.03821681856,10.565534105200335,542.5942227421712,0.19386781422243268,0.010528003962289563,0.4881939114503367,0.015647190811539872,0.25860253500437086,157.55568,0.12554645208333334,22.517348022727273,400.0,70.0,814.5517676767677,0.10036192065991252,30.0,15.0,6.0,spur
6f0de3e5-a91a-4cfc-b939-23db77bf7532,73.6013069682209,43033.95650981076,60.3075477572216,11106.355025412335,108.14207552277186,24231.85756607568,13.066685697832133,549.2028503362079,0.17000959221222642,0.010701626486584596,0.4938434745270413,0.015839576333998427,0.2580867946859958,158.66221416666667,0.12794825,25.011565351010102,400.0,70.0,814.5517676767677,0.10036192065991252,30.0,20.0,6.0,spur
6fd540a4-0a0a-42a6-9b66-c69c5b69c110,121.89619188989327,74960.67615032902,65.27169212382465,8238.638017098667,259.34678770931987,48114.083184106734,93.52159044762347,1075.7389761230652,0.09719384073691079,0.0051918665909511785,0.5221573947591541,0.01893702160046754,0.10991065039219262,164.77275875,0.13411359958333333,25.011565351010102,1200.0,50.0,678.7931397306396,0.2509799004147781,30.0,20.0,12.0,spur
70d9ebb1-d1e1-4fc2-8a4a-7597b54fedf2,123.9987397133576,79791.7976785009,63.544874574755305,11401.658569408255,273.52966469987246,50025.21023016744,102.22733627341682,1118.0974854772865,0.12692410343400673,0.004975637157638889,0.5136442876366267,0.01826614071923769,0.14289795535919048,162.88083625,0.12945291833333333,22.505782674242425,1200.0,70.0,814.5517676767677,0.2509799004147781,25.0,20.0,12.0,spur
70e4780f-9647-47a4-82e0-9f3a92b9c1bf,105.82751799169539,81655.81904836587,61.39541729249744,17674.843676295764,239.49088758677908,45341.704088047496,82.0024602304019,1015.413673725619,0.2389821504563342,0.004586823689966328,0.4868513526073968,0.01774371508767003,0.21646157699138455,160.68039625,0.12866474208333334,22.517348022727273,1200.0,110.0,814.5517676767677,0.2509799004147781,30.0,15.0,12.0,spur
70f441e1-f3e7-41db-ac12-247e5527b321,107.97322291195735,60724.19958872161,64.99372965395526,11426.747181570428,197.00741283592677,36900.420735961416,60.8681453689922,828.4500209691279,0.14252940196901306,0.007138834146064814,0.5049540996984427,0.017752267724264807,0.18817929753738483,163.23924625,0.12981063958333333,22.505782674242425,650.0,70.0,271.51725589225595,0.16982541343694404,25.0,20.0,9.0,spur
71366ba4-74f3-4df0-bcd2-d41df4976769,45.08816773793466,36314.742057734285,50.96705741486076,16311.455729198162,44.44029995417501,15690.06207849859,-21.96324226864366,360.1326622504269,0.3226445957448443,0.01604248126466751,0.4322566868786827,0.013287635423362448,0.449170212392181,148.28596124999999,0.11370826499999999,20.0115655155724,1200.0,110.0,271.51725589225595,0.04796556947260091,25.0,15.0,3.0,spur
717b7c1f-d387-4e18-b5a6-596ecde5f82d,118.75707585242759,80225.043596939,66.48850109314691,14864.335074160546,254.08065228349676,46985.954182159716,91.18119672772,1050.99337575812,0.20188517425157826,0.00476100590195707,0.49826064825783895,0.018466790822188443,0.18528838919739124,165.15927875,0.13316821666666667,22.517348022727273,900.0,90.0,407.27588383838383,0.2509799004147781,30.0,15.0,12.0,spur
71f6cdc1-5eee-4fe9-81e8-12c380903513,45.071211640119294,30762.616009620368,54.48031704836901,10683.32450176683,44.86566548875363,15775.84850555545,-22.353141565114512,361.35707952204785,0.23882035561132156,0.017784700475484007,0.4996514810046296,0.01370853728742003,0.34728382950083386,152.61892208333333,0.11798581554166666,20.0115655155724,650.0,70.0,814.5517676767677,0.04796556947260091,25.0,15.0,3.0,spur
721de329-e765-4233-a90b-ed027afaf55a,68.26837210300668,42529.700126315445,57.36733279894152,10960.592997163381,100.75343508590493,23504.135506992145,7.585418366065226,533.8053219712011,0.16802592150242004,0.010390871417834598,0.48550809513120796,0.015441588321277629,0.25771970298963015,156.57989791666668,0.12582641708333334,25.011565351010102,1200.0,70.0,407.27588383838383,0.10036192065991252,30.0,20.0,6.0,spur
726d02c2-03ab-4622-b16d-2bbc0f9344f2,98.19662577101231,58316.25388051415,62.75550922593318,11297.155366425539,177.53400662308613,34555.69781277457,48.1482880293638,775.7753722041292,0.16496850333201807,0.007031078597159092,0.4986342506986532,0.017120456896424337,0.19372646206566035,161.38793333333334,0.12662237,20.0115655155724,650.0,70.0,407.27588383838383,0.16982541343694404,25.0,15.0,9.0,spur
7270e475-8377-44d9-a836-c2313a93c1f0,44.45437058111995,33348.4858650582,52.67264914775448,13525.595215215499,43.06397272668626,15542.080193891803,-22.175254771696746,357.4436287890617,0.2888483025395623,0.016512636072180138,0.46380676876304716,0.013536416978813443,0.40558473382286847,150.28439208333333,0.11826096316666666,22.517348022727273,650.0,90.0,271.51725589225595,0.04796556947260091,30.0,15.0,3.0,spur
72b46a52-0750-4b58-9c93-c187f75c14e7,42.640505603760545,35471.354280869135,46.49865749922371,15746.78257753655,43.764639645949835,15568.333995247975,-21.225015574060627,358.099424666997,0.32525864635132573,0.01624656092968224,0.4481261644812711,0.01331628258044339,0.4439310892684232,143.15256875,0.111192778625,22.517348022727273,400.0,110.0,407.27588383838383,0.04796556947260091,30.0,15.0,3.0,spur
72e5a4df-d5c4-44d8-8409-e1a93971e67e,68.83574951752068,49195.4143359923,57.42356953261437,17192.524661708496,105.0743587816625,23952.404360718236,10.679301782786114,543.6739796408327,0.24498924935869104,0.009513606906186868,0.45242499808307035,0.01577180926169062,0.3494782132897263,156.29568041666667,0.12553524624999998,25.011565351010102,1200.0,110.0,407.27588383838383,0.10036192065991252,30.0,20.0,6.0,spur
730e8137-7f03-4b0d-b0e2-2ac13149ae4a,107.02712257719828,64697.35130440491,65.04738787997276,14697.730030987943,200.22216485595573,37304.756283067574,62.642309872481825,837.4497798899879,0.17889624308643728,0.006764371667255892,0.4898416218470117,0.01801335297550426,0.22718224732051553,163.30810958333333,0.12986776666666666,22.505782674242425,1200.0,90.0,271.51725589225595,0.16982541343694404,25.0,20.0,9.0,spur
736ef7f1-4e26-45de-a36a-7fdfe586f94a,70.91082556786104,39629.08605471113,59.839119309218994,7952.261030558494,102.75565859548648,23736.696046033703,8.653228318087864,538.6238508113653,0.12688896364804292,0.010978637173779462,0.5091024475287248,0.01561690837475775,0.20067014067674438,159.04521833333334,0.12832979083333332,25.011565351010102,650.0,50.0,814.5517676767677,0.10036192065991252,30.0,20.0,6.0,spur
741ba9b4-3f30-4161-bde3-56a4b5bc3d13,131.79055902804043,74357.79425394048,66.7699372935299,8238.974008904757,267.43810690547565,48475.65869024631,98.14446131809056,1083.1611638254985,0.10984661680011575,0.005247780587268519,0.524717743351957,0.01825879518044893,0.1108052955320405,164.77948,0.1299848075,20.0115655155724,650.0,50.0,271.51725589225595,0.2509799004147781,25.0,15.0,12.0,spur
749ccd14-fac9-4e2c-83b5-2bdf24335b34,42.75407212430245,33141.830357951345,52.42504620440791,13556.703193978248,40.11934407626396,15252.955849901722,-24.146696782805524,351.1276359565673,0.2879938314185606,0.016243811185458756,0.4578821867110691,0.013034086485644273,0.40905218954774036,150.63003666666665,0.11860519725,22.517348022727273,900.0,90.0,407.27588383838383,0.04796556947260091,30.0,15.0,3.0,spur
74b45c84-0668-4636-92ef-e9b787341605,96.37043837760868,60626.66780152545,59.71053293160118,14154.806858946458,179.28561800280661,34494.753864910024,50.10134687177475,775.3680376208703,0.20397224879829545,0.006958241056397306,0.4869947160843855,0.016733602075506487,0.23347965223457345,157.27563125,0.122568773,20.0115655155724,400.0,90.0,271.51725589225595,0.16982541343694404,25.0,15.0,9.0,spur
74dcf15f-dfe1-499e-b03a-644a31afa95c,117.39600221894761,72142.99963829645,64.89788064685114,8204.514806666693,242.76901126994824,45733.118611953054,83.93052461515165,1023.6863149629066,0.11519198913617425,0.005194075989057238,0.5211868373418034,0.017970109192244767,0.11372945963304197,164.0902975,0.13211877291666665,22.517348022727273,650.0,50.0,678.7931397306396,0.2509799004147781,30.0,15.0,12.0,spur
74f3f8f4-e9c8-4a99-a9d5-868fcd717790,45.482372800046875,27841.398198502517,55.07612468319368,7647.992672349511,46.99352616556893,15994.707568426347,-21.133650080849563,366.26398223277914,0.19038431048789983,0.019198682910037877,0.5580389213131314,0.014097299693190775,0.274699874251319,152.95985375,0.11832861933333333,20.0115655155724,400.0,50.0,814.5517676767677,0.04796556947260091,25.0,15.0,3.0,spur
7512f9c2-70d3-492b-a27c-d05a8260200d,140.25866573293058,77093.12009487838,67.32152525361978,8264.315780010726,288.7199571039248,51321.66036619717,112.25739475326124,1146.1592601394366,0.0932002566287984,0.005303792463973065,0.5282931615469276,0.01858706034101865,0.10720311346618615,165.286315,0.13186179750000002,22.505782674242425,650.0,50.0,271.51725589225595,0.2509799004147781,25.0,20.0,12.0,spur
753d205e-7109-4086-a27a-c09eed61ed54,46.038028381412495,36498.859312369714,50.08285448961356,16203.719416524116,47.75692366971752,16031.944462199775,-19.19593871098794,367.8811369067593,0.28928447660658674,0.01658134470270413,0.4659995319351851,0.013377653242937661,0.44395281030317507,147.30654125,0.11401246570833333,22.505782674242425,650.0,110.0,407.27588383838383,0.04796556947260091,25.0,20.0,3.0,spur
753f2155-6ab1-4320-9ceb-38278f336cde,44.54987383634695,30636.221815907844,55.73855959277184,10776.423463105597,43.050633087140646,15559.237404586835,-21.726592709538505,358.2137057579669,0.21920207025031563,0.01740211306260522,0.5208912088399622,0.013596517922561242,0.3517554239050619,153.9489075,0.12317964920833334,25.011565351010102,650.0,70.0,271.51725589225595,0.04796556947260091,30.0,20.0,3.0,spur
757b1595-12c4-4eb8-9731-3f73c36b163b,44.39836574164555,30641.06785160762,53.97427805044723,10654.341090178576,43.858326536944496,15671.697868958325,-22.906163962825122,359.265092314489,0.23844157673495373,0.017729754986742424,0.4972860252770413,0.013480694766184586,0.34771550299322646,152.20487291666666,0.11756170183333332,20.0115655155724,900.0,70.0,407.27588383838383,0.04796556947260091,25.0,15.0,3.0,spur
758d85fa-73e0-4e0e-bfb4-05ef066b97ff,72.03312518083177,49691.83672880149,59.4027181597905,17363.494263323093,109.92112473786506,24451.59093362447,14.182574401798172,555.1357410460913,0.24697802449568604,0.009626937025736533,0.4546252957371633,0.016129305624205413,0.3494274033676652,157.84994583333332,0.12710974041666667,25.011565351010102,650.0,110.0,407.27588383838383,0.10036192065991252,30.0,20.0,6.0,spur
759b1abc-82f4-4629-a831-9faa474b9b18,113.81328612866595,79645.26888586619,62.50696750400788,14545.573505963554,250.46260962256704,46740.372973879836,88.06759868884994,1045.3059531955307,0.18942905822301134,0.004746332594002526,0.49907443656486744,0.017619532981034178,0.18263491522557077,161.61748375,0.12684509208333333,20.0115655155724,1200.0,90.0,678.7931397306396,0.2509799004147781,25.0,15.0,12.0,spur
75b9ad91-b7a6-47de-99eb-72176d96ddba,136.27839282794156,80494.22031794369,70.84753342485747,11815.299779646468,284.4402075037783,50648.39700084189,111.29303424092689,1133.1521766316189,0.13612052170160985,0.00508335920601852,0.5134013257212227,0.019759033669088797,0.14678982246041206,168.78999666666667,0.13819095208333335,25.011565351010102,900.0,70.0,271.51725589225595,0.2509799004147781,30.0,20.0,12.0,spur
763c1e40-0155-4e4f-991d-a2463500cb28,76.76036012112523,40272.039919416966,59.040618831363865,7870.693205319484,112.34499485062261,24756.626025197966,14.443275885083445,559.6537426171385,0.12223000726925504,0.011338642382880893,0.5200992822216962,0.015348569976635223,0.19544089130624168,157.41386500000002,0.12403070816666667,22.505782674242425,400.0,50.0,678.7931397306396,0.10036192065991252,25.0,20.0,6.0,spur
76ba1445-39ce-41eb-aa47-d572410f9932,121.56343195280077,80554.01994917484,65.2153212354821,14719.247702864532,262.94132830089654,48026.47572045356,95.56260724951306,1072.650093032142,0.19084069145732324,0.004808565523863636,0.5007753808482218,0.01804192567558118,0.182730380973262,163.54719791666665,0.12876241416666667,20.0115655155724,650.0,90.0,407.27588383838383,0.2509799004147781,25.0,15.0,12.0,spur
76d54b07-aedb-4fab-9a7b-d3173158a076,41.404695687103825,27362.292252578685,55.966788959268584,7744.993460783025,40.26731878858135,15301.257624714452,-24.20588216511423,351.92817940689025,0.17019273498179716,0.018235551247211698,0.5601964154419193,0.013145461721833323,0.28305440172892665,154.89986833333333,0.12415477629166667,25.011565351010102,650.0,50.0,814.5517676767677,0.04796556947260091,30.0,20.0,3.0,spur
76fff763-4ed4-4a8b-beb3-741310038d16,114.07773419713997,79664.9911646431,62.82155308248083,14572.097047930334,251.53871680441156,46871.50698377143,88.72218408472033,1048.2998879240922,0.18959128316114268,0.004760512036837122,0.499385072810606,0.01766780204510131,0.18292258533997285,161.91218916666665,0.12714421875,20.0115655155724,900.0,90.0,814.5517676767677,0.2509799004147781,25.0,15.0,12.0,spur
771a9568-cbbe-4bf1-8c27-6712b87307ba,130.58011623424122,78799.23786091332,67.59497943442369,11599.114843528887,271.8966323295852,49114.04773823929,100.5359175306705,1097.2720974553313,0.15160133051761368,0.004958225815235691,0.5118314517783039,0.0185773665682945,0.1472029334049224,165.70163833333334,0.13088736874999998,20.0115655155724,1200.0,70.0,271.51725589225595,0.2509799004147781,25.0,15.0,12.0,spur
775cc2c5-c14a-405f-8449-cf4db25ddc65,43.435719063668,32864.003270511814,46.03860027571433,12851.7189965711,46.61743666474605,15884.792082390499,-19.712934522931896,364.5637915803415,0.24971177895633412,0.01776175779403409,0.5163204297264309,0.012968096670606395,0.39105925858067864,142.79687583333333,0.10958452125,22.505782674242425,400.0,90.0,271.51725589225595,0.04796556947260091,25.0,20.0,3.0,spur
77a4587d-0f11-441f-a87a-7b6447b04bf0,45.883680872505735,33800.72777904008,53.02812846376687,13591.884384500278,46.03907696669853,15886.571997932035,-20.530910411571046,364.765505375171,0.25431537885700756,0.01703137027583123,0.48756694959080377,0.013286501884575962,0.4021192920939148,151.02093625,0.11767114720833333,22.505782674242425,900.0,90.0,407.27588383838383,0.04796556947260091,25.0,20.0,3.0,spur
77a689fb-239e-4337-8eda-27fd88594c74,70.56038248314093,48645.19403423719,54.438921275551536,16714.074638152673,109.80378302412981,24338.165169834625,12.581174170973211,550.414849177656,0.26786719443129203,0.009769868659364479,0.453456852491372,0.015326150537494797,0.34359517873083717,151.94613333333334,0.11733251929166666,20.0115655155724,400.0,110.0,814.5517676767677,0.10036192065991252,25.0,15.0,6.0,spur
7912015a-48ee-4a54-9fe7-11ab3372c50c,113.22483530093028,82104.0474380899,64.47238708166803,17922.337162167794,252.2252053041928,46626.25500591591,90.78383339449267,1043.1624580997902,0.2422184459715383,0.004679344007060184,0.4893748421986742,0.018004369763345598,0.21829381417005944,162.93033791666667,0.13099118583333333,22.517348022727273,400.0,110.0,814.5517676767677,0.2509799004147781,30.0,15.0,12.0,spur
79456368-4e9e-4587-91b2-ee124ec20447,99.30374785784754,54478.9980875315,62.436158616688864,8050.995264686339,175.4680784110855,34280.48936872224,47.06242691226913,769.5694279235154,0.12101921038544822,0.007490639542108586,0.5164155506402567,0.016921372646002315,0.1477850070438852,161.01990541666666,0.12627731791666666,20.0115655155724,400.0,50.0,678.7931397306396,0.16982541343694404,25.0,15.0,9.0,spur
796f6d5a-0695-4181-a71a-7a21270ff1d9,93.13916408796611,63686.92310818104,59.043870981644666,17252.11276615257,178.392820687705,34437.12503641885,49.36787169274462,772.8582491603356,0.24370560209111952,0.006641215366835017,0.47395149630802824,0.016699785016793145,0.2708945214696609,156.83738875,0.12213830408333333,20.0115655155724,400.0,110.0,407.27588383838383,0.16982541343694404,25.0,15.0,9.0,spur
79cd578f-3f2f-4eae-892d-05b0615df6c6,91.12842499323708,61149.75486851621,59.71986747939832,14299.589038167962,172.04045666902311,34017.27871675576,44.521051372011414,764.0575550149847,0.2053198211897096,0.006640002618287038,0.48264682340288306,0.016809334734731063,0.23385047715238938,158.88432291666666,0.12414487104166666,20.0115655155724,1200.0,90.0,814.5517676767677,0.16982541343694404,25.0,15.0,9.0,spur
7a2b375c-e075-498a-bd47-423a5db5df50,35.49063097784865,26414.43888782442,50.747911105088264,7499.06491058147,33.101161468150366,14550.670566590348,-29.25944217836665,334.694835015466,0.18542328234006733,0.017924683510890157,0.5294385055916456,0.011741202784476108,0.28390087731059943,149.98129958333334,0.11797059583333334,22.517348022727273,1200.0,50.0,678.7931397306396,0.04796556947260091,30.0,15.0,3.0,spur
7a2c4c9d-2066-462e-a2f6-9170fac8c544,45.419514873444186,30742.97440705464,53.617096138161045,10603.028987081034,45.88201032033459,15872.180706611713,-21.546430655183237,364.0256191164205,0.23853139475768095,0.01793623014215067,0.5048285504528619,0.013776630984069262,0.3448939924586372,151.4718420833333,0.11684863208333333,20.0115655155724,650.0,70.0,407.27588383838383,0.04796556947260091,25.0,15.0,3.0,spur
7a2edf8d-c8b8-4b74-83ab-c6532af4e6a8,67.22509091467579,45803.243527610735,56.34318615978863,14002.001634784734,102.56084474418287,23718.78970611395,8.33712891178936,537.313674892146,0.20684637580808082,0.009928264987352695,0.46717633020507154,0.015524834002138761,0.30570289438303627,155.57779333333335,0.12482238279166667,25.011565351010102,1200.0,90.0,814.5517676767677,0.10036192065991252,30.0,20.0,6.0,spur
7aadb217-284d-4cd7-9581-6e08d99b7424,69.31086569597764,39201.08646398555,57.07586101325809,7810.607637157755,99.79229682948127,23398.803017560847,5.681906188922035,529.5834156468661,0.13858258760343015,0.010883907305566078,0.5042210047158038,0.014911229196002811,0.1992472799795817,156.21215375,0.121508857375,20.0115655155724,1200.0,50.0,407.27588383838383,0.10036192065991252,25.0,15.0,6.0,spur
7add2a1b-718b-48a0-835f-f799362cf2eb,46.47340113074387,28033.863195594076,54.89897046171743,7641.517477867516,48.845120535509174,16190.594499501081,-19.160917838609898,371.44937409331584,0.16783671251199497,0.019282380883364897,0.5839514074957912,0.013837679153012566,0.27258296670901444,152.83035,0.11948381812499999,22.505782674242425,400.0,50.0,678.7931397306396,0.04796556947260091,25.0,20.0,3.0,spur
7b466df5-4b45-4ef6-8749-80c87d485626,39.29550044752234,27103.531607591507,52.269898642461534,7573.049765154411,38.71381091380534,15161.113943754455,-25.576614298470503,348.8658439461931,0.16584849149821126,0.01857821071696128,0.5524228255513468,0.012183498862387392,0.2794127286382659,151.460995,0.11811515708333332,22.505782674242425,1200.0,50.0,678.7931397306396,0.04796556947260091,25.0,20.0,3.0,spur
7bbeb010-8731-4df9-8f6a-f0fc67352d97,44.46586446637944,33517.95567409849,52.59665760228951,13564.526071689334,43.467606629449605,15621.864779463016,-22.804916040467106,358.93473379491996,0.2833070473644781,0.016756083716835016,0.4585221393604798,0.013323062975448469,0.4046954639434918,150.71695624999998,0.11611059270833334,20.0115655155724,900.0,90.0,678.7931397306396,0.04796556947260091,25.0,15.0,3.0,spur
7d1de764-ac06-4709-8868-3b383d15f9c8,111.25971225883336,78795.39100770089,63.441841733469815,14632.794307286664,242.75341914861332,45707.39717504703,84.06771331321958,1023.1285755214412,0.19951739512294825,0.004773220973874159,0.4975422058041877,0.017924028462429905,0.18571171107148124,162.58660375,0.13058728583333332,22.517348022727273,900.0,90.0,678.7931397306396,0.2509799004147781,30.0,15.0,12.0,spur
7d69db4b-7ba1-461c-80e1-d40b840eaf73,69.36917959064013,39382.72669994751,58.64212348254739,7897.457553414821,100.35361444436353,23472.91359477171,7.12207917294016,532.9682814502107,0.1262607542304293,0.010933377117666246,0.5070052705728114,0.015454538952407275,0.20053394039269104,157.94915208333333,0.12721278833333335,25.011565351010102,900.0,50.0,407.27588383838383,0.10036192065991252,30.0,20.0,6.0,spur
7dbaa71d-3bad-40a2-95ba-797da8b12430,102.15144120004058,54757.14566264723,65.40900075326869,8178.337621837453,176.97675985476175,34342.173442965635,49.21219788958448,772.163873311713,0.1276644715085438,0.007488009755061027,0.5160266001255261,0.01754216746950606,0.14935995029991522,163.56675208333334,0.13157756208333335,22.517348022727273,400.0,50.0,271.51725589225595,0.16982541343694404,30.0,15.0,9.0,spur
7de1352f-ad3a-41aa-9da6-a96fcf170f04,101.38066139517414,54503.50676530521,62.376386932925385,8023.790105639576,177.80363775403154,34447.208353103466,48.71543963473346,773.2217255887473,0.12096808249953704,0.007558763696296296,0.5176069396343644,0.01690845268252352,0.14721944046425345,160.47580291666665,0.125729255,20.0115655155724,400.0,50.0,271.51725589225595,0.16982541343694404,25.0,15.0,9.0,spur
7e16d9d1-3dc9-429d-8f0a-4bc8886a6e36,70.10237689746954,45630.19523791652,58.58501900674723,14123.358950410839,101.97846523458915,23527.851689890314,8.649206480063878,533.8503004047355,0.23892813464299245,0.009760544725715489,0.4643869841602483,0.015480812483323312,0.30952118114229765,156.92621041666666,0.124892254,22.517348022727273,900.0,90.0,271.51725589225595,0.10036192065991252,30.0,15.0,6.0,spur
7e5d6dca-aa0f-4f3d-896f-321add58f137,67.55692704019013,45354.47577857613,57.036327330508804,14027.003062404785,99.73147393741894,23335.490755826624,6.607062181441302,529.2110634994607,0.23755507683143945,0.009764695307175927,0.46393595436521473,0.015286915428203198,0.3092783159679552,155.85559166666667,0.12382481833333332,22.517348022727273,900.0,90.0,407.27588383838383,0.10036192065991252,30.0,15.0,6.0,spur
7ee8997e-b68b-4dd7-b59d-b6748000b309,71.98818497100831,49571.677434003046,59.45821005474253,17353.381725690244,107.75593208659097,24178.81492260865,12.95395363591033,547.9997421064762,0.24673625395275678,0.009500813761805555,0.45322063237331656,0.016003864531783926,0.35007048654967354,157.75801375,0.12700525,25.011565351010102,1200.0,110.0,271.51725589225595,0.10036192065991252,30.0,20.0,6.0,spur
7ef78b1d-7d59-4cd0-b483-bd1426d992e6,70.35472735473027,49345.13224092867,56.94668874563688,17107.324672784904,108.07729090994403,24284.06524966213,10.948119850155242,549.4868918519416,0.27089179427335863,0.00938508520492424,0.4487220198907828,0.015538389011005627,0.3466909140938536,155.52113333333332,0.12083245758333333,20.0115655155724,900.0,110.0,814.5517676767677,0.10036192065991252,25.0,15.0,6.0,spur
7efb3f59-c5f4-454f-af2e-da8971c23375,45.19714512312187,30560.17916348286,51.726583956890195,10436.172864243366,46.71141928758955,15937.417160688778,-20.86598390959988,365.5430629541483,0.23770786840688127,0.018227754459648568,0.5166706433449074,0.013820437419977521,0.3414972169322927,149.08818166666666,0.114531251875,20.0115655155724,400.0,70.0,814.5517676767677,0.04796556947260091,25.0,15.0,3.0,spur
7f8aacba-7e07-4e4f-95f1-2c3ea93886b4,92.7419786684761,57562.28399124063,62.30604290388344,11301.423390500151,168.60639072436538,33569.65740575085,42.9894360502892,754.9854825355478,0.17237078816861318,0.006985359027272728,0.4960599704613846,0.017199563302990696,0.1963381891303677,161.448905,0.12944483874999999,22.517348022727273,650.0,70.0,814.5517676767677,0.16982541343694404,30.0,15.0,9.0,spur
7fcb7ef5-481d-4094-8202-6652e58513fe,87.11498525545883,60173.74989933395,59.26531645147072,14269.351303247946,163.27182869626532,32943.62216813588,39.91310723426428,741.6363408177398,0.21403559670165195,0.006645693003377525,0.48078805743334374,0.01684826656849324,0.23714090143932243,158.54834708333334,0.12652088041666668,22.517348022727273,1200.0,90.0,678.7931397306396,0.16982541343694404,30.0,15.0,9.0,spur
7fcd51e0-55bf-45b3-acb6-92f4beee9558,38.20376983642812,26814.68478622369,53.3194335047086,7620.514147372628,35.90181218255087,14836.552115109576,-26.863611200236097,341.33278525647273,0.17211052645717595,0.01796335001751894,0.5486065124739058,0.012334959340364543,0.2841926704116877,152.41028291666666,0.12162584025,25.011565351010102,1200.0,50.0,271.51725589225595,0.04796556947260091,30.0,20.0,3.0,spur
80562ed3-c5b8-46c3-a18f-bd87d512a06b,43.892195755423074,33336.007392831256,53.85515786502817,13672.460444253527,41.0183045539372,15328.715680585614,-22.62656134570275,353.06262623736956,0.2603605436440446,0.016407504674295033,0.47955922951567753,0.013103357586461799,0.4101419590965943,151.91622791666666,0.12113123625,25.011565351010102,900.0,90.0,271.51725589225595,0.04796556947260091,30.0,20.0,3.0,spur
8095adc9-518e-4a92-a79a-9bbc2d4a5865,73.35225129215172,46948.838427036266,57.70947352930702,14088.26400488316,113.05567526076817,24908.666058156494,14.601142606079012,564.1649387362651,0.20060538884154042,0.0100533528309133,0.47236802772874587,0.015560708379787649,0.30008076074778006,156.53626708333334,0.12314264354166667,22.505782674242425,900.0,90.0,678.7931397306396,0.10036192065991252,25.0,20.0,6.0,spur
80ad6675-d110-46bd-a3d1-dd2ad9bbbc99,43.55323331741111,36183.693281691434,51.757004074458635,16490.068671787943,41.12478709514754,15357.30873061993,-23.385061685938272,353.8313937672688,0.3322266388562711,0.01541534326372054,0.4274082158436448,0.013133004267689872,0.45573313962543405,149.90971416666667,0.11789774491666667,22.517348022727273,900.0,110.0,814.5517676767677,0.04796556947260091,30.0,15.0,3.0,spur
80cefcd5-6054-46b9-8ff1-ec2d886cd2bd,40.62026234648579,30107.174102892477,51.192927697457534,10508.782723072716,39.50143085955293,15229.721284774192,-24.865204932655654,350.1405886945836,0.21363913789835862,0.01758343462493687,0.5105025025671295,0.012214002029121922,0.3490467753886946,150.12546666666665,0.11679962225,22.505782674242425,1200.0,70.0,814.5517676767677,0.04796556947260091,25.0,20.0,3.0,spur
80de471d-bc74-49bc-ae85-b84a5b98c50a,45.10302789399366,30600.4119522715,54.061912739554316,10624.303789535597,45.29682822651673,15774.881741765885,-20.00914405703102,363.2749789723898,0.21817942699074075,0.017753899657775678,0.5371466056281566,0.013765156887521248,0.34719611067217643,151.77576833333333,0.12101908441666666,25.011565351010102,400.0,70.0,814.5517676767677,0.04796556947260091,30.0,20.0,3.0,spur
80eb073c-a7a8-457b-8036-a8e9b693e979,44.7372889614139,27921.80313185259,56.02641072243176,7732.548573778639,45.6233918163372,15879.611347786886,-21.422056704802056,364.4179415705775,0.1693795855842803,0.01886683201183712,0.5639459827866161,0.013485665724797131,0.27693696692919245,154.65097291666666,0.12127964441666667,22.505782674242425,650.0,50.0,678.7931397306396,0.04796556947260091,25.0,20.0,3.0,spur
8152cc8a-0854-4017-af4c-2281a2b511a3,69.71482530662666,42540.9015360504,58.829400484549744,11041.124140344296,101.61924780585825,23567.326252634102,7.6109728338765805,534.897723729672,0.19302847633001896,0.01030823067292719,0.4837382844070917,0.01549056728787022,0.25954448284260123,157.73034416666667,0.12571416041666666,22.517348022727273,650.0,70.0,814.5517676767677,0.10036192065991252,30.0,15.0,6.0,spur
81e2472b-0a91-4cbc-a3cf-04ca6ec4923d,98.02341258123694,62112.509080569755,64.33832853078157,14654.727546956472,183.61542697619186,35238.82936449585,54.20451981576807,792.4561226528413,0.1869785572306397,0.006958496410784933,0.4879309152384259,0.017883935476066676,0.23594363595115078,162.83030625,0.13217524041666667,25.011565351010102,400.0,90.0,678.7931397306396,0.16982541343694404,30.0,20.0,9.0,spur
81f83104-5fdf-4df3-8548-e8fe3179dcc6,123.99859411889975,77513.89505867007,65.73559949247338,11507.395992875214,260.81604429333987,47899.10267511804,94.20412440717357,1070.6541829656512,0.15116671430932238,0.004952268003377525,0.511104363018045,0.018119268596292128,0.14846048560787675,164.39137166666669,0.12959323041666668,20.0115655155724,900.0,70.0,407.27588383838383,0.2509799004147781,25.0,15.0,12.0,spur
822a927b-ed2b-44a4-b0c5-8d90f971b0ab,67.0777917795341,45429.156558151415,56.71830684304957,14014.459711459263,100.00614103838714,23393.70359506331,6.5223345962551385,530.6930194823236,0.23746456853714223,0.00974338117242214,0.46351655957396887,0.015295987680734638,0.30849390957977374,155.71621916666666,0.12369281016666667,22.517348022727273,900.0,90.0,814.5517676767677,0.10036192065991252,30.0,15.0,6.0,spur
828241d6-325f-46a9-8533-bc2dffea07be,119.46705251179652,78335.6692697218,65.02404746613712,11509.629269249674,260.5866448259242,48223.692494284995,94.73086903229931,1079.104266809742,0.13367923049510733,0.0050142427357007585,0.5104912121450441,0.018935771562874116,0.1469326088760554,164.42327375,0.13375755125,25.011565351010102,1200.0,70.0,678.7931397306396,0.2509799004147781,30.0,20.0,12.0,spur
82c2f23b-d160-4442-adc3-48e60fd16278,91.84008591826293,64759.0507095507,60.65407975355224,17551.12795810688,176.49141744551648,34499.289446715964,47.34046817361409,774.6887848238424,0.24635338979824287,0.006380159693707912,0.47126856349105645,0.01704100240738833,0.27102722963437964,159.55570833333334,0.12480843325,20.0115655155724,900.0,110.0,814.5517676767677,0.16982541343694404,25.0,15.0,9.0,spur
83183cb1-31d2-48cd-8d15-42c298b69f33,135.70830466523284,76903.56268547008,67.00502237471979,8284.43271886344,282.22025394317154,50830.01938097177,108.06755981148567,1135.3816825769388,0.0932282846107218,0.005230251619423401,0.5269523918150252,0.018548773127792947,0.10772898005936138,165.68865541666665,0.13226695541666667,22.505782674242425,650.0,50.0,407.27588383838383,0.2509799004147781,25.0,20.0,12.0,spur
836765d6-a940-4884-ba7f-58dc353e8c6c,133.10799463459105,74483.42759204558,63.669050573806494,8070.589087281824,275.8444860835528,49494.49540499107,105.38674916804747,1105.83120334267,0.0919624388616793,0.0054533610315867,0.5293516610708123,0.01767536168228196,0.10835797985531859,161.41178333333332,0.12802220708333334,22.505782674242425,400.0,50.0,271.51725589225595,0.2509799004147781,25.0,20.0,12.0,spur
838ed715-6a85-4ba2-947f-5b2ab72bd0e4,97.45404409787739,57747.4980572063,61.61810282876941,11199.417728360351,177.14042440343405,34432.85116561411,48.22815431973024,772.9510012171978,0.16447376498132363,0.007174320086531986,0.5001803356844486,0.016916409178636033,0.19394186551944392,159.99168083333333,0.12526022858333333,20.0115655155724,400.0,70.0,678.7931397306396,0.16982541343694404,25.0,15.0,9.0,spur
83d35cdb-1384-4fae-986b-5c8d8a8b42a0,122.69280509137093,78366.91961682928,66.94562174369587,11625.300292259302,264.5489733779736,48607.51295175512,97.60676098723428,1086.2447685427817,0.1349392316802504,0.005059690683869949,0.5116219826064814,0.019003434768292818,0.1483497440628804,166.07571791666666,0.13546336791666666,25.011565351010102,650.0,70.0,678.7931397306396,0.2509799004147781,30.0,20.0,12.0,spur
83efad34-faaf-486b-aeeb-c4c68a28a842,71.00677095218205,49050.85571337805,58.417817339222644,17201.02712351607,106.38624446050473,23988.11027323872,11.337641123236693,543.5345379276986,0.28294570782944023,0.009369704824463384,0.4502793215089962,0.015761797845502905,0.350681007280555,156.37297583333333,0.1243418045,22.517348022727273,650.0,110.0,271.51725589225595,0.10036192065991252,30.0,15.0,6.0,spur
842f6aac-632c-4e0a-93bd-d9d153c58180,119.34428828216215,84340.02682116159,65.15789621988769,17990.643023270703,264.58462102302013,48272.538104942745,96.58181322557886,1079.015882509645,0.2298617194807976,0.004585028812763047,0.49025754797958754,0.018150293439059495,0.21331666113527972,163.55130166666666,0.12875652416666666,20.0115655155724,900.0,110.0,407.27588383838383,0.2509799004147781,25.0,15.0,12.0,spur
842fd1cb-c64c-4165-ba7e-2cd3a4244606,69.90173963455518,42605.51167208802,57.00304485100558,10914.14827650087,102.74472365777392,23711.58326663036,7.602765905177448,536.6392056420257,0.18522000793692125,0.010340109222495793,0.48276366879882143,0.015115096764966831,0.2561705839743595,155.91640541666666,0.12121521833333333,20.0115655155724,1200.0,70.0,407.27588383838383,0.10036192065991252,25.0,15.0,6.0,spur
8450f9d5-3a17-4ffe-bc70-05fff703dcef,71.35473209979544,39607.92530285169,60.21016297381696,7966.432513405758,102.75897686126656,23722.78728328315,8.968248766316684,539.0097152315366,0.12687696649689603,0.010997395130639732,0.510798964003893,0.01565099154452685,0.20113513233961,159.32865083333334,0.12860951625,25.011565351010102,650.0,50.0,407.27588383838383,0.10036192065991252,30.0,20.0,6.0,spur
84a218a2-52f1-46d8-9525-3f82c8cf196c,71.53220989808455,43043.77757847168,59.821554717757586,11115.824013377269,105.36773575712495,24004.569194742446,10.631278927213033,544.913699113538,0.1695162209980534,0.010478015827251684,0.48892283778009255,0.015815940633730916,0.2582479900632035,158.79748458333333,0.12807525083333335,25.011565351010102,650.0,70.0,678.7931397306396,0.10036192065991252,30.0,20.0,6.0,spur
84ae6a38-385a-4c2d-89ad-c30e5708bb57,139.48543150470744,81618.08753994691,68.17707169822172,11625.478983284464,295.4145821749906,52179.64701243331,116.02220990715664,1165.32943445423,0.12859407726799243,0.00506060794201389,0.5162552512139099,0.01894385942613028,0.14244253653970532,166.07826958333334,0.13264423916666665,22.505782674242425,900.0,70.0,271.51725589225595,0.2509799004147781,25.0,20.0,12.0,spur
851940cf-68c7-4e5b-8cfe-86d71fb1115c,98.74181998354723,55573.727436067216,64.28029617933112,8179.792223291633,177.51531313120685,34727.71293246025,48.887053820827205,781.9164753079821,0.10903041727119106,0.007391115513930977,0.5146333042838803,0.017864722141493747,0.1471921804211606,163.59584541666666,0.13292687333333333,25.011565351010102,650.0,50.0,678.7931397306396,0.16982541343694404,30.0,20.0,9.0,spur
853d4800-7940-43cd-91fa-90497d5e4130,71.97824500975076,46118.46646172813,57.894420107696334,14057.762079255253,106.97697321253385,24120.12671281349,10.543842990426471,545.7070992049647,0.2298173386483586,0.009858559392708334,0.4653704314453915,0.015396912698591978,0.3048219463206654,156.19735625,0.12148575833333335,20.0115655155724,1200.0,90.0,271.51725589225595,0.10036192065991252,25.0,15.0,6.0,spur
856c8311-05de-402f-84ff-be894d85d36d,89.31217640128521,60569.06145319043,60.70394047463912,14388.941009517474,166.6724410935892,33337.23490646039,41.976976785897676,750.3038467597042,0.21555616744039352,0.006651743638541667,0.48143786712263253,0.017061502326943027,0.2375675921200359,159.87712208333332,0.12785602708333335,22.517348022727273,900.0,90.0,678.7931397306396,0.16982541343694404,30.0,15.0,9.0,spur
85ac9b04-f905-44da-af81-a1b8d3d67c35,135.73124744673552,77341.93865452956,66.92850993597385,8289.464307296777,282.65777531040834,50984.53865056548,108.0146252419639,1138.8856483987258,0.09309780966393098,0.0051813332258207065,0.52628207843508,0.018667326671300024,0.10718354695578249,165.78928458333334,0.13235814791666667,22.505782674242425,900.0,50.0,407.27588383838383,0.2509799004147781,25.0,20.0,12.0,spur
8620fd5f-c16a-4c29-8bcf-156f97b1bf8e,71.28392762429763,42558.62502154329,59.61646101104833,11065.510185146108,102.45325904839413,23601.352643185368,8.691755221487783,535.646490025882,0.19362595776914981,0.010344783382323232,0.4853575588704755,0.015554987313199807,0.2600093284419304,158.07871541666665,0.12605367416666666,22.517348022727273,650.0,70.0,271.51725589225595,0.10036192065991252,30.0,15.0,6.0,spur
86618fab-b735-43a0-9cbb-80fdb0fe4046,124.22518381815735,75817.70995432354,64.82669867222069,11361.424123709128,260.1621394757167,47231.77100345202,95.85677827109232,1056.3408922526658,0.1579927962466225,0.005182422403651094,0.5123884869386574,0.018089349419152898,0.14985618879468826,162.30606,0.13033575125,22.517348022727273,400.0,70.0,271.51725589225595,0.2509799004147781,30.0,15.0,12.0,spur
86ff645a-71d8-418d-a542-a353b97f435e,115.9498028000888,81672.6398113187,64.42434076085362,14744.205253976825,261.2901221460493,48317.9579702719,95.03798199296817,1080.3837309977405,0.16889285057502101,0.0048453364457596805,0.4997613057725695,0.018915606458087326,0.18053459108257244,163.82450083333333,0.13315261458333333,25.011565351010102,1200.0,90.0,814.5517676767677,0.2509799004147781,30.0,20.0,12.0,spur
8701f197-11a4-45cb-bf31-5e84efae79f8,45.08736873592882,36517.255754227306,51.485792650637016,16441.917948565908,44.63732882728439,15732.15840433163,-21.19249916031484,361.3936527465841,0.29044687222253784,0.01621253363831019,0.45309772911489904,0.012964532774205138,0.4502517956516097,149.47197958333334,0.11615401379166666,22.505782674242425,900.0,110.0,814.5517676767677,0.04796556947260091,25.0,20.0,3.0,spur
8712b8db-995d-44fc-9822-abe0f4568479,43.98177941742624,36235.99030530852,52.38958602615684,16549.116383934805,41.25434082305044,15352.291172056151,-22.4282773404903,353.5112079971004,0.2982413187684133,0.01569784447626263,0.44867281570875417,0.013067410214249786,0.45670492081128006,150.44651375,0.11966174624999999,25.011565351010102,900.0,110.0,407.27588383838383,0.04796556947260091,30.0,20.0,3.0,spur
876500ab-e915-4532-9aa0-2cc74c0e66c6,129.3768241159017,78361.81010909911,64.49241820517774,11379.129648386503,277.3943273905613,49859.92733383706,106.1786397864563,1113.8704391495764,0.12751051858098694,0.0051970227303766835,0.5167539125654462,0.0179012256711913,0.14521756573707492,162.558995,0.12916967041666666,22.505782674242425,400.0,70.0,407.27588383838383,0.2509799004147781,25.0,20.0,12.0,spur
876a176c-3149-4109-a640-584fdf26e0a1,94.46273447513848,60931.39333165922,62.84912513774111,14516.265633142713,174.86847173772986,34150.51608402148,47.817494861660556,767.7509863710978,0.21716355979271884,0.006797417698526936,0.4844812654669613,0.017324995669728973,0.23824426300953394,161.29184,0.12931065208333334,22.517348022727273,400.0,90.0,814.5517676767677,0.16982541343694404,30.0,15.0,9.0,spur
876b73d3-f06d-43ba-9c03-dee383503198,74.14659332823477,46365.96754089851,56.09279815473405,13851.24095650709,114.45527703455951,24918.078876470652,16.215900940318104,563.5174195530864,0.1997199934998948,0.010448063561584595,0.4784835816424663,0.015283731974478918,0.2987409652646974,153.90267708333334,0.12054575608333333,22.505782674242425,400.0,90.0,678.7931397306396,0.10036192065991252,25.0,20.0,6.0,spur
87b2139d-3312-4453-aff5-4b37e08d8cee,42.61219846696172,27588.79134567274,54.66175333272007,7676.669311163286,42.5923184120316,15564.266743398048,-23.18515788570556,357.7832460589127,0.16668137900389313,0.01872218116187921,0.5587651292055977,0.012933775457756225,0.2782540899772774,153.53338666666667,0.12014869020833334,22.505782674242425,1200.0,50.0,271.51725589225595,0.04796556947260091,25.0,20.0,3.0,spur
881947b1-87ca-46b9-8005-4592f4b86dbb,98.24377506566992,65337.74114634419,62.560378358781385,17629.58399806522,185.68939767973384,35332.31084596927,53.351298376360376,793.255062857224,0.24712084019649616,0.006478062368592172,0.47295711433754195,0.017361743098152072,0.26982752518235403,160.268945,0.12551033125,20.0115655155724,650.0,110.0,271.51725589225595,0.16982541343694404,25.0,15.0,9.0,spur
88b9e8bc-472f-468a-9caf-5e78fd8d0d8d,136.03856190709476,84902.37322543551,67.50064127534043,14865.695769792197,296.79833834640493,52245.32856969908,116.95719787361342,1167.0052085124942,0.16229677392513675,0.004898991031260522,0.5057916236202652,0.018894751817682614,0.1750974062945695,165.17439666666667,0.13173894166666666,22.505782674242425,900.0,90.0,271.51725589225595,0.2509799004147781,25.0,20.0,12.0,spur
892dac49-1c4f-4112-8fa8-875b447635f0,93.61287015204067,54091.01414989715,62.449020480454756,8086.778530172833,166.0793560879972,33294.37033750604,41.31488290942784,749.0961944405693,0.1262782722094802,0.007314083684774831,0.5117266319036197,0.01709136439356048,0.14950674066431094,161.73557208333332,0.12973511499999998,22.517348022727273,650.0,50.0,814.5517676767677,0.16982541343694404,30.0,15.0,9.0,spur
89cb8d3d-d12b-4bfb-a265-d5448e6cf2b4,123.60126290880278,81564.91516219998,63.873782659581536,14605.766109259748,275.12860116270804,49732.75817533472,104.73402107159433,1111.0378884421598,0.16158063850394572,0.004990671522569445,0.5055678436893413,0.017884407379270318,0.1790749181985184,162.28629083333334,0.12892009958333334,22.505782674242425,400.0,90.0,814.5517676767677,0.2509799004147781,25.0,20.0,12.0,spur
8a55a36b-cd8c-469e-94be-f2e38910870b,99.07818267096773,59292.87954093995,64.66427272819757,11462.244191788903,180.4435671422156,35022.193371692556,50.78751694694855,786.9435062038137,0.1486343831099537,0.007051221958743688,0.49890094960995374,0.018088935658958524,0.19332070696750212,163.74634833333332,0.13306716791666667,25.011565351010102,900.0,70.0,407.27588383838383,0.16982541343694404,30.0,20.0,9.0,spur
8a600162-7440-45e1-8d61-0abd5f56224e,42.86179142915565,35519.57550636471,45.41192980650523,15618.021879500948,45.265680986967205,15741.305887735662,-21.38489727953889,360.75261898172545,0.3170443368038721,0.01670581268632155,0.4511543922767256,0.013260911752931656,0.43970336898280454,141.98201708333332,0.107589426875,20.0115655155724,400.0,110.0,814.5517676767677,0.04796556947260091,25.0,15.0,3.0,spur
8b76d08b-2b78-4769-b53d-ff4fffb30d69,96.81036252306988,57544.07267524517,63.598171481353205,11338.50639602977,173.46908779443987,33961.40065203488,47.06439835311214,763.4007980540144,0.17311017050384048,0.0071322952340067336,0.4990037102131734,0.017274755997044464,0.1970445607651494,161.97866208333332,0.12998390166666665,22.517348022727273,400.0,70.0,407.27588383838383,0.16982541343694404,30.0,15.0,9.0,spur
8b7a7877-7b5a-4e9f-914e-88fef002a064,45.128413499449046,33582.91807681691,54.274042714536286,13698.545364785758,43.45244348440595,15585.770349222135,-21.22759187195355,358.57425182710523,0.2612079967301136,0.016591667403093435,0.48483290572906146,0.013543598131367306,0.40790334811939055,152.20605874999998,0.12143243441666667,25.011565351010102,650.0,90.0,407.27588383838383,0.04796556947260091,30.0,20.0,3.0,spur
8bcae38a-1fb1-40c5-a8b5-f311aae4a436,99.09988158548269,62775.55807806604,65.30458317394853,14763.107491321005,184.35710719250682,35402.68249736773,54.179877425136745,796.8378681227183,0.18723925304093014,0.006823292977946128,0.4861287132059659,0.01818616907205251,0.23517829996778297,164.03452875,0.13336138666666666,25.011565351010102,650.0,90.0,407.27588383838383,0.16982541343694404,30.0,20.0,9.0,spur
8c643835-8f27-42c0-bb8c-bf33c7aec347,129.07843983175485,77495.93182387513,62.30268744298477,11183.971164059818,276.41015732314867,49430.18046992939,105.81647759223026,1104.5468276495121,0.12569216046151097,0.005289787425073654,0.5175212194733796,0.017559773564687377,0.14432165829404,159.77101458333334,0.12638792625,22.505782674242425,400.0,70.0,271.51725589225595,0.2509799004147781,25.0,20.0,12.0,spur
8c7018d9-4561-432c-8e93-a87a9ce48470,120.52664516211735,81822.10524074589,66.84690747916291,14927.59417838019,266.2826720650464,48776.13533805399,98.9473183003009,1089.7174056592619,0.17082935216435186,0.004886316727356902,0.5008789708883626,0.01903238769529084,0.18244572575266826,165.86215666666666,0.13524442166666667,25.011565351010102,650.0,90.0,678.7931397306396,0.2509799004147781,30.0,20.0,12.0,spur
8c870b15-cf59-4035-bb04-b922910e9f6c,46.42890520352529,33863.738009185625,52.945333326818314,13563.966759310284,47.208378827281216,16001.934871449166,-19.92153828919177,366.7210706521295,0.2545255107360058,0.01713887264672769,0.4909675872017045,0.01345894762424709,0.40054669381213653,150.71074291666665,0.11737938775000001,22.505782674242425,650.0,90.0,678.7931397306396,0.04796556947260091,25.0,20.0,3.0,spur
8cc7e237-288c-409d-b6c3-c78e70babc23,134.1082307290552,81337.51919945508,67.05188718882818,11606.106479524089,286.8870896867177,51488.38297101465,110.61158972845165,1150.4084919361135,0.12833756692707282,0.004978633148958334,0.5146546155320918,0.018844041877082815,0.1426960035115543,165.80152083333334,0.13236409833333332,22.505782674242425,1200.0,70.0,407.27588383838383,0.2509799004147781,25.0,20.0,12.0,spur
8d207889-8e21-4b3a-bdc2-2ba96d9e8eff,92.65325594729065,53773.4098961736,61.37800941230653,8032.327596978467,162.08137524916353,32789.830198129814,39.18481925706597,737.8979497757068,0.12569304783788932,0.007263231271422558,0.5105838186894992,0.016930482583875868,0.14937728838758366,160.64655041666666,0.12862588916666665,22.517348022727273,1200.0,50.0,407.27588383838383,0.16982541343694404,30.0,15.0,9.0,spur
8d402452-d9a6-42f1-ac51-9b38797748de,102.27814462713863,56662.27140531265,62.21219037820024,8076.395136802234,186.34055398802508,35888.183653161286,53.433228948658304,806.1604673139826,0.10371198361690867,0.007323589245454547,0.5166639701666667,0.017342501155697645,0.14253980917158282,161.52790124999999,0.12810772791666666,22.505782674242425,900.0,50.0,678.7931397306396,0.16982541343694404,25.0,20.0,9.0,spur
8ebc8f8a-d9a4-4bd2-bde2-0c5d7215d8d1,39.76858827649246,27024.538992803497,54.308608123198766,7656.296034126084,37.73377114561703,15030.786288070636,-26.185031536147335,346.10108595731657,0.18817045060606058,0.018132431383838382,0.5360870003609006,0.012808125910418224,0.28330984705170953,153.12592083333334,0.12109189933333332,22.517348022727273,900.0,50.0,271.51725589225595,0.04796556947260091,30.0,15.0,3.0,spur
8eebc0ad-1760-480d-8d4e-f387d95dec35,72.1813190918084,42457.5769296829,58.67782135844274,10967.594549412568,105.05326584076458,23838.711458652575,10.441392374964003,539.9344857691433,0.19372084125094696,0.010598026324610689,0.4886889495877525,0.015555321128698183,0.25832202225838036,156.67992333333333,0.12466113879166667,22.517348022727273,400.0,70.0,271.51725589225595,0.10036192065991252,30.0,15.0,6.0,spur
8f2f2642-404b-4752-8bd0-70599d529f94,41.7680860888937,27387.235754647554,56.03593729614978,7740.105255452112,40.55203157679818,15333.536523947085,-24.559910163012194,352.92492496549426,0.18956755430103114,0.01828611866550926,0.5397395620311447,0.013360465280882897,0.28261813426743804,154.80210458333332,0.12278278991666668,22.517348022727273,650.0,50.0,678.7931397306396,0.04796556947260091,30.0,15.0,3.0,spur
8f642feb-324b-4010-a7c6-8adb9637c21a,125.52760472659213,74005.21957778002,67.52172323306395,8320.449521409535,262.034884829252,48143.38920418174,97.3266121909443,1077.6502181422088,0.0984370872728325,0.00533970632851431,0.5247013735248316,0.018703273930920004,0.11243456559281924,166.40899,0.13585207583333334,25.011565351010102,400.0,50.0,814.5517676767677,0.2509799004147781,30.0,20.0,12.0,spur
8f85c7c6-7775-4c52-add7-2878c3156bea,73.27839194513946,42785.40039890182,57.479803420635,10888.007187330591,108.49683963622196,24260.964979404107,11.547545292020748,549.0043130286737,0.1860230107082807,0.01068922026881313,0.48900772704103534,0.015429827040479287,0.2544826064662359,155.54295916666666,0.12087023283333333,20.0115655155724,400.0,70.0,814.5517676767677,0.10036192065991252,25.0,15.0,6.0,spur
8fc317cc-1fe3-4fd2-aaa8-c02f611cd495,93.94428832799454,57996.167275783664,60.882697969414956,11203.561931112426,172.3834315582453,34060.054278723444,44.75879406120511,765.4586923690514,0.16411612051746635,0.00695438497790404,0.4968345786960227,0.016891282227667708,0.1931819848347409,160.05088708333332,0.12530195108333333,20.0115655155724,900.0,70.0,814.5517676767677,0.16982541343694404,25.0,15.0,9.0,spur
8fd39344-241b-46c5-a4e2-24cbdc96424c,117.59773544898991,72713.24088862407,62.5815772088656,8095.450526631026,245.84218126456375,46228.70228487065,84.99253978682553,1033.1465633990767,0.10860925734635943,0.005125927771643519,0.5216417781238953,0.01751015007649022,0.11133771379676333,161.90901125000002,0.12713820875,20.0115655155724,1200.0,50.0,678.7931397306396,0.2509799004147781,25.0,15.0,12.0,spur
8fd5da8f-de71-4698-a79e-98bafa1348a8,124.88922778886449,86354.21899488856,68.88014848987358,18393.15188313214,277.750724380763,49947.01986215382,106.99439089111297,1116.8292587428286,0.2065275183873106,0.004727972166235269,0.4917378641335227,0.019432017813033466,0.21300321367923383,167.21047291666667,0.13659932708333333,25.011565351010102,650.0,110.0,407.27588383838383,0.2509799004147781,30.0,20.0,12.0,spur
903a7970-2e57-439b-936c-fd1478b1d1d3,75.08580583079386,40428.57147400964,59.19984879519078,7910.478040115744,110.3674916452285,24624.22183744726,12.800164619018126,557.8362010231018,0.1220685612590488,0.011053878160553452,0.5128345735591329,0.01543089796213014,0.19566847096165849,158.20956083333334,0.12481524129166666,22.505782674242425,650.0,50.0,814.5517676767677,0.10036192065991252,25.0,20.0,6.0,spur
9045f608-f48b-4cc6-9e7e-15c0b4810c9c,74.20149991135101,39674.292325265495,58.980839171386116,7867.274601785604,107.13624350241324,24143.749965133815,10.504427312294563,546.243973903776,0.14007490398258626,0.011215444687131735,0.5119529966111112,0.015448426741054557,0.19829915130877715,157.34549,0.12264718508333333,20.0115655155724,400.0,50.0,814.5517676767677,0.10036192065991252,25.0,15.0,6.0,spur
905a40f0-05d9-4928-b7dd-094124178b16,123.04533650061227,77441.6534065208,67.1993243735396,11615.659492503028,263.8314048974487,48304.51105183527,98.47798413461298,1079.7135630635953,0.1352564164224748,0.005155621310469276,0.5131636876222117,0.01870981434181673,0.14999737803656682,165.93799291666667,0.13537140458333333,25.011565351010102,400.0,70.0,814.5517676767677,0.2509799004147781,30.0,20.0,12.0,spur
905c7ded-512a-4643-a4d7-cb5881c746f8,90.77621688799383,64579.075215264944,59.91402087341129,17479.39688096764,174.7164517923437,34302.53436602947,46.46233458639205,771.4209080442065,0.245901233225484,0.006366381447001263,0.4705701401593013,0.01692316662507501,0.27067184241857056,158.90360583333333,0.12416023020833333,20.0115655155724,1200.0,110.0,678.7931397306396,0.16982541343694404,25.0,15.0,9.0,spur
90b438fe-3396-49bb-a144-3a1a6e07db14,97.99825704102429,61226.072166579455,63.1738524486591,14476.946771642286,179.74699873082264,34562.47214574749,51.43023884813028,777.7498794878067,0.21677167296811867,0.0068542293765256725,0.48562442031292075,0.01747976268589633,0.2364553953942126,160.85496291666666,0.12884910708333333,22.517348022727273,400.0,90.0,271.51725589225595,0.16982541343694404,30.0,15.0,9.0,spur
90d1c302-e9d8-4c5e-b696-249c663b3ab3,72.8428889522157,43550.016759252685,57.5727506009753,10965.521943999314,110.08432563775648,24601.972459453013,12.330720436196124,556.0953499727979,0.1620760522354272,0.010483583418402777,0.4899416520102062,0.015364527587285867,0.2517949543725605,156.65031291666665,0.12326054791666667,22.505782674242425,900.0,70.0,814.5517676767677,0.10036192065991252,25.0,20.0,6.0,spur
91082279-60a6-458f-bb8b-79fb122bdf78,73.45154288088843,39807.04205522297,61.33423815404018,8007.89790986654,104.61600451169026,23893.531872547956,10.424232358591704,542.4154318438588,0.1275086688421717,0.01100967743589015,0.5104345119942129,0.015831155177797162,0.20117071673875528,160.15795749999998,0.12944377833333334,25.011565351010102,650.0,50.0,271.51725589225595,0.10036192065991252,30.0,20.0,6.0,spur
912db099-cb07-4c22-80c7-e7befc0d79d3,42.95883982486909,33234.452667010955,53.14254111234956,13637.75172919225,40.19516175121655,15257.204566656952,-23.36395290102724,351.43556626706714,0.2599719320061027,0.01637998137605219,0.47786692677209586,0.012951259345635641,0.41035085061513876,151.530575,0.12075042658333333,25.011565351010102,900.0,90.0,407.27588383838383,0.04796556947260091,30.0,20.0,3.0,spur
91650e33-b58a-4c0c-b64f-289442dababc,46.28913847222162,27959.86520626477,54.0057426752528,7589.93174830879,48.96723142109482,16196.045722521996,-19.086438472208243,371.2190856424857,0.1678626474615951,0.019375419826704543,0.5878617070284092,0.013793682640093653,0.27145945207911665,151.79863416666666,0.11845701770833333,22.505782674242425,400.0,50.0,407.27588383838383,0.04796556947260091,25.0,20.0,3.0,spur
91951770-e918-44f9-9390-921739ecf0e0,132.2236579338763,76409.60234463481,68.9816541023194,8398.808986569647,271.43369493428844,49454.53067805814,101.65247904589518,1105.2548578605006,0.0982375902768729,0.005183651825968013,0.5233912192606797,0.019530353349841337,0.10992263414399928,167.97618,0.13736027458333333,25.011565351010102,1200.0,50.0,407.27588383838383,0.2509799004147781,30.0,20.0,12.0,spur
91afade7-9c63-4078-bb68-85da603f244f,109.86666431250876,57251.45435581795,65.44724220697691,8195.685567551238,194.3611119432498,36635.28690869469,59.07577908520321,822.2871390274163,0.10481679217214857,0.007416416832281145,0.5195450944071971,0.01769106043576897,0.14315629600391586,163.91371291666667,0.13048607125,22.505782674242425,650.0,50.0,271.51725589225595,0.16982541343694404,25.0,20.0,9.0,spur
91d01887-d105-48aa-9271-5217786cc400,116.94057516067862,85074.13935686719,66.08300047161251,18162.835184565367,266.30725287477065,48788.295254977136,99.20309468113754,1091.3960128185504,0.20504723764504418,0.00472204087109638,0.49079887065567135,0.018977758718891638,0.21350092500787912,165.11668333333333,0.13449314458333333,25.011565351010102,650.0,110.0,814.5517676767677,0.2509799004147781,30.0,20.0,12.0,spur
921225db-968b-4353-acf4-65be0a0c38a5,76.87136597995679,40328.2976923336,59.25023589831868,7883.093691752177,112.52639047850317,24783.799027728746,14.491611202569137,560.2387192380909,0.12246345027235901,0.011315879641319443,0.5186131823269151,0.015393916122310093,0.19547578106478095,157.66187375,0.12427854270833333,22.505782674242425,400.0,50.0,814.5517676767677,0.10036192065991252,25.0,20.0,6.0,spur
92b846f4-1a7e-4020-9749-2b9193ae3112,38.7989818544638,29657.633613642534,51.117938513689154,10493.74730177089,35.6926049381845,14806.550387370698,-27.288852176127833,340.7453240901086,0.23921773195244103,0.01696244100378788,0.48811779250484005,0.012230792843237073,0.35383038469529243,149.91067583333333,0.11788789641666668,22.517348022727273,1200.0,70.0,407.27588383838383,0.04796556947260091,30.0,15.0,3.0,spur
92d7e6eb-f036-4075-9ad6-bff94bc1c996,101.23178089734297,58953.70159146004,64.19033444007209,11384.282568281204,180.21680976931074,34843.66245932199,49.73405288954339,782.0169147274863,0.16546021151835016,0.006941330445601853,0.4986099739129839,0.017357435468298987,0.19310977332075077,162.63260666666667,0.12784306625,20.0115655155724,1200.0,70.0,271.51725589225595,0.16982541343694404,25.0,15.0,9.0,spur
92eb0bc8-8987-44f3-b08c-4aedec3cd4ce,124.9804444756518,73413.79252068247,67.71523015647122,8323.581200815925,253.52147994538296,46952.63635014618,90.62840628605633,1049.8357192159476,0.11617164926853955,0.005195966836037457,0.5223050233535881,0.01848347390455684,0.11338262751313684,166.47162458333335,0.13450701625,22.517348022727273,650.0,50.0,407.27588383838383,0.2509799004147781,30.0,15.0,12.0,spur
92ed1b5f-6c9b-4cc0-9794-cdee7c9404ac,41.96607593928885,33134.46253840699,50.68125811996567,13438.339502734272,40.59080579066599,15328.972594566001,-24.03543224590711,351.8124536427135,0.2535779359518097,0.01677881950470328,0.4771237760864899,0.012314468030630667,0.40557082452668486,149.31488375,0.1159979015,22.505782674242425,1200.0,90.0,814.5517676767677,0.04796556947260091,25.0,20.0,3.0,spur
9316ac40-199d-41bd-a1ca-6bb6b9abf50c,100.10998448558983,62432.20536610632,63.86922602156242,14587.592962517672,184.02710950407518,35256.669249070284,52.06748229187844,791.3890708051405,0.20765111017576812,0.006683505837321127,0.4849399459696969,0.017480920045719217,0.23365969912692922,162.08436500000002,0.12730202625,20.0115655155724,900.0,90.0,271.51725589225595,0.16982541343694404,25.0,15.0,9.0,spur
9381496f-3484-46f2-9d76-25a7bb83b1d7,70.07187242135811,49196.576125713764,58.28682658772527,17246.540090340724,106.2386769561313,24045.35246899894,10.687196474792453,544.9137421579941,0.283242235530303,0.009321809254114057,0.44866256616419403,0.015814045374197446,0.35056750356673855,156.78673,0.12476450045833333,22.517348022727273,650.0,110.0,814.5517676767677,0.10036192065991252,30.0,15.0,6.0,spur
9427968d-1688-4569-af19-1789f24c0fdd,126.26742830368649,81249.65417949542,67.71525906216064,14880.751604856176,269.4045074717286,48528.84965716172,100.8541871662387,1085.186456008271,0.20241901598274412,0.004841474257396885,0.5001852568544298,0.01882555390287485,0.18315353783414803,165.34168541666665,0.13336039541666667,22.517348022727273,650.0,90.0,271.51725589225595,0.2509799004147781,30.0,15.0,12.0,spur
94954932-17cd-4aa9-a8f4-6123356833e2,44.29994776770979,33166.67050146954,50.49921852332362,13287.59723691425,44.72336789238424,15696.844035969414,-20.83498062186561,361.5128895104969,0.2872339872881944,0.016888389231902355,0.47568870859764295,0.013627261024748144,0.40063252292901397,147.63996916666667,0.11565374291666668,22.517348022727273,400.0,90.0,814.5517676767677,0.04796556947260091,30.0,15.0,3.0,spur
954cc9ea-59f1-4e52-b7c9-206d923b1345,43.373494911401096,32897.72143865068,48.81155720269012,13117.41941982904,44.106014119893885,15620.066936852105,-21.135230578614184,359.5924933822334,0.28535099032849326,0.01701142214194024,0.47925000058375417,0.013481659424318677,0.3987348814416472,145.74910416666668,0.11376296745833332,22.517348022727273,400.0,90.0,271.51725589225595,0.04796556947260091,30.0,15.0,3.0,spur
9575170b-b7a0-4dc6-81fa-95f64bafde3b,71.00579534395466,39625.05342245513,59.94600324842557,7956.884594120776,102.72839174868923,23731.16781511586,8.83406254113739,539.3404664687226,0.12684506067145415,0.010982201158964647,0.509744251269676,0.015626994045450898,0.2008072150033112,159.13769291666668,0.12842145166666666,25.011565351010102,650.0,50.0,678.7931397306396,0.10036192065991252,30.0,20.0,6.0,spur
95793b6b-4352-46d9-bf8a-b28ad3938c4e,125.06757099321652,80363.54798100627,64.86995245940822,14588.939669560432,272.42470175568513,48709.06363951042,105.36548391207161,1090.2564545472135,0.1682191428962016,0.005120502285479798,0.5038051075257786,0.01849264441687372,0.1815424267093365,162.09933083333334,0.131447075,25.011565351010102,400.0,90.0,271.51725589225595,0.2509799004147781,30.0,20.0,12.0,spur
957c79c4-7bcc-4574-96c8-f5d074f9d2a0,74.85229402998924,47085.30263222238,58.472840294776375,14128.472553461352,115.0244569431926,25089.365131531853,15.94116171701431,567.5853940268092,0.20096173202314815,0.01012570793856271,0.4746026065352483,0.01567011802279132,0.30006490728045887,156.98303,0.12359273787500001,22.505782674242425,650.0,90.0,814.5517676767677,0.10036192065991252,25.0,20.0,6.0,spur
95cb341c-755c-4264-bd67-4a939505e5b8,96.83684797838727,62683.82609378236,63.8679118620315,14664.441449213076,181.12117406329338,35102.14520043065,51.460360686204076,789.8200439179076,0.18610559255061024,0.006751778540109427,0.4849199112421086,0.018132066991611524,0.2339487571410699,162.93823791666668,0.13224248708333333,25.011565351010102,1200.0,90.0,407.27588383838383,0.16982541343694404,30.0,20.0,9.0,spur
9669fbca-0bb2-4c9f-9b7c-591e0f4bd893,45.4553063087798,33522.87259715016,51.373039064975835,13389.213066260507,46.135551067873024,15876.667776535236,-21.22811696494752,363.77210280264376,0.2821451095206229,0.0170941682712016,0.47018041480766,0.013666147993499501,0.39940665154228366,148.76903541666667,0.11419914829166666,20.0115655155724,650.0,90.0,407.27588383838383,0.04796556947260091,25.0,15.0,3.0,spur
96997782-5f77-43f1-be8e-9e896bb537f7,70.36054461690767,46183.91700091493,58.64179207121782,14179.496312422567,105.52653041701777,24011.64894592106,11.007279375712942,545.8167743720082,0.20876725792887207,0.009968549750652356,0.46869974254008845,0.015836713289694587,0.3070261832446945,157.54995916666667,0.12680514208333335,25.011565351010102,900.0,90.0,407.27588383838383,0.10036192065991252,30.0,20.0,6.0,spur
971adbd2-c51a-48a8-9be0-9f87271726c1,44.22069516090977,33105.75308519488,50.0815247224344,13243.012137998905,44.83192321284535,15689.422886910956,-19.740905511758733,361.70971012755734,0.25728402799473904,0.017096009894991583,0.5061907666970749,0.013515029676274999,0.4000229847238546,147.14457791666666,0.11636663850000001,25.011565351010102,400.0,90.0,271.51725589225595,0.04796556947260091,30.0,20.0,3.0,spur
97271e33-6934-4b3a-b083-812b198453cd,104.78250097287707,56130.11677029025,63.208046193345226,8092.588342353244,188.14261409791348,35906.130603857724,55.55189461886483,806.1481246122021,0.10433208496192128,0.007540336998863636,0.5203635451247897,0.017179040661933476,0.1441793026761752,161.85176833333333,0.12845849333333334,22.505782674242425,400.0,50.0,814.5517676767677,0.16982541343694404,25.0,20.0,9.0,spur
97a84632-c1b8-4f58-a47a-174e349e88e9,114.34665830977092,82000.56791296146,62.2275184769541,17645.258175918778,256.6331063041882,47105.43172278563,92.49439059641973,1053.0317370660468,0.22781181654398144,0.004725510147653619,0.49115352323690026,0.01748589533997858,0.21519022626894538,160.41143916666667,0.12569684,20.0115655155724,400.0,110.0,678.7931397306396,0.2509799004147781,25.0,15.0,12.0,spur
97c417df-0cc9-496e-9d03-2884bd564717,46.18717839835095,33837.750727253944,52.965362348194475,13572.561411000757,46.78498766962002,15959.872704099786,-20.09943909404812,366.2073425526883,0.2547182706140573,0.01710814491992845,0.48872164807617846,0.013394260620632327,0.4011083091937098,150.80623749999998,0.117476444375,22.505782674242425,650.0,90.0,814.5517676767677,0.04796556947260091,25.0,20.0,3.0,spur
9899982c-d8ea-42c8-8af5-fff2749edf12,72.92886760562142,46909.69038588164,57.44520403714722,14069.389396608856,112.64506855160208,24869.228510107336,14.340753667246672,563.4736659290849,0.2004181511860269,0.010039403076304715,0.47222088085353536,0.015530015613558705,0.29992884265204617,156.3265475,0.12293674879166666,22.505782674242425,900.0,90.0,814.5517676767677,0.10036192065991252,25.0,20.0,6.0,spur
98bdb023-982e-4571-ab55-9fa2a24bf7ad,108.17049202036888,81993.15844747044,62.55277789378645,17787.450853447233,241.83594450323062,45586.23596375901,83.6225362244138,1020.5438084173894,0.23987319019849535,0.004578496225010522,0.4869735268652251,0.017882684738716778,0.21694443471940336,161.70409750000002,0.12968958625000002,22.517348022727273,1200.0,110.0,678.7931397306396,0.2509799004147781,30.0,15.0,12.0,spur
98e5f817-24d9-4e33-9c28-22a48385cae1,71.26888807253073,45858.21531663593,59.043677504583755,14153.196424105752,104.71214839224044,23829.797977874103,10.168310904765061,540.3942046912649,0.2395139454266625,0.009843766200852273,0.46524086398148146,0.015686136621722958,0.3086328353969456,157.2577375,0.12522908658333334,22.517348022727273,650.0,90.0,271.51725589225595,0.10036192065991252,30.0,15.0,6.0,spur
990c2124-85d7-4671-81f3-45322f8b6da3,133.7753510531235,84217.58957300302,70.62767421049735,15160.963437874821,287.56517249539377,51003.68031490337,113.05886194773191,1140.3519166591518,0.17204478242813556,0.004901499109069864,0.502650422334596,0.019847365975281632,0.18002726977171868,168.45515,0.13784859458333334,25.011565351010102,900.0,90.0,271.51725589225595,0.2509799004147781,30.0,20.0,12.0,spur
99f467cf-4fc6-43db-bdc6-1032daae602b,40.692117326174355,27259.095184929498,53.964336593325726,7644.616705262823,39.780374237240714,15265.863221413436,-25.586578521085347,350.5836812515798,0.18621914456607747,0.01863399677093855,0.5342188919381312,0.012881525042540734,0.2804436245950877,152.89233291666667,0.11825279595833334,20.0115655155724,900.0,50.0,814.5517676767677,0.04796556947260091,25.0,15.0,3.0,spur
99f6e32e-2243-4467-b8a3-9e27e097d879,44.96274004010664,30488.340013156314,51.090846296638674,10385.819214872183,46.6522630791078,15927.008375334111,-20.80602629155263,365.590066309438,0.2372941042706229,0.018281361983848908,0.517862352885101,0.013765875510451641,0.34065036890252287,148.36884625000002,0.113824461125,20.0115655155724,400.0,70.0,678.7931397306396,0.04796556947260091,25.0,15.0,3.0,spur
9a6374ad-822f-444f-82a5-ed6b4bb6b8d5,97.44796364624463,57810.026786775736,61.73859827857998,11210.873289597044,177.2252576877341,34454.67753908956,48.22427128247179,773.4147709259287,0.16451526000494526,0.007160971642845117,0.5002224332917719,0.016949207160801436,0.19393029828336786,160.15533416666668,0.12542662458333334,20.0115655155724,400.0,70.0,814.5517676767677,0.16982541343694404,25.0,15.0,9.0,spur
9a713d33-f28c-413b-8813-0cf4d81bbc8a,95.36877673901213,60688.88579665655,60.18461684552102,14237.188968055523,177.91003700247202,34432.95121224497,49.03682910031087,773.2355127474189,0.2049523942225379,0.006916538718118688,0.48626581969928456,0.01677364426211198,0.23459772560948344,158.19098916666667,0.12347351133333333,20.0115655155724,400.0,90.0,407.27588383838383,0.16982541343694404,25.0,15.0,9.0,spur
9a813de6-4442-441c-a1de-e7dbe142738d,76.28340846469564,40113.88810169284,58.44560716505669,7837.3441207697515,111.74060074195636,24674.743648834283,14.159232549366878,557.6551923745955,0.12201998235895413,0.011396852262931398,0.5212305226661405,0.015231164381705119,0.19538005528403604,156.74688333333333,0.123364979625,22.505782674242425,400.0,50.0,407.27588383838383,0.10036192065991252,25.0,20.0,6.0,spur
9ad87ede-743a-47a3-b81f-7ff830da5305,72.83066369454586,50188.79569238451,57.34764793687327,17164.528576849953,114.56989938137336,25063.773977038876,15.64477122700653,567.5984181198747,0.2364526100642887,0.009629668748137626,0.4569155753621634,0.015647913627227703,0.34200318855698053,156.04117,0.12265126441666667,22.505782674242425,900.0,110.0,814.5517676767677,0.10036192065991252,25.0,20.0,6.0,spur
9add6ed7-29cc-47b0-ada4-bdb955c447fa,109.9997925861158,57499.615307895285,65.49067178482338,8205.2997706329,194.4590371466023,36690.34050308986,58.94837763402768,823.578294484406,0.10474759569862163,0.007345941071159513,0.5186268566130051,0.017787390639942065,0.14270579294330163,164.10599583333334,0.13067297041666667,22.505782674242425,900.0,50.0,271.51725589225595,0.16982541343694404,25.0,20.0,9.0,spur
9aea51da-3480-4cef-a9b5-51bffb87d062,93.40200038606382,58813.868685354246,61.330877539962316,11258.38453636717,175.93334180041776,34588.96027201994,47.26951849059739,777.5458997559449,0.14697947967508415,0.007035068459732745,0.49741054227146464,0.01776205542258936,0.19142923590486224,160.83406499999998,0.13012136166666669,25.011565351010102,1200.0,70.0,814.5517676767677,0.16982541343694404,30.0,20.0,9.0,spur
9b01b4d2-9dd2-4542-a173-f91c425800d3,130.02614682616863,79549.71108911202,69.51107785172975,11770.011420716766,274.7868289721562,49711.042200336786,104.75968295991827,1112.20163189373,0.13580682126988639,0.005063863632396886,0.5127942522081755,0.019447547053503638,0.14796309244327988,168.14302083333334,0.13755096291666666,25.011565351010102,650.0,70.0,407.27588383838383,0.2509799004147781,30.0,20.0,12.0,spur
9b37d08b-e919-488b-9d20-0791ea3e07ac,43.84843596447489,33366.678147387276,51.93661380206248,13502.804215988252,42.6268450262081,15529.68795793676,-23.22807608342711,356.97105419659647,0.2823693266536195,0.01673411206686658,0.4584489679037248,0.013109656841743299,0.404680430559986,150.0311575,0.11542380291666667,20.0115655155724,1200.0,90.0,407.27588383838383,0.04796556947260091,25.0,15.0,3.0,spur
9b5540ff-8fa8-4a11-8551-987bc660d521,96.94806848736674,54687.67674016903,61.70675426042601,8042.003133173035,170.9450572316364,33872.70518093579,43.98210459602764,761.3276944778137,0.1205752623520728,0.007259106472737795,0.5123737600770202,0.016853858837910175,0.14705688289190608,160.8400625,0.12607541,20.0115655155724,1200.0,50.0,407.27588383838383,0.16982541343694404,25.0,15.0,9.0,spur
9b811cfa-a030-4d9e-a6d5-26be14c1fc63,104.24839899391698,60212.12905700269,63.73078684035609,11369.17137487823,192.01605306058488,36403.447417639305,57.743349990452394,817.7813517265407,0.14202056119318182,0.007119102511026937,0.5038514419834806,0.017516678872430684,0.18882337006453634,162.41673541666668,0.12899242666666666,22.505782674242425,650.0,70.0,407.27588383838383,0.16982541343694404,25.0,20.0,9.0,spur
9bc9d7a8-5b72-4d0d-92d7-87fdfb3a434c,70.15605135812034,48420.937698091504,55.846799804684046,16848.230212646096,106.9341684766406,23966.565369341188,12.265656022025398,543.7697222386297,0.27995108370528204,0.009651394590646043,0.45244362042392683,0.015494114388582123,0.3479570840847477,153.16573125,0.12114605395833333,22.517348022727273,400.0,110.0,271.51725589225595,0.10036192065991252,30.0,15.0,6.0,spur
9bed259f-c38d-4fcf-baac-8ffb761f22ef,44.89003336048316,33655.129543088195,52.67978668130476,13583.020715363242,44.47775508948451,15730.21090634218,-21.54144592055818,361.23918080644575,0.2540727816458333,0.016940279575336697,0.4834262436417298,0.013033999439009134,0.40359550764729785,150.92245166666666,0.117584214875,22.505782674242425,900.0,90.0,678.7931397306396,0.04796556947260091,25.0,20.0,3.0,spur
9c320902-f50e-48ea-a6a9-48bba85a995e,122.68004377934277,76965.63765648742,67.38906518273305,11620.654037659719,256.05041797638887,47222.76658418949,92.37610790234781,1056.4024595947626,0.15982935906568815,0.004988118817655724,0.5101959226485691,0.018528574834125868,0.15098951072540456,166.00934333333333,0.13403962166666666,22.517348022727273,650.0,70.0,407.27588383838383,0.2509799004147781,30.0,15.0,12.0,spur
9c45d05d-8575-4b85-ba41-3c0bc94d8574,64.0604424630112,41616.33693517144,54.93173917837251,10794.641169941036,94.03351368433262,22738.37268674969,2.804412411965427,516.1638392040546,0.19001163508196547,0.010238918579324496,0.4805166016802398,0.014746997282912983,0.25938784479268767,154.20915958333333,0.122184368,22.517348022727273,1200.0,70.0,678.7931397306396,0.10036192065991252,30.0,15.0,6.0,spur
9c7c32ca-9901-4fcb-af8a-3c43b0be9a96,71.44368446160873,43060.79883064974,59.6984043388705,11109.087021178448,105.49892993352437,24024.22044637721,10.663042222315472,545.4180199012443,0.1694549581622475,0.010474754964909511,0.48824739638804715,0.015815867233809275,0.2579894558172537,158.70124333333334,0.12797997291666666,25.011565351010102,650.0,70.0,814.5517676767677,0.10036192065991252,30.0,20.0,6.0,spur
9cbb4ec4-9659-4c55-9327-7d2abae1a6f8,109.60167426778315,82244.20987961754,63.397210389304306,17870.713829339664,244.75543395694817,45932.878379070324,85.39015336037718,1028.0493504318445,0.24100157931534094,0.004584873607670455,0.4873902280058606,0.017982736991829944,0.21729454941093732,162.46103374999998,0.13045960375,22.517348022727273,900.0,110.0,678.7931397306396,0.2509799004147781,30.0,15.0,12.0,spur
9d5194e6-6a6a-4cf6-a2be-a679e7795dae,116.6873871697295,85256.98365186751,65.82584689664533,18143.675751077764,265.4242901952548,48714.53539638197,98.26073290956175,1088.8744144826505,0.20441324110027356,0.004694413639930555,0.4903636066398886,0.01903058257236669,0.21281848933450034,164.942505,0.13429110916666667,25.011565351010102,900.0,110.0,678.7931397306396,0.2509799004147781,30.0,20.0,12.0,spur
9e3adc51-29cd-4d30-a74e-93a7b53da86d,43.86699575614001,35829.997775679534,48.60702488085909,16005.463674807988,44.52945506077289,15647.24755791937,-20.068771759321784,359.3521942687864,0.2938307165024201,0.016351639591593012,0.4730385358486953,0.013340653869646484,0.4467071184642983,145.50421541666665,0.11473991320833334,25.011565351010102,400.0,110.0,814.5517676767677,0.04796556947260091,30.0,20.0,3.0,spur
9e6056e4-8f96-4e59-8998-421298eb16c4,100.4562604963538,62350.573422585636,61.18886328058139,14330.814402615042,190.53630255574546,36026.9967325524,57.71735047071993,809.126840591295,0.1766822376900779,0.007049816196611954,0.49204365919749576,0.01702469338348066,0.22984774064258529,159.23127,0.12583005166666666,22.505782674242425,400.0,90.0,407.27588383838383,0.16982541343694404,25.0,20.0,9.0,spur
9e8ebd5f-1b7c-47f1-86b6-12b4669bf6af,100.41384010286475,67271.14215292022,62.88193408149048,17771.12368205212,195.07609543117715,36780.377962415914,59.448008545352785,825.7906671535642,0.21303337568023994,0.006508663662068603,0.47674399187179084,0.017706163715856243,0.26417767067302655,161.5556704166667,0.12812074625,22.505782674242425,1200.0,110.0,407.27588383838383,0.16982541343694404,25.0,20.0,9.0,spur
9e95ce0d-24ad-423c-9b28-ae732d606467,66.75655286968549,42448.627675232296,56.2250526473504,10892.40305695213,100.18978532483183,23465.84426811062,6.963106244614026,532.9030131535945,0.1671521005185185,0.01038406141650884,0.4851839503939394,0.015322268248067091,0.25660562891305994,155.60575875,0.12485335545833333,25.011565351010102,1200.0,70.0,814.5517676767677,0.10036192065991252,30.0,20.0,6.0,spur
9e989e6c-71f0-4fd7-9e86-691a2f3c1650,132.1770294933527,80238.62809536765,66.52020170318103,11555.151746695621,283.4235611873196,50920.72843773157,109.01052717534259,1137.6813978077375,0.12827989396835016,0.005057391933017676,0.515485927802925,0.018520503511868864,0.14401486442123707,165.07359625,0.13165036500000002,22.505782674242425,650.0,70.0,407.27588383838383,0.2509799004147781,25.0,20.0,12.0,spur
9ec75a4a-8523-4513-9961-950372a54bec,92.89015926606027,54290.913866490715,59.73572965187144,7958.281769411405,167.12249336938933,33475.70164666637,41.47222635549206,752.5457527053571,0.11973633001477274,0.007248897977788299,0.5113426793666878,0.01659696953423422,0.14658950742198648,159.16563541666667,0.1244273635,20.0115655155724,1200.0,50.0,814.5517676767677,0.16982541343694404,25.0,15.0,9.0,spur
9edc8b69-53ee-4253-b3b8-295ed528123b,131.20902513185726,87816.04832354288,70.69289814245825,18524.03758797188,288.2887468179747,51043.10670432464,113.35245785918306,1140.1181251749401,0.20721066127483168,0.004702076699537037,0.49231794997532613,0.019904139692511078,0.21094798959561886,168.40033958333333,0.13778417625,25.011565351010102,1200.0,110.0,271.51725589225595,0.2509799004147781,30.0,20.0,12.0,spur
9fcdd22e-8b95-445b-a61a-9de22c31a69a,73.00286659919438,43012.281727042806,58.580873545365606,10993.369532329934,107.5578541371483,24209.120329709836,10.624535851834572,547.5113645046806,0.18637020735716542,0.010483851095528197,0.48665349439520206,0.01550674292033634,0.25558987926504667,157.048135,0.122338289875,20.0115655155724,650.0,70.0,407.27588383838383,0.10036192065991252,25.0,15.0,6.0,spur
9fef98d7-c24f-482c-92d4-729d707b8acd,67.22389814820644,39094.33168801867,57.02076544504998,7822.983299569653,97.80394917120134,23196.150792804856,5.461938202706705,526.7791094702179,0.1253519432906145,0.01089678519659091,0.5068053067633627,0.015203893699975114,0.20010831648654495,156.45966708333333,0.12570850333333333,25.011565351010102,1200.0,50.0,407.27588383838383,0.10036192065991252,30.0,20.0,6.0,spur
a07e61c8-bb86-4523-b6fd-cc05aa994df4,122.76321700481148,83181.85476961412,64.09948920221538,14690.712105274075,276.6557466252368,50327.978240984,104.40394875432868,1124.57855929746,0.16141342041407825,0.00483274710569234,0.5036584126742424,0.01833059633636905,0.17661576730432507,163.23013625000002,0.12980722208333334,22.505782674242425,900.0,90.0,814.5517676767677,0.2509799004147781,25.0,20.0,12.0,spur
a08ea38c-60b8-43dc-81ec-49d6dba8826f,131.5853941570284,83222.59191905214,69.34458799323029,15031.586505099995,283.9113063940267,50443.809860996706,111.02258186626568,1127.038613611706,0.17154584014488636,0.004957301647579968,0.5031653828846275,0.019507724331655873,0.1806249353260799,167.01762708333334,0.13640102041666666,25.011565351010102,650.0,90.0,271.51725589225595,0.2509799004147781,30.0,20.0,12.0,spur
a0b7f9c0-75c9-46b5-a3b2-70f4d8bbb954,104.16673105660405,59221.370718735045,65.94050873408702,11470.786629561038,187.58515234578635,35580.3444473546,56.94136123917687,799.3702227393695,0.14947192053656355,0.007286769631123737,0.503471120844697,0.018076179501617544,0.19369793285711293,163.86838083333333,0.1332080775,25.011565351010102,400.0,70.0,271.51725589225595,0.16982541343694404,30.0,20.0,9.0,spur
a0b8f85b-a924-4e02-8c1e-55d198136652,116.86683960582907,82495.54364424359,64.95045544895675,17911.575384198615,258.122109439879,47142.36012313539,94.59269728931592,1054.449496223488,0.24229755942955597,0.004704200069160353,0.4897809596470118,0.01813733160748555,0.21712739005289972,162.8325025,0.13086904333333335,22.517348022727273,400.0,110.0,407.27588383838383,0.2509799004147781,30.0,15.0,12.0,spur
a10e436c-7aaa-4003-ba3b-746f0aae4533,101.94503533595895,60088.01146883952,62.87022825674995,11330.221324555758,189.89572279586463,36230.49061154239,56.02735172934668,813.5759744231897,0.14177059787626262,0.007089732014383417,0.5028256584827442,0.017447060448890737,0.18856527685342395,161.860305,0.12844268541666667,22.505782674242425,650.0,70.0,814.5517676767677,0.16982541343694404,25.0,20.0,9.0,spur
a137e152-fb21-48b0-8e0a-50e1184d3189,72.86093534268898,46171.275920852386,59.061971908864564,14143.736375644025,109.57728822882054,24359.096792003304,14.181927986522124,551.7014822805673,0.20902690160721804,0.010272877777020203,0.4744214651380471,0.01587574290664054,0.30633556458264954,157.1526275,0.12642173625,25.011565351010102,400.0,90.0,678.7931397306396,0.10036192065991252,30.0,20.0,6.0,spur
a14e4509-fbeb-4307-ae95-57536e25dbf2,120.87819255586969,84821.20693209516,63.31025660487995,17775.464187675563,276.4448815461599,49838.71907769543,105.72676001781294,1113.9058951938812,0.1938402766491477,0.0048326170253682665,0.4959278765697075,0.01786730398140508,0.20957021525945227,161.59512875,0.12823162916666667,22.505782674242425,400.0,110.0,814.5517676767677,0.2509799004147781,25.0,20.0,12.0,spur
a1a53abb-2208-420d-b5ed-9b1fb0eb2483,108.1454095402306,82041.1442578957,62.73018589300218,17808.016397371804,243.16190974580877,45769.423988183094,84.27041478699296,1024.5006172546725,0.24009521388852065,0.004589811207154884,0.4873959021844592,0.017889767715148518,0.21706802987254434,161.89105833333335,0.12989073083333333,22.517348022727273,900.0,110.0,814.5517676767677,0.2509799004147781,30.0,15.0,12.0,spur
a1b3b9ba-4869-4bdf-9cd5-047dcb322f7a,126.41761190998284,79481.51298396463,64.89821143055927,11474.205529227556,275.53340050865273,50116.15991460517,103.94274483010815,1119.56050256481,0.12774759041155306,0.0050366930696969705,0.5146309001715594,0.018254870747709304,0.14436832938782618,163.91722000000001,0.13051065125,22.505782674242425,650.0,70.0,814.5517676767677,0.2509799004147781,25.0,20.0,12.0,spur
a1bcf9e4-82a9-4aff-bce3-11b34a78fe2d,38.92607633142725,29731.750672043054,51.81417599628588,10553.235543823379,35.80399810731596,14815.226325243295,-26.610934066628968,340.9618480551714,0.21536711650294613,0.017004408258154458,0.5097715239300294,0.012151034459165343,0.3549491482709825,150.7605075,0.11997693904166667,25.011565351010102,1200.0,70.0,407.27588383838383,0.04796556947260091,30.0,20.0,3.0,spur
a1be04f9-ba2f-4209-90ab-798f6d3ac859,123.6390060121731,74722.40105435146,66.55279421299112,8293.745081791521,261.24808038167885,48271.033902481104,95.19531679800603,1078.987080986654,0.09794979718747895,0.005241658887805135,0.5231021783600589,0.018895964423382303,0.11099838446212272,165.87490041666666,0.13526629625,25.011565351010102,650.0,50.0,814.5517676767677,0.2509799004147781,30.0,20.0,12.0,spur
a3bd5c15-4465-415b-b22c-574750e921c2,100.9572190703184,55345.36448863836,65.52331649723241,8219.062444151808,179.6055418744257,34848.79597021119,51.31923538939761,784.75438770998,0.10975055659031989,0.007520987352241161,0.517920357808607,0.017793482833741114,0.14850876469856172,164.38124875,0.13375617958333333,25.011565351010102,400.0,50.0,814.5517676767677,0.16982541343694404,30.0,20.0,9.0,spur
a3dbb751-f4dd-468e-bb1d-688c11b334ce,131.3162233061034,87639.87761683366,69.85088391276152,18414.428514740048,289.9633908699443,51185.223332543545,114.59047640918936,1144.0395560929826,0.20659233219833753,0.004742607103209175,0.49250720883180765,0.019846625727568155,0.21012119309491784,167.40389458333334,0.1367777125,25.011565351010102,900.0,110.0,271.51725589225595,0.2509799004147781,30.0,20.0,12.0,spur
a44f90fe-a9bb-4417-8226-12272a6e9c09,92.86639866360393,65748.7961778211,62.36594741960312,17770.49207232008,181.24786791700066,35152.11797479923,51.08870215297249,789.7642244042927,0.22170909197064395,0.006524075375284089,0.4723153493531145,0.01800269577137111,0.27028476834449083,161.54992583333333,0.13084373208333333,25.011565351010102,900.0,110.0,814.5517676767677,0.16982541343694404,30.0,20.0,9.0,spur
a4852d21-763b-4c34-b663-4472ce319d51,38.154155999886854,26841.675931061833,53.1653200244414,7612.794387551883,36.209459263063614,14880.526226682414,-27.226710552332257,343.0018020577672,0.1871097994698022,0.018066022346275256,0.5331724227003368,0.012422932920329354,0.28361920637713284,152.25588708333333,0.12024244154166668,22.517348022727273,900.0,50.0,814.5517676767677,0.04796556947260091,30.0,15.0,3.0,spur
a4c04c93-2c9a-4b8c-af99-57504459e4cd,45.23673293805746,30859.958742012754,54.209808913155086,10681.756545377933,45.525554474442664,15853.872205140775,-21.067949265604653,364.44665038683826,0.2172017655583965,0.017806247194886368,0.5200055574545454,0.013333680217915096,0.3461376410154357,152.59652041666666,0.11922874712499999,22.505782674242425,900.0,70.0,407.27588383838383,0.04796556947260091,25.0,20.0,3.0,spur
a54249f7-fc35-43ea-a0ab-e937db5b9fed,129.90496733484676,78435.44994316806,67.14418317452517,11561.492236394466,271.23802757089476,48985.49103706933,100.09342596793466,1093.7162368243219,0.1513335381342382,0.004994044454503366,0.512248959914194,0.018474652127597444,0.14740579244483745,165.16417458333333,0.13035805333333333,20.0115655155724,900.0,70.0,271.51725589225595,0.2509799004147781,25.0,15.0,12.0,spur
a570cc19-bef4-4633-b157-8e0b9f6035d5,75.86672137367125,40462.53561805922,59.50502613304355,7919.809607207274,110.58890853097762,24631.84227727295,13.044818385583731,557.7795523317278,0.12218886666324706,0.01103759626406776,0.5122654781208964,0.015449994203843092,0.19573483061849575,158.39619166666668,0.12498624508333334,22.505782674242425,900.0,50.0,271.51725589225595,0.10036192065991252,25.0,20.0,6.0,spur
a5a1e786-0e53-4948-b73c-1b59cb3bf678,99.190716904935,65873.0380040366,63.73935459028355,17782.888228383064,185.74269636957558,35396.18415437578,53.35097812512464,795.1445656466327,0.2481114336961279,0.006370140696675085,0.47192414320180975,0.01752258336063706,0.26996225710125016,161.66262041666667,0.126878935,20.0115655155724,1200.0,110.0,271.51725589225595,0.16982541343694404,25.0,15.0,9.0,spur
a5d76e00-f45a-43b7-b578-60eebb335eb5,102.2097036051233,60079.874156192025,62.9584229380533,11333.674112979657,190.12286168860618,36246.86374480525,56.22973894281764,813.9908700449383,0.1417781954066183,0.007099408025231482,0.502977625674032,0.017448121434459014,0.1886482189012317,161.90963166666668,0.12849003,22.505782674242425,650.0,70.0,678.7931397306396,0.16982541343694404,25.0,20.0,9.0,spur
a6676b76-c3bc-45b7-9b59-d3757f4270a0,72.54707579431943,43030.811721365404,60.32367640880043,11130.682733685457,104.92814439437363,23908.542036347808,10.739672023324221,542.0544177731277,0.16962820007060186,0.010421989124800086,0.4880542625896464,0.015828684302981944,0.2586711606412104,159.00975291666666,0.12827704541666665,25.011565351010102,900.0,70.0,271.51725589225595,0.10036192065991252,30.0,20.0,6.0,spur
a69b5278-91c9-472c-b88b-3bb6aa95f192,136.23793646337774,80439.53525536958,66.78822781834354,11524.998644224064,289.6332259504903,51385.07151669474,112.93388345403375,1147.8899115655597,0.12780653871429926,0.005119461988636363,0.5169212793973065,0.018558895637660458,0.14328018133633535,164.64283833333334,0.13121719375,22.505782674242425,650.0,70.0,271.51725589225595,0.2509799004147781,25.0,20.0,12.0,spur
a7303868-9de2-4062-9ded-3aa023da7429,43.58594793796256,30525.178572092555,55.23365883076055,10759.218003586837,41.99062536609174,15458.703094036733,-22.533947318482284,355.95801508097685,0.22087710274063554,0.017296660917824072,0.518420619836595,0.013359630825351595,0.3524713962073847,153.70311458333333,0.12294560479166666,25.011565351010102,650.0,70.0,678.7931397306396,0.04796556947260091,30.0,20.0,3.0,spur
a73d6a91-1484-4f35-8254-25db71205185,71.94706117535411,48995.1709726922,57.3885986361646,17035.451751864886,110.18011055953866,24343.959247475537,15.346479342195343,552.4816564899741,0.24472980549989476,0.009921192675157828,0.4594586840573443,0.015767087138808093,0.3477003921769221,154.86774208333333,0.12411330045833334,25.011565351010102,400.0,110.0,271.51725589225595,0.10036192065991252,30.0,20.0,6.0,spur
a75e7f97-1de1-4b0a-af6f-15a4c4e89f29,132.59592292049683,83681.32091511507,65.8594037079883,14719.513431185163,290.9536589611858,51472.27974932243,113.71532320382455,1149.5659984291017,0.1612689743096065,0.0049620226749263465,0.5059995859382365,0.018517133045075494,0.17590536807907767,163.55015,0.13012486208333332,22.505782674242425,650.0,90.0,271.51725589225595,0.2509799004147781,25.0,20.0,12.0,spur
a7a4cdad-77b1-4f77-9dc8-3e96d9a52838,72.35375834081925,42447.65274772259,56.20707964342569,10786.938051360883,107.27857479551164,24095.824980936683,11.006206762304082,545.2812190354497,0.18514521436426767,0.01078634244419192,0.49011585419349746,0.015185769794338312,0.25412650130524483,154.09911333333335,0.11944498341666666,20.0115655155724,400.0,70.0,407.27588383838383,0.10036192065991252,25.0,15.0,6.0,spur
a8145093-8e09-4e93-935e-666a414c9dc9,38.91143100651722,26976.427742538366,52.458549168229595,7575.770570418609,37.631915128934516,15038.921243732735,-26.905209998953673,345.2167029831787,0.18513650434238216,0.01854515354208754,0.5317884906323653,0.012409677296086562,0.2808300433511491,151.51541083333333,0.116893446,20.0115655155724,1200.0,50.0,678.7931397306396,0.04796556947260091,25.0,15.0,3.0,spur
a89ba641-fde2-4d69-b2aa-b076533f00e2,44.804781174551266,30516.427721740238,53.47609887797042,10573.548353766308,44.98014390504958,15747.493789564107,-21.164344026833376,361.81354135810756,0.24243684927367426,0.01771896609127736,0.5118239704740108,0.013845466716880103,0.3464884097107604,151.05069166666667,0.11904777058333334,22.517348022727273,400.0,70.0,814.5517676767677,0.04796556947260091,30.0,15.0,3.0,spur
a8d79668-558f-42e2-8923-948ce6db48c3,71.77333474947038,49709.35162541747,59.29693571133432,17361.839309618637,109.78404983290233,24449.29454234992,13.818286343714965,554.2937264087982,0.24666133484680142,0.009606095269065657,0.4549136066152146,0.016104250208816222,0.3492709904281539,157.83490375,0.12709909166666666,25.011565351010102,650.0,110.0,678.7931397306396,0.10036192065991252,30.0,20.0,6.0,spur
a8e36d49-17d7-409a-9eb6-858297a01fd4,74.91461663960288,43045.40059957696,56.51397287032059,10804.152697957292,112.49446622532166,24694.014595868197,15.351677827795704,559.7402376453123,0.16196894114046717,0.010970072730502945,0.4994122621796085,0.015097508346963487,0.25099770486050077,154.34503958333332,0.12097960229166667,22.505782674242425,400.0,70.0,271.51725589225595,0.10036192065991252,25.0,20.0,6.0,spur
a9622e02-1a33-4ed6-bb27-3acdeadbed05,44.44879450944012,27647.331751867558,55.688089097706175,7682.800787305089,44.94379878793607,15765.13298546502,-21.361492189803748,362.9605977459875,0.19035769948621634,0.01878206617655724,0.5579893889004629,0.014031643316326774,0.2778870175636419,153.6560175,0.121637088125,22.517348022727273,400.0,50.0,407.27588383838383,0.04796556947260091,30.0,15.0,3.0,spur
a9bc205f-d371-4b01-89fc-b8db690a249a,73.09086069564479,43524.998391133995,57.620889903237405,10964.636055194673,109.90967483256556,24571.951565686497,12.641290686584497,556.9575470224537,0.1620275240820707,0.010478057257891416,0.48990604547727273,0.015337766882222263,0.25191922904546205,156.63765833333335,0.12323695379166666,22.505782674242425,1200.0,70.0,407.27588383838383,0.10036192065991252,25.0,20.0,6.0,spur
a9bdeec7-3704-4cfc-898d-53182042905a,45.445773069902366,30701.819137062554,53.15327662417546,10559.648902607283,46.13750139300327,15892.516716596843,-21.417365752837135,364.11245954159045,0.23811066564362365,0.01800056567403198,0.5082872198512206,0.013775922316441157,0.3439434094403573,150.85212583333333,0.11623556950000001,20.0115655155724,650.0,70.0,271.51725589225595,0.04796556947260091,25.0,15.0,3.0,spur
a9ec9bb6-8856-44b4-a5af-b1c311347eb6,129.82043522268035,78311.1248929258,69.43799022470007,11716.818774772515,267.5584806945218,48437.36607705622,99.4517217052823,1083.2572765126663,0.16054558625937504,0.004986060650641836,0.5109152884041456,0.019000529600987068,0.14962343881686713,167.38312375,0.1354100725,22.517348022727273,900.0,70.0,271.51725589225595,0.2509799004147781,30.0,15.0,12.0,spur
aa3a0871-347b-4613-a59b-bcad123d6036,42.99596953644433,33316.38078076306,51.45519698511606,13496.868663705047,41.80754807228075,15454.403698335629,-23.342311155997372,354.3070703011161,0.25297714208396466,0.01682384533086069,0.47887601985879624,0.012546817711660753,0.405113047343217,149.96520708333333,0.11663476558333334,22.505782674242425,1200.0,90.0,678.7931397306396,0.04796556947260091,25.0,20.0,3.0,spur
aa3aae98-ccd6-42d5-9a44-6ed891e0f824,75.8501401693506,47165.69166942793,59.00105183402364,14156.984412264314,115.59413415987659,25124.667102779917,16.53863318063631,568.6503368289534,0.2013162090810185,0.01010640149675926,0.47458458328851016,0.015700816350389758,0.30015799459053055,157.2998275,0.12389284175,22.505782674242425,900.0,90.0,271.51725589225595,0.10036192065991252,25.0,20.0,6.0,spur
aa57b052-77e8-43e7-b7be-2a36ac6906e5,128.7173569774041,77793.53195897174,68.50856184274315,11645.34886182564,266.7623101963813,48286.423323246876,99.14137954014298,1079.9656451952637,0.1601434823452546,0.005038233890656566,0.5114608026809765,0.01881585839957243,0.14969999909597415,166.36212625,0.13439058541666668,22.517348022727273,650.0,70.0,271.51725589225595,0.2509799004147781,30.0,15.0,12.0,spur
aa781aa5-2a14-4c69-a86f-5c7267e8920e,44.43719878568742,33180.427977014086,50.501111200772954,13288.854910907838,44.97673078833916,15709.543312764414,-19.95817319714458,360.99578138801127,0.25769490835900677,0.017065772512047557,0.5045858719035142,0.01355868261893563,0.4005042668373691,147.65394083333334,0.11688004291666666,25.011565351010102,400.0,90.0,407.27588383838383,0.04796556947260091,30.0,20.0,3.0,spur
aaa4ea46-8d99-43f1-8d55-8965dfb2a091,44.87646458687079,36167.37764048653,49.02830712387207,16069.665150043613,46.0667776662354,15852.030766938164,-20.979683279607883,363.7521828733384,0.32084913117140157,0.01636933097930345,0.44044427956008003,0.013527635995999826,0.444315214588816,146.08786625,0.11157558379166667,20.0115655155724,650.0,110.0,407.27588383838383,0.04796556947260091,25.0,15.0,3.0,spur
aaddf655-d57c-4fcd-a975-9432e81272b6,115.38294604736406,85186.5250919877,65.07992736579773,18074.2338968289,263.5178083085319,48522.402905069124,96.96964153317245,1085.6990626017985,0.20349364835842804,0.004680984247190658,0.490038077814657,0.018996230954041213,0.21217949936682456,164.31121666666667,0.13364023416666668,25.011565351010102,1200.0,110.0,678.7931397306396,0.2509799004147781,30.0,20.0,12.0,spur
aaff8eb4-cc28-4345-a1f7-93116c6d7173,92.92806998421717,57526.73376911788,62.394020322344915,11304.82567981741,168.48053206605678,33542.60829226116,43.03362308506297,754.5561124198639,0.17234991926015358,0.0069897833907302176,0.4961455146736112,0.017195278349634486,0.19651861650806146,161.49750916666667,0.12949040333333334,22.517348022727273,650.0,70.0,678.7931397306396,0.16982541343694404,30.0,15.0,9.0,spur
ab0b0e8c-78d3-4a12-816d-707401da44fa,93.17250947665194,65735.30326246445,62.574941929842566,17788.918927214047,181.18130622460424,35130.62972629535,51.39291926336319,790.46385252569,0.2216525234368687,0.00652602172873527,0.4727715483759469,0.01800688194171607,0.2706205956511485,161.71744583333333,0.13101180333333334,25.011565351010102,900.0,110.0,678.7931397306396,0.16982541343694404,30.0,20.0,9.0,spur
ab2bf8aa-e823-450b-b43e-e1e3c63574f2,124.75687476396955,72436.50841057044,64.32941635373204,8130.382356575164,255.94045941539144,47063.58955487417,91.9208401783162,1052.0800157314413,0.10915861021671927,0.005327325548853113,0.5250573582492636,0.01760625593912222,0.11224497358341946,162.60764583333332,0.12785970375,20.0115655155724,400.0,50.0,407.27588383838383,0.2509799004147781,25.0,15.0,12.0,spur
ab7cffd8-f679-4ef0-991f-99c82f87b95c,118.40572565719395,84237.58397237519,66.32526611340275,18130.738392245014,267.2483135724698,48632.431256196316,101.064609792509,1087.3828868753073,0.20554616357680974,0.004812561122906145,0.4921341947706756,0.018732768709511714,0.21523974132481224,164.82489333333334,0.13424244999999999,25.011565351010102,400.0,110.0,814.5517676767677,0.2509799004147781,30.0,20.0,12.0,spur
abc11666-2dca-48d6-ad8d-e91e17b6e4a3,72.19765914023354,39275.2220137767,59.87313676574719,7917.770362075086,102.98306715423391,23662.785773061867,8.820484057031495,536.2229553557293,0.145127648397359,0.011123237255892255,0.5114263982648358,0.015513017888051863,0.2015996092129446,158.35540583333332,0.12634352333333335,22.517348022727273,400.0,50.0,407.27588383838383,0.10036192065991252,30.0,15.0,6.0,spur
abda5ae4-bc42-45cc-a79d-76660d7e482d,119.57561385686259,79314.14644973795,65.68863195697735,14735.01251525843,257.3546069346208,47112.80431696045,93.97979733387656,1053.3896102235,0.2014659632249053,0.004896707319970539,0.49997409168907825,0.018183578140037317,0.18578556432234886,163.72236333333333,0.13176470625,22.517348022727273,400.0,90.0,407.27588383838383,0.2509799004147781,30.0,15.0,12.0,spur
ac46e707-6921-4f5e-af4c-494e235914e6,115.8450674053199,76218.68993549574,62.875032099947745,11345.564483561588,249.40148408168062,46642.50405989505,87.35143089241015,1043.2620491688515,0.14984393179286615,0.004947007256481482,0.5101709525835436,0.01761926681955519,0.1488600658860587,162.0794925,0.127311625,20.0115655155724,900.0,70.0,814.5517676767677,0.2509799004147781,25.0,15.0,12.0,spur
acaaf777-bee7-4dc3-b3fd-6b1578d1638b,100.56682797408473,58764.0030174937,65.24009932831189,11460.38622057534,182.41586391468158,35087.93513299805,53.23103796307358,787.8293015606351,0.14934814577272726,0.0072486417915509265,0.5023258020657618,0.017865127197461667,0.1950285067237624,163.7198025,0.13306382708333334,25.011565351010102,400.0,70.0,407.27588383838383,0.16982541343694404,30.0,20.0,9.0,spur
acd9893a-50b7-4ca5-a9a1-72849125797b,93.49717226539525,54338.59089532297,60.13105996216137,7975.864913116578,167.67933165936725,33533.38653154168,41.75370439822393,753.35616055355,0.12005185278738427,0.007251464850494529,0.5116034478329125,0.016633812011770183,0.1467845127670792,159.51729833333334,0.12477298237500001,20.0115655155724,1200.0,50.0,678.7931397306396,0.16982541343694404,25.0,15.0,9.0,spur
ad917dc4-e13f-445f-ba78-b98a1f76b27e,45.032980956754386,27695.703218033374,53.45439416153209,7555.473665646161,46.96368555397868,15979.706273788046,-20.914959088687844,366.47540247425565,0.18754420212194864,0.01937413794791667,0.5650531222138047,0.013946724583798491,0.27280442468485283,151.10947208333332,0.116503384,20.0115655155724,400.0,50.0,407.27588383838383,0.04796556947260091,25.0,15.0,3.0,spur
ad917f17-ae07-4858-a004-fd96016e8b0f,45.074373750367606,33398.584822672194,50.495420554583795,13299.304817094868,46.043139818612175,15860.74002511373,-21.26568520179237,363.26330836303754,0.2812014470151516,0.017168227090014733,0.4730721746893939,0.013592728006840242,0.3982010646342806,147.77005375000002,0.11321642091666667,20.0115655155724,650.0,90.0,271.51725589225595,0.04796556947260091,25.0,15.0,3.0,spur
ad9631a8-b8c2-4e25-ad2a-1677e5dd3950,142.3942575219021,78218.49789776331,68.84039391824996,8354.219275119834,291.5439490440669,51844.16434181031,113.67569220528068,1158.1568837229727,0.09364090678953073,0.005193417935353534,0.5272660375949074,0.018961050129235945,0.10681026745815932,167.084385,0.13364907208333335,22.505782674242425,1200.0,50.0,271.51725589225595,0.2509799004147781,25.0,20.0,12.0,spur
adbba663-bff6-43bf-8f18-49f349fab555,119.36879685207211,72866.38878533254,63.49027874903482,8135.019557074588,248.431023980593,46515.54509607553,86.75789401632964,1040.3196124367637,0.10902976456045875,0.005144402883133417,0.5221381956928135,0.01762350938566801,0.11164668645079524,162.70039208333333,0.12792533416666665,20.0115655155724,900.0,50.0,678.7931397306396,0.2509799004147781,25.0,15.0,12.0,spur
adefa5ff-15f4-46d1-937d-1af65ef65715,102.61627766432817,55436.11106438583,65.97128673214284,8231.097327874853,181.0460960379434,34967.57790686746,52.19781820810427,785.6072115018331,0.1100686234076389,0.00754250160496633,0.51800186550726,0.017872788966166366,0.14848276009359393,164.62194875,0.13397968208333333,25.011565351010102,400.0,50.0,407.27588383838383,0.16982541343694404,30.0,20.0,9.0,spur
ae624b7b-eae5-4117-9433-8c237cee09df,71.56899896980276,46199.39743479774,59.33927212402577,14214.56529253393,105.31113344986383,23938.173403347293,11.458442221254186,544.0593272639409,0.20900799613362797,0.009921168896001682,0.4690261191902356,0.01583481667193021,0.30768241508146504,157.93961291666668,0.12719085583333334,25.011565351010102,1200.0,90.0,271.51725589225595,0.10036192065991252,30.0,20.0,6.0,spur
af4df381-d7f7-46a1-9758-b4024653d4a5,119.06261824924398,81643.97738356072,66.27784466280889,14885.670491933692,264.7332212874831,48624.886172862614,97.88786061620578,1087.012975870375,0.17027768560474535,0.0048875733462436875,0.5007112908142362,0.018952889231497048,0.18233033356427142,165.39633916666665,0.13477806125,25.011565351010102,650.0,90.0,814.5517676767677,0.2509799004147781,30.0,20.0,12.0,spur
afc6619d-65e2-4c7e-9aff-fb39e261e307,95.25909704772575,65982.89507775921,63.7127959450573,17892.171679703475,184.25709457080728,35453.00119601022,53.646673173218886,797.7246410502376,0.22295853436126892,0.006558012650042088,0.4734124913341751,0.018130802772763313,0.2711697522816056,162.65610625,0.13197421125,25.011565351010102,650.0,110.0,814.5517676767677,0.16982541343694404,30.0,20.0,9.0,spur
afe8f5c0-b69f-452b-8177-1923a457dd86,68.88808084891748,49062.52060946983,55.97287040402627,17016.106769696675,105.84390154980288,24044.452301782632,9.560063842596616,544.0166416343899,0.2697943210568182,0.009363777247138048,0.4480742758308607,0.015313602686341089,0.3468286515637872,154.69188125,0.120011293,20.0115655155724,1200.0,110.0,678.7931397306396,0.10036192065991252,25.0,15.0,6.0,spur
b035d812-a7d4-4537-94b4-4843285ae06c,76.65161151625202,43824.18324998472,59.345014033606894,11038.74840757496,114.37593985873511,24991.79890173425,15.732205446326045,565.5668130901381,0.16301281525063133,0.010656821160143097,0.4949260468051347,0.015592555457165274,0.2518904876057051,157.69640666666666,0.12429411929166667,22.505782674242425,650.0,70.0,271.51725589225595,0.10036192065991252,25.0,20.0,6.0,spur
b0512d2d-00c3-4742-bde5-4e5572e8584f,117.51676753669665,81858.54831587819,65.15220303317145,14802.289010018772,262.70415469879725,48461.738322126825,96.20300581528659,1084.36816756845,0.16925739108570076,0.004842627776504629,0.49984229152535775,0.019001625070364066,0.18083411025605156,164.46987833333333,0.13380246375000002,25.011565351010102,1200.0,90.0,678.7931397306396,0.2509799004147781,30.0,20.0,12.0,spur
b102ffc8-26b6-4595-8cd3-5a8acb3fab89,72.40293567845323,39393.936826491576,60.3352770195264,7945.040083908524,103.4130654060937,23725.038199420178,9.128928773697748,538.5057081354024,0.14521750719502316,0.01108048136623527,0.5109145893975169,0.015574399871515897,0.20168434350182618,158.90080291666666,0.12689596416666668,22.517348022727273,400.0,50.0,814.5517676767677,0.10036192065991252,30.0,15.0,6.0,spur
b10a2485-1e6e-46b4-a919-cdb451f71bc4,41.55451510943809,35774.47551835279,50.28704471490736,16354.063669149802,38.286298372834715,15062.648966646695,-25.365697061393032,346.35514765423596,0.32959164253514317,0.015304376418202863,0.4256284632650462,0.012580855781019,0.4571443351433729,148.67330666666666,0.11666169258333332,22.517348022727273,1200.0,110.0,678.7931397306396,0.04796556947260091,30.0,15.0,3.0,spur
b15ef73a-73ca-40ae-a4ec-a0eebaf569c9,125.89128835804276,72102.75705288911,63.09064416591984,8041.113431747729,257.60553035758363,47033.96033729278,93.01788816284895,1051.577870379361,0.10841250992898782,0.005400719961921296,0.5256336920157829,0.017459553625638023,0.11152651222531466,160.82226791666668,0.12608923125000002,20.0115655155724,400.0,50.0,271.51725589225595,0.2509799004147781,25.0,15.0,12.0,spur
b19579c5-fd1e-4fc4-82b8-8b9f9d8a4a10,132.2212083963944,74889.03624898469,69.71642585620813,8399.922854986382,265.4493354186614,48311.6754846404,97.89286332194231,1080.365087883986,0.11673421059766412,0.0051924682708754215,0.5231152865425083,0.019020318482916822,0.11216850692971832,167.99845583333334,0.13603333958333333,22.517348022727273,900.0,50.0,271.51725589225595,0.2509799004147781,30.0,15.0,12.0,spur
b23d94c9-3cad-4f62-ad28-75633118e0a4,101.52573879374765,56609.27667755706,61.89115075012474,8062.805457778435,185.67985937416069,35820.62840196027,53.00958775077616,804.798287367391,0.10357438252707281,0.0073172971464330805,0.5165054537366374,0.017302034241010338,0.14243319662767426,161.25610875,0.12783849416666668,22.505782674242425,900.0,50.0,814.5517676767677,0.16982541343694404,25.0,20.0,9.0,spur
b27a52eb-a263-488a-82ea-df4aa5f3758d,92.09240914977093,60972.06911665577,62.269135109616336,14510.147255851656,170.88929237612385,33801.102668496416,44.692813580505664,760.2993178552665,0.21693716331207913,0.006679136342676767,0.4822434691940235,0.017297928643633845,0.23798515868299905,161.22385916666667,0.12921373375,22.517348022727273,650.0,90.0,678.7931397306396,0.16982541343694404,30.0,15.0,9.0,spur
b2902e53-b44c-428e-8560-9e2cef217b65,72.2635337761574,46306.22818365705,58.05176299293523,14083.243723092079,108.92069986584613,24361.59159908548,11.504581425986357,551.2078911891759,0.22989603552693597,0.00992639133270202,0.46671634953756314,0.015619506323047523,0.3041362740093575,156.48048583333335,0.12178335583333333,20.0115655155724,650.0,90.0,814.5517676767677,0.10036192065991252,25.0,15.0,6.0,spur
b2ff529c-8cb6-4e99-892d-936c48df8122,94.5332574470487,61182.55889727332,63.41314191220411,14583.12982580156,172.93431386695707,33963.94304493242,46.42491748274819,763.9111825569031,0.21731829956502524,0.006684494991877105,0.4827046120019992,0.017415006512546908,0.238359145786218,162.03477416666666,0.13002290416666665,22.517348022727273,650.0,90.0,407.27588383838383,0.16982541343694404,30.0,15.0,9.0,spur
b30b1936-7431-49d5-9769-43c8fe420031,131.32967425389512,74194.25387463674,69.03994571737498,8352.181309656253,263.8152754180569,47967.607498759724,97.34228523322555,1072.716935136346,0.11653236956253157,0.0052467344452020205,0.5235374096150041,0.018764011017864995,0.11257535626260164,167.04362708333335,0.13508017208333334,22.517348022727273,650.0,50.0,271.51725589225595,0.2509799004147781,30.0,15.0,12.0,spur
b3627f83-438c-4e20-8d63-1ed31854d19d,104.86421502214138,63827.7938866879,67.80881864967401,14936.128784673958,191.440173101401,36122.81723490892,58.55282468166062,810.4720576373508,0.18870718841429926,0.006771436152819866,0.486946048458649,0.018680941163085638,0.23401225930260652,165.9569875,0.1353040925,25.011565351010102,900.0,90.0,271.51725589225595,0.16982541343694404,30.0,20.0,9.0,spur
b3635b61-512c-43e7-9b31-52dfbe4964fb,71.23201926552765,39547.11227288746,59.8236741509873,7945.369079512199,101.74417951556876,23598.863649165436,8.37422791132116,535.8850870771181,0.12675185171585648,0.010932292216109005,0.5083229538203915,0.015606968411967412,0.20091185101361908,158.90738041666665,0.12817639708333334,25.011565351010102,900.0,50.0,271.51725589225595,0.10036192065991252,30.0,20.0,6.0,spur
b393a3c7-6623-407e-a544-3da4221d4c1d,42.03221712506353,32997.147824636304,52.64835318065543,13588.16124765979,38.3317649218456,15051.97850611424,-24.507962552141,346.19169751323324,0.25908082977525254,0.016253868986531986,0.4756779659763257,0.012590560014865044,0.4117989549775251,150.97956958333333,0.12018786416666667,25.011565351010102,1200.0,90.0,271.51725589225595,0.04796556947260091,30.0,20.0,3.0,spur
b3b0bcbe-a1b0-4dec-9001-9daebd311a78,45.390003456970895,36359.29551828679,50.29835842222939,16230.943890745364,45.992037343431946,15853.010394521652,-21.103766476864735,363.6639167411343,0.3224817971903409,0.016233050928977272,0.4366989592816709,0.013592130421741518,0.4464055983688384,147.55403583333333,0.11301647508333333,20.0115655155724,650.0,110.0,678.7931397306396,0.04796556947260091,25.0,15.0,3.0,spur
b431ed2a-3e73-424e-a3fa-1943f2a4227b,69.699258460119,49496.645155317376,57.93274718727851,17252.33404229493,107.45778610029969,24236.10762855214,11.843441607500457,549.4641508634959,0.2457814326530935,0.009534992410995372,0.4523538136050084,0.01594795108317382,0.34855965806825934,156.83940083333331,0.12609286375,25.011565351010102,900.0,110.0,814.5517676767677,0.10036192065991252,30.0,20.0,6.0,spur
b43c09ba-925d-486d-ba7e-a2b650b86477,98.6914260127008,62038.48938394143,65.30082713843248,14719.465184833287,178.3154291400506,34535.87197166699,49.864599349769485,776.5889100047716,0.21854124653203913,0.00663854241021675,0.48297140688673196,0.017815520597159004,0.23726827268653675,163.54961125,0.13153925583333334,22.517348022727273,900.0,90.0,271.51725589225595,0.16982541343694404,30.0,15.0,9.0,spur
b4a40f73-933c-4d93-9abf-a80143889904,35.338970911780095,26431.659521331738,50.96690320749788,7516.021911054864,33.100067671087196,14548.246249596845,-28.541383945075616,335.58371516377036,0.1665561820697601,0.01786964794381313,0.5498627636321548,0.01159201514413412,0.28435742487038684,150.3204375,0.11955329704166667,25.011565351010102,1200.0,50.0,814.5517676767677,0.04796556947260091,30.0,20.0,3.0,spur
b5e80b81-a90c-4785-ab7f-7eb29a3176fb,121.56800358275336,80896.92086430937,65.42117025115274,14753.194432263512,262.53200135449794,48054.310523031985,95.28477874732305,1073.868896144582,0.19120170389569655,0.004764861956670876,0.5001955464683817,0.018120236548861298,0.18237553846231058,163.92438375,0.12912826333333333,20.0115655155724,900.0,90.0,407.27588383838383,0.2509799004147781,25.0,15.0,12.0,spur
b620ecef-5ef7-4f7e-8c90-caaf1f874f37,46.23025317702458,31005.180132847967,54.68132444834403,10697.285808609702,47.05902717730976,16007.069659743378,-20.17817628796183,367.3973451360237,0.21821845416372054,0.017895550874221382,0.5229517459785353,0.013578802189674576,0.3450173433457214,152.81836708333333,0.11946312325000001,22.505782674242425,650.0,70.0,678.7931397306396,0.04796556947260091,25.0,20.0,3.0,spur
b655bdc1-b8c0-4138-bebe-84a8a64b8500,117.92100683010169,78256.19395438489,64.36202408891133,11469.632176197592,259.80301148733014,48168.809812487794,93.84233379121582,1076.8285662588394,0.13352791835151512,0.005015721193108165,0.5103899634146675,0.018882099992427504,0.14657076597198962,163.85188624999998,0.133182005,25.011565351010102,1200.0,70.0,814.5517676767677,0.2509799004147781,30.0,20.0,12.0,spur
b6852e60-00cb-430f-bcf1-bd41f61142a7,71.05990834266103,39947.292893156926,56.51065948256395,7794.181517326583,105.52191085687011,24115.729903373795,9.650930192490883,546.6842715937529,0.12067093787599956,0.010948695067550506,0.5090004370587121,0.015002317583067292,0.19511462719249276,155.88363083333334,0.12249701466666667,22.505782674242425,1200.0,50.0,678.7931397306396,0.10036192065991252,25.0,20.0,6.0,spur
b6c31b37-f8e5-4bdb-8824-0920b2daa5d9,106.67926481664153,64184.93942773738,64.53162049828993,14619.912006313165,200.06339142886188,37184.625698545955,62.96634047683827,835.2221520185739,0.17817250236789775,0.0068846222985795465,0.4920438945638678,0.017813463811505136,0.2277832382183289,162.4434675,0.12901501666666668,22.505782674242425,650.0,90.0,271.51725589225595,0.16982541343694404,25.0,20.0,9.0,spur
b7529abc-a1c0-4ea2-a5c8-04632e1dbf58,67.68918985644434,49114.628337535425,56.602100467621966,17121.500749939176,104.59220506674703,23924.550978953004,10.08364574351776,542.9787397326373,0.24454869482081232,0.009509762987500002,0.45178926323190244,0.015699503145450697,0.3486070218761825,155.65000541666666,0.12489001720833333,25.011565351010102,1200.0,110.0,678.7931397306396,0.10036192065991252,30.0,20.0,6.0,spur
b7b1327a-e2a8-4bff-8777-22f753630322,44.558019539076845,33572.928525016585,52.416508681335614,13560.093411938937,43.865357771103604,15664.10880493944,-21.777938807431745,360.20410176990373,0.2539373197858796,0.016914463594013045,0.481536579058186,0.01291594586475425,0.40390075467212455,150.66770375,0.11731741266666666,22.505782674242425,1200.0,90.0,407.27588383838383,0.04796556947260091,25.0,20.0,3.0,spur
b7b1ae78-5455-44db-b714-dda01d5c0014,66.9420130209882,42452.50943607216,56.3646619195284,10900.883889746952,100.23108483560283,23467.795379090265,7.11906743734917,533.4857792679552,0.16737347705650252,0.010389115048979379,0.4847741625293561,0.01534752839925602,0.25678186416198434,155.72691166666667,0.12497293654166668,25.011565351010102,1200.0,70.0,678.7931397306396,0.10036192065991252,30.0,20.0,6.0,spur
b7c856bc-591c-40d9-9e53-97811d3743a9,94.40017512161197,60866.29873806037,62.70076724451832,14500.625847832265,174.65053202615908,34116.70886985077,47.74625853102298,767.0604607963506,0.21721712520175715,0.0068049599137100176,0.4841788393349117,0.01730399079844993,0.23824209984228725,161.1180633333333,0.12913035208333332,22.517348022727273,400.0,90.0,678.7931397306396,0.16982541343694404,30.0,15.0,9.0,spur
b7d47498-1705-4692-8b9c-195b7b9fdf7e,120.56510020984774,86578.90154969734,63.99273132397973,17932.596857191238,278.29761345510093,50491.156888890226,105.53913767970249,1128.1219364021917,0.19430214368865745,0.004676318985700757,0.4942052446256839,0.01835378569808253,0.2071311090469682,163.02360833333333,0.12959902208333332,22.505782674242425,900.0,110.0,814.5517676767677,0.2509799004147781,25.0,20.0,12.0,spur
b84510f8-c26f-48b0-8062-f7b61de1b489,71.22557368750685,39227.58201957115,60.1952676254243,7945.44955906242,100.19543622440281,23373.456186376876,6.935470974654077,529.6877159600723,0.14484575821348905,0.010899859007828284,0.5073612581835018,0.015434685360527825,0.20255006422405483,158.90899166666665,0.12688805791666666,22.517348022727273,650.0,50.0,271.51725589225595,0.10036192065991252,30.0,15.0,6.0,spur
b85af8ea-640e-4314-8510-4bd7bbe103c8,99.24412632126679,66859.39092098661,62.43419046572147,17717.932015965467,194.34220292334484,36676.12998592888,59.083612865752556,823.2602366333981,0.21253927965314603,0.006589144301862374,0.4775062241745581,0.017571131662755944,0.2650086929921817,161.07210958333334,0.12765104208333333,22.505782674242425,650.0,110.0,678.7931397306396,0.16982541343694404,25.0,20.0,9.0,spur
b8ca05a1-f10d-4d34-8d88-eb5388211830,73.84981081394977,50277.88945751696,57.7291407709816,17181.74546442767,116.06249831371346,25202.932414726678,16.719061642224993,570.6458493902393,0.23703469396685606,0.00968320536260522,0.45760034150915413,0.01573028952365732,0.34173965368304665,156.19768708333334,0.12279931995833333,22.505782674242425,900.0,110.0,407.27588383838383,0.10036192065991252,25.0,20.0,6.0,spur
b8d7aea8-603c-4f24-9d14-7ca95a1b0833,68.3535526254857,49004.01433924429,55.737313348684125,16999.733970520527,105.18652837462766,23979.634336398638,9.313027387395625,543.5410462523242,0.26951015451588806,0.009350567765404041,0.4479235167995055,0.015265250370071867,0.34690849388763745,154.543035,0.11986764083333333,20.0115655155724,1200.0,110.0,814.5517676767677,0.10036192065991252,25.0,15.0,6.0,spur
b8ed6827-e8a3-45b2-abdd-a5f99c8d0d7f,107.10918322655318,78207.1758995187,61.335603659943224,14463.95215466793,237.3120274466116,45095.45523638275,80.61066461998537,1010.0740701337119,0.1978760555025989,0.004771778003451178,0.49696665714451804,0.017670039666167797,0.1849497242874469,160.71058,0.12869730541666666,22.517348022727273,1200.0,90.0,814.5517676767677,0.2509799004147781,30.0,15.0,12.0,spur
b972e98f-a828-4717-8040-f461b737d80f,38.55546494255863,26940.91823119624,53.66207269086698,7642.783295462935,36.870891637003886,14948.784606700001,-26.474817381627613,343.7467559841254,0.1708943431784512,0.018039111140435604,0.5527587947387417,0.01247351248405994,0.2836876321675603,152.85566541666665,0.1220932135,25.011565351010102,900.0,50.0,678.7931397306396,0.04796556947260091,30.0,20.0,3.0,spur
b99e5ca7-110c-4693-8b65-fa5366d88238,90.99387299448274,53738.62378751404,60.72264358422564,8007.3838984784425,162.30260843073552,32862.33130536928,38.93660685964083,739.4871149637024,0.12546811934333968,0.0072860124560606065,0.5105862118295454,0.016866168795594265,0.14900983539834364,160.14767708333332,0.12813213708333335,22.517348022727273,900.0,50.0,678.7931397306396,0.16982541343694404,30.0,15.0,9.0,spur
b9b828a7-9594-46f4-82c4-ccddec2a999c,120.22250899603574,76714.89223408965,66.00268951294903,11541.060477590318,250.46375622052955,46600.11976531402,88.80892773692061,1042.6288312348236,0.15911973057727274,0.004940735884059344,0.5089925893279146,0.018405324823676874,0.15044574775199362,164.8722925,0.13287433958333333,22.517348022727273,1200.0,70.0,407.27588383838383,0.2509799004147781,30.0,15.0,12.0,spur
b9da5d9f-29cc-427c-aba7-1f3d35ba194f,75.54557976650997,47137.86175908888,58.84287689129977,14150.012736764556,114.73882403971626,25037.712259858654,16.03075515118364,566.954573502079,0.2013149424648569,0.010046837501651936,0.47286427850631313,0.015667920194671593,0.30018742793096875,157.22236291666667,0.12381105908333334,22.505782674242425,1200.0,90.0,271.51725589225595,0.10036192065991252,25.0,20.0,6.0,spur
b9e8eabd-26b8-492f-a339-c94079b9e2e2,104.59432928123124,59282.71348308022,61.99365783585733,11185.636175133644,191.813687299428,36123.74734063354,58.47649349621948,811.3134467728875,0.14091647615382996,0.007351490675368267,0.5067057033955177,0.01707853176829691,0.18868752841821643,159.79480333333333,0.12638893708333335,22.505782674242425,400.0,70.0,271.51725589225595,0.16982541343694404,25.0,20.0,9.0,spur
ba96963b-07b8-4674-a449-bb3d5061c37c,70.64043169406519,48803.75490448694,56.86763929684581,17008.602572434967,107.96912440458273,24140.951143915216,12.396425163568829,546.7717625131783,0.28136388954240316,0.009570747657554715,0.4517976185628682,0.015688223290790664,0.3485138010850231,154.62365916666667,0.12261008066666668,22.517348022727273,400.0,110.0,814.5517676767677,0.10036192065991252,30.0,15.0,6.0,spur
bab72838-197c-41bc-a6e4-d8e75bee76bc,72.72592262227742,46220.83527363787,58.1064233272394,14063.953021419227,108.53299680857535,24283.49873576773,11.385229876132003,548.9436369188146,0.22970458867855642,0.00991804951954966,0.4670032320758628,0.015504195738094398,0.30428074307779673,156.26614541666666,0.12155791375000001,20.0115655155724,900.0,90.0,271.51725589225595,0.10036192065991252,25.0,15.0,6.0,spur
bb235189-71e9-4a3c-a655-df9343f8de58,39.94331862991962,32675.91440063587,50.332063788513516,13408.701498396013,36.708595633004535,14906.85469302631,-26.450490466176223,343.15674021110976,0.28587134012826176,0.016086464776525675,0.45367467034564396,0.01231269109486878,0.41035524832418896,148.98557291666665,0.11697510712499999,22.517348022727273,1200.0,90.0,678.7931397306396,0.04796556947260091,30.0,15.0,3.0,spur
bb2453e4-559e-434f-88ea-de00f83a3553,132.96702317948018,75121.75230207585,65.2639457994388,8175.255354456399,276.1932589293612,49791.98952058354,105.35756536374889,1112.4787809752115,0.09272604100743896,0.005371252631260521,0.5287128304733796,0.0179490366583394,0.10883059257516813,163.505105,0.13011472541666666,22.505782674242425,400.0,50.0,407.27588383838383,0.2509799004147781,25.0,20.0,12.0,spur
bb8f2cc6-89f9-4844-92c6-f9ba71262df2,69.80258105554805,42523.53029364915,58.83320172452575,11039.383782034769,101.58710525822508,23559.323594253092,7.551269099116651,534.306035171728,0.19330434829135099,0.010316209390204126,0.4833763269370792,0.015498330312653732,0.2596095486690197,157.70548333333332,0.12568718958333333,22.517348022727273,650.0,70.0,678.7931397306396,0.10036192065991252,30.0,15.0,6.0,spur
bc583213-11a9-47ab-88e3-85070fde6dbd,44.38531885950155,27675.681025186303,56.31261348285273,7720.478180590116,44.70101787718883,15745.518244559362,-21.556149850732826,362.61148772301414,0.19061675843234427,0.018702584541771886,0.5555597030629209,0.013997591470089887,0.27896375041671256,154.40956583333335,0.12239927195833333,22.517348022727273,400.0,50.0,814.5517676767677,0.04796556947260091,30.0,15.0,3.0,spur
bc74ae63-dd2f-44e7-8ba1-2c22e5c4f0f7,86.3854683644912,60151.93913524776,58.840302719085905,14236.842868260515,163.09551441384366,32939.03688886227,39.535978125470436,740.7092066487476,0.2136766803912563,0.006646033137394782,0.4811177182266941,0.016812981396032007,0.2366864777830938,158.18714208333333,0.12616062749999998,22.517348022727273,1200.0,90.0,814.5517676767677,0.16982541343694404,30.0,15.0,9.0,spur
bc847d9b-129f-4265-9d3e-1b3eea746d44,71.79427866701874,50044.10062690764,56.66597285203164,17105.127453397803,113.23251967801377,24929.791608145195,14.768698275625189,564.8058486497408,0.23591369962363215,0.00959899097638889,0.4561285932220118,0.01554682424531922,0.3418051855995124,155.50115833333334,0.12210996633333333,22.505782674242425,1200.0,110.0,678.7931397306396,0.10036192065991252,25.0,20.0,6.0,spur
bcad91a1-504d-4fe9-9781-fd2cd15da40d,117.44390851835314,76360.93087391912,63.480561629412676,11379.624491150653,250.9051031404309,46785.4985841587,88.21084635629963,1045.6048670117707,0.1500248753979272,0.004949024524768519,0.5103660722865635,0.017680749117384056,0.14902879073657274,162.56606458333331,0.12779012875,20.0115655155724,900.0,70.0,678.7931397306396,0.2509799004147781,25.0,15.0,12.0,spur
bcfd49cc-dc92-43da-8369-e8b5149632e6,41.13933452952946,35031.36495257429,42.90956199039842,15320.907847114378,44.001856545925754,15594.410909966015,-21.83179684472116,358.29499777050205,0.3146199265712332,0.016869598684648563,0.4563701793637416,0.012895582786221757,0.4373499827000682,139.28098083333333,0.10495261041666666,20.0115655155724,400.0,110.0,407.27588383838383,0.04796556947260091,25.0,15.0,3.0,spur
bd696bd1-24f0-4441-90b6-d3d161fbaab5,91.96496419072598,61024.97913962599,62.20576937685085,14508.652822024953,171.07763642416288,33837.05668300969,44.70784525256409,761.0677352451265,0.21686701930429292,0.0066750556110795455,0.48236569911368904,0.017308566049131578,0.23775438434491092,161.20725166666668,0.12920070375,22.517348022727273,650.0,90.0,814.5517676767677,0.16982541343694404,30.0,15.0,9.0,spur
bda3d49d-b075-4d25-b5dd-8e0269bd26df,70.16302595274027,45791.04274611053,58.52686360582836,14135.331038262497,103.79767818711218,23767.07770220998,9.19053467456844,538.4150528383994,0.23942727303840483,0.00982826304525463,0.46512180121275254,0.01563624969366297,0.30869542677762113,157.059235,0.12503319908333332,22.517348022727273,650.0,90.0,407.27588383838383,0.10036192065991252,30.0,15.0,6.0,spur
bdc0bb69-9d2a-4808-b2bc-cca8c5458659,69.95239398854666,45875.52653903389,58.57605390327946,14154.51430656686,103.9007253548923,23802.73314328448,9.080587584789813,539.5091259299503,0.23924938445244104,0.009795211936679295,0.46532399026167925,0.015649167487325227,0.30854518131020725,157.27238083333333,0.12525298941666665,22.517348022727273,650.0,90.0,814.5517676767677,0.10036192065991252,30.0,15.0,6.0,spur
be531476-5253-4ff8-a8e7-fec6f11d5cd3,45.10853990824324,27772.918253844615,56.53555637352964,7728.913645760691,45.75659687110767,15844.1257998663,-20.245863185017555,364.15993539813365,0.1721854928694234,0.018757322271832914,0.5799206147866163,0.014077600674635031,0.278290801509606,154.57827208333333,0.12382147266666667,25.011565351010102,400.0,50.0,271.51725589225595,0.04796556947260091,30.0,20.0,3.0,spur
be54178d-b42a-448a-962e-95578e4d7148,42.48190784528979,35380.98832558142,43.9383811768357,15445.958667865678,45.997880150965564,15802.916736972176,-19.82366892911284,363.1374631374411,0.2837530148272307,0.017061948086121635,0.48474213656734005,0.012784234915831659,0.43656265258513766,140.41780458333332,0.10725362779166665,22.505782674242425,400.0,110.0,407.27588383838383,0.04796556947260091,25.0,20.0,3.0,spur
be5b7942-3147-4b70-bfe9-b0f076a68954,121.67637128303315,75692.71213940279,63.515069408778324,11312.94423842602,257.42778596452354,47174.55478951918,92.82440726653029,1054.2665945552542,0.14993105747611532,0.005129027443792088,0.5126989743681607,0.01756906669230324,0.14946325746867906,161.61349041666668,0.12687509958333335,20.0115655155724,400.0,70.0,407.27588383838383,0.2509799004147781,25.0,15.0,12.0,spur
bef4e7e8-0462-4668-8212-196b7aa6c129,45.254433009525656,30770.910508080528,54.3409248918944,10666.089239596391,45.286593299964004,15816.272860246909,-21.90921869984316,363.0134506844915,0.2426680044952651,0.0177796397418771,0.4993888517209595,0.01375100646732321,0.34663028089918124,152.37270208333334,0.11774060829166666,20.0115655155724,650.0,70.0,678.7931397306396,0.04796556947260091,25.0,15.0,3.0,spur
bf18d996-1737-47ea-829b-ce2fb574dd28,43.146555062563394,35588.26582883066,47.273536208048405,15835.62500275317,44.107351064369624,15591.202154094442,-19.865487782080482,359.69304868190164,0.29233935836184766,0.016446759496896043,0.4761273914376052,0.013259309662082466,0.4449691458851122,143.9602275,0.11318673933333334,25.011565351010102,400.0,110.0,271.51725589225595,0.04796556947260091,30.0,20.0,3.0,spur
bf2f140f-efa6-4a62-af0f-0ad55a916a75,122.61942049565842,86398.30227660136,64.79490165017398,17982.66439588001,280.4455236449634,50587.07156406879,107.3366895193275,1130.1667939044423,0.1949985677297454,0.004716865884638047,0.4947829793610585,0.018332867026382836,0.20814332563501903,163.4787675,0.13006466083333332,22.505782674242425,650.0,110.0,678.7931397306396,0.2509799004147781,25.0,20.0,12.0,spur
bf7aa620-45f5-4fff-908e-d9003e7b6061,106.11204591158334,60509.90588832636,67.48815481716683,11623.01848389831,189.38294401442826,35981.85712238514,56.72246107891269,807.7798423407339,0.1500299501982849,0.007017564775473485,0.49995963439330804,0.018707581776873882,0.1920896352276933,166.04312208333334,0.13538969041666668,25.011565351010102,1200.0,70.0,271.51725589225595,0.16982541343694404,30.0,20.0,9.0,spur
bfb21ae3-7e3f-47c2-8ae3-e5fa5a87611a,72.10040607287793,46395.160012551874,59.783278020441486,14259.457629209137,107.86846935743777,24245.143036124213,12.531924442978884,549.8182835568815,0.2094439033967803,0.01004134204018308,0.4710843610760733,0.015995549344122926,0.30735165238406187,158.43841791666668,0.12770577125000002,25.011565351010102,650.0,90.0,407.27588383838383,0.10036192065991252,30.0,20.0,6.0,spur
bfc5a657-9c94-43ca-9231-fef7a52e5165,40.27708391853865,34790.77389691337,41.81441003795913,15190.49546277681,43.22063489310714,15505.341333968472,-22.163038383514227,356.60109366908887,0.3131565954289773,0.016936867264478114,0.4591321619107744,0.012690077727435153,0.43662592390805716,138.09541249999998,0.10379586129166667,20.0115655155724,400.0,110.0,271.51725589225595,0.04796556947260091,25.0,15.0,3.0,spur
c030cb68-6107-4b78-aa84-22656d388e2d,70.67146849408964,46094.6052322751,57.31849042506193,14042.99194039558,106.35296199398536,24103.329664323377,9.774719416717199,545.1698823610407,0.22931961231102693,0.009854465822979797,0.46566877268771045,0.015418417949436318,0.30465933301719544,156.03324375,0.12133700375,20.0115655155724,900.0,90.0,678.7931397306396,0.10036192065991252,25.0,15.0,6.0,spur
c0d4043a-aea9-4bed-84c6-029a26ee6247,101.62157619696465,63860.16363790995,62.966106077355946,14564.881422387904,192.836326958261,36560.69692206954,57.903254418372185,821.1265317553131,0.17786102763725797,0.006756509092276936,0.4889137050382997,0.01763898803673582,0.22808026710104745,161.83201458333335,0.12839867291666665,22.505782674242425,1200.0,90.0,407.27588383838383,0.16982541343694404,25.0,20.0,9.0,spur
c0e11234-a3ea-4cdd-900e-f0f6ff279d6e,98.20385327554929,65759.26302026214,60.769853046931274,17475.61609388822,191.99398001108534,36222.51711667565,58.565481101525265,813.7641492650508,0.21062207613520623,0.00676092131657197,0.4796367062941919,0.017123266340932936,0.26575702808923213,158.86923583333333,0.12548660166666667,22.505782674242425,400.0,110.0,814.5517676767677,0.16982541343694404,25.0,20.0,9.0,spur
c0f5e4f2-90ea-49d5-a5a1-9fb7255fb8ef,72.88027642205496,46407.645183821536,60.307182125776684,14284.720306581077,107.28945898176256,24141.45760702253,12.441526390256357,546.7919226466742,0.20958606523116582,0.009963244352851432,0.4704565697097012,0.015980572998852235,0.3078133958337997,158.71911666666668,0.12798131916666666,25.011565351010102,900.0,90.0,271.51725589225595,0.10036192065991252,30.0,20.0,6.0,spur
c16126fb-2ed9-4a43-9817-e792f3a9ff75,69.2693263410168,46112.929011677974,57.94682531156706,14133.056984001494,104.84233851946409,23961.071801422262,9.946444883523464,543.013097444096,0.20798074803829966,0.009952203112815656,0.468712297481271,0.01573901533516075,0.3064917833240968,157.03396625000002,0.12629204833333332,25.011565351010102,900.0,90.0,814.5517676767677,0.10036192065991252,30.0,20.0,6.0,spur
c171e780-528e-45a9-9b38-c715dbf8438b,136.98244724883637,81050.28913291091,71.52029299301978,11876.43508630411,285.41921028463577,50879.21209940934,111.11054884127891,1136.1888198394947,0.13634837682238007,0.00503540657075968,0.5129065047238003,0.01996344966224428,0.1465370852152926,169.66335999999998,0.13907364125,25.011565351010102,1200.0,70.0,271.51725589225595,0.2509799004147781,30.0,20.0,12.0,spur
c21055f0-cd9b-4c4e-95eb-ca5e40e93619,41.10365242394854,30064.556298225623,52.99281993846058,10612.015451967045,38.63729136850236,15115.057783411881,-25.407183195512445,347.86120745266527,0.24076138106976014,0.01710554708359638,0.49216038222253783,0.012846088106665404,0.3529752375067157,151.60022041666667,0.11957392758333334,22.517348022727273,900.0,70.0,407.27588383838383,0.04796556947260091,30.0,15.0,3.0,spur
c2785c5b-d3e1-4fbd-b453-07da1fd553e5,42.00746141496359,27418.46869470553,54.5702581242908,7662.997124449459,41.318918725551114,15420.867409981669,-24.72661529364014,353.34054875920214,0.18644056436226852,0.018690546733585858,0.5386008315603956,0.013127898708819148,0.2794839429378894,153.25994083333333,0.118590615,20.0115655155724,1200.0,50.0,271.51725589225595,0.04796556947260091,25.0,15.0,3.0,spur
c2a622d0-402b-4c7a-aa9b-107b0e666921,65.61935755853527,44988.12435543653,55.64756223994911,13913.662390651734,96.86935124860152,23020.925211693535,4.857870237008566,522.3390723404448,0.23625350604534934,0.009738435762394783,0.46285339790204133,0.015017474979778397,0.3092776036649592,154.59624875,0.12256251941666667,22.517348022727273,1200.0,90.0,407.27588383838383,0.10036192065991252,30.0,15.0,6.0,spur
c2f6c2fb-86a5-445d-81d0-1e7055e98729,45.523711086531584,27828.82838753739,54.623717197446474,7621.645652251357,47.22623769028933,16016.161045522427,-20.827933725275688,367.40793604562214,0.187958812282197,0.019276028503524827,0.5613108722201178,0.014092734312904384,0.2738772036789758,152.43291333333335,0.11780869820833334,20.0115655155724,400.0,50.0,678.7931397306396,0.04796556947260091,25.0,15.0,3.0,spur
c38cdc9f-49ad-4e3f-b457-7275e33e0828,100.38277420649213,62632.6652145193,61.62280327860251,14390.96917146373,191.09490513733266,36163.674280981744,57.72771134403435,811.843750099813,0.1772942400027883,0.007002680525589226,0.49139038478030295,0.017160363437662012,0.229773052097573,159.8996566666667,0.12651168958333334,22.505782674242425,400.0,90.0,814.5517676767677,0.16982541343694404,25.0,20.0,9.0,spur
c3f03a9d-b08c-45d4-af3d-bc075e331b7b,46.01808476751946,30959.943017173708,54.58423357426301,10693.255918219413,46.58783644278659,15957.966293930018,-20.457688989908142,366.26219904860136,0.21818647320265153,0.017862503919886363,0.5215565985367213,0.01350247224398096,0.34539133090163127,152.7608,0.11938529083333334,22.505782674242425,900.0,70.0,271.51725589225595,0.04796556947260091,25.0,20.0,3.0,spur
c3f75d69-9558-4558-8de9-c955959258fe,43.172320158444606,30471.22136362302,53.35977065684081,10629.650805539035,42.207833537549526,15505.109493171847,-23.875164078247277,355.90088124150793,0.238041434337963,0.017639043055187285,0.4930219619253999,0.013192214037058746,0.34884329939585235,151.85215416666668,0.11722553020833333,20.0115655155724,900.0,70.0,678.7931397306396,0.04796556947260091,25.0,15.0,3.0,spur
c446dfa9-790b-45b5-a907-122814e7a2ee,44.6854959695932,33530.699921399995,54.09866622563175,13695.646523265597,42.86990859182505,15530.18406701959,-21.619220942442922,357.47991459123733,0.26106361597579963,0.01655052992266414,0.48280605277788297,0.01340410240480112,0.40845208844638486,152.17385,0.12140802591666666,25.011565351010102,650.0,90.0,678.7931397306396,0.04796556947260091,30.0,20.0,3.0,spur
c46ce25e-637e-4686-90c1-890809415f51,40.21771681384023,29960.36573709521,52.471156763747004,10588.961119202584,37.73010857352117,15027.380381276038,-26.104314754155073,345.816110771646,0.2400568730702862,0.017059910623053454,0.49068621731449913,0.012614106705653133,0.35343316851103884,151.27087166666666,0.11925825400000001,22.517348022727273,900.0,70.0,814.5517676767677,0.04796556947260091,30.0,15.0,3.0,spur
c480f735-c7fa-45f5-9c52-643ba7dfbcb9,72.54165106019742,46193.23906259446,57.66139816314567,14027.143012726663,109.30095628190143,24375.31501777156,11.93917655311724,551.7576805218624,0.22956225980229375,0.010001025412436868,0.4673398796563552,0.015551723263001884,0.3036656987754408,155.85714625,0.12116334000000001,20.0115655155724,650.0,90.0,407.27588383838383,0.10036192065991252,25.0,15.0,6.0,spur
c49c3c1f-f8f7-42fa-9744-319ce081cb1c,75.02380364073822,43734.222739589175,58.74606340644664,11024.6370041646,111.75836446103784,24746.292267522585,13.800726307052388,559.7900780756196,0.1627604016394676,0.010489972539246632,0.4907045568315447,0.01549405852874788,0.25208607573198927,157.49481333333333,0.12408428191666666,22.505782674242425,1200.0,70.0,271.51725589225595,0.10036192065991252,25.0,20.0,6.0,spur
c49f06b7-8816-4f6e-b96b-7a511ccd7eac,43.8826471459627,30515.576437849686,53.684506575809365,10629.793419646014,42.834434876182755,15558.089264434557,-23.400864848052912,356.85944042352236,0.23790907126167932,0.01766040371601431,0.49576094341687704,0.013252440729615147,0.34834098346160314,151.85419166666665,0.11720828858333333,20.0115655155724,1200.0,70.0,271.51725589225595,0.04796556947260091,25.0,15.0,3.0,spur
c4c480ab-ec30-4557-9600-fa1acfc3b228,44.25407575851437,33546.241910607096,52.25228880137235,13553.618394702366,43.63797280833214,15644.392649565574,-21.982862295857526,359.7131705212064,0.25376816845622896,0.016907561010521887,0.48172462168413305,0.012879321257904966,0.40402898606057197,150.59575916666668,0.11726562804166667,22.505782674242425,900.0,90.0,814.5517676767677,0.04796556947260091,25.0,20.0,3.0,spur
c4c574fc-1df9-43ce-9245-aa38c8672bd6,101.75338473531284,62323.332251091975,60.79921439319762,14253.270448144782,192.28434068734154,36117.04582005092,58.97591670294072,811.4461256000415,0.175607596681976,0.007094813703609006,0.49304539905608163,0.01699736536697254,0.22870396819952576,158.36967125,0.12497057099999999,22.505782674242425,400.0,90.0,271.51725589225595,0.16982541343694404,25.0,20.0,9.0,spur
c520c978-09eb-491f-90ef-31749cc88d47,98.50942845892044,65174.57193269021,59.2492417608775,17232.585558930103,191.9157499834273,36023.08547895852,58.84631715694377,809.121722471429,0.20892074102135944,0.0068590973157512634,0.4802139654440236,0.016875195467057374,0.2644122706433805,156.65986875000002,0.12327133141666667,22.505782674242425,400.0,110.0,271.51725589225595,0.16982541343694404,25.0,20.0,9.0,spur
c57b368e-9722-4b22-83dd-10895233d6ce,86.0186146545444,63471.58304202288,59.06407278292372,17407.73614891249,164.84185972502016,33112.55199407008,40.952118525765286,745.2041270465347,0.2562098222628893,0.006361839345780724,0.46834805490070497,0.016907491244525476,0.27426583939998195,158.25214583333334,0.12622190791666668,22.517348022727273,1200.0,110.0,678.7931397306396,0.16982541343694404,30.0,15.0,9.0,spur
c58802b3-2236-409d-a233-731af17fcb4a,72.37237177346837,43017.46512289711,58.54360790513496,11005.217694893186,106.68299177678058,24135.141351389466,9.99753766289365,546.032540634204,0.1865017106600905,0.010417773366771887,0.48451340935921716,0.0155051388233464,0.2558345443669174,157.21739625,0.12251158145833334,20.0115655155724,650.0,70.0,814.5517676767677,0.10036192065991252,25.0,15.0,6.0,spur
c59e5834-fe57-4a14-8019-ace1a755e757,125.21353757232293,85415.06645932082,66.52458710589343,18056.862833353804,275.20665916308593,49331.76876536273,102.40621710415192,1101.4368329351896,0.23040460447990313,0.004595708748032407,0.49094360281797145,0.01851535955014102,0.21140720480739847,164.15329708333334,0.12934831958333334,20.0115655155724,1200.0,110.0,271.51725589225595,0.2509799004147781,25.0,15.0,12.0,spur
c5af5c29-9887-4338-b234-1d2dd5348170,129.16393968153855,76385.50653051962,64.83746857272415,8203.98771480118,273.90120158709635,50022.84266374188,102.63918278175817,1118.233625028259,0.0926545415301978,0.00517025832014941,0.5255017513301766,0.01830903979971531,0.10740669047778484,164.07975375,0.13065561291666666,22.505782674242425,900.0,50.0,678.7931397306396,0.2509799004147781,25.0,20.0,12.0,spur
c6734927-aa41-4c05-b01c-948be62cd352,96.36006229980471,58237.2546411964,62.1511783149858,11275.134664960948,175.72089947072314,34407.43451492712,46.911241161244796,773.0251797837853,0.16481976055318814,0.006999810309290824,0.49788262619191914,0.0170788856493991,0.19361116564432335,161.07335041666667,0.12631585375,20.0115655155724,650.0,70.0,814.5517676767677,0.16982541343694404,25.0,15.0,9.0,spur
c67593ca-b354-4ada-abc9-9a1e772abc91,99.41343076006184,60032.20284215916,61.301240020952754,11242.2524807848,187.14948185631744,35985.34792177852,53.97719218176411,808.5044173763386,0.14083328836726638,0.0070136637220328275,0.5012340425652357,0.017351058107097344,0.1872755140424379,160.60360749999998,0.12718135666666666,22.505782674242425,1200.0,70.0,678.7931397306396,0.16982541343694404,25.0,20.0,9.0,spur
c67953e4-87f2-49b5-ae9d-c0742c6bf67f,121.36565743501325,83247.66542602405,63.495315936432895,17655.908970357155,272.03981625925627,48554.24229048589,105.06492132895585,1086.1764329375785,0.20098545232249576,0.004961443115888048,0.49388578481765577,0.018359709583146033,0.2120951412146651,160.50826208333334,0.12983754458333333,25.011565351010102,400.0,110.0,271.51725589225595,0.2509799004147781,30.0,20.0,12.0,spur
c783df9f-0a3a-4dcb-b070-2f1018cd727f,44.407747638907466,30392.01543565848,52.42103120294469,10489.329121082787,44.78699989065905,15719.023769892667,-21.07274294233046,361.7486620929473,0.24176419897295875,0.017799402837752526,0.5139861620537667,0.013779656997800597,0.345135773586579,149.84755916666668,0.117840485125,22.517348022727273,400.0,70.0,407.27588383838383,0.04796556947260091,30.0,15.0,3.0,spur
c79640c7-6a9b-4fe9-87d5-85d04078a43e,125.14470603777801,79924.37321086584,64.03628741842356,11431.830534073873,274.78531968851667,50159.67887412337,103.07819356007053,1121.2549950597001,0.12715102817769364,0.004976344316119529,0.5139333427005472,0.018326427168123032,0.14303849949757833,163.31186499999998,0.12988143208333333,22.505782674242425,1200.0,70.0,678.7931397306396,0.2509799004147781,25.0,20.0,12.0,spur
c7a97a1b-1bda-4f91-ad7b-e2980f05139d,138.65244107914066,76479.67855850207,70.81680591619073,8438.445898333759,281.57217505420465,50275.010194720955,109.21958689534137,1122.5303501836377,0.09909000892411617,0.005316539492371633,0.5259602126551979,0.01957108728895077,0.11033986900384567,168.76891625,0.13818512791666668,25.011565351010102,650.0,50.0,271.51725589225595,0.2509799004147781,30.0,20.0,12.0,spur
c807ee6a-257f-49a3-a01e-d5a456d00840,66.69668210864832,42058.83922427502,56.7835214982626,10914.619185676795,97.49930750290518,23122.38220990101,4.95873828500343,524.9595385929105,0.1915521188424874,0.010261132449515993,0.4815812337953493,0.015111864483201435,0.2595114556010694,155.92313041666668,0.12389976183333333,22.517348022727273,900.0,70.0,678.7931397306396,0.10036192065991252,30.0,15.0,6.0,spur
c8426515-c8bf-4252-954f-a480d3323e0d,45.38119082338671,36364.674342612634,52.30036121324103,16464.752459308103,44.00601557889338,15615.981012203245,-20.381598898380783,359.8307622686611,0.29779117227430557,0.01596312952488426,0.4574008714722222,0.013508340802611018,0.452769046191031,149.67956833333332,0.118893076375,25.011565351010102,650.0,110.0,271.51725589225595,0.04796556947260091,30.0,20.0,3.0,spur
c84ba1f8-479c-4609-ad1c-546e226e241b,133.81687125728106,80983.38842189577,67.03036452264784,11597.202501952124,286.16426208727626,51334.5644993964,110.3702399896355,1146.838281830366,0.128432363013952,0.0050081571177609426,0.5150282065068392,0.018743169275082693,0.1432098982097199,165.67432125000002,0.132240825,22.505782674242425,900.0,70.0,407.27588383838383,0.2509799004147781,25.0,20.0,12.0,spur
c8a46b78-69f7-472c-8899-6adb4bc64d82,93.73413131049108,58786.724504167265,61.58551735525934,11274.563935559721,175.730961905739,34555.977375349816,47.41123148699548,777.767877375764,0.1471265998469592,0.007036026982733586,0.49766726998327004,0.017769053381980572,0.19179277975482376,161.06519791666668,0.13035358958333335,25.011565351010102,1200.0,70.0,678.7931397306396,0.16982541343694404,30.0,20.0,9.0,spur
c8c3f59c-7772-4a51-ad3b-133ff6d0c94c,44.706190852143756,33451.69860977792,53.34077896534766,13598.227959001233,43.20388525107593,15563.947005819258,-22.18629561002666,357.8378990461636,0.28933146226567763,0.016465760406818183,0.46289971297790394,0.01359151515351789,0.4065045651836572,151.09142291666666,0.11906943854166667,22.517348022727273,650.0,90.0,407.27588383838383,0.04796556947260091,30.0,15.0,3.0,spur
c8cae66a-e792-42fd-8637-b487a90ffeed,76.08261066090698,43830.268674186285,59.3595612020575,11052.979391281806,113.16993350641356,24879.192935486222,14.922587010586104,563.2282757493746,0.16289675848653196,0.010547396609901095,0.4928318745431397,0.015569933870302076,0.25218028676602694,157.89970416666668,0.12449088312500001,22.505782674242425,900.0,70.0,271.51725589225595,0.10036192065991252,25.0,20.0,6.0,spur
c90be59c-d4d7-4a3e-a17e-741ec69ff45e,116.81355038202936,78778.83765860845,62.87393091533484,14507.087107610436,255.32046824261147,46995.26241738093,91.66681625689111,1050.576393749344,0.18954462754185608,0.004908967663573232,0.5012020545747053,0.017503052689911792,0.18415463195535664,161.18985583333333,0.12646686708333335,20.0115655155724,400.0,90.0,678.7931397306396,0.2509799004147781,25.0,15.0,12.0,spur
c9c367d7-c337-422d-a35d-cebfc482071b,46.738852251436576,28097.454335327653,55.3530010247331,7666.051185710533,49.130735935647685,16223.95250660948,-19.13316387204411,371.7576815974582,0.17158477176178455,0.01921026771066919,0.5807775112205387,0.013927565685781533,0.27283922208229827,153.32102375,0.11997162866666666,22.505782674242425,400.0,50.0,814.5517676767677,0.04796556947260091,25.0,20.0,3.0,spur
ca2c33d8-dea0-484a-b543-04bd65163170,37.63594365224298,29541.00326650508,50.63505280441111,10480.755110731983,34.608771882712496,14694.335627692131,-27.234902978608886,339.19177359458564,0.2143083973640573,0.01696621007638889,0.508791663297033,0.011823009482035155,0.3547875022705806,149.72507583333334,0.11895346333333334,25.011565351010102,1200.0,70.0,814.5517676767677,0.04796556947260091,30.0,20.0,3.0,spur
ca7bb577-f0ea-40da-9cf9-0d0bc2350933,74.4031390066785,40331.08266259784,58.68160732368107,7888.7679863713865,109.25342018435438,24507.568214443552,12.0355030222769,555.064358535983,0.12185907861526728,0.011020230198495368,0.5113077024670665,0.01534320058855255,0.19560309139029475,157.77535958333334,0.12437266866666667,22.505782674242425,900.0,50.0,407.27588383838383,0.10036192065991252,25.0,20.0,6.0,spur
caab07ec-e2d7-4223-b8a3-c9237673d7d8,119.59244933638298,78296.12124161577,65.34200530732242,11530.706668111556,261.45877760766103,48331.569251356006,95.10423299932955,1080.3517460488697,0.13402690054447602,0.0050304499505681825,0.5108351232275359,0.018921985763330304,0.14727599869404145,164.72438041666666,0.13407881375,25.011565351010102,900.0,70.0,814.5517676767677,0.2509799004147781,30.0,20.0,12.0,spur
cad7f465-e02c-42b0-9fca-d32962bca73c,42.370549874229134,27490.29809187554,56.67543902234854,7772.908132864252,41.296168112421704,15403.563103043149,-23.47835203614545,354.11355365181817,0.17073445483796296,0.01829018700436658,0.561471579508628,0.01340573570610192,0.2827518665824577,155.4581625,0.12470451679166666,25.011565351010102,650.0,50.0,407.27588383838383,0.04796556947260091,30.0,20.0,3.0,spur
caf7f517-9c71-4cb5-a7c7-1cf932e3c31c,73.01461399298583,46151.01101677122,57.59670447305123,13999.771416318667,109.66342857175535,24387.134388785842,12.211805975944587,551.6221605299534,0.2292596154499158,0.010033584057870368,0.46874709159080385,0.01551882144832902,0.3033504648793232,155.55301458333335,0.12086155058333332,20.0115655155724,650.0,90.0,271.51725589225595,0.10036192065991252,25.0,15.0,6.0,spur
cb7da21f-819c-4bd5-8e48-d3735bced3fc,99.72648742190891,62066.231308347495,65.38644522115482,14704.505457471774,180.6139179914255,34755.58928990191,51.46185820106912,781.6034969274957,0.21867353815051557,0.006690177589120371,0.48379048021874993,0.01784455698565251,0.23692118157476882,163.38339208333335,0.13137639166666668,22.517348022727273,650.0,90.0,271.51725589225595,0.16982541343694404,30.0,15.0,9.0,spur
cbcbf616-fe35-471c-ac6c-3420a3d4092f,40.67381476822215,30019.338615707868,52.85444333527393,10609.832833769402,38.12252955832202,15065.175621470977,-25.872052903887084,346.3634325445796,0.24037174231839226,0.0170709779464436,0.4909522917584176,0.01271468783328828,0.3534341396841871,151.56904125,0.11955155433333332,22.517348022727273,900.0,70.0,678.7931397306396,0.04796556947260091,30.0,15.0,3.0,spur
cc492514-f00a-4736-8ce5-f0b8686676fc,124.52283913150882,74758.26403115397,66.91120858648337,8308.062399216222,261.78942432460286,48303.676727583406,95.85354202512985,1080.2885919396163,0.09797295651806609,0.005242848114688552,0.5231915373034512,0.018922965265488353,0.11113663008847761,166.16124625,0.13555227666666667,25.011565351010102,650.0,50.0,678.7931397306396,0.2509799004147781,30.0,20.0,12.0,spur
cc6d6ef8-0281-481b-b19e-768a51de8d97,96.47004505275297,62523.75488573078,63.995892700045076,14673.226071501815,182.09695770032138,35213.92221131678,51.953663001734476,791.2690387417815,0.18653395753277568,0.006819955988794191,0.4858888822877209,0.01805058564342327,0.23468803168714567,163.03584541666666,0.13235594333333334,25.011565351010102,650.0,90.0,678.7931397306396,0.16982541343694404,30.0,20.0,9.0,spur
cd1910f4-83dc-4dc2-b6e7-69e41d1a390f,119.75090095230063,84605.8585320987,65.36816474954436,18019.98533180312,264.79442643039414,48329.08582431466,96.51271735770776,1079.580769308922,0.23049770975078912,0.004558951744539142,0.48992321610795464,0.018208452822573454,0.21299330887989712,163.81804791666667,0.12901714833333333,20.0115655155724,1200.0,110.0,407.27588383838383,0.2509799004147781,25.0,15.0,12.0,spur
cd4c9f19-c4d4-4990-bf4b-172778fdf122,44.674411948606554,36377.675557520815,51.29893293357577,16406.726952199366,43.74939277353795,15637.71461711196,-22.61315033976222,358.52621564648615,0.3231392907433712,0.01595809610032618,0.4297215269107743,0.013279111001637069,0.4510119832680188,149.15206375,0.11457887033333332,20.0115655155724,900.0,110.0,814.5517676767677,0.04796556947260091,25.0,15.0,3.0,spur
ce2021cf-7b88-4b8f-a384-2c15fe431103,98.82044496831011,55710.28947368995,63.70525342749283,8153.280566708126,176.57210161421477,34623.296011866405,48.02648902835636,778.6134271967261,0.1087678852850484,0.007320152798263888,0.5138628962624159,0.017939498671249655,0.14635573910265776,163.06561125,0.13237631208333334,25.011565351010102,1200.0,50.0,407.27588383838383,0.16982541343694404,30.0,20.0,9.0,spur
cea37354-5ae3-4696-8585-289351f16cf5,67.70591652184342,39032.65671418391,56.18069222501123,7773.466474239986,98.15034482781718,23227.459921177415,4.715000408732166,526.2327749272046,0.13811294675957494,0.01085835380541877,0.5029967073747896,0.014758619955467258,0.19915551657824415,155.46932708333333,0.1207834405,20.0115655155724,1200.0,50.0,678.7931397306396,0.10036192065991252,25.0,15.0,6.0,spur
cf0e9301-bb0f-4072-96df-9463820d2391,71.54171771054489,48875.661283972084,53.541765812963014,16606.51820913595,113.39940418269303,24738.974417808717,16.12061462708971,560.458332485386,0.23257999404398147,0.010131378918634257,0.46335950398895215,0.015008128122920758,0.33977465965922216,150.9683475,0.11763868241666665,22.505782674242425,400.0,110.0,407.27588383838383,0.10036192065991252,25.0,20.0,6.0,spur
cf401b4f-c841-42b6-a4e7-933a5129d802,118.74681936099311,76338.31800098137,64.07302281256018,11408.719160356746,253.2123178712685,47004.490111123734,89.87256289472168,1051.1242397391925,0.15045900622637837,0.004984538216487796,0.5110355478436974,0.01773654447958827,0.1494539602430084,162.98170291666665,0.1282120475,20.0115655155724,650.0,70.0,678.7931397306396,0.2509799004147781,25.0,15.0,12.0,spur
cf9a7bb6-e9dc-41ca-91c0-60bc574a7411,67.20578358115293,38985.33155260916,55.809676500687544,7757.380491220477,97.65555565479407,23176.810081584674,4.425350636159543,525.3270868626867,0.13789754204429713,0.010848114379103537,0.5026792026885523,0.014717996692251331,0.19898470808181212,155.14760916666668,0.12046971695833332,20.0115655155724,1200.0,50.0,814.5517676767677,0.10036192065991252,25.0,15.0,6.0,spur
cf9d0f68-b883-4eca-9b9c-a9d7ca107e0d,92.63695640458106,60950.309991666414,62.504476808968235,14521.70464454471,169.61454663192706,33612.63830180762,44.21676153258176,756.1588858236619,0.21649456557596802,0.0066457012527251684,0.48194974546675085,0.017278904546456683,0.23825972887934824,161.35227333333333,0.129333035,22.517348022727273,900.0,90.0,407.27588383838383,0.16982541343694404,30.0,15.0,9.0,spur
cfb4fe63-57ba-4804-8c4d-36bae5af8f17,119.0154939496635,80420.40942612416,66.3914200638839,14859.529860475035,253.9136074449434,46984.33698938222,91.00782202251006,1051.0768705574062,0.20184982918055558,0.004740393773474326,0.4979660269236111,0.01852322042873078,0.18477857824390423,165.10588625,0.13310763291666666,22.517348022727273,1200.0,90.0,407.27588383838383,0.2509799004147781,30.0,15.0,12.0,spur
cfd95a18-0033-46d2-a610-0a562ae5984c,43.6196378877123,36175.704317322794,51.7479735000078,16482.48222114222,41.15800917271053,15357.96153553609,-23.430713515886648,353.381391251667,0.33189867898263886,0.015427971022032829,0.42789074103598485,0.01315305207612973,0.4556241059629494,149.8407475,0.117826032875,22.517348022727273,900.0,110.0,678.7931397306396,0.04796556947260091,30.0,15.0,3.0,spur
d0cc2116-0641-49fb-a61b-81ec5e63a641,117.30943445568198,83820.84370205486,66.4494221362038,18147.744594154097,256.9462202666889,47297.19782384084,93.11467460521851,1058.273054354051,0.24366865659169823,0.004569401089762205,0.4881997691012101,0.018546860601983017,0.2165123029222172,164.97949624999998,0.13298517166666665,22.517348022727273,900.0,110.0,407.27588383838383,0.2509799004147781,30.0,15.0,12.0,spur
d1c19185-bbb7-4bf2-b4c3-631c181b7d20,75.49009031237506,40390.402202143414,59.18032014570008,7904.400899643722,109.5324970340172,24511.282630037556,12.419470056564457,554.9502779974791,0.12187169214962121,0.010981118687373738,0.5110509760006312,0.015372782782210052,0.19570295105001823,158.08801624999998,0.124675693125,22.505782674242425,1200.0,50.0,271.51725589225595,0.10036192065991252,25.0,20.0,6.0,spur
d22585e4-d2be-42e4-8a6f-f691cb44702c,46.29533611993136,36607.60234533182,51.21964653542559,16343.766741555606,47.13188881085287,15971.796796580775,-19.774634233446477,365.6971645149354,0.29401484918434345,0.01638584076237374,0.45873293273653193,0.013323583590949931,0.4464596749576477,148.57969833333334,0.11525412733333333,22.505782674242425,900.0,110.0,271.51725589225595,0.04796556947260091,25.0,20.0,3.0,spur
d23df16d-ccdc-4848-8157-d5b70c9d3b51,102.74480986572108,55552.79861290674,64.42266595962339,8155.404819210248,178.240536576192,34661.07051398968,48.51183563076242,778.7893380906579,0.12166586198133415,0.007257702479692761,0.5139670060940656,0.01733119301655637,0.1468081219916385,163.10809708333332,0.12831583833333335,20.0115655155724,1200.0,50.0,271.51725589225595,0.16982541343694404,25.0,15.0,9.0,spur
d2802d07-a955-441a-afe1-c501a34af17e,101.77686110384572,62387.306756832695,64.91329600987311,14633.092927145923,188.34849245106972,35606.97507727878,57.60967596127471,799.5463917527801,0.1865588609068287,0.007014816819402357,0.4894036526825547,0.018011119358829583,0.23455763415751016,162.58992125,0.13191186666666668,25.011565351010102,400.0,90.0,271.51725589225595,0.16982541343694404,30.0,20.0,9.0,spur
d3c68347-d27d-46ef-b574-3d4936c67439,44.04184187962098,35828.25860454164,46.17100387019323,15712.355802332107,47.20088793268813,15943.377249163956,-19.42310861086847,365.40777190702664,0.28583778196727694,0.01692425166671928,0.47914883936111113,0.013099602824639449,0.43854801987388065,142.83959666666667,0.109638276875,22.505782674242425,400.0,110.0,814.5517676767677,0.04796556947260091,25.0,20.0,3.0,spur
d3cef33e-4cf3-456e-9880-376befe28002,42.35153905154185,33120.22676358069,52.29561157697311,13563.51649118621,39.68942469875995,15216.906700143953,-24.659819034190487,349.7600677391133,0.28806226850263045,0.01621142118934133,0.4559555979114058,0.012938454477002776,0.40952466256695597,150.70573833333333,0.11868959216666668,22.517348022727273,900.0,90.0,678.7931397306396,0.04796556947260091,30.0,15.0,3.0,spur
d40c4d3a-1531-4867-a5db-3ba280884627,126.0576862893044,74043.71745976403,67.66220898031673,8324.952957219126,262.65590281845925,48199.748106138635,97.50859464281805,1077.4227894830071,0.09860673216436239,0.005343084995801768,0.5247777700923821,0.018730612525418834,0.11243694625994527,166.49905916666668,0.13593323125,25.011565351010102,400.0,50.0,678.7931397306396,0.2509799004147781,30.0,20.0,12.0,spur
d452e6c9-3ac5-4e96-ae8e-ed3be57d74ae,72.61436678084495,40138.53989907914,57.688717583762426,7847.303463368626,107.23218637880339,24297.157057345376,10.759019467619108,550.7017637585797,0.12112078671569868,0.010971776560837542,0.5111060614136153,0.015168427207155851,0.19550838431990405,156.94607041666666,0.1235567815,22.505782674242425,900.0,50.0,814.5517676767677,0.10036192065991252,25.0,20.0,6.0,spur
d46b1a2d-49fc-413b-837f-8d80e2a5f571,71.92705615117669,49466.62492126224,57.340741059141465,17101.775701347677,110.80335384134767,24539.519985714553,12.751513333533973,554.9379101347905,0.2711273596026936,0.009489783544560185,0.45097914003587963,0.01568453241611169,0.3457272007110232,155.47068833333333,0.12078538379166666,20.0115655155724,650.0,110.0,678.7931397306396,0.10036192065991252,25.0,15.0,6.0,spur
d48e8c6a-71eb-48cf-a9b6-c38acf61a91b,38.08006532881558,26861.934874039598,51.81142716881146,7547.464276970489,36.74775627784518,14946.96272612738,-27.316086536896567,343.78363092760316,0.18443778948768935,0.01851706391335227,0.5316190727662038,0.012226178030333445,0.28097321404501335,150.94928458333334,0.11634322112500001,20.0115655155724,1200.0,50.0,814.5517676767677,0.04796556947260091,25.0,15.0,3.0,spur
d4b004ad-c8ce-4775-83af-9b60d87ec44f,119.13971207319914,75569.83561038687,63.51119994925214,11342.594085372912,253.7084468867715,46880.775605771465,90.5733065914271,1048.0127143043403,0.1501247537661932,0.005090665911405725,0.5121752701374158,0.0175436321036727,0.1500985744236132,162.03705791666667,0.12731306458333333,20.0115655155724,400.0,70.0,814.5517676767677,0.2509799004147781,25.0,15.0,12.0,spur
d528b588-5273-4781-97cf-19cf667c4fef,65.87561130847705,38690.844727858086,56.74105293353765,7805.00699398185,94.8564378593188,22846.755830292183,2.9861821584774733,518.1802811989304,0.1429413456647727,0.010811734184806398,0.5026113223693183,0.014897480219809947,0.20173019590841604,156.10014041666668,0.12408177354166666,22.517348022727273,900.0,50.0,814.5517676767677,0.10036192065991252,30.0,15.0,6.0,spur
d5c253b3-8a61-4268-8a5a-4cf61d0b0764,71.17581364471613,46651.75286272861,56.30620278047138,13982.890591432151,110.3837516971121,24633.337715872913,12.60868601110536,556.9927312285299,0.19971502089257154,0.009997855449505473,0.4708266667525253,0.015340757891785607,0.29973298149635486,155.36545166666667,0.12198020483333333,22.505782674242425,1200.0,90.0,814.5517676767677,0.10036192065991252,25.0,20.0,6.0,spur
d5f0389b-fb54-4fe9-8c27-f2d9bb2c5a98,69.068649099042,39092.02999752032,59.01209780199731,7905.578109846702,98.62220619071884,23246.90667175538,5.425877610531411,526.7327333029908,0.14412471378540617,0.010875545443297559,0.5052296363182871,0.015280055638786606,0.20223250811615678,158.11156333333335,0.12609676666666667,22.517348022727273,650.0,50.0,678.7931397306396,0.10036192065991252,30.0,15.0,6.0,spur
d63ddcdc-c362-491e-8c7f-a3f53377912f,95.4781599105728,65961.99758972359,63.87934303710825,17905.57264350338,184.21153235282225,35433.63557592454,53.501157101279595,796.1053087772212,0.2232001431117424,0.006560367791635101,0.47339193242187505,0.01813397806672367,0.27145882290120077,162.7779325,0.13209270583333332,25.011565351010102,650.0,110.0,678.7931397306396,0.16982541343694404,30.0,20.0,9.0,spur
d6c60813-314f-42a4-8d76-ade8d1ee88c9,94.68834626477546,61527.20273693965,61.428062561153865,14421.211789296374,175.56815723419902,34359.74841314424,46.93746242719264,771.6071182319303,0.20634365735900675,0.006648713272095961,0.48342140797074923,0.017011238818329978,0.2343924771494725,160.23568666666668,0.12547355625,20.0115655155724,1200.0,90.0,407.27588383838383,0.16982541343694404,25.0,15.0,9.0,spur
d7602457-04af-4df0-9ac9-5ee4fd2d6295,100.22577038385627,62532.98192767891,61.47207019115945,14374.116070795542,190.70574408710303,36104.384469230325,57.66392728925512,811.0758257593044,0.17694704135279882,0.007016309032649411,0.49180461359490746,0.017112330761400577,0.22986975096088116,159.71239833333334,0.12631933291666667,22.505782674242425,400.0,90.0,678.7931397306396,0.16982541343694404,25.0,20.0,9.0,spur
d7e345a2-130a-400e-875a-8186294600de,44.535184373702755,27695.644534945197,56.2864577315485,7718.013107735955,44.921724189221365,15768.403479593893,-21.493882973787017,362.79932561342025,0.19083482040340907,0.01872826987594697,0.5553477669297139,0.014050432255296195,0.27867362633147313,154.36026291666667,0.12234705779166666,22.517348022727273,400.0,50.0,678.7931397306396,0.04796556947260091,30.0,15.0,3.0,spur
d7e7b2e5-2961-4e81-91fb-8ce68c16bda1,44.99243282699359,33284.8859911757,48.40172702347044,13084.23781520661,47.84429497822762,16029.643833229886,-19.111866601924397,367.887600393582,0.253105578523569,0.01758794476912879,0.5097297161462543,0.013302078367089139,0.39310006252673896,145.38042041666668,0.11213338345833333,22.505782674242425,400.0,90.0,678.7931397306396,0.04796556947260091,25.0,20.0,3.0,spur
d8376a10-62c9-46af-b15c-53e1c3540561,114.25550672428504,83180.6168104314,63.47903761717658,17844.077523192947,256.8925255603155,47410.94574996438,92.119503078769,1059.975418601184,0.22934206932091752,0.004609127684806397,0.49009063499179295,0.01780063799839343,0.21452781689734593,162.21888625,0.12745857708333333,20.0115655155724,650.0,110.0,814.5517676767677,0.2509799004147781,25.0,15.0,12.0,spur
d83a3086-4061-43e7-8c23-ace135a5d6a3,73.21234584522183,46903.3893250853,57.55383695925161,14075.281967211105,112.56397162378784,24853.496430703104,14.313496925115416,562.937810192146,0.20058356924295032,0.010033526383385942,0.471826233861532,0.015525404747788442,0.3000948313408802,156.39202041666667,0.12299063591666666,22.505782674242425,1200.0,90.0,407.27588383838383,0.10036192065991252,25.0,20.0,6.0,spur
d8be0b29-ada6-4ab4-a395-52587cb5aede,121.81147903291468,74793.46186470533,65.46877505868063,8246.878187731572,259.36617237580566,48099.154534391935,93.88657480930787,1076.4860992357726,0.09739693583823653,0.0052099928377314815,0.5226943409934238,0.01886539351495196,0.11026638167091872,164.93756249999998,0.13429700749999998,25.011565351010102,900.0,50.0,814.5517676767677,0.2509799004147781,30.0,20.0,12.0,spur
d8ec5e73-e6b1-4ebd-b5d6-4e87fb140a91,44.71765830292367,30486.538038414237,53.1842064358938,10550.30624410654,44.9469330758441,15741.890840108632,-21.017311490492744,362.3714593006282,0.242253284065867,0.017739953234848484,0.5122541918486954,0.013828961147652651,0.346065806983673,150.71865875,0.11871416624999999,22.517348022727273,400.0,70.0,678.7931397306396,0.04796556947260091,30.0,15.0,3.0,spur
d9098b6c-d31b-4e2d-8665-0a04ed697ba4,64.7742609532069,44983.790492258384,55.050687897894065,13875.454556092176,96.74907686907318,23032.692010233233,4.505440245677648,522.5277918346283,0.2357186095157828,0.009734230349863215,0.46201048877199075,0.014981366652301141,0.308458019515237,154.17171708333333,0.12214437329166666,22.517348022727273,1200.0,90.0,678.7931397306396,0.10036192065991252,30.0,15.0,6.0,spur
d90ac6ac-2843-48c3-8628-97b5ac06c484,45.05096788046741,27848.980513959734,55.78692358373908,7699.638982812953,45.84501317880738,15887.421889248502,-21.94020175071779,363.9037292454365,0.1879336214011995,0.019010361686973908,0.5509507683186027,0.013937860509624679,0.27647943320847895,153.99277958333332,0.11931960116666666,20.0115655155724,650.0,50.0,271.51725589225595,0.04796556947260091,25.0,15.0,3.0,spur
d91db57f-2811-4a09-b4f5-b145b9409749,69.67896832903739,49454.74044893589,57.99229781018514,17256.433386009394,107.1442624410897,24195.924707790142,11.651125825372167,548.2547747630038,0.24566998378030303,0.00953906120116793,0.4527217757004419,0.01593035165179271,0.3489379380489875,156.87666791666666,0.12612891458333333,25.011565351010102,900.0,110.0,678.7931397306396,0.10036192065991252,30.0,20.0,6.0,spur
d93f1245-6046-4ece-ae91-3303b05e32b7,42.37505724139703,35383.74111890887,44.67548337650934,15532.10664925716,44.93126889410413,15702.614698064812,-21.36034170860436,360.760486067945,0.31617845045212545,0.01675230020050505,0.4527096933291246,0.013158291882397064,0.43896327725874046,141.20096958333332,0.10682666758333333,20.0115655155724,400.0,110.0,678.7931397306396,0.04796556947260091,25.0,15.0,3.0,spur
d967caea-487a-41a6-8369-574b9447e897,71.5011501627595,43352.09418724206,56.63387143141806,10907.654067797705,108.34157378408725,24416.26876401446,11.541196484205857,553.583558226667,0.1615871134861111,0.01045454240774411,0.4886410522018098,0.015207131057856491,0.2516097162456618,155.82363041666667,0.12243476829166666,22.505782674242425,1200.0,70.0,678.7931397306396,0.10036192065991252,25.0,20.0,6.0,spur
d97a7201-eb7d-4e4f-99da-57e675d40a96,91.29410350510905,64400.14553709095,62.164876612680416,17708.219040642194,173.12953005395153,34041.006228096085,46.20241502654046,765.4588081586145,0.2596524606671402,0.006386662456397307,0.46969737280092594,0.01739355650136891,0.2749769988550343,160.98380749999998,0.12897068166666667,22.517348022727273,650.0,110.0,678.7931397306396,0.16982541343694404,30.0,15.0,9.0,spur
d992e8c0-0aef-4b5b-9ca1-299c7bad4921,36.650793553447386,26606.722186653016,52.126949922492784,7569.3176013075135,34.29018746559755,14672.056477067714,-27.756345236734465,338.5534577956077,0.16759069308270197,0.017917868760995367,0.5508139460164141,0.01194761078196262,0.284489622289664,151.38635374999998,0.12060614204166666,25.011565351010102,1200.0,50.0,407.27588383838383,0.04796556947260091,30.0,20.0,3.0,spur
d9a84e7f-40dc-492e-9ddf-2babc1592c5e,38.122710959185405,26863.49792984727,53.456745033039695,7633.1366854155285,36.236436744403996,14880.358067082992,-26.738492819828867,342.6223349228615,0.16840336293939392,0.018017829113583753,0.5533236923200757,0.012308412031307359,0.28414599036854615,152.66273416666667,0.12190432720833333,25.011565351010102,900.0,50.0,814.5517676767677,0.04796556947260091,30.0,20.0,3.0,spur
d9b236b4-eb19-4bed-9af8-a75bbf694e87,38.4636192234849,26970.346111745443,51.67239939436222,7545.394666055592,37.67597107193583,15050.533298860288,-26.417048701815016,345.25036015076483,0.16499164044255052,0.018541223086279462,0.5518299939446547,0.011979060918721146,0.27976707447477694,150.90789416666667,0.11757445029166667,22.505782674242425,1200.0,50.0,814.5517676767677,0.04796556947260091,25.0,20.0,3.0,spur
d9d39897-2e6f-439a-ac4c-a2e2d56ab384,129.44349285822963,78475.46809612382,69.63352717578806,11744.8074501488,266.4782051634966,48390.01269622919,98.68118714504365,1082.0692344358401,0.16067700041442548,0.004957031979029882,0.5105146466423612,0.019057405153276998,0.1496666518491734,167.78296291666666,0.13580845916666667,22.517348022727273,1200.0,70.0,271.51725589225595,0.2509799004147781,30.0,15.0,12.0,spur
d9f704ba-c574-468e-8642-f96eb3f8fa15,43.24142625817478,30539.01431641796,53.12961709036846,10626.129296454625,42.70587922419156,15563.548410903068,-23.04007169256431,356.97024931227844,0.21477716425662874,0.01769016160558712,0.5159151021646674,0.01283355173074006,0.3479536200568735,151.80184833333334,0.11843922045833333,22.505782674242425,1200.0,70.0,407.27588383838383,0.04796556947260091,25.0,20.0,3.0,spur
da3c927a-f379-4344-9c1f-2f297fd4ef0b,118.11325836906789,85212.16536543005,66.60130794098689,18209.504300718658,267.4932423537346,48896.17487677978,99.83544468113223,1092.156516101996,0.205309699833649,0.004721396351409933,0.4909180042483691,0.019038544391765173,0.21370275760763344,165.54094875,0.13491657916666666,25.011565351010102,650.0,110.0,678.7931397306396,0.2509799004147781,30.0,20.0,12.0,spur
dacd923a-5e44-4a53-9f8f-95e5703d5a72,113.50532655673236,79092.9899241348,64.60368693966979,14722.612242633395,247.02206547608827,46193.55184021092,86.77514178168393,1033.4877099525181,0.2009185891475168,0.004792029061374158,0.49817818815814413,0.01806669035173701,0.18614849303383893,163.58457833333333,0.13160664875,22.517348022727273,650.0,90.0,678.7931397306396,0.2509799004147781,30.0,15.0,12.0,spur
db06b4ff-32e2-48c2-bc74-76fe00f05094,95.5532562851807,54585.24781143686,61.30211186873984,8028.312875489551,170.36930927408144,33834.984247607026,43.334010872784454,759.68648770881,0.12052035371072181,0.007275619912426348,0.512518139677399,0.016822624471902196,0.14708201522671036,160.56625666666667,0.1258119775,20.0115655155724,900.0,50.0,678.7931397306396,0.16982541343694404,25.0,15.0,9.0,spur
db43268a-c24e-4a63-9434-33cb6ffcf755,72.46786614829762,39671.71436273069,59.09572803801579,7898.733160420976,104.40271781960358,23898.52931138256,8.4486803827139,540.4994437745855,0.13973166703672135,0.010978560026483584,0.5070354533312289,0.01537450492521992,0.1991050137692227,157.97466125,0.12325844345833332,20.0115655155724,650.0,50.0,678.7931397306396,0.10036192065991252,25.0,15.0,6.0,spur
db5decf9-be8f-41e6-b19f-cde647baad2f,100.9054221335646,55120.93151534034,65.26128869726018,8200.864192841322,172.83929361599039,33989.125074842574,46.08618261392701,764.6930507023436,0.12740216325619738,0.007247581155366161,0.5122424321847643,0.017678227206695044,0.14878310200497127,164.01728416666666,0.13201076874999998,22.517348022727273,1200.0,50.0,271.51725589225595,0.16982541343694404,30.0,15.0,9.0,spur
dba147be-158f-4f0c-9fb8-adcbda631405,71.19947436070989,45485.95828782589,57.28706124272945,13947.646596384853,106.01732381058473,23908.540069742554,11.526688767779804,542.7468794767061,0.238330490035564,0.010100353516035353,0.46961427946664563,0.015520715496924853,0.306639728224834,154.97385083333333,0.12295335475000001,22.517348022727273,400.0,90.0,271.51725589225595,0.10036192065991252,30.0,15.0,6.0,spur
dbde8cd0-94c2-4294-a1bd-cf237a99201c,128.9801607280056,76006.45379354704,65.03135631504398,8208.209369365304,273.3327918726152,49884.7381765415,102.48227557441105,1114.5216571672363,0.09281898987946127,0.005208628893497475,0.5259486573657406,0.018216363299812743,0.10799766866563797,164.16418625,0.13075964833333334,22.505782674242425,650.0,50.0,814.5517676767677,0.2509799004147781,25.0,20.0,12.0,spur
dc2a8f10-3f2e-4bc3-b704-aacd29a89bbd,124.4510108500128,86671.07777855209,68.7807229371838,18407.30759728023,276.81035210437045,49938.648950073606,105.82250925374011,1115.2503360269886,0.20644771754093016,0.004687474021296297,0.4911733850335649,0.01952998211334234,0.21238798003001805,167.33915958333333,0.13671456916666666,25.011565351010102,900.0,110.0,407.27588383838383,0.2509799004147781,30.0,20.0,12.0,spur
dcc94b2e-6366-4ce0-b662-6ec57555501f,46.495225881355054,31001.18470486815,54.363716576247924,10663.933270580716,47.578635508097655,16054.663189902996,-19.822845372910535,368.29415737289486,0.21405327006828703,0.018016968645044193,0.5297923198390151,0.01361917811358692,0.34398595996377557,152.34190458333333,0.11898424441666666,22.505782674242425,650.0,70.0,407.27588383838383,0.04796556947260091,25.0,20.0,3.0,spur
dcccd3d6-ded1-4c95-99e7-959eaa817986,133.23778361208764,75001.99451938049,67.68400618796886,8291.114705275448,269.470570636481,48807.28484969793,99.03018490968881,1089.7328681002007,0.11018468224126682,0.005193397143002945,0.5244200549771675,0.0184738355068325,0.11054884634929311,165.82229291666667,0.13101305375,20.0115655155724,900.0,50.0,271.51725589225595,0.2509799004147781,25.0,15.0,12.0,spur
dd1a5945-1b56-4b24-a9a1-cbdffee7999e,68.12765433200235,48712.485248729405,57.06488356574967,17121.968958841666,102.36985870616478,23609.348084467856,8.572232244039887,536.1298047805668,0.2814540851406776,0.00929203660272517,0.4478862435196233,0.015493461904205046,0.35149393406837776,155.65426541666668,0.123620899,22.517348022727273,900.0,110.0,407.27588383838383,0.10036192065991252,30.0,15.0,6.0,spur
dd53871e-f497-420a-b363-b645d9960223,122.18305565058594,84036.000866961,64.15212686439816,17776.281586905883,271.2652338129251,48721.6420462683,100.3973823159513,1088.6286809868245,0.22823445156434133,0.004689648588552189,0.49145026381118473,0.018123827912072944,0.21153747323881575,161.60256125,0.1268337825,20.0115655155724,650.0,110.0,271.51725589225595,0.2509799004147781,25.0,15.0,12.0,spur
dd5c9bdb-6781-426d-b712-96abb1669135,45.52529135599167,36590.88294510221,51.63719337160042,16447.383567377587,45.38362858190533,15807.993151439694,-20.753542089781998,362.98930803020676,0.2909216281772937,0.016263091376736108,0.45331908997180137,0.013091568348774698,0.4494952317279923,149.52167041666667,0.116198927625,22.505782674242425,900.0,110.0,678.7931397306396,0.04796556947260091,25.0,20.0,3.0,spur
dd70fde0-fbf6-4039-871a-a5036bede4bc,99.48767400359402,54898.07519474267,63.15505194419712,8100.065095966355,175.14005177219022,34314.56419235546,46.51200078183157,770.2094897055466,0.12128757458707914,0.007347150563310185,0.5142640810128367,0.017067486527969924,0.1475508354338261,162.00130041666668,0.12723123666666666,20.0115655155724,650.0,50.0,407.27588383838383,0.16982541343694404,25.0,15.0,9.0,spur
dda00b49-7da0-4c00-80c0-8f8bf52af945,111.52411086717231,75194.37976636893,62.84441710838148,11352.103115067235,239.47050413649453,45360.93226120348,81.73520593727204,1015.1790722199893,0.1572353040162353,0.004969041510279882,0.5083951918976747,0.01779368179546854,0.1509749041167052,162.1729025,0.13017720666666668,22.517348022727273,900.0,70.0,814.5517676767677,0.2509799004147781,30.0,15.0,12.0,spur
dddb1514-8ac6-4127-96a3-14b94a3d4c11,45.50596966743887,36422.15117548733,50.81593651182745,16298.250088656663,45.80941978364866,15837.458463974284,-21.310409552378538,362.95789310830696,0.32271985022159094,0.01617956835089436,0.43568659249568603,0.013598737036586948,0.4474831073740604,148.16590916666667,0.113618442125,20.0115655155724,650.0,110.0,814.5517676767677,0.04796556947260091,25.0,15.0,3.0,spur
de0d7baf-bdd3-4897-8242-bbcab531563d,46.09084621165415,30749.008859848767,51.63488697962178,10433.165696169157,48.5300640614032,16127.483635026649,-18.98925815808017,370.02510824659294,0.21293747213047134,0.018361712696022728,0.5438851638489057,0.013579246965335003,0.33930235657658386,149.04522375000002,0.115744171125,22.505782674242425,400.0,70.0,678.7931397306396,0.04796556947260091,25.0,20.0,3.0,spur
de78dbb1-8330-42b6-9bc9-485765251335,99.22624480060135,63481.78016549364,61.973499444924585,14490.840933334119,190.4538636497825,36314.005337939634,56.331331445318675,815.6468005554688,0.1771050067685185,0.00678135019074074,0.48905832298379637,0.017469948655087896,0.22827330216666178,161.00934208333334,0.12758677125,22.505782674242425,900.0,90.0,678.7931397306396,0.16982541343694404,25.0,20.0,9.0,spur
df016081-1f2b-4872-8909-0e4627d9dad5,89.93575256943606,63980.35362224834,61.35665857559488,17620.69878693152,168.2777529779826,33440.89971325268,43.61881401264853,752.7476685418111,0.2583665012941393,0.006343087438804714,0.4686686409415193,0.017177366527541708,0.27541335482308565,160.18816999999999,0.12815889125,22.517348022727273,1200.0,110.0,407.27588383838383,0.16982541343694404,30.0,15.0,9.0,spur
df0743cf-62b0-4d60-8928-3a1c4a8f7d1f,71.85342523888013,49507.456045338775,57.49248554807941,17126.05375169773,110.69134364681568,24535.419580183716,12.558564728301235,554.4469327531522,0.2712525002522096,0.009470883058501682,0.4502082728220749,0.015707988931258382,0.3459324394888417,155.69139708333333,0.12100429950000001,20.0115655155724,650.0,110.0,814.5517676767677,0.10036192065991252,25.0,15.0,6.0,spur
e0083d66-398f-4743-b58b-599f107c1dc3,126.68708034869374,79860.24494501836,64.77759180361178,11472.759502945066,276.0634919257261,50243.21618145483,104.05136992363249,1122.6545794067608,0.12753798052720958,0.004999269266782407,0.5141386713728431,0.018344772634608396,0.14366574358976616,163.896565,0.13047059166666666,22.505782674242425,900.0,70.0,678.7931397306396,0.2509799004147781,25.0,20.0,12.0,spur
e0183828-eb20-4f01-98c3-890ff1275659,42.10283660454549,33113.59280779107,52.59795127525594,13605.332998875218,39.24249013479125,15164.55713624732,-24.108879892458297,349.2063831404173,0.25909817635006316,0.01632804024389731,0.4772339895843855,0.012705144479156655,0.41086948488099845,151.17036708333333,0.12040222304166666,25.011565351010102,900.0,90.0,814.5517676767677,0.04796556947260091,30.0,20.0,3.0,spur
e051d04c-dea0-4a90-b585-30ac9ed7c5a0,68.50762903800207,45867.06398946722,57.26396981996974,14068.579467233072,103.0098333849822,23741.586797529733,9.281635504016199,539.6784355562237,0.20757072646611952,0.009936582287710436,0.4677281063892045,0.01561191759427593,0.30672892253980505,156.31754958333332,0.12555968875,25.011565351010102,1200.0,90.0,407.27588383838383,0.10036192065991252,30.0,20.0,6.0,spur
e05c6179-4c19-4bbc-8845-a0a77a8ef3c1,42.85679846470977,27572.511774552553,55.21989730427352,7694.407400551668,42.57051678385595,15555.476069302093,-23.816537924137624,357.3721432884424,0.18708606101462547,0.018757419089593854,0.5402629200347222,0.013396967412150363,0.27906176610862027,153.88814833333333,0.11921636870833334,20.0115655155724,900.0,50.0,407.27588383838383,0.04796556947260091,25.0,15.0,3.0,spur
e08551b7-0eab-444a-bd80-8cbb3eff1c9e,122.08725547286201,75075.58813358369,61.701883373268,11141.64157128762,257.86752990273027,46950.20846021234,93.17242902223963,1049.574794658103,0.14826260665500843,0.0052093783288089225,0.5133526249099326,0.017329300996400315,0.1484100701090953,159.16630999999998,0.12445313483333333,20.0115655155724,400.0,70.0,271.51725589225595,0.2509799004147781,25.0,15.0,12.0,spur
e0c58d3f-8cec-4a15-91b1-30815202c653,124.10058860639775,82957.43157320331,64.76267123857133,14729.310874956302,277.7883397243418,50348.90366011178,105.4893409768884,1124.9049459802025,0.16169920355703915,0.004871388654061448,0.5043989242437396,0.018295953553371304,0.17755861660785832,163.65900791666667,0.13025159,22.505782674242425,650.0,90.0,814.5517676767677,0.2509799004147781,25.0,20.0,12.0,spur
e0cc21d6-2a2e-473b-9e86-8433c6905bf3,131.7291213796387,74873.03254495306,69.78183228624542,8407.234457653709,263.6384075686594,48111.78977434311,96.59339809883825,1075.0554348704295,0.1167267409840804,0.005163414238489057,0.5226894418689498,0.019016080309724914,0.11229033085012807,168.14468875,0.13617579999999999,22.517348022727273,1200.0,50.0,271.51725589225595,0.2509799004147781,30.0,15.0,12.0,spur
e0cd24b0-cc4a-4d36-b6e4-0674b11a6151,43.751355463527744,33002.11525730177,49.407015305085146,13176.873510180545,44.404058776138875,15655.615039006787,-20.917528435506245,360.7727537432931,0.28600987182638893,0.01697514589178241,0.4778826965345119,0.013552760139074542,0.3992751041152056,146.40970583333333,0.11442255441666667,22.517348022727273,400.0,90.0,407.27588383838383,0.04796556947260091,30.0,15.0,3.0,spur
e0fb3dc5-c5f3-4c35-8571-d2ed051d5165,71.05555520918128,45567.292916012986,57.41797513909741,13978.625368939007,106.09925464954387,23943.939052062586,11.17860524605581,542.2571162601298,0.2385658147346381,0.010076814219118267,0.46920793288731066,0.015576497254715098,0.3067723011063555,155.31806,0.12329967125,22.517348022727273,400.0,90.0,407.27588383838383,0.10036192065991252,30.0,15.0,6.0,spur
e1590756-476b-42ea-af6f-b18c29b877b3,103.48206755954233,60344.220277111475,63.38619283339181,11360.46559141884,191.13167661920934,36360.01281687017,56.81106894427516,816.3530694534196,0.14184643861300505,0.007055755499515993,0.5025625870859639,0.017550986728061088,0.1882659252582269,162.29236541666668,0.12886365916666667,22.505782674242425,900.0,70.0,407.27588383838383,0.16982541343694404,25.0,20.0,9.0,spur
e19ec073-a907-4be3-a81c-11fe14206afa,71.9442576664693,42279.91428257006,55.623545327942544,10737.790692102231,106.6298334606453,24005.97849947224,10.766276460670996,543.4801280656778,0.18469861729687498,0.010824843635574496,0.4913335505594486,0.015057831828559985,0.2539722475393648,153.39700958333333,0.11875289945833334,20.0115655155724,400.0,70.0,271.51725589225595,0.10036192065991252,25.0,15.0,6.0,spur
e1b1d2fc-8042-44ce-96a9-373e296fc3e2,133.4269592718011,74342.6982117225,67.310810653432,8244.229899715814,273.09560331338326,48964.64934117502,105.34012334032158,1095.503392385504,0.09785028538893098,0.0054714851287984015,0.527121082639415,0.01873885186082341,0.11089878331129703,164.88459874999998,0.13427060041666666,25.011565351010102,400.0,50.0,271.51725589225595,0.2509799004147781,30.0,20.0,12.0,spur
e1bfdaa1-455f-498e-8a48-0d95d203562d,94.04660082891313,64946.24116928573,61.58835635875811,17616.113834720218,179.98841587439068,34839.3081651546,49.613490408587104,781.901790961624,0.24684593788115528,0.0064330745497685185,0.4720446675042614,0.01718987037040725,0.27124661234449027,160.14648916666667,0.12539421208333332,20.0115655155724,650.0,110.0,678.7931397306396,0.16982541343694404,25.0,15.0,9.0,spur
e1f5ee76-000d-4f60-b2f7-5649074bb0e4,71.37635562825956,42831.670818341394,57.90446251116331,10966.653337291113,104.96576567795692,23948.810127698667,8.924173582414959,541.665103375463,0.18567359192040192,0.010388272871580388,0.4843650154709596,0.015317682406271405,0.2560438247840506,156.66647625,0.121957714,20.0115655155724,900.0,70.0,407.27588383838383,0.10036192065991252,25.0,15.0,6.0,spur
e29c8f88-6648-4c73-bd67-7887bab49998,93.78552980581402,63500.64436201346,58.30059188517276,17114.443170232444,179.37882957972633,34436.108395895215,50.14922092000009,773.5070644027916,0.24229907673753162,0.0066883051724747474,0.47436587508638467,0.01662001968312292,0.26952120460532186,155.58584666666667,0.12090341358333334,20.0115655155724,400.0,110.0,271.51725589225595,0.16982541343694404,25.0,15.0,9.0,spur
e2e1ad4d-be4b-4fa8-90f1-ff4a1a2a452e,67.2365627810715,45416.260338713204,56.832522133634846,14020.642281082326,99.96416303126483,23382.415492056607,6.597944982548489,530.6306316969584,0.23743668814930555,0.009750665226883419,0.4633533549462332,0.015301275608203093,0.30871754628551146,155.78491416666665,0.12375932620833334,22.517348022727273,900.0,90.0,678.7931397306396,0.10036192065991252,30.0,15.0,6.0,spur
e2e35a54-58a4-48c3-b77e-c6bc56cc6d54,42.48186245870466,27442.565339359524,56.182062498122775,7735.507100808376,41.352225628616786,15407.523958245336,-23.835553477732354,354.9594789950659,0.1899644459884259,0.018355236901094273,0.5425064949715909,0.013528247189708333,0.2818808768305399,154.71014291666668,0.1226777005,22.517348022727273,650.0,50.0,271.51725589225595,0.04796556947260091,30.0,15.0,3.0,spur
e30b152b-e56a-4a94-9817-2b6107c59167,68.22981350534286,42405.32962845706,56.08896769766205,10863.132289365902,100.88525827930424,23520.513763039384,6.354287591621749,532.2570676855408,0.1846383106333123,0.010313110804335019,0.48190766283354375,0.014952995882529312,0.256176815572312,155.18760458333333,0.12050403395833333,20.0115655155724,1200.0,70.0,678.7931397306396,0.10036192065991252,25.0,15.0,6.0,spur
e33da09b-e18c-4175-bac0-95b62c5297f0,65.27195637266487,48356.91432065214,55.15564382007118,16957.20188951705,99.40586873980392,23324.009122235355,6.178656933880384,528.9787652304279,0.27942567481418346,0.00925684391886574,0.44638261697942966,0.015205586207172831,0.35067128871806214,154.15638291666667,0.122128443375,22.517348022727273,1200.0,110.0,814.5517676767677,0.10036192065991252,30.0,15.0,6.0,spur
e360ff3f-3c57-4e37-aafd-44e9b4fcc0f3,70.63785308889138,49361.270403606795,57.00493704869968,17105.00244147877,108.50078864662042,24322.156900773236,11.406648458110741,551.0762040012568,0.2707808640828071,0.009402336551757155,0.4491328803999895,0.015549701120621741,0.3465304603288842,155.50002208333333,0.12080972191666667,20.0115655155724,900.0,110.0,678.7931397306396,0.10036192065991252,25.0,15.0,6.0,spur
e3a8c9a9-6021-4174-ae01-5bb34954a401,68.74239398518638,45367.4328652416,57.74422986340822,14060.596216175623,99.54139114014215,23263.808412598733,7.037665382210724,527.446249574784,0.2383529865236742,0.00971976398180766,0.4632561931865531,0.015285935610551523,0.3099304754139758,156.22884583333334,0.124190683875,22.517348022727273,1200.0,90.0,271.51725589225595,0.10036192065991252,30.0,15.0,6.0,spur
e4e714d7-4672-4af2-8fd8-6730b4970282,101.55425019928221,55833.152261947405,65.60438153351957,8234.143153357747,179.95492767198354,34959.84814634805,50.53406757695337,785.4610477388169,0.10962444413686867,0.007394333157944025,0.5152715701438342,0.018047227683675865,0.14748169040634615,164.6828625,0.13402343875,25.011565351010102,650.0,50.0,407.27588383838383,0.16982541343694404,30.0,20.0,9.0,spur
e4f33015-d695-47bf-a282-19c55ef6089b,127.67942362067579,76264.38754281816,64.250182615585,8178.812992732525,272.58965398118596,49893.48044095073,101.68109225588495,1115.0253559805494,0.09262878485882786,0.005167474536531986,0.5251464463236531,0.018246767720885227,0.10724706923284912,163.57626125,0.1301567075,22.505782674242425,900.0,50.0,814.5517676767677,0.2509799004147781,25.0,20.0,12.0,spur
e4f3bbed-3b7c-41bb-b3c8-b49f7f99c372,70.39938366354914,42753.082032919345,57.43212939404144,10945.623905652588,103.88405499897621,23846.305829261346,8.302968532598445,540.1456791409404,0.18551005260200967,0.01035297256261574,0.483205707893729,0.015256086119257408,0.25602270266244553,156.36605666666665,0.12166703045833333,20.0115655155724,900.0,70.0,678.7931397306396,0.10036192065991252,25.0,15.0,6.0,spur
e518eb0a-543e-4c48-a99f-bc0bce56d827,74.00744203970116,42934.961090274606,60.06275431750082,11070.127964632002,108.25715856299847,24206.087566599523,13.522023435589137,548.995805372654,0.16995997096369947,0.010760142035311447,0.4946265911188973,0.015811622897932295,0.25783810083157616,158.14468416666668,0.12741784083333332,25.011565351010102,400.0,70.0,271.51725589225595,0.10036192065991252,30.0,20.0,6.0,spur
e5603dce-b5d3-4b55-9585-858861920299,69.71071957425109,42769.94679946234,58.57118748320506,11039.223465750258,102.78929370726692,23728.716116915544,8.904329522409874,538.8815196554149,0.16878044436421502,0.010426474435027358,0.4865276317687289,0.01562887259715365,0.2581104884810272,157.70319375,0.12696216458333334,25.011565351010102,900.0,70.0,407.27588383838383,0.10036192065991252,30.0,20.0,6.0,spur
e5cae13a-5b0c-4ea6-a0a5-c6677944fb5c,44.41782564912176,36000.85997770042,48.13275887017279,15951.144859375881,45.87049777353115,15823.154749633875,-20.961037408050963,363.48716357727614,0.3198637888356482,0.01644354025958544,0.44303722139888463,0.013431739567529516,0.4430782328188927,145.01040874999998,0.11051873695833332,20.0115655155724,650.0,110.0,271.51725589225595,0.04796556947260091,25.0,15.0,3.0,spur
e5ed437c-8712-4ec0-b2fc-561d97d7f477,41.16350201453422,27395.076858070857,53.78091739926152,7641.367964726451,40.96381905908736,15397.426856438782,-24.44063468809014,353.1057839483413,0.16618555554187708,0.018661288069707495,0.5567428443834176,0.012633675451197802,0.278932991769652,152.82735791666667,0.119474837625,22.505782674242425,900.0,50.0,814.5517676767677,0.04796556947260091,25.0,20.0,3.0,spur
e61168ba-b538-4441-9ee9-17b14fb536fb,96.70659557899616,61678.44180677395,62.32495619381514,14471.159613433476,179.5645331223602,34763.62412065684,49.62393840975237,781.2060119371113,0.20672057620396672,0.006734261564762206,0.4850402089993161,0.01716277573617117,0.23462734041915315,160.79066166666667,0.126029735,20.0115655155724,650.0,90.0,407.27588383838383,0.16982541343694404,25.0,15.0,9.0,spur
e6ceed99-f69d-4076-bf4f-983d004c5904,131.78474011135054,75812.99541755048,69.39741768022314,8410.832470133408,271.2427358448227,49336.76601348148,102.03274812762446,1102.3107217189772,0.09876733801916035,0.0052490810147411615,0.5242630883139732,0.019351403536024006,0.1109460093501227,168.21664875000002,0.13762786208333333,25.011565351010102,650.0,50.0,407.27588383838383,0.2509799004147781,30.0,20.0,12.0,spur
e6d805a9-e428-4b4b-8fad-1e5df9633f08,45.361509483647225,30560.17701271264,50.27371201422599,10329.072116366719,48.07623012766232,16071.161456040407,-19.14509626577441,368.8953049734175,0.21198960538352274,0.01845179467476852,0.5488319962321129,0.013423336206550692,0.33799274656554434,147.55817333333331,0.11427203345833332,22.505782674242425,400.0,70.0,407.27588383838383,0.04796556947260091,25.0,20.0,3.0,spur
e704a2d9-b49e-45ed-b10b-5095c556bec9,109.09798159475599,78431.79386790952,62.24951745079581,14535.97029554993,239.03221899631504,45268.55815295132,81.77888689925433,1013.7038664425581,0.19859855159801137,0.004766475952093855,0.49703204552604163,0.017781308559657583,0.185338266566115,161.51077916666665,0.12949731208333334,22.517348022727273,1200.0,90.0,678.7931397306396,0.2509799004147781,30.0,15.0,12.0,spur
e74eb2cf-e3f2-43a8-a31a-308cef073b3e,142.27562272423776,77982.13647680417,68.59959340397529,8336.071687826885,291.8897381502679,51826.17252481307,113.9393860798553,1157.6483291426537,0.0935185966169613,0.0052335726724642255,0.5278375982267467,0.018891380485167013,0.10690128224517652,166.72143291666666,0.13328960041666668,22.505782674242425,900.0,50.0,271.51725589225595,0.2509799004147781,25.0,20.0,12.0,spur
e7656381-0eb8-4db1-a458-b57bb0568d0e,74.32862075731434,39703.643650226215,61.19319725599163,7981.63369563426,106.36265548419199,24037.736386648005,11.900592899206911,544.8367739942435,0.12762310236752947,0.011246129722159093,0.5172217125900673,0.01577086335209352,0.20103298609900455,159.63267333333334,0.12892183416666667,25.011565351010102,400.0,50.0,271.51725589225595,0.10036192065991252,30.0,20.0,6.0,spur
e791a4f1-3cd1-42e0-a556-065f7e451ae7,129.1920418402716,77406.65080206595,66.1245902710827,11445.706993454869,273.0916723079951,48872.828911313154,105.45672499145829,1093.1137837957663,0.13383466865122054,0.005292295777325337,0.5148716297295874,0.01862160919751146,0.14786947180024224,163.51009833333333,0.13287690083333334,25.011565351010102,400.0,70.0,271.51725589225595,0.2509799004147781,30.0,20.0,12.0,spur
e7a58522-182b-44ee-a933-69363115409f,69.07696050173,42759.27087715403,58.027087160856226,11008.02876283347,102.66549284764635,23730.42323934592,8.623564848554045,538.8157773266895,0.16855356556386786,0.010416642290814394,0.4860864312186448,0.015590469715225245,0.25744540737127974,157.25755375,0.12651768708333333,25.011565351010102,900.0,70.0,678.7931397306396,0.10036192065991252,30.0,20.0,6.0,spur
e7d6fe4d-f592-4dcf-b36b-3e23ca4ade21,77.1199994525482,40542.3064272594,60.09103283888805,7936.070067185617,112.32894003573128,24794.764527521373,14.371964268587039,561.6367718029013,0.12242343197106481,0.011138928974010942,0.5152169671082703,0.015527727299025509,0.19575072216707293,158.72140083333332,0.12531464916666665,22.505782674242425,650.0,50.0,271.51725589225595,0.10036192065991252,25.0,20.0,6.0,spur
e86481e8-f4e4-45f9-a050-8f10ec1d5dbc,95.99768719964197,66769.01076582055,60.77327836887828,17590.686901294644,190.5818431093374,36363.27682010082,56.2435076266366,816.8551171347254,0.2112410195412984,0.006502344306986532,0.4761272061705071,0.01747186111195716,0.2634620648976359,159.91533416666667,0.12649338125,22.505782674242425,1200.0,110.0,814.5517676767677,0.16982541343694404,25.0,20.0,9.0,spur
e8c14bfa-54f6-4af0-91b1-e2791a56b2f1,100.56162755594688,62521.20353540947,64.1322067242328,14606.717900415024,183.7528511947222,35210.82787426563,52.04738260556358,790.8707865642778,0.20778312186405723,0.006648361185058922,0.4843813715842276,0.017489280512354037,0.23363307418572418,162.29686625,0.12750820708333332,20.0115655155724,1200.0,90.0,271.51725589225595,0.16982541343694404,25.0,15.0,9.0,spur
e8cc314a-3776-499f-a8cf-0d0e68052f2e,121.81856598361136,72236.83511259,64.10709817590879,8138.539136838244,251.98967090358087,46717.81089805076,89.48140878118332,1044.5395475282464,0.10926619218108165,0.0052896541211910775,0.5243889086136363,0.017553553474197306,0.11266814332300877,162.77078041666667,0.12804040833333333,20.0115655155724,400.0,50.0,814.5517676767677,0.2509799004147781,25.0,15.0,12.0,spur
e990a8c1-1134-42e5-96c6-ec61e4be4ce1,67.59927158176833,48794.33710078078,56.807698995378395,17118.59240941372,102.58299641565296,23666.534643685183,8.190641849623303,536.4634429579002,0.2813499816709807,0.009271524774410773,0.4472463001926557,0.015509165435532915,0.3508352336332015,155.62356624999998,0.12359715108333334,22.517348022727273,900.0,110.0,814.5517676767677,0.10036192065991252,30.0,15.0,6.0,spur
e9d9a8bd-4e2c-41bd-b218-6fbd70f0763d,97.66079228239457,54740.142829032564,62.43653434580021,8074.299311986572,173.12549972241035,34118.42932030501,45.18677956749551,766.0671806388195,0.12093457081301556,0.007326373168118687,0.5136707665554504,0.016971825503059094,0.1475057853214519,161.48598333333334,0.12672497125,20.0115655155724,650.0,50.0,678.7931397306396,0.16982541343694404,25.0,15.0,9.0,spur
ea076502-8abe-45bb-927f-2b8084e2122a,45.18322980519278,36410.71326235494,52.38350920816862,16497.513190131867,43.81696145092558,15620.871060934267,-21.707727978593745,358.96471702063167,0.3321630144720118,0.01563194443330177,0.43236150321012207,0.013597207570414818,0.45309626019447835,149.97739291666667,0.11796911216666667,22.517348022727273,650.0,110.0,814.5517676767677,0.04796556947260091,30.0,15.0,3.0,spur
eb75bbf2-8437-42cd-a1b0-80652433237b,37.90317464973745,29579.901214536305,50.90959979141489,10497.415477670726,34.833626622985,14716.23880234083,-27.127671515906126,339.34858834082223,0.21451367003019783,0.01696976633354377,0.5091274615024202,0.011889001441318603,0.3548841555665141,149.96307791666666,0.119188519125,25.011565351010102,1200.0,70.0,678.7931397306396,0.04796556947260091,30.0,20.0,3.0,spur
eba34e21-265c-4953-bc53-49f7f259def9,73.54181276332811,39358.59297975983,57.652518736747794,7788.689818139376,106.23907609481522,24006.39515318826,10.260721710229502,543.3506260967026,0.13961833742108587,0.01134694344140362,0.5141752023241792,0.01519107974237892,0.1978931233047734,155.77379583333334,0.12109145204166667,20.0115655155724,400.0,50.0,271.51725589225595,0.10036192065991252,25.0,15.0,6.0,spur
ec23f5b2-d351-4222-9c62-eae41bf9588a,71.4055139033125,46135.29278355235,57.55808350380862,14048.3057466252,107.26797397404226,24185.2245531002,10.441856201416861,546.9561750601425,0.22946492499084595,0.009892359795833333,0.46625038151010106,0.01545509315236195,0.3045057674535457,156.09228666666667,0.12139009729166667,20.0115655155724,900.0,90.0,407.27588383838383,0.10036192065991252,25.0,15.0,6.0,spur
ec4a5817-217e-4554-ae22-d1c2114494c8,46.347702519989355,36637.98206765774,51.08401332055442,16333.210766933347,47.524836645661374,16015.97988851448,-19.40843023222717,367.4670621668688,0.2902664752538931,0.01647642574121423,0.46158259499863213,0.013391739986439088,0.4458013001804522,148.48373333333333,0.11517993154166667,22.505782674242425,650.0,110.0,678.7931397306396,0.04796556947260091,25.0,20.0,3.0,spur
ecc07615-d346-4265-ab2a-b7272ddf409e,70.6290134178133,39426.13603950288,59.04153452729742,7906.998979016928,100.50753503902195,23456.276714260795,7.737700395510824,532.9309003151693,0.12648543513752109,0.010891180087310603,0.5068299188153409,0.015507512621984246,0.20055520610920374,158.13998,0.1273979375,25.011565351010102,1200.0,50.0,271.51725589225595,0.10036192065991252,30.0,20.0,6.0,spur
ed22c9fd-df6e-441a-bec3-15e3a8267dd3,66.39928997015664,39081.40541545525,56.26900719319444,7789.710568793679,97.74558079916828,23203.79098517769,5.323404540207355,527.2433375236511,0.12515577000531353,0.010898158380313553,0.5048528604305554,0.015153417841249274,0.1993232424571513,155.79421208333335,0.125042868,25.011565351010102,1200.0,50.0,678.7931397306396,0.10036192065991252,30.0,20.0,6.0,spur
ed308ac6-fcdf-41a8-81f3-ee18415274bf,130.02222772398144,76066.2298507755,65.32466075438346,8219.209850124525,274.26983557117154,49970.207188642875,103.10905525357235,1116.2731112622516,0.0928899827419192,0.005213855635058923,0.5259703707891414,0.018247479896540856,0.10805743417799878,164.38419666666667,0.13097385416666665,22.505782674242425,650.0,50.0,678.7931397306396,0.2509799004147781,25.0,20.0,12.0,spur
eda31c55-3a5d-4248-806c-cda85e5124d3,95.06754124102366,61614.629322019224,61.8836810306481,14458.657271506161,177.753256099869,34618.22405099379,48.070588020356524,776.7243774268246,0.20656602410200967,0.006703475216024832,0.4845293020614478,0.0171399117662399,0.23466760971128942,160.65174833333333,0.12589710625,20.0115655155724,650.0,90.0,814.5517676767677,0.16982541343694404,25.0,15.0,9.0,spur
edaaae5f-622f-4923-95b3-69f7568c5345,135.03271228550298,84747.28269346393,71.21040190243099,15217.422952832063,289.3295906221271,51262.48797789489,113.88032599255557,1145.633753447645,0.1723499958109217,0.004868594853556398,0.5024303126178451,0.020026065565372113,0.17956831209985955,169.08247791666665,0.13848013791666666,25.011565351010102,1200.0,90.0,271.51725589225595,0.2509799004147781,30.0,20.0,12.0,spur
ee0ad116-ab88-4496-99d0-3354017004f3,67.7497278049168,41949.34659615032,57.4170076398684,10935.440006104649,96.55338958695698,22961.47489771915,4.9729166182482185,521.0204457355327,0.19190498955176769,0.010233377874663298,0.4813787553583754,0.015060105116766247,0.2606851042527147,156.22056958333334,0.12418509216666666,22.517348022727273,1200.0,70.0,271.51725589225595,0.10036192065991252,30.0,15.0,6.0,spur
eec52922-aff1-41cc-9c59-45aaf73b6211,69.8966653047274,42458.397441977046,58.83964782439506,11032.937839504986,101.3703233682123,23519.56115067161,7.6851829869464465,533.8991303455472,0.19306670280113636,0.010336517885490316,0.4842622225253577,0.01547110996681603,0.2598559734779345,157.6133975,0.12559063208333335,22.517348022727273,650.0,70.0,407.27588383838383,0.10036192065991252,30.0,15.0,6.0,spur
eec7cad2-7bb9-4c3c-9282-65d61bd22cdf,135.0014758768912,79963.46468987197,69.95243237764055,11747.064920832707,283.3165717027998,50459.166166239906,110.54235141742772,1127.7335369121445,0.13570608378200755,0.005134557007091751,0.514224048486269,0.019565164299533432,0.1469105428118929,167.81521291666667,0.13721332916666668,25.011565351010102,650.0,70.0,271.51725589225595,0.2509799004147781,30.0,20.0,12.0,spur
ef1d9630-53bd-4870-a867-1490db293367,95.8764078856999,57627.16517950088,63.46763108167713,11346.598530299858,173.16541122119602,33989.42053280084,46.54939313851982,764.1533568984714,0.1732898432192235,0.007107484106365741,0.4983440130976431,0.01730153427974522,0.196900899943529,162.09426583333334,0.13011841125,22.517348022727273,400.0,70.0,814.5517676767677,0.16982541343694404,30.0,15.0,9.0,spur
efc0f595-0bdf-465b-8844-afff49b60f38,95.94793642457935,54238.39515332537,63.554673552730414,8130.276647255937,167.7925508898734,33441.30020518078,42.709583406073136,752.0271584230608,0.12689334204580177,0.007323339379661196,0.5123801471606693,0.01722661656755868,0.14990245256252516,162.60553458333334,0.13060135250000002,22.517348022727273,650.0,50.0,407.27588383838383,0.16982541343694404,30.0,15.0,9.0,spur
efcbec6f-e4e8-403b-a076-42884d4c9fa8,67.60694468412962,48752.361736648694,56.78018183022181,17110.68438606993,102.42078387674339,23641.19164168106,8.17209326070463,535.9282257115409,0.2814281733464856,0.009278764363141836,0.44710859487620996,0.015497228236036945,0.35097510805948223,155.55167666666668,0.12352315670833335,22.517348022727273,900.0,110.0,678.7931397306396,0.10036192065991252,30.0,15.0,6.0,spur
f03ff524-941f-47ae-9d95-967495553803,140.29074582103445,82109.0061213647,68.79232316140477,11677.984567972964,296.6246665182562,52412.404259934265,116.69426356788892,1171.0710338352376,0.12884607584546506,0.005019510852178031,0.5162357195419824,0.019102401709208964,0.14223059428014317,166.82835166666666,0.13339055458333335,22.505782674242425,1200.0,70.0,271.51725589225595,0.2509799004147781,25.0,20.0,12.0,spur
f05c4d5a-bb19-4552-8027-3753f28437f2,43.564456054234554,27689.653702845637,55.91084880941075,7724.722040437358,43.516578069113464,15653.221422337932,-23.26043332231199,359.43457657775315,0.1880014507828283,0.018799176532933507,0.5420953845228323,0.01361712839422626,0.2789760088075562,154.49443958333333,0.11983064708333334,20.0115655155724,650.0,50.0,814.5517676767677,0.04796556947260091,25.0,15.0,3.0,spur
f06de8b7-3484-4bd8-9c42-ba070761366e,70.20828787230839,49183.83413465547,58.31183236446284,17244.025702877854,106.27023347921991,24042.641116995816,10.817689201711621,545.2083447075562,0.28322490109932663,0.009331809064351852,0.4486334429592277,0.01582513114629859,0.35060714220515926,156.7638725,0.124739584375,22.517348022727273,650.0,110.0,678.7931397306396,0.10036192065991252,30.0,15.0,6.0,spur
f073a568-4328-4c90-8e73-9ab6a54bb8de,74.05580729811294,39614.77393960735,58.72114906013388,7852.508050876651,106.97993491518307,24120.379563399052,10.583333163322532,546.3580595116397,0.1400425769362374,0.01124142412042298,0.5124378761636152,0.015400135954136671,0.198224368973428,157.05016125,0.12235462779166667,20.0115655155724,400.0,50.0,678.7931397306396,0.10036192065991252,25.0,15.0,6.0,spur
f0957009-f52e-466b-b05e-fab7cdea138c,73.01763585160978,45894.48596586438,54.67921101259623,13699.5983388878,112.6611082370935,24670.883602557005,15.580224667386839,558.7906101306846,0.1983336795763889,0.010553797206797139,0.4801832404780092,0.014986350341923796,0.2985057678232239,152.21776,0.11887290895833334,22.505782674242425,400.0,90.0,271.51725589225595,0.10036192065991252,25.0,20.0,6.0,spur
f0999d7f-c108-4e50-a2d3-d3c9fc6387a1,91.03315401428455,65523.11265913558,61.19081728204638,17654.83077058075,179.03593145976043,34914.20670339255,49.77193900272548,785.6704476273003,0.22034204387347434,0.0065099247763362785,0.4721348078939394,0.017880932908245762,0.2694505846304804,160.49846375,0.1297778775,25.011565351010102,1200.0,110.0,814.5517676767677,0.16982541343694404,30.0,20.0,9.0,spur
f0cda64a-8dbb-43d2-a443-5897e79da9a5,95.89483792588285,57579.19755984266,63.3828369050674,11338.56138583929,173.0126788503449,33962.11321788037,46.55296879274646,763.7522828745924,0.17318082732628368,0.00711417477287458,0.49869653168886785,0.017285230722764652,0.19692532280392683,161.97944708333333,0.12999711916666667,22.517348022727273,400.0,70.0,678.7931397306396,0.16982541343694404,30.0,15.0,9.0,spur
f0ce7209-37bb-45d1-b545-21d45f7969c5,119.53565901515483,71903.27739315928,65.76424843456252,8230.312963131473,246.43004667867254,46044.34745505849,86.76501548092591,1030.0541351914037,0.11571712849460229,0.005280533515467171,0.5226468423708964,0.01794710879698556,0.11446723757231976,164.60625833333333,0.13267968541666667,22.517348022727273,400.0,50.0,814.5517676767677,0.2509799004147781,30.0,15.0,12.0,spur
f1cf31c9-3260-42c5-bedb-de4f6e36ab3f,122.92189479336533,83382.03096534268,63.92081522005737,14677.729719085697,276.95607101742826,50387.71413717513,104.4493173262673,1125.7549233169616,0.1612078325180766,0.004814131750841751,0.5033555802509996,0.018370225191527034,0.1760361423360207,163.08588708333335,0.12965351291666669,22.505782674242425,1200.0,90.0,678.7931397306396,0.2509799004147781,25.0,20.0,12.0,spur
f2bbe09d-1b0b-4d68-a041-4d6d177403b0,129.7007171128798,74932.65611009033,64.95389304486592,8181.045450589078,272.1359095969168,49471.69942651723,102.6516829801439,1105.19318498723,0.09305642905872263,0.005331126701357324,0.5275979580486111,0.017909367753450593,0.10918252954516706,163.62091125,0.13025336625,22.505782674242425,400.0,50.0,814.5517676767677,0.2509799004147781,25.0,20.0,12.0,spur
f2ed6119-3543-4c82-87bb-b47797967b8d,45.9973627739235,27878.76651628963,53.33173420711075,7551.832816138328,48.7759355298645,16170.268637754345,-19.149167287909453,370.57091971543224,0.16770351731607744,0.0194306101489899,0.5899377775340909,0.013712514682261756,0.27088254827460784,151.03665666666666,0.11769988604166666,22.505782674242425,400.0,50.0,271.51725589225595,0.04796556947260091,25.0,20.0,3.0,spur
f337ac32-89b7-440a-9c68-13fdea6e8426,40.70995875926671,27246.01210564877,53.68743873513109,7629.31923770933,39.84039679937,15271.11178814582,-25.656574814402983,350.1429022099689,0.1859162095261995,0.018636986585542928,0.5358088145854377,0.012853960789474114,0.2800168329815758,152.58638583333334,0.11793389854166668,20.0115655155724,1200.0,50.0,407.27588383838383,0.04796556947260091,25.0,15.0,3.0,spur
f348bd69-51c8-4a5e-9c4c-ab28bb6d403e,43.746087081959026,36141.75197176454,51.591985879499994,16444.5299017258,41.361193656727444,15370.825960745,-23.25445074765457,353.45461721716464,0.3314912019671717,0.015473744333396464,0.4290072006931818,0.013201257415608325,0.455002021460098,149.49572625,0.11747410658333333,22.517348022727273,900.0,110.0,407.27588383838383,0.04796556947260091,30.0,15.0,3.0,spur
f38222a9-a41c-4b9f-80e3-9c98cb63382d,118.10721330985514,83777.20964668953,66.63803989480657,18148.622375347706,259.4574584827156,47544.28651396907,94.73170944080476,1063.5290311027213,0.24369020402551556,0.004601134230629209,0.48887015871448863,0.018542473940478477,0.21663549885108324,164.98747583333332,0.13300644041666668,22.517348022727273,650.0,110.0,407.27588383838383,0.2509799004147781,30.0,15.0,12.0,spur
f4342ba6-87e6-4b00-bf91-82914484f734,44.15410559554691,33120.16749470785,50.15436241848491,13252.448712765528,44.64865217216422,15686.643678008126,-20.856751509729275,361.3059334122466,0.2868082586772938,0.016918277366424664,0.4758281413215488,0.01360989562291238,0.40013378565169705,147.24942916666666,0.11526290441666666,22.517348022727273,400.0,90.0,678.7931397306396,0.04796556947260091,30.0,15.0,3.0,spur
f44e7eb7-9b01-4a98-a9e2-89e5a364bcca,42.19679286604299,35335.87509516351,45.84335998076051,15664.69050484244,43.39724707744072,15524.479947655409,-21.20899696695862,357.9890069033044,0.3243213299791667,0.016285738468045038,0.4497347100381945,0.013221682727012475,0.44330998930199955,142.40627791666665,0.11044977583333333,22.517348022727273,400.0,110.0,271.51725589225595,0.04796556947260091,30.0,15.0,3.0,spur
f49bd374-611d-4f6d-aed9-4fc7a543b5f3,68.18106790329843,45710.5842909366,55.800449221702074,13929.893799863348,102.99015068034714,23748.58846227417,7.826229333935995,538.1236746876447,0.22788142393560606,0.009809637137205389,0.463779479018203,0.015107232555280344,0.30474449184018426,154.77659875,0.12009944158333334,20.0115655155724,1200.0,90.0,814.5517676767677,0.10036192065991252,25.0,15.0,6.0,spur
f4addc5c-3aac-4eeb-821b-fcf5abf92e25,121.88675058104283,84492.98498435345,66.73589070032652,18112.748397753778,272.3548366586697,49026.5027169821,104.54003176391787,1095.267293411934,0.20503757390688132,0.00484538871685606,0.4929196440980113,0.018813841391607904,0.21437619195935917,164.66134916666667,0.13404716125,25.011565351010102,400.0,110.0,407.27588383838383,0.2509799004147781,30.0,20.0,12.0,spur
f5210d8b-6085-431c-884d-03ba08df8142,67.56354457297019,49145.13682927243,56.43131430906231,17108.008271285904,104.8337799093548,23960.93728466297,10.19232009115277,544.1803626057153,0.24446539755008423,0.009507623896296296,0.45125879653061873,0.0157073688162183,0.34811607074229034,155.52734791666668,0.12476871641666666,25.011565351010102,1200.0,110.0,814.5517676767677,0.10036192065991252,30.0,20.0,6.0,spur
f5c39d8f-63e8-4f32-9948-1a3cd5102e8d,93.0716047189693,64195.66402402659,62.169924420930045,17648.275580474492,176.46010444993723,34300.40069587817,49.12894501386395,771.8729217308105,0.25918620584669605,0.006505501948590067,0.4716812574143518,0.01734610263641739,0.2749189003405714,160.43886958333334,0.12845397958333335,22.517348022727273,400.0,110.0,814.5517676767677,0.16982541343694404,30.0,15.0,9.0,spur
f5c620a9-1c83-4772-8964-99ddcda8c8de,122.60707576039562,84533.23421262782,62.77633733333694,17654.789857591943,278.4752954915804,49823.77195422762,107.05934606638763,1113.1550605867467,0.19258297932675716,0.004880943312815657,0.4962799178651095,0.017753597287333864,0.20885659801667097,160.49808958333332,0.12711426666666667,22.505782674242425,400.0,110.0,407.27588383838383,0.2509799004147781,25.0,20.0,12.0,spur
f5d1f940-d6a3-4c67-8a03-b509b54f7921,97.86901280984614,66194.68903864625,65.14194452543852,18008.016096307983,186.25381407315672,35590.609507361696,55.35168979190372,799.6488098813556,0.2236857018114478,0.006563889640267257,0.47386261284217174,0.018247261946805364,0.2720521011430618,163.70923708333333,0.13302961083333334,25.011565351010102,650.0,110.0,407.27588383838383,0.16982541343694404,30.0,20.0,9.0,spur
f5d679a3-a637-47a0-9ed1-c4bd27b0c52e,73.34991440165926,50266.810173209466,57.5503855584593,17177.19340791491,115.40379425397809,25147.241915175964,16.26485755634054,569.7351038106185,0.2367159650094697,0.009644645300547138,0.457166753924979,0.015706301489205297,0.34172442885603155,156.1563025,0.12276333545833333,22.505782674242425,900.0,110.0,678.7931397306396,0.10036192065991252,25.0,20.0,6.0,spur
f6034ce2-eac3-429d-9255-83ba6af60104,95.66373072861346,58120.57579729558,61.54802942996026,11236.93529170599,173.30588091856345,34124.76420070535,45.61297849801246,767.3196647042256,0.1643239865537142,0.006943785200326177,0.49698865373832074,0.01693109466162546,0.1933427075640658,160.52764791666667,0.12576430958333332,20.0115655155724,1200.0,70.0,407.27588383838383,0.16982541343694404,25.0,15.0,9.0,spur
f648d82c-54a1-44e6-9058-9f1d1d058afc,90.3151599230344,53712.082458213605,60.466669753966954,7997.273880871767,161.94477166859699,32832.914160259286,38.67987203389925,739.0653181169231,0.1252723877274621,0.007283789509501264,0.5105393333098696,0.01682596931441384,0.14889519365046147,159.94547833333334,0.127930815,22.517348022727273,900.0,50.0,814.5517676767677,0.16982541343694404,30.0,15.0,9.0,spur
f6ea2ca0-1c22-4ad0-9ae1-eb5dadca9a17,73.12875303955909,40194.21135306445,58.02830823954207,7862.270856571845,107.805337317067,24357.758157452354,11.156805481521415,552.1741968689404,0.12132030812742002,0.010986449274010941,0.5110448847108586,0.015219269104460012,0.19560994274019824,157.24541708333334,0.12385130729166667,22.505782674242425,900.0,50.0,678.7931397306396,0.10036192065991252,25.0,20.0,6.0,spur
f7abd61c-69f7-4c0c-a681-830ab3b2e25a,88.9199803015295,60577.38132548864,60.460990996429565,14371.178638943127,166.66915355348223,33349.53595790251,41.83402109520335,750.2930239545673,0.21525006983375422,0.0066515449009469695,0.48123867020938554,0.017049265130558856,0.23724175131757363,159.67976333333334,0.12765943041666666,22.517348022727273,900.0,90.0,814.5517676767677,0.16982541343694404,30.0,15.0,9.0,spur
f7e724e6-b0a9-4f9e-b01e-5957821a37f5,75.49741144833226,43402.1524443001,57.76388176986173,10913.403506646295,113.45403047082188,24850.98062210323,15.202954629696292,561.2370821425754,0.16246854871475166,0.010845098215035773,0.49786025384606486,0.015335748468894224,0.2514517338164563,155.90576458333334,0.122533946625,22.505782674242425,400.0,70.0,814.5517676767677,0.10036192065991252,25.0,20.0,6.0,spur
f8f2d52d-9fab-4cb7-bd80-30264c3b2606,37.748305505117635,29536.795086296188,50.380021207104384,10455.495089123584,34.78587757734562,14717.816103269368,-27.763312488860265,339.5116290949256,0.2381946152368476,0.016932747808396466,0.4871655528120791,0.011971995955423573,0.3539828582974243,149.36421625,0.11735790041666666,22.517348022727273,1200.0,70.0,814.5517676767677,0.04796556947260091,30.0,15.0,3.0,spur
f8f6a8cd-b38a-483b-9e3f-3c85108af764,121.7870073986575,86707.22494653812,64.45431819072178,17971.41358539057,279.6945121114822,50617.869424930694,106.51626066663611,1130.951034275801,0.19454618519512834,0.004678714501473064,0.49425274047590495,0.018401505892424782,0.20727223492332444,163.37648625,0.12994741166666665,22.505782674242425,900.0,110.0,678.7931397306396,0.2509799004147781,25.0,20.0,12.0,spur
f9213ab6-088e-483e-a07b-5e1cd1f8b7fe,115.87805390559569,81901.47108740003,61.7913624187231,17546.15068430651,258.99079133748216,47208.300267427985,93.80453654105129,1054.8042332770485,0.2268153254662774,0.0047587534082596805,0.4913878933672138,0.01743962387810669,0.21424060465017206,159.51046125000002,0.12479496720833333,20.0115655155724,400.0,110.0,407.27588383838383,0.2509799004147781,25.0,15.0,12.0,spur
f9945c47-1971-48af-a9f9-a19691091d7d,73.43922872093565,43183.16373941987,60.88987241941272,11165.094766166148,106.90171941339288,24127.093411716414,12.090471718827668,547.6087289211837,0.17026145224084596,0.010504997319349748,0.48968171018728945,0.01596363577372115,0.25855539461613225,159.5013541666667,0.128778105,25.011565351010102,650.0,70.0,271.51725589225595,0.10036192065991252,30.0,20.0,6.0,spur
f99fb0e6-a88f-41ca-9a9c-3e8719d3d733,95.76015940106215,61059.39749380335,60.94392101588666,14324.322898157727,178.95793348073963,34616.049543218505,49.55844508629437,777.9064422172556,0.20584085238410144,0.006865220590603956,0.4858863987365319,0.016960918831277212,0.23460122680721515,159.15914375,0.124442809,20.0115655155724,400.0,90.0,814.5517676767677,0.16982541343694404,25.0,15.0,9.0,spur
f9af2e52-ac0f-45bd-ae56-dbd4a3f4e0b1,93.83128486391577,54077.04969349357,62.50571809332573,8088.257746954507,166.1267707923176,33292.643282968216,41.36850846743583,748.9253412904759,0.12636105093634256,0.007318769123411195,0.5116920330940657,0.01710230694708523,0.14957271806415665,161.76515541666666,0.12976143083333333,22.517348022727273,650.0,50.0,678.7931397306396,0.16982541343694404,30.0,15.0,9.0,spur
f9b1b82e-b7d7-46de-ab84-716887a6ffae,45.16517600350529,30605.168676291127,54.08227570751512,10623.844156080902,45.355736760945234,15779.895426362671,-20.03433287585669,363.05831315666404,0.21835641882312712,0.017764518419349746,0.5370197775768099,0.013793314286764318,0.34712714036507625,151.76920083333334,0.12101011145833333,25.011565351010102,400.0,70.0,678.7931397306396,0.04796556947260091,30.0,20.0,3.0,spur
f9b6e316-1c1b-4a53-ade5-6908d795f000,40.07993096190276,27122.34226531602,55.054008092841954,7701.819835297575,38.16367002770295,15075.985320560781,-25.282947023593223,347.6730535080983,0.16961518089499156,0.018106253836384683,0.5552655570444023,0.012801859389887503,0.28396670187935974,154.03639625,0.12326440479166667,25.011565351010102,900.0,50.0,271.51725589225595,0.04796556947260091,30.0,20.0,3.0,spur
f9dc39f6-56e1-4af3-ab8e-48504534b5bc,42.81746329799969,30420.748730045623,53.32837078945825,10631.122682831954,41.632971741313625,15445.19008044221,-24.301149142055404,354.16644644475394,0.23788477466266833,0.017603589181765567,0.4918881517222223,0.0131052042521876,0.34947042644212534,151.87318333333334,0.11725024925,20.0115655155724,900.0,70.0,814.5517676767677,0.04796556947260091,25.0,15.0,3.0,spur
f9eaacce-3387-445b-9d3b-e40098222640,71.56755822495407,46376.18966670547,59.47013959712875,14241.949577826885,107.54741374575305,24225.92291289245,12.084329567866007,548.9849399539845,0.20914680701409932,0.010024294814604377,0.471161067376473,0.015955576452334932,0.30709988516283165,158.243885,0.12751395499999998,25.011565351010102,650.0,90.0,678.7931397306396,0.10036192065991252,30.0,20.0,6.0,spur
fa17e55b-8d2d-4dc3-a797-40bdde00bdca,44.60630229558786,36147.89731445019,50.9674136611977,16303.111863624465,43.53137029729128,15573.490895048964,-21.665368096870573,358.1269752594974,0.33022788872622055,0.015757301478135522,0.43544207770791243,0.013516845103624733,0.45101265568775134,148.21010958333332,0.11619588308333334,22.517348022727273,650.0,110.0,271.51725589225595,0.04796556947260091,30.0,15.0,3.0,spur
fa2e68a0-ddda-4bd9-a7ef-10f83a0720aa,92.26642401208017,62191.36543234554,61.28091442877377,14461.0813112058,177.66797640760805,34772.570215406886,48.80733590829639,783.0157878303039,0.18435555664962125,0.006764549071285774,0.48395631508654247,0.017830764271598826,0.23253148721672046,160.67868,0.12996171874999998,25.011565351010102,1200.0,90.0,814.5517676767677,0.16982541343694404,30.0,20.0,9.0,spur
fa30aad4-818e-40db-a90e-c7e8c61ef075,118.2169733624223,72770.18682664125,63.09141495736294,8118.807401597433,247.34432731687988,46406.976713171025,85.94531875613937,1037.3659850440786,0.10897996726748738,0.005141218455018939,0.52190868656129,0.017578175197680918,0.11157152264494118,162.37615041666666,0.12760707875,20.0115655155724,900.0,50.0,814.5517676767677,0.2509799004147781,25.0,15.0,12.0,spur
fa5ccd6f-60ea-4fe1-91b6-9bf4a1bfdb7e,97.28888006881985,54195.23904645591,64.02815907242541,8140.353606021163,170.90871544775928,33750.429667156444,45.08418165811055,759.2541373480926,0.12720674394729586,0.0074453316690761785,0.5144782887406355,0.01724141416472456,0.15020763519024347,162.80707166666664,0.13083010916666668,22.517348022727273,400.0,50.0,678.7931397306396,0.16982541343694404,30.0,15.0,9.0,spur
faa98214-adf1-4418-b223-52699cc7b1d0,45.61714731455919,30904.86493255928,54.54421837746551,10695.202001294616,45.992813893205415,15896.828760219747,-20.960176286867018,364.2707281808271,0.21421970439204543,0.01788554619675926,0.523129586143729,0.013396199454065106,0.346069671826583,152.78860041666667,0.11943769433333333,22.505782674242425,650.0,70.0,814.5517676767677,0.04796556947260091,25.0,20.0,3.0,spur
fab659dd-9f77-4b00-951c-517979762cae,99.63223892525865,59222.67469691822,65.19057294588221,11490.458580175655,181.42677120654557,35106.90028541686,51.83677492877482,789.5348734749244,0.14914521681723483,0.007100135986037458,0.4996308521493056,0.018071437085266817,0.19402612063517718,164.14940666666666,0.13348031375,25.011565351010102,650.0,70.0,407.27588383838383,0.16982541343694404,30.0,20.0,9.0,spur
fb09306d-16f3-451a-8628-1cfb8ac35ffe,105.33008293812773,67877.0469731655,64.69574827000086,17882.651085198497,202.15082006441443,37433.35579663934,64.10477845169326,840.3356131921327,0.21322621022285357,0.006561377552483165,0.4786500736788194,0.017971420283802234,0.2634623956062621,162.56955541666667,0.129133465,22.505782674242425,900.0,110.0,271.51725589225595,0.16982541343694404,25.0,20.0,9.0,spur
fcb5b923-f480-4462-920e-885a9e16db02,75.02435462339389,50129.91945650885,57.61419615516209,17098.37408643344,117.46923368472207,25273.35843196993,17.801978608614824,571.087173389128,0.23612838065025255,0.009831724453882577,0.46024360167634687,0.015668623644582172,0.34108514662903205,155.43976583333333,0.12205093374999999,22.505782674242425,650.0,110.0,271.51725589225595,0.10036192065991252,25.0,20.0,6.0,spur
fd508edc-b093-4cf4-95e2-885e42e484dd,93.89757549369017,64075.5202948048,62.17437065798981,17611.969420083064,176.88554748349924,34267.53579541316,49.60631747014489,770.4451833404419,0.2591797741256839,0.006530117744833754,0.47168451751999146,0.017304927916103816,0.2748677960694271,160.10881291666666,0.12810352041666667,22.517348022727273,400.0,110.0,407.27588383838383,0.16982541343694404,30.0,15.0,9.0,spur
fde7bed5-a9b4-4369-b1b9-db96092c3fdb,44.52188985390049,33465.010502332014,53.48313847720145,13627.114033607291,42.89813550634891,15539.335538442661,-22.43339618038902,357.3381165971335,0.28936617786510943,0.0164157827676452,0.4616965550563973,0.01352529296363924,0.40720600099008797,151.41237666666666,0.11939692291666666,22.517348022727273,650.0,90.0,678.7931397306396,0.04796556947260091,30.0,15.0,3.0,spur
fdf144e3-4a94-40ce-8ce1-f7bbb7839611,45.860030952302814,36397.56216301929,49.41523466732446,16111.55063045144,47.90860606859988,16040.051719602467,-18.985629233826565,368.3647240689981,0.28863398365603954,0.01665618636432029,0.46877306436942345,0.013359738993902501,0.442656142694674,146.46864125,0.11318224712500001,22.505782674242425,650.0,110.0,271.51725589225595,0.04796556947260091,25.0,20.0,3.0,spur
fea9d542-a9a5-4192-a51b-f0e20520384f,87.34368175065826,56819.05246758018,58.901202989015275,11084.457725799612,161.37845857148434,32753.638808080865,38.545205264485354,737.6497793759908,0.1701631588827336,0.00694810926355219,0.4944162020601326,0.016743417648796485,0.19508805388619752,158.3493975,0.12632512916666666,22.517348022727273,1200.0,70.0,814.5517676767677,0.16982541343694404,30.0,15.0,9.0,spur
fed9f755-901f-4aef-b283-e36fc070c7ab,44.571640909761065,30720.88344111027,54.07729959861992,10673.879573297138,44.145274826923924,15704.88177761435,-22.013379016443924,360.21989520678864,0.21398370468802608,0.017752206346380466,0.5186982224592803,0.013081491243483609,0.34744808583419257,152.48399416666666,0.11910844966666667,22.505782674242425,1200.0,70.0,271.51725589225595,0.04796556947260091,25.0,20.0,3.0,spur
fef1f103-e2d0-41a6-8920-0a22899ba653,124.11779538035424,77209.36342023747,65.66294137489179,11490.426093086346,261.3208803162104,47883.965969489596,94.52731198785185,1069.54495434084,0.15100014528115532,0.004996586086342594,0.5116689777088594,0.018052896077876912,0.1488261603613458,164.14894375,0.12936074958333335,20.0115655155724,650.0,70.0,407.27588383838383,0.2509799004147781,25.0,15.0,12.0,spur
ff056fd5-c8d2-4c6c-8fa1-129f3a24facd,127.78231236416855,72684.46929873462,65.95226748063587,8183.270104462645,259.5368022720733,47254.38558371625,95.31908774766733,1056.6617548873899,0.11531441932911404,0.005392439639572813,0.5249961049837963,0.018177637005391083,0.11258977713971996,163.66540041666667,0.13170379625,22.517348022727273,400.0,50.0,271.51725589225595,0.2509799004147781,30.0,15.0,12.0,spur
