uuid,biomassPlant,biomassPlant_final,biomassFruit,biomassFruit_final,biomassInternode,biomassInternode_final,internodeNSC,internodeNSC_final,fraction_fruitUnloading,fraction_structuralRootUnloading,fraction_internodeUnloading,phloemSugarConcentration,harvest_index,meanFruitDW,meanFruitSc,Ta,cca,totalFruitNumber,incomingRadiation,leafArea,Tmax,Tmin,ENDING_LEAF_NUMBER,vineType
00739ec2-5aac-4047-9b8c-8caf0d3ba1b5,141.15436353267415,188910.62778683798,85.85920789090247,73134.47042878262,415.01124589778345,80796.87599072212,186.19073104543637,1797.8766504666444,0.29871368077167504,0.03692389114011995,0.46808649844006733,0.019460733010182828,0.3871433446318646,182.83617458333333,0.15258765458333332,25.011565351010102,1200.0,400.0,407.27588383838383,0.3837245557808073,30.0,20.0,3.0,cane
0093c160-ab63-4c46-b0a7-7564543a9e7e,222.79133506839148,401446.595397746,103.01474140463682,48184.62313686043,881.7751966822935,255000.23834208667,468.33741258010207,5644.005621499732,0.101075507611774,0.015688267463846804,0.6333379250439183,0.021410100383423385,0.12003099121606142,200.76926458333332,0.16979749541666667,22.517348022727273,650.0,240.0,678.7931397306396,1.3586033074955537,30.0,15.0,9.0,cane
00a8760e-696a-42d2-9f52-9d005f776950,193.35162883582976,291085.4496188071,105.34585888387961,65081.16438679575,675.0888513836837,162901.02330107105,337.31149575593633,3608.0693686485647,0.16398438977314816,0.02349825297982954,0.6302575354744846,0.020683023224553187,0.22358552071886073,203.37863666666667,0.16894328625,20.0115655155724,900.0,320.0,814.5517676767677,0.8028953652793002,25.0,15.0,6.0,cane
0122a94f-d855-431b-a285-e3fdab982333,163.14873778338864,210736.7066580269,57.708961759968666,24708.547297693858,543.6604606939482,130480.67291460642,263.60821946588334,2891.8233909563205,0.1892000406270623,0.020619061050852275,0.5064452152813027,0.016256482034282278,0.11725366310221165,154.42842,0.12373410475,25.011565351010102,900.0,160.0,271.51725589225595,0.8028953652793002,30.0,20.0,6.0,cane
012bf310-337a-4d96-9db5-fdc8c1c60f77,246.9326851061564,619264.6023955111,104.49024904866104,80685.19942568806,1189.180675858837,402692.97496827814,668.8022058607053,8894.458388580124,0.0985601440914457,0.011148949431723487,0.6651893330453598,0.020629786295851618,0.1302955892833392,201.71299833333333,0.16899313833333332,22.505782674242425,1200.0,400.0,678.7931397306396,2.0078392033182246,25.0,20.0,12.0,cane
013bf894-f70e-49c2-af67-64b54702a18c,202.7473420033902,250287.1535825701,88.01425850143622,29776.220634251484,655.6077835481126,158476.0047950025,326.02648981193806,3510.522468977953,0.11277177499175085,0.024097279432617844,0.6348356776456228,0.01990095014924653,0.11897137002890838,186.10137916666667,0.15137936041666666,20.0115655155724,650.0,160.0,678.7931397306396,0.8028953652793002,25.0,15.0,6.0,cane
0154e752-0db7-46b0-956a-c07c4eb17577,212.19846806130658,477220.9172641866,89.41718694453672,29819.902871783805,938.8771229118166,318341.42905053357,507.98548163621626,7037.7523391525065,0.053585741773705814,0.011635036170065236,0.6695299984627526,0.0184917127143818,0.06248840821965473,186.37439166666664,0.15509626166666665,22.517348022727273,400.0,160.0,678.7931397306396,2.0078392033182246,30.0,15.0,12.0,cane
01a065a4-0a73-4ecb-9a2a-359cbf43435d,189.11537977817775,458496.82693057886,76.6824568761935,41433.5753424753,885.8277846140517,293279.6806872364,459.34463852401313,6482.580300980414,0.0745793875374579,0.012133557459638048,0.709506065071412,0.016751542800861427,0.09037064755591816,172.63989791666665,0.13795825875,20.0115655155724,650.0,240.0,407.27588383838383,2.0078392033182246,25.0,15.0,12.0,cane
022262e9-c35e-4371-859a-9676b09168a3,202.54435471283315,345226.9513379802,81.37325629230888,28529.80585125304,788.1254779804038,225643.12875767905,414.2710330834763,4993.965444307859,0.08040542357322181,0.015522477823421714,0.6068105071323547,0.01807876581014294,0.08264375102746066,178.31128791666666,0.14809064624999999,25.011565351010102,650.0,160.0,407.27588383838383,1.3586033074955537,30.0,20.0,9.0,cane
022570ed-3672-47ca-b7ac-49e36629bb1a,191.3040164112987,511993.3208062772,85.24431309424695,72719.49413038291,923.2216545969628,309924.37285386637,493.81164201054224,6851.076195632348,0.11251283609833755,0.011046165855496634,0.6395278890275357,0.017910841615295974,0.14203564512789563,181.79873583333332,0.15040857291666668,22.517348022727273,400.0,400.0,678.7931397306396,2.0078392033182246,30.0,15.0,12.0,cane
025a8a2c-7540-494e-b276-fd1a47b597ce,140.65680411827282,187657.3237144714,82.54731863207013,72245.07554581498,423.4553617472307,82163.17278681397,183.81543173738712,1828.0432143997896,0.30167531853124996,0.040973106465067334,0.527110119238226,0.01971862942334029,0.38498943249043066,180.61269000000001,0.14579489083333333,20.0115655155724,650.0,400.0,271.51725589225595,0.3837245557808073,25.0,15.0,3.0,cane
02a475bb-6848-417d-9477-977953c1a411,206.676971281062,296815.32870496134,99.9200095269122,62910.782352575065,737.0351728487389,172001.5603165325,366.9104169865184,3809.5781231697206,0.17417707539930558,0.023581054183943604,0.6357058378883418,0.021271140261930842,0.21195685225664965,196.59619458333336,0.1619832175,20.0115655155724,1200.0,320.0,407.27588383838383,0.8028953652793002,25.0,15.0,6.0,cane
02f26936-03cc-42fa-9697-032e93ec537c,196.75955212009856,243063.94380729893,81.69388077591668,28713.250552420184,643.1404972701417,154779.79910563384,317.90139438053734,3430.029126021253,0.1218122883772622,0.023934846306492005,0.6237951372872476,0.01923395298664392,0.118133813599707,179.45781541666668,0.1447391575,20.0115655155724,400.0,160.0,678.7931397306396,0.8028953652793002,25.0,15.0,6.0,cane
02ffc30c-2700-4e94-958c-d7de8807fc76,221.85941923225786,368386.21570018836,91.32157263794531,30129.526091839332,860.6442623844139,245238.990139399,447.49848958930494,5427.445048432562,0.07842502423344906,0.016647526752883,0.6745240367683395,0.02012641750818623,0.0817905091886649,188.3095375,0.15360619541666667,20.0115655155724,1200.0,160.0,407.27588383838383,1.3586033074955537,25.0,15.0,9.0,cane
03348a58-efe3-4e28-9799-1d5323a3b46b,218.76816142682176,388713.7981592494,94.64009739915329,45898.63957464887,885.2925861406158,249898.66285454572,458.4627780205357,5526.040604630249,0.09815809547070707,0.016958349844223484,0.7005631495892466,0.020354780637207723,0.11808119976938954,191.2443325,0.15659891208333335,20.0115655155724,900.0,240.0,407.27588383838383,1.3586033074955537,25.0,15.0,9.0,cane
0420b8fb-b385-45db-9134-02e27589bfa8,109.50435775372502,359558.6600494325,45.11675135696808,56093.484408794786,565.4439586522965,189200.95861461293,263.40551592228366,4186.049980370238,0.12260800920245159,0.012225219449421296,0.6977567118251263,0.010977182197937382,0.15600947559826137,140.23371083333333,0.10603907983333333,20.0115655155724,400.0,400.0,271.51725589225595,2.0078392033182246,25.0,15.0,12.0,cane
0456340d-4a25-44e3-b5b4-a3071fbbf16f,189.9842272536121,281862.8678177022,93.37697972752048,60950.829358270574,679.8120552780272,161033.8044921121,336.2987533305135,3566.5505509527866,0.1820019041054819,0.023411110700946966,0.6226682542714752,0.019940908923127644,0.21624756684350935,190.47134041666666,0.1558444008333333,20.0115655155724,400.0,320.0,678.7931397306396,0.8028953652793002,25.0,15.0,6.0,cane
04c4d901-d6d2-44a8-9763-8807b5822571,164.04217332948673,251117.2320566324,74.32697625211622,54327.92312312897,605.2416684931288,140964.82800035752,285.5945321934903,3123.0125185043903,0.18711121765109429,0.023922055361342592,0.6269175228622053,0.017213972322575637,0.21634980555806516,169.77475958333335,0.13499042958333332,20.0115655155724,650.0,320.0,271.51725589225595,0.8028953652793002,25.0,15.0,6.0,cane
0521c537-39d1-4b7b-90e8-b1da4058938d,191.3754558589495,263616.32518444356,86.14350320161353,44183.31746365372,659.6929713691,158866.8095751976,335.14463014587903,3519.9450151596197,0.14657342923009256,0.022068075318034508,0.5625864857112585,0.019491757750509903,0.16760962127220425,184.09715583333332,0.15405597958333334,25.011565351010102,400.0,240.0,814.5517676767677,0.8028953652793002,30.0,20.0,6.0,cane
0609818a-df03-4884-b6b8-70291310e5ba,183.7442220477953,270921.6261023996,84.44437384569409,57630.8897593271,671.2531619303907,155266.65303322038,324.1158164128061,3440.3522826355693,0.184380614777883,0.02363917271043771,0.6223383763097118,0.019007077793995353,0.21272650672141105,180.09653041666664,0.14528744041666666,20.0115655155724,1200.0,320.0,271.51725589225595,0.8028953652793002,25.0,15.0,6.0,cane
062039bd-5823-4913-8191-dc491eec38aa,200.28800509275646,477778.2872337448,77.39220914890296,41649.03258032828,940.1730575020692,312455.8655172978,502.0536831246193,6904.34635773001,0.06059423189906356,0.01180359577166456,0.6845190500637102,0.016108465973632538,0.08717466342941689,173.53763625,0.14027313833333332,22.505782674242425,900.0,240.0,407.27588383838383,2.0078392033182246,25.0,20.0,12.0,cane
06328677-cec6-4a25-a70e-ce4401380c48,162.31862764016878,334976.69370485324,66.73308995982516,51884.53444774932,708.2539086108134,198124.30595769713,351.707887933689,4383.960860590142,0.10853483159791667,0.016494888816361533,0.6544934058632365,0.014601271665652933,0.1548940608901835,162.13916958333334,0.12882033625,22.505782674242425,650.0,320.0,271.51725589225595,1.3586033074955537,25.0,20.0,9.0,cane
06375508-9f7d-482d-a8aa-03ea5a72cdef,197.54104475821015,496699.626962363,78.8922495076829,55988.79219872455,958.041544066821,317485.0376547731,511.89074603516815,7015.76766648329,0.08398047156482534,0.011580002876031144,0.6754112287628051,0.016364378030729442,0.11272462973396573,174.96497375,0.14167765583333333,22.505782674242425,1200.0,320.0,407.27588383838383,2.0078392033182246,25.0,20.0,12.0,cane
06ca1f60-21f0-4825-927b-d5c5cfa92392,190.23974906257035,263570.17350162915,86.28037578994481,44256.91913550899,648.4335419477322,156986.9621504396,328.8789510861498,3478.043753073031,0.1441188336937816,0.02166337083808923,0.5542937509955493,0.019564670411232696,0.16791827987278093,184.40382958333336,0.15429636166666666,25.011565351010102,650.0,240.0,678.7931397306396,0.8028953652793002,30.0,20.0,6.0,cane
070eddef-0b38-4766-9dbc-6ee7986c34e7,128.8755461827748,179774.56750767285,77.16894455187922,69784.90132628444,389.1587790130922,76900.8158371183,172.07239357937817,1711.8270824351912,0.3008494444913721,0.03770028360531355,0.47550195241400456,0.018155711262910247,0.38818549794540425,174.46225291666667,0.14404386958333334,25.011565351010102,400.0,400.0,814.5517676767677,0.3837245557808073,30.0,20.0,3.0,cane
0768f23a-2830-4e5e-8974-471af0b6f98f,132.40183848648778,184804.18446575466,47.62972469967226,23031.20517101983,443.22025515431517,108801.00553649827,200.64852350641814,2413.249540268767,0.2127209087771675,0.0206685182836069,0.5035044209913404,0.013489003227442179,0.12462967871592645,143.94503208333333,0.11209848,22.517348022727273,400.0,160.0,271.51725589225595,0.8028953652793002,30.0,15.0,6.0,cane
0803ab32-f19e-449a-9c61-35355fa0de95,145.40139094021697,193411.64066329514,93.56860521833147,77153.30918246797,419.41957990107926,82535.36989615778,183.4982925025473,1834.943428089545,0.3112087801484638,0.0398471413954335,0.5124419987597538,0.01995423532822641,0.39891227599902446,192.88327333333334,0.15819083458333333,20.0115655155724,650.0,400.0,407.27588383838383,0.3837245557808073,25.0,15.0,3.0,cane
081c3cc6-3098-4242-97a9-5330506b5a0b,108.37707952924987,325493.8213722165,46.382657571826904,33975.722758980286,528.595571450633,179053.21305848318,247.2901628544891,3960.5098697830967,0.08797580701455175,0.011838953992613636,0.6510061853219382,0.010381698901198142,0.10438430778994597,141.56551166666665,0.10981261645833333,22.517348022727273,400.0,240.0,271.51725589225595,2.0078392033182246,30.0,15.0,12.0,cane
081fef8d-4dac-48af-9efb-b78d365f27ad,224.12387785507858,532921.8687236637,104.12816863554164,48503.26482537159,1001.182668997399,347402.9054126998,555.5209394281294,7679.518201913418,0.0719972513008628,0.01121642595424032,0.6529263362831124,0.020475773104724582,0.09101660116077033,202.09693583333333,0.17122528875,22.517348022727273,900.0,240.0,814.5517676767677,2.0078392033182246,30.0,15.0,12.0,cane
084acc9b-9669-4481-af57-2da95a9442fe,238.6649665560008,445311.4754690347,105.82977752415303,64964.099340905035,995.1334451736134,283237.1532317454,537.5063615270158,6266.948487187547,0.09840760385010522,0.016207778408438553,0.6749938980836491,0.020834963620680803,0.14588794756010412,203.0128116666667,0.17033826208333333,22.505782674242425,650.0,320.0,678.7931397306396,1.3586033074955537,25.0,20.0,9.0,cane
08b53ff4-108c-4e52-a03e-830556b5f291,130.00599465471913,180314.091011483,78.65716923168632,70975.19670104489,387.48311369863046,77008.23980235933,165.43007835919926,1713.613218841465,0.3127550067078072,0.040238531275473485,0.5136026145457914,0.018371952978151432,0.3936251709456491,177.43799375,0.14262282916666666,20.0115655155724,400.0,400.0,407.27588383838383,0.3837245557808073,25.0,15.0,3.0,cane
08b7437e-781a-4a1c-8844-c49c37e1f5eb,196.87716531322425,472223.8571436669,81.70243921696895,42683.34287989209,916.300464341084,304579.9783707422,480.04416335449844,6730.235742731605,0.07471350477357952,0.012061340377125421,0.7085690087810605,0.017430222172918633,0.09039028461047201,177.84726125,0.14312897375,20.0115655155724,900.0,240.0,407.27588383838383,2.0078392033182246,25.0,15.0,12.0,cane
08b75275-9c1c-45e2-b9b6-0dd2eb1c75f1,98.65859829672797,340583.7133356786,43.35414854367208,55377.40862434073,510.4057320982271,172922.93469042628,235.60352501124942,3823.222118290714,0.1328141390319234,0.011671510971642466,0.6492371637930135,0.010010835765552303,0.16259840073532514,138.44352291666667,0.10672301383333334,22.517348022727273,400.0,400.0,271.51725589225595,2.0078392033182246,30.0,15.0,12.0,cane
08bd3a3e-e85c-4a9a-b386-88a65184f4f3,131.17456557294483,398176.11844633165,59.212595292041804,61729.32172757836,669.4066542816036,221127.07207644676,328.2191908060129,4890.884868870037,0.13310988509814814,0.011362729548788931,0.6401034073956862,0.01281558005501138,0.15503349959569968,154.32330375,0.122391382625,22.517348022727273,1200.0,400.0,271.51725589225595,2.0078392033182246,30.0,15.0,12.0,cane
08f457fe-630c-41b8-a3d9-b2a2da48c3e9,130.9160556664495,149078.850436091,67.0509441512902,39812.75949433668,368.25003794913357,74958.94454136513,158.91580847777257,1669.696919476196,0.32287423186247893,0.03607384414754841,0.45197664722965075,0.01881917046987954,0.2670673265165699,165.88649625,0.13525017083333332,25.011565351010102,1200.0,240.0,678.7931397306396,0.3837245557808073,30.0,20.0,3.0,cane
090bd78c-6e48-416e-8d01-0802d36328e3,160.0451760181986,451826.2448797093,69.94408715304921,66289.91221719127,799.3051252378781,265117.77583140176,417.30278589061624,5861.821127800143,0.11441081506922347,0.010987122851252104,0.6223372446276411,0.014575615292085738,0.1467196742512131,165.72477999999998,0.13529026375,25.011565351010102,650.0,400.0,407.27588383838383,2.0078392033182246,30.0,20.0,12.0,cane
0935bd82-876b-4dec-a707-ea0b5b4070ba,125.28438466052134,370345.8726608402,56.234218184448245,48446.33945124658,624.3859076795285,207966.27920420494,302.92029651856615,4601.170681685347,0.11025589930912245,0.011712308412521043,0.6565345984796296,0.0120963605499849,0.13081688113658937,151.39481041666667,0.11951547320833333,22.517348022727273,650.0,320.0,271.51725589225595,2.0078392033182246,30.0,15.0,12.0,cane
09ec7b09-4c27-426f-90a8-205999a12187,168.89407296280385,468543.8725435033,76.89909302165037,69128.9480434493,832.2980747180313,276815.6228815044,432.6886893133895,6119.3150930610545,0.12031888679889519,0.011110608735861742,0.6357013423201494,0.016044076430406222,0.14754349149351076,172.82237124999997,0.14106432166666666,22.517348022727273,900.0,400.0,407.27588383838383,2.0078392033182246,30.0,15.0,12.0,cane
0aa8573a-a727-44ad-98e6-eb4472512ad8,245.26514210336012,540426.353386313,109.50444559705872,33191.87913027487,1069.960617745281,369855.0676548804,594.6863727733426,8173.2214293441975,0.04890787651226852,0.011904118472011784,0.709733119316393,0.02150324853345724,0.0614198644338698,207.4492425,0.17322056791666665,20.0115655155724,1200.0,160.0,814.5517676767677,2.0078392033182246,25.0,15.0,12.0,cane
0ab94ffc-a148-4736-a7c4-26fe52f7c325,129.01925894516185,183227.55633161162,80.94870500384216,71702.19928790232,383.1819546770844,76924.90979385772,168.02112494100354,1712.3567911895063,0.3052401947697812,0.03684246812316919,0.4666645875148359,0.01853146895972966,0.39133390307295607,179.25549791666666,0.14890942375000002,25.011565351010102,900.0,400.0,814.5517676767677,0.3837245557808073,30.0,20.0,3.0,cane
0ac68295-b715-439e-ba86-f9f0784f742e,141.94480985363722,398457.3623624933,57.44504246178786,48877.5717035546,705.8931460089542,232701.13422467586,345.7269482249549,5144.938649521789,0.09660903510106271,0.012115232625052607,0.696719558935301,0.013393582179224657,0.12266959184864222,152.74241166666667,0.11819950979166667,20.0115655155724,900.0,320.0,271.51725589225595,2.0078392033182246,25.0,15.0,12.0,cane
0aec98ee-b605-4ed8-a3ee-ab551a1714ab,147.73938520323816,190976.21506320173,81.88016807254563,70855.40809567041,460.64041127027207,86562.09532702497,206.64466218846457,1925.3434147250864,0.2724372166217382,0.04083883555013679,0.5226466810406145,0.018881492513400096,0.37102255811075574,177.13851875,0.14377674208333333,22.505782674242425,650.0,400.0,271.51725589225595,0.3837245557808073,25.0,20.0,3.0,cane
0aef6b8d-c677-4e34-b818-d458a878d468,173.8077619948941,373109.1919762011,76.55562794515166,68955.9826989881,766.2331908940549,214786.02758322636,382.44758149724925,4750.630545555225,0.13899569889168772,0.016601306685556608,0.6796168083608376,0.01742744704915759,0.18481840213483047,172.38995666666665,0.13772148083333333,20.0115655155724,400.0,400.0,407.27588383838383,1.3586033074955537,25.0,15.0,9.0,cane
0af9b5c7-1e65-4a6b-935a-db2bd5f95ce3,156.8805981003428,139875.60268412184,65.68253260284948,26076.98251739318,409.92732159163785,80221.52649967266,181.63593618371218,1785.0171110236045,0.22823132590320924,0.03868295219652777,0.4708557835572916,0.018613424149649862,0.18643703846950288,162.98114166666667,0.12956530041666667,22.505782674242425,1200.0,160.0,271.51725589225595,0.3837245557808073,25.0,20.0,3.0,cane
0b665d86-40cd-4264-b53f-0245859b1512,142.93164323755263,153158.6243116588,71.57721112181017,40675.73381037707,393.4040643294,78059.02168967338,174.30494926724472,1738.3584251505324,0.32588733271122683,0.036082854305997475,0.45355408904952654,0.01955659535013173,0.2655877811054716,169.48222375,0.13890284,25.011565351010102,1200.0,240.0,407.27588383838383,0.3837245557808073,30.0,20.0,3.0,cane
0c4575cb-e37e-4289-8968-bc820e7d1de3,225.88592139931492,434370.3555433283,108.10096366726793,65935.66092340829,931.187760843603,269529.1221501939,504.93556440151366,5960.5795554954175,0.11043607065278832,0.015171417704461279,0.6112711059655304,0.021440436799457667,0.15180050154418243,206.04894124999998,0.17696674166666668,25.011565351010102,650.0,320.0,814.5517676767677,1.3586033074955537,30.0,20.0,9.0,cane
0c50fe7c-e5a2-4d47-a7fe-734030c71d41,216.7643389622898,480813.69682249473,83.27026174372783,28742.055874417318,982.7154544835635,328130.57893134526,531.3076373229745,7251.344995702714,0.04307024265144149,0.011960585406218433,0.695835016336069,0.01697016727070703,0.05977957616328811,179.63784833333332,0.14639217666666668,22.505782674242425,1200.0,160.0,407.27588383838383,2.0078392033182246,25.0,20.0,12.0,cane
0c63ec29-0afa-464d-9922-da582cefca38,241.7440988560164,425265.2412195949,101.96874591592278,47913.92601040032,968.859446434266,278927.2695684243,524.918061499984,6166.013344583517,0.08146146471277356,0.016233005045128365,0.6729778706914666,0.020816118086888595,0.11267120691277567,199.6413579166667,0.16682269791666668,22.505782674242425,900.0,240.0,678.7931397306396,1.3586033074955537,25.0,20.0,9.0,cane
0c6b6565-30e0-4470-ae67-5bd483a3abd4,186.25476607479672,433099.24089955987,76.18341064401572,27611.30809827076,839.4930577202043,282071.9897826871,441.5542274099132,6235.836479585006,0.059398696680871214,0.011588498654040403,0.6574522195959279,0.01639547743157724,0.06375468503718669,172.57067541666666,0.14081598583333332,22.517348022727273,900.0,160.0,407.27588383838383,2.0078392033182246,30.0,15.0,12.0,cane
0d12be01-d25d-4aaf-9d8f-af281546d1cd,158.0816322396096,245652.0933015064,69.11221046696883,52745.22929360813,585.136863296952,137070.3670313128,283.8717130417106,3039.450746930866,0.18220022783896256,0.022155741334469698,0.5607886906515992,0.016257482097963856,0.21472087109460766,164.82884208333334,0.13424964333333333,25.011565351010102,650.0,320.0,271.51725589225595,0.8028953652793002,30.0,20.0,6.0,cane
0d311481-900a-4717-bc3e-e6dc0aa6ef19,197.1791958686113,384785.38104006165,87.03777835153596,58723.359374844,832.7731406008733,235185.65647047746,436.92819934389473,5199.880473710231,0.12023242200931186,0.015491289031302612,0.6156708380945496,0.018388924088419405,0.15261793595528442,183.5104975,0.15339495833333333,25.011565351010102,900.0,320.0,407.27588383838383,1.3586033074955537,30.0,20.0,9.0,cane
0d54ec4f-2177-47d9-90f0-921c661e52a8,138.30564835710305,169772.60781071166,83.78199591140037,58103.90541647841,392.1171892339497,77975.71581876934,168.640354139921,1735.3577486441993,0.27638586267350596,0.040874526728282824,0.5218491414426241,0.01896634904079606,0.34225120209741644,181.57470541666666,0.14676944208333334,20.0115655155724,650.0,320.0,814.5517676767677,0.3837245557808073,25.0,15.0,3.0,cane
0ee068dd-6364-49ea-b0c9-33de5a05d8aa,196.70201098503182,290071.8915299957,90.21119946264552,60037.02062684449,717.3345995546155,170149.15791792126,365.30581326468075,3767.132718415676,0.174197322715383,0.022764032088425926,0.6000314877314288,0.019200627525564954,0.206977903190995,187.61569,0.15452597,22.505782674242425,400.0,320.0,814.5517676767677,0.8028953652793002,25.0,20.0,6.0,cane
0f8677d9-7921-40ae-86d3-76909a9fa534,130.72290848266817,142632.9744651025,60.85113156100776,37797.66003869408,363.88971535712716,72163.064923146,154.01494673985633,1607.9639519787243,0.35257439589146683,0.0357414783173506,0.4448271526023569,0.017790916444150633,0.2650070294882047,157.49024875,0.12548451458333335,22.517348022727273,650.0,240.0,271.51725589225595,0.3837245557808073,30.0,15.0,3.0,cane
0ff4d018-bda1-4692-8286-bf3d9d095469,211.69453721067697,428953.2223106671,90.1734107513777,74638.24898852449,934.7365348568707,262145.0600089934,493.0576120543435,5793.150241493481,0.1292554865513047,0.015823696397253787,0.6478577062522413,0.019151147439494164,0.17400528314926378,186.5956225,0.15341850041666666,22.505782674242425,1200.0,400.0,407.27588383838383,1.3586033074955537,25.0,20.0,9.0,cane
1025176d-0318-4c9b-a6d5-6a3388c2f57a,210.2984316833327,257627.1112204888,85.67412284892487,29416.210520508288,687.1620354932476,166004.24768046822,350.59578973796704,3675.671322292446,0.09387451212601011,0.023561794232954545,0.6134871491211595,0.019258292405038274,0.11418470827277244,183.85131666666666,0.15063695166666666,22.505782674242425,650.0,160.0,678.7931397306396,0.8028953652793002,25.0,20.0,6.0,cane
108cc10c-bf70-4962-b358-02d6031eabe6,210.55221779146547,429221.4725223717,98.15485872651324,77961.07133275743,911.9049285774855,257604.77983199546,486.03384640597136,5694.238995597995,0.13496011637957706,0.015315502886637205,0.6172066517979798,0.01992504837438405,0.18163834820275102,194.90268,0.16536142125,25.011565351010102,400.0,400.0,678.7931397306396,1.3586033074955537,30.0,20.0,9.0,cane
10ad3487-7c88-4cda-8229-5a9a4f79993d,140.15529828464682,135810.94061378163,62.88410458032625,25886.041896262115,375.0080386400781,76317.60431570433,162.4746605287926,1698.6699709778422,0.22720968511929712,0.038463662417150685,0.46906676198996206,0.017904957438581535,0.1906108865183143,161.7877625,0.1283815525,22.505782674242425,900.0,160.0,814.5517676767677,0.3837245557808073,25.0,20.0,3.0,cane
10ccf50a-ada3-4bba-aba1-3cf8b94f198c,142.9788408307745,381523.9881095418,62.94457130073196,37971.50535879582,688.373940889983,228159.09413461,341.1536071832757,5044.815559541541,0.07878007148328073,0.011883062667634678,0.6673591591088068,0.013243489719975547,0.09952805493586474,158.21460541666667,0.12627806208333334,22.517348022727273,1200.0,240.0,271.51725589225595,2.0078392033182246,30.0,15.0,12.0,cane
10d003a0-08a5-4a60-a627-c699927b28b3,131.43378619885274,166467.15987753982,77.0615108288883,56135.64766434517,376.62333840308736,75899.2952684262,164.2977943917715,1689.4389460444163,0.2797779510348274,0.037662139746170026,0.4730997931477693,0.018494857831317532,0.33722343559081597,175.42389875,0.14498048625,25.011565351010102,900.0,320.0,678.7931397306396,0.3837245557808073,30.0,20.0,3.0,cane
10d6ace1-6c99-4078-ac73-35824f616061,140.84006312672187,154747.52986422068,70.85390068580996,40671.45778760399,401.2912657745318,80276.68503914033,177.25546303400358,1786.1629729861154,0.3136866384762206,0.0374075411874053,0.4722396012875105,0.018553762704715877,0.26283304552157366,169.46440666666666,0.1360500075,22.505782674242425,900.0,240.0,814.5517676767677,0.3837245557808073,25.0,20.0,3.0,cane
10de9b13-3d08-46b6-8a8a-146769a5b2cc,168.9603500298706,323051.9963193568,66.20271354227529,38842.570626828056,710.3115803977632,199591.23874367448,354.5429835904873,4415.227754728588,0.10802745476720327,0.016057778801609846,0.6300044289774832,0.014841078414226855,0.12023961631791975,161.84404375,0.12848396791666666,22.505782674242425,1200.0,240.0,271.51725589225595,1.3586033074955537,25.0,20.0,9.0,cane
10e6fb84-9850-47ad-b546-1cee5310e17a,187.9156516893927,503521.9459680033,81.9316089173849,71237.47268709177,926.2894033058659,307602.8985019965,497.95681763131074,6799.701276269501,0.10829169662093857,0.010878840379219277,0.621018766439941,0.016871899979223268,0.14148209405060794,178.09368166666664,0.14784535208333335,25.011565351010102,1200.0,400.0,407.27588383838383,2.0078392033182246,30.0,20.0,12.0,cane
11c65bd0-dad3-4ac7-bc02-3de6ad80ada6,228.9512300419353,294028.81081983127,94.31962585383476,45951.21521567627,795.072802839184,185670.11349035276,408.39386097681665,4109.256969279876,0.13870824698292294,0.023266807382175923,0.6156946741346065,0.020955927733807257,0.15628587792109697,191.46339708333335,0.15834346333333335,22.505782674242425,1200.0,240.0,407.27588383838383,0.8028953652793002,25.0,20.0,6.0,cane
11e3abe8-2eb6-421d-ad8e-5fbd79558c48,195.806696477606,286753.22708438727,93.61348398209962,60978.966401030535,694.1245047666397,163410.72639676114,346.6724442675626,3621.4135486717405,0.1759796626349432,0.022352073396201603,0.5851341887499896,0.020673835103640917,0.21265814312741926,190.55927,0.1590876525,22.517348022727273,1200.0,320.0,407.27588383838383,0.8028953652793002,30.0,15.0,6.0,cane
12056267-823c-45ae-8089-dc8747837ae2,149.96879158606117,135452.50096988105,62.046894186973375,25444.380795640056,394.66806679973035,77457.85017266804,172.49591114684293,1722.3385805034695,0.22361509867896676,0.039036639666308916,0.47043418450416674,0.017808952501313296,0.187854320278822,159.02737833333333,0.12563686708333333,22.505782674242425,650.0,160.0,271.51725589225595,0.3837245557808073,25.0,20.0,3.0,cane
12782b39-297f-44aa-8006-92356b37a6fb,189.6508004167863,264499.3082381968,90.29805868316402,45259.605928391735,640.9757035643271,156016.73985520558,318.4676505334687,3456.997092274399,0.14765268426958122,0.023325477734711705,0.6172370210478326,0.01972522706739679,0.17111842184773782,188.58169083333334,0.1538509325,20.0115655155724,1200.0,240.0,678.7931397306396,0.8028953652793002,25.0,15.0,6.0,cane
1284451b-1492-4782-a46d-b40f9fafb312,132.4609618828366,364407.2419403093,57.300266196883,36611.10329211066,638.1557069749381,212573.0122943986,311.49611951961793,4701.549682106014,0.08869356455850169,0.011704305062194865,0.6504855923061764,0.012325007744222984,0.10046997772617396,152.54626166666665,0.12067595041666666,22.517348022727273,650.0,240.0,271.51725589225595,2.0078392033182246,30.0,15.0,12.0,cane
12ec4198-415e-4124-851e-b694486ee8e3,149.90484609407812,195586.43359604888,92.41087870974269,76365.21790605225,436.3881875029249,84531.3119324121,194.36270529172953,1880.8394339619379,0.2952760410138889,0.03971713654218224,0.5120602558944444,0.020765468465481496,0.3904469216069286,190.913045,0.15942042208333332,22.517348022727273,1200.0,400.0,271.51725589225595,0.3837245557808073,30.0,15.0,3.0,cane
12f10d8e-b962-40c5-9163-22fec5dfe8f7,196.29324832795763,273887.7332955754,86.27612403608369,44372.16755674631,680.1060958506686,165878.2782598775,347.6293878220646,3673.7083101154017,0.14033179596551978,0.022599693658996216,0.5923632145804714,0.019270931543814415,0.16201354264911974,184.88403041666666,0.15164755416666667,22.505782674242425,1200.0,240.0,814.5517676767677,0.8028953652793002,25.0,20.0,6.0,cane
13007486-1f63-42dd-9441-6c4e6fd826d1,212.83842603642788,439153.36461427814,109.17594577864385,82723.85215110656,891.0147318142454,257145.5909192112,473.1748964766107,5688.990377715043,0.1521315604726431,0.015061676470573444,0.6155752088029565,0.02162871823416347,0.18837622777297394,206.80963041666666,0.1760563429166667,22.517348022727273,900.0,400.0,678.7931397306396,1.3586033074955537,30.0,15.0,9.0,cane
1305f089-6a84-4546-9a39-edefe80b1227,169.53487430050868,303648.2530119024,67.60529868898033,26192.664133596383,675.2602024095643,192272.81630635847,341.55467968545736,4256.40744805379,0.08770902285058924,0.015486813087521043,0.5899937052547874,0.01537070738767461,0.08626262683921145,163.70415083333333,0.13311360458333332,25.011565351010102,1200.0,160.0,271.51725589225595,1.3586033074955537,30.0,20.0,9.0,cane
1310da6f-469e-4316-adfa-9875dcf91612,173.54293645256513,219459.2856950844,60.43765543010775,25160.546584807653,576.6700038936123,137562.83459055334,283.00255028222836,3049.405451174243,0.18722073258718433,0.020581997166414137,0.5071674083711596,0.017186897316054106,0.11465326619333889,157.25341541666668,0.12655852166666667,25.011565351010102,1200.0,160.0,271.51725589225595,0.8028953652793002,30.0,20.0,6.0,cane
13742cde-9759-4266-8885-93e4d119b03e,124.30810716546539,139520.59818776025,60.52551982302593,37850.82906076669,344.81459033366235,69634.97791306712,144.27067861951696,1552.5409897838992,0.3557590884011469,0.03567585100741793,0.4436270754600273,0.017189168867098755,0.27129950748880277,157.71179083333334,0.12573288625,22.517348022727273,400.0,240.0,407.27588383838383,0.3837245557808073,30.0,15.0,3.0,cane
13aac165-b9c0-4fe5-80fd-07c197b4c9fd,164.35660334998687,397031.04670855496,62.36362512977569,25314.403156431974,758.2724965195741,253343.23006379325,389.613476946046,5599.811900876527,0.04463984708110269,0.012143253883659512,0.689597017437237,0.01319286584169353,0.06376091513171843,158.21502125,0.12504704725000002,22.505782674242425,400.0,160.0,407.27588383838383,2.0078392033182246,25.0,20.0,12.0,cane
13b76c3d-46e3-403b-aa06-877262453356,161.31867647412923,412567.4462689627,66.47204042576593,38937.29212082533,766.3072059313328,254735.19162753425,397.3336857221497,5632.843127962015,0.07316916622588385,0.011464323498390152,0.6422945572573653,0.013964791961049352,0.09438062780968341,162.23871499999998,0.13184661375,25.011565351010102,400.0,240.0,407.27588383838383,2.0078392033182246,30.0,20.0,12.0,cane
13d554c3-9dcf-4a67-989a-fbb7d28c933f,168.46100288949796,424104.2064033588,67.85772358382975,39270.57889468655,796.4713920219685,264008.07686848304,404.16714411206476,5834.624766641001,0.07290847924654882,0.01233357661707702,0.7167268161885312,0.015146104283518556,0.09259884727754014,163.62741333333335,0.12906042083333333,20.0115655155724,400.0,240.0,407.27588383838383,2.0078392033182246,25.0,15.0,12.0,cane
141149e1-955b-4830-a846-7d6beab77164,244.98787416301266,589000.0890835554,103.11036783537284,64141.869132573105,1145.7477720181596,389996.7308099468,644.193643541884,8615.921791147222,0.07548354841249999,0.011361002853703705,0.6741544825461805,0.020118643290813767,0.10890272160689944,200.44334125,0.16768154875,22.505782674242425,1200.0,320.0,678.7931397306396,2.0078392033182246,25.0,20.0,12.0,cane
14ad39f3-471a-46a1-b3e4-2303a474bf2d,190.9154887511669,311533.35679704905,102.05305858203391,80019.1999891846,698.9478174907242,167654.77640177435,357.61713848951905,3713.0064829534726,0.17997493093539563,0.02156862138626894,0.5654385335697181,0.020408242221507385,0.25686153629400943,200.04799916666664,0.17050738708333332,25.011565351010102,1200.0,400.0,678.7931397306396,0.8028953652793002,30.0,20.0,6.0,cane
15169029-f4bf-49b4-94a0-d5845502756f,229.8959746407938,563835.4382498293,102.44147863566195,63988.252058234706,1066.7332354537884,364577.09661123186,598.8624187629636,8056.481547844967,0.07885154919240318,0.010923281242297982,0.6320284859825125,0.02008864483863648,0.11349071408125105,199.96328791666667,0.17059743333333333,25.011565351010102,900.0,320.0,678.7931397306396,2.0078392033182246,30.0,20.0,12.0,cane
15b1cc36-a555-4422-a729-41f0282fdd40,167.4621598415835,214035.2120034519,57.11000909479467,24585.399040387998,562.226252746399,134258.39239484345,270.5990654020414,2972.5443539972716,0.17977088312166456,0.020987276983890992,0.5193931320620266,0.015555408678808197,0.11487123930894795,153.65874541666668,0.12034076483333334,22.505782674242425,900.0,160.0,271.51725589225595,0.8028953652793002,25.0,20.0,6.0,cane
15c7dfec-3404-482c-984c-c5e51918d43e,186.55110811803814,280855.96061116806,87.34893532723831,59206.99934570538,674.252718352595,161146.37067055583,343.2810873178443,3572.8010420688097,0.1753808917360059,0.02195588433015572,0.5696030074015889,0.01949061097564285,0.21081468618496668,185.0218720833333,0.15500759125,25.011565351010102,400.0,320.0,814.5517676767677,0.8028953652793002,30.0,20.0,6.0,cane
1605cd6f-bebe-435b-9242-dbd1180a5a72,141.80544182687663,149775.85945892552,65.03637018030155,38826.74556464357,397.2802585241516,77490.09218457088,175.7017319567,1723.5673523354571,0.32890668818397517,0.035956526764667505,0.4467938824276515,0.019131616188640663,0.2592408764043242,161.77810583333334,0.13109000916666666,25.011565351010102,900.0,240.0,271.51725589225595,0.3837245557808073,30.0,20.0,3.0,cane
16a31f8f-2890-44ba-822d-33bfbed09fe0,142.8987504637251,174061.55720233062,81.9205882610869,57600.47023791256,414.48399785502045,81937.36808453269,184.72855240704615,1822.4417434395011,0.24281927944749582,0.040607295947885105,0.5171574690501682,0.018491653214200533,0.33092487234910345,180.00146958333335,0.146671085,22.505782674242425,900.0,320.0,678.7931397306396,0.3837245557808073,25.0,20.0,3.0,cane
16ac94e9-9b63-4a79-aa37-c7a259d91d2c,190.26956130075848,288496.89640020556,93.91236624767741,61487.50485010171,675.8072178886013,163258.42357577576,344.803830916818,3618.4254569927602,0.16362274697095958,0.021949816186816077,0.5743516487657617,0.020015102561008656,0.21313639860999975,192.14845291666666,0.16226627958333334,25.011565351010102,1200.0,320.0,678.7931397306396,0.8028953652793002,30.0,20.0,6.0,cane
1727cedf-ee45-44f7-911f-815609841ca4,141.61856655176243,168719.471175196,76.11996534372064,55195.79856802465,420.33420432563224,81160.013111922,186.56211136062234,1806.9184391155486,0.28565077367371633,0.04002384510778619,0.5043848292891835,0.017964804587764824,0.3271520170318713,172.48687125,0.13910580541666667,22.505782674242425,400.0,320.0,407.27588383838383,0.3837245557808073,25.0,20.0,3.0,cane
179f2694-dcda-4734-9bea-3887a81d1372,193.8508733981231,402956.46688772115,87.01002523079623,73314.71560038785,851.6299415005145,238989.485544608,446.55845845103516,5286.316366855598,0.1320150416288931,0.015410191650547137,0.6144378419178556,0.018508226960408998,0.18194667045422164,183.28678625,0.15315888208333334,25.011565351010102,900.0,400.0,407.27588383838383,1.3586033074955537,30.0,20.0,9.0,cane
187cd2c0-d616-4e76-a3b6-71d6fcc4d51b,167.94419511654647,445487.19282290066,74.45377122199022,54517.96655554954,806.7376816866023,268797.75356731605,417.49448212038925,5942.884882981092,0.09972213884631735,0.011310250582596802,0.6426087004861428,0.015581787317391904,0.12238140971637722,170.36864666666668,0.13862360958333333,22.517348022727273,650.0,320.0,407.27588383838383,2.0078392033182246,30.0,15.0,12.0,cane
187d260c-9033-4727-8367-c0b7e1a0222b,160.46453471739076,227430.00316962556,65.23770091288759,38639.10803011825,564.9899799136734,133073.39863440875,264.13798454431543,2950.053673927018,0.15512993150345117,0.024153691348937287,0.621952850262079,0.016259229168784615,0.16989891400804116,160.99628458333333,0.12633104291666666,20.0115655155724,400.0,240.0,271.51725589225595,0.8028953652793002,25.0,15.0,6.0,cane
189a7041-85bc-4361-bcd7-14bf8d36a2bd,203.75546947162567,542755.8426782483,98.73183242720177,78498.86689994222,964.7189094801447,331752.21371182735,529.3074202731973,7330.949645975305,0.11536610149482324,0.010934577040114687,0.6380603981611532,0.019408427262231465,0.1446338304885739,196.24716541666666,0.16508089041666665,22.517348022727273,1200.0,400.0,678.7931397306396,2.0078392033182246,30.0,15.0,12.0,cane
18e131a2-e0b5-4163-aa4d-57737dadb3f7,264.8821138589406,570267.0148581624,105.8351274314028,32581.879470601536,1167.2349511014463,401667.4927403794,662.8281680717716,8870.891214940417,0.04157521545349326,0.011702727799736953,0.6935994572767784,0.02076635355644041,0.05713636987184626,203.63674708333335,0.17103109416666665,22.505782674242425,900.0,160.0,814.5517676767677,2.0078392033182246,25.0,20.0,12.0,cane
18ff0bb5-a58b-4dfa-875a-3242b448a8ea,132.09575130197078,147187.07570234415,69.62677415240893,40267.26872093679,365.7037037240991,73963.95471052211,154.23826058388246,1646.0641580105146,0.34357344085563973,0.03698047906767678,0.4667457850821338,0.01796080064455113,0.273586077074441,167.78028708333332,0.13297577666666668,20.0115655155724,650.0,240.0,678.7931397306396,0.3837245557808073,25.0,15.0,3.0,cane
192c0398-e42e-46d9-b233-216001d9f80c,136.11928873566737,134104.65163471363,64.53903162411932,26172.96395290586,359.0694356645767,73689.7299866522,153.1737346348029,1640.9552398382496,0.23823737799568606,0.038035761136942334,0.4653264428967803,0.018685816984548798,0.1951759933770265,163.58102416666665,0.13291454041666667,25.011565351010102,1200.0,160.0,678.7931397306396,0.3837245557808073,30.0,20.0,3.0,cane
193f3bbc-b6b0-416e-ac32-d11f1a2baf12,124.71191866488044,285680.25117611414,54.88476748514557,48073.06563279544,540.0162656442548,154986.3253589204,253.33493067451332,3431.173118589319,0.14345299711752946,0.016147082306313135,0.628043857702336,0.012721620038780763,0.16827942460785564,150.22833041666667,0.11838796591666667,22.517348022727273,400.0,320.0,271.51725589225595,1.3586033074955537,30.0,15.0,9.0,cane
197e20c8-5f29-4de9-bd91-f8219aee3ddd,141.8498225921273,170572.51436846712,78.46571564231297,56203.207439473306,418.6612785921267,81668.63783322537,186.5369581610322,1816.558685314086,0.26683355661900243,0.04087135697974537,0.518626742208386,0.01811850526087012,0.3295036574772953,175.6350225,0.14229198583333333,22.505782674242425,400.0,320.0,814.5517676767677,0.3837245557808073,25.0,20.0,3.0,cane
1998f9a8-ce88-45bd-8c2f-04c8fb841398,192.96183870060463,332218.9079697787,77.16679260734436,27784.35097832678,757.3606392122073,215487.56095204575,382.6466702433338,4765.708298585366,0.0891121513253788,0.016563707193939393,0.658766762044318,0.01757327507360217,0.08363526672812345,173.65219333333334,0.13899131833333334,20.0115655155724,400.0,160.0,407.27588383838383,1.3586033074955537,25.0,15.0,9.0,cane
19a2d25e-82f6-4ac3-a38c-caf3a16bb974,226.84575884881286,577837.2264842581,94.232524078718,76376.3026409423,1105.549282759552,370491.98361362424,610.9011346462719,8189.110382061666,0.09593792649018307,0.011345274684943181,0.6718491704031462,0.018879125144448186,0.13217968353648418,190.94075666666666,0.15812518291666666,22.505782674242425,400.0,400.0,814.5517676767677,2.0078392033182246,25.0,20.0,12.0,cane
19e9cbbb-cc19-4979-a219-9e9fe1ee5337,213.4288425369201,256121.08593144905,83.05948527484695,28916.856421318575,691.9641092770382,164638.12560924765,352.69254920602884,3646.841732532559,0.10884398778564815,0.022298904578798403,0.5641613716142677,0.020367375283664318,0.11290704996906527,180.73035416666667,0.15045663291666667,25.011565351010102,1200.0,160.0,407.27588383838383,0.8028953652793002,30.0,20.0,6.0,cane
19ec9bfd-cdb4-476a-84b6-1ecc41b9ca47,203.0559467443078,485819.0967215598,86.86303688615402,44066.75399618261,926.8005328525937,312699.79555853776,498.2088294484729,6911.923151030761,0.07452591121819235,0.011460969532838806,0.6623941438235584,0.018116184198085156,0.09070858024763194,183.61147458333335,0.15225842416666666,22.517348022727273,400.0,240.0,678.7931397306396,2.0078392033182246,30.0,15.0,12.0,cane
1a050f85-ed37-4600-881b-20c0ccf508f8,151.74679145333332,196409.00597843234,90.36792162553986,74722.14773509032,457.0161381933801,87206.65109861686,206.91304971856036,1938.6787531416273,0.2795837399935816,0.03957787094290826,0.508561258583407,0.019384460755855662,0.38044656084090495,186.80536916666665,0.15357237958333333,22.505782674242425,900.0,400.0,407.27588383838383,0.3837245557808073,25.0,20.0,3.0,cane
1a42d4ac-4320-43e5-99be-2b8719be7a15,212.492684700765,262463.53641258675,84.47141537925819,29284.245685219827,700.3934545162555,169970.54779603836,359.32100922109674,3765.9225618799665,0.1063874614417403,0.02316089945442971,0.6021716077009575,0.019744128569839172,0.11157896455020809,183.026535,0.14975745541666666,22.505782674242425,1200.0,160.0,678.7931397306396,0.8028953652793002,25.0,20.0,6.0,cane
1a792206-d649-47cc-b8ae-a60c0fdd68da,184.81485449758708,321320.3017445474,72.49026416624916,26974.412988795983,733.9853076315501,207508.49815659397,366.10608865242716,4593.010790030258,0.0865030522206755,0.01670078335204125,0.663952759804356,0.016897647939506717,0.08395106319506436,168.59008,0.1338203775,20.0115655155724,1200.0,160.0,271.51725589225595,1.3586033074955537,25.0,15.0,9.0,cane
1ace6b1d-916a-4554-9357-274326b498d8,138.72627279063653,171684.85413652373,80.55568455946738,57224.214159052564,400.71877677514055,79919.81810995458,177.082172807812,1777.7878273767394,0.24390237669265571,0.04021370660686027,0.5094799485742214,0.018151690325373226,0.33331588535247275,178.82566999999997,0.14548019625,22.505782674242425,1200.0,320.0,678.7931397306396,0.3837245557808073,25.0,20.0,3.0,cane
1adf2e4a-73b8-4310-bcf3-da33b982263f,229.99738056195022,434820.4115679126,110.10108534259766,66385.71404353483,947.2349290131439,270669.4885766394,501.17379381825697,5984.46762989301,0.11580694736948655,0.016480911220906988,0.6897440960486112,0.022174891300604054,0.1526773324235782,207.4553566666667,0.17321868875000002,20.0115655155724,650.0,320.0,678.7931397306396,1.3586033074955537,25.0,15.0,9.0,cane
1b48d072-a276-4475-ae7e-86883ead1779,192.561234590951,304571.9731882471,92.011049557477,75313.85039701512,728.1374749090154,168588.51257162783,369.186346997012,3736.8749377130152,0.18616466502535778,0.022143872707144362,0.5795600383895202,0.019844601199216536,0.24728403571951638,188.28462708333333,0.15829070250000002,25.011565351010102,650.0,400.0,407.27588383838383,0.8028953652793002,30.0,20.0,6.0,cane
1b635b50-6989-4621-b3fc-b95d093bde48,144.5385421643228,132889.66784621062,63.50079476583752,25720.90215954593,372.6542094806531,74175.62456614192,157.17329467741249,1649.873775014975,0.2665615335272937,0.038149027165782834,0.46597392852300096,0.017881037175307958,0.19355718947627665,160.75563624999998,0.12601220208333333,20.0115655155724,900.0,160.0,271.51725589225595,0.3837245557808073,25.0,15.0,3.0,cane
1b84425c-5c1b-4909-93ad-06ee83434da0,172.7796250797826,432482.7974961521,72.95418309957832,40558.93815889896,811.1756764172504,270927.1204052469,427.47519331680064,5987.716353323387,0.06738392208122895,0.01141540579614899,0.6439545941040614,0.01491600975214684,0.09378398429992495,168.99557541666667,0.13860946958333334,25.011565351010102,650.0,240.0,407.27588383838383,2.0078392033182246,30.0,20.0,12.0,cane
1bdd4509-225a-40e5-8539-1da0a3793d04,156.89009754950095,288727.54005078843,63.79885783340603,25561.124903391017,624.1550383245208,178639.9526713059,305.6366815142529,3954.7979296951344,0.09404651351548822,0.015790655448379633,0.6023120972900988,0.014784492917496542,0.08853282562299043,159.75703124999998,0.12783018916666666,22.517348022727273,900.0,160.0,271.51725589225595,1.3586033074955537,30.0,15.0,9.0,cane
1c0f642c-26f1-421e-bbcb-80d33b72420f,147.06444113498466,215341.5543847344,60.831775396070775,37571.76136771244,518.1938131421356,123227.6795483207,245.56294907429734,2733.2670112928463,0.16370070503251266,0.0223991919607218,0.5571512477168034,0.014680782427285481,0.1744806157296166,156.54900458333333,0.12593807916666666,25.011565351010102,400.0,240.0,271.51725589225595,0.8028953652793002,30.0,20.0,6.0,cane
1c347897-b939-48f7-bf7f-947de4d61bf1,133.42113133163227,383830.399867766,53.82345552098131,47678.65290994294,671.1298390699545,221820.1793854743,330.6055081263708,4907.335021841029,0.08399074267203284,0.011964266968308082,0.677061416613005,0.011589760974104017,0.12422090761911675,148.99579,0.11580899883333333,22.505782674242425,650.0,320.0,271.51725589225595,2.0078392033182246,25.0,20.0,12.0,cane
1c54ef22-0ae9-4e51-b3b1-7425601fb747,155.5148119394387,382073.8212315473,61.63672867340879,25149.49552640566,727.875592445152,241179.46355889426,371.76460486060705,5334.144224800552,0.052863658481860275,0.011619100913899413,0.6421460621579336,0.013305223697241006,0.06582548688747517,157.1843475,0.1265779,25.011565351010102,900.0,160.0,271.51725589225595,2.0078392033182246,30.0,20.0,12.0,cane
1c5c934e-7ffe-4f56-ad60-61fe501a364e,224.72334984822135,556414.586741046,100.40012928739588,63392.22365396592,1047.6365907213476,359928.06703096296,588.5570122616383,7952.053374584385,0.08664956013214437,0.01091908056428872,0.6327221345253052,0.019856338462322175,0.11393345783027874,198.1006979166667,0.16860106625000001,25.011565351010102,1200.0,320.0,678.7931397306396,2.0078392033182246,30.0,20.0,12.0,cane
1cc4a44c-f30c-4398-a351-02fe6f539e73,141.44103811743005,135912.06301168798,63.20235657271742,25917.769325561396,376.60154158132747,76443.96073173625,163.6340051909774,1702.2832486527361,0.22779026665258842,0.03847113386686658,0.46909530961793977,0.017929200917329288,0.19070252130455845,161.98605875,0.12857828791666667,22.505782674242425,900.0,160.0,678.7931397306396,0.3837245557808073,25.0,20.0,3.0,cane
1d0eefe6-ff31-4123-9d05-4f6445e1b848,130.06234790956347,395857.36095379345,53.43914070624549,59430.65763403429,669.0698887807853,220416.82714793002,322.7468169881211,4874.8980889186005,0.1184826137261574,0.012040370534399198,0.6935667169533355,0.012715513130108956,0.15013443146536942,148.57664333333335,0.11413711729166666,20.0115655155724,650.0,400.0,271.51725589225595,2.0078392033182246,25.0,15.0,12.0,cane
1e1c9206-3c00-467c-bd6a-0b8621548a86,151.430200660048,340008.09215053736,63.8080448655712,63619.48835353921,689.0176986572139,192362.42862220047,338.95216598917955,4256.217791734191,0.12642475206065867,0.016376051655818603,0.6517010102364058,0.01414116229236194,0.1871157080446564,159.04872041666667,0.12573995083333334,22.505782674242425,650.0,400.0,271.51725589225595,1.3586033074955537,25.0,20.0,9.0,cane
1e230582-c201-4aaf-afe5-d922501a2ff9,209.42286698857643,498205.6452614388,90.15100304849791,44919.081987707126,953.3068801736208,323299.95288136083,517.1306171351248,7146.937183592097,0.07896916393121843,0.011345391799042507,0.6551014755619424,0.018768409308079284,0.09016435425406498,187.16284166666665,0.15592974791666667,22.517348022727273,400.0,240.0,814.5517676767677,2.0078392033182246,30.0,15.0,12.0,cane
1e9f341c-ce60-4404-a360-831fb3abd1e3,131.82871295179953,161682.4831641287,72.32655017938632,53983.86528024161,385.88970995667233,75650.69655950347,163.47697011261982,1683.1328313136644,0.3139996041241582,0.040217841869791666,0.5129700403882049,0.01804899626039211,0.33389415287541846,168.69958083333333,0.13390445541666665,20.0115655155724,400.0,320.0,407.27588383838383,0.3837245557808073,25.0,15.0,3.0,cane
1eae1659-f867-4d70-8201-3ba148d17364,135.71220073258328,146059.8882346315,63.83371825094068,38552.454451891586,374.6564478339357,74025.69965059805,160.09084667181347,1649.0510728323832,0.3523503965571865,0.035564739257333756,0.44459319939496006,0.018402623076262153,0.2639571334482329,160.63522666666668,0.12863099958333332,22.517348022727273,900.0,240.0,271.51725589225595,0.3837245557808073,30.0,15.0,3.0,cane
1ee30847-1ef2-4512-a613-0e018b538022,239.13994828129947,475938.6072891643,109.39853464479945,82757.08110088522,1030.0836925530582,294356.5970555995,560.1102016830889,6507.517719574523,0.131965636615141,0.015540883105460859,0.6454677203902777,0.021709537588756447,0.17388649155769675,206.89270333333332,0.17429494708333335,22.505782674242425,1200.0,400.0,678.7931397306396,1.3586033074955537,25.0,20.0,9.0,cane
1ee56106-1dbc-4031-bc4f-b6f388a216a8,213.70982335878676,444799.84060893505,106.48870499421501,81833.38342117942,900.0133582899688,262036.56004963946,486.5086361456753,5790.199784578962,0.1219180711262626,0.014996190959837964,0.6117985264443498,0.020930393659064548,0.18398196832566127,204.5834583333333,0.17533998708333334,25.011565351010102,1200.0,400.0,814.5517676767677,1.3586033074955537,30.0,20.0,9.0,cane
1f104c54-4c75-49cf-912a-359fba1bb961,175.27295403068985,457794.65490159934,74.23779813344758,54455.499833473565,849.9593558976832,281913.44799899677,449.33576210518356,6233.198383857394,0.09067879571550926,0.011208098890909091,0.6360557526723063,0.015430434830253041,0.11895507879478644,170.17343791666667,0.1398196966666667,25.011565351010102,650.0,320.0,407.27588383838383,2.0078392033182246,30.0,20.0,12.0,cane
1f34ce1b-16c7-43f7-8e89-f0aa5cd57af4,233.43702385728125,522121.1719038871,100.11907811302207,31711.265560308035,1012.2454728065997,351465.9579383407,562.6869660365111,7770.048860302737,0.05443505950084175,0.011325651283480639,0.6618470808373211,0.02069758287028731,0.060737411466234854,198.19541,0.16716954166666667,22.517348022727273,900.0,160.0,814.5517676767677,2.0078392033182246,30.0,15.0,12.0,cane
1f48dd00-25b4-46b0-840a-d4a7d71bd634,168.62246877033908,255750.2809048996,69.76018560671639,52921.24062208183,631.6215998493502,146636.4491694428,306.28059803423304,3249.4462143322557,0.1729772115727062,0.023216387552377947,0.6045512945129946,0.016339964468418733,0.20693081563276008,165.37887666666668,0.13200997416666668,22.505782674242425,650.0,320.0,271.51725589225595,0.8028953652793002,25.0,20.0,6.0,cane
1f4fd0d6-213d-4440-a3c6-941ae4d1c456,134.11238154773397,168160.34506311163,79.01433283579323,56734.23319889442,386.00784866243106,77333.4085299092,169.95875308308425,1723.0123187740376,0.2781638977172769,0.03824036061662457,0.48372442796030096,0.01867118696209397,0.3373877900606114,177.29447791666666,0.14690967291666665,25.011565351010102,650.0,320.0,814.5517676767677,0.3837245557808073,30.0,20.0,3.0,cane
1f628a74-ed04-4e61-b8eb-3bfa8f79ff53,157.1568041082869,349387.82566374785,70.00675155938353,66283.95620082862,700.4021981057789,197107.7797636818,353.2975061239887,4361.458054239733,0.14643977006655093,0.01535521829000421,0.6025205274272937,0.015331217423987721,0.1897192049856924,165.70989083333333,0.13528848833333332,25.011565351010102,400.0,400.0,407.27588383838383,1.3586033074955537,30.0,20.0,9.0,cane
1fdc3fc2-a62a-4512-9f51-250337615b9b,170.56358931707877,270956.54310432076,91.88744748940158,60925.73190778485,591.4637376200101,146043.31523054492,291.76228305026495,3236.9366692321637,0.17335678222295878,0.02212113996584596,0.5800681201072496,0.019065339669222563,0.2248592510024926,190.39291166666666,0.15892920875,22.517348022727273,1200.0,320.0,814.5517676767677,0.8028953652793002,30.0,15.0,6.0,cane
1ff12ac8-0efc-4966-8175-27e77c60bc70,119.66997661279535,295744.34841933864,51.11972351872169,58515.122331037644,544.9798505675826,155372.44835656727,251.2173125947927,3442.2946184755856,0.15390093760043141,0.016912247507460017,0.6739142747854587,0.012717786357105633,0.19786104792997905,146.28780666666668,0.11190677383333332,20.0115655155724,400.0,400.0,271.51725589225595,1.3586033074955537,25.0,15.0,9.0,cane
20dbba08-c520-42c6-bca4-6f1501d5ebbe,222.93238618549105,398263.7662037246,98.97419670931737,47111.130327110615,892.7526072726762,255716.13600438053,468.8826716308136,5656.028960090851,0.09055849456890783,0.01671584830553451,0.687729457083386,0.02096997445046209,0.1182942167795941,196.29637375000001,0.16186804291666665,20.0115655155724,400.0,240.0,814.5517676767677,1.3586033074955537,25.0,15.0,9.0,cane
210528e1-f83b-442d-ac7b-5270a79fa81f,183.16750805098386,236961.78316903443,82.70455418950432,29000.641713806297,588.2121657915525,145282.1125750361,290.0071460633946,3220.2712582311547,0.11144856812196968,0.02285173310803872,0.5858146118408986,0.018869166655465192,0.12238885368604169,181.25400958333333,0.14959653166666667,22.517348022727273,650.0,160.0,814.5517676767677,0.8028953652793002,30.0,15.0,6.0,cane
212095db-3bd4-4d11-acfb-e962820d1643,212.75203634988608,439899.84576698643,108.54598471325873,82504.69921125169,894.9027672897032,258543.38465157608,475.4805249646729,5716.445445350707,0.1611514521713489,0.015039566747523147,0.6169040110675189,0.02167503394707795,0.18755860347845996,206.26174625,0.17553356,22.517348022727273,650.0,400.0,814.5517676767677,1.3586033074955537,30.0,15.0,9.0,cane
214cc6e0-4007-4041-8c43-7734121f7cd2,241.85625884356466,615421.9334329553,104.33503896177388,80808.31737164885,1159.5641847369357,397933.71985514415,656.7166175321254,8788.402446532336,0.09725940496764521,0.01113834835541877,0.667121531448043,0.02053654685210532,0.1313092465386063,202.0207954166667,0.16931915333333333,22.505782674242425,1200.0,400.0,814.5517676767677,2.0078392033182246,25.0,20.0,12.0,cane
21821577-fe10-409f-b75f-6ff3ec2cb7fb,139.987620993714,148330.2096225714,62.77222709971144,38220.564250810654,399.5790735624519,77774.50706795669,174.5471172731233,1729.9290699155463,0.3138436690742319,0.036981954944076176,0.45772090511186864,0.017707197940760228,0.25768044849113475,159.25235166666667,0.12585911958333332,22.505782674242425,650.0,240.0,271.51725589225595,0.3837245557808073,25.0,20.0,3.0,cane
21944d2d-4060-4c58-b945-6cab6f39ae6d,216.89121278189566,410438.799176943,89.62822806665065,59504.95705651778,925.7391096762486,259291.42590341263,487.53411704014394,5736.276115586424,0.10767584830191498,0.01618576577131734,0.6605212229729482,0.018963985950607564,0.14498266099481152,185.95299041666667,0.15278673166666668,22.505782674242425,900.0,320.0,407.27588383838383,1.3586033074955537,25.0,20.0,9.0,cane
21fa756e-9ca2-416d-903d-350934962822,193.28257534978738,282740.14713198587,87.09852631080973,58779.404889176825,699.1559675519986,163265.9104538585,353.72072932503255,3619.3546195132562,0.16110865829434973,0.022379469750610267,0.5828945704559976,0.019476661531905103,0.2078966526785424,183.68564166666667,0.1535382475,25.011565351010102,650.0,320.0,407.27588383838383,0.8028953652793002,30.0,20.0,6.0,cane
226c96db-3cf5-4eb8-9cc6-8f70eb44eea7,196.2848236217981,405190.35899224924,87.06093587651235,73215.93042532998,862.2627760011407,240422.98008229432,439.3002454968878,5318.089449984829,0.14270446942516835,0.016293120312166457,0.6700196281722642,0.019454709553273792,0.18069928837708715,183.03982583333334,0.14833455916666669,20.0115655155724,650.0,400.0,407.27588383838383,1.3586033074955537,25.0,15.0,9.0,cane
22b9bdba-b3b9-41c4-9989-2a206e9c7ff0,211.0709705462052,300459.7262860529,92.96006543448007,60636.3244613648,773.2540669450683,179239.47506927187,392.93571764843074,3967.7980917680347,0.17237569261116373,0.022735404203377527,0.5971232964802189,0.020033444728907907,0.20181701327788285,189.48851458333334,0.156362385,22.505782674242425,650.0,320.0,407.27588383838383,0.8028953652793002,25.0,20.0,6.0,cane
22bb7a58-a12c-407a-8d1f-b980b95165d2,143.1644556227152,187651.72986350558,80.88616722107295,70558.92317411261,436.73623250850744,82860.29230101676,196.46314670016272,1843.122393125448,0.28323007135237804,0.03825588695172558,0.4790329064061447,0.01942674641871061,0.37601570930824674,176.3973083333333,0.14597464083333334,25.011565351010102,900.0,400.0,271.51725589225595,0.3837245557808073,30.0,20.0,3.0,cane
230a06ea-4d85-43c4-9764-be397702d49d,217.67494137831122,375426.0171383771,95.06524846441187,30960.466279196033,830.6646505523904,244777.81848745944,440.95367551635326,5417.503620025745,0.07672083082470538,0.015825950384627526,0.6363213725868055,0.02079128205297954,0.08247045707990007,193.50291583333333,0.16222982625000001,22.517348022727273,900.0,160.0,814.5517676767677,1.3586033074955537,30.0,15.0,9.0,cane
234cc33f-e090-4d63-af3d-d84ccf566497,224.8315878312175,384351.30536204303,97.7058566219413,31382.003269316137,857.3848376060834,252185.7016152028,455.3173732733007,5578.849916920616,0.06851455549349747,0.016597779289530722,0.6858334305381418,0.02114671449658657,0.08165170642711225,196.13752125,0.16157737,20.0115655155724,1200.0,160.0,814.5517676767677,1.3586033074955537,25.0,15.0,9.0,cane
23a169df-0dbc-434f-a515-49cca17f860e,177.71414562271036,484889.7490753078,80.7417284391276,70713.97520706952,870.3803622742676,289573.2423581601,456.4966154189597,6399.234359639578,0.12785739057801981,0.011009197283373316,0.6341267598379315,0.016794369094764044,0.14583883990963623,176.78493875,0.14506883375,22.517348022727273,1200.0,400.0,407.27588383838383,2.0078392033182246,30.0,15.0,12.0,cane
2413c070-fe97-4fa2-b0c9-0eaf6437af95,183.26792186493583,296503.7900608679,92.42309665235867,76095.61311908595,674.6530192152783,159717.28650027132,336.5291542955161,3536.763712053513,0.19508459865935399,0.022410385408890995,0.5876306121147307,0.019934006458664846,0.2566477390201595,190.23903291666667,0.15879295499999999,22.517348022727273,650.0,400.0,407.27588383838383,0.8028953652793002,30.0,15.0,6.0,cane
24c5a395-cde1-4173-b652-302626a952c2,147.45210535099392,277414.74079732376,60.54529484332419,25009.596797262813,593.4162608240356,170072.6797058026,291.69583212893116,3765.617585995751,0.07906488315988006,0.015919137916835017,0.601396286805261,0.013484742391327579,0.09015504286792324,156.30997958333333,0.12568701499999999,25.011565351010102,650.0,160.0,271.51725589225595,1.3586033074955537,30.0,20.0,9.0,cane
24eaef0f-1382-4f10-8909-977a7d9eb6f3,128.66269316169797,161659.1653409505,75.02158103407437,55203.49459469566,367.4609864985809,73641.08681656423,156.68737801530858,1639.9456721442082,0.30358541719076176,0.03870296873862584,0.48847771029573855,0.018144597493020442,0.34148633909097414,172.51092000000003,0.14065674166666667,22.517348022727273,400.0,320.0,814.5517676767677,0.3837245557808073,30.0,15.0,3.0,cane
254a197f-e243-4675-99eb-eddd78b7bcd5,139.4956240083938,187356.92826668543,84.47955807632445,72543.67775604641,412.705556436246,80331.8580264707,185.0989478542627,1789.03895514327,0.30204856339898994,0.03704443268085018,0.46831262178414357,0.019232246819278733,0.38720068186992784,181.35919375,0.15106944166666667,25.011565351010102,900.0,400.0,407.27588383838383,0.3837245557808073,30.0,20.0,3.0,cane
257bd747-67d5-4eaa-8a57-5da66cbfe203,165.16414125191918,318457.9652572434,67.98891412986038,39278.08122250911,687.2862612702463,193699.8084084981,336.0464047916784,4288.282656450997,0.10159384106824494,0.01709513981675084,0.6849533376105534,0.015809782704737714,0.12334122025487387,163.65867166666666,0.12896106,20.0115655155724,650.0,240.0,271.51725589225595,1.3586033074955537,25.0,15.0,9.0,cane
2587b69b-a62b-42e0-b34d-6cdc95365b03,119.57110210841502,295575.2162259162,49.053654624292435,57692.73729680136,548.5969783940376,156288.82479098366,257.61598683986233,3460.7449136381856,0.12851269697632572,0.016551996858375426,0.6496972456076283,0.011566034069096977,0.19519161788506953,144.23184208333333,0.111133421,22.505782674242425,400.0,400.0,271.51725589225595,1.3586033074955537,25.0,20.0,9.0,cane
25972a1c-c5b7-4e9e-95d6-417343952ade,165.04042928817833,319631.44301256427,67.86398679567765,39360.3371730307,683.0096821170433,194413.4832605737,346.1481373792023,4301.482815122093,0.10769765545598696,0.015521227034332912,0.5976613146904461,0.015334169774753456,0.12314671552429057,164.00140583333334,0.13356725833333333,25.011565351010102,400.0,240.0,407.27588383838383,1.3586033074955537,30.0,20.0,9.0,cane
25a84f66-43d8-4d0f-b5dd-58ce928ea7da,206.2598870405345,250968.7570555527,79.71484469102163,28389.10342280296,680.9604715020541,163085.51789786143,345.3690531747584,3611.772024232385,0.10541161934410775,0.023563112611205805,0.6106079118888047,0.018706716436937616,0.11312158159780249,177.4318966666667,0.1441893975,22.505782674242425,400.0,160.0,678.7931397306396,0.8028953652793002,25.0,20.0,6.0,cane
25af9c58-725f-4cde-879c-cfd15bc2312f,187.02700625378898,370413.3315392718,85.19201804983739,58050.02993436562,784.6366383924975,221605.48209120193,401.2926556613018,4905.638477921307,0.1267052139798085,0.01582885398439604,0.6324263961605219,0.018234764202765128,0.15672069010494014,181.40634166666666,0.14979627958333333,22.517348022727273,650.0,320.0,407.27588383838383,1.3586033074955537,30.0,15.0,9.0,cane
2658c605-0aaa-419b-998f-ee9b42f6462b,210.80104179943655,530126.3911226707,100.09238313839299,63210.72373654045,977.2152631640074,335221.0628572116,536.6588893595181,7410.382322741122,0.1047814444666877,0.01106131014409722,0.6448250144190972,0.019643768818357367,0.11924054204617808,197.53351124999998,0.16651981666666668,22.517348022727273,650.0,320.0,814.5517676767677,2.0078392033182246,30.0,15.0,12.0,cane
26988d7e-2625-496b-a1ea-7f3919c5ee96,196.25839883000762,407801.54166956857,93.16807100448021,75878.32128748352,843.4714075246739,238512.9672230657,437.740625063599,5277.009905091677,0.1564056857735164,0.015311587296326808,0.6192810035010629,0.019672979354903804,0.18607104700921115,189.69580375,0.158246115,22.517348022727273,1200.0,400.0,407.27588383838383,1.3586033074955537,30.0,15.0,9.0,cane
272b44e4-b313-408d-966e-ed5cd06e78c3,226.0222413595785,523121.2970482108,85.77390633770004,43789.41693916174,1047.7220842833874,351159.99691699416,574.1525599949478,7758.266945614055,0.06044732771025883,0.011705524290446127,0.6864304075508734,0.017988063918479912,0.08371044426470113,182.45590333333334,0.14946460583333335,22.505782674242425,400.0,240.0,678.7931397306396,2.0078392033182246,25.0,20.0,12.0,cane
273efb90-8b9a-47d0-b6a3-ab04254e10d4,233.41729142320696,466210.4719134033,107.116099950017,81767.82384767833,1003.692294796185,286230.12968733866,543.4449962837693,6331.717479589817,0.1177067663088384,0.015779052197232746,0.6575412848339436,0.021104941609798672,0.17539208806907045,204.41955958333332,0.17175408458333333,22.505782674242425,900.0,400.0,678.7931397306396,1.3586033074955537,25.0,20.0,9.0,cane
278fa1b9-78eb-495e-a541-73aab0a31081,203.22020232211614,315803.54630045133,91.88929535990817,75237.60293092116,779.8666007815965,179586.07436079835,394.84809766543145,3975.8732542817156,0.17209940169718008,0.023340361546801344,0.6301838153958018,0.019830590547035846,0.23824639364033381,188.09400583333334,0.15493810875,22.505782674242425,650.0,400.0,407.27588383838383,0.8028953652793002,25.0,20.0,6.0,cane
279e527e-b497-49b7-806f-c766b3d9219f,229.25634071860034,517090.5560210873,98.86969900724618,31532.19432892627,995.9673372126426,347308.18675076804,553.7369316532055,7678.373075252634,0.05535056177924032,0.011269681385753367,0.654447936944676,0.020514591791049783,0.0609820276165485,197.07621291666666,0.16596773458333333,22.517348022727273,1200.0,160.0,814.5517676767677,2.0078392033182246,30.0,15.0,12.0,cane
27a88fd1-c609-43b1-b3e7-b5b31a19889e,202.4591658884336,248762.4022040061,79.28445226194924,28345.94060912154,668.5949692503432,160973.1152927362,338.69580132367867,3563.446447196366,0.10583708586395202,0.02334295371212121,0.5988404485031249,0.01854042603554195,0.11395140047185477,177.1621275,0.14392741166666667,22.505782674242425,400.0,160.0,814.5517676767677,0.8028953652793002,25.0,20.0,6.0,cane
27bc686f-69cc-4b7a-aaa7-0fdcbacaa859,190.91365025340897,307293.36815815925,99.52705130892068,78720.92563846706,708.5761643566001,167612.0784447864,362.0473053561642,3713.860444440312,0.19008194228356481,0.021915243825915406,0.5753093268938553,0.019992965826547606,0.256180502156471,196.80231375000002,0.16723050375,25.011565351010102,400.0,400.0,814.5517676767677,0.8028953652793002,30.0,20.0,6.0,cane
28082366-f290-48ff-8329-89e3c0d1b006,218.49609817665203,363708.66399596934,88.58498730572319,29671.616317818276,850.3227880460269,241768.77560338037,440.0959084223226,5348.785234491108,0.08212266979957913,0.016783162137742003,0.6837520668339647,0.019753917144673356,0.0815833284415021,185.44760208333332,0.15073607458333335,20.0115655155724,900.0,160.0,407.27588383838383,1.3586033074955537,25.0,15.0,9.0,cane
2817760f-b01b-489b-9f44-a57c56b18ffc,136.09500940373866,133299.8673531253,64.95369492757786,26216.300459063685,359.54181911688056,73617.24207543429,153.91941336080714,1639.0594044561142,0.23955611097222226,0.038210427876083766,0.4659349587112478,0.018531512118201907,0.1966790417073492,163.85187625,0.13321068166666666,25.011565351010102,650.0,160.0,814.5517676767677,0.3837245557808073,30.0,20.0,3.0,cane
285d83f5-56f7-4e07-9279-130405c11362,201.83364805568513,390609.35748246446,89.77495404867015,59561.01281439559,849.0635168007783,239129.76720439526,435.35506450626247,5288.744171564872,0.11466247065360902,0.016703573469549662,0.688761909370023,0.01946137558668531,0.1524856731072116,186.12816458333336,0.15141720583333332,20.0115655155724,900.0,320.0,407.27588383838383,1.3586033074955537,25.0,15.0,9.0,cane
2879b56a-730e-4182-bc9d-f34fd644f47f,189.1126457519239,371860.0036503256,75.89328590768321,54987.16790731092,814.0013046302718,227804.77564809288,417.6366213635613,5038.643923854671,0.1021998477961069,0.016469577060911195,0.6629301549367003,0.01664182878358705,0.14787432727925803,171.83490208333333,0.138617345,22.505782674242425,400.0,320.0,407.27588383838383,1.3586033074955537,25.0,20.0,9.0,cane
2999a083-ba8e-4489-bb4b-cd1e1c8b0ab6,140.78754393211662,396408.3411573413,60.84872485967874,49933.65081907457,704.9683879278789,232179.7794087838,354.74143926732296,5132.253466178124,0.09179696042320075,0.011396557748590067,0.6324343333516623,0.012760680705150271,0.12596811102144964,156.04265999999998,0.12541238208333333,25.011565351010102,900.0,320.0,271.51725589225595,2.0078392033182246,30.0,20.0,12.0,cane
29a9af33-0065-4dc6-8507-03e81c0898d0,227.97154692177563,505672.32178236335,92.93444014373179,30457.193988451665,1007.8639747282159,344337.2346695037,561.5510791173463,7607.742384793698,0.04724544044039352,0.011300547952451598,0.6472460248510101,0.019042568563464642,0.06023306988111204,190.35746208333333,0.16063108416666666,25.011565351010102,650.0,160.0,678.7931397306396,2.0078392033182246,30.0,20.0,12.0,cane
29ea2a2d-b24e-4386-86ad-67db9987bc94,224.75133373960432,403703.73120986175,99.07179318801725,47240.40934493648,899.8434238039692,259834.91123706163,485.8507625440462,5751.399553120403,0.08935526138851009,0.015603068181544617,0.6252051570619634,0.020594192046843672,0.11702095921143117,196.83503916666666,0.16729317124999998,25.011565351010102,650.0,240.0,678.7931397306396,1.3586033074955537,30.0,20.0,9.0,cane
2a4e78e7-a56a-4dfc-a87a-5d85269c9466,125.41346124960495,127966.796500461,61.5575671355676,25696.85993819816,327.3406031182958,68572.940136999,133.136466201791,1527.6110331593463,0.2751585145898042,0.0375816608501894,0.4623988849624579,0.017430070311165665,0.20081557748885584,160.60537374999998,0.12860799541666668,22.517348022727273,900.0,160.0,814.5517676767677,0.3837245557808073,30.0,15.0,3.0,cane
2aacf24d-b0fe-4fbe-87cf-228f277b78f1,225.13035528044628,430128.823337357,110.53479874626969,66590.36200781821,922.7324598637214,265405.94744811597,488.52937710444905,5868.3077047225825,0.11401544925341961,0.016401669444276092,0.685741883907397,0.021933116392581505,0.1548182974063471,208.09488125,0.17388428,20.0115655155724,650.0,320.0,814.5517676767677,1.3586033074955537,25.0,15.0,9.0,cane
2b378146-8ca9-4f74-9547-ef1c99c19918,196.19966951791335,315428.7455168974,106.07142106633039,82049.64856479787,711.4753053011665,170950.1737697998,359.7255755320381,3785.567085767434,0.18511182292992423,0.023396626071790827,0.6346312722854797,0.021358586243224932,0.26012561600327383,205.1241216666667,0.1707497583333333,20.0115655155724,650.0,400.0,678.7931397306396,0.8028953652793002,25.0,15.0,6.0,cane
2b5af85f-2b82-4fde-ae0e-a896e86c1913,217.20664030729583,534801.0212162159,85.58525315805758,58351.35470060337,1037.1202601629634,348616.89018744655,569.1120227063868,7703.582895416366,0.08212250378910985,0.011475024217950337,0.6740616185481272,0.017902931553604555,0.10911154900467866,182.34798333333333,0.14936512500000002,22.505782674242425,400.0,320.0,814.5517676767677,2.0078392033182246,25.0,20.0,12.0,cane
2b7b340d-8472-4e5a-85cd-9e33b67faae2,174.74307651125923,233623.5088489833,79.35220408851086,28528.029162406547,563.8206910446371,141137.60907584772,276.1415880308046,3129.417791715721,0.11922207877731483,0.022954566362647307,0.5941002228412143,0.018475761116540854,0.12211508072431136,178.30018291666667,0.14654139541666666,22.517348022727273,1200.0,160.0,814.5517676767677,0.8028953652793002,30.0,15.0,6.0,cane
2bb9e97e-27c0-4f12-ac9c-e820f975b4e1,236.36880747433895,548900.0472317106,102.5408306342487,48035.69145464732,1070.5367260644302,366604.8989840529,601.8696322550624,8097.60118633912,0.06763741093440657,0.011076766114720117,0.6393483962472644,0.020215228339379984,0.08751535328668318,200.14871666666667,0.17086137208333332,25.011565351010102,650.0,240.0,814.5517676767677,2.0078392033182246,30.0,20.0,12.0,cane
2be161bd-a25a-4e23-ac88-c492dd151e0e,221.67998342304736,491125.81686174264,89.29206023541917,29780.747919048914,988.2067003165046,332875.60234689177,531.5224264746903,7356.387496836981,0.05182035325854376,0.012194342419696967,0.7200596887332176,0.019027855220969024,0.06063946818803231,186.12967666666668,0.15162639958333332,20.0115655155724,400.0,160.0,678.7931397306396,2.0078392033182246,25.0,15.0,12.0,cane
2c0afc13-c2fe-4e85-b3b1-e1f1770acdd6,194.82395856122005,267720.782965353,91.45765915069862,45484.28187237974,662.3149476738658,159917.36545968745,329.88384856991513,3542.6551145809153,0.1631558773176452,0.023164820687605215,0.6129254434207174,0.02007537721887463,0.1698990185983247,189.51784041666667,0.15481172,20.0115655155724,900.0,240.0,678.7931397306396,0.8028953652793002,25.0,15.0,6.0,cane
2c981ac2-164a-4e82-9817-3db177e01a43,112.42295912205039,315489.1230328936,46.59673435375409,22693.997410728247,529.4425389204391,179605.90716341467,248.17833748545306,3971.7212616049655,0.05919523220577651,0.012080072728619528,0.6615191202230113,0.010413772580073482,0.07193433482063542,141.83748375000002,0.110088320625,22.517348022727273,400.0,160.0,271.51725589225595,2.0078392033182246,30.0,15.0,12.0,cane
2cd0ee9f-2e20-4955-a12f-4b13acbbaf2e,149.86403537303724,196899.35974328007,92.4104863171696,75856.17996974204,450.63519218912427,86967.82032739944,204.3551036177644,1933.3889684634587,0.2970712160749158,0.03917062611701389,0.5021187492584596,0.019339057822692855,0.38525933718151645,189.64044875,0.15646341625000001,22.505782674242425,650.0,400.0,678.7931397306396,0.3837245557808073,25.0,20.0,3.0,cane
2cfaecf8-f8d6-4675-9bfc-6a25c8002263,140.22865672928842,191284.135560149,49.46923683473886,23332.403266766272,468.9521482726423,114270.46323864679,212.668490436397,2535.2005888330455,0.20061483034563343,0.020973976951125843,0.5141724172016414,0.013876441613712365,0.12198253919535425,145.82752250000001,0.11143090679166667,20.0115655155724,400.0,160.0,271.51725589225595,0.8028953652793002,25.0,15.0,6.0,cane
2d272895-46fa-4913-aaee-095af2816585,195.360603620067,246268.53856932503,86.59728086856249,29596.085659747714,632.9166538089099,154482.2340516758,314.0124902727455,3422.816958843501,0.11248575159205597,0.023954054366666665,0.629105061393224,0.019499928553947443,0.12018129492050204,184.97553666666667,0.15024942458333332,20.0115655155724,650.0,160.0,814.5517676767677,0.8028953652793002,25.0,15.0,6.0,cane
2d434d60-d2d4-4449-9b73-fcf03cf06bb7,229.7473510918026,504862.1505285131,86.50006981152356,29352.17315970978,1027.0544530716645,347358.59357518563,565.825337280049,7675.507186368875,0.04324507256183713,0.011875508556449914,0.6951712352735373,0.017899300614843287,0.058140720972596455,183.45108208333332,0.15048168666666667,22.505782674242425,400.0,160.0,814.5517676767677,2.0078392033182246,25.0,20.0,12.0,cane
2e4af3e8-d9a0-4dc4-ba8b-19f63b5590c9,142.50913225667216,271657.32932433864,56.04964812787491,24289.746912567058,570.4912128327502,164156.81200628585,269.9801103200799,3635.7311738142107,0.09552642364665404,0.016623735060311447,0.6437567220959807,0.01338269678446389,0.08941567233286786,151.81091875,0.117333516375,20.0115655155724,400.0,160.0,271.51725589225595,1.3586033074955537,25.0,15.0,9.0,cane
2e821adb-cce7-4f34-a6ce-b6daf723f38d,240.02636553895806,523285.64116268046,91.66950685238736,30219.569171372375,1068.9274818638144,363332.0271292096,594.7530707737712,8026.727852721732,0.04460413923156566,0.01173775504893729,0.6876955588165826,0.018790221692463333,0.05775145429178449,188.87230541666668,0.15588991416666667,22.505782674242425,650.0,160.0,678.7931397306396,2.0078392033182246,25.0,20.0,12.0,cane
2e8b63ee-e2d5-41f9-bb08-21bc9959396d,191.68240291293526,241354.87774703538,79.88898736895021,28493.471320366734,625.5548011106863,152220.2415457853,315.84255176223735,3373.0149914221224,0.10910662227119108,0.022444600851957073,0.5681139733339857,0.01894883494451986,0.11806007150198373,178.0841954166667,0.14786886333333335,25.011565351010102,400.0,160.0,814.5517676767677,0.8028953652793002,30.0,20.0,6.0,cane
2eeecc44-f631-41d5-83bb-04b77fc50943,135.9059763563442,145854.50079314798,62.17490172202941,38112.08182252998,383.3541773376923,75169.47633800584,168.26346815421306,1674.9451783735312,0.32995189295059973,0.03609563008428031,0.4462951548814184,0.01842210957369437,0.26131049305978454,158.80034166666667,0.12808906541666668,25.011565351010102,650.0,240.0,271.51725589225595,0.3837245557808073,30.0,20.0,3.0,cane
2f91fe4c-7a62-411e-af85-fd695a422f48,156.1930926607668,204553.61062052054,53.768482313444586,24031.012012993204,527.7460205429877,126775.94045548316,250.8499566643094,2811.3652120336283,0.18076205634698025,0.021097040451083755,0.5182207934000421,0.014648513799698714,0.1174852956010888,150.19382583333334,0.11693217758333334,22.505782674242425,650.0,160.0,271.51725589225595,0.8028953652793002,25.0,20.0,6.0,cane
2f996e9e-2e0c-4ede-af41-43fcb9b13c09,120.31884390945852,141095.35318535802,61.89641830875801,38527.35730677391,334.4279858698445,69306.09079141458,137.88195117890524,1543.3994522280652,0.3514053766281566,0.03542542769171928,0.4433869555865741,0.01745038838718192,0.2730665366557808,160.53065625,0.12854382083333335,22.517348022727273,650.0,240.0,814.5517676767677,0.3837245557808073,30.0,15.0,3.0,cane
2f9beb0b-8b23-4b89-b52b-67098fa7bece,227.38144182359733,389316.3044936894,94.35643065279211,30871.564437451252,877.8539126882265,258406.40585534347,475.22454544843134,5716.335565504142,0.06981354716284723,0.015521675666887625,0.6211524894021044,0.020910307113875932,0.079299988862523,192.94727916666668,0.163212085,25.011565351010102,900.0,160.0,814.5517676767677,1.3586033074955537,30.0,20.0,9.0,cane
2fa6ee8c-b798-450b-a96d-611250a898b8,210.71761172977182,437835.8644880273,107.162583698049,82006.13664302153,885.0700046770678,256582.05969225545,470.36144576500544,5674.931970650025,0.1592409069436553,0.01505131237450442,0.6166261458864688,0.021480435391110594,0.1873032008655294,205.01534083333334,0.17415300749999998,22.517348022727273,1200.0,400.0,678.7931397306396,1.3586033074955537,30.0,15.0,9.0,cane
2fc7c0d8-941e-45e1-accd-3609c7282b21,153.0006799302926,199729.20796977042,99.78035846621081,79702.1219334633,437.30370419097756,85519.6360712957,193.64117332081997,1902.1861388471298,0.2983471081983376,0.04073155638599537,0.5295464342615637,0.020794949172827714,0.39905534396123815,199.25530375000002,0.16468131208333334,20.0115655155724,900.0,400.0,407.27588383838383,0.3837245557808073,25.0,15.0,3.0,cane
30168f46-3eb0-4a4c-8847-f0a3454f8131,157.14797072203896,445623.51087894617,62.16443245294157,63102.90947036734,795.5025194547181,262422.3938643288,407.64689605881614,5799.829470445761,0.1009634718026936,0.011638449049726432,0.6708407764155199,0.013566905367820258,0.14160926833501666,157.75727291666666,0.12460746425000001,22.505782674242425,400.0,400.0,407.27588383838383,2.0078392033182246,25.0,20.0,12.0,cane
30417eb6-d950-42c4-a131-8403b020b455,209.29899569698625,404124.8049711554,94.19210708871556,61199.03141879188,870.2696905451138,248213.31954279484,463.8936863079799,5490.516898721701,0.11003155424989479,0.01544600608465909,0.6216399976769464,0.019511949764619802,0.15143979058266094,191.24697333333333,0.16155599833333334,25.011565351010102,400.0,320.0,678.7931397306396,1.3586033074955537,30.0,20.0,9.0,cane
3043a34a-f7cf-46be-bc86-b729fee9f1ef,208.053161826528,307078.6519960555,103.30902796309158,64468.54025299714,745.6889658945563,178811.40868654623,384.32024726282924,3957.5019126251195,0.14885943588857323,0.023141902485890153,0.6181317212787985,0.02043865816801021,0.2099457632593852,201.46418833333334,0.16864377083333335,22.505782674242425,900.0,320.0,814.5517676767677,0.8028953652793002,25.0,20.0,6.0,cane
3068f731-7983-467a-8f8c-88460c003580,139.01463199282082,150026.2285076757,72.36901830299627,40794.45016258415,380.49540532756475,75845.0044007449,162.15631060040653,1688.2117761633972,0.34266279695517676,0.0369143821626473,0.46675635771308926,0.018432289862680817,0.2719227433458409,169.97687625,0.13515375875,20.0115655155724,900.0,240.0,407.27588383838383,0.3837245557808073,25.0,15.0,3.0,cane
307e1efe-f239-4866-878b-525446855e17,234.19786104170956,394321.31176434597,96.77432052278832,31223.70800708243,897.6845191981354,262486.47475845757,486.2323860389248,5805.433694316151,0.06260562209608586,0.015612947126936024,0.6249671735247369,0.021171835286270407,0.0791862928684467,195.14817291666668,0.16546278166666667,25.011565351010102,1200.0,160.0,678.7931397306396,1.3586033074955537,30.0,20.0,9.0,cane
30f9cc03-c369-4dc7-abbc-8a3fac9cd545,145.70537532771073,366256.6105774124,53.50080754252219,23812.189349133932,689.5493946949808,228035.38149433432,342.27356653334033,5043.269839566211,0.04690493705582913,0.012217507828093435,0.686744122285564,0.011920049605648098,0.06501660889492962,148.82618416666665,0.11564287604166668,22.505782674242425,650.0,160.0,271.51725589225595,2.0078392033182246,25.0,20.0,12.0,cane
3197727f-79d5-4bfc-a06f-d341b052bfaf,228.68642881683115,400928.0142888406,91.03225401408888,45026.484061411145,939.7729217086157,264356.08270433784,498.283756666523,5849.868511977961,0.0954655765149516,0.016335194036553032,0.6649145166280934,0.01940758996305052,0.11230955162616209,187.61035166666667,0.1544507175,22.505782674242425,1200.0,240.0,407.27588383838383,1.3586033074955537,25.0,20.0,9.0,cane
319842b5-f570-41d9-b3a0-96c80841dd16,175.38330086074538,437019.37830877857,76.1781000727686,41340.796970784104,819.2284829483849,273848.45945874666,426.62058184546055,6053.624593914948,0.08800030743553239,0.011491239238699495,0.6538683594862373,0.015885955935054333,0.09459970752742845,172.25332083333333,0.1405318075,22.517348022727273,650.0,240.0,407.27588383838383,2.0078392033182246,30.0,15.0,12.0,cane
31ff96db-0c33-4b84-9d26-b26ffab6fadc,235.89506211643805,596058.5151427666,99.3222552312132,78490.29801213235,1142.9278700148718,384568.44203399244,636.2923244079024,8495.580996720537,0.08903740866383628,0.011333344045686027,0.6746749758633312,0.019643323389596387,0.13168563144785547,196.22574541666665,0.16342601416666666,22.505782674242425,650.0,400.0,678.7931397306396,2.0078392033182246,25.0,20.0,12.0,cane
322b0f56-ba8d-4121-a54b-57892105851f,212.18560013591065,253322.04620215902,84.64405623283943,29096.413808481844,691.1257283412262,163304.6004570415,342.5511725488318,3617.40156192448,0.11390340320138888,0.02409839824674874,0.6304018093411193,0.020267326011823687,0.11486266623783407,181.85258666666667,0.14709031583333335,20.0115655155724,650.0,160.0,407.27588383838383,0.8028953652793002,25.0,15.0,6.0,cane
322e229a-7dac-4404-b832-555cf8c9572d,232.045153936909,466502.05282490025,106.678231130962,81690.50341543164,1001.2904982829783,287007.39087237435,543.696696341287,6347.267575159941,0.12181479151021674,0.01575814354914773,0.656949641101168,0.021148646269403788,0.17511720167395273,204.22626083333333,0.17160421541666668,22.505782674242425,650.0,400.0,814.5517676767677,1.3586033074955537,25.0,20.0,9.0,cane
329db30b-4ae8-4fe5-b39d-340537ca8e4a,149.07120950195687,154516.35096082574,67.28725897530899,39366.72825280284,422.32292911085693,81651.74545724894,187.6716218670234,1816.1650555639292,0.3190221767980324,0.0366293244181292,0.4577514597706123,0.018744299728767948,0.2547822575659725,164.02803208333333,0.13060787208333333,22.505782674242425,1200.0,240.0,271.51725589225595,0.3837245557808073,25.0,20.0,3.0,cane
332cfb5b-b5d2-4abf-b93d-58ce24f6a793,243.3062231917868,400072.0622194377,93.91686873743157,30677.58664643471,941.6775235365467,272154.60650212073,509.56983528507817,6018.066716925899,0.07004956946750841,0.015969950212184343,0.6474993376819024,0.02045836958320761,0.07668254427971298,191.73491416666664,0.15874953708333334,22.505782674242425,650.0,160.0,678.7931397306396,1.3586033074955537,25.0,20.0,9.0,cane
33527248-cdae-4f06-a839-03138655fe81,191.8160485839077,312021.5442822079,105.29686540908992,81832.8169812873,693.6624135322845,167787.87996123845,350.5537436656807,3716.7912453837184,0.19105352489641209,0.02312726329860059,0.6246652059436448,0.021053462365672647,0.262271098268102,204.58204208333333,0.17019869666666668,20.0115655155724,650.0,400.0,814.5517676767677,0.8028953652793002,25.0,15.0,6.0,cane
3403c40c-5909-4602-a32e-3f7489ec6335,198.98172248479662,295515.20285689185,106.30060952878362,65335.603855198686,695.6379961591313,166812.94234807361,348.5772955805389,3695.258327896297,0.17164119952625212,0.023528641354292924,0.6347081845601746,0.021092196861803216,0.2210953392406897,204.17376166666668,0.16974049875,20.0115655155724,1200.0,320.0,678.7931397306396,0.8028953652793002,25.0,15.0,6.0,cane
34877bfe-d528-4a8e-af34-96ad11008144,118.80859889945027,134751.50142046588,54.70403511561523,36261.941557016646,334.9195290098437,67357.77010009154,137.78207201082003,1501.6997934574772,0.35540027673042934,0.03596753632155934,0.44379740103820503,0.016356071417890874,0.26911004349053774,151.0914225,0.11911787441666666,22.517348022727273,400.0,240.0,271.51725589225595,0.3837245557808073,30.0,15.0,3.0,cane
3536ad8a-91e6-442f-88e4-e0a27c97275c,181.82234399569768,292703.8645023177,84.33798279602009,72549.10014568407,691.4085837941562,161175.78177342864,338.3770191066993,3570.3407536887494,0.20282561629655935,0.023411127578282828,0.6228719664188866,0.01969786611277706,0.24786394929716607,181.37275125,0.14656836333333334,20.0115655155724,1200.0,400.0,271.51725589225595,0.8028953652793002,25.0,15.0,6.0,cane
35a3b333-f226-4b74-82ea-c539ff5a51ab,142.82659450588176,189431.8599064192,85.85250013151608,72980.37739599786,425.3235027210394,82086.68870571633,191.7615391937632,1826.9838583708377,0.28858214355523987,0.03852218440768099,0.4933551715912037,0.019347963547701717,0.3852641362235108,182.45094375,0.15219950875000002,25.011565351010102,650.0,400.0,407.27588383838383,0.3837245557808073,30.0,20.0,3.0,cane
35c269d3-52b3-4f29-b30c-5c995e5e744d,140.1270106571951,154909.98507387043,70.29493817820713,40569.638687758095,400.0785329348768,80226.70238123352,176.3010764482432,1784.2633045007162,0.31219797177057035,0.037353367364057234,0.471423373367319,0.01857259585600402,0.2619003925382916,169.04016166666665,0.13562140083333332,22.505782674242425,1200.0,240.0,814.5517676767677,0.3837245557808073,25.0,20.0,3.0,cane
35c394b7-4049-4647-8dde-455a7542a1a4,156.47818110557537,327814.0287652712,72.14499286033053,53640.500323658904,668.4892199636666,188541.0411259666,328.43885412952415,4171.896159533259,0.13416088705585016,0.01600905976160564,0.6319777943111742,0.015512653212431627,0.1636346602396493,167.6265625,0.13574700041666668,22.517348022727273,900.0,320.0,271.51725589225595,1.3586033074955537,30.0,15.0,9.0,cane
36f74052-4d45-46cc-9277-76d91afcff4b,175.31375598002467,297463.7286606447,100.43168009964212,80103.2381713825,621.6759506344749,153699.47763867807,312.4640148841109,3406.1087585987148,0.20865673570549242,0.02139833486671928,0.563332456616267,0.020002760763212335,0.2692929637445328,200.25809625,0.16915419458333333,22.517348022727273,900.0,400.0,814.5517676767677,0.8028953652793002,30.0,15.0,6.0,cane
37a90163-cfd5-4d56-9186-9d3ebdf7cda1,125.01744707576417,138591.18023680814,53.69977114013773,36007.49594151941,361.50157765604007,71544.05876024034,153.1414584784557,1592.251666023866,0.30812242462989264,0.036912587897117,0.44979135340621845,0.016177093714821393,0.25981934494164105,150.03123125,0.11674161933333334,22.505782674242425,400.0,240.0,271.51725589225595,0.3837245557808073,25.0,20.0,3.0,cane
385f8ecd-5c82-4a58-bc13-389acb7c6d7c,166.6356513537162,213787.47669427536,58.425088027337424,24838.70425439072,549.1968654706972,131852.63456236682,262.62437893780526,2923.604832526864,0.18744214902639944,0.020634253241635106,0.5074464976244738,0.01660136562210121,0.1161889842030744,155.24190041666665,0.12327610129166666,22.517348022727273,900.0,160.0,271.51725589225595,0.8028953652793002,30.0,15.0,6.0,cane
3865a7ec-3c7e-4e79-96fe-f8e4a8ab345b,148.33950518763106,172958.54158154494,82.38946202725738,57100.635011176375,422.01414074361406,81092.71530193044,185.28480796375075,1804.4215018372533,0.27210925004808506,0.03940914150152567,0.49748169609797965,0.02000866752054062,0.3301453376842605,178.43948375,0.14663854208333332,22.517348022727273,1200.0,320.0,271.51725589225595,0.3837245557808073,30.0,15.0,3.0,cane
391f69bf-d796-4414-a324-0b9d2f203c9a,139.83538021748518,190948.63458496585,46.77380663887531,22897.33369762856,472.9511010946361,115117.18995709131,218.81398995694076,2551.572586037247,0.179835533419234,0.02088348241859217,0.5068969616682976,0.013279056177663433,0.11991864541997521,143.1083375,0.11000015945833334,22.505782674242425,400.0,160.0,271.51725589225595,0.8028953652793002,25.0,20.0,6.0,cane
394bd038-f885-406d-821f-64971e29dac4,163.82751183173133,394809.2382713565,64.2188356242282,25559.22885586362,761.92939730426,251634.20398826062,381.3905733819186,5564.69955431707,0.05140163621620371,0.012493947347706228,0.719151558744318,0.014482550018637741,0.06473967118827638,159.74518041666667,0.12507626758333332,20.0115655155724,1200.0,160.0,271.51725589225595,2.0078392033182246,25.0,15.0,12.0,cane
39743b9c-7dd1-45d8-b41f-cbebfbd33af7,153.87655848050943,378905.36154983635,56.55745101240879,24307.88627092415,728.501058686682,240183.61667307102,365.465451092674,5310.446476240705,0.048494113065077865,0.012193834888815237,0.6883744698737899,0.01252378948088386,0.0641545060522812,151.92428958333332,0.11867594295833334,22.505782674242425,900.0,160.0,271.51725589225595,2.0078392033182246,25.0,20.0,12.0,cane
398d9017-bc51-4762-a02a-eb1eb9d661b4,182.90877152051323,303576.0460562382,105.00295676441675,81812.50622597909,644.9732445480129,157916.19800558637,325.4441163172034,3500.104424099314,0.19742144667008624,0.021833972497779876,0.5787639640203284,0.020472395386441918,0.2695009293338363,204.531265,0.17358825749999998,22.517348022727273,1200.0,400.0,678.7931397306396,0.8028953652793002,30.0,15.0,6.0,cane
39ba6aff-6885-4bee-bee9-a499a307867e,209.9175359463723,493376.8608167804,80.8768646383896,42480.141294381,983.1322410021622,325802.43273484305,527.1977933435885,7194.33237577182,0.0641363531467803,0.011750440227325338,0.6853286965313974,0.016771878592795293,0.08610315156846116,177.00058791666666,0.14373532541666667,22.505782674242425,1200.0,240.0,407.27588383838383,2.0078392033182246,25.0,20.0,12.0,cane
39e92ff0-421a-4ae6-9353-e5e80af0bb2d,226.45792484624957,563313.5699784816,101.65137764321524,63879.37185546293,1049.0514693832772,362963.5735831124,591.8960180528729,8019.045311888193,0.08307449920765993,0.010826665895991162,0.6267523134344696,0.02014469544542943,0.11340284579014559,199.62303708333332,0.17025441125,25.011565351010102,900.0,320.0,814.5517676767677,2.0078392033182246,30.0,20.0,12.0,cane
3a8cda87-567c-497b-a6cb-177ee97dc3be,165.52318928133639,462080.9632729374,74.79670336946997,68254.4544979469,818.9253515184209,271948.35977272125,423.5952101591181,6010.811038006937,0.1287233816238005,0.011114479251761364,0.6366309690348696,0.01572647216425707,0.14771461863567042,170.63613791666668,0.13889103458333332,22.517348022727273,650.0,400.0,407.27588383838383,2.0078392033182246,30.0,15.0,12.0,cane
3a985b80-c64b-4239-935d-b5870bd4fd3f,211.5360024644608,554693.9364002864,100.44827048635399,79089.75655520255,1004.7686659036,342467.2078311828,551.1031952213023,7567.906577073033,0.11491130395917508,0.010922632178378577,0.6372730386806819,0.0199056982198542,0.14258654851984356,197.72439333333332,0.16665490791666668,22.517348022727273,900.0,400.0,678.7931397306396,2.0078392033182246,30.0,15.0,12.0,cane
3a9b76df-c594-435d-9c6f-d67397e95bd1,212.8717188335759,437434.363338063,107.2132538651179,81851.28026338828,899.6497803666895,258186.8757264664,476.8820770277197,5711.371907821754,0.153960877255524,0.01518892123784301,0.6190512963959384,0.021455332058396583,0.1871213238519929,204.62820083333335,0.17381672666666667,22.517348022727273,650.0,400.0,678.7931397306396,1.3586033074955537,30.0,15.0,9.0,cane
3ab80914-652c-4302-b974-306aa737a65c,131.34340808840247,148456.011538408,67.30755068873694,39829.759913173526,370.327462673472,75101.22083354369,160.40403915196967,1671.2823197164198,0.3256576563405408,0.036202512443013465,0.45302336691675094,0.0187099696211001,0.2683018763518698,165.95733125,0.13534597541666668,25.011565351010102,650.0,240.0,814.5517676767677,0.3837245557808073,30.0,20.0,3.0,cane
3b16c35c-a79d-4277-b480-44816e6f92ae,183.61321471561502,259098.8273579221,89.61953243392557,45107.65203316932,614.5518604353429,150391.29442507238,304.7099071170201,3332.5281597661938,0.1444469935437395,0.02255463838152357,0.5869451172890572,0.01951155631920763,0.17409868585829333,187.94854999999998,0.15642600791666667,22.517348022727273,900.0,240.0,678.7931397306396,0.8028953652793002,30.0,15.0,6.0,cane
3b2f8bf5-d079-41d4-8336-bfbf55313686,126.82170828246551,156952.04007617073,65.29257533502788,51518.91546291844,380.7314959408591,74062.56633834598,165.330579283965,1648.039554578949,0.37189606149684346,0.03625521734152988,0.45736037480647096,0.017506164954443966,0.3282548273871945,160.99661166666667,0.13033012041666667,25.011565351010102,400.0,320.0,271.51725589225595,0.3837245557808073,30.0,20.0,3.0,cane
3b895918-5f4a-4606-b8da-9ea084ea6ec9,131.19782056755744,148099.95871002236,70.5787293302509,40593.37932428878,361.9586961670724,73763.61129362149,151.9749374582081,1640.9936925050936,0.3319674408820496,0.03742948853184974,0.4737429443322074,0.01801866559778431,0.27410199285174563,169.13908041666667,0.13431972,20.0115655155724,1200.0,240.0,678.7931397306396,0.3837245557808073,25.0,15.0,3.0,cane
3c10f55c-dd4d-4c90-b838-ec7e8fd8b61e,193.14124522214627,400417.81426953274,80.70086501726698,70641.43563112892,862.7229774242734,240304.4217230964,445.74065432583996,5313.596611084747,0.12255811782031777,0.016053483540667088,0.6483763293353852,0.01752630441032141,0.17642358272521683,176.60358916666667,0.14334310875,22.505782674242425,650.0,400.0,407.27588383838383,1.3586033074955537,25.0,20.0,9.0,cane
3c1e227b-03c2-413f-bb25-1ebf8d67e1f1,201.67783640118398,265391.8539759259,84.83922900450418,43424.29246787362,701.3103136757152,162445.87330195683,342.7493101421453,3597.7388191895475,0.14387163545331438,0.024471539358954124,0.6486174611410774,0.019834673143289464,0.1636276062128557,180.93455083333333,0.14613138750000002,20.0115655155724,1200.0,240.0,271.51725589225595,0.8028953652793002,25.0,15.0,6.0,cane
3c22f05c-549c-4bf4-ad92-92923cb620f2,191.02450773700858,305650.1204561635,97.26430189421662,78142.26355986814,701.5861315459422,166079.65287717624,353.23895084149274,3679.371336604309,0.2113439882746212,0.021993474115119958,0.5792508652857744,0.020838706130821966,0.25566457647673446,195.35566000000003,0.16405436708333335,22.517348022727273,900.0,400.0,407.27588383838383,0.8028953652793002,30.0,15.0,6.0,cane
3c2e6f05-880d-4523-86bc-29ab5c786c89,197.79897185138645,523343.38839243323,83.56014138596501,72045.211433406,968.0326138933459,323625.58597184025,527.3414610294485,7152.319973325447,0.11193707979385523,0.010809236599810607,0.6198269420533353,0.017651985793021352,0.13766734365869657,180.11302916666668,0.15016828000000002,25.011565351010102,400.0,400.0,678.7931397306396,2.0078392033182246,30.0,20.0,12.0,cane
3c7a4f59-3348-4f9a-a882-4434dfc76234,136.85991847762335,283296.35285013303,54.004192247888426,35886.23714534545,577.3604725995789,165127.6044774241,277.12114508417704,3656.8323936328593,0.1075915207132681,0.016188335397117004,0.6250580323995476,0.01231896027695044,0.12667715414192135,149.52598791666665,0.11636349616666668,22.505782674242425,400.0,240.0,271.51725589225595,1.3586033074955537,25.0,20.0,9.0,cane
3c8ed7bf-50e9-4bca-8d11-2d6a8e699d96,136.13624784732355,166390.19726958455,81.55993179285326,57192.84503553045,376.3727711361624,74858.25012958546,161.5813461448857,1667.6277508303071,0.27692211254513893,0.038710517948895205,0.48787064170346167,0.018690361664665634,0.34373181948054315,178.72764166666664,0.14693709624999998,22.517348022727273,900.0,320.0,407.27588383838383,0.3837245557808073,30.0,15.0,3.0,cane
3c8ffeca-e0f4-4bd7-b64c-153ce17d515f,134.67092092489824,166049.2159590307,81.08679925024227,57140.31924525718,371.0610070167016,74271.51509339796,158.64912469033973,1654.0295719286232,0.2781467036016414,0.038536471943686874,0.4870435891845328,0.018631645004941064,0.3441212934243869,178.56349791666665,0.14676635083333334,22.517348022727273,1200.0,320.0,407.27588383838383,0.3837245557808073,30.0,15.0,3.0,cane
3d5cbc85-18a4-41a1-aa47-249633126f8d,210.57530944290357,355822.3366684785,89.94901112888714,29930.116433057075,810.0342254054017,232510.5802883708,422.18544466314836,5144.297678914597,0.08108066385478746,0.016095127532218013,0.6429919848429715,0.01947147945572555,0.08411764917171467,187.0632275,0.15556316291666666,22.517348022727273,900.0,160.0,407.27588383838383,1.3586033074955537,30.0,15.0,9.0,cane
3d7af77d-6efa-4a39-8358-e33fa9df8db8,128.9676367664738,181339.5003488855,82.32647089248609,72867.47967889742,372.75343730363676,75438.3091553444,161.0547485862584,1680.622248917455,0.3096477308292298,0.038581897151914984,0.48866720217759885,0.018552227745185047,0.4018345574464249,182.16869916666667,0.15048172791666667,22.517348022727273,400.0,400.0,678.7931397306396,0.3837245557808073,30.0,15.0,3.0,cane
3db2497f-06b8-4659-8d32-f6c2b0d7ff12,218.69214050646835,424079.4604874807,109.32802336285792,66319.20829150538,891.0257540200998,258573.08913314223,473.9658079561986,5716.402025433027,0.13545846664574918,0.015333195311026936,0.6234328033040826,0.021755099394916357,0.15638833345130532,207.24752791666666,0.17649106333333334,22.517348022727273,1200.0,320.0,678.7931397306396,1.3586033074955537,30.0,15.0,9.0,cane
3e2e695f-5cfb-4ba0-a01f-a5e0768d025e,143.67492366148156,231036.0102593497,58.97867034394398,49418.65481833138,540.5694851547305,127357.93682947148,253.43341169627092,2821.870575320682,0.17216908210195708,0.02333924067070707,0.5963456887135838,0.014181801637560047,0.21390532581709032,154.43329458333332,0.12116212670833333,22.505782674242425,400.0,320.0,271.51725589225595,0.8028953652793002,25.0,20.0,6.0,cane
3e533ebc-2cd1-476e-ac82-3214b296ea1d,138.6669937759601,131578.08428929982,61.03707691050232,25454.353493604478,368.0849003435545,74293.94593859006,159.01386622254472,1653.0451868649513,0.22545278996519358,0.03904728233299663,0.4700243816102062,0.017155545030462363,0.19346131512882922,159.08970958333333,0.12572697833333332,22.505782674242425,400.0,160.0,678.7931397306396,0.3837245557808073,25.0,20.0,3.0,cane
3f088638-00e1-4740-8cd0-ee5f698778cd,163.26725989852605,183343.51157902306,86.9902879780541,58506.77206990537,480.1188408860459,90209.2898914325,218.47317876003677,2005.4138788906123,0.23503519188425928,0.041853667336226856,0.5343447097705913,0.019971511852215237,0.319115332075568,182.83366375,0.14953657083333333,22.505782674242425,1200.0,320.0,271.51725589225595,0.3837245557808073,25.0,20.0,3.0,cane
3f1b2838-50b1-4813-9fc3-9215992ae2c1,207.57939625149194,280050.801346234,90.09165665103372,45165.624437439576,716.6731899343913,172112.96785845945,367.80770764710564,3814.128852170059,0.13766323685511364,0.022942584214025674,0.6045983396175189,0.019799447796458897,0.16128101496472114,188.19010041666664,0.15502464041666666,22.505782674242425,900.0,240.0,678.7931397306396,0.8028953652793002,25.0,20.0,6.0,cane
3f3aa212-00ec-4dea-ad13-802f8df96eb8,187.22801887268474,263308.9171543927,85.88905660571949,44238.16195546087,641.1001521308006,156340.50238238342,324.7157069555073,3462.8473866603945,0.1381314342621107,0.021847221378640577,0.5590747613148149,0.01945526955999375,0.16801359291530601,184.32567416666666,0.15422427208333334,25.011565351010102,650.0,240.0,814.5517676767677,0.8028953652793002,30.0,20.0,6.0,cane
3f75a495-b591-4d06-8fe0-40fa6547440a,139.32666453263712,168516.91892513857,76.70845565381988,55613.92404883485,411.27652839216114,80401.3990771807,182.3755826416653,1788.5727412896683,0.2777170327159091,0.03996233732139099,0.5039318966932765,0.01789934703840273,0.3300263219833301,173.79351291666669,0.1404313725,22.505782674242425,400.0,320.0,678.7931397306396,0.3837245557808073,25.0,20.0,3.0,cane
3fb95695-02da-41b4-a895-68ae78eeb60f,135.1063784915576,168507.2599344694,82.29301578185154,57737.33094401206,382.1350665515545,76686.29761909838,163.28902273094639,1707.0185277418593,0.28194787899252943,0.04034500627833544,0.5160651386916668,0.0186649553516163,0.34264506629123864,180.4291575,0.14561329375,20.0115655155724,900.0,320.0,814.5517676767677,0.3837245557808073,25.0,15.0,3.0,cane
3fc531c4-c4e4-4570-a5cd-c0487ec33d85,186.049815591314,262529.2711061787,88.88872328569131,44959.250118783784,632.7075339869614,154677.8804344538,314.0892549809419,3427.1270896341507,0.15425816309481272,0.023195878537058078,0.6131800921490951,0.019511819179184098,0.17125855947887392,187.33020916666666,0.1526042825,20.0115655155724,900.0,240.0,814.5517676767677,0.8028953652793002,25.0,15.0,6.0,cane
3fec2c95-1a8b-4b80-9f31-fa340cf4e753,239.0910520002393,423940.6424251967,101.14577410284812,47762.49461006743,962.594342591587,278379.04927504115,522.9022519144282,6157.5013333090465,0.08595027579659091,0.01606852310485059,0.6602716898214016,0.020805803095068808,0.11266650281799427,199.01039416666666,0.16622269375,22.505782674242425,650.0,240.0,814.5517676767677,1.3586033074955537,25.0,20.0,9.0,cane
4046d540-6d52-4fb5-8778-e05fc29b3648,231.38315366058833,413172.25567601,111.32115165349967,50182.46076996475,915.4665555214523,264633.4808025844,485.85610154665443,5852.672751062212,0.09679245427231692,0.016513978749652776,0.6835517405903724,0.02198505154836873,0.12145953127254848,209.09358791666668,0.17485251000000002,20.0115655155724,1200.0,240.0,678.7931397306396,1.3586033074955537,25.0,15.0,9.0,cane
408a53a5-e135-463f-852c-7d1cd7421848,193.34301655634994,248301.82846763136,84.87744555085884,29389.448262432572,630.5874448566592,155176.07409816037,318.44848218455553,3436.9326556334177,0.10312820850449284,0.02234874745623948,0.5703085970256417,0.01951795438098748,0.11836598600140386,183.6840525,0.15353161791666667,25.011565351010102,900.0,160.0,814.5517676767677,0.8028953652793002,30.0,20.0,6.0,cane
40e8cee6-f69f-48da-83ff-eb90be4f75e5,162.04492783908645,294797.51245052915,66.22539207582805,25955.50915682515,642.8858425147882,183655.56304149408,316.69930416741533,4064.732555719715,0.08426304033088174,0.01613865557513678,0.6226403836237373,0.015235349372148837,0.088047649118233,162.22193208333331,0.1302892275,22.517348022727273,1200.0,160.0,271.51725589225595,1.3586033074955537,30.0,15.0,9.0,cane
4109f0ea-1142-4b89-b1e8-db23713fd1b0,228.11824604941188,511685.44314402546,98.77800995028669,31470.493405427023,989.6090733902939,342846.3150520499,547.7457855110812,7576.80610849641,0.052629832231439404,0.011329346001473065,0.6581287295487375,0.020224304745921892,0.06150541008670673,196.6905833333333,0.16566124208333333,22.517348022727273,650.0,160.0,814.5517676767677,2.0078392033182246,30.0,15.0,12.0,cane
424da0e3-781b-479e-a4a4-777542d7bc95,238.73183611074253,548869.3971984668,105.02334765862666,48529.552912991065,1080.9725070260718,366307.9713517397,592.4045458463513,8093.678212068131,0.07073061557134891,0.01187763234989478,0.7093241555932133,0.02099862666433273,0.08841976311395523,202.20646875,0.16785259208333334,20.0115655155724,900.0,240.0,678.7931397306396,2.0078392033182246,25.0,15.0,12.0,cane
42c930dc-df1f-422e-9210-a8a70aa43c25,128.30630655031024,129391.504307337,60.69145280260361,25552.585252250534,337.66758633346643,70240.83972727138,138.57134554166097,1564.0819562554998,0.2641209791501684,0.03782954786530934,0.46406387571997043,0.017145532700209912,0.197489444800528,159.70365666666666,0.12497376208333333,20.0115655155724,1200.0,160.0,814.5517676767677,0.3837245557808073,25.0,15.0,3.0,cane
438f43c3-6105-4cff-911c-d2ba8b0ddd2c,240.19330624634705,560269.0668090725,104.20467331796186,48529.55345215142,1085.8027087778573,375078.07946438645,614.2014910123828,8284.327009410674,0.06574182402955597,0.010999660985174662,0.6359610500167299,0.02077745043801435,0.0866212549454748,202.20647208333332,0.17296589625,25.011565351010102,900.0,240.0,814.5517676767677,2.0078392033182246,30.0,20.0,12.0,cane
43cb943f-1c28-4d97-8f20-766fa3697a9f,221.1091556183306,260617.3523551244,81.74781813056642,28625.762702266715,728.781024494837,171411.84368021312,369.9817922372837,3794.2489421591126,0.10430777435353535,0.02353345192002315,0.6096175642425294,0.019532427354990427,0.10984179515968791,178.91101708333335,0.14562075916666667,22.505782674242425,650.0,160.0,407.27588383838383,0.8028953652793002,25.0,20.0,6.0,cane
443047bd-07a4-40a0-a406-a59b1a45faf1,209.0772254570795,279654.3692417741,90.36664075320178,45166.97010491504,721.9513711641966,172397.2854333473,369.48914202387795,3816.4000690646567,0.13722706462614692,0.02314362852339015,0.6138185938323022,0.019758899305729542,0.16151428996269962,188.19570833333333,0.15505308166666668,22.505782674242425,650.0,240.0,678.7931397306396,0.8028953652793002,25.0,20.0,6.0,cane
4472e4e5-6486-4a09-b5d2-76c57af285b8,145.65027743972558,425313.2286700467,64.10796976971935,63866.00967172275,728.2369946669826,241706.11498418637,366.7771845096247,5345.005961669355,0.12162299372549452,0.011361497421530935,0.6456968014881102,0.013948262010245313,0.15016580356402412,159.66502499999999,0.12791975749999998,22.517348022727273,400.0,400.0,407.27588383838383,2.0078392033182246,30.0,15.0,12.0,cane
449e2346-3458-4700-9b72-7e5a9066f164,211.23370210871065,308468.1967735736,105.45055142744455,65080.252385672466,751.0655566470163,179302.21980748454,386.7713052172798,3967.7237974597506,0.13989155996143732,0.023245725351704546,0.6223508360998317,0.02053305253785014,0.21098323633878882,203.37578666666664,0.17059921791666666,22.505782674242425,1200.0,320.0,678.7931397306396,0.8028953652793002,25.0,20.0,6.0,cane
4512a9fe-a287-43d4-acf0-ef5e6eec5356,136.43946670892296,133742.76879780105,64.83439397194947,26205.663128026263,359.2030553751465,73616.5314213365,153.2197235688682,1637.275192601439,0.2388430832625736,0.03810446341309975,0.46526643416276303,0.018621017923717564,0.19594845039593303,163.78539625,0.133125645,25.011565351010102,900.0,160.0,678.7931397306396,0.3837245557808073,30.0,20.0,3.0,cane
4619238f-b3f9-4dda-8e62-d194e7ae69ab,163.43724728079923,395245.1282056196,62.63243974748832,25356.141123917085,752.1983375069816,250579.705218631,378.8261315920365,5540.272306791802,0.05421039580228325,0.012456053057733585,0.7173354868302819,0.01441587524379827,0.06415459092046565,158.47588166666665,0.123959310125,20.0115655155724,400.0,160.0,407.27588383838383,2.0078392033182246,25.0,15.0,12.0,cane
46915c49-1864-40c3-858b-483e8926f235,197.18080364347588,384621.47387113096,90.63283095167615,59844.9977675013,824.6229883438192,232871.88044541478,425.76244237886954,5153.15394396423,0.12571852959263471,0.015735557436647722,0.630215926658144,0.01922205268485439,0.15559914239554165,187.01561916666665,0.15550983583333333,22.517348022727273,900.0,320.0,407.27588383838383,1.3586033074955537,30.0,15.0,9.0,cane
46a1da5c-14ec-486a-bab1-e205ec0ea50b,197.30719909503105,293607.840797206,104.96481184634678,64891.05585068237,694.8466177658838,166465.9491643373,347.77644848043917,3686.281007098343,0.17200423529813763,0.023364924938857324,0.6239005402697706,0.020945476513443466,0.2210172409921771,202.78455208333332,0.16835594583333333,20.0115655155724,650.0,320.0,814.5517676767677,0.8028953652793002,25.0,15.0,6.0,cane
470be648-ac6d-4941-8209-555657c0efac,129.72888426749364,394904.6923272139,50.13360471252959,58087.58695054939,676.8251669508717,222162.68746569668,331.5692652144528,4914.2256940999105,0.09959667274846379,0.011796284612037036,0.6686212463040824,0.011579058827154024,0.14709566658503767,145.21896875000002,0.11209360887499999,22.505782674242425,650.0,400.0,271.51725589225595,2.0078392033182246,25.0,20.0,12.0,cane
4710fb39-c083-4f2d-84fc-0cfb68c16f4a,201.7060473263623,483622.0583296995,83.0394004330439,43157.927130008764,930.87511074841,314127.22211300506,508.00945121664176,6943.115821903717,0.06943703913012415,0.011227248401609848,0.6384855019939288,0.017229630153295303,0.08924162675871034,179.82469708333335,0.14986373291666666,25.011565351010102,400.0,240.0,678.7931397306396,2.0078392033182246,30.0,20.0,12.0,cane
4784b696-9f3e-42f6-af5f-13061f79765f,194.4386171229115,263495.6468195159,88.2875751333428,44561.386057061085,667.5671852539701,159066.88723796263,330.32012365727763,3523.210929972887,0.15148529871208968,0.023822733891256314,0.6278202739004103,0.01965634850372042,0.1691201861788323,185.67244333333335,0.1509906975,20.0115655155724,400.0,240.0,678.7931397306396,0.8028953652793002,25.0,15.0,6.0,cane
47baf2ea-dc93-4f3a-8b20-49dba80e8398,159.03946500154194,350786.242659077,70.47716422615632,66303.08709926733,712.2204522476342,198526.3853262181,347.2050027573994,4393.156311418053,0.14567948238722642,0.01665677670256313,0.675556034391393,0.016154466178934235,0.18901671104746265,165.75771708333335,0.13101805166666666,20.0115655155724,900.0,400.0,271.51725589225595,1.3586033074955537,25.0,15.0,9.0,cane
48595176-8e6e-4ced-a5c1-97c2facdec4d,145.64582614489163,153846.34628950703,70.09580910199519,40207.73476635773,410.6503718243288,80539.64791552073,182.0517174077197,1790.2574655747474,0.3182717282588385,0.03708366586778198,0.4652969109235585,0.01850387224494376,0.26135816963337005,167.53222875,0.13411622625,22.505782674242425,650.0,240.0,407.27588383838383,0.3837245557808073,25.0,20.0,3.0,cane
485d3dba-03cb-4dab-a8b0-d166ab590bde,136.40518285353494,184599.89022650165,79.95607018612105,71306.6457738444,407.18259522860194,79709.66486272644,177.82990581281237,1772.801384096175,0.3087980222874579,0.03905996090755472,0.4980577399571233,0.01945245732338191,0.3862819038605548,178.26661458333334,0.14646443041666665,22.517348022727273,650.0,400.0,271.51725589225595,0.3837245557808073,30.0,15.0,3.0,cane
48b78098-4009-4d63-bdf2-8fe28f40c43c,128.73566053349788,123357.24436253945,55.532792270858835,24364.5746759883,336.66589103098363,67997.90798909288,137.16768282537006,1515.5355662541012,0.2577726478083544,0.038799426280702855,0.4657103413069445,0.01607971409466898,0.19751872104653165,152.27859,0.11768133091666666,20.0115655155724,400.0,160.0,271.51725589225595,0.3837245557808073,25.0,15.0,3.0,cane
48b980ae-ffc3-4e37-a133-46f850c89645,134.50404482133533,167666.71430191016,79.32537192076879,56764.174176620676,384.43121838576747,76876.77946372486,169.0590186911399,1711.0993768676187,0.2739344096009048,0.03807144839694865,0.4771626315789561,0.018582584268588002,0.33855925593639885,177.38804333333334,0.14700251333333333,25.011565351010102,650.0,320.0,678.7931397306396,0.3837245557808073,30.0,20.0,3.0,cane
48f70b94-d666-4c15-8e0b-d66886dae5b0,181.3684918021606,269380.6326732208,78.77194353702825,55922.66438988179,669.2482035911437,155728.6170313342,330.3834073983506,3450.3274096632613,0.15997149791093226,0.023237205626104797,0.6038567315432977,0.017358751264209646,0.20760211090358197,174.75832666666668,0.14147130791666665,22.505782674242425,400.0,320.0,407.27588383838383,0.8028953652793002,25.0,20.0,6.0,cane
49d141b1-5c2d-47c6-8357-ab6a08bea694,146.62098790337896,387282.431969936,61.31711807524102,37595.072360038626,709.4220202238251,234388.4140981088,358.7420193421463,5181.082407162566,0.07697977331761363,0.011419729356218435,0.6309228972051241,0.01291728557012259,0.0970766690070251,156.64613541666668,0.12603393916666666,25.011565351010102,900.0,240.0,271.51725589225595,2.0078392033182246,30.0,20.0,12.0,cane
49d348b7-14d4-4165-ba0b-fd329e979ef8,213.2309944255516,384903.8701901505,96.91428710737799,46578.54368175103,849.7522353356924,243434.24857269018,446.0681399337283,5386.273400372794,0.09721582007181187,0.016001341258186027,0.6422149733428241,0.020244662226826585,0.12101659816305547,194.07726416666665,0.16293646041666668,22.517348022727273,400.0,240.0,678.7931397306396,1.3586033074955537,30.0,15.0,9.0,cane
4a016c2f-2a3b-4c8b-91d9-c90fb3be6e4a,229.17049816286905,434236.9966648435,111.1725477953418,66749.06662280642,941.1724434951806,269498.94155560614,498.3700071469583,5959.955887493565,0.11872303352427399,0.016345367800494528,0.6819568289079229,0.022188158769476142,0.15371934044915794,208.59083291666664,0.17435443458333333,20.0115655155724,900.0,320.0,678.7931397306396,1.3586033074955537,25.0,15.0,9.0,cane
4a638fe5-db2e-45c4-bd5e-dbe48289802b,204.04478329744924,277685.160717384,89.22821558686779,44981.09247033201,706.2012740024802,170179.8100580004,361.9291404028442,3770.3652037268275,0.1369411864533039,0.022976565216561447,0.6062229572847538,0.019597636005692247,0.16199030707326476,187.42121916666667,0.15427351666666667,22.505782674242425,650.0,240.0,814.5517676767677,0.8028953652793002,25.0,20.0,6.0,cane
4a70cd51-acdf-4662-af63-9b3514be9560,179.05146993119791,294576.3319592629,93.43140420515633,76793.28455646594,653.5833043589622,157171.31012407932,327.92839865874043,3484.201302448008,0.20161997398295456,0.022242915316666667,0.586163518432397,0.019785669281666616,0.26069558844589596,191.98321124999998,0.16065680000000002,22.517348022727273,400.0,400.0,678.7931397306396,0.8028953652793002,30.0,15.0,6.0,cane
4ab1f4f2-42ee-4854-a6b6-42e87c7f9b4a,188.14045896187926,348303.9571223022,79.16899476944047,42062.67062364902,770.7616295540805,217286.02272338513,387.5283571037592,4806.610161136879,0.0932606499386574,0.017188352339877946,0.6979475580571233,0.017683286559263937,0.1207673024463599,175.26112708333335,0.14058724541666667,20.0115655155724,400.0,240.0,407.27588383838383,1.3586033074955537,25.0,15.0,9.0,cane
4ad9cd07-a7b2-401d-8bab-dc040d8f22d3,139.7858882070382,189981.62424541137,91.93087033442322,76724.75666430338,391.37152369177164,78448.5739853046,170.9542980610535,1745.3100262529817,0.31756955339730647,0.037540189024757996,0.48142212270037876,0.019669656487354248,0.4038581107850414,191.8118916666667,0.16035004833333333,22.517348022727273,1200.0,400.0,407.27588383838383,0.3837245557808073,30.0,15.0,3.0,cane
4b324051-27a8-4ac0-a789-1c6b2869297b,136.05958628930964,166119.15547998893,79.11749567062229,56378.486447047384,390.9726916617357,77110.40695746164,167.4120737166423,1716.0209209932138,0.27656567687752526,0.04152515637525253,0.5292963895167718,0.01851636075521542,0.3393908816659857,176.18277041666667,0.14138079208333335,20.0115655155724,400.0,320.0,814.5517676767677,0.3837245557808073,25.0,15.0,3.0,cane
4b4f65ec-f074-48e5-bc55-c7038f3b38c8,190.1039026897122,304033.83184315974,89.07572696050352,74345.40834800986,725.7754041088413,170040.99768056613,367.6690372977475,3768.5440018952772,0.17584396837841962,0.02284754370468224,0.6040485809370687,0.01898165058634169,0.24453525627134268,185.86351958333333,0.15272915416666666,22.505782674242425,400.0,400.0,678.7931397306396,0.8028953652793002,25.0,20.0,6.0,cane
4b6c5be2-c004-4b57-b02f-8be1eb0ef453,223.23308964200908,400643.9820772281,98.4878815181805,47062.27988816954,896.2018756788827,258050.54623650922,482.31844175798227,5705.138967902702,0.08596177483069235,0.01564404504793771,0.6240533113890048,0.020410042874243032,0.11747015443413879,196.09283458333334,0.16662300375,25.011565351010102,400.0,240.0,814.5517676767677,1.3586033074955537,30.0,20.0,9.0,cane
4bd5eefc-0a83-4a4b-9724-8d96a2a9f48c,185.44062769008414,262849.9298291312,88.44489892872376,44879.248459039656,631.1849756929768,154653.9841484458,313.5443978620273,3427.5891604953663,0.15439063180682872,0.023271177881071123,0.6174158543121844,0.01956032368806402,0.1707457588290636,186.99686958333334,0.15225041416666665,20.0115655155724,1200.0,240.0,814.5517676767677,0.8028953652793002,25.0,15.0,6.0,cane
4bdd6c48-9ae8-42db-ab47-ee51c9d4a328,136.2630130889156,146537.83513699038,64.45962313482055,38720.241641944456,375.48860958191506,74228.41853551942,160.6804787521394,1653.7110557102424,0.35239702896222647,0.03552319011790825,0.4443235444274832,0.018487972600668902,0.26424143526194577,161.33433916666667,0.12932986791666667,22.517348022727273,1200.0,240.0,271.51725589225595,0.3837245557808073,30.0,15.0,3.0,cane
4c1f0096-0ef4-4ae0-9ff1-7e4682ff67d1,171.6491768387935,260290.00218193707,79.43328727821827,56195.715047339436,620.3907875094783,145806.82388508384,301.34843695358364,3231.4398733193216,0.18342582368613217,0.022615287489541246,0.5837855374337017,0.018148266402936403,0.21590169273665008,175.61160916666665,0.14387737541666668,22.517348022727273,400.0,320.0,407.27588383838383,0.8028953652793002,30.0,15.0,6.0,cane
4ca99d06-1f8f-47a9-bcc2-9feca1724faf,141.6476865923081,155186.5341818522,70.84105216789852,40665.735943553496,402.3945571081662,80442.52114931495,177.85724507727488,1789.8108287996317,0.31251237822653616,0.03736100820860691,0.47170283836530946,0.01861701213079444,0.26205288505352936,169.44056625,0.13602221458333333,22.505782674242425,1200.0,240.0,678.7931397306396,0.3837245557808073,25.0,20.0,3.0,cane
4cde24d9-9a2c-4856-9661-f397ef223823,233.98665500999905,412903.4869723166,96.35971701872059,46499.05111241527,949.6409349543082,271917.6793255211,511.14877592190624,6011.84713962447,0.08775407707559973,0.016291942001588802,0.6686532756425083,0.020094101828040487,0.1126180743277747,193.74604541666668,0.16089918875,22.505782674242425,400.0,240.0,814.5517676767677,1.3586033074955537,25.0,20.0,9.0,cane
4d0edb5b-caa8-4edb-93b9-dde2fc13a2a2,232.5572812362475,542334.7215880357,100.79577929749544,47620.04202608619,1053.1393377360696,361029.14200375037,591.349740937872,7976.463939866669,0.06154507365590278,0.011136263666540405,0.6409311706528831,0.01988350574173695,0.08780841817812557,198.41684333333333,0.16897834874999998,25.011565351010102,900.0,240.0,678.7931397306396,2.0078392033182246,30.0,20.0,12.0,cane
4d334b52-7f73-4d63-bead-196b7ab466a5,132.2907457605835,144482.3440214486,61.51950039323809,38061.71742510632,377.6524754334169,74867.71079918461,163.44675258736157,1665.5764407831539,0.31482894381444654,0.03704064796131102,0.45703975391233165,0.01702898656887618,0.2634433065780168,158.59048875,0.12521969583333334,22.505782674242425,400.0,240.0,407.27588383838383,0.3837245557808073,25.0,20.0,3.0,cane
4d5f3bd6-1870-4cd9-b8cc-138ea1937f1b,133.18285193210662,185455.2640531638,84.1357780009749,72853.2498611163,391.73789938263974,78022.43750781959,173.1666409702431,1736.9991870273022,0.30060629996927607,0.037228870356207915,0.47198060384521245,0.01873651536200522,0.39284020625054983,182.13312375,0.15186745833333334,25.011565351010102,900.0,400.0,678.7931397306396,0.3837245557808073,30.0,20.0,3.0,cane
4e48fd1f-af78-4ea5-a2d7-2580f8a06f7e,120.87602215800912,142163.6717358145,63.367755490450584,38915.306976157524,333.066676212161,69241.40008380137,136.6772773334432,1541.6271168474357,0.33857015357738846,0.035906952868465916,0.4500343317214226,0.017561973576448214,0.2737435973224838,162.14711333333335,0.13014911208333332,22.517348022727273,1200.0,240.0,678.7931397306396,0.3837245557808073,30.0,15.0,3.0,cane
4e89d6af-0b45-4104-a9a1-9e7c10c6e5c3,179.52998721344758,259210.4928944615,83.11964849659144,43656.51130344494,611.7544936407484,151066.57868781392,308.0716551166146,3349.0949033437532,0.13059084023793138,0.021964574851157406,0.5696065296063446,0.018964730758533485,0.1684249970749279,181.90213083333333,0.15167549583333334,25.011565351010102,1200.0,240.0,814.5517676767677,0.8028953652793002,30.0,20.0,6.0,cane
4ed529fd-ce97-473c-95c3-8a481bf4d6ed,183.0754738188598,493621.8441971476,78.99561909085322,69964.7182368517,907.5324660394531,299859.2476393112,471.76037999830356,6626.67573633307,0.11612839920256733,0.01169727291859112,0.6908298247717383,0.017112388319699204,0.1417407590944763,174.91179541666668,0.14016297583333334,20.0115655155724,1200.0,400.0,407.27588383838383,2.0078392033182246,25.0,15.0,12.0,cane
4ef4eff8-f14b-4236-a4c8-aedff627cac6,121.75566456726776,141323.50680677843,62.37556722537364,38601.171820133015,336.59493519416037,69491.27479870057,139.343310613992,1547.7852137394295,0.3514492988185502,0.03541466469848484,0.44302821870704967,0.01749954553952208,0.27314805689251725,160.83821541666666,0.12884872541666667,22.517348022727273,650.0,240.0,678.7931397306396,0.3837245557808073,30.0,15.0,3.0,cane
4f954375-042c-40bc-9814-621d5baaae43,178.85072082288897,267162.67569798336,82.89778902248656,57264.96946076137,651.9152735446899,152239.0159497808,315.3510513874347,3373.8506431811984,0.1918559065087858,0.023484199733522722,0.6180594700183608,0.018675749781450854,0.21435072905602537,178.95302875000002,0.14421401791666666,20.0115655155724,400.0,320.0,407.27588383838383,0.8028953652793002,25.0,15.0,6.0,cane
4f9eecc2-16f9-434f-b71b-8fc6ec4c2f74,115.74109602743768,290663.7762093742,52.30898797289497,59022.98404117141,518.2808381469138,149154.9643164592,240.40317534247077,3302.940394050038,0.1620650683415404,0.015712050098701597,0.6082367357978535,0.01224062038633307,0.20306685788150078,147.55746041666666,0.11573258625,22.517348022727273,400.0,400.0,271.51725589225595,1.3586033074955537,30.0,15.0,9.0,cane
4fe9ebf8-bd78-455e-a54e-45616c8100ed,139.88426355913367,166681.90059354895,76.7076203876045,55237.274573752446,401.9842114175854,77772.03976670175,173.9237249408361,1730.1065803448864,0.2918749653155513,0.03892330699236111,0.4898611513618582,0.019125673118097968,0.33139873739833986,172.61648291666666,0.14072518125,22.517348022727273,650.0,320.0,271.51725589225595,0.3837245557808073,30.0,15.0,3.0,cane
501a621f-567a-4b71-a5a1-9a6149604c2c,240.17202407415778,528207.510139342,100.01908247259182,31630.348921544835,1052.6498998997959,361143.311661368,580.6196066991004,7981.281001694676,0.049762911961047984,0.011939345176536196,0.7114609386166666,0.020824520611881555,0.059884200850869866,197.68968083333334,0.16328972083333335,20.0115655155724,650.0,160.0,814.5517676767677,2.0078392033182246,25.0,15.0,12.0,cane
50457700-ebcd-4692-8088-4641023e6b4a,175.96303216386454,293294.06878986256,93.52537875860718,77015.24126000235,638.8017125776621,155227.5163591293,320.7924518455287,3440.1718963658586,0.20412153237058084,0.0219532494010101,0.5764571045853536,0.01966264332385842,0.2625920697234315,192.53810208333334,0.16124079583333334,22.517348022727273,400.0,400.0,814.5517676767677,0.8028953652793002,30.0,15.0,6.0,cane
505cf71a-52d3-4a32-bbde-ee7446fa22d7,236.9603283261159,521014.6994494118,97.76481357216976,31243.7129714692,1041.5698583266726,356020.7257298354,572.0651471275454,7868.910935252176,0.05101878317274831,0.011977505142655727,0.7116715869855323,0.02046860251929138,0.059968805458564145,195.27320625000002,0.16077323875,20.0115655155724,900.0,160.0,678.7931397306396,2.0078392033182246,25.0,15.0,12.0,cane
5081c34a-285b-4d37-b3ea-42a887b31ed8,214.1924953145987,396246.5088120201,101.98376823440513,48071.20895512349,840.8861581240631,247115.8014171376,446.4178486940074,5466.68637924345,0.09167749426039562,0.015661099109532825,0.6343628362730219,0.021012778774570827,0.12131978392311386,200.29670333333334,0.16927081458333335,22.517348022727273,900.0,240.0,814.5517676767677,1.3586033074955537,30.0,15.0,9.0,cane
50fddd87-1e7b-45f3-99ce-091592be74f0,153.3125885122184,343090.1253907112,69.73181050258752,66037.13982433273,687.1173477697092,192399.94277240077,343.36700726840826,4258.8301001944355,0.1439658112573653,0.015488173494707491,0.6073013169552716,0.014967564140856019,0.19248186324075425,165.09285041666666,0.13451873041666668,25.011565351010102,1200.0,400.0,271.51725589225595,1.3586033074955537,30.0,20.0,9.0,cane
51354aa1-c21d-4083-bdcb-d180aecd630e,142.66562027066863,290585.22171139956,60.11951354141419,37370.694495720236,601.1016118185644,171258.32315049492,294.8419076144763,3792.3388463709034,0.11260944492200126,0.01569136403416456,0.5996869734289141,0.01351693432882655,0.12860840401274756,155.71122499999998,0.1250798715,25.011565351010102,650.0,240.0,271.51725589225595,1.3586033074955537,30.0,20.0,9.0,cane
5158e045-9f4f-4815-9046-65131d951d8a,127.52837924478344,182002.17104106225,82.48341032935275,73224.19975305247,365.371397902251,74846.33113930638,156.8680433510412,1665.5066571237203,0.3405730136837121,0.03645461491604588,0.4621053493278514,0.01866876170936405,0.4023310363020977,183.06049833333336,0.15136689583333332,22.517348022727273,650.0,400.0,678.7931397306396,0.3837245557808073,30.0,15.0,3.0,cane
515da25a-b1fe-4016-bf80-764c2786ae79,203.87375549713798,417209.7679697149,92.30200114209165,75427.77220039128,887.2504105898281,248571.11082755998,456.7599526936386,5499.150812552289,0.1396011370013573,0.016285492412220118,0.6754007482851431,0.02016214412832972,0.18079544035456374,188.56943041666668,0.1538866325,20.0115655155724,900.0,400.0,407.27588383838383,1.3586033074955537,25.0,15.0,9.0,cane
5171d5f7-7a17-4ab5-8a88-db24f76f7165,182.30945186982814,339885.71744592575,78.12965003371258,41717.22553375213,754.8309214429721,211504.48787864836,375.3422037395546,4679.177795675151,0.10576408342798821,0.01693619737851431,0.6808357221568393,0.01724313448288313,0.12274211098331324,173.82177416666664,0.13903067458333332,20.0115655155724,1200.0,240.0,271.51725589225595,1.3586033074955537,25.0,15.0,9.0,cane
517f7f34-bdb3-4dbf-b6e4-32b6bb787673,229.26655300495273,564580.53276103,102.59630226419499,64081.416073714696,1065.1498301606753,365375.790820407,599.3475149500682,8073.452829829657,0.0820187909613531,0.010926092797937707,0.6335757466284195,0.02013036575534541,0.11350592097730676,200.25442583333333,0.17097201708333332,25.011565351010102,650.0,320.0,814.5517676767677,2.0078392033182246,30.0,20.0,12.0,cane
51baaec9-fd6f-46a5-a22d-93cf2cf8bf25,133.3504300508987,165005.0193456305,77.51279363863557,55991.77344370388,383.7287463874655,76198.17201621212,169.1569426383508,1696.9679461498665,0.2828128840313553,0.03818718817967171,0.4772444950855429,0.018221502594229323,0.33934014688662756,174.97429250000002,0.14456094291666666,25.011565351010102,400.0,320.0,678.7931397306396,0.3837245557808073,30.0,20.0,3.0,cane
52154a82-9b12-4c31-942a-c6c4b0daa11b,215.19267990751825,409532.9945672694,96.37811456759083,61749.48101252056,900.3529204135343,253801.682923139,467.2892064653193,5613.673541381028,0.12338155427834598,0.016427522133101852,0.6791862541531988,0.020685668196315274,0.15078386670766816,192.96712833333333,0.15832870375,20.0115655155724,1200.0,320.0,407.27588383838383,1.3586033074955537,25.0,15.0,9.0,cane
526bac4b-6aab-4322-84e2-fa1253b710ee,170.60728548244154,306515.9348530717,68.89399384865266,26477.336042492814,671.3426805484419,193396.66897116124,337.21445106783136,4279.594595378062,0.09227652561144781,0.015849738631386785,0.6114631595195812,0.016040651827362324,0.08638427980870951,165.48335125,0.133707,22.517348022727273,400.0,160.0,407.27588383838383,1.3586033074955537,30.0,15.0,9.0,cane
52821c80-4c08-4609-ab47-0ce04090d2fe,137.9917496333459,128310.71098322821,59.82538161521257,25040.45184437236,361.5671160491997,71785.47566804734,156.13901169932456,1599.7418528789212,0.23199544684438134,0.0391085901520202,0.46799571151222646,0.017476007705789057,0.19516180103744174,156.50282541666667,0.12579927375,25.011565351010102,400.0,160.0,271.51725589225595,0.3837245557808073,30.0,20.0,3.0,cane
52a533de-a83e-4f95-8c81-0c6c8d0da09b,148.0096481425249,255958.30104562812,67.11538380564402,65480.35730132499,568.6935103991524,134586.72778619066,267.3553499159657,2984.485462727289,0.19492453974915824,0.024100697534122476,0.6331457125021358,0.01650993171731345,0.2558302233413022,163.70089458333334,0.12900373833333334,20.0115655155724,400.0,400.0,271.51725589225595,0.8028953652793002,25.0,15.0,6.0,cane
5339e401-9627-405d-bb2a-104822f94d9e,130.44020125772562,183206.89601977495,80.3198350338346,71325.55008901579,389.94244138732483,77697.91051083789,172.12597533292907,1728.728183185306,0.2994189946936027,0.03762578813587963,0.47935158575508197,0.01854726496315048,0.3893221363145765,178.31387500000002,0.14795501208333334,25.011565351010102,650.0,400.0,814.5517676767677,0.3837245557808073,30.0,20.0,3.0,cane
53c0fe98-4d01-4c2f-8dec-fc3e911f59c5,204.78346403979745,320150.0185707817,100.16066838964903,79281.43134131473,762.6698684456086,178891.8434290016,384.05717870034675,3961.1596215592144,0.2093729511838173,0.023332568267739894,0.6385253975030829,0.021996010567018016,0.24764327968889877,198.20357875,0.16362110208333333,20.0115655155724,1200.0,400.0,407.27588383838383,0.8028953652793002,25.0,15.0,6.0,cane
53e1f13b-8a33-4da0-b5fd-ccc5be5338cf,129.8204451233847,127347.21313997191,62.48120788027071,25729.748579050894,336.65313721470466,69372.54604455685,139.62772996670722,1545.6243833796234,0.27966162489609636,0.03791444599583333,0.46382634291467806,0.01735813116710328,0.20205040380019568,160.81092958333332,0.12885844291666668,22.517348022727273,400.0,160.0,814.5517676767677,0.3837245557808073,30.0,15.0,3.0,cane
543ba6b8-61ce-4cf0-b184-d4bf108b675e,245.5793080689026,536561.3992253513,95.34436778862549,30878.666888528194,1082.5580890344095,372222.2527189669,609.0497408944727,8224.148518655356,0.0433553317386995,0.01162050625602904,0.6849053076577651,0.019406616686933956,0.057550987368222534,192.99166791666667,0.1600232925,22.505782674242425,1200.0,160.0,678.7931397306396,2.0078392033182246,25.0,20.0,12.0,cane
5451667e-22ac-4e6e-bd00-fa87fef56dc0,181.43521401907816,384943.998293152,81.92374319175151,71221.63631043019,797.3238469214158,224214.6693048694,413.78717943602845,4962.043850963139,0.1442843120501368,0.01535103535981692,0.6161485977370686,0.0174266653559894,0.18502277787105292,178.05409125000003,0.14781649916666667,25.011565351010102,650.0,400.0,407.27588383838383,1.3586033074955537,30.0,20.0,9.0,cane
545d9203-1065-4796-8abd-02044def6cb4,181.09799680931445,230354.81967785393,73.95388982734033,27498.438862186435,587.9583808445689,143269.84905994585,288.9469862183573,3175.556376571527,0.13541779724551767,0.022318577272569445,0.5642549079102799,0.018344874991992034,0.11937805383148647,171.86524333333332,0.14009646333333334,22.517348022727273,400.0,160.0,678.7931397306396,0.8028953652793002,30.0,15.0,6.0,cane
54703c4d-cc7b-4f0f-9b77-58ee417f2dcd,154.20685870441704,196246.7140141808,86.36476832110607,72677.73276768728,476.2553222000021,89137.04004303527,215.16892330120365,1980.2129134116378,0.2643954324218224,0.04074549871060606,0.522599099920665,0.01952626832008641,0.3703435980935852,181.6943320833333,0.148381785,22.505782674242425,900.0,400.0,271.51725589225595,0.3837245557808073,25.0,20.0,3.0,cane
54bd7553-2ccc-41ac-804e-9ba0d32dab9e,127.91547213095491,128361.50785963783,62.624791725437376,25837.099186024265,332.7516709195872,69258.2621046077,136.74468620328994,1543.8784424261878,0.2773191058184975,0.037645979106523564,0.4628229898680134,0.01753580268167731,0.20129052624578672,161.48187,0.12949957625,22.517348022727273,650.0,160.0,814.5517676767677,0.3837245557808073,30.0,15.0,3.0,cane
54f563b0-5abc-4dd7-a5f7-802f89f24562,147.57692441900846,407792.12156029063,59.91372916692501,49648.722258930036,737.9706385422948,242077.48417143265,363.597943247339,5351.60375638851,0.1031363426610059,0.012069390449610688,0.6965519841748107,0.013918136570079894,0.12175274618581124,155.15225791666668,0.12054467608333334,20.0115655155724,1200.0,320.0,271.51725589225595,2.0078392033182246,25.0,15.0,12.0,cane
5581d473-a02a-4b8d-a38a-2b9c161af34d,121.7617409257675,139577.14864333367,60.96054917799717,38133.835700515134,338.6027718979507,69305.21879641293,140.77741565292288,1543.152096136553,0.35703875183680556,0.03558704217748316,0.4434496814982639,0.017210813822588614,0.273217157094967,158.89098291666667,0.12692505416666666,22.517348022727273,400.0,240.0,678.7931397306396,0.3837245557808073,30.0,15.0,3.0,cane
559a1aa4-9f51-4627-82f2-67a24ddc7041,162.43107733734658,269979.8694923862,70.86154558061412,66502.52272693608,637.3947521824916,147300.59946673518,308.6478981149847,3265.8241901847723,0.20391223726225802,0.02259428527739899,0.5860082026578914,0.016358491679930844,0.24633079562630675,166.2563066666667,0.13288700875,22.505782674242425,650.0,400.0,271.51725589225595,0.8028953652793002,25.0,20.0,6.0,cane
55f99718-1558-4a15-96d9-bb9c541bc859,239.75058271680206,426661.0242423778,108.00337626887544,49438.96770263745,960.2233599444335,278887.5659360885,522.6855633245292,6167.9994055009,0.07728911974572812,0.01623281900852273,0.6671815038816813,0.020926642874820503,0.11587747128714732,205.99570125,0.1734005870833333,22.505782674242425,900.0,240.0,814.5517676767677,1.3586033074955537,25.0,20.0,9.0,cane
5625d422-53fc-4830-8064-cd1f0b2dfe87,144.58986841844876,213277.11768813457,59.90324755378391,37366.114279027555,508.04007040860705,121317.38669588421,235.74542010149807,2691.9380009231213,0.1778936594776831,0.022729550753419613,0.5710385070654883,0.014959888612888963,0.17520474173149467,155.69214250000002,0.12378807541666666,22.517348022727273,400.0,240.0,271.51725589225595,0.8028953652793002,30.0,15.0,6.0,cane
5639e425-b441-445f-a441-9ae874551210,232.4323124614105,463339.4491531795,105.26097764427367,80953.06186084615,1006.8176566153978,285867.0805659383,543.2912244505452,6320.463524553895,0.12129863475225168,0.015726336808122895,0.6468644139904356,0.020949572333063562,0.1747209640262123,202.38265458333333,0.16969035416666667,22.505782674242425,650.0,400.0,678.7931397306396,1.3586033074955537,25.0,20.0,9.0,cane
567afee4-cfc8-429c-a2e1-fae426b42192,153.9739493345529,344015.70144404593,71.76054324234524,66830.33668999422,685.6184060861178,192057.66437446175,336.9060463154827,4251.096908301489,0.1558175621655619,0.015809217988436444,0.625518087790625,0.015741254158652643,0.19426961363483722,167.07584083333333,0.135169705,22.517348022727273,1200.0,400.0,271.51725589225595,1.3586033074955537,30.0,15.0,9.0,cane
56a9cea5-23a7-4a0e-a8b1-4d7a50174f5b,128.07015618699867,143858.69012645847,63.156104293078506,38677.785958302076,361.05438816131493,72940.02172984454,156.5708524123042,1625.3671440669339,0.33240282432712537,0.0359597596907723,0.44591420213574284,0.018041158072228874,0.2688678844134365,161.15744166666667,0.13051468208333333,25.011565351010102,400.0,240.0,678.7931397306396,0.3837245557808073,30.0,20.0,3.0,cane
56c74c40-1719-4dbf-bdcc-69188155e1b0,159.98798322346022,207917.13235608142,56.26346511354852,24462.830264474236,533.376641551432,128104.45142839772,257.47297680652883,2840.810236830906,0.18976537465486107,0.020636472652367423,0.5058125087535774,0.0159213180975533,0.11766189740302867,152.89268833333333,0.12221718854166667,25.011565351010102,650.0,160.0,271.51725589225595,0.8028953652793002,30.0,20.0,6.0,cane
56f63241-26b1-4521-a700-a846f7b01f69,122.48552259903195,160653.310080511,76.94252868229167,56146.78613799004,341.3007419549618,70413.60772840002,141.68661862018558,1568.998308540389,0.29256594914320283,0.038192425665835444,0.48203496477150676,0.01763459321507603,0.3494957989308683,175.4587058333333,0.14361221583333333,22.517348022727273,900.0,320.0,814.5517676767677,0.3837245557808073,30.0,15.0,3.0,cane
56ff827e-388d-414a-ae87-a6758c446a94,234.28092491772418,525011.8236690159,96.10884504947612,31091.31186813412,1025.939666116261,357291.6613202033,578.803578237505,7888.911201312073,0.04578802439508628,0.011190573972643097,0.6479801702822916,0.019963922131692916,0.05922218911493655,194.32069875,0.1646728,25.011565351010102,1200.0,160.0,814.5517676767677,2.0078392033182246,30.0,20.0,12.0,cane
5703ec1b-f4f5-4b4c-8e87-b9bb176458dd,133.3491333901208,148898.94093385243,68.09456531427138,39971.18250440279,373.5978860889021,75425.43662032037,162.6183228821774,1678.7931998789147,0.32787654504129843,0.03617776008439605,0.4532467464884996,0.01879249560381071,0.2684535728412682,166.54659416666667,0.13593903416666667,25.011565351010102,650.0,240.0,678.7931397306396,0.3837245557808073,30.0,20.0,3.0,cane
5727cc91-3fec-4ed0-b00b-5a6b6545ac74,234.53798192561135,552344.487970526,102.87277717337548,48239.224073603145,1053.138653528345,365692.9714140592,595.214514302737,8076.461131187597,0.06412780481064814,0.01105264059648569,0.6441173308265992,0.02034298120263722,0.08733793858879658,200.99676958333336,0.17165216125000002,25.011565351010102,1200.0,240.0,814.5517676767677,2.0078392033182246,30.0,20.0,12.0,cane
578bdd88-f46a-4587-a885-352bf97d3fe9,116.59133076600077,372333.92091530864,51.35426417318263,58594.45902225172,601.3071069069231,200361.02777103914,288.4210324694391,4431.75936642607,0.13824999314896888,0.011427995263603746,0.6408299380057976,0.011621358963580868,0.15737380344565316,146.4861475,0.114632116,22.517348022727273,650.0,400.0,271.51725589225595,2.0078392033182246,30.0,15.0,12.0,cane
5825469c-846e-4fce-b824-c31ea23b5dde,223.11279124753548,453988.0033649802,111.36833340017466,83595.23412100885,942.8810431458253,271009.12917638564,500.27528226266594,5988.796185993367,0.14869545679306606,0.015792302876843436,0.6608664012418559,0.02238376460294482,0.1841355642656008,208.988085,0.17454787,19.930023716498326,1200.0,400.0,673.8741582491581,1.3586033074955537,25.0,15.0,9.0,cane
58658c39-39d7-4715-89ea-e3136852d854,215.32977658823697,558653.0701789268,95.85668070665783,77125.60528269492,1040.39945141117,350866.25647173193,577.1163720267783,7755.393583415658,0.10062708604147728,0.010904071944160354,0.629455804934217,0.019064543438800294,0.13806028071558557,192.81401416666665,0.16332551416666666,25.011565351010102,400.0,400.0,814.5517676767677,2.0078392033182246,30.0,20.0,12.0,cane
5867d780-51e6-4646-a48f-91c6a5a810bf,132.2880102033319,400089.7920934478,59.216173691990484,61730.20488374285,673.6178364633412,222329.24525867295,330.4608575494951,4916.4325361782985,0.12990288275427184,0.01134756512236006,0.6384806144542403,0.012884869423625349,0.15429427783764624,154.32551416666666,0.12242195837499999,22.517348022727273,900.0,400.0,271.51725589225595,2.0078392033182246,30.0,15.0,12.0,cane
58ec8bf1-bb47-438f-8f8c-d752e842501c,120.96482110613039,142324.57606923615,63.677624601376145,38993.670466774114,335.1734431715978,69595.99094654602,137.96330295893858,1550.4587601283665,0.3399925705833333,0.035915217833754204,0.4500544334461385,0.01759772734477418,0.2739847935648438,162.47362541666666,0.13048237,22.517348022727273,900.0,240.0,814.5517676767677,0.3837245557808073,30.0,15.0,3.0,cane
59023acc-f150-44f9-8476-0f15d0237d0b,177.48937472456385,335792.35697085893,75.51625296771334,41239.41238494757,723.2526143595678,205807.9107040237,365.5639385956683,4553.357253085977,0.10950878088429082,0.015991804385974324,0.6302016348862689,0.01697923954492778,0.1228156701794288,171.83088375,0.14013393541666666,22.517348022727273,400.0,240.0,407.27588383838383,1.3586033074955537,30.0,15.0,9.0,cane
5905fae6-18e0-417d-b547-348aef8c9335,124.22027174678789,140678.32524964205,61.70853275339626,38262.36388651871,348.17235176685426,70702.63603576158,144.68842546346104,1575.1156928359994,0.3549902315498212,0.036198561331250004,0.45148562473019777,0.01692253376074287,0.27199220497325644,159.42651666666666,0.12473280970833334,20.0115655155724,400.0,240.0,814.5517676767677,0.3837245557808073,25.0,15.0,3.0,cane
5916a317-26a8-405e-8b11-d1946c96f03a,229.51810806266852,504874.9788313191,92.96482690581584,30398.01766361261,1014.1480207753848,342845.101241682,549.5664548022685,7577.15508598373,0.04926716940101009,0.01209469630574495,0.7160543080036195,0.01962443028876773,0.06021073421111663,189.98760958333332,0.15555023416666666,20.0115655155724,400.0,160.0,814.5517676767677,2.0078392033182246,25.0,15.0,12.0,cane
592c8915-6819-4251-bfe8-4aa4759fb8c9,148.5593818186221,137687.35099528488,65.33161358244958,26172.017053294316,388.4592271451834,77779.2624603819,170.23359175927263,1730.016014883956,0.22951480675036828,0.03843621906359427,0.46923488512328493,0.018237750856960697,0.19009032236791354,163.575105,0.13015806833333332,22.505782674242425,1200.0,160.0,407.27588383838383,0.3837245557808073,25.0,20.0,3.0,cane
597a89ff-4d01-426a-9b86-e0a70f126663,191.97913010824698,260157.78158117345,86.20080364190198,44012.04802455074,649.9620645448433,154631.06178106452,322.0249848204526,3425.0819689474606,0.1586108746672559,0.022198508060858588,0.571026363117603,0.019703464602714896,0.16917865976407753,183.38353583333333,0.15173370249999998,22.517348022727273,900.0,240.0,407.27588383838383,0.8028953652793002,30.0,15.0,6.0,cane
59938ad5-9592-4ec8-a2ca-ef15c90edc57,117.46415445419225,141093.22673097436,62.29046904164692,38705.537031550186,326.68532805223145,68410.63694345269,133.08985499016137,1525.4598940277358,0.3378160152009154,0.035889180232218015,0.4491679392847432,0.01733984650043353,0.2743338012160789,161.27307125000002,0.12927256666666667,22.517348022727273,1200.0,240.0,814.5517676767677,0.3837245557808073,30.0,15.0,3.0,cane
599bf785-ed04-4e81-9fd0-4cdc8b4b62c7,119.51872787607647,278875.20423863473,53.86877918824011,47733.27433464249,521.2806307859295,150177.06562663874,247.09040787901085,3325.8323935181925,0.12660343512416877,0.015769379178440658,0.6016365392796716,0.011746921517816018,0.17116729903359718,149.16647958333334,0.11856527525,25.011565351010102,400.0,320.0,271.51725589225595,1.3586033074955537,30.0,20.0,9.0,cane
5a509e1a-44cb-400f-9d41-26c2e81bf0a1,174.18145499697036,310442.06622322643,69.69794315256617,26595.22618027269,689.083068780235,197751.60840089552,352.6874467303243,4375.818942572422,0.08234938756969695,0.01555630918979377,0.5944037993233903,0.01579259923146013,0.08567180431621174,166.22016375,0.13581321416666667,25.011565351010102,400.0,160.0,407.27588383838383,1.3586033074955537,30.0,20.0,9.0,cane
5a54b380-fa92-4987-a003-f6b2b85417d9,154.46911447010856,177248.7379819767,83.82535179339591,57555.7683661776,447.40866736219846,85009.99764852444,203.41605141340696,1892.5723407882315,0.26848619708817345,0.03895874945761785,0.4898734035397622,0.020187838398709322,0.32472327581596877,179.861775,0.149525405,25.011565351010102,1200.0,320.0,271.51725589225595,0.3837245557808073,30.0,20.0,3.0,cane
5ab2c718-978e-46fa-8959-3e00dd6ebfc8,225.24549550274764,412693.85204056726,99.80105492328799,47594.5977547451,899.3038401726951,263822.1458684989,487.706951326168,5835.9511772288015,0.08956095337401095,0.015298794527546298,0.615696557544539,0.02121626542048334,0.11533001714726483,198.3108225,0.16876977125,25.011565351010102,1200.0,240.0,814.5517676767677,1.3586033074955537,30.0,20.0,9.0,cane
5b0a31e0-9c7c-420c-bfa1-be4129ed2406,219.42340757965385,376023.26645725145,95.46440441837176,31008.648549252433,836.3635583596252,245763.4409284353,443.5154751482737,5435.385257255801,0.07922436400535565,0.01575791830078914,0.6318935022791351,0.02087267531713859,0.08246751491948584,193.80405458333334,0.16250818333333333,22.517348022727273,1200.0,160.0,678.7931397306396,1.3586033074955537,30.0,15.0,9.0,cane
5b2e6c21-dc24-4e3f-8340-1f6d1996752d,222.3668470761662,452183.6675719937,107.94485698276104,82214.6117143193,945.9284780357239,271413.8019003211,511.8569317544495,6001.190305964125,0.13194730058491158,0.014963128028745791,0.6051322673410984,0.02139837182798067,0.18182170153781876,205.53653,0.17636760958333333,25.011565351010102,900.0,400.0,678.7931397306396,1.3586033074955537,30.0,20.0,9.0,cane
5bad93c7-3299-4302-9dfe-02735729fe26,141.65663654948014,135351.74584715904,63.347526929771846,25913.856152561493,377.12610714878394,76343.10690371788,164.02964644926706,1699.586199913275,0.22817110550146255,0.03860999030410353,0.4694419113648675,0.01784942802468579,0.19146289086970772,161.96160041666667,0.12856146999999998,22.505782674242425,650.0,160.0,814.5517676767677,0.3837245557808073,25.0,20.0,3.0,cane
5bdb7956-79f2-4142-9bce-ed5d50530371,231.55559210185208,396034.16523168166,94.50430779465493,30914.444170766128,897.6168830834828,264321.529048484,486.8418654842306,5845.124188622257,0.06965717087200127,0.015529265421085856,0.6210871595904881,0.02129964144632966,0.07806327499552791,193.21527583333332,0.16345982458333333,25.011565351010102,1200.0,160.0,814.5517676767677,1.3586033074955537,30.0,20.0,9.0,cane
5c10b1d8-558d-42d0-94eb-522bf6d9cf4f,244.33060342634215,407188.0875370771,95.94361833409822,31084.769383029827,942.4164035690536,275579.04624361236,513.4395785801695,6093.510064507548,0.06470440805275673,0.01603504066946549,0.6575764577922558,0.020845422439348085,0.07634251343999247,194.27980833333334,0.16132544125,22.505782674242425,900.0,160.0,814.5517676767677,1.3586033074955537,25.0,20.0,9.0,cane
5d5b732c-5191-4fc5-833c-0aa75af3d4a6,154.47416661752447,138584.68237983892,68.94245104950518,26608.379982434195,397.34434375633947,78126.62743795746,176.33792534825554,1738.7307447822031,0.24262394279797983,0.03831756676561448,0.46726885425072606,0.019525056658534858,0.19200807856461852,166.30237375,0.1356727725,25.011565351010102,1200.0,160.0,271.51725589225595,0.3837245557808073,30.0,20.0,3.0,cane
5d855d77-d4cf-464f-a3cb-9d8603f16b5e,145.31546211140753,365874.5869057527,56.317762360356305,24270.75149331297,679.1629936740071,225246.85369624154,331.4289180645615,4980.837753981494,0.05373636069282409,0.012623225012342174,0.721248221286974,0.012999469255255544,0.06633776514792399,151.69219708333333,0.11719327895833333,20.0115655155724,650.0,160.0,271.51725589225595,2.0078392033182246,25.0,15.0,12.0,cane
5d8edbc9-11b8-40c7-888a-482be002b231,199.58177599937972,269889.2749465069,86.34643744574318,44164.11333219067,690.9977539115806,165298.68673394795,351.33363443005067,3661.3232866673166,0.1295577999058607,0.023354192844486532,0.614092454068487,0.018873156595173517,0.16364186321481727,184.01713833333335,0.15086278833333333,22.505782674242425,400.0,240.0,814.5517676767677,0.8028953652793002,25.0,20.0,6.0,cane
5dff87a3-2cfe-49b3-8bfd-cb32dfb7ceec,242.16069578268198,422956.30240170175,99.3054819146461,47197.3593721749,980.5584396974931,279918.2102015238,529.1037161625352,6188.328025932039,0.08351688518354378,0.016256052712257996,0.664903037785722,0.02066462197064444,0.11159249533811477,196.65566208333334,0.16379197416666666,22.505782674242425,650.0,240.0,678.7931397306396,1.3586033074955537,25.0,20.0,9.0,cane
5f63f030-7b6a-4ebc-be3d-0d016a360350,143.479072712084,363201.0292234391,57.065037672551945,24396.4636216822,675.9283245965969,224454.02020511855,339.4880273280317,4962.770823831309,0.05061220243257575,0.011694011747453702,0.6427892652716751,0.012384366422668564,0.06717247616543154,152.47790041666667,0.12187192579166667,25.011565351010102,650.0,160.0,271.51725589225595,2.0078392033182246,30.0,20.0,12.0,cane
5f640067-f30a-49be-96c5-35b5119bb0c6,237.51379137117925,421156.04261129815,113.85260920242494,50783.49446026583,942.6915801460566,271727.9556274272,501.5364977960507,6009.37565911326,0.09761708821731901,0.01649564869667508,0.6833229191894571,0.022532983349850703,0.1205844604656086,211.59789333333333,0.17750618666666665,20.0115655155724,650.0,240.0,814.5517676767677,1.3586033074955537,25.0,15.0,9.0,cane
5fb80563-7190-4bfa-a758-1f30de002fc4,215.02102548764972,363505.9160268418,91.33244836200782,30215.458811036475,824.8155341777745,238362.47538245228,433.3003908639477,5273.999636302153,0.08549196097083334,0.015811511447979803,0.6299573214818919,0.020010105557947938,0.08312492700619088,188.84661791666667,0.15754390958333334,22.517348022727273,400.0,160.0,678.7931397306396,1.3586033074955537,30.0,15.0,9.0,cane
5fd35d11-fc19-4b5e-83b3-51f23694055e,190.49280779218444,460658.63607139915,73.35970721693232,40626.88380865835,904.0968518577225,299113.38652786845,477.4007129900713,6612.742147585247,0.0679221699751473,0.011859762910711277,0.6867364603736321,0.015424740199022556,0.08819538647416657,169.27868333333333,0.13601973041666668,22.505782674242425,650.0,240.0,407.27588383838383,2.0078392033182246,25.0,20.0,12.0,cane
600664af-24ca-4a84-877d-d835478e8389,127.966885943692,272339.99764406634,53.01027192891379,35648.80194006957,533.1463589804262,153747.0403459322,250.30357067884154,3403.696498822419,0.11365613410078912,0.01613430898598485,0.6189474489253262,0.012626456530376863,0.13090132885325392,148.536675,0.11671000470833333,22.517348022727273,400.0,240.0,271.51725589225595,1.3586033074955537,30.0,15.0,9.0,cane
60b0b899-ea2e-4589-8af3-19ec9319e27e,194.74687099253856,333768.07012876886,72.64375388957768,27036.94527878822,771.1728182421194,218669.39146709253,396.14859334892253,4836.682058056967,0.07172252361200547,0.016306944550252524,0.6404802929023043,0.01624928077490849,0.08100772150060866,168.98090625,0.13575259708333334,22.505782674242425,400.0,160.0,407.27588383838383,1.3586033074955537,25.0,20.0,9.0,cane
60fb01f4-77cb-4a3b-ad65-a57ee06c5213,129.73109046515944,160559.68351660846,73.61831865508388,54469.33270016923,371.38314467510804,73507.24413082692,158.25105638863502,1636.9937452451995,0.3197244302709385,0.03792899163912037,0.4763580309753999,0.018046664881048544,0.339252674056584,170.21666416666667,0.13831695833333332,22.517348022727273,400.0,320.0,407.27588383838383,0.3837245557808073,30.0,15.0,3.0,cane
619b43e2-0a6c-465f-ad51-e6dad78aabe0,241.78794894855383,557237.240723421,107.8712173618267,49290.92878172488,1089.5259968229875,372066.5179588878,601.5406596427566,8221.588239943681,0.06928055473358587,0.011843750823800505,0.7100401305682449,0.02141582607561872,0.0884584038801187,205.37887,0.17108154416666665,20.0115655155724,1200.0,240.0,678.7931397306396,2.0078392033182246,25.0,15.0,12.0,cane
61da0a5d-83b0-4745-b028-4adb833712a8,208.5582411896036,322315.5104282784,95.76560512706183,76868.91481930885,796.2271746232524,183739.01948961566,405.7046445426348,4068.769197208499,0.17146784804529674,0.02274007290642887,0.6022377882018622,0.020438189836581796,0.23849507991489172,192.17228541666668,0.15906681208333334,22.505782674242425,1200.0,400.0,407.27588383838383,0.8028953652793002,25.0,20.0,6.0,cane
61eba551-a19b-406c-b969-147dd5f4817a,164.5853402208841,297268.77914004435,60.682062832756266,25047.235930955325,664.2141478345237,188572.05065856792,329.5654621108657,4174.001473786684,0.08245345726373106,0.01609600558270202,0.6200587600175714,0.014121688909052379,0.08426051084535872,156.5452225,0.12325997004166667,22.505782674242425,650.0,160.0,271.51725589225595,1.3586033074955537,25.0,20.0,9.0,cane
628a40aa-f26e-4977-ab52-2417ebeebb04,148.69393834875885,137461.8382288852,65.30154416316526,26150.80798617171,389.2815490111231,77802.74787230219,170.60510639510161,1729.962843974362,0.2292344936982849,0.03851093096128998,0.46939006601248956,0.018204109754040868,0.19024775405076055,163.44254916666668,0.13002852374999999,22.505782674242425,900.0,160.0,407.27588383838383,0.3837245557808073,25.0,20.0,3.0,cane
6294914a-ca16-48d0-ade9-9c74ed22ba3e,166.1935354326866,233115.4579425199,70.58349641511157,39976.28165252349,579.9286156855308,136728.94109299695,277.1714042144182,3030.927804164945,0.16673899699338174,0.022924075187573653,0.5814581012084175,0.016951167694709366,0.1714919798994516,166.5678425,0.13466369875,22.517348022727273,650.0,240.0,271.51725589225595,0.8028953652793002,30.0,15.0,6.0,cane
62b50a03-f91d-400c-b357-162e094c7d09,242.93863854860635,611571.0457243497,103.12906071950528,80115.83302238859,1173.8877694693463,397180.98095759214,658.9707798039412,8775.935076221898,0.09562571498658462,0.0111838955256734,0.6651905683994633,0.02034375740326674,0.13100385619022978,200.28958291666666,0.16761765833333334,22.505782674242425,650.0,400.0,814.5517676767677,2.0078392033182246,25.0,20.0,12.0,cane
62d547ce-6735-43cd-8fd3-7c055a2edee9,150.91465139064647,394065.2822957595,62.169114810119886,37786.87724661623,726.580872478055,239422.63793431784,358.53073417591077,5294.990799682817,0.07267835537452652,0.012459119065877523,0.7174753720061026,0.013802465288843173,0.09589226255444812,157.4453225,0.12282258424999999,20.0115655155724,900.0,240.0,271.51725589225595,2.0078392033182246,25.0,15.0,12.0,cane
62f8371f-e8c0-4c26-a945-05801cbb90ef,225.63388069133364,528799.0949495054,97.84657632016892,46866.59073466472,1018.1821254960375,347618.4150822264,560.3566785238432,7683.217091031256,0.08708349571599328,0.011222426129945288,0.6563277334496738,0.02026776280057473,0.08863107917793848,195.27746083333332,0.16418425208333334,22.517348022727273,650.0,240.0,678.7931397306396,2.0078392033182246,30.0,15.0,12.0,cane
6313a930-60be-4b07-a4cb-c75b6395d5cd,146.24690100446375,175830.8930582303,83.34240942617228,57982.78356769428,427.2104178088602,83749.26175238588,191.78989402181458,1862.9805930318855,0.24404145594896887,0.04129906198368056,0.527349098286616,0.018750927671908654,0.3297696723915991,181.19619875,0.14788378208333333,22.505782674242425,650.0,320.0,814.5517676767677,0.3837245557808073,25.0,20.0,3.0,cane
631e6369-0666-4b8f-92b7-467d48c4656f,139.1547882781732,136017.7700237631,62.35801325382867,25823.163755656205,373.85381926473787,76277.97723109672,161.4554504037927,1696.7249857662566,0.22686255837674663,0.03837778640642888,0.4685631329860375,0.017921192935851437,0.1898589947268635,161.39477374999998,0.12798727583333333,22.505782674242425,1200.0,160.0,814.5517676767677,0.3837245557808073,25.0,20.0,3.0,cane
63902f0a-2d20-4fda-a330-2a39bb33a446,193.043501113851,333274.8757475077,78.52940679968597,28044.797928301003,751.3792614871428,215045.64660744695,385.09560367384097,4759.016318745087,0.08034168950147307,0.016032854269686446,0.6291860339486218,0.017870524103561037,0.08415162897341145,175.27998666666667,0.14355183666666668,22.517348022727273,650.0,160.0,407.27588383838383,1.3586033074955537,30.0,15.0,9.0,cane
63bf8f70-0bb5-4c91-a965-2270177d21d3,205.05084427752837,271939.98618787585,88.73824813057315,44616.668140613976,704.3365306308356,165978.20314412357,358.3365818466137,3674.8657728241255,0.14307988404420244,0.022188346502104377,0.5674896494363952,0.020163452457726428,0.1640730731725306,185.90278375,0.15580451916666668,25.011565351010102,900.0,240.0,407.27588383838383,0.8028953652793002,30.0,20.0,6.0,cane
640e0339-75ad-465c-a3f7-1053df5a34a8,228.04102547889588,436759.1806501651,112.19316521022928,67216.49607715766,933.9334129086968,269952.4099755954,497.04804790094965,5969.671790480413,0.12149987712554713,0.016106605467255886,0.67037837762601,0.022349324869783745,0.15390214322126702,210.0515504166667,0.17586946916666668,20.0115655155724,900.0,320.0,814.5517676767677,1.3586033074955537,25.0,15.0,9.0,cane
6435d1ed-64a6-44f0-9fd2-8394367cccaf,137.4370167583207,131400.66391156105,64.68931834213083,26071.153494167247,359.8272313656745,73007.64175525983,155.43416945602274,1625.8947530811135,0.23919748337000202,0.03857626754608586,0.46673256497769366,0.018167360852987854,0.1984166301661819,162.94470833333332,0.13232215416666668,25.011565351010102,400.0,160.0,678.7931397306396,0.3837245557808073,30.0,20.0,3.0,cane
64a215fa-3d9f-436d-a2ef-fdb07dc0d193,155.4442385925342,422532.6445138059,60.76716830599966,50037.081279478334,767.3883613801486,253959.28749512366,391.4336893892055,5614.032038943703,0.08347959259103535,0.01181276497274832,0.6756051190948023,0.013175894085628774,0.11842469670500527,156.36587833333334,0.123215362,22.505782674242425,400.0,320.0,407.27588383838383,2.0078392033182246,25.0,20.0,12.0,cane
64c8df59-bc27-4d1b-b8a7-4f0814c4c0c4,98.68079450798471,325199.2824970361,42.578317653291045,44064.255838484336,503.1806300795746,170882.8377166364,236.10153801742916,3780.3320777833264,0.10622261165849116,0.011350982292760943,0.6166810352632262,0.00943486067868517,0.13550192661977412,137.70079791666666,0.10715909141666667,25.011565351010102,400.0,320.0,271.51725589225595,2.0078392033182246,30.0,20.0,12.0,cane
6501d0d3-453f-403b-96b6-fcea0dbe10a3,251.3819705486761,573396.5940721552,103.1951007743161,48158.48312633571,1146.6250206129978,391595.301827264,646.3729279935122,8651.042095918989,0.063035064074516,0.011543069384606482,0.6839982193552188,0.02019534370627912,0.08399074818628656,200.66034625,0.16800477958333335,22.505782674242425,650.0,240.0,814.5517676767677,2.0078392033182246,25.0,20.0,12.0,cane
65373fe2-81f7-44b5-8799-e7c39e20a2ef,189.5743625194367,284693.82041435404,97.56689788264899,62496.667166123865,662.6962770298867,159118.06876854305,331.1761691330548,3524.590105534979,0.18063209137626263,0.02221158909995791,0.5857178316936658,0.020372629399740997,0.21952672139042062,195.30208583333334,0.16403245916666667,22.517348022727273,650.0,320.0,678.7931397306396,0.8028953652793002,30.0,15.0,6.0,cane
65498c3b-420f-4e9c-80e7-663fa3b604b5,130.35745376028126,165992.4195034683,80.86670137317599,57361.61946334484,366.01287744197754,74336.92723713421,154.2591017643298,1653.8422201156327,0.26530986298085013,0.04100667894955809,0.5244891741936868,0.018121341806394152,0.34557239447626226,179.25505958333335,0.14443500166666665,20.0115655155724,1200.0,320.0,814.5517676767677,0.3837245557808073,25.0,15.0,3.0,cane
65657725-4f28-4404-a578-653590f3a326,187.40072012223627,501864.3146553747,76.94393000276402,69177.61163629609,936.251614704695,310010.6436259201,497.785293974412,6850.536444342528,0.09701628924185607,0.011445517024515996,0.6669016136674136,0.015985900134674696,0.13784465351404893,172.94402833333334,0.13964042041666666,22.505782674242425,1200.0,400.0,407.27588383838383,2.0078392033182246,25.0,20.0,12.0,cane
65f6870a-6c75-4bfc-af18-dc7854020544,124.24622542199285,139384.98175068488,60.45726471808008,37812.80545964736,347.8834355494325,70115.09985228465,143.69594108120677,1561.0377631806132,0.35359568709353956,0.036301895267182235,0.4515512100075337,0.016676110685815412,0.27129069749017315,157.55335666666667,0.12286945116666666,20.0115655155724,400.0,240.0,407.27588383838383,0.3837245557808073,25.0,15.0,3.0,cane
663a339a-87f7-4f52-b55d-16973ec2efe5,166.3487695769945,233086.69062557092,69.73824023079337,39759.27305119512,580.9618286334669,136753.16423284152,282.41338740980507,3031.5860172684643,0.1375913235779146,0.02270282740203072,0.567483296110301,0.016316754618644336,0.17058213681917941,165.66363791666666,0.13510148875,25.011565351010102,650.0,240.0,271.51725589225595,0.8028953652793002,30.0,20.0,6.0,cane
6656216c-fd5b-4abd-8cb9-33571deaee5a,110.07256185335676,360428.99960745126,43.826932721140736,55566.10453874414,577.4234872533393,192571.57568882275,274.4473367443802,4260.0107275538885,0.10766828966816078,0.011815566517592593,0.6627150693042824,0.010093695925752945,0.1541694335975068,138.91526083333335,0.105949937875,22.505782674242425,400.0,400.0,271.51725589225595,2.0078392033182246,25.0,20.0,12.0,cane
675e5c47-deff-4402-87a7-ea4b9f637ef3,182.29101245517808,249127.2611955757,78.78776307837289,42082.65483496893,626.5650775482441,147939.01811611324,306.69598519694887,3281.6825006581166,0.15040609385467174,0.022940721238825755,0.5894024255427504,0.018525346545599217,0.16892519267307982,175.34439708333332,0.14360598583333334,22.517348022727273,400.0,240.0,407.27588383838383,0.8028953652793002,30.0,15.0,6.0,cane
681d9883-12b4-4234-b46a-a778817378c1,129.0078788234024,182682.62545991677,82.6664924918595,72332.84136596331,375.5192249492596,75587.59056448267,164.1759705825059,1684.2611417687995,0.2888588236833965,0.03701396639910564,0.4659838635914877,0.01826955985103089,0.3959532916380777,180.83210333333332,0.15052673458333335,25.011565351010102,1200.0,400.0,678.7931397306396,0.3837245557808073,30.0,20.0,3.0,cane
682cd641-fc8d-4a9a-9e34-c966d6c06742,181.10513721470738,489918.91420469637,77.67725660166188,69426.98549317174,898.4054932445582,296724.00225415267,465.7985789586623,6556.187664962196,0.10942913012418981,0.011785795842749369,0.6949421133110164,0.016943232229664727,0.14171446102519947,173.56746333333334,0.13884148958333334,20.0115655155724,900.0,400.0,407.27588383838383,2.0078392033182246,25.0,15.0,12.0,cane
686c7372-0dbd-4ea7-b4d6-f8f064e05e67,131.1950508216873,294118.172846743,55.16909549415501,48174.04891620887,571.8917099983813,163037.25079844124,267.8445367621662,3609.502736731107,0.13077235778031354,0.01695712700297769,0.6727775628659196,0.013347932571573982,0.16379476381333516,150.54390333333333,0.11608004320833333,20.0115655155724,400.0,320.0,271.51725589225595,1.3586033074955537,25.0,15.0,9.0,cane
68919e65-6f77-430c-a889-4226a339c0c6,116.52433077155754,133248.4997196412,52.032206308641605,35607.40125601604,331.5787560101145,66822.77431589768,133.65467818492053,1489.4535361423184,0.3496877070945918,0.03621051861690867,0.444872073714152,0.015699534961417044,0.26723324488220124,148.3641725,0.11384571683333333,20.0115655155724,400.0,240.0,271.51725589225595,0.3837245557808073,25.0,15.0,3.0,cane
68d55afa-c4ec-4124-954d-79a2533f8006,199.88962243874658,364722.58423352824,82.7136807173018,43037.80962282944,815.2749162814508,231058.24577259427,427.7570570505874,5112.966064337053,0.09834535324372896,0.01563617368859428,0.6155878689727168,0.018188886063086617,0.11800548087741693,179.32420875,0.14912931541666666,25.011565351010102,650.0,240.0,407.27588383838383,1.3586033074955537,30.0,20.0,9.0,cane
68dc00e4-e091-41a1-bd93-86351b0dfaed,161.0427349528046,313243.35738877987,62.8441473392063,38033.21008988631,677.2669525633517,191016.69865614315,335.2566113967895,4226.237971698615,0.10500865525879628,0.01616784394722222,0.6327717886404252,0.014201700035386702,0.12142071364447132,158.47171041666667,0.125171294375,22.505782674242425,650.0,240.0,271.51725589225595,1.3586033074955537,25.0,20.0,9.0,cane
68f6f008-19c1-4729-b284-e866cb2ffab4,215.51141816274443,366307.68648689165,92.69268964703049,30477.68969130203,824.5022054128489,239764.22911773645,434.51894690994817,5303.2625789155745,0.08767250814973697,0.015724265355502948,0.6273763170786196,0.02021937915325005,0.0832049320757882,190.48555875,0.15924818999999998,22.517348022727273,400.0,160.0,814.5517676767677,1.3586033074955537,30.0,15.0,9.0,cane
6940b273-3182-4c67-8118-a99ccaaf3a96,212.62790046138286,407954.753906176,94.86500893521932,61378.17771700487,888.7415138527597,252475.72445356182,463.28321136392293,5584.146747847408,0.11248433294163511,0.01659353301945497,0.6859463061834701,0.020540544759007223,0.15045694780992472,191.80680500000003,0.15729228250000002,20.0115655155724,400.0,320.0,678.7931397306396,1.3586033074955537,25.0,15.0,9.0,cane
695e157d-3933-4887-aa1a-a61caf2e8635,180.06875741206002,289732.29600655264,79.59519515340315,70152.51103175887,702.0339079457684,161871.41310134306,347.64422782616003,3585.813311056038,0.18907380332281146,0.022983590889372893,0.6040431737197286,0.01788487821209904,0.24213450292403807,175.38127875,0.14210285083333332,22.505782674242425,400.0,400.0,407.27588383838383,0.8028953652793002,25.0,20.0,6.0,cane
69983ff3-1a5a-4526-97b2-c533008354eb,152.61493527079637,379156.23856173456,62.39430780859191,25331.275329891225,700.6428296354687,235627.64295608623,354.25649609297795,5209.613432780481,0.06065786049450756,0.011813900044560186,0.6607146636389625,0.013695980141206807,0.0668114307963959,158.32047291666666,0.1265602875,22.517348022727273,400.0,160.0,407.27588383838383,2.0078392033182246,30.0,15.0,12.0,cane
69d79645-21a0-419e-b845-a86ddbdf15ea,229.84295743773973,593986.5437616861,108.0810864827463,82331.90648013754,1087.323277460493,373540.83369054954,602.849402527564,8253.605883459044,0.11067351103210228,0.01135904963929819,0.6863238723884364,0.021528111989901014,0.13861272719289655,205.82976625,0.171551655,20.0115655155724,1200.0,400.0,814.5517676767677,2.0078392033182246,25.0,15.0,12.0,cane
6a373531-a706-46cc-b266-b2ce81c3d9b8,222.29173907909635,450586.7891600979,110.66427939819545,83203.02035461717,942.6069809945349,269462.44778884784,498.4467728691053,5957.0448033956845,0.14561106409675925,0.015894795069387627,0.6636294302112372,0.022158720331774902,0.18465923656917507,208.00755,0.17375233583333335,20.0115655155724,900.0,400.0,678.7931397306396,1.3586033074955537,25.0,15.0,9.0,cane
6a48c666-9749-410d-a81c-131a40c4f254,147.77023114719964,196137.14331422126,92.2486915203984,75902.96210954347,442.1710867335693,85892.33484582203,199.83848754567822,1909.5125308566023,0.27952948492771473,0.03979836999739057,0.5107387694638993,0.019102018716739177,0.38699396005600706,189.75740541666667,0.15658923583333334,22.505782674242425,650.0,400.0,814.5517676767677,0.3837245557808073,25.0,20.0,3.0,cane
6ab34406-3bff-4c6f-ac97-e561bec8433f,190.87630846601886,484951.54763776856,80.11715021541679,56367.30342728568,917.1603364652084,303743.54741490906,478.8433631821415,6712.322323038866,0.0975318900414352,0.011870832360921717,0.6999730803859321,0.017338372657015256,0.11623573844187969,176.14782375000001,0.14142896708333333,20.0115655155724,900.0,320.0,407.27588383838383,2.0078392033182246,25.0,15.0,12.0,cane
6afc7526-2b41-4958-9398-248225d2c1f7,194.57001494897284,380289.65307775815,85.48964844742092,58142.858844348586,823.9976344425751,231747.018734355,419.390285740834,5125.866130070369,0.11426215424747478,0.016700140077746214,0.6809612531590593,0.018830599346488255,0.15289455696807808,181.69643250000001,0.14697993166666667,20.0115655155724,650.0,320.0,407.27588383838383,1.3586033074955537,25.0,15.0,9.0,cane
6b08d0ee-8845-4bb4-93e8-8b75b038a881,147.3035630721776,134436.77549493904,64.44674003120645,25873.826620199903,379.2077515400848,75226.89782772395,161.01588059165772,1674.8294839429761,0.26782501384485485,0.03806343369138257,0.465955857661995,0.018180066943410164,0.19246742349275656,161.71141458333332,0.12695317291666666,20.0115655155724,1200.0,160.0,271.51725589225595,0.3837245557808073,25.0,15.0,3.0,cane
6b5bea5a-d469-44de-8520-e5235451da36,239.63058628346582,549551.6729257258,104.51663361483281,48387.265070790345,1087.756742731919,367632.32619956444,595.3647444116533,8123.495200402557,0.06935157165238848,0.011899102477241161,0.7094009763712017,0.02101598462416514,0.08805107107168454,201.61360249999998,0.1672903725,20.0115655155724,650.0,240.0,678.7931397306396,2.0078392033182246,25.0,15.0,12.0,cane
6b6df824-ab61-431a-8c97-acbc8db22de4,178.58186209034957,254717.8918555034,87.78481214842616,44673.87055874071,598.6229589613582,147073.60039740117,295.7782019857382,3259.3096207325907,0.15061692076044822,0.02220105109709596,0.5744588969941498,0.01913609424621713,0.17538984102051347,186.1411275,0.15460080916666666,22.517348022727273,650.0,240.0,814.5517676767677,0.8028953652793002,30.0,15.0,6.0,cane
6b73d2a5-ef0d-4b5f-bb6e-f83d5c1f85f8,225.38369987471177,289718.79922740866,92.52569609199234,45461.92847900329,784.4269946695515,182625.3004144289,401.2877739237316,4044.0883261130116,0.13627011451277354,0.023325292388520623,0.612720273380808,0.020564465229387034,0.1569217975817239,189.42470333333333,0.15627602375,22.505782674242425,900.0,240.0,407.27588383838383,0.8028953652793002,25.0,20.0,6.0,cane
6b750586-b582-491f-85d1-72710f23066d,203.98128086589242,293128.07344677736,95.86288374909958,61532.60124388546,735.750167695714,170888.75797788185,364.7204729102308,3785.386024028016,0.17498336619486532,0.023730973398905723,0.6337677858726221,0.020998991894983055,0.2099218962736439,192.2893775,0.15763254208333333,20.0115655155724,650.0,320.0,407.27588383838383,0.8028953652793002,25.0,15.0,6.0,cane
6b78320b-afec-496c-b692-1b4616bb3089,192.90120451174303,263323.98409105,88.61192801401081,44697.737903349385,662.1638571214323,158612.02258258918,328.3262229522398,3514.0051620764393,0.1524429705939289,0.02367477118926768,0.6222689413223695,0.019708461826957527,0.16974833069899997,186.2405770833333,0.15157299,20.0115655155724,400.0,240.0,814.5517676767677,0.8028953652793002,25.0,15.0,6.0,cane
6b7e2b58-c0fa-44c1-8483-1fcffeee169c,140.8174949983195,377902.2848057426,61.07180552753795,37518.36170819308,677.2915262128852,224548.57586681866,334.3005167270918,4964.817330901583,0.08736183846397305,0.011676052070959595,0.6512669766032091,0.013029555107107085,0.09928299357100273,156.32650708333333,0.12441686429166667,22.517348022727273,900.0,240.0,271.51725589225595,2.0078392033182246,30.0,15.0,12.0,cane
6bc37707-6743-4e9f-a393-5e67030c222d,157.8127796110733,199226.30890485467,88.83812292407531,73692.60554117082,486.6225529599359,90852.08634129104,221.11943372826158,2018.5424845456182,0.26327053388183924,0.040911805542192765,0.5258220355582808,0.01988215703405513,0.36989887164617463,184.23151125,0.15095346875,22.505782674242425,1200.0,400.0,271.51725589225595,0.3837245557808073,25.0,20.0,3.0,cane
6c614d07-9568-4481-bab8-24bb3be677a9,209.48660887108653,439641.30934359314,108.3130096458268,82588.70088464122,874.952988895453,255545.99220347882,466.30805588897897,5657.670993527753,0.14826148844823234,0.015113477230775461,0.6215428430469171,0.021577853703357765,0.1878590336082473,206.4717525,0.17568053333333333,22.517348022727273,1200.0,400.0,814.5517676767677,1.3586033074955537,30.0,15.0,9.0,cane
6cb11450-f6bd-4cce-a152-762b324337e8,136.17093397081828,130486.47779974919,65.36347001752944,26171.899614487276,345.2310138517606,70653.98016318002,144.4411470673458,1574.5931003542466,0.2781308282760943,0.03758701817541035,0.46344205581645626,0.017953132588979424,0.20057826042700352,163.57437375,0.13158660375,22.517348022727273,900.0,160.0,407.27588383838383,0.3837245557808073,30.0,15.0,3.0,cane
6cd131c9-3db0-4d1a-bc7f-952585f82245,127.9089710290138,142769.70877251937,63.93959220419249,38776.87391921256,350.062466440402,70884.71572016574,147.23417740281798,1579.3704128805023,0.3549492477638363,0.035437739525641845,0.4441203822583228,0.017751292652036385,0.27161173478770234,161.57030833333332,0.12957781124999998,22.517348022727273,650.0,240.0,407.27588383838383,0.3837245557808073,30.0,15.0,3.0,cane
6d216d25-a60f-4e75-a67b-75bd8b97f801,185.47345155848663,256637.29437082945,85.4142686651841,43947.22896800126,630.307024699704,151896.13187773112,312.6184589450236,3365.9029454223723,0.15387612321888677,0.022841372848274408,0.5938168312450757,0.019330628272273373,0.17124687356559742,183.11345291666666,0.1515484925,22.517348022727273,400.0,240.0,678.7931397306396,0.8028953652793002,30.0,15.0,6.0,cane
6d54819a-643b-42a8-b349-64f54a86c4d4,241.75444647002627,404571.3563599477,94.34012392985768,30837.889755299006,935.6481474372123,274064.9582440488,509.34334248149884,6056.456356033758,0.06790754917623106,0.01597329751462542,0.6517011427280512,0.020724961370426263,0.07622624087328475,192.73681125,0.15971594958333332,22.505782674242425,1200.0,160.0,814.5517676767677,1.3586033074955537,25.0,20.0,9.0,cane
6d5d150c-5aae-4410-8467-d11716c22969,226.77299691474434,555473.3746878387,103.75205398311518,64293.64939043015,1055.666919877025,358186.83434830187,577.2282589154644,7914.457845664918,0.09072688920002103,0.011655934973358586,0.6967632267200652,0.020588822443136406,0.11574871810868594,200.91765333333333,0.16652567791666667,20.0115655155724,900.0,320.0,678.7931397306396,2.0078392033182246,25.0,15.0,12.0,cane
6d79950c-71dd-494f-a197-a82f38324436,210.8895349649969,426618.70175087225,88.1750448468904,73749.17725785267,934.195429829712,260596.65538323345,490.54711612913087,5761.27555885473,0.1252127027585648,0.015899438457607325,0.6483430452119845,0.018971443762065086,0.17287340426554096,184.37294333333332,0.151182185,22.505782674242425,900.0,400.0,407.27588383838383,1.3586033074955537,25.0,20.0,9.0,cane
6dd9b9c5-e9a1-48ef-afa2-b6d37a58ebed,125.47739214827016,164064.56088755847,74.48242355863566,55443.083224220165,362.6832473114414,74061.33771410804,155.84023473913476,1649.455037875471,0.27461092506954965,0.03791404809261364,0.47758713541700337,0.01803205203830135,0.3379413574888946,173.25963458333334,0.14276484166666667,25.011565351010102,1200.0,320.0,814.5517676767677,0.3837245557808073,30.0,20.0,3.0,cane
6e172b14-c68c-4dcc-8a71-822199b3bc7d,242.62772642198752,402316.3679014785,94.45357898226706,30808.509768878885,941.0398007380973,273711.26878702256,510.7111731703549,6048.111257954322,0.07164174604985268,0.016010157723484852,0.6513971055677295,0.020615580939099144,0.07658035418746156,192.55318541666668,0.15959848583333333,22.505782674242425,650.0,160.0,814.5517676767677,1.3586033074955537,25.0,20.0,9.0,cane
6e19393c-6fe4-4e3f-a6df-da6ad298e1cb,219.41271775692718,444830.7073492066,108.14806598020432,82112.27160589668,933.6797254872891,265924.92808021867,491.77687848786144,5880.605421776577,0.14192638924001474,0.01599490860914878,0.6664995576835648,0.02179118012374227,0.1845962674052147,205.2806775,0.17098006666666665,20.0115655155724,650.0,400.0,678.7931397306396,1.3586033074955537,25.0,15.0,9.0,cane
6e3939bb-2035-4089-9aac-f0cd9e93d01b,128.15956711494619,164987.95642636358,76.02190753906393,55871.37527775592,368.4599335143317,74797.62928718256,159.6559970028361,1666.61744068864,0.2725587074642256,0.03771468842653619,0.4722403252725694,0.01822244882056106,0.3386457417433852,174.59804791666667,0.14413639916666668,25.011565351010102,900.0,320.0,814.5517676767677,0.3837245557808073,30.0,20.0,3.0,cane
6e5e33c0-98df-4f77-9cce-f346d219d7a5,184.60784369400938,453500.5468490897,82.444819242378,42906.51483824444,853.1810816222951,286698.57103479083,450.14101156054426,6337.367671378791,0.07932323639867425,0.011506254923547978,0.660007537045686,0.01673296795543051,0.09461413988345219,178.77714625,0.14709207291666668,22.517348022727273,1200.0,240.0,407.27588383838383,2.0078392033182246,30.0,15.0,12.0,cane
6fd877d5-95c6-4e9e-8b76-5e66f982c74c,127.8787745255171,144001.04979591482,63.16619380171773,38698.57801517794,361.20631963173685,73039.15566581806,156.38943435597176,1626.092330361189,0.3327631191842908,0.03594253559938973,0.4458625588636889,0.01807131238378982,0.26874654709150736,161.24407583333334,0.13061008208333333,25.011565351010102,400.0,240.0,814.5517676767677,0.3837245557808073,30.0,20.0,3.0,cane
6fd93078-c6c3-42d8-b898-a01886896827,152.10832821463654,194870.3693997653,86.81932938350594,72955.70158325559,460.3799123813377,86681.6986400938,209.56319335347337,1926.5242497001818,0.2683846387045455,0.03937539146078493,0.5054003156466961,0.020220204007337428,0.3743850426106449,182.38925416666666,0.152129705,25.011565351010102,1200.0,400.0,271.51725589225595,0.3837245557808073,30.0,20.0,3.0,cane
70075624-ab7a-417f-b16d-0404adfa983c,189.74010646182433,263889.9338815014,90.85306278650391,45362.74741792547,644.1873107431031,156359.86139863773,319.7788880247948,3462.8761714937023,0.14978997862811447,0.023498947469938976,0.6232090765942867,0.019717322497524673,0.17190442131349093,189.01144624999998,0.1543257525,20.0115655155724,650.0,240.0,814.5517676767677,0.8028953652793002,25.0,15.0,6.0,cane
7022679f-1c7b-4004-8a9c-295a2d0b9490,131.6287367976016,184059.3102239185,47.38949893918629,22982.480199199796,442.3763834704867,108479.26886482147,204.02103541197917,2407.2370987379077,0.18861071363423823,0.0208622154621633,0.5044419444303451,0.013313468281398018,0.12486948299514451,143.64049958333334,0.11300264383333335,25.011565351010102,400.0,160.0,271.51725589225595,0.8028953652793002,30.0,20.0,6.0,cane
702758be-d037-4d42-a80b-ba353a7db2d2,121.87822218712734,159852.95746002343,76.96792428987122,56128.56900940823,334.8799776048151,69317.01462388352,138.50237995445497,1546.052286438965,0.2662426719613846,0.03927904989036195,0.49682414108965695,0.017379473247609373,0.35113131848028695,175.40177749999998,0.14355249541666668,22.517348022727273,1200.0,320.0,678.7931397306396,0.3837245557808073,30.0,15.0,3.0,cane
70700ed0-0ad0-47c3-8d4b-d525859e32ae,118.59430547708418,177476.2397231738,80.33226851556034,72675.89826495804,333.4221498407558,70350.9769331276,138.72178975475944,1566.6580837816084,0.3076721948601641,0.0377589567012521,0.4805748378447391,0.017671740592527872,0.40950127114139434,181.68974500000002,0.14995971791666665,22.517348022727273,1200.0,400.0,814.5517676767677,0.3837245557808073,30.0,15.0,3.0,cane
7077f78b-592d-4aed-accb-debc16038e6d,192.67571410467738,234911.65685349007,69.29538376063007,26551.157077753294,637.2204802556513,150037.93992206632,308.67809799931496,3324.5603834213784,0.13729911601996003,0.023265702449337122,0.5951881356508419,0.018419729699745865,0.11303008504721651,165.94473208333332,0.13116620041666668,20.0115655155724,1200.0,160.0,271.51725589225595,0.8028953652793002,25.0,15.0,6.0,cane
708347c8-3fce-4b7e-846a-b068c094f13d,233.67532115904243,519302.9168711444,96.18161147679375,31042.87525286108,1026.0693707615528,354028.5974927878,576.5799030594733,7820.690970926441,0.04577915946560395,0.011231420777704126,0.6470912711238845,0.019701344405831007,0.05977991392703961,194.01797,0.16445775916666666,25.011565351010102,650.0,160.0,814.5517676767677,2.0078392033182246,30.0,20.0,12.0,cane
7092ce7b-9a7d-40ee-8b58-5c27f6b549c7,217.3974412288532,565548.2419911949,102.91008425296614,80061.5856471743,1034.9971285834029,352354.6915481935,566.0374026236037,7787.207251263823,0.10902569816090066,0.011488655573045034,0.6904329211543034,0.020295520948773373,0.14156787460748418,200.15396416666667,0.16571049833333332,20.0115655155724,1200.0,400.0,678.7931397306396,2.0078392033182246,25.0,15.0,12.0,cane
70ac5ec8-5a7c-46c2-8468-06b5c253e004,224.54714375137718,381964.85242983507,93.31596853129768,30658.685862748724,864.0795984095114,253121.26000072702,466.1586806434626,5596.565103451646,0.06634906086294191,0.01547597475948022,0.6142140564959386,0.020473612192286016,0.08026846983435232,191.6167875,0.1618703025,25.011565351010102,650.0,160.0,814.5517676767677,1.3586033074955537,30.0,20.0,9.0,cane
70d0ced0-61a0-40ac-9030-dc412e768bc0,140.44769903601102,131231.81007396107,60.639586217993994,25307.900032741847,370.8679797420598,74223.0507616414,160.09817039974456,1650.6834513561419,0.22394147626387836,0.039145067561311024,0.4703248443161931,0.01705807937348292,0.19285581744944066,158.174375,0.12480778645833333,22.505782674242425,400.0,160.0,407.27588383838383,0.3837245557808073,25.0,20.0,3.0,cane
7178e7e6-7be4-41cd-9deb-4ffcc1e523f6,251.36371710620486,570505.6126626908,101.85161884137588,47780.293179314205,1149.8245804960561,390160.3799772844,645.3027072097261,8621.317061884587,0.06248642580199916,0.01158950786071128,0.6855373071607219,0.02003190058883485,0.083753397725584,199.08455416666666,0.16631479958333334,22.505782674242425,900.0,240.0,678.7931397306396,2.0078392033182246,25.0,20.0,12.0,cane
71d3a90e-8114-411f-9729-ad5a31d3b198,138.1778669017524,184384.64337108665,78.22074608946853,69632.8832983362,429.1201194146271,82124.12101172251,190.31308009699302,1826.4265718376776,0.2863418249682239,0.04024379339834806,0.5118501990641202,0.017935893185571223,0.37765596865580586,174.08220833333334,0.14070855083333333,22.505782674242425,400.0,400.0,407.27588383838383,0.3837245557808073,25.0,20.0,3.0,cane
72605532-6a95-47dc-adda-b801da50bf56,137.561757949862,185731.6307048571,79.92556015137757,70690.82031605508,423.30658613276364,82080.50238953145,188.7447705440578,1825.874976829676,0.2776500279235059,0.040377390376010104,0.5164565296046928,0.018015572394653467,0.38061255902444063,176.72705,0.14338935291666666,22.505782674242425,400.0,400.0,814.5517676767677,0.3837245557808073,25.0,20.0,3.0,cane
728bed39-c168-4523-bf09-716e81d5701a,220.67099510985827,448889.23494347435,110.05213415941084,82985.9258824963,935.4162368991514,267931.4604718614,494.94723539254244,5925.187663020395,0.14295103888431188,0.01590046651510522,0.6634999273977589,0.022045474676337405,0.18487376009473513,207.46481458333335,0.17323518625,20.0115655155724,650.0,400.0,814.5517676767677,1.3586033074955537,25.0,15.0,9.0,cane
72d78a51-fba9-4f88-b5d5-9454f866a4f0,166.63977773813806,320302.26254280657,69.80810849892526,39718.42789192149,695.2218288955637,195712.08330523965,350.1149556394814,4330.628463477909,0.09641385179095116,0.01599910498203914,0.6211753324487058,0.015331906262897531,0.12400631535173139,165.49345041666666,0.13492628333333334,25.011565351010102,1200.0,240.0,271.51725589225595,1.3586033074955537,30.0,20.0,9.0,cane
7313f419-6ebd-46a6-8a06-743a6d1eb3f0,145.6440711760554,135400.09714915956,67.66049617675979,26517.332144546588,375.9538917322391,75415.93030654472,164.39833797829476,1678.880109633731,0.242113933049032,0.03826187439392887,0.4663098920931923,0.01894151733139395,0.19585150720676134,165.73332708333334,0.13510642,25.011565351010102,650.0,160.0,407.27588383838383,0.3837245557808073,30.0,20.0,3.0,cane
736eaa84-3b49-4673-98b9-b5c4a27d9d3f,204.74071105008028,511229.94843137875,80.03759185404395,56484.944597185764,985.662956944473,329484.5085633753,533.881658249301,7282.6131315335215,0.08460179687831441,0.011509030917024411,0.6710171393043771,0.016924661924463645,0.11049142999644239,176.5154525,0.14344157458333331,22.505782674242425,400.0,320.0,678.7931397306396,2.0078392033182246,25.0,20.0,12.0,cane
738067d4-ba60-460d-8c92-ae08b2fef0b4,164.07497772952937,414898.0976735871,63.06173041472418,37987.191890220034,796.8965570557128,260316.71735556156,404.269355494879,5753.95197005675,0.06375239218338592,0.012074392236237373,0.6889521759297137,0.013484697585740864,0.09156004376829775,158.27996583333334,0.12495939254166666,22.505782674242425,1200.0,240.0,271.51725589225595,2.0078392033182246,25.0,20.0,12.0,cane
74327837-d166-4bca-8236-7a50daae9446,123.67959869666718,180592.79237089425,83.02845886764267,73661.33239079306,348.1716163191945,72528.65734809729,147.15209622079556,1614.750533519719,0.31782921620454546,0.03734202943598484,0.4752048029740846,0.01818212162723696,0.40789045651331995,184.15333166666667,0.15248402833333333,22.517348022727273,900.0,400.0,814.5517676767677,0.3837245557808073,30.0,15.0,3.0,cane
7447a5e7-ece4-462b-91a1-74138a8d2ea5,132.3771860970294,382249.6911490704,58.98984326976946,49324.974943413785,658.1539269704302,218082.3608946286,322.11484486692245,4822.044558524895,0.11043162145630261,0.011653420176662458,0.6553103890632574,0.012649042157222597,0.12904140677128717,154.14054625,0.122227653125,22.517348022727273,900.0,320.0,271.51725589225595,2.0078392033182246,30.0,15.0,12.0,cane
747d1dfd-a598-42cc-90ef-9b1300ff7718,143.3029156301423,291364.72656011005,58.880138242115365,37073.41907247373,599.9692638991517,171040.46000078888,285.4020442469488,3786.0137852981243,0.11274370121817127,0.01705279899614899,0.6752495472750843,0.013997097818688029,0.12724357980815218,154.47258,0.11994436295833333,20.0115655155724,400.0,240.0,271.51725589225595,1.3586033074955537,25.0,15.0,9.0,cane
74eb9df1-265e-4082-80c1-577bfc7d133a,230.74945170481533,469046.561054976,108.80006070225853,82714.28839782705,986.8413952650629,285893.01434687054,538.1430197001428,6320.8728762610435,0.11554304580014733,0.015582267784806397,0.6453483850779671,0.021310109549987123,0.17634996905674982,206.78572,0.1741909995833333,22.505782674242425,1200.0,400.0,814.5517676767677,1.3586033074955537,25.0,20.0,9.0,cane
7506bba5-15e0-4823-83dd-1b61fbc6ed2b,128.36071381476856,233691.18397881536,59.444375063789614,61859.47486423657,497.15387970375974,117899.48154570929,231.51139469642632,2614.8071967284327,0.19228897674747472,0.02249526770077862,0.570003787596612,0.013791921496408824,0.2647116355657872,154.64868708333333,0.12401423525,25.011565351010102,400.0,400.0,271.51725589225595,0.8028953652793002,30.0,20.0,6.0,cane
752b5848-7087-4438-976f-07b28300c467,210.37090970578575,259296.30914475198,85.19130389863986,29373.890459359944,689.0315040760406,167067.5690537577,352.2457771235958,3699.58779082004,0.09997982439993686,0.023308221015888045,0.6061350550785458,0.01944640997037753,0.1132869262668516,183.58681625,0.15034290083333332,22.505782674242425,900.0,160.0,678.7931397306396,0.8028953652793002,25.0,20.0,6.0,cane
755af422-0b19-4ca2-81fe-8247dcf6e5e9,207.364373082792,465668.7364267698,84.21921395644338,28884.330470389687,933.4167083566349,311349.444640337,492.50676847550875,6881.120872403529,0.05226969361402568,0.01225738249340278,0.7192638665135207,0.017844482251585164,0.0620293496595008,180.52706625,0.145820325,20.0115655155724,900.0,160.0,407.27588383838383,2.0078392033182246,25.0,15.0,12.0,cane
7577a15e-f3ff-4d54-9784-f3e9fecb43af,184.69412152960078,278627.2541568407,92.7205762532829,60886.455222191726,654.1718694605426,156707.5760358935,326.07015896494136,3473.3627100830295,0.1951020334334491,0.02206876950433502,0.578068625619034,0.01986018508050461,0.21852768649032192,190.27017250000003,0.15890129083333335,22.517348022727273,400.0,320.0,814.5517676767677,0.8028953652793002,30.0,15.0,6.0,cane
759ae224-4e86-474c-8f8a-4241ec2d2316,126.6447581999617,182232.37532445963,84.46691836664971,74152.68888205373,356.83977240263704,73746.69800613025,152.07469338525607,1641.560702243991,0.3203174583914141,0.03729513639584385,0.47452384503202855,0.01847502257337168,0.40691771492252,185.38172083333333,0.15373953166666668,22.517348022727273,900.0,400.0,678.7931397306396,0.3837245557808073,30.0,15.0,3.0,cane
75a7540c-b28c-4421-befd-92e7ca20808d,246.75929575317377,568120.6964987067,110.24838673085573,49908.984968542325,1110.766213244005,380711.1289879233,616.474725750395,8412.101784063985,0.07293944927801976,0.011736899471759259,0.7037925108935501,0.02191782827942653,0.08785190721416399,207.95410291666667,0.17377561125,20.0115655155724,900.0,240.0,814.5517676767677,2.0078392033182246,25.0,15.0,12.0,cane
762e7837-13a0-4727-8d04-7fb42a390b9b,121.23505466681988,264038.0438935165,51.04885614476985,35166.70936660401,511.5220926126533,148139.4980589225,242.23785678118531,3281.0112840722836,0.1168156767971065,0.01572492169006734,0.5957148355967593,0.011664898735199119,0.13319135817102337,146.52795749999999,0.11593006420833334,25.011565351010102,400.0,240.0,271.51725589225595,1.3586033074955537,30.0,20.0,9.0,cane
7680b73f-f618-4f53-aaf3-86bcf9893ce3,227.78988748362522,534463.6393867453,105.15414538153381,48650.18456588736,1020.3394994792502,350087.6653511436,563.4220126719719,7735.093126722291,0.06924834125131524,0.011279079120002105,0.6559072275475905,0.02053933130812831,0.09102878478749792,202.7091025,0.17190758208333334,22.517348022727273,650.0,240.0,814.5517676767677,2.0078392033182246,30.0,15.0,12.0,cane
76fc27bd-bf82-4d0d-8e28-793ce38206fe,200.66681602160213,320850.7980754583,103.38526757814552,80429.0110597645,747.25958208239,177729.63828728397,384.1420970647107,3935.4801882532392,0.16428035822480008,0.022871611579787454,0.612505740746633,0.020166864127605356,0.2506792655383987,201.07252625,0.16826460624999998,22.505782674242425,650.0,400.0,814.5517676767677,0.8028953652793002,25.0,20.0,6.0,cane
7774cb11-2e17-41a3-8019-18ccdef82ecb,142.54766101591636,171435.20052315664,84.05981708141512,58051.79600023256,400.5431199942598,78828.01598379195,178.35047718463193,1754.9144465994705,0.2672020252758838,0.038008743989846376,0.47596030553657415,0.019123141370731636,0.3386280484284861,181.41186291666668,0.15112524166666666,25.011565351010102,900.0,320.0,407.27588383838383,0.3837245557808073,30.0,20.0,3.0,cane
77b6f3ed-81bb-43e2-85a3-07362865d362,195.28465684858202,246835.71374214508,85.68677228471525,29468.07413334172,631.0622454555353,154380.03543731748,313.219981196071,3420.8847292577993,0.11923997242325338,0.023638199699074075,0.6205991162920453,0.0194976207116634,0.11938711213915613,184.17546333333334,0.14940334541666667,20.0115655155724,1200.0,160.0,678.7931397306396,0.8028953652793002,25.0,15.0,6.0,cane
77c2e198-eb81-4cc5-94a3-9fbc4dc78043,181.88175588662062,298395.6637737896,92.63630775715164,76546.51255401102,672.6809124427845,161772.6709271648,336.3965878922073,3583.5638967923824,0.19830694444544403,0.023329632802379,0.6289407546352062,0.02003704789156104,0.25653180370025225,191.36628291666668,0.15675708166666666,20.0115655155724,400.0,400.0,814.5517676767677,0.8028953652793002,25.0,15.0,6.0,cane
784976bf-cbc7-4dfe-a127-666c49648847,144.65829536607805,170286.66420240354,80.24781202084093,56407.162691735364,413.15857944026544,79659.199599751,180.52083614889233,1773.5649857020398,0.2856680285516624,0.03891331259460227,0.48934104481447815,0.019644207696514607,0.3312536892748148,176.27238375000002,0.14443269416666668,22.517348022727273,900.0,320.0,271.51725589225595,0.3837245557808073,30.0,15.0,3.0,cane
791177a6-06ae-43ce-aae6-6769c1cb9f83,173.5875072922352,281836.04944336164,75.88243837378909,68519.01422774287,679.3882186304875,156090.13804724187,332.4304067814854,3457.8287304483183,0.1915465016188973,0.022932507510690238,0.600132844051431,0.017250462498299195,0.2431224341665561,171.29753625,0.13791957791666667,22.505782674242425,900.0,400.0,271.51725589225595,0.8028953652793002,25.0,20.0,6.0,cane
79e91995-dd2b-4cc6-8723-3fc366a029bc,219.4649996683862,571315.6263926307,100.31921776085765,79135.61796789985,1045.2897997084926,357605.61254554754,585.295089846518,7897.791232499631,0.10152467342475797,0.01071487137003367,0.621907289629398,0.019749536887562362,0.13851860632698262,197.83904499999997,0.16833274625000003,25.011565351010102,1200.0,400.0,678.7931397306396,2.0078392033182246,30.0,20.0,12.0,cane
7a1c626d-2c4e-41d8-a313-670c2f735895,186.02344314394355,251270.78715609192,78.18782338684565,41838.33913536363,645.6496797382345,150749.42231067497,314.9978263437734,3340.4304320692518,0.15314644859022516,0.02313997117037037,0.5921156043867108,0.018725955207845705,0.16651186927787318,174.32641249999998,0.14249608083333334,22.517348022727273,900.0,240.0,271.51725589225595,0.8028953652793002,30.0,15.0,6.0,cane
7a7aba42-84a4-4a40-a42b-9c696d318a73,226.84413487599886,503217.67578361783,91.50919961217825,30216.52407476284,1007.7588799063341,343542.6929462034,560.845815023534,7591.596024881709,0.05287492311126894,0.011331937227798818,0.650918395705566,0.01890856981268237,0.06004866871995285,188.85327625,0.15921582625,25.011565351010102,400.0,160.0,814.5517676767677,2.0078392033182246,30.0,20.0,12.0,cane
7a8993b9-67af-407c-b1f7-836242d25b4d,227.30961108896287,376439.9372884175,86.49253387300433,29398.329380955445,887.2316279454756,254219.31185640118,472.95956244969767,5624.046410665039,0.07258996214629629,0.016119408791603534,0.6471610853222328,0.01896527387394318,0.07809814242322279,183.73955791666666,0.15067671166666666,22.505782674242425,400.0,160.0,678.7931397306396,1.3586033074955537,25.0,20.0,9.0,cane
7b8e7aff-5186-4b96-98b3-e106db1cf0a5,214.9096439872724,394733.1301459014,100.34871016458958,47636.09386643217,849.0561334460135,248262.09632720958,450.4419573849387,5491.7076515840645,0.10226124647887205,0.015574626906418353,0.6269965984283881,0.02100460130956768,0.12068292412223584,198.48372458333333,0.16735197583333336,22.517348022727273,1200.0,240.0,678.7931397306396,1.3586033074955537,30.0,15.0,9.0,cane
7bc71481-9a42-47f6-be53-6caded0a8d65,177.20250939583465,264942.637550589,78.15467566126406,55711.768810044035,650.9956445774347,151357.81158690806,322.4298776164666,3352.5153595153192,0.17222606674068813,0.022199883047958755,0.5654774823525673,0.01798629024343147,0.21028439881149955,174.09928,0.14365322916666667,25.011565351010102,1200.0,320.0,271.51725589225595,0.8028953652793002,30.0,20.0,6.0,cane
7c739e9b-fd0e-4eb3-ac64-7b82b87c0443,189.21727262306806,287315.62819557096,94.98375516276433,61813.41962327813,671.7840962113751,162305.87453576186,342.1539406942458,3593.9877430151523,0.16324970844439182,0.022044683785732325,0.5773802235475168,0.019852657615428326,0.21514610117953906,193.16693541666666,0.1633804625,25.011565351010102,650.0,320.0,814.5517676767677,0.8028953652793002,30.0,20.0,6.0,cane
7c80411c-4a9a-4158-9950-971537a2d2f3,132.97491724830203,149575.22804054306,67.7628408399086,39944.645201185725,373.4352177612018,75623.43830407823,162.11977073887286,1683.8116913444203,0.32364462480608164,0.03613928757866162,0.45258423141884463,0.01892657182548865,0.2670626871782559,166.43602083333334,0.13581231458333334,25.011565351010102,900.0,240.0,678.7931397306396,0.3837245557808073,30.0,20.0,3.0,cane
7cb84cdc-ea0e-47ec-967e-77f6b0f5627a,164.2340821900684,317458.4257493988,70.59988069681481,39908.29473956147,680.6146862239718,192156.5113175268,336.5432310077595,4254.268815762925,0.11136980564485481,0.01609410748339647,0.6282388485665932,0.015864072442313856,0.12571517749073463,166.28456166666666,0.13437543208333333,22.517348022727273,1200.0,240.0,271.51725589225595,1.3586033074955537,30.0,15.0,9.0,cane
7cca50d9-5da7-4190-8388-ed370ba09bf6,130.64008236815602,126973.61042731516,60.11584277036847,25309.057647370006,341.3759239148259,69916.54124778174,141.1912106342585,1557.9607477456836,0.26523621278046083,0.038370429330818606,0.4654631207206649,0.016808143582254156,0.19933165565249603,158.18161041666667,0.12350411870833333,20.0115655155724,400.0,160.0,814.5517676767677,0.3837245557808073,25.0,15.0,3.0,cane
7ce2e0dd-da73-44fe-b396-3c950b3870ed,229.352459871271,533165.3049266478,99.38230303985056,47181.974428583904,1043.6580189422123,354375.3813407367,581.9502921588199,7832.28952497953,0.0662672241026094,0.011264091533954124,0.6511237953958333,0.019406237124652614,0.08849667714963246,196.59156166666665,0.16711972041666667,25.011565351010102,650.0,240.0,678.7931397306396,2.0078392033182246,30.0,20.0,12.0,cane
7d2073ca-80a6-4567-a578-fa3c7a7ebc57,227.6618758973473,385771.52952273097,96.7021232237823,31196.64561140379,873.7797286355291,255621.8597105229,463.80171393264834,5653.097538182178,0.08188163368356481,0.016409535315425088,0.6747941167588067,0.021271680555127057,0.08087078529805934,194.97903374999999,0.16042057041666666,20.0115655155724,900.0,160.0,814.5517676767677,1.3586033074955537,25.0,15.0,9.0,cane
7d5520f3-6def-4153-bdcc-7bda9cc6a2f7,183.90577278236768,250316.40809133646,78.23555315424561,41929.21825075415,640.8856085024587,150649.6604484082,319.31427501906177,3338.350709904647,0.14589258644526515,0.022794283615141,0.5820653184621317,0.017984412576027533,0.16750985253869366,174.70507874999998,0.14437595375,25.011565351010102,400.0,240.0,407.27588383838383,0.8028953652793002,30.0,20.0,6.0,cane
7d64850e-95b7-4659-8a0b-2e7165a8d01f,170.58996509030206,216515.8070794819,62.52966444543484,25447.00778722473,564.9379133209962,134670.9322777095,267.32608224665483,2984.290879207056,0.17278244873713175,0.02200407420468224,0.5530766698986427,0.016550516968433245,0.11753401214893609,159.04379958333334,0.12436732041666666,20.0115655155724,650.0,160.0,271.51725589225595,0.8028953652793002,25.0,15.0,6.0,cane
7da54c0d-d28a-4898-bd55-61ba4e2c2bea,177.44148010435512,265179.2755012059,80.27049536527294,56376.44739095509,644.4677415687769,150061.117610499,313.405833875031,3324.396895424608,0.17937144746306818,0.022591914735258838,0.5812471395523569,0.018651934681342533,0.21260271376425774,176.1763983333333,0.14435956083333332,22.517348022727273,1200.0,320.0,271.51725589225595,0.8028953652793002,30.0,15.0,6.0,cane
7dcef175-9174-4146-827d-5551bd2b7d0d,137.86675624643985,149450.6969718579,67.02001912956376,39550.12475866087,382.59582505165054,76167.4523927906,168.2393992416667,1695.1972022549871,0.3298073139796401,0.0357359845048506,0.4461465480955282,0.019044315733765096,0.2646453317053338,164.79218666666665,0.13414155916666667,25.011565351010102,900.0,240.0,407.27588383838383,0.3837245557808073,30.0,20.0,3.0,cane
7ddc1ca0-d923-4af9-9443-30b69f5e452b,197.57775796522316,313919.41580346343,97.5267301242013,77858.41652564089,748.0250084325751,175992.7917313329,381.93579364557803,3895.8867892113535,0.18136165286347852,0.022947931894633834,0.6115308428574284,0.019632163130961736,0.24802598153627506,194.64604208333333,0.16170948625,22.505782674242425,400.0,400.0,814.5517676767677,0.8028953652793002,25.0,20.0,6.0,cane
7de511eb-e010-4cc5-83d5-4d78f1cbcfd9,217.52172096719198,373456.6380502025,95.45980615065308,30997.63239066247,828.5930664703834,243418.2825123378,438.9057519321998,5383.380258120317,0.07342407499088804,0.015885363740214646,0.637987412383407,0.020646065053449833,0.08300428867489579,193.73520166666665,0.1625116475,22.517348022727273,650.0,160.0,814.5517676767677,1.3586033074955537,30.0,15.0,9.0,cane
7de96f62-8730-4a3f-b5a2-f1d75a32fc00,146.74401869503268,408786.72735330905,64.65830348491625,51341.3225312988,710.6938805062159,238057.68890878942,359.29461956241187,5265.05511008119,0.10786591927007577,0.011399274539667511,0.6435598810019465,0.013792219830767546,0.12559742234372953,160.4416325,0.12869389416666668,22.517348022727273,400.0,320.0,407.27588383838383,2.0078392033182246,30.0,15.0,12.0,cane
7e3a167e-e17a-4076-aff8-7c3908c472c1,125.52376224114496,175407.54379835344,72.5467263864309,68153.03847830679,381.90813291080923,75396.66869056578,160.86026330080315,1678.32858022811,0.3043117291577231,0.04127592153785774,0.5263275402502736,0.017967765165907743,0.388546798246661,170.38259625,0.13557378333333334,20.0115655155724,400.0,400.0,271.51725589225595,0.3837245557808073,25.0,15.0,3.0,cane
7e700728-62c0-4596-8cbc-436d5bc92f61,213.91376403682983,483506.6432575428,92.60500889738027,30399.425548251264,940.4363259404503,322581.4462641916,513.4644294622071,7130.873465352983,0.05628282857109639,0.011479020163162879,0.6622815225400884,0.018904880335326273,0.06287467304650572,189.99640916666667,0.15870821416666667,22.517348022727273,650.0,160.0,678.7931397306396,2.0078392033182246,30.0,15.0,12.0,cane
7ea11da0-8b65-4d78-96c1-c890675ed5f8,193.1868550894342,267468.832953274,88.16851574867567,44748.40660830221,655.3106883768008,158935.4191012018,332.5706418772815,3518.505460855806,0.1360239508369634,0.02197333592987163,0.5683456301249579,0.019761831700247222,0.16730738124629654,186.4516925,0.15638116999999999,25.011565351010102,900.0,240.0,678.7931397306396,0.8028953652793002,30.0,20.0,6.0,cane
7ea48aeb-756e-43a9-ae07-1959b7a0c9c3,136.58063172198612,184596.64223357724,79.62062594107036,70503.07862713932,419.72674747305894,81365.65319456982,186.4997211569603,1809.726755737247,0.2834326657887205,0.04006130442094907,0.509476353956492,0.017868189467410207,0.38193603918235147,176.25769749999998,0.14291147666666668,22.505782674242425,400.0,400.0,678.7931397306396,0.3837245557808073,25.0,20.0,3.0,cane
7ed2385e-d74c-4042-a518-edc3fabec6fd,174.72592346893813,283332.09450387716,81.83703042976738,70935.91890350982,672.4419432389907,154795.25851878987,333.55066223623754,3434.4345093797115,0.18978845336752947,0.02255248958671086,0.5864542203950233,0.018080956183906965,0.2503694837362558,177.33979791666664,0.14696318249999998,25.011565351010102,1200.0,400.0,271.51725589225595,0.8028953652793002,30.0,20.0,6.0,cane
7f5cf757-5f97-41ba-9de4-01532ca5d298,130.27268149135682,126702.55595222196,59.885640232470585,25269.11356127317,340.3808306476677,69740.20820412705,140.49755686656275,1553.1139321763524,0.264386472996349,0.03840121451408881,0.46551139173983574,0.016750064432623148,0.19944279692189767,157.93196083333333,0.12325335195833333,20.0115655155724,400.0,160.0,678.7931397306396,0.3837245557808073,25.0,15.0,3.0,cane
7f9924d1-7133-456a-abbe-7c5bfb448101,167.51401078699115,300925.95657650795,67.47365462308737,26147.727663677793,667.9025087025693,189827.09015504594,336.18402832575026,4201.080770678835,0.07870249819057239,0.01586303533558502,0.6059954578047665,0.015029431992626555,0.08689361326701044,163.4232966666667,0.13285332375,25.011565351010102,900.0,160.0,271.51725589225595,1.3586033074955537,30.0,20.0,9.0,cane
804aed86-a8c2-4099-ada7-2fa70471386c,113.00156853032648,316404.23327470204,46.105347987331804,22622.342933513308,535.7582640768563,181557.72790242874,256.6250864287041,4017.555814268915,0.05721178803221801,0.011753124062699917,0.6380183604294507,0.010034364988736303,0.07149987000166129,141.38964416666667,0.11084459829166667,25.011565351010102,400.0,160.0,271.51725589225595,2.0078392033182246,30.0,20.0,12.0,cane
81115e6a-0dbe-4230-87f8-89e203a7af52,239.9885468463927,549843.6872540921,97.34503831020467,46653.563028283585,1099.9326665585463,372273.2759849694,612.1618556110099,8223.446578998011,0.06146837514453915,0.01164302003136574,0.686057849737479,0.01913073801816866,0.08485123407207353,194.38984874999997,0.16153548375000001,22.505782674242425,650.0,240.0,678.7931397306396,2.0078392033182246,25.0,20.0,12.0,cane
81d49ef2-0e5b-4885-a315-76ec12fcabf3,143.07720903235403,194592.16485912885,95.51512701382278,78467.39114414842,407.83137092692823,81757.07647172046,178.6475889101606,1818.72925269848,0.306079210248106,0.04045610317433712,0.5270034313116897,0.020016710701971405,0.4032454618059263,196.16847875,0.16153239583333331,20.0115655155724,900.0,400.0,678.7931397306396,0.3837245557808073,25.0,15.0,3.0,cane
81e39668-1991-47fe-832a-2b4f4c4578f3,164.67737769778205,360691.01031825,75.91486168488211,68722.72077851472,719.9031440340749,203238.2145597271,360.7347164220538,4496.284859910927,0.1578978725138363,0.015490715055415613,0.6159252608213807,0.016667909196905653,0.19053533219860075,171.80680208333334,0.14010447041666665,22.517348022727273,400.0,400.0,407.27588383838383,1.3586033074955537,30.0,15.0,9.0,cane
8220633b-a3b2-4f9d-90ac-9198b7bc9e12,147.26760371838625,193220.85824697776,87.3030819786356,74243.2125414578,440.7495075874056,85097.63934293397,193.60317186817582,1892.7995212754183,0.2974007382131734,0.041077986239351855,0.5304250098378682,0.020455967234584625,0.38424519878507063,185.60803083333334,0.15082104083333334,20.0115655155724,900.0,400.0,271.51725589225595,0.3837245557808073,25.0,15.0,3.0,cane
82c74d9e-b30b-43ff-b6da-7c8c54a458cd,234.37173123028364,388247.7795887199,97.76657663554522,31277.466320313757,901.2155862715967,259844.80602929546,476.30813719184425,5746.895849110485,0.07692078231272098,0.016530204285805976,0.6769378821509471,0.0214750932971218,0.08056292878350534,195.4841629166667,0.16096106541666666,20.0115655155724,650.0,160.0,678.7931397306396,1.3586033074955537,25.0,15.0,9.0,cane
830c261c-0bb7-40be-b710-ff33b78571f2,119.35922088901228,342842.195663277,45.36389825784718,33733.85943738788,587.752860484075,196420.5844376666,281.5506214188325,4343.9855019700835,0.0733505925251473,0.01214556885652357,0.6796965738578493,0.010300117706011006,0.0983968025603894,140.55774625,0.10756466329166665,22.505782674242425,400.0,240.0,271.51725589225595,2.0078392033182246,25.0,20.0,12.0,cane
836c1643-91b6-438f-a8c0-dce43e2742fa,149.36039499097097,173348.1647794451,80.6303146229216,56483.3377452585,434.65844526344944,82839.48412764903,195.70281359749993,1842.087591375407,0.2764638633567971,0.03909082379308712,0.49243636232881943,0.019573625978678066,0.3258435812743138,176.51042875,0.146090795,25.011565351010102,900.0,320.0,271.51725589225595,0.3837245557808073,30.0,20.0,3.0,cane
83f59d6f-9e43-44b9-a887-9d0a5117a961,138.61697256193938,131550.64046973674,63.738747305487834,25894.751180965013,357.16027537771487,72499.01865589521,149.5642309384429,1613.6278514903722,0.2685392702959596,0.03794645699492846,0.4651110224126578,0.0176163076133133,0.19684895876004027,161.84219625,0.12708618624999998,20.0115655155724,900.0,160.0,407.27588383838383,0.3837245557808073,25.0,15.0,3.0,cane
8430e305-e752-43b5-9216-884fb1d9f719,132.917918884918,129650.5798518175,62.226134809852354,25712.746115717335,346.4390744404376,71128.88754578575,143.63903441649987,1582.770761722399,0.26760555530761787,0.038004099405545035,0.4650665768224537,0.017282216723847416,0.1983299004491855,160.70466291666665,0.12596785583333334,20.0115655155724,650.0,160.0,678.7931397306396,0.3837245557808073,25.0,15.0,3.0,cane
84899d68-0196-4324-a7c5-6e826b3f65b6,204.5326907512488,371890.7541533124,88.15472993570881,44405.707656911254,823.982025120992,234768.99419874823,428.1645304481408,5192.092832735393,0.1087673269888468,0.015848347109943182,0.6331712576320287,0.01944192869546104,0.11940877228158041,185.02378208333334,0.15347619166666668,22.517348022727273,900.0,240.0,407.27588383838383,1.3586033074955537,30.0,15.0,9.0,cane
85150f84-10a4-4203-a4c4-f81632d6f231,140.68674182503696,173205.8451702852,81.07946029371061,57393.90818960922,410.2821916193251,81457.0472882598,182.11351113887667,1810.2983203892245,0.24719375543297561,0.040444600697064396,0.5125241136109638,0.01840009660375074,0.33136816045827105,179.35596375,0.14601938208333334,22.505782674242425,900.0,320.0,814.5517676767677,0.3837245557808073,25.0,20.0,3.0,cane
85435fbc-7992-411f-9fa8-386e102e7450,219.1436497018938,422536.7907514458,109.12435044393935,66179.0035735664,892.8692374453552,257870.90743672114,474.57140935239124,5705.87307136976,0.13091487050317763,0.01547055589046717,0.6314712700411405,0.02162342042091723,0.15662702975026824,206.80938625,0.17605474499999998,22.517348022727273,900.0,320.0,678.7931397306396,1.3586033074955537,30.0,15.0,9.0,cane
85ff2afc-91b0-416f-94d6-05ff64abe4ca,195.1415208999057,289607.9890319449,98.4398863971333,62731.00709752142,689.9892533883116,164649.99499309115,344.2253078630861,3647.0329784605724,0.1721336289341856,0.023450173144812708,0.6311439773079124,0.020614805829411338,0.2166113945726157,196.03439875,0.16145052916666666,20.0115655155724,650.0,320.0,678.7931397306396,0.8028953652793002,25.0,15.0,6.0,cane
8629f670-ef9b-4b78-a7fa-1a8c6c183130,226.16911826192901,498224.20248730056,84.57718514437677,29024.296406402194,1012.8721364678657,341568.36181765754,555.3810556929253,7547.70201060145,0.04338792313997264,0.011874146093023992,0.6932961093803347,0.01759160918195089,0.058257231620043405,181.40185166666666,0.14839474416666668,22.505782674242425,400.0,160.0,678.7931397306396,2.0078392033182246,25.0,20.0,12.0,cane
864cb40d-49e2-4fa9-852d-4ac9399c1baf,130.32695586539782,148903.9116640335,67.08472016923078,39828.75919836927,368.7036559291997,75067.64710454995,158.74909892558665,1669.7695340776872,0.32339352342792504,0.03612203525324074,0.4520087094998842,0.018781135549428226,0.2674884490889733,165.95316208333332,0.13532443583333334,25.011565351010102,900.0,240.0,814.5517676767677,0.3837245557808073,30.0,20.0,3.0,cane
8695d6f4-298d-48b6-89b4-b720b3dc6f3e,130.27790265234404,143138.8718736326,62.11541951184607,38212.15311615784,366.3140633794444,72928.67754465491,159.2765561382653,1624.8671657213756,0.3307962424483375,0.036109463914846374,0.44656429780473483,0.01788904652162836,0.2669669036854789,159.21730541666668,0.12854064666666667,25.011565351010102,400.0,240.0,407.27588383838383,0.3837245557808073,30.0,20.0,3.0,cane
871210b7-3964-4e74-8dff-9598e99580c5,185.38283507805855,306366.6832216101,105.5749714050468,82045.58784880063,656.2556156576155,160340.66663713657,332.0349377649715,3554.4837832265216,0.19336598722800924,0.021977684504050923,0.5826529607085438,0.02067568337389434,0.26780665162529377,205.1139691666667,0.1742135929166667,22.517348022727273,900.0,400.0,678.7931397306396,0.8028953652793002,30.0,15.0,6.0,cane
87368464-b21e-4c7b-83c3-5d564b5f02af,211.52337935739652,430051.2581899692,89.61801484100937,74519.57528262491,931.2682259310161,262649.9804456053,493.5551339353755,5806.043387292848,0.1293642981563447,0.015789991871022726,0.6461674171820286,0.019192911748830036,0.17328508556561392,186.29893833333333,0.15327660666666668,22.505782674242425,400.0,400.0,678.7931397306396,1.3586033074955537,25.0,20.0,9.0,cane
8798e272-83be-4978-8214-d252ba8df4ba,132.1126280081144,125173.08807592186,58.327881910528724,24809.06824321387,342.6667527829433,68891.1078596904,142.6001370656587,1536.260203646733,0.27323909374505473,0.03841271051066919,0.46476793018050283,0.016855328992803204,0.19820451955958818,155.0566775,0.123072790375,22.517348022727273,400.0,160.0,271.51725589225595,0.3837245557808073,30.0,15.0,3.0,cane
882c6e14-8282-42a0-8ae7-4dc312703148,164.2876909970319,273894.9195325552,79.22825893444319,70451.05697862916,618.4685507704298,145668.6616551391,300.7566431725132,3229.7081754095193,0.19864313366456232,0.022848854400186237,0.5942413331971801,0.017982723354079695,0.25722475750530444,176.12764166666668,0.14432208333333332,22.517348022727273,900.0,400.0,271.51725589225595,0.8028953652793002,30.0,15.0,6.0,cane
8889c134-b8bc-476b-ac52-f6a6bee16e9c,165.67130515994464,253232.71376564517,72.31640365450195,53794.37509911057,610.9007022375159,142591.35505206176,298.906867780263,3160.912458367029,0.1793677917374263,0.022081303934753785,0.5592608376820603,0.016960212785340472,0.21243644141849163,168.10742041666666,0.13755605499999998,25.011565351010102,900.0,320.0,271.51725589225595,0.8028953652793002,30.0,20.0,6.0,cane
88a3af09-ad6d-41d6-98f1-27d8ce3e9ac2,223.5475150522225,432977.2868970673,107.43667114945985,65779.82709504447,919.5507126411279,267385.46293449885,498.9633754666733,5916.743145299348,0.10953202867402145,0.015216197207091754,0.6162229746875841,0.021328220817434986,0.15192838735103487,205.56196,0.17640195166666664,25.011565351010102,900.0,320.0,814.5517676767677,1.3586033074955537,30.0,20.0,9.0,cane
894082e8-f816-4e54-b32b-f0fad23ebb94,198.36149332295903,311704.19086076604,95.71461530988941,76898.32221727622,746.8084791876457,173270.79831196825,380.84134984728786,3838.3546015774205,0.1920288433522727,0.0218625761259154,0.5721412735564183,0.020499369216924565,0.24670851802488772,192.24580666666668,0.1623754675,25.011565351010102,900.0,400.0,407.27588383838383,0.8028953652793002,30.0,20.0,6.0,cane
896f6408-13a8-4ecc-b5fc-bd31969d3a6c,121.27293840790465,298114.54691653413,54.740684366358586,59968.24852470695,547.0527479644802,156093.6108079238,260.7905624716869,3455.4027304604037,0.1462910162332176,0.01565977107065446,0.6055009324666457,0.0121419123973423,0.2011626315551591,149.92062333333334,0.119327939875,25.011565351010102,400.0,400.0,271.51725589225595,1.3586033074955537,30.0,20.0,9.0,cane
8a05f4e2-dbab-42d0-9774-1bed8692b655,192.69614494564797,243073.39580242036,80.32291239025791,28585.948011740285,626.0244072977256,152733.71836418225,316.55417673918265,3387.282440666142,0.11208281713459595,0.02222147309809554,0.5635170044067762,0.019119067200296932,0.11760575905297092,178.66217458333333,0.1483861675,25.011565351010102,650.0,160.0,678.7931397306396,0.8028953652793002,30.0,20.0,6.0,cane
8a56d83b-3a38-4ae0-932a-2657b6a7e665,130.14402654809737,129665.16243035952,61.317317350957204,25629.77115577611,340.02870550334586,70482.44807906589,139.85073425279103,1568.3492282516393,0.2647663872377946,0.03784213007204336,0.46449876234674875,0.017202886677574067,0.19766783521839845,160.18606875,0.12544895,20.0115655155724,1200.0,160.0,678.7931397306396,0.3837245557808073,25.0,15.0,3.0,cane
8a76b762-4f02-44e3-ac0a-dcdf8c63c80b,159.42612339931182,247099.7763150721,71.83161513925064,53618.209257616174,584.4274731223612,137114.96540303357,278.50671061310607,3038.2145102177255,0.1957654934615951,0.022568669272453705,0.5793808974198968,0.016959052430354567,0.21699520951250892,167.55690166666668,0.13565592166666665,22.517348022727273,650.0,320.0,271.51725589225595,0.8028953652793002,30.0,15.0,6.0,cane
8a7c5330-6013-401c-86b2-75af347de2f3,226.45112965182634,538246.7597934827,105.36091466921943,48824.33976955517,1010.956135264996,351441.4984432831,562.1568086981257,7769.461033276136,0.0761903186986111,0.011179141854019359,0.6522936745488846,0.02074567508847356,0.09071279182138087,203.4347508333333,0.17258144083333335,22.517348022727273,1200.0,240.0,814.5517676767677,2.0078392033182246,30.0,15.0,12.0,cane
8bb437ed-993a-4fbf-917a-d67b8c3bae82,129.4701179148069,147659.96883744103,69.84035650988673,40452.55534460936,358.93815551804187,73419.2890463492,150.35446970218302,1634.21829509353,0.3327589538247054,0.03741482880267256,0.47346085833080803,0.017934593880575122,0.2739649681635426,168.55231625,0.13373704333333333,20.0115655155724,1200.0,240.0,814.5517676767677,0.3837245557808073,25.0,15.0,3.0,cane
8bd4f739-20f0-459a-9071-055315625622,145.63241394468622,195278.41874257228,92.91414832837263,76288.11123386389,428.55470540256783,84025.87513228432,192.31550409281684,1867.4120634212077,0.277307062134575,0.039365384281776085,0.5064342209627422,0.0188965004158657,0.3906677030077006,190.72027833333334,0.15756631291666667,22.505782674242425,1200.0,400.0,678.7931397306396,0.3837245557808073,25.0,20.0,3.0,cane
8c308898-0279-4d5a-833a-1874d46dbbe4,156.70651783752015,347549.4643921111,70.42230130132228,66271.02160899747,701.7710528554271,195868.17384816473,341.22792263142776,4334.091029511647,0.136503442119697,0.01677647469158565,0.6801329223630997,0.01596626562379823,0.19068446531476188,165.67755458333332,0.13092024291666668,20.0115655155724,1200.0,400.0,271.51725589225595,1.3586033074955537,25.0,15.0,9.0,cane
8c32d79e-e2cf-4df1-9f6e-e9352a34c6a1,205.43283338160515,249526.81455397615,82.75580099676051,28869.974257365942,661.6000944947767,158246.38426984593,330.2408781748116,3507.878043800542,0.12707426296931817,0.022677847107523144,0.5820873751840279,0.020215394375718492,0.11570308913241374,180.43733916666667,0.14870769541666667,22.517348022727273,1200.0,160.0,407.27588383838383,0.8028953652793002,30.0,15.0,6.0,cane
8c339158-369d-4fc1-89dc-11c89414f314,128.02403967502408,148408.71240814272,65.81490228442522,39562.58670390699,364.3932579604801,74539.7715651159,156.37637103191278,1661.2200158913618,0.3218637899469697,0.03608371491745581,0.4518721498749579,0.018689820240247845,0.2665876384817397,164.84411208333333,0.13419349583333334,25.011565351010102,1200.0,240.0,814.5517676767677,0.3837245557808073,30.0,20.0,3.0,cane
8c478355-6e84-46da-a739-280abaf6218e,133.49710064681537,365806.04216532997,56.096533885869306,36315.19799122497,652.0474245965279,216227.38407292098,323.8471976497772,4780.846431637249,0.07317319242737794,0.011528106504303453,0.6327644589400778,0.01191903856767234,0.0992769575961196,151.3133254166667,0.12069430004166666,25.011565351010102,650.0,240.0,271.51725589225595,2.0078392033182246,30.0,20.0,12.0,cane
8cbfe4d8-d555-4f6e-a532-ad4e13214d7a,127.39541973631052,180293.19767885006,81.49924200403717,72573.6496071274,367.51229645248696,74671.85634001116,158.06007273435108,1662.510864137673,0.3070597047919823,0.038324315467729374,0.4842391581950337,0.018370319391326925,0.4025366733470957,181.434125,0.14973766416666667,22.517348022727273,400.0,400.0,814.5517676767677,0.3837245557808073,30.0,15.0,3.0,cane
8d1db6e9-3f3a-4d74-82ad-bd22654e8838,170.59445409499634,217962.63124264122,62.85509935360392,25590.78899651775,558.6085773412324,134651.97663119496,269.4600497627249,2986.2289350235897,0.16208291185847015,0.021141810407607323,0.5207153234427082,0.01702281651391107,0.11741361583728567,159.94243,0.12806411666666667,22.517348022727273,400.0,160.0,407.27588383838383,0.8028953652793002,30.0,15.0,6.0,cane
8d5d0890-9905-4abb-ad8c-28ba5f0efd05,180.22593534031816,236201.60392727458,80.42778589743472,28669.957821640917,580.5413781295614,144187.41238302522,285.59607906761596,3195.9060470399477,0.12197368056549873,0.02242381721566709,0.5743697916048505,0.018812504037102627,0.1213827265965422,179.18723416666668,0.14746160541666667,22.517348022727273,900.0,160.0,814.5517676767677,0.8028953652793002,30.0,15.0,6.0,cane
8d6c2cba-152e-46e5-bbf4-adf1e221d4cc,191.1324903412324,440083.42359911365,77.69446587895503,27831.583720054274,866.255806278462,289638.8178333745,463.01684120943236,6402.7542231551915,0.0474810208891835,0.011525195531712964,0.649754696309291,0.01593165341745922,0.06324346707932083,173.94739875000002,0.14367483541666667,25.011565351010102,650.0,160.0,407.27588383838383,2.0078392033182246,30.0,20.0,12.0,cane
8df315ac-63b5-433f-98be-9167ea5d0055,141.48631579609184,193782.07903804994,95.05003700105038,78344.73796504641,403.0560107458915,81120.1339622591,176.3886506032335,1806.4865443782849,0.30786842970380884,0.04025564385718644,0.5240279994094172,0.019911965680160338,0.40429855723901786,195.8618425,0.16122045708333332,20.0115655155724,900.0,400.0,814.5517676767677,0.3837245557808073,25.0,15.0,3.0,cane
8e132e8a-4fa9-4739-b174-340342c08d44,149.45257305596428,236779.4947559666,64.86252539698322,51308.13125248338,552.2055923373209,129881.17584859078,255.9635777662522,2880.7980322046733,0.1787694339276094,0.024050486494949494,0.6250218025131523,0.015897630427651892,0.21669705854808474,160.33791125000002,0.12567828416666668,20.0115655155724,400.0,320.0,271.51725589225595,0.8028953652793002,25.0,15.0,6.0,cane
8e1ecada-1a0e-4299-9da0-c824b1e229e4,154.0565760915858,344093.8823740998,69.84577149911291,66080.72537476012,690.5226643607241,193227.48031549613,345.2609952132957,4276.982257072506,0.14119726222195916,0.015472377792897729,0.604281247942319,0.015035937737611508,0.19204722492958037,165.20181291666668,0.1346476175,25.011565351010102,900.0,400.0,271.51725589225595,1.3586033074955537,30.0,20.0,9.0,cane
8ec18c8c-9a92-4546-beed-41bc2e436d60,204.67290563533845,273082.3532048476,86.93604764928705,44240.2929910335,711.0741082128408,168691.62982896352,361.54955917823116,3735.2071589837083,0.13081539292989267,0.023497568498800508,0.6183586141446654,0.019129165063730035,0.16200768543867086,184.3345525,0.15117746,22.505782674242425,400.0,240.0,678.7931397306396,0.8028953652793002,25.0,20.0,6.0,cane
8efe9171-f0c8-44ef-85c1-95277bf7c41f,178.00137987611095,266265.2412047248,78.8573938573014,55998.9944124384,651.7455317273275,152051.13303105542,324.291356315362,3371.098959683392,0.15791878684248742,0.02280417646751894,0.5877734307232008,0.01796925425222008,0.2103186979528261,174.9968575,0.1446712825,25.011565351010102,400.0,320.0,407.27588383838383,0.8028953652793002,30.0,20.0,6.0,cane
8f0f0e5c-a60b-4cb0-a951-cb9d5642003f,197.51235248362184,289028.6265184368,88.8187347233855,59473.24737939253,725.4612256521186,170682.9083694769,368.3619335003263,3780.3822776155243,0.18493751434559136,0.02275872383576389,0.6016526367011888,0.019135994522029815,0.20577495155181721,185.85389833333332,0.15272218541666668,22.505782674242425,400.0,320.0,678.7931397306396,0.8028953652793002,25.0,20.0,6.0,cane
8f252d00-b07a-41c3-af61-2629bd903e76,168.52094013524507,278277.62616585725,78.40009975408239,70108.8886792198,642.6013472730523,150639.42313865433,310.14820683447954,3337.580835079312,0.20692594402120157,0.02348168527112794,0.6223271253727378,0.018443640351979772,0.2519440131743511,175.27222166666664,0.140461075,20.0115655155724,900.0,400.0,271.51725589225595,0.8028953652793002,25.0,15.0,6.0,cane
8f536a04-9f22-4844-9887-c268a592e68b,177.77763714455597,482807.63497162476,71.02853918629852,66680.31123895258,898.3841878634732,295034.49688305013,470.1241178667944,6521.359723960629,0.10463239721812923,0.011537068246254209,0.6713383683008102,0.015176909284689807,0.13811294373944127,166.70077583333332,0.13344384958333333,22.505782674242425,650.0,400.0,407.27588383838383,2.0078392033182246,25.0,20.0,12.0,cane
8f6213e4-0efe-4968-8a00-23b8a2f121dc,136.06855330370269,127367.16778734904,56.04843708600329,24441.83806972811,361.11926367747844,71863.90059436194,153.62959190804574,1599.3465460542423,0.21666180833833126,0.039529450010974326,0.4706139509327652,0.0163124845004905,0.19190757767445507,152.76148791666665,0.11943917658333332,22.505782674242425,400.0,160.0,271.51725589225595,0.3837245557808073,25.0,20.0,3.0,cane
8f65e7c8-9acf-45b2-b875-19e6ab446101,179.50276435520024,276680.24671912595,95.57003306895388,61960.738053684014,624.0458631128531,151822.93359843685,310.0106044204987,3364.9110148131326,0.16693766918550085,0.022382884132554712,0.5864894223287983,0.019589298723032705,0.22394789325715,193.6273045833333,0.16230807791666665,22.517348022727273,650.0,320.0,814.5517676767677,0.8028953652793002,30.0,15.0,6.0,cane
8fa9cae5-934e-408c-9b9b-2201af01225f,138.19002725836174,321676.6406506987,62.93214618552368,63258.3275949225,624.5436822258507,175850.1569100745,305.7562019601952,3891.340739163117,0.15035761994902144,0.015503904133449077,0.6025003971196128,0.01370071931913883,0.19665633041676425,158.14581875,0.12753155208333333,25.011565351010102,650.0,400.0,271.51725589225595,1.3586033074955537,30.0,20.0,9.0,cane
8fc1c392-2a72-47b1-b370-7680ef8627a7,228.22582230361058,587260.0026263675,103.56433306999273,80412.97389773156,1090.5749804036732,371750.06554194336,612.8681285029146,8212.830946796747,0.10100215311443603,0.01078553927455808,0.6288504674984954,0.020371659518653683,0.13693308133138835,201.03243583333335,0.17179087666666668,25.011565351010102,650.0,400.0,814.5517676767677,2.0078392033182246,30.0,20.0,12.0,cane
8fc8bd79-d3b7-4703-a004-30288b84c831,212.0194894961621,551357.5074680514,91.59207638990189,75373.18823275196,1028.5335509581785,345597.8416365258,555.5844946548589,7638.17070212437,0.11336819262974537,0.011550316343517468,0.6920267698989373,0.019661162853780726,0.1367081572800619,188.43296999999998,0.15386344541666666,20.0115655155724,650.0,400.0,678.7931397306396,2.0078392033182246,25.0,15.0,12.0,cane
8fe63a22-bb12-42c0-9de6-f8f3640f9dd5,229.22116917109366,407633.87867454556,102.94579054013376,48106.5494402721,914.9858030276182,262602.1151822359,483.0936952715241,5806.983610875221,0.0914425626702441,0.01657848044748527,0.6836530680824074,0.021633236045070565,0.11801726294381155,200.44395666666665,0.16602405958333333,20.0115655155724,650.0,240.0,678.7931397306396,1.3586033074955537,25.0,15.0,9.0,cane
90419172-1914-491d-b33d-8a9b8007fdaa,229.47593473426994,512415.73992784,93.93328864371728,30686.41706789726,1010.5509275016282,349056.31153159466,567.2160841538249,7712.911757317254,0.04793910008738425,0.011252201297180133,0.6471229956515994,0.01937939250403914,0.059887851969624574,191.79010541666665,0.16207194416666668,25.011565351010102,900.0,160.0,678.7931397306396,2.0078392033182246,30.0,20.0,12.0,cane
90452b62-6194-45a1-b5ca-574af1e98ba6,138.15400104138902,130670.85489075432,62.98644834031214,25738.48060592408,356.9517377826505,72251.015515352,149.4451985072287,1608.6880703043569,0.2675775236344802,0.03811018882444234,0.4654896108720538,0.017466125384893984,0.19697826114931505,160.86550291666666,0.12612456,20.0115655155724,650.0,160.0,407.27588383838383,0.3837245557808073,25.0,15.0,3.0,cane
913e2c3e-2682-4612-be10-357739c016dd,221.9468467867645,447890.59076120844,100.4185189194819,78993.82167387466,964.5190547445048,274276.8916438426,517.6934208209577,6063.750524440206,0.12618354808078702,0.015752651309753788,0.6473981701213279,0.020097250383638625,0.17637311142618792,197.48455291666667,0.16473090416666666,22.505782674242425,400.0,400.0,814.5517676767677,1.3586033074955537,25.0,20.0,9.0,cane
91475305-d5d3-4d20-83b5-d711e289870a,218.16818827742551,450068.805334649,107.32546079875995,82126.79018779196,924.2014129716033,267875.2656061275,500.90076596997994,5923.782445209287,0.13213066226446762,0.014838463431765573,0.6012874843763992,0.021311745861083142,0.18248056139952717,205.31697666666665,0.17614672541666665,25.011565351010102,900.0,400.0,814.5517676767677,1.3586033074955537,30.0,20.0,9.0,cane
92c632fd-9f31-42c9-b4bb-e151daca0de8,141.22719259419168,130747.14555718732,61.366121588928046,25351.564669115727,365.9279023714624,72938.65916879234,153.4694970114756,1623.8557963001933,0.26353689644300293,0.03835430748560606,0.46632851744263476,0.017487704450394985,0.19390402623115974,158.44728,0.12373792316666667,20.0115655155724,650.0,160.0,271.51725589225595,0.3837245557808073,25.0,15.0,3.0,cane
92e87eb4-6699-4401-a610-55e6cfaded46,197.29361093611922,450545.69652289874,82.03018816198352,28548.188244973895,892.0266722281809,299087.7103848119,480.4476346069556,6610.4803712533685,0.048876613975284096,0.011477508888615321,0.6493605066424348,0.016533006478673742,0.06336542416136308,178.42617625,0.14821141875000002,25.011565351010102,900.0,160.0,407.27588383838383,2.0078392033182246,30.0,20.0,12.0,cane
9346e842-7495-4939-91b1-ad92c73f9d06,212.57293677921228,434612.83707606845,101.41458493181388,79416.2398391521,914.7430378910605,260530.38092845163,490.7901310493938,5761.2872088537215,0.1410124795835438,0.015117630813299658,0.6094072974019255,0.020322586915974366,0.18273354258047136,198.54060041666665,0.16917600666666666,25.011565351010102,400.0,400.0,814.5517676767677,1.3586033074955537,30.0,20.0,9.0,cane
934bae29-ac0d-4ac7-ac9b-d25574466258,175.9604671705856,254981.7508197004,85.00489081892992,44088.043186765724,593.6856608422734,146882.14946902165,292.6471664731205,3252.456277992144,0.15913618521537248,0.022101533225441918,0.573283416286711,0.019101209144933587,0.17291114370272506,183.70018041666665,0.15205499,22.517348022727273,1200.0,240.0,814.5517676767677,0.8028953652793002,30.0,15.0,6.0,cane
939b73b1-a790-4cd3-a317-0bc9e9890d3e,230.7902526229332,378482.3848483756,86.7856208899715,29392.81999825475,906.6453894771166,257378.9690299603,481.36088521715595,5693.494856836372,0.07418869505498737,0.016179578303693185,0.6467446873868371,0.019113843559625168,0.07766226363833319,183.70512458333334,0.15048106875,22.505782674242425,1200.0,160.0,407.27588383838383,1.3586033074955537,25.0,20.0,9.0,cane
93ac9653-fde2-48ff-a53c-b07536346146,116.17401184955118,354457.9495683454,45.10957655736658,44881.0011488465,589.1432800116944,196474.67821355994,281.7600827458572,4345.167219626369,0.08784654534789563,0.012009441310290404,0.6741984990442762,0.010292961488931074,0.12662114873812497,140.25313083333333,0.10726549741666667,22.505782674242425,400.0,320.0,271.51725589225595,2.0078392033182246,25.0,20.0,12.0,cane
93ddf14e-dae4-40c7-8844-68d613d55e22,148.56742734528717,134587.3915123494,65.00374733393038,25915.7208722448,385.583746465099,75868.24162402075,169.7046358612496,1689.6417287944303,0.23795493318834168,0.03870514768377525,0.46806829265525046,0.01871903857455003,0.19256385408820695,161.97325458333333,0.1312954925,25.011565351010102,650.0,160.0,271.51725589225595,0.3837245557808073,30.0,20.0,3.0,cane
946e8f3a-02c1-4658-acfb-41eb6f1cf903,224.4067612734782,375896.72996089584,93.5750651927744,30597.97767246143,866.9402639941092,250434.9106679169,455.8729527463262,5538.47598556181,0.08370662286485692,0.016451739555429293,0.6683838260370266,0.020625997177336198,0.08140244041943007,191.23736166666666,0.15673385583333335,20.0115655155724,400.0,160.0,814.5517676767677,1.3586033074955537,25.0,15.0,9.0,cane
9488ff66-9119-4d90-88ee-0d8561574919,173.38581443688918,251671.66303504814,84.09061343999991,43845.783694908256,583.9448721507918,144548.58195944258,287.3974963920594,3202.667960753326,0.16286719509070915,0.021908205405502947,0.5660368226545769,0.018783504700929834,0.1742225158484176,182.6907666666667,0.15103917375,22.517348022727273,900.0,240.0,814.5517676767677,0.8028953652793002,30.0,15.0,6.0,cane
94b21358-63b7-401a-8855-229cb969f844,164.37220907567246,273644.6269031094,75.26798027177414,68820.04698409303,629.277718503064,147597.24069393755,302.02867971654547,3269.906637959027,0.20445230426236322,0.023724546888552186,0.6293862887116374,0.01803948037528917,0.25149960033618646,172.05011750000003,0.13726202166666668,20.0115655155724,650.0,400.0,271.51725589225595,0.8028953652793002,25.0,15.0,6.0,cane
9546ab00-f130-4d2f-b7f7-1b0969f7a986,144.23420429698655,382898.0455795464,56.167550318253646,36324.76724272368,704.2861595403699,231915.16143084108,349.7183888188742,5126.933314752706,0.06678506294695917,0.012128621666329966,0.6866996666723486,0.012082377366057585,0.09487014374149905,151.35319625,0.118140498,22.505782674242425,650.0,240.0,271.51725589225595,2.0078392033182246,25.0,20.0,12.0,cane
95b4ce0d-8e4b-45fc-8a9b-1439b90e8a52,172.13089251341663,295083.3876320804,98.3611585770205,79334.88954915268,611.1821091775214,151839.12486353042,306.37910876088,3363.6164875491886,0.21259150132438975,0.021397707013478533,0.5636202999931502,0.019777389536791062,0.2688613081836181,198.33722458333332,0.16714184291666667,22.517348022727273,1200.0,400.0,814.5517676767677,0.8028953652793002,30.0,15.0,6.0,cane
96418db0-9259-4431-8d4f-0f6a5d3f45ba,239.12286026255427,449998.7949607295,108.79731934944859,66056.1547751878,993.7147666176635,285632.9370043279,539.5778326071144,6312.764629392011,0.09727820441933924,0.015997813748190242,0.661784129306513,0.021216131620968092,0.14679552876380084,206.42548291666665,0.173881375,22.505782674242425,650.0,320.0,814.5517676767677,1.3586033074955537,25.0,20.0,9.0,cane
971db18a-73e5-44ad-a2a7-e6f3da4f35b2,130.28181729405324,182335.80309714985,80.17638947387466,71179.04482672246,387.27390933162485,77065.99153844484,170.96971530486164,1715.7995721040222,0.30224328749999996,0.03714266630438763,0.4721463466286511,0.018480538331798926,0.3903787827168206,177.94761333333335,0.14757711458333334,25.011565351010102,650.0,400.0,678.7931397306396,0.3837245557808073,30.0,20.0,3.0,cane
974cd1a0-929c-48e8-a9e4-198af6dc1ce2,215.1631590392879,390627.9157631241,100.1059836066736,47451.33805924726,853.92305713206,246902.4845549255,451.0799725006698,5461.5899983445315,0.10367894893244949,0.015737667631555135,0.6335766684873527,0.020724308740047423,0.12147793717689899,197.71390916666667,0.16671717,22.517348022727273,400.0,240.0,814.5517676767677,1.3586033074955537,30.0,15.0,9.0,cane
9779bc7b-8708-4b39-9ef3-021b102f06e3,140.99841531233824,149486.18112173796,68.61945527390426,39691.66058346173,390.1339758620779,76573.2392868206,166.25050700858438,1703.7315019957107,0.3463845120998001,0.03659341452561026,0.46060559980749155,0.018464282847395982,0.2655279815443474,165.38192041666667,0.13058613208333333,20.0115655155724,1200.0,240.0,271.51725589225595,0.3837245557808073,25.0,15.0,3.0,cane
978292ba-4b1e-4660-84b5-337b58797de3,219.56573061237958,449954.5918987386,111.0193695962159,83495.22057010443,926.4429131909511,267219.36163774977,491.9894306470547,5910.854863836938,0.1363147751109007,0.01593927519319234,0.6665078089096066,0.022092258576118774,0.18556770387827867,208.7380525,0.1745135175,20.0115655155724,900.0,400.0,814.5517676767677,1.3586033074955537,25.0,15.0,9.0,cane
97c716d7-9e92-4127-adf9-a6fab65790ba,129.52971947985907,158865.52113529193,64.37723035872914,51213.85988108057,395.4911299307838,76462.37487808322,170.93280685772018,1700.9739926905295,0.3529159195458755,0.03771871980481903,0.47808124119517054,0.01695065903023467,0.32238056294991474,160.04331291666668,0.12666023166666665,22.505782674242425,400.0,320.0,271.51725589225595,0.3837245557808073,25.0,20.0,3.0,cane
9838fdf7-6d19-4790-a9d9-b0481b24cdda,130.60299177611628,180661.94069231526,79.63562032094032,70681.44935079185,389.8713456321987,76849.32147665061,172.42972284055392,1710.9639017328466,0.27934176963089224,0.038518964050284085,0.4836186908759259,0.018055823232606124,0.3912410806967221,176.70362375,0.14633142666666668,25.011565351010102,400.0,400.0,678.7931397306396,0.3837245557808073,30.0,20.0,3.0,cane
984a5332-aebb-4437-a9b0-499c69292458,242.82059411056105,401761.5855574924,94.61368093695017,30827.297943390124,936.0926333844681,272146.331900119,507.99564307772147,6018.115224701373,0.06273850726013258,0.016146809931755053,0.659823172812216,0.020487119108457057,0.0767325192404575,192.67061333333334,0.15966966166666666,22.505782674242425,900.0,160.0,678.7931397306396,1.3586033074955537,25.0,20.0,9.0,cane
985ae7f8-4c72-4308-8c74-c0f1d31a1bc0,189.41991666737167,397078.4218956846,89.12195799016541,74167.54327281831,818.4689537794033,230813.80628907421,421.0719150105752,5103.921944495052,0.15456207397916666,0.015431330644110904,0.6252070386196023,0.01898949614589926,0.18678747156108924,185.41885958333333,0.15386950208333333,22.517348022727273,900.0,400.0,407.27588383838383,1.3586033074955537,30.0,15.0,9.0,cane
985cfdad-9b20-47c4-9cbd-6028b9018d7c,214.70122581830645,412423.7050324029,97.78573763946562,62391.95021254014,891.2977027984358,254604.7954799788,467.05393226740694,5631.951212513595,0.11563073438116583,0.016386416039614903,0.6780917203420664,0.020830013541304072,0.15128472780990937,194.9748425,0.16052229416666666,20.0115655155724,400.0,320.0,814.5517676767677,1.3586033074955537,25.0,15.0,9.0,cane
9864acdd-a171-45a5-9ed1-ab1f7647a2ab,196.35413711698894,384458.5016521213,91.6562233102282,60234.93093118197,819.4205438402349,232537.633534039,424.1553475540299,5144.4418476351975,0.13128012492988217,0.015621402426252104,0.6244145303237584,0.019264797721829548,0.15667878183262574,188.23415916666667,0.15673755875,22.517348022727273,1200.0,320.0,407.27588383838383,1.3586033074955537,30.0,15.0,9.0,cane
987e4738-c7e4-4893-a92e-8cf8543dce09,210.07957448528614,354931.2012347376,89.63205841960614,29871.448275353876,811.1638797172599,232536.8132284398,422.22103103657815,5142.6505457176945,0.08003807095964857,0.016218840497948233,0.6460171882730428,0.019419783055892318,0.08416384435171892,186.6965508333333,0.15516316,22.517348022727273,1200.0,160.0,407.27588383838383,1.3586033074955537,30.0,15.0,9.0,cane
99350c97-5ce0-4dba-a8e3-84bdc8c77d24,192.68999099163875,313565.0291513062,106.45402394378772,82344.79760240104,692.872950335578,167954.2788330282,350.3076030505426,3718.8409569524647,0.19372351651420458,0.022929211876862376,0.6188307247783564,0.021179191621839736,0.2626134462108674,205.8619925,0.17147574583333333,20.0115655155724,1200.0,400.0,678.7931397306396,0.8028953652793002,25.0,15.0,6.0,cane
9972f5da-3eb6-49a3-8770-a90ace2b152c,185.2036235011685,304082.4139241224,103.65432223628017,81127.8884822166,661.206075626272,160435.23580751457,333.7127335462389,3552.7721536092745,0.20214413268623738,0.021897305076041665,0.5773863351126474,0.02052731908309817,0.26680059307352133,202.81972208333332,0.17184177874999998,22.517348022727273,650.0,400.0,678.7931397306396,0.8028953652793002,30.0,15.0,6.0,cane
99e5c435-4dd2-4fbc-9fa8-3733b77d6368,171.15586969975175,346697.81873207213,74.89235198135765,54497.05671738449,739.6006815343455,206244.64710122583,364.35787071030256,4565.421150763802,0.12780845443391206,0.01692013823959386,0.6869892869481797,0.016799771385084303,0.15719235221757968,170.30330208333334,0.13551834541666666,20.0115655155724,1200.0,320.0,271.51725589225595,1.3586033074955537,25.0,15.0,9.0,cane
9a0ee3dc-c00f-4f98-b136-dc5a26ae86a3,122.43232658154099,153832.15005223933,64.83574012017456,51338.503901922035,362.7744545143044,71333.98491225821,149.59334065003688,1588.3883470995918,0.340545845063447,0.03884511702781987,0.4896091836863532,0.01695042833664561,0.3337376451693508,160.43282458333334,0.1257085225,20.0115655155724,400.0,320.0,271.51725589225595,0.3837245557808073,25.0,15.0,3.0,cane
9a1f8895-04bf-42b6-964c-fa411546be0b,153.53386950686232,178777.46663619182,86.61177360186413,58772.47587472218,441.95943403415316,85349.8596284594,199.09365481499003,1896.2025311494715,0.2330968787971381,0.04159168685765993,0.5355105957095643,0.01910005251117013,0.3287509188309656,183.66398708333335,0.15038352083333334,22.505782674242425,900.0,320.0,407.27588383838383,0.3837245557808073,25.0,20.0,3.0,cane
9a3736d6-8f2e-4417-8bcc-bdfc570b7035,146.41180159219255,173416.27557835417,87.88939263307786,59143.92605071233,410.11363950155044,80135.68302999045,177.90801062670383,1783.6119673806136,0.26718965662857747,0.04134561778958333,0.5306947597993581,0.01947974142308603,0.3410571586538646,184.8247683333333,0.15003807791666665,20.0115655155724,900.0,320.0,407.27588383838383,0.3837245557808073,25.0,15.0,3.0,cane
9a646a6f-77e6-4217-add2-bf9cdc31dd2c,152.4046425619564,175311.4038606819,79.21722956797433,55976.39296353736,453.50418616103,85794.99428540513,203.36125526641155,1907.7554722195011,0.25291670880534517,0.041357508972643106,0.5259668528407616,0.01892113282246937,0.31930274266365527,174.92622958333334,0.14154713208333333,22.505782674242425,650.0,320.0,271.51725589225595,0.3837245557808073,25.0,20.0,3.0,cane
9b5418b5-58d8-4c67-aed8-30a3d2a7af18,206.49682719947586,350928.7154940989,83.54328735676678,28910.335443327815,802.1597412948227,230390.23636414402,423.83832086565496,5097.917470174519,0.07118614735348275,0.015693028514194025,0.6153187516381418,0.01843153844347752,0.08238527925879871,180.68959541666666,0.15049511208333333,25.011565351010102,900.0,160.0,407.27588383838383,1.3586033074955537,30.0,20.0,9.0,cane
9b94e781-ac88-4bef-b831-1081781f3d3c,204.936877525649,278865.3176357116,89.01633065661721,44949.58355512522,704.085719322571,169974.09210517563,360.7348111447321,3764.3582791548556,0.13123980343788932,0.02295327914691709,0.6089004744642887,0.019635703077834583,0.16119108123751,187.28993333333335,0.15409221208333332,22.505782674242425,1200.0,240.0,678.7931397306396,0.8028953652793002,25.0,20.0,6.0,cane
9bf22e09-7448-401d-8f32-7d31359f4ebb,237.16985137924777,414469.46164266375,95.33341582302086,46175.348564093,967.8331096938879,274679.7229747946,518.806313052168,6071.622186667828,0.0911838526814394,0.016407384711658247,0.6721462246754419,0.020123870563938644,0.11141172627825498,192.39728666666667,0.15950688333333332,22.505782674242425,400.0,240.0,678.7931397306396,1.3586033074955537,25.0,20.0,9.0,cane
9c2c9b0c-da8b-4bb5-b020-562f061cbd38,212.5225772481014,419660.36605888774,109.645093582228,66528.84865501605,859.1538730471096,251950.44588060855,456.98298271060133,5573.106151052932,0.1181746023282723,0.015443009544149832,0.6303375411647201,0.021436775950411983,0.158534342680582,207.90265333333332,0.17718205208333335,22.517348022727273,1200.0,320.0,814.5517676767677,1.3586033074955537,30.0,15.0,9.0,cane
9cdcb8c2-b3cf-4962-8840-ecc84352b86a,140.06248516858565,152627.0841761361,69.21167266782273,40180.69438114869,397.8435456279867,79280.12353482729,175.37288881190253,1762.703601688022,0.3174019803221802,0.03702007485353535,0.46435917383571135,0.018300331964425612,0.2632688656477882,167.41955958333332,0.13400687875,22.505782674242425,650.0,240.0,678.7931397306396,0.3837245557808073,25.0,20.0,3.0,cane
9d02ddfb-6bec-486f-960f-9954a08a3789,184.30824669671009,428958.5125030581,76.11241799800166,27552.08830932668,838.260109353725,279947.05430170154,433.58645919376073,6186.914806433095,0.0511072228401936,0.012369769261174243,0.7182924831626682,0.01610902431143528,0.06423180038584146,172.20055083333332,0.13750278791666667,20.0115655155724,650.0,160.0,407.27588383838383,2.0078392033182246,25.0,15.0,12.0,cane
9d048e1d-2bd0-4e1a-abb9-1e58093e4d6e,184.9684811792162,390591.3376457601,86.33416732934953,73036.59822409126,802.6351275330246,226413.0701619862,411.8660203068518,5010.818743180892,0.16248360067597853,0.015288619802400039,0.613165523496612,0.018611415557143393,0.18699452579596731,182.59149333333335,0.15101583625,22.517348022727273,650.0,400.0,407.27588383838383,1.3586033074955537,30.0,15.0,9.0,cane
9d5b6a57-61ed-4a2b-be1c-6df6519e12bf,183.77684669714716,494511.2548796364,74.7724817507504,68247.2521446793,921.9312556773511,304098.19492878165,486.7341228652247,6718.269700972868,0.10042248560902776,0.011484469842234848,0.6689316766009786,0.015664089031848804,0.1380127832991801,170.61813,0.13732974,22.505782674242425,900.0,400.0,407.27588383838383,2.0078392033182246,25.0,20.0,12.0,cane
9dbece52-4312-4c94-9480-be65f050920b,122.40764368059038,170830.23664175734,66.7687790741988,64825.4191537285,382.82228716968655,74096.38941486528,166.22835070334986,1650.4174385418,0.30742466446580385,0.038089010068992006,0.47347914275671293,0.01716749866792271,0.37947970148645754,162.06354791666666,0.13141031208333334,25.011565351010102,400.0,400.0,271.51725589225595,0.3837245557808073,30.0,20.0,3.0,cane
9dcbd6d3-310b-479f-afdc-8e5648de01f9,153.29691188714952,398079.45249737473,64.07579112361056,38259.72539365294,740.6883463073198,244007.08183294613,377.4907056824049,5395.177553796238,0.07309504926138469,0.01148449295664983,0.6372634487450023,0.013418314650865848,0.09611327442638523,159.41552125,0.128798105,25.011565351010102,1200.0,240.0,271.51725589225595,2.0078392033182246,30.0,20.0,12.0,cane
9e939ff6-36f0-435a-9e89-c620a9e7ddfb,135.72064115555952,223443.03598103972,58.89999264033442,49417.515156983165,503.714233304185,119835.61383995872,236.60203575164448,2659.0804003269827,0.18590857865267255,0.022190523951052185,0.5568420657231692,0.014185145433087212,0.22116953533262848,154.42973333333333,0.12379899033333334,25.011565351010102,400.0,320.0,271.51725589225595,0.8028953652793002,30.0,20.0,6.0,cane
9e962a74-50d3-4994-a212-2f4909448105,100.95729461076992,329362.7778751322,44.81108587646382,44798.406222747195,508.3984875510711,173048.83522411325,235.8336565417825,3828.7765035381276,0.11687285391463592,0.011666700886752946,0.6435586215580282,0.010050685230828048,0.13601798349539623,139.99501875,0.10825230695833334,22.517348022727273,400.0,320.0,271.51725589225595,2.0078392033182246,30.0,15.0,12.0,cane
9ea68011-21d9-481b-9b55-6649cca82936,213.11201990647976,532651.089766108,100.50332088416299,63300.30638273793,984.596378318291,336486.5481676288,539.594124280569,7436.504618224598,0.09336244719884261,0.011116124928840489,0.6463958255891309,0.01967504304809338,0.11884331893159646,197.8134575,0.1667438383333333,22.517348022727273,900.0,320.0,678.7931397306396,2.0078392033182246,30.0,15.0,12.0,cane
9eac328e-5093-4413-abc5-5f5815f57297,240.73946314551486,426257.817277512,101.40375201901296,47840.770352024156,966.7833931691881,279870.51273073774,525.4929529275028,6187.39532409744,0.0854384543320707,0.016046338691761364,0.6609209326612269,0.02094525801193066,0.11223778899551629,199.33654249999998,0.16648690166666666,22.505782674242425,1200.0,240.0,678.7931397306396,1.3586033074955537,25.0,20.0,9.0,cane
9edf33dc-d00b-4cc5-8f80-1260e72900c9,154.2600654816503,203258.4470199422,54.6916018711784,24212.999901145504,511.90016446137554,123688.98921263767,240.6589837526629,2742.0040714892634,0.20759122695734425,0.020513041784522307,0.5047620458450968,0.015496199214712257,0.11912910889274671,151.33125041666668,0.11939662545833334,22.517348022727273,650.0,160.0,271.51725589225595,0.8028953652793002,30.0,15.0,6.0,cane
9efd6646-17ad-4fef-8441-8db728f57fde,121.65677220912666,329642.3283582811,47.925540877498314,22917.872582024098,573.6880190568511,193061.38937686026,270.3880692071657,4271.244549111782,0.05140666741672979,0.012783401490267257,0.7207617167942444,0.011194269440548387,0.06952483883224315,143.23670333333334,0.10895764074999999,20.0115655155724,400.0,160.0,271.51725589225595,2.0078392033182246,25.0,15.0,12.0,cane
9f22b4e0-fec4-4552-9f5f-2732ad16c67f,218.6869219438707,450337.8332238715,111.4023768899416,83714.71705867148,920.1401407334691,266448.0784344337,489.1467405934005,5891.624411916811,0.14970880427003364,0.015596620278007158,0.6503743353822076,0.022132809928068688,0.1858976629562049,209.28679166666666,0.17505451625000001,20.0115655155724,1200.0,400.0,814.5517676767677,1.3586033074955537,25.0,15.0,9.0,cane
9f8191c7-a81a-4798-b66a-71e3f0457815,183.62232629020468,238079.64035205593,80.42997327798382,28655.175931802925,591.0429018314753,146140.7566644613,291.5410502675264,3239.023636222646,0.1294342826349958,0.022320597085742844,0.5703372691815868,0.019015894603162557,0.12036372070552571,179.09484833333332,0.14734485249999998,22.517348022727273,1200.0,160.0,678.7931397306396,0.8028953652793002,30.0,15.0,6.0,cane
a02811d5-b544-4089-911c-74296a2f795d,122.00079476104895,172623.55457723537,70.15955171255031,67209.25073167133,368.51021423080545,73244.84591396901,156.44368287813535,1632.4674269471896,0.3007905476500421,0.039676545765477696,0.501407704042582,0.01769144875956121,0.3893463515792477,168.02312708333332,0.13609395791666667,22.517348022727273,400.0,400.0,271.51725589225595,0.3837245557808073,30.0,15.0,3.0,cane
a05ec33a-0eef-4449-9c58-7eca934c353b,169.12201873375616,424784.8684553255,64.40011630070805,38417.2961149679,807.8724040014619,267055.85622313287,416.36154008025585,5902.719067490703,0.061780572138646885,0.011996299108038722,0.6865703311131102,0.013822887078021972,0.09044174400197641,160.07206791666667,0.12689921041666666,22.505782674242425,400.0,240.0,407.27588383838383,2.0078392033182246,25.0,20.0,12.0,cane
a0648e0e-79ec-4231-946b-cdc3f9f4d9ba,223.7396345359985,495660.48682203324,89.42802852228294,29834.649067420673,994.7667354086187,336636.00632916886,549.2763356019724,7435.7701464294905,0.04973356747777778,0.011379388431060605,0.6528326971672453,0.01850086033093598,0.060193945279945676,186.4665579166667,0.1567217725,25.011565351010102,400.0,160.0,678.7931397306396,2.0078392033182246,30.0,20.0,12.0,cane
a09661c4-522d-4480-a766-5ca6c448d1ab,228.19889409768,383842.6133081946,97.03402675972272,31212.505587012405,875.3552502945311,254807.1617868068,463.3476009011419,5634.564439902436,0.07566830091001683,0.016514147556881312,0.6766495693879419,0.0211645857189689,0.08131832254304412,195.07816208333335,0.1605143625,20.0115655155724,900.0,160.0,678.7931397306396,1.3586033074955537,25.0,15.0,9.0,cane
a0a34e58-89bd-4a87-b8f5-4361d481f228,239.49189025199465,553949.8749422234,102.69356573719905,48078.70609241244,1084.0448938521706,370988.5228331454,609.9141154238919,8194.616868420862,0.06780660221574074,0.011065844589930556,0.6402758580822285,0.02044290749157284,0.08679540922067903,200.32794125,0.17093873291666664,25.011565351010102,1200.0,240.0,678.7931397306396,2.0078392033182246,30.0,20.0,12.0,cane
a0aad1de-969e-45aa-a209-b1b994d9476b,130.42549507559735,127335.90076194785,62.57527654797921,25728.704374252517,337.38199992846836,69397.48143820376,140.0297449686861,1545.7604127188697,0.2801086809447075,0.03792486758732114,0.4638673398401305,0.017357681104949795,0.20206017785048733,160.8044025,0.12884421875,22.517348022727273,400.0,160.0,678.7931397306396,0.3837245557808073,30.0,15.0,3.0,cane
a17ebd5a-af5b-4c09-b3c6-3c1242454097,247.30476628793437,566381.1124647408,102.02922722047458,47884.11649987542,1126.922890663292,385437.5621429042,634.660492348619,8515.388268441155,0.06227898369901094,0.011560052285721802,0.6840506199398148,0.019922905697250987,0.08454659188350887,199.51715291666667,0.16672463583333333,22.505782674242425,1200.0,240.0,678.7931397306396,2.0078392033182246,25.0,20.0,12.0,cane
a1e2f845-e235-4c6e-8e1f-085052b8aaa4,227.9302749937841,385186.2913434049,97.24392339605157,31266.73076711218,875.1981494622053,255474.82573405397,464.1089299324097,5650.214996240907,0.07722483367766204,0.01648322869559133,0.6770760146962123,0.021266284299151818,0.0811757784827678,195.4170675,0.16090476625,20.0115655155724,650.0,160.0,814.5517676767677,1.3586033074955537,25.0,15.0,9.0,cane
a23dab09-8ca8-408f-8805-2cc603807541,136.54665797954016,131306.35189070547,64.54348095120784,26064.8585304171,358.5000304399695,72901.06804154739,154.32150445029984,1621.8620241105957,0.23985168264509685,0.038529907357754634,0.466518092999758,0.0181509937118703,0.1985112427232879,162.90536458333335,0.13228992833333333,25.011565351010102,400.0,160.0,814.5517676767677,0.3837245557808073,30.0,20.0,3.0,cane
a24abdf7-3814-405f-abf1-94bf70ae1518,183.76357403897285,248738.15375773713,70.44617335049418,39937.412156341205,652.8011776585989,151823.36344477668,320.0158444963783,3364.2760819419195,0.13502438102839856,0.023746106783175503,0.6111461200411932,0.016956070779020633,0.16056464353515834,166.40588416666665,0.13304228416666666,22.505782674242425,650.0,240.0,271.51725589225595,0.8028953652793002,25.0,20.0,6.0,cane
a2cb4bf8-ca9f-4c84-81fa-7b755dbe0169,208.20084506229347,273746.7839726394,92.75368232369678,45495.06104731284,713.4824664368025,167185.4954855322,353.6984744257563,3702.1304206306463,0.14753868798175504,0.02396732472646254,0.6385012685872054,0.020681552698717433,0.16619790232327233,189.5627525,0.15486920625,20.0115655155724,650.0,240.0,407.27588383838383,0.8028953652793002,25.0,15.0,6.0,cane
a2cd7513-6553-4327-a752-9b379b58aa51,235.7525261885288,576825.7324887586,109.32439418414246,66244.97614761144,1087.8053280116624,373270.4953885891,602.7202942390641,8248.68967584812,0.08963931992966118,0.011524523053051343,0.6925024107136575,0.02155284600250314,0.1148472011373241,207.01555166666665,0.17276983166666668,20.0115655155724,1200.0,320.0,814.5517676767677,2.0078392033182246,25.0,15.0,12.0,cane
a2e4d4d5-52aa-4727-a8ca-f97a14ca0cab,203.11879807636944,303242.3634621954,101.97317540925283,64090.70243337666,725.9154704786503,175065.05689485266,373.54116988907566,3876.595369699477,0.14833485644691707,0.023185096438573236,0.622200743626168,0.020098397576615447,0.21135566997308053,200.28344416666667,0.1674096625,22.505782674242425,1200.0,320.0,814.5517676767677,0.8028953652793002,25.0,20.0,6.0,cane
a2ff9f5f-952b-44af-a307-2f413a096e49,180.8768904870315,246894.87058105145,77.40599586307057,41669.08888726623,626.8288223250298,147086.96721478895,304.7883468483634,3259.4045979026464,0.1603985478382786,0.022820411803724752,0.5813150482208438,0.01832641480548111,0.1687774328454685,173.621205,0.14176349958333334,22.517348022727273,1200.0,240.0,271.51725589225595,0.8028953652793002,30.0,15.0,6.0,cane
a30c84ef-b0ce-498e-80c5-e7f0899f3d62,197.20972202667454,287391.7243668738,87.98078525651326,59137.69559760573,714.3229113670812,167052.44180235796,362.48936247392453,3696.6223387458763,0.18146991640919616,0.021728761116287878,0.5617461833612268,0.020083447380489096,0.2057791708150624,184.80529833333333,0.15466967666666667,25.011565351010102,900.0,320.0,407.27588383838383,0.8028953652793002,30.0,20.0,6.0,cane
a320fe9b-b9ff-462d-ac04-0292e495e425,224.84713061330828,431331.9318119777,106.47735127044331,65377.88982194113,928.5319507262064,268070.2867547092,502.4350836348967,5925.263021844489,0.11871789421363634,0.015182025924726431,0.6126116293285774,0.02125738944791554,0.15157629490174815,204.30590625000002,0.17507545291666668,25.011565351010102,900.0,320.0,678.7931397306396,1.3586033074955537,30.0,20.0,9.0,cane
a338fcfe-c88c-493d-aa04-2ad1174674ef,159.38945263413402,311604.7831533678,68.09592742079224,39319.96327817748,658.6927947541546,186715.8559811286,324.0831119839945,4132.3438678054345,0.10958749579407617,0.016136848465530304,0.630378382294497,0.015392186276708276,0.12618858110089554,163.83318,0.13192686625,22.517348022727273,900.0,240.0,271.51725589225595,1.3586033074955537,30.0,15.0,9.0,cane
a350886c-63e3-45b2-9bd6-e8ecf36749eb,189.10509584313482,278776.7871333451,87.86418195580316,59030.89256356542,677.3462499769728,158848.17308075642,335.44042990825733,3518.7751466874183,0.1895441762416877,0.022309913645707072,0.5852471691414667,0.019866540597291635,0.21175434856809236,184.47153833333334,0.15286846458333334,22.517348022727273,650.0,320.0,407.27588383838383,0.8028953652793002,30.0,15.0,6.0,cane
a3882692-ceb5-48bc-828d-fd6430f39f4d,182.21511857394958,247920.42621555782,76.86527004828139,41525.296083153546,634.6673285882443,148516.99609880228,314.47588305099094,3292.9992654817174,0.14432430455710227,0.022640820110511366,0.5763030439615213,0.017787722432159463,0.16749948816894944,173.02206666666666,0.14255127458333333,25.011565351010102,1200.0,240.0,271.51725589225595,0.8028953652793002,30.0,20.0,6.0,cane
a3a48b21-5dbc-4cf9-8161-5e9f7ad5329b,180.68703091990176,273345.6415273809,88.30649080241717,59402.01821866481,641.269141975836,153295.53791509115,317.6460307439848,3394.6941751632326,0.18161719436058502,0.022494156484480214,0.5903538010187606,0.019369836063571705,0.21731919006789532,185.63130750000002,0.15412394208333333,22.517348022727273,400.0,320.0,678.7931397306396,0.8028953652793002,30.0,15.0,6.0,cane
a3a9b84b-b51d-4efc-b0c7-623cc4cf0162,216.0363191372411,544506.2741240922,103.48830045014854,64451.291938950664,993.0305066106986,344366.5470536698,550.0644151273267,7611.296741558021,0.10102735996308924,0.011060393524168773,0.6495785235580702,0.020275992392281846,0.11837003163716066,201.41028874999998,0.17045921666666666,22.517348022727273,1200.0,320.0,814.5517676767677,2.0078392033182246,30.0,15.0,12.0,cane
a40afb0b-d1ed-4410-b0ae-3712792fbd2d,138.77384503132356,184056.8780322657,77.51585640399978,69188.52881257668,426.1640565609303,81115.67417395746,190.49306781695645,1804.7523411107657,0.28322453363478534,0.03869085812215909,0.48678742511869744,0.018893378361274204,0.37591427378994097,172.97132375,0.14247481791666666,25.011565351010102,650.0,400.0,271.51725589225595,0.3837245557808073,30.0,20.0,3.0,cane
a46e2052-91d2-4150-93f1-34faac6c3967,206.60109800662858,256380.55508248098,84.13438689826306,29206.954315366616,678.8071545605017,164922.0340697784,346.3268677820241,3651.50616699173,0.09808207625412457,0.023485764506555137,0.6127076959012837,0.019153251450514726,0.11392364215420951,182.54346416666667,0.14931589458333333,22.505782674242425,650.0,160.0,814.5517676767677,0.8028953652793002,25.0,20.0,6.0,cane
a4ac01cb-0ccd-4918-800e-631622d928bb,233.79540725735558,569644.9322612801,105.95055726716271,65058.27556502744,1086.2101998984676,369553.67338497285,597.7748212206914,8167.008476627554,0.09364412401018517,0.011621142192929293,0.6975411809371947,0.021190491388129704,0.1142115105021288,203.30711250000002,0.16904292541666666,20.0115655155724,650.0,320.0,814.5517676767677,2.0078392033182246,25.0,15.0,12.0,cane
a5278f3f-3a5c-4ec2-89ba-906146e6f52f,156.82688053808553,384011.43560788786,61.963324974249865,25199.378534200485,734.5045953790947,243064.66325719652,375.44102472345253,5375.631094693046,0.05396735120978536,0.011614948587079123,0.642713551712963,0.013403959715579098,0.06562320921890467,157.49611708333333,0.12686658375,25.011565351010102,1200.0,160.0,271.51725589225595,2.0078392033182246,30.0,20.0,12.0,cane
a63397b3-f89a-4e9f-bade-517719046460,145.65985097424584,170707.84201159314,78.4250528028256,55762.717320199976,425.68941493607167,81508.94024447324,184.37998196133086,1813.5939125476298,0.2715137406972854,0.041798012721875,0.5342452775362267,0.019582658694268854,0.326661699469974,174.25849125,0.13943327125000002,20.0115655155724,650.0,320.0,271.51725589225595,0.3837245557808073,25.0,15.0,3.0,cane
a6664571-8b40-434f-8c32-31947feb694c,210.77014066860852,437285.65777839493,103.61253649884317,80572.62644650367,894.9418410057049,259093.42214267832,482.62992865116007,5727.728086061623,0.1307503982315341,0.014993330692613636,0.6083185803510627,0.020561300993750913,0.1842607032974175,201.4315645833333,0.17202135666666665,25.011565351010102,1200.0,400.0,678.7931397306396,1.3586033074955537,30.0,20.0,9.0,cane
a6926dc9-6ddb-4252-812d-afac8444c6db,174.2752849467889,240428.16958350586,73.35330255080162,40648.89222906771,607.3812847822564,142481.60918648008,298.29093299781437,3160.4547959558786,0.13653413204484424,0.022732839634701175,0.5710011247694654,0.01703497876920041,0.16907447659458388,169.37038291666667,0.13884471208333335,25.011565351010102,900.0,240.0,271.51725589225595,0.8028953652793002,30.0,20.0,6.0,cane
a69dbbd9-464d-44db-8289-ea2702c26c15,189.10623318656585,232044.97107462367,67.48900146576776,26251.841871384822,630.1417013240024,148743.06359247837,310.4381147827018,3296.423316486195,0.1405970478595118,0.022181265053377527,0.5551475528300189,0.017099433398293083,0.11313698540008155,164.07401208333332,0.13067857041666667,22.505782674242425,1200.0,160.0,271.51725589225595,0.8028953652793002,25.0,20.0,6.0,cane
a69fd049-7630-41e5-a4ee-6bf9ce4def29,180.6281230927888,257536.4923032286,87.85963901983067,44723.245106762704,604.238227394118,148601.08345695934,298.8976908606631,3292.790058975857,0.15565019508453284,0.02205173650741793,0.5715129924277988,0.019403336756083592,0.17366247761712114,186.34685416666665,0.15476465875,22.517348022727273,1200.0,240.0,678.7931397306396,0.8028953652793002,30.0,15.0,6.0,cane
a6cea322-9978-411d-9fb9-3ed774c1ecb6,238.21451468272002,450316.91229454806,109.0221756854934,66184.81558200874,986.5261513066681,284778.528083561,536.8398091018075,6296.426643950274,0.09661707059594907,0.015918309003461698,0.6573082821185922,0.02122556486767652,0.14697740049214655,206.82755125000003,0.17426026166666667,22.505782674242425,900.0,320.0,814.5517676767677,1.3586033074955537,25.0,20.0,9.0,cane
a6cf2b80-7692-41a1-8e52-a867db4eeda7,185.22515153286366,286552.16867741355,92.74462803582769,61226.650169953034,658.5997801515251,160627.02107524555,334.5967419061297,3557.466428510526,0.15798303590130472,0.02187742964429714,0.5723281077532933,0.019812791339718402,0.21367182586331537,191.33328333333336,0.16142420958333334,25.011565351010102,1200.0,320.0,814.5517676767677,0.8028953652793002,30.0,20.0,6.0,cane
a715a1a1-ec13-4993-90d1-05fc81d3b9fc,210.19948830538078,323578.4323626838,95.17774247461452,76586.9121413075,807.2428396598983,185615.82462999018,410.85183368161495,4107.470072517867,0.17682988178619527,0.022947615670012623,0.6140555839716224,0.0205253832010906,0.23669282911303444,191.46728041666665,0.158358585,22.505782674242425,900.0,400.0,407.27588383838383,0.8028953652793002,25.0,20.0,6.0,cane
a728d37d-e5b8-4a3b-b76d-d75058ac383a,182.4710860445086,426991.01684442,74.86506469933322,27391.47526411115,822.0934367637776,276277.6489766392,430.6383604784485,6107.2758438943965,0.05908684920178872,0.01159796499950547,0.6570564783022097,0.01607490087466841,0.06415183665650138,171.19671874999997,0.13946922458333333,22.517348022727273,650.0,160.0,407.27588383838383,2.0078392033182246,30.0,15.0,12.0,cane
a73a4575-aa97-45ee-b0e1-39a71fb142b0,159.46358281141033,180714.03581161494,91.19615645411471,59844.82885601218,455.44298584286827,86352.95577946103,200.8016355105867,1920.3735892787502,0.2602798373566919,0.042236002280566086,0.544750561633891,0.020939238546772165,0.33116257773882635,187.01509208333334,0.15224401583333333,20.0115655155724,1200.0,320.0,271.51725589225595,0.3837245557808073,25.0,15.0,3.0,cane
a7fde29a-1ea8-4c79-8ebf-9ca743ee5da7,177.16603275881326,264316.36010933964,76.10661908033607,54958.1126284259,659.0667763403728,152600.696868814,322.28961854528507,3379.7974550271756,0.1722463438368582,0.023050332433522728,0.5952647686289035,0.016993253955735168,0.20793083110211433,171.74410208333333,0.13836753999999998,22.505782674242425,900.0,320.0,271.51725589225595,0.8028953652793002,25.0,20.0,6.0,cane
a8224884-4cc7-4b1b-8fa1-d428d7b75c10,201.6474403065692,255600.74150376444,81.80023038128846,28893.192364825052,665.7004821391595,163266.52447751482,339.4093301694504,3614.718401494322,0.10432631537582071,0.023018380387236956,0.5975893920700653,0.01910866340633052,0.11304461078824131,180.58245166666666,0.14728525791666666,22.505782674242425,1200.0,160.0,814.5517676767677,0.8028953652793002,25.0,20.0,6.0,cane
a8476166-b142-49d9-9046-4fc30265eb79,188.63896073623354,310372.1991315531,101.47942628551296,79851.39132971565,691.3338545619287,166483.88184778308,353.33781087001165,3686.519850204823,0.17597760390624997,0.02166272056275252,0.5685582924375631,0.02026622055798097,0.2572817752264717,199.6284775,0.17009116958333334,25.011565351010102,900.0,400.0,814.5517676767677,0.8028953652793002,30.0,20.0,6.0,cane
a8ac81d0-0d01-4d84-8439-48e9d34e1500,172.4338326878491,219370.63761502734,60.81439331615112,25263.911294958623,568.884734442155,136707.2546200326,279.7027662561115,3029.5638155915494,0.15359855159726432,0.020941758542098066,0.5121694658804504,0.017106993196656962,0.11517010319961507,157.89944458333335,0.12732012708333332,25.011565351010102,400.0,160.0,407.27588383838383,0.8028953652793002,30.0,20.0,6.0,cane
a9679a2c-2071-40e1-9a6a-67fd661213c6,131.6870856667823,143207.21040794984,62.25695351999715,38114.36408635443,368.1529156070303,72860.2999426044,153.96769817329735,1622.2637405233988,0.35205370564930555,0.036236457398242855,0.4519171390587121,0.01739077616886532,0.26615585883128984,158.80985208333334,0.12409383229166666,20.0115655155724,650.0,240.0,271.51725589225595,0.3837245557808073,25.0,15.0,3.0,cane
aa090ded-6676-436d-97bf-0d8053fb7fc8,151.74696397944066,260438.497359605,73.4209225796462,68084.56726480134,573.1927446480585,136044.37588070479,274.42229730826153,3014.7379781993973,0.21617044178056607,0.02254007923366162,0.5847290681044822,0.016824252849602137,0.2614284860131576,170.21141833333334,0.13833909708333333,22.517348022727273,650.0,400.0,271.51725589225595,0.8028953652793002,30.0,15.0,6.0,cane
aa4f5eaa-4e6d-42d5-a742-65add41467dd,216.9972278727482,258819.91926577792,90.95016799789884,30151.946132855624,702.4262596116909,166707.73777194522,350.58135409412597,3693.5467673919775,0.11014834713073443,0.024316353227156987,0.6413423112691078,0.020785593925449333,0.11650095529899689,188.44966375,0.15371437000000002,20.0115655155724,1200.0,160.0,407.27588383838383,0.8028953652793002,25.0,15.0,6.0,cane
aa774678-a0a3-4301-90f4-7a3cf7b7705a,144.6589615824523,174304.1735324177,82.88661112909571,57804.82467836596,419.6064573742158,82438.25367470265,187.52060028628958,1833.5446496168413,0.24008799702420033,0.04110940380666035,0.5232245587524095,0.018502542360424167,0.3316369204626854,180.64007666666666,0.147321815,22.505782674242425,650.0,320.0,678.7931397306396,0.3837245557808073,25.0,20.0,3.0,cane
aa7d2e82-e9f7-4558-8a5f-8cc9b95a451f,200.93757569393875,276781.13115696964,87.04649238040926,44520.6398929162,695.439780163282,168673.6348187285,356.03118688033624,3734.5207482136534,0.13962253787207493,0.0227223786712016,0.60101275789637,0.0195149785634139,0.16085534494350928,185.50266416666668,0.15229288208333333,22.505782674242425,900.0,240.0,814.5517676767677,0.8028953652793002,25.0,20.0,6.0,cane
aaba34d4-8a3b-4945-ae99-e7eacdc3327e,183.591367920398,237318.02689000487,82.01660621108664,28893.274123475105,586.7646566472366,145001.35681119806,289.01264167509424,3212.753182490456,0.11997359804988426,0.022503559013362793,0.5776767999304713,0.018901025425308,0.12175267506121824,180.58296125,0.14888112791666666,22.517348022727273,900.0,160.0,678.7931397306396,0.8028953652793002,30.0,15.0,6.0,cane
aba8888e-48a2-4cb1-9b8e-c23299c8dd1e,224.66282832309997,377568.5075500791,91.24655964428229,30256.62635839048,867.9855175063378,251630.31779055778,467.1937080582942,5568.61210354179,0.07200438193766835,0.015614007152114898,0.6193827951453703,0.020161425301581062,0.0801380158862076,189.10391458333334,0.15936001958333335,25.011565351010102,400.0,160.0,814.5517676767677,1.3586033074955537,30.0,20.0,9.0,cane
ac372bc2-be61-43c3-b305-02be1c391ae3,202.022968000737,246111.55450742142,80.92919181023508,28557.92753015073,652.0421956021132,155855.59525198844,324.19735762649964,3452.772694340349,0.1284626691530198,0.022671904327230638,0.581018083601368,0.019826379696967496,0.11604012924313438,178.48704708333332,0.14673442083333332,22.517348022727273,900.0,160.0,407.27588383838383,0.8028953652793002,30.0,15.0,6.0,cane
ac62b6b0-0dc9-400e-952b-d5404c8f6a9d,132.65527045752833,133470.93011968807,63.16844902318661,25983.84294697631,355.05946451836655,73242.90567116557,150.2118818436968,1630.0992000504727,0.23743839233927813,0.03804805089047769,0.4650105299518203,0.018543118003377018,0.19468577341274687,162.39901833333332,0.13171842250000002,25.011565351010102,1200.0,160.0,814.5517676767677,0.3837245557808073,30.0,20.0,3.0,cane
ac8ba18c-c944-4b47-9bbe-b53927cb3862,148.3795949222241,175055.4327199612,89.048468165443,59546.56455609424,414.9789103875171,81001.16277972025,180.5218086309283,1801.8618231862838,0.27386431492455815,0.040919721610058926,0.5270720188796191,0.019756425101391972,0.3401635185183172,186.08301583333332,0.15130313,20.0115655155724,1200.0,320.0,407.27588383838383,0.3837245557808073,25.0,15.0,3.0,cane
acfde310-f2af-46e5-ab5d-eaf406e9e102,129.69588774033517,180204.30103568695,79.74463231046175,71453.67965620189,380.82802566352456,75988.91187846843,164.33197152629936,1691.275715743234,0.3303027475175716,0.03791456878257576,0.47900002994889523,0.018569466997921467,0.3965205130827962,178.63419958333336,0.14686129,22.517348022727273,400.0,400.0,407.27588383838383,0.3837245557808073,30.0,15.0,3.0,cane
adb2e374-cb38-4753-9532-42c0d341a29c,211.98234495699313,405899.5039539572,93.42932179726613,60864.32498802577,888.969475892562,251435.56457411105,472.56792832662666,5561.528312180274,0.11604880859261363,0.015456403343297556,0.6193142007573547,0.019657440908898826,0.149953245313819,190.20101624999998,0.16029265166666665,25.011565351010102,1200.0,320.0,407.27588383838383,1.3586033074955537,30.0,20.0,9.0,cane
adc32bc5-ed8d-45b4-900a-e49f3466fb23,194.33551839514521,265973.45979605924,91.2938223501166,45393.95404091376,660.3111164853836,158906.207057633,328.17918690882743,3520.80669446656,0.15114230626836067,0.02333841488679503,0.61531389476129,0.019923132582929593,0.17067507367109988,189.14147541666668,0.15445139041666667,20.0115655155724,650.0,240.0,678.7931397306396,0.8028953652793002,25.0,15.0,6.0,cane
ae2915ab-178b-49f2-91aa-f4a9084ddcd2,167.94655538816286,342400.1347417208,68.97511801374984,52607.2873956899,731.4583219229876,204156.2060465647,365.2550712046906,4516.728407918157,0.10381981990520833,0.016626576718949914,0.6638487249496738,0.014998232005438159,0.1536461392867619,164.39777208333334,0.1310477725,22.505782674242425,900.0,320.0,271.51725589225595,1.3586033074955537,25.0,20.0,9.0,cane
ae3083e9-3174-4bb7-81cd-6f56e2759d8c,204.16210658026552,539291.5673356026,97.81635835059144,77931.67439573641,972.4177762185134,330088.461147692,529.3277205998226,7295.933142194984,0.11423812711809761,0.011047520695773359,0.6448065323261785,0.01921376534198027,0.14451103981056657,194.82918291666667,0.163698605,22.517348022727273,650.0,400.0,678.7931397306396,2.0078392033182246,30.0,15.0,12.0,cane
ae8f3ec0-7215-465b-afba-de3783f35545,154.48017019698932,179763.11800135777,87.29391511949942,59031.87060174579,444.8145403113197,85931.30630884967,201.048412248312,1910.6282863909062,0.2424662756170034,0.04092515516453073,0.5231603780999999,0.019322738825076704,0.32839243298178566,184.47459583333332,0.15120153291666666,22.505782674242425,1200.0,320.0,407.27588383838383,0.3837245557808073,25.0,20.0,3.0,cane
af0570ca-eac2-40cc-8946-be22c8a8f10e,220.55945979746733,523284.4695171087,101.72108867491959,47860.48402282232,988.791410062702,341018.9124215381,545.4807484536203,7536.168016728911,0.07463863943230219,0.01128409205747054,0.655567142023569,0.01999989043503361,0.09146444105699729,199.41868375,0.1683842491666667,22.517348022727273,1200.0,240.0,678.7931397306396,2.0078392033182246,30.0,15.0,12.0,cane
af075b1f-f311-4cc6-ac03-7cdba340cf91,136.6786849625037,130237.95965698158,65.33389152874491,26137.392256348092,347.68510787112945,70873.33420834504,145.7630431792924,1578.4543053329762,0.2796457732771991,0.03769386462653619,0.46391440197299033,0.01790413327778464,0.2006958956224922,163.3587025,0.13137626458333332,22.517348022727273,650.0,160.0,407.27588383838383,0.3837245557808073,30.0,15.0,3.0,cane
af1078b1-1c21-4e07-83f8-15df716d682b,198.37345240661944,249511.14867540394,85.62457082331146,29460.983772478616,642.9936187069072,156926.87870605025,325.88177462028096,3476.877384117314,0.10132075704687502,0.022296550061374154,0.565715405935322,0.019687805393141276,0.11807872566955367,184.13114791666666,0.153986245,25.011565351010102,900.0,160.0,678.7931397306396,0.8028953652793002,30.0,20.0,6.0,cane
af8bf012-b13c-4811-bb1e-012c83bd5941,219.4299783075912,390088.7305481269,95.63293118398465,46162.02291729499,885.6869661826718,250588.2670191537,459.67819305755125,5541.509088370897,0.09112457971133206,0.01694621242097012,0.6974882257299346,0.020459014921958837,0.11834015631598761,192.34176333333335,0.15769370041666667,20.0115655155724,1200.0,240.0,407.27588383838383,1.3586033074955537,25.0,15.0,9.0,cane
afda2514-c120-40d8-ab04-dd137356e892,197.17348437498833,241250.89417413445,75.26254339188478,27625.21437594718,638.8013067442824,152536.85508583093,321.2945159577988,3378.9892063018756,0.10972999667512627,0.022298181567645202,0.5652218888382575,0.01890701803420183,0.114511624218659,172.65759208333336,0.14222882125,25.011565351010102,650.0,160.0,407.27588383838383,0.8028953652793002,30.0,20.0,6.0,cane
afdc3d48-ce9b-4c18-9572-61bc6b868d59,211.83974674261924,379354.59765771806,90.43189224308546,44856.604892076335,861.3392143221414,242817.59409780588,443.4169817572562,5371.631735549791,0.1004143185111532,0.016780978291487794,0.6839015971063448,0.01975108473523822,0.11824773141674433,186.90251999999998,0.15223440541666666,20.0115655155724,650.0,240.0,407.27588383838383,1.3586033074955537,25.0,15.0,9.0,cane
b0349e55-3ce2-4683-ac2d-ad4fded959b7,187.51817269808973,457743.26588238607,78.81351845849723,42029.044954145975,874.7065159352187,292733.153312763,468.8308196867193,6471.927718972907,0.06915030596102693,0.011280716072790404,0.6371066283530618,0.016121990307497447,0.09182060234615173,175.12102208333332,0.14482817750000002,25.011565351010102,900.0,240.0,407.27588383838383,2.0078392033182246,30.0,20.0,12.0,cane
b052d8e0-64f5-4677-928d-08d28cabf436,176.57129401151016,482063.3983674909,77.1133629633948,69220.15808675355,875.3350576513358,289931.52387652005,464.4746349527826,6407.149192208908,0.10727634348065025,0.010925966975568182,0.6200553010346695,0.01590520446922694,0.14359507393861318,173.05039499999998,0.1427088125,25.011565351010102,900.0,400.0,407.27588383838383,2.0078392033182246,30.0,20.0,12.0,cane
b070ba68-4da0-4675-bb3a-86c536ca0e32,225.05012833492466,424231.3315270015,98.46260161505228,62479.430360878025,947.9074772128102,268286.57740400214,505.5259475865856,5932.229146281898,0.0986571957525042,0.01619382032689394,0.6597892870219907,0.019648815522473297,0.14728067905789702,195.24821875,0.16241922041666668,22.505782674242425,400.0,320.0,678.7931397306396,1.3586033074955537,25.0,20.0,9.0,cane
b0d13adb-4295-4284-8457-b921626b40ae,184.4728260495661,257805.97393224481,88.888280462548,44860.06169590919,619.3217009246084,150574.49836728288,306.99496256308936,3335.527163983072,0.15640231951555136,0.022326872418728955,0.5792756197169403,0.019428195168820824,0.1740111246671615,186.91692333333333,0.15539014083333333,22.517348022727273,650.0,240.0,678.7931397306396,0.8028953652793002,30.0,15.0,6.0,cane
b0fefc46-1080-4174-aea9-c285780c8716,173.798821243154,285123.87581646204,82.57241570313455,71974.01028975913,657.6456992499479,155004.2273123778,321.4273605330325,3435.8636413491913,0.20868056384190867,0.02336000146534091,0.6222576290139415,0.01900407885969631,0.25243664360468543,179.93502625,0.14519850125,20.0115655155724,400.0,400.0,407.27588383838383,0.8028953652793002,25.0,15.0,6.0,cane
b1005332-23e2-472e-81b2-8acaf884cb14,200.52165055214007,318517.6841193515,105.94224112621416,81339.60845085062,734.6515860834947,173607.24469640173,376.6913503173755,3840.3070666801505,0.1809203504837437,0.021831693236395205,0.5777497026171613,0.020893908631052904,0.2553737011826567,203.34902083333336,0.1740168158333333,25.011565351010102,650.0,400.0,678.7931397306396,0.8028953652793002,30.0,20.0,6.0,cane
b1c5ad38-0ab0-4d8e-b642-0d4c6b84754a,114.14984627393478,334656.43638547015,45.81240125431669,33846.829591442605,556.0049520199933,187152.6651166106,259.33032466608125,4141.197908686491,0.07538804954376052,0.012706744546043772,0.72079989728629,0.010859474262886339,0.1011410776118845,141.02845541666667,0.10680299141666666,20.0115655155724,400.0,240.0,271.51725589225595,2.0078392033182246,25.0,15.0,12.0,cane
b1e69c1b-7eab-41ed-b85f-0ba8f6b1249d,191.67669398085164,442028.7091046061,79.01678739691465,28078.91832239222,862.923470111817,290172.4273593491,456.47077953076166,6413.286652355295,0.06125177040264101,0.011558804491582492,0.6573233171717698,0.01689357208968354,0.0635247054235633,175.49323875000002,0.14375239458333333,22.517348022727273,1200.0,160.0,407.27588383838383,2.0078392033182246,30.0,15.0,12.0,cane
b2127908-6b55-4960-91e8-27fa9fab87a2,247.61407219705896,542133.4930374707,109.59175569336901,33179.464474488705,1080.396155015631,371728.18837303785,599.1205350503093,8213.109141983676,0.049321853085132566,0.011972067236258419,0.7154670488908355,0.021524993963898044,0.06120341397169074,207.37165166666668,0.17317065291666667,20.0115655155724,900.0,160.0,814.5517676767677,2.0078392033182246,25.0,15.0,12.0,cane
b246ca2e-09cc-4709-9071-141a9655ff4c,197.0489792551451,250030.08412309524,86.17358132798603,29576.845990866295,637.5440304546363,156298.61151540125,322.89301969170504,3464.955968715211,0.10256263433541667,0.022318894185585015,0.5708536413112479,0.01967534772537259,0.11829680877978103,184.85528833333333,0.15471512708333332,25.011565351010102,1200.0,160.0,678.7931397306396,0.8028953652793002,30.0,20.0,6.0,cane
b257232d-9511-49b3-b2ac-12c773698377,201.31640772111928,393219.3796350415,94.08337368891205,61144.58836140589,834.8478667424585,238611.4255353805,436.2074595295751,5279.809747911017,0.13062180435165194,0.01558240947404251,0.6271401078849222,0.019801906160311446,0.1555015238089257,191.07683958333334,0.15983554875,22.517348022727273,400.0,320.0,678.7931397306396,1.3586033074955537,30.0,15.0,9.0,cane
b2705b43-e179-48d2-96b9-b0c3d100b669,203.96086953882855,485934.018424175,83.4247564467846,43195.24936065804,941.6388033707156,315619.3060368672,500.0143923287901,6975.51544004809,0.07400595939175085,0.012030388915109425,0.7094186553916244,0.01801754644497135,0.08889361665572848,179.98020375,0.14543053125,20.0115655155724,400.0,240.0,678.7931397306396,2.0078392033182246,25.0,15.0,12.0,cane
b2bdc220-1107-442a-abf8-b80574ccdda7,153.6625250453837,379461.2316989052,63.76993476290965,25489.394580387267,715.6053819262778,237816.86670413974,359.3298844674279,5259.422585776275,0.05899456115569235,0.011892548005923822,0.664825732457197,0.013827179832887716,0.06717429083723318,159.3087175,0.12738144708333335,22.517348022727273,1200.0,160.0,271.51725589225595,2.0078392033182246,30.0,15.0,12.0,cane
b2cf2046-05bb-45e8-9b37-7464d65364aa,217.50553237896906,517077.33826962434,101.43667459785716,47761.07136878982,976.7727625822955,336196.0028845235,537.1831716414338,7428.3052163938655,0.08026554689992632,0.011272205859343437,0.6558298089869319,0.019769191266359957,0.09237006777198176,199.00446541666668,0.16798497083333333,22.517348022727273,900.0,240.0,678.7931397306396,2.0078392033182246,30.0,15.0,12.0,cane
b2fc6e77-2b24-4434-b115-4fe766e7b574,242.91258696769006,586358.2386529964,102.23943522658818,63883.67150349284,1138.7037891523719,388342.78887334093,640.8757749638661,8581.600796707447,0.07729518518178662,0.011369342720233584,0.6752824468569129,0.020035771135905687,0.10895337945424018,199.63647416666666,0.16694621541666665,22.505782674242425,650.0,320.0,814.5517676767677,2.0078392033182246,25.0,20.0,12.0,cane
b32d6ae1-f3e5-43f8-a323-702c97cc9daa,211.11288889050326,417287.29667072574,108.13159589244776,66030.88469284282,857.368842946296,251217.56097982335,455.9235915821705,5558.110557235007,0.1269126657625421,0.015319790834501265,0.6227681871552609,0.021350157400871102,0.15824283041616208,206.34651291666668,0.17558093125,22.517348022727273,900.0,320.0,814.5517676767677,1.3586033074955537,30.0,15.0,9.0,cane
b3ecd61f-1cff-4684-a4c9-da521507f715,210.92633499450537,560138.7577492342,102.76374072665742,80251.66300173626,989.4606499169356,342731.49147663167,547.4490219768733,7575.481197570275,0.11865806494123526,0.01078549793462858,0.6326777558243056,0.02019645481529319,0.14327485417662808,200.62915583333333,0.16965336833333333,22.517348022727273,1200.0,400.0,814.5517676767677,2.0078392033182246,30.0,15.0,12.0,cane
b49a3cfc-3498-4bc2-839b-7a889d032e8e,145.91098839116532,133469.0146428918,65.57741964768373,26038.159456660953,373.1351635610012,74120.83934759563,159.37356219442418,1649.6203029782682,0.2809828983248632,0.03786470079192971,0.4651442752240109,0.018504631902572323,0.19509414398793223,162.73849541666667,0.13074499583333335,22.517348022727273,900.0,160.0,271.51725589225595,0.3837245557808073,30.0,15.0,3.0,cane
b4f943ae-4b19-4cb3-939b-299923d44148,209.15997012991468,354168.70206314296,84.52426016530467,29072.296503405687,813.93158389041,233619.97774206393,430.955860959229,5169.4008342513625,0.08317378320436658,0.015360198342255894,0.5977329179963593,0.01881729391414401,0.08208940144432261,181.70185458333333,0.15150877041666666,25.011565351010102,1200.0,160.0,407.27588383838383,1.3586033074955537,30.0,20.0,9.0,cane
b5ad7b20-8455-4557-bff4-38d3446cf44d,196.85744781339125,239211.83417049472,70.27917100573967,26740.06864191059,655.8246719427635,154876.76192655545,326.3747123176949,3430.5148721348382,0.1286159640032407,0.022842005374189813,0.578269995573022,0.017699301897243683,0.11178813357512125,167.12543,0.13381877166666667,22.505782674242425,400.0,160.0,407.27588383838383,0.8028953652793002,25.0,20.0,6.0,cane
b5b41dd1-5f6d-4fe7-8278-43f5f5cfd310,146.53143703783155,171254.06903767647,79.17843422390048,56001.18666417026,426.50842868164284,81504.9745927685,191.5884143267785,1815.534689779982,0.2729167224116162,0.038902522985058925,0.48610734409360273,0.01927958522768533,0.32701255407335644,175.00370791666668,0.14455140791666668,25.011565351010102,650.0,320.0,271.51725589225595,0.3837245557808073,30.0,20.0,3.0,cane
b5ff39d5-0092-465e-8d0e-bbf337588ac7,233.94958824632312,419821.4490507928,114.05893776137448,50910.393021183474,923.6539855939274,268434.1783423531,492.44182987567615,5936.849172917944,0.08595682430279883,0.016530636169633836,0.684822789787037,0.02241089515802134,0.12126979672097592,212.12663625000002,0.17801822458333336,20.0115655155724,900.0,240.0,814.5517676767677,1.3586033074955537,25.0,15.0,9.0,cane
b618af5e-c46e-45c1-b47d-68237c551ce3,183.38495621588106,472958.27070125774,79.64285234031017,56258.599005658325,880.6375725977388,293574.1886332568,470.7585763044859,6489.074190669683,0.08741674233886783,0.011112142506081649,0.6311162616621001,0.016178685386710575,0.11895348681933221,175.80812,0.14549344208333334,25.011565351010102,1200.0,320.0,407.27588383838383,2.0078392033182246,30.0,20.0,12.0,cane
b6203100-7ebe-42ce-ab11-4ab374d62de7,179.65077861134225,288401.19988709467,78.8388821051441,69721.64737206513,701.4386019209832,160841.66547900075,345.2678460212846,3562.13932331955,0.18826978778025044,0.022996777723505894,0.6054332704024307,0.017764603303200413,0.2417578407659514,174.30411916666665,0.14093105,22.505782674242425,1200.0,400.0,271.51725589225595,0.8028953652793002,25.0,20.0,6.0,cane
b62de816-8ec0-453b-91b8-3e0a5f6f8cf1,144.00090022835127,151399.96662706998,65.93105294577475,39075.473571404655,403.29056205225424,78570.13167325269,179.44767887253818,1749.2370165921557,0.33085474543844695,0.03589940665090488,0.44663765601233163,0.019426788095702606,0.2581030354889136,162.81447333333332,0.13213469375,25.011565351010102,1200.0,240.0,271.51725589225595,0.3837245557808073,30.0,20.0,3.0,cane
b700f237-0027-4ab5-9941-71cd08e5812b,230.68885444570532,385601.06657098414,94.38956776913464,30776.186346288287,886.9339686547862,257274.92526215198,478.2624943802217,5688.034943944108,0.06964278586289982,0.0155953222879314,0.623211430736595,0.020666744198163313,0.07981626596854816,192.35116541666665,0.16262328041666665,25.011565351010102,650.0,160.0,678.7931397306396,1.3586033074955537,30.0,20.0,9.0,cane
b72ba5fd-5a34-4b70-b179-75b9ba07f6d3,139.28383186664416,188717.98792457348,90.71605155019527,76056.47114996293,394.8244845780192,78645.06639868736,172.70403984783042,1750.7834244051646,0.3154815048577441,0.03804993849328703,0.48489356941753997,0.019532347364894887,0.40302128275551447,190.1411775,0.15863388625,22.517348022727273,650.0,400.0,407.27588383838383,0.3837245557808073,30.0,15.0,3.0,cane
b76944c0-29bc-4d80-a47e-b5520a54f38c,134.870278277422,165172.53925765736,78.55922226017074,56186.444372446276,386.9641144626141,76439.75308677631,165.09210454326754,1700.5611717629456,0.27642145741866586,0.041373552100536615,0.5264836134311343,0.018354205717120705,0.3401732941699327,175.58263624999998,0.14077644250000002,20.0115655155724,400.0,320.0,678.7931397306396,0.3837245557808073,25.0,15.0,3.0,cane
b78ef842-cd26-4bc2-b961-2f8a869921d3,199.35659859253755,243159.06499811728,78.25955309163105,28105.925700999793,643.1827462621633,153498.66496284286,318.8098374807821,3402.0995479176086,0.12583064150864898,0.022712935336458333,0.5826318197811974,0.019495518839079354,0.1155903309808232,175.66203541666667,0.14388237,22.517348022727273,650.0,160.0,407.27588383838383,0.8028953652793002,30.0,15.0,6.0,cane
b7af5937-00da-40bf-93c4-d7aefd6f0a8a,196.55061916651522,263233.71719152806,85.62027204473155,43808.628163321504,671.7043673824194,158386.24238488704,333.47676159757805,3509.690081291657,0.15636325283787877,0.022679512630523993,0.5866381649311238,0.01995038059552508,0.16642914537405604,182.5359479166667,0.15089003958333333,22.517348022727273,650.0,240.0,407.27588383838383,0.8028953652793002,30.0,15.0,6.0,cane
b83722a1-d783-48c8-a07e-ec4991f1cee3,213.3305380989599,278980.7881087142,95.07865630379115,46088.90120323019,732.4161999649608,171589.25488991203,365.31204014695595,3801.1433433397974,0.15595244289611743,0.023564169248369106,0.622413079338005,0.021258032813789764,0.16520923445433985,192.03708874999998,0.157359515,20.0115655155724,900.0,240.0,407.27588383838383,0.8028953652793002,25.0,15.0,6.0,cane
b83b2332-0624-4c38-93e4-a94d34b5fb24,157.53199447761838,426181.4256676996,65.37066556767653,51513.475965863625,766.7524003985937,253811.05973058476,385.34664396137964,5612.430822312083,0.09056080520462961,0.01213291368247054,0.7041445829523674,0.014582914816541316,0.12087492048619608,160.97961208333334,0.12643921041666667,20.0115655155724,400.0,320.0,407.27588383838383,2.0078392033182246,25.0,15.0,12.0,cane
b90b05af-cc80-4db7-8c02-431536f96d5b,223.6386840125188,394034.9681427901,89.12531461582276,44539.184317798,917.0735590241189,257738.00106965366,483.6881943184766,5702.335024565022,0.08979340626753998,0.016355862315035778,0.6612488202722326,0.018908943426598334,0.11303667027636745,185.57993375,0.1524099691666667,22.505782674242425,900.0,240.0,407.27588383838383,1.3586033074955537,25.0,20.0,9.0,cane
b91f291d-e0d8-45bb-991b-e2d9ce265762,226.56993913724665,266058.64828802773,85.79591339641789,29301.878733659058,741.7184365879799,174824.2388589755,378.6564710796161,3871.334586783938,0.09799542915506103,0.023660471286752947,0.6166227743099117,0.019969752670347944,0.11013643495745844,183.13674375000002,0.14987905166666668,22.505782674242425,900.0,160.0,407.27588383838383,0.8028953652793002,25.0,20.0,6.0,cane
ba024a27-d0c7-4efb-a667-587c930361c7,215.02232284601666,394767.0502175453,101.81232073358683,47974.872706169,846.5497309767121,247436.80037410883,449.0615140487743,5474.3649716298605,0.09718449205214647,0.01565619124660143,0.6329917715307448,0.02096839921515688,0.1215303018687297,199.89530333333335,0.16889360083333335,22.517348022727273,650.0,240.0,814.5517676767677,1.3586033074955537,30.0,15.0,9.0,cane
ba276e88-a7f8-44f0-9963-db2e9bb1a7a5,147.29643896146612,136733.0494997416,68.45895586264025,26667.08649821284,379.12395901468045,76062.05750152888,166.23876996011393,1694.8110528368234,0.24207201391614058,0.038124576273295456,0.466224174887784,0.01920188228988766,0.19503770580346644,166.66929125,0.13604794791666666,25.011565351010102,900.0,160.0,407.27588383838383,0.3837245557808073,30.0,20.0,3.0,cane
ba534d1c-c197-45ae-877c-90f25d33f394,181.0981230081991,468511.12705200067,78.32190629710041,55802.88214154608,872.38655638127,290159.1778576901,464.5629606092082,6413.999293090835,0.08939722255777567,0.011108788324179292,0.6302115476736954,0.015974486197924048,0.11910993356965947,174.38400708333333,0.14406606,25.011565351010102,900.0,320.0,407.27588383838383,2.0078392033182246,30.0,20.0,12.0,cane
baa5633e-99d9-4a56-a129-140590a32e34,226.70166169699905,563280.3161541085,102.00777745660523,63988.26239191936,1049.8844909807372,363068.85694469017,592.2470075673607,8022.434565666542,0.08248096892485271,0.010830258560479797,0.6272157766666245,0.020160734898912062,0.11360281040830382,199.96331999999998,0.17056532,25.011565351010102,1200.0,320.0,814.5517676767677,2.0078392033182246,30.0,20.0,12.0,cane
badda81f-0aa7-41ea-b753-27360a71d07b,132.46554483907113,146211.9709178375,63.05228638406455,38595.93301940435,378.75483462683854,75724.14287965279,164.8749349823061,1685.0515956221298,0.31667914531802405,0.03691253810248317,0.45731887385777564,0.01733821471035693,0.2639805831926663,160.81638791666666,0.12745186375,22.505782674242425,400.0,240.0,814.5517676767677,0.3837245557808073,25.0,20.0,3.0,cane
bafe2ca9-6f4e-4c08-95c2-80d4bfff0b75,221.08208005301213,497578.5345498174,95.26747329123783,30874.8771753481,967.1557733736906,333671.89012224687,532.1398558931949,7374.497902761839,0.055452697860406144,0.011497420410553454,0.6667447396025463,0.01958278299836956,0.06205214467941281,192.96798208333334,0.16172920500000001,22.517348022727273,900.0,160.0,678.7931397306396,2.0078392033182246,30.0,15.0,12.0,cane
bb0332bb-2812-4743-90e5-691425834fc7,122.99320090708854,179832.01533686844,82.62026557773319,73474.62907425562,343.7857516562453,71772.20258497029,144.86225796604393,1598.5775311141003,0.3100549586959175,0.03798682521518308,0.4861053692607639,0.018011830183644592,0.40857787997883266,183.68657208333332,0.152004065,22.517348022727273,1200.0,400.0,678.7931397306396,0.3837245557808073,30.0,15.0,3.0,cane
bb19e0a9-db9c-4c08-a446-44c2f4656887,219.2787364628181,549861.1140775842,104.13957285760694,64648.27664789004,1007.4835142429464,348708.37406211713,558.7326891420038,7709.337090507586,0.10195723580551347,0.01097853592289562,0.6423996395926871,0.020511899626940736,0.11757543867662418,202.02586374999998,0.17114592250000002,22.517348022727273,900.0,320.0,814.5517676767677,2.0078392033182246,30.0,15.0,12.0,cane
bb335229-9904-4b19-94ac-8a53a27df84d,199.49904067336632,502912.95000404073,83.13447090492151,57522.878329329986,949.024124345801,318364.1094983371,516.8596131002909,7036.189074658226,0.08805962107573655,0.011075401410458756,0.6363055615649515,0.017409637043157854,0.11438267532757357,179.758995,0.14979133958333332,25.011565351010102,400.0,320.0,678.7931397306396,2.0078392033182246,30.0,20.0,12.0,cane
bb6540a4-9392-4f17-8543-014eacceae6d,210.62011255731585,306940.1047549659,104.240231271626,64651.02648702343,752.9626742799804,179268.96662676727,387.73054320445414,3969.3753191630317,0.15527819227477904,0.022924523992150676,0.6089413172488426,0.02047480424264774,0.2106355349870074,202.0344575,0.16922773875,22.505782674242425,900.0,320.0,678.7931397306396,0.8028953652793002,25.0,20.0,6.0,cane
bb827ed6-a974-4d2a-a24d-25b31d537e90,134.60887325850624,240261.50611718305,59.57699026189416,61909.482543453014,530.8816237373379,124894.47977465566,247.04764217094666,2768.237826432049,0.20347681314251892,0.022817306364215067,0.5834789381830282,0.01389528780394644,0.2576812321978763,154.77370625,0.12149352616666666,22.505782674242425,400.0,400.0,271.51725589225595,0.8028953652793002,25.0,20.0,6.0,cane
bb8f9365-586d-4ea0-8dcc-4fbb0cb502c4,153.14321994134772,416891.88891809987,60.62781239245155,49842.86759291691,768.5039894986926,250994.28901807428,386.549978917747,5548.451009569681,0.08169564444876894,0.011888755520801769,0.6778555128652145,0.013024535887135208,0.11956093852517446,155.75896166666666,0.12245565474999999,22.505782674242425,1200.0,320.0,271.51725589225595,2.0078392033182246,25.0,20.0,12.0,cane
bbbef3be-5f53-4e05-8239-04311a002e6a,172.54960951704473,370871.08685161266,71.65087163058095,66946.86322358238,775.4486033536998,216662.96204881926,393.24277823392595,4794.8002091224225,0.1351604556410669,0.016107965392508417,0.6488763165343645,0.01587278996719095,0.18051747636276463,167.36715666666666,0.13412906083333334,22.505782674242425,400.0,400.0,407.27588383838383,1.3586033074955537,25.0,20.0,9.0,cane
bbd196f0-c22c-41f4-a155-0d37a39840e3,217.6261485167731,570060.3144949648,104.56824517333392,80891.15863508375,1027.4952422197105,353142.1798134891,568.6567103769885,7805.5994776476045,0.12430512120440868,0.010807940825547138,0.6355497092302503,0.020660548976080655,0.14190336993659128,202.22789708333335,0.17135270291666668,22.517348022727273,900.0,400.0,814.5517676767677,2.0078392033182246,30.0,15.0,12.0,cane
bc052963-5b3b-4624-aa72-5c4bbb809de7,127.05439210983431,162004.38674878975,77.2907169750691,56088.889654912164,354.34865527265305,72024.09600836826,149.4823301853191,1604.7905912750339,0.27931329648053455,0.03867589048955176,0.486577414795423,0.01796350287910304,0.3462229280644504,175.27777708333335,0.14343526583333333,22.517348022727273,650.0,320.0,678.7931397306396,0.3837245557808073,30.0,15.0,3.0,cane
bc0d11b4-935f-4d05-8285-dd16feda0875,201.32085288865045,455984.0983430173,82.83700520854195,28650.872871581345,912.7375889374994,304320.09009665245,479.2169824680811,6723.723078219428,0.052581295005681816,0.01230550237851431,0.7201890047301663,0.01746394551445261,0.06283472549913675,179.06795666666667,0.14432047,20.0115655155724,1200.0,160.0,407.27588383838383,2.0078392033182246,25.0,15.0,12.0,cane
bc2aa0bf-e1bb-4a08-9b48-880cf923ad62,189.72549352549868,232238.8668225426,68.22209398667934,26364.391508673612,628.8260520902837,148031.09693784217,303.4759476519952,3280.4176247637956,0.13516256032142254,0.023460780441940235,0.601460384702441,0.018154725102611582,0.11352646218413244,164.77744833333333,0.13001951458333333,20.0115655155724,900.0,160.0,271.51725589225595,0.8028953652793002,25.0,15.0,6.0,cane
bc619de6-d570-4e3f-bbcf-efe76c8be76b,134.22589455118498,127871.60676158285,62.8335829640432,25672.484397395732,345.1467224558912,70084.6669712334,144.54473611072473,1561.6968229846877,0.2798741719189289,0.03801110084761153,0.4640592195325967,0.017438902923057244,0.20077401747022985,160.45302625,0.12848123833333333,22.517348022727273,400.0,160.0,407.27588383838383,0.3837245557808073,30.0,15.0,3.0,cane
bc913b67-97d8-4536-8a8a-b8e54d8714b8,193.20625704084756,312677.53426233167,105.85256443073811,81999.67836206914,697.2450061252632,168192.17237999864,352.0264011240411,3724.8127548276484,0.19607111512015993,0.02299432184864268,0.6204277811063867,0.02111031477458641,0.26225471825282015,204.9991975,0.1706013325,20.0115655155724,900.0,400.0,678.7931397306396,0.8028953652793002,25.0,15.0,6.0,cane
bc98f17f-a833-493e-9f70-20e929d80d38,151.16982663345956,218977.17572773082,57.954758009698324,36880.3406824347,539.3282519919239,127643.40222864709,254.01570887624524,2829.183526352739,0.13873378238886783,0.023606495498716327,0.595226110353104,0.014302871844275747,0.16842561366449962,153.66808916666668,0.12040724679166666,22.505782674242425,400.0,240.0,271.51725589225595,0.8028953652793002,25.0,20.0,6.0,cane
bc9ae86c-3f81-4663-8ec6-56c5358ff848,173.0275424775094,328410.6162998392,67.87329270859723,39270.01137963829,725.795057986521,204095.5182670868,364.512056529177,4514.698082768076,0.10219509453047139,0.016214189898284933,0.6394994411812396,0.015151926552151106,0.11957921113070867,163.62504708333333,0.13027777708333335,22.505782674242425,900.0,240.0,271.51725589225595,1.3586033074955537,25.0,20.0,9.0,cane
bd296fb0-a5e8-4b20-b550-d6b0dcaf5f62,127.87762142526731,182819.6813181239,85.1973974565173,74387.11358238097,361.6027633497227,74390.63989801983,154.91475668992047,1656.347839974258,0.31604444216224753,0.037569680892634676,0.4775945060205387,0.01857918863978622,0.40689298605596913,185.96778291666666,0.15435151041666667,22.517348022727273,650.0,400.0,814.5517676767677,0.3837245557808073,30.0,15.0,3.0,cane
bd3468f1-2ade-4f50-a262-790cd49f5f94,142.45985146654562,417940.3882440031,61.19879222288834,62537.959206639796,733.7384294004409,240243.39403106473,370.63437037094764,5310.516979675439,0.11780309909699072,0.011165294413573232,0.6241784239177609,0.013160871676188434,0.14963733198831128,156.34489666666667,0.12570062083333333,25.011565351010102,1200.0,400.0,271.51725589225595,2.0078392033182246,30.0,20.0,12.0,cane
bdd671d3-01df-4969-a45b-0e48a7dcbcd4,217.3398481786375,563767.8097160469,98.66724212015681,78310.651454507,1043.8512340599814,353500.144294399,580.7577422811701,7810.697560861135,0.10374598003683712,0.010862455525610269,0.6319942309754839,0.019342090817650825,0.1389097061636991,195.77662916666668,0.16626831541666667,25.011565351010102,650.0,400.0,678.7931397306396,2.0078392033182246,30.0,20.0,12.0,cane
be1932fa-ded5-4ae1-88af-2aa78fda5d78,205.3018290606571,347995.78406126,83.73988450705778,28886.21112730926,801.6122401078984,228679.98187713095,411.25648616505066,5059.098933749752,0.08814411198859426,0.01646288907027567,0.6586039314556502,0.018717743272030896,0.08300995407775084,180.53881958333332,0.1458238275,20.0115655155724,650.0,160.0,407.27588383838383,1.3586033074955537,25.0,15.0,9.0,cane
be3f219b-3df9-4976-bebd-e33fb44e9b27,174.15300542542528,220121.09089883507,63.04710211579352,25582.03083210111,570.5986547189914,136487.48118832617,275.0555028768464,3026.2661836236225,0.17009310684013046,0.021074248492771466,0.5205833599916141,0.01722952695689882,0.11622258750464338,159.88769416666665,0.12791121625,22.517348022727273,1200.0,160.0,271.51725589225595,0.8028953652793002,30.0,15.0,6.0,cane
bec9592d-9545-45ec-840d-316b4bfdb05f,216.62031977801246,282285.07355237124,96.89071773057306,46540.13272785114,739.0096653571995,173208.7414747466,369.1965123813702,3835.169260839804,0.15172279804241373,0.023653913289467598,0.6306144890907514,0.021502086522559055,0.16487338094249862,193.9172175,0.15925793208333333,20.0115655155724,1200.0,240.0,407.27588383838383,0.8028953652793002,25.0,15.0,6.0,cane
bece8d5c-d44a-4f96-9a75-0d5c07db7b80,203.90481281697924,269647.05613375874,86.88134015281885,44094.487784721445,702.9983945367892,164742.38350523243,356.9982314752693,3652.789155614513,0.14015636975689183,0.022611090408975174,0.5845180754118267,0.01984080404655717,0.16353166138453742,183.72703166666668,0.15358220208333334,25.011565351010102,650.0,240.0,407.27588383838383,0.8028953652793002,30.0,20.0,6.0,cane
beff4f0b-3ef5-4eb8-9374-276e8383cdab,138.68139402387047,131790.57244805832,61.17264809100388,25484.947510050162,368.4757086973637,74413.83113369984,159.27902912895246,1656.0117461011062,0.22572372102508423,0.03901942520057869,0.4699586160417614,0.017197481495093002,0.1933815631883021,159.28091958333331,0.12592383708333332,22.505782674242425,400.0,160.0,814.5517676767677,0.3837245557808073,25.0,20.0,3.0,cane
bf1180e0-0abc-484b-8c5c-82fe30344cc7,142.12270910039751,189120.08258116778,84.13899795015315,72979.4082787244,420.73313173784,81869.1149340961,185.426601804841,1821.6896061046712,0.29140990076672973,0.039779454648611115,0.511400020113626,0.02003964971403714,0.3858937511712069,182.44852041666664,0.15073214291666667,22.517348022727273,900.0,400.0,271.51725589225595,0.3837245557808073,30.0,15.0,3.0,cane
bfa503eb-449d-44be-a37b-df2310e6fdca,187.7271373158283,253703.37096849756,81.93340605467431,42794.15242615235,651.8232309117357,152948.5577940903,316.6642265737913,3388.985269221212,0.15643033908466963,0.023998335949316076,0.627685868201978,0.018784209573734008,0.16868238942819677,178.30896875,0.14357039666666668,20.0115655155724,400.0,240.0,407.27588383838383,0.8028953652793002,25.0,15.0,6.0,cane
c063d7a1-ada0-4834-9b16-8f9b723e670c,217.08922727780552,281514.9408964592,89.16140154792596,44614.62922569492,757.5379324001336,176413.37901224502,385.18127052760696,3908.6682131264424,0.13145324717448445,0.02350293465363005,0.61401682998387,0.01982735766717378,0.15848489999637627,185.89428750000002,0.15270185875,22.505782674242425,650.0,240.0,407.27588383838383,0.8028953652793002,25.0,20.0,6.0,cane
c14b7ab7-4906-4b67-a7cf-05c58d8e5984,224.1485546619807,433635.4434703949,112.06506513936334,67242.27014862247,915.2953152031071,266150.5629313847,487.528727624516,5886.491272446178,0.12235340074756945,0.016018326481155306,0.6659017531065445,0.02217719219852919,0.15507026516265768,210.13209375,0.17593101083333332,20.0115655155724,1200.0,320.0,814.5517676767677,1.3586033074955537,25.0,15.0,9.0,cane
c19a512a-db61-4e37-98fb-5b2c2f72e200,140.72065705515632,193259.96717895148,94.73659571163478,78234.60028233707,398.8974100144262,80485.92807125309,173.80911462877046,1790.3826623957655,0.308677559326915,0.04025827823526937,0.524972798336532,0.01977214959703314,0.4048208324140787,195.58650041666667,0.16093631458333332,20.0115655155724,1200.0,400.0,678.7931397306396,0.3837245557808073,25.0,15.0,3.0,cane
c19caa55-cb72-421a-862f-09009e7a7c81,153.7753572293672,137922.9448646078,64.11976665487586,25808.423949250315,403.1279976512855,79013.99003712014,177.61471611373273,1757.621182193633,0.22576178517431605,0.03885468066347853,0.4707269260426768,0.01825822010413183,0.18712911827200493,161.30265041666667,0.12789632666666667,22.505782674242425,900.0,160.0,271.51725589225595,0.3837245557808073,25.0,20.0,3.0,cane
c1b9d610-12ba-4f6a-b6cd-4cf973d6114e,163.96302830765507,396681.14311036415,63.88248383914379,25581.61228706258,753.7762497921617,252196.03953581388,391.88373341288,5576.131805554341,0.054030865611784516,0.011534314896064815,0.6428313708693182,0.013906183795371927,0.06449098746254775,159.88507791666666,0.12946684541666667,25.011565351010102,400.0,160.0,407.27588383838383,2.0078392033182246,30.0,20.0,12.0,cane
c23b00ed-4634-4a76-a0f4-b211a8a9b1ce,181.34311837688372,259881.7781185876,83.64958748868575,43758.051771876206,619.2748400311052,152366.72466646347,312.21415370282386,3375.5934980711572,0.13645071439633838,0.0215764131854798,0.5525609274779042,0.019161727736590292,0.1683816279851634,182.325215,0.15213031666666668,25.011565351010102,900.0,240.0,814.5517676767677,0.8028953652793002,30.0,20.0,6.0,cane
c23df9bb-7902-401d-b884-5d9b397d0869,242.82619993764243,453897.25510834815,108.24873206100276,65855.67018263131,1011.1313460364038,289670.6268408286,549.3845608127838,6404.380552814346,0.10050642854056185,0.016030560028388045,0.6633294068930661,0.02138039848602459,0.14509302512254565,205.79896875,0.17318835333333335,22.505782674242425,900.0,320.0,678.7931397306396,1.3586033074955537,25.0,20.0,9.0,cane
c30cc6bb-fbce-4cf6-a982-ef529c10ab52,163.5589634786627,296200.2106334484,63.55989315908792,25515.839937626297,652.1747273114262,185573.10746606125,317.46479059534727,4107.532496280311,0.09042756794342383,0.01663337840261995,0.6527275251638364,0.015123407462099,0.08614632324900384,159.47399833333333,0.12482913675,20.0115655155724,650.0,160.0,271.51725589225595,1.3586033074955537,25.0,15.0,9.0,cane
c313a65a-5e88-498b-9934-6be5a96d0eb1,125.92837615798938,252544.92174690674,50.38578218923825,23378.05430474636,508.59908414079416,148212.17856458572,242.13327695260625,3283.849282358417,0.09280416791280514,0.015482473100231483,0.5761231976159512,0.011807043968990296,0.09257266779758357,146.11283916666667,0.11552194987499999,25.011565351010102,400.0,160.0,271.51725589225595,1.3586033074955537,30.0,20.0,9.0,cane
c361e07b-7291-491b-a6bf-eeddc0f02a0c,223.40493012241248,582686.160089153,102.41621216522334,80109.84954495325,1063.2647148562842,366457.3098612714,599.633167496158,8097.691531620744,0.0997822132174558,0.010663043382186448,0.6190902783458019,0.020303757370940635,0.13748786734870935,200.27462291666666,0.17088496833333333,25.011565351010102,1200.0,400.0,814.5517676767677,2.0078392033182246,30.0,20.0,12.0,cane
c3a531c4-db87-4492-9e7d-78081f769236,131.1541855295738,362442.8946552036,53.51578063381985,35727.55673458488,635.8672443235289,212115.03167587903,306.5124848586238,4691.368038917984,0.08473388291487795,0.012334920659869528,0.7036178202171928,0.012253289710785924,0.09857634777958084,148.86482041666667,0.114414003375,20.0115655155724,650.0,240.0,271.51725589225595,2.0078392033182246,25.0,15.0,12.0,cane
c3de0dcf-1eb2-437a-82b8-08f4bf6d8eef,198.83913589758785,251956.3640334342,81.65403659548787,28850.487699200097,651.9216417644711,159946.33223369156,331.50992404075294,3542.630198124694,0.09865357937553662,0.02300715888688973,0.5963035028255367,0.01877765151501095,0.11450949683468398,180.3155470833333,0.14703310583333334,22.505782674242425,900.0,160.0,814.5517676767677,0.8028953652793002,25.0,20.0,6.0,cane
c46e6db2-25be-47fe-b25d-f3b00ba74c3f,215.75769051669516,567572.9476536905,99.66799976292066,78978.33302245449,1025.8131519741369,353744.93946018995,576.379416737321,7816.781155565244,0.09550885475252525,0.010713151724684344,0.6206177504085333,0.01960561197039751,0.13915481923632433,197.44583250000002,0.1679695225,25.011565351010102,900.0,400.0,814.5517676767677,2.0078392033182246,30.0,20.0,12.0,cane
c47dcd32-9c00-4181-a48a-99b99a953be1,174.99943261056484,330722.2454540372,75.148235611942,40989.58496908965,726.0748387372121,203889.3939843959,358.3291545719298,4509.813953544694,0.10067452045499789,0.017013189859059346,0.6804004048789034,0.016642500302917976,0.12394261901412129,170.78993749999998,0.13601978041666665,20.0115655155724,900.0,240.0,271.51725589225595,1.3586033074955537,25.0,15.0,9.0,cane
c4ca5bca-b610-48a0-8409-25c294450bcf,141.22692007715355,136387.69075032132,63.06386354860811,25914.723922565518,376.6576076739634,76584.67939632612,163.43983809485746,1705.068180170747,0.22716723845800713,0.038394060661994946,0.4688344421861006,0.01799320740378251,0.1900152254913059,161.96702333333334,0.12855645958333334,22.505782674242425,1200.0,160.0,678.7931397306396,0.3837245557808073,25.0,20.0,3.0,cane
c56c5e14-6377-4de6-b8d4-e359635e63dd,139.49075233026403,132088.94341825377,64.31820398899939,25990.430787707493,357.44774330286486,72567.5425379421,150.02763475181808,1617.0844990845044,0.2681373586715488,0.03782992074960017,0.46491227577723065,0.017682348760176127,0.19677115937112344,162.4401925,0.12767472333333332,20.0115655155724,1200.0,160.0,407.27588383838383,0.3837245557808073,25.0,15.0,3.0,cane
c60c8a00-1e95-4efd-a49a-95398c19414d,220.34709212716766,517187.6213377149,89.98475272338109,44915.01456278882,1006.680070122779,341455.4643535462,558.2414685976531,7546.709086901042,0.06829066262885101,0.011159167406723484,0.6429950025615111,0.018710145240511657,0.0868473609562253,187.14589458333333,0.15745167583333333,25.011565351010102,400.0,240.0,814.5517676767677,2.0078392033182246,30.0,20.0,12.0,cane
c62c8992-ef52-4577-83f6-990b81ba740d,134.20151750016294,261916.34607966852,49.92768359395538,23296.788979518966,544.3333512064252,157213.30706015925,258.949571800479,3481.2264930767656,0.08495822396665614,0.016095294110153622,0.6111893027624683,0.011796011755854614,0.08895000069558524,145.6049325,0.11249286116666667,22.505782674242425,400.0,160.0,271.51725589225595,1.3586033074955537,25.0,20.0,9.0,cane
c66fa3e0-c989-452b-b6e7-bbb9f4e152a4,184.0659895013242,306873.747283666,99.7644157110461,79241.98385910103,672.4123912214889,162991.4187074065,342.44492897090385,3608.6724540496475,0.17415308771212124,0.021732575756092172,0.5742218879031461,0.01992980950891543,0.25822882515197393,198.10496,0.16847866874999998,25.011565351010102,1200.0,400.0,814.5517676767677,0.8028953652793002,30.0,20.0,6.0,cane
c67e39d9-b331-44b4-bd61-edf4afacc20e,166.60805038598093,340982.8110281443,72.86957981795258,53877.35278635632,716.2504757519116,200648.38469335705,351.6570111526166,4441.058680549443,0.11110850790634469,0.0170705599473064,0.6893920473528093,0.016374979138593426,0.15800982984129025,168.36672625,0.13360870708333333,20.0115655155724,900.0,320.0,271.51725589225595,1.3586033074955537,25.0,15.0,9.0,cane
c6a20c41-71a6-4bb6-a5a7-5985c2131871,214.7594514012351,256187.14284560698,87.99187419580217,29655.237257912824,698.7421106197191,165419.27625496502,347.56468938029104,3663.4632073092016,0.11896302653224956,0.02396802613371212,0.6260442029751787,0.02056456645814668,0.11575963865485069,185.34523249999998,0.15058845916666666,20.0115655155724,900.0,160.0,407.27588383838383,0.8028953652793002,25.0,15.0,6.0,cane
c6e04565-d2da-4a07-9762-cff8bab4990e,141.94597373778979,135182.96320763492,63.35162672697027,25902.250015088397,377.00910628407723,76242.49762591948,163.9966021244974,1697.1874925098466,0.22820622230555562,0.03862424748832072,0.469438185123348,0.01781677477673698,0.19161605518422406,161.8890625,0.12848665208333335,22.505782674242425,650.0,160.0,678.7931397306396,0.3837245557808073,25.0,20.0,3.0,cane
c711ca23-10bb-46d8-a06e-3714e9efeed3,214.58328557869527,281140.3582794821,92.42654927292271,45529.8812686072,734.8532626348822,172765.835548492,376.3894856402408,3826.083056786727,0.1449758801071128,0.02227679470025252,0.5778792732568077,0.02096648551512519,0.16195161552864118,189.70783874999998,0.15972495833333333,25.011565351010102,1200.0,240.0,407.27588383838383,0.8028953652793002,30.0,20.0,6.0,cane
c72ebd81-79bd-4293-87cc-2c760088276d,145.99230027346735,136457.3290929667,68.10443067266745,26631.69913053779,375.0896773486885,75549.97515480645,163.73185164200962,1682.9980320894217,0.24116634366835019,0.03804135904429713,0.46604332076611954,0.01915499492575904,0.19517264030424705,166.44811791666666,0.13582051,25.011565351010102,1200.0,160.0,407.27588383838383,0.3837245557808073,30.0,20.0,3.0,cane
c73abf46-abbd-494e-a0b0-027681b05533,227.8168897746649,503219.1406575548,93.8568702103381,30559.631357514456,1010.4684354934667,342791.1870672447,548.9608162943282,7576.132221335828,0.05538454137462122,0.012028932298179714,0.7115260597363532,0.019673635780592332,0.06073006865016859,190.99769583333332,0.15645864666666667,20.0115655155724,650.0,160.0,678.7931397306396,2.0078392033182246,25.0,15.0,12.0,cane
c748176b-559f-43c8-8867-288f92084bba,194.84889385355785,270997.56716247764,87.69975192952089,44692.31374185315,666.4695229838495,161966.1619695648,339.16771540922343,3587.2699147851577,0.14235791929595956,0.02189670341378367,0.5643585954213384,0.020131585606555508,0.1649228466223936,186.21797333333333,0.15612165208333334,25.011565351010102,1200.0,240.0,678.7931397306396,0.8028953652793002,30.0,20.0,6.0,cane
c7edf5b0-9b33-4478-9f51-5da9fb8dfe9b,187.96849433514276,275075.1188107973,85.25152216522137,57898.98019225653,685.1685478469851,158182.27358694284,332.12404990024595,3505.882758095065,0.16201667842834597,0.024282497878829964,0.6452724199316603,0.01933012325233831,0.2104890335367122,180.93431166666667,0.14613994,20.0115655155724,900.0,320.0,271.51725589225595,0.8028953652793002,25.0,15.0,6.0,cane
c812c2b9-20af-4af6-bc36-8979c8add574,234.08568194905533,438779.053551069,103.21909531894646,64115.23366205277,979.9499429036894,278899.8470260247,527.5150822199812,6165.422869122588,0.09503839111000631,0.016198736531660353,0.6651503269403725,0.02045599996653783,0.1461254733341213,200.3601025,0.16769044041666667,22.505782674242425,400.0,320.0,814.5517676767677,1.3586033074955537,25.0,20.0,9.0,cane
c86592b9-6e16-4b89-a0c1-42eafb57eec9,232.0900635408011,412587.2852806821,111.2938470266366,50131.19665325279,919.8578669109047,264827.2301263249,487.3116086970318,5857.797399923774,0.09043433621563551,0.016692508639278198,0.6919750427025358,0.021965522079790148,0.12150771128151555,208.87998625,0.17465180791666668,20.0115655155724,900.0,240.0,678.7931397306396,1.3586033074955537,25.0,15.0,9.0,cane
c94be87d-ecf1-4651-a3db-bb3432112dd6,135.9978155756638,186422.80872136066,86.20444050627373,74309.37021421149,398.6136720587672,79397.1239727218,172.66289183475152,1766.6725772416987,0.30465121570896464,0.04118774942665194,0.5325114092852589,0.019058610878387196,0.3986116909972289,185.773425,0.15101572333333332,20.0115655155724,400.0,400.0,814.5517676767677,0.3837245557808073,25.0,15.0,3.0,cane
c94ea15a-669b-4742-ae75-9789d73b6d5a,243.39106146434708,593066.3523208118,104.46076756071261,64748.049495557614,1132.4931207273708,391236.7393402998,643.0530834981647,8645.78454605268,0.07414577568388046,0.01129939208526936,0.6723204126898359,0.020342152976846852,0.10917820479865814,202.33765208333332,0.16964953416666664,22.505782674242425,1200.0,320.0,814.5517676767677,2.0078392033182246,25.0,20.0,12.0,cane
ca1b8298-452a-4469-9aee-600e41754461,262.49006016605665,567001.9430094449,105.94969432610772,32608.601245398564,1153.0589770678855,397674.71812676365,655.1157803352869,8785.620123294297,0.039309299683922556,0.011759960869391836,0.7005277391541456,0.020629346972165095,0.05751231308323021,203.80375666666666,0.17116102874999997,22.505782674242425,1200.0,160.0,814.5517676767677,2.0078392033182246,25.0,20.0,12.0,cane
ca378775-75d4-4424-8b97-418c07d6837f,187.5583081178026,279850.94893168355,86.91015689554786,58942.226388541196,675.5281725087239,160307.22874038172,342.5414795444567,3550.9955583894625,0.16250134871769778,0.022234995325126263,0.578688390371433,0.019304084061338253,0.21062466788093992,184.19445791666666,0.15413938791666668,25.011565351010102,400.0,320.0,678.7931397306396,0.8028953652793002,30.0,20.0,6.0,cane
ca50c7b2-e347-44b5-a1f4-d156fb2c4f37,142.32264381816796,399507.39111169387,64.1623531966696,51014.99116930657,704.3949641756409,232944.5409905796,350.3033434921184,5149.896535956743,0.10270346856921297,0.011572547360563974,0.6501415695096382,0.013535003860312455,0.12769753478520898,159.42184833333332,0.12749015333333333,22.517348022727273,1200.0,320.0,271.51725589225595,2.0078392033182246,30.0,15.0,12.0,cane
ca66baf6-1678-461b-953d-48e8fc8e5007,135.87780919315878,168618.85611962204,82.91518763829879,57890.86048623515,383.1333419034011,76725.17409983317,163.74662759241255,1707.337646041399,0.2795725756648779,0.040582314356228964,0.5192735857203599,0.018662386230068457,0.3433289136668538,180.90894041666664,0.14609669916666665,20.0115655155724,900.0,320.0,678.7931397306396,0.3837245557808073,25.0,15.0,3.0,cane
ca9c5992-ffa3-4b50-8079-52d4cc61f085,131.61461250866074,182705.6980174347,80.42764237707212,71950.11928041327,391.53636736612737,78165.75462479278,168.6932030851016,1739.7700457528554,0.3115251884392887,0.040567282226441494,0.5222207438951811,0.018705611558964372,0.3938085015549991,179.8752975,0.14507411208333335,20.0115655155724,400.0,400.0,678.7931397306396,0.3837245557808073,25.0,15.0,3.0,cane
ca9e94e8-b36a-4051-bcdd-f11b6309d6cc,239.5666023283239,558315.1729837895,109.20265551067607,49700.81979771349,1075.189056210043,370966.9662750988,597.0800460352943,8196.548138175755,0.06934178726506733,0.011798021498284931,0.7091753881414878,0.02151016074252103,0.08902184909396665,207.08674708333334,0.1728444179166667,20.0115655155724,1200.0,240.0,814.5517676767677,2.0078392033182246,25.0,15.0,12.0,cane
cb74cda4-877c-45f5-b79c-5da2770fda0b,147.75839355458686,136240.139133297,64.59918589529246,26001.135078460775,387.39306691902635,77255.51226736933,169.54276074117573,1718.06288242724,0.2278481264375947,0.038704430429524414,0.47006627044874794,0.017982796004712642,0.1908549184252444,162.50709625,0.12909987416666666,22.505782674242425,650.0,160.0,407.27588383838383,0.3837245557808073,25.0,20.0,3.0,cane
cb837598-e77f-4718-bb00-2587ded92c60,181.60957949739375,232926.0154023493,78.27534482055849,28238.77424576657,585.9239380774327,143794.3635753334,288.29940786476203,3186.1505031790643,0.12248948753034512,0.022383871628209175,0.5667987523011679,0.018557738856561694,0.12123830071898728,176.49233958333332,0.14480388708333333,22.517348022727273,400.0,160.0,814.5517676767677,0.8028953652793002,30.0,15.0,6.0,cane
cbce7597-3860-4aab-8a55-c60880c1f5b5,230.19949549148782,440385.589642538,108.27378542324055,66012.00800183786,950.4337694106505,274884.109723364,516.0752320259826,6076.585742514158,0.11768895574614897,0.015130208995528202,0.6117374969329967,0.02180112936845844,0.149900459072123,206.28752625,0.17713395499999998,25.011565351010102,1200.0,320.0,678.7931397306396,1.3586033074955537,30.0,20.0,9.0,cane
cbe51eaa-1595-4012-92e7-df89ef215f1c,206.27360149217546,324276.8206325645,103.4268575923488,80280.69929701478,772.8671822137416,181854.1969725846,397.37915199421457,4028.0589181504783,0.1738433516996528,0.0229988720754314,0.6223170076469908,0.020425277756532537,0.24757340630498248,200.70174791666668,0.16787388125,22.505782674242425,650.0,400.0,678.7931397306396,0.8028953652793002,25.0,20.0,6.0,cane
cc076c9d-0ee0-401b-bcff-f216baf77b93,178.77567338709872,484921.9564900889,75.80771317310578,68615.52544720417,890.248461228285,292816.6717092408,458.8573048160438,6470.98632519341,0.11023054677972433,0.011826830819676977,0.6969539338795561,0.016711070800542644,0.14150135366356237,171.53881375,0.13685204166666667,20.0115655155724,650.0,400.0,407.27588383838383,2.0078392033182246,25.0,15.0,12.0,cane
cc7bf332-6695-4ad8-8521-346239fa89ac,142.31619354876415,193042.94040094825,93.814964086347,77646.44794948898,408.3691510995738,81555.23967015413,178.68184664254113,1814.0192348001503,0.3082929974284512,0.04012912059054083,0.519663507018771,0.019849151071898632,0.4022286158455303,194.11611916666666,0.15944593875,20.0115655155724,650.0,400.0,678.7931397306396,0.3837245557808073,25.0,15.0,3.0,cane
cce3e6f6-7582-4424-a91b-8e86d39183f6,137.6826870655602,131629.48849122194,65.70724253031226,26242.495734308275,349.26978323927216,71390.41280758417,146.35232256100892,1589.9043840950683,0.2796635375479798,0.03750631001378367,0.4629487555397517,0.01818870586627599,0.19937319550412858,164.01559666666665,0.13202671041666666,22.517348022727273,1200.0,160.0,407.27588383838383,0.3837245557808073,30.0,15.0,3.0,cane
cd24ead4-e05f-4061-abd5-53add92d3487,190.13757980321444,240390.25619352967,84.58454932322084,29250.77894984191,608.1336530301546,148654.60090552937,300.8290363561333,3292.726743827087,0.11811833030690237,0.02260216085397727,0.5784259189374895,0.019281416210862965,0.12168385563602396,182.81737124999998,0.15118928625,22.517348022727273,650.0,160.0,678.7931397306396,0.8028953652793002,30.0,15.0,6.0,cane
cd472000-65b2-4a60-b63e-a0420a3eaafe,189.3548332991329,254065.3202695424,77.82176676479637,41729.33161595614,663.7495347906412,154358.72790102943,321.36281153271483,3421.3298916260933,0.15902330012797766,0.02401064423975168,0.6293812387700548,0.018853744716268595,0.16425100613496965,173.87221416666668,0.13906673541666667,20.0115655155724,900.0,240.0,271.51725589225595,0.8028953652793002,25.0,15.0,6.0,cane
cd6db1af-0f3f-4d25-98de-e41e61255bae,185.84546102618768,241331.6971746456,82.23528513316157,28960.007554898595,603.0279506693495,149155.2988438617,297.9021477110948,3306.0374453994095,0.11528501534437081,0.023377404019454966,0.6096871944929398,0.018940004446058367,0.12000492169743021,181.00004833333332,0.14621054833333333,20.0115655155724,1200.0,160.0,814.5517676767677,0.8028953652793002,25.0,15.0,6.0,cane
cd6de78b-d18e-4082-a62b-d9d805ec7473,226.19811248839565,408676.3032715472,99.82486222584879,47496.142257532076,906.2981062955314,263272.26078824355,490.65385382997687,5823.770344282916,0.0977333383014415,0.015335227037668351,0.6134306320783037,0.021023028790827455,0.11622322629527017,197.90059250000002,0.16841821625,25.011565351010102,650.0,240.0,814.5517676767677,1.3586033074955537,30.0,20.0,9.0,cane
cd73502a-45f4-4bb4-9194-3b8ef714df3d,120.32154915909659,141193.26020448908,61.866330035207774,38527.45665303261,332.297953082468,68996.43706775703,136.70198569910033,1537.2730940321387,0.34935126292571544,0.03536037504968434,0.44273454266738216,0.017463990299278313,0.2728780844559758,160.53106916666667,0.12852972375000002,22.517348022727273,900.0,240.0,678.7931397306396,0.3837245557808073,30.0,15.0,3.0,cane
cd9bf7fe-4930-41f4-a0fc-9d7b7014b755,180.28927879020165,252969.26349471256,82.9988591966469,43417.36266633035,614.1734753093994,149011.21703530653,304.00990152447747,3303.1639073470237,0.15521132979313973,0.022529680347285353,0.5813312811105535,0.019029759145518955,0.1716360506681367,180.9056775,0.14930006375000002,22.517348022727273,400.0,240.0,814.5517676767677,0.8028953652793002,30.0,15.0,6.0,cane
ce315254-9259-46a1-a25c-68808d306fb7,246.0242841681363,564668.7446068585,101.6442175348335,47798.61621106609,1122.5967431733397,384324.25081534224,632.2636938095155,8489.45517159868,0.06614443278845748,0.011557532313310184,0.6860037356302082,0.019862569395129676,0.08465162642919588,199.16090125000002,0.16639822791666667,22.505782674242425,900.0,240.0,814.5517676767677,2.0078392033182246,25.0,20.0,12.0,cane
ce5d1fbb-30af-4ab9-a7e7-9135ec33d87a,108.14626948965412,357224.37540912273,47.50542132434684,57033.19029418775,557.6844725962401,186973.0716983024,267.4980537943698,4136.166339145709,0.11643809558575338,0.01123698957299032,0.6175212830673504,0.010296466800202157,0.15965977145973284,142.58297541666667,0.11204685225,25.011565351010102,400.0,400.0,271.51725589225595,2.0078392033182246,30.0,20.0,12.0,cane
ce65d956-1f46-429b-8f9c-e5a285d20920,249.65285697423218,541972.2098363658,96.0013072303239,30966.76786076899,1100.7747231596109,377027.2247136748,618.7734241575322,8329.985892799736,0.04411866926698233,0.011623400489320286,0.6854488850341962,0.019593591378483106,0.05713897558713257,193.54229999999998,0.16062430458333335,22.505782674242425,900.0,160.0,678.7931397306396,2.0078392033182246,25.0,20.0,12.0,cane
ce84a7cd-225e-4acc-a027-62973fbd4437,131.67867616629175,147364.42129033143,69.856379218258,40349.710412954584,365.18915490522295,73987.18828874924,153.77219259080783,1645.3989283615172,0.3442512192084386,0.036939357113099744,0.46636855086929707,0.017989801513487433,0.2738163089114991,168.12379416666667,0.13331973416666668,20.0115655155724,650.0,240.0,814.5517676767677,0.3837245557808073,25.0,15.0,3.0,cane
cf0ec0ca-86f4-4fff-a7b5-cce664663894,130.42956277108132,129688.00321676582,61.601964246043565,25670.366492355402,341.6011301521267,70701.84089230787,140.8468985405826,1573.796450896885,0.2652096256356587,0.03789823842248526,0.46470577699086696,0.017241505730601916,0.19794595875615006,160.43978916666666,0.12570298041666667,20.0115655155724,900.0,160.0,814.5517676767677,0.3837245557808073,25.0,15.0,3.0,cane
d028883c-4e19-42e0-addf-7a3e7351aced,207.81672250572635,525076.0770103891,98.80756109391449,62819.28205311827,959.0652726364036,329889.3596384439,526.1521921226176,7292.84517101198,0.09732228577490531,0.011105516101483586,0.6454227309231271,0.01934819120768027,0.11964154490252638,196.31025583333334,0.16514665083333332,22.517348022727273,1200.0,320.0,678.7931397306396,2.0078392033182246,30.0,15.0,12.0,cane
d073648a-4b13-4df3-ab0d-cdb47ec47e53,179.7685659829603,238204.84391994993,77.73462966942536,28272.797418541504,583.9228137684571,145602.49041064703,291.74788243420335,3226.2856173323125,0.10152770971016414,0.021863550160848063,0.5551309423643834,0.01859803990459946,0.11869487787101506,176.70498291666664,0.146340325,25.011565351010102,1200.0,160.0,814.5517676767677,0.8028953652793002,30.0,20.0,6.0,cane
d0976619-802a-4c23-ba2d-68106d136648,193.154964086553,290326.15859893133,96.20854585470346,62172.11359110585,683.427407357201,164477.72341919536,348.6746483039936,3641.8831480359463,0.16152931927530514,0.022106079338625836,0.5824002440962016,0.02012151255326911,0.21415027887427407,194.287855,0.1645122225,25.011565351010102,900.0,320.0,678.7931397306396,0.8028953652793002,30.0,20.0,6.0,cane
d0ee2ddc-2aab-4f5b-8e58-6f5dbd3d1f92,130.6923894698644,293234.740375103,54.55473789574461,47935.051328773494,575.2605127006509,163616.64609612935,273.71817261689495,3620.079878828848,0.11595442057953492,0.01665618265099958,0.6525771969347642,0.012119669983232448,0.1634733712046982,149.79703583333333,0.116618359125,22.505782674242425,400.0,320.0,271.51725589225595,1.3586033074955537,25.0,20.0,9.0,cane
d1147801-d8bd-4345-8ed4-e6b8438d4873,137.3076133626945,133455.31979774506,65.29140051460398,26253.717083608688,361.11762487828935,73762.07454157647,155.2460090593757,1643.5890335361455,0.23964416972685182,0.03820874653665824,0.46553119083678457,0.01857419299153889,0.19673040401643238,164.08573333333334,0.13344403875,25.011565351010102,650.0,160.0,678.7931397306396,0.3837245557808073,30.0,20.0,3.0,cane
d11b541a-3223-4ee2-98fa-c4b5bed28113,123.98385078082568,140227.16125407713,61.23043882086897,38118.97920848693,347.4422460662472,70478.81455714941,143.99632817461685,1568.8933787017043,0.3540474195577125,0.036249891693255466,0.45162542128492217,0.016834511084279268,0.271844784463835,158.82907958333334,0.12413668870833333,20.0115655155724,400.0,240.0,678.7931397306396,0.3837245557808073,25.0,15.0,3.0,cane
d18f060c-9949-40b5-bb77-a8d8edf3825f,204.59959817751147,419311.0830218564,94.41247931869269,76354.05639337242,887.517715640049,249827.08736261338,459.04671786323394,5527.929177574388,0.14006123934296089,0.016187342504719066,0.6704048159922663,0.02034794288975799,0.18209863152330077,190.88514124999998,0.15621127333333332,20.0115655155724,1200.0,400.0,407.27588383838383,1.3586033074955537,25.0,15.0,9.0,cane
d1924dde-04e0-4844-87fc-3931173dba23,151.52960872842567,436113.4320194375,65.04662903173937,64291.00736484226,761.4275274789628,252490.61255707173,393.122591012024,5581.453069159354,0.11126716173065027,0.011092629514656985,0.6249969916360585,0.013825559034307912,0.14742178662624209,160.7275175,0.13032141375,25.011565351010102,400.0,400.0,407.27588383838383,2.0078392033182246,30.0,20.0,12.0,cane
d1b85292-be8e-4189-a2b6-44b8d8d92356,143.65456377797918,194680.3487886945,90.33959191764542,75376.32731248476,429.80780841284474,84487.25204951594,192.94679427324283,1877.5121713603005,0.29758296767813547,0.03875618360930135,0.49956941214758,0.019009870151037035,0.38718570884799003,188.44081874999998,0.1552365804166667,22.505782674242425,1200.0,400.0,814.5517676767677,0.3837245557808073,25.0,20.0,3.0,cane
d1d47909-0820-481a-ab3a-dd656680797a,131.2693915105659,126094.3488027482,59.104310910601356,25066.117204981394,341.8218095952,69532.48854382664,140.982116520629,1548.74484571381,0.26260831060345124,0.03850930509891626,0.46566537497794613,0.01660356411457981,0.1987949143081563,156.66323291666666,0.12199381979166667,20.0115655155724,400.0,160.0,407.27588383838383,0.3837245557808073,25.0,15.0,3.0,cane
d2052910-7ada-4e4f-b6b6-3f7325dd3ff7,189.33400296819266,302603.3850499567,91.47715654681025,75673.22024025435,709.7646467505801,166846.7591066805,352.5259620859784,3696.1077713456525,0.1957093250374579,0.023352732887836698,0.6248442113399727,0.02048179711845296,0.25007910953941986,189.18305083333334,0.15448047374999999,20.0115655155724,650.0,400.0,407.27588383838383,0.8028953652793002,25.0,15.0,6.0,cane
d254fae4-58cc-4247-8b2c-d31f7ef07b2d,221.90120467737074,423331.89012293663,104.29669149257307,64516.88603287802,922.525576248273,263736.06296902255,496.6931706634206,5832.229960197624,0.11458015608917298,0.015439672734090911,0.6202603082501474,0.020657050877851118,0.15240692262409408,201.6152708333333,0.1723980675,25.011565351010102,400.0,320.0,814.5517676767677,1.3586033074955537,30.0,20.0,9.0,cane
d263bdfc-0957-4453-ad13-81e3125ae3fd,205.37618907936147,543866.529498606,94.88140258143257,76891.9283551166,983.6123401403338,336370.44073829736,546.7702536740265,7434.17337227376,0.10278885052222222,0.010770175943002946,0.6217458241693498,0.018618828989340603,0.14138431710137053,192.22981833333333,0.16251222375,25.011565351010102,900.0,400.0,678.7931397306396,2.0078392033182246,30.0,20.0,12.0,cane
d29038e4-3e1a-4006-abf3-ffd0565d77cc,148.29249489137007,135265.21398604536,67.69062764249276,26415.7447287117,376.23434579042083,74854.14139815538,161.18354071783756,1665.6535855940738,0.28165798319902147,0.037647835060690235,0.4644484842112584,0.0188652322020497,0.19529507546972147,165.09840375,0.13311611916666666,22.517348022727273,1200.0,160.0,271.51725589225595,0.3837245557808073,30.0,15.0,3.0,cane
d2a17603-0154-4866-b70b-a877161b9b1e,193.08678963243392,236300.74885302305,72.19672752236077,27064.044929239317,636.1442528604341,150756.0418962117,309.9308582926275,3341.1225113829096,0.1279355277738005,0.02356393176524621,0.6049869661108691,0.018563255104835787,0.11453579667977472,169.15027958333334,0.13442864625,20.0115655155724,400.0,160.0,407.27588383838383,0.8028953652793002,25.0,15.0,6.0,cane
d2eb2a5e-c57f-457d-8c84-7d44858ca9cc,147.14901701919695,173869.26082208104,86.1246001029128,58587.6689033265,416.3781586494764,81004.1583052,186.99065356091276,1802.7592935824468,0.2585213924381314,0.039215651889436015,0.4947432373122686,0.019340543896786473,0.3369693720808842,183.08646624999997,0.15285532625,25.011565351010102,650.0,320.0,407.27588383838383,0.3837245557808073,30.0,20.0,3.0,cane
d351ea95-9433-46c9-bc74-921fd63a539e,132.44836008217374,145850.1000509646,62.647014386227404,38469.78124875483,378.73251489646975,75596.7443024152,164.5994153707265,1681.0782971604847,0.31759288844297145,0.03691043182093855,0.4567892216801978,0.01728201194050424,0.2637707364119368,160.29075666666668,0.12692180791666666,22.505782674242425,400.0,240.0,678.7931397306396,0.3837245557808073,25.0,20.0,3.0,cane
d3cbfd32-e6a5-4d8a-b435-531217934995,204.18217112119993,398989.50140698,96.44882902894356,61997.503970914615,841.7919954675302,242003.51131499434,442.0021910446242,5352.101473786503,0.128348368534375,0.015551267598768943,0.6274522739962225,0.020158950685837587,0.15539010395857833,193.7422,0.1626011,22.517348022727273,400.0,320.0,814.5517676767677,1.3586033074955537,30.0,15.0,9.0,cane
d43b58ec-ed7a-4998-811d-de0cd543869d,216.14603437387018,394722.98360120197,101.00536551856145,47752.80649880255,854.7511339911024,248921.28358207003,453.27462866381654,5507.1670209937865,0.11059716612391625,0.015621687788204969,0.6321860707744319,0.021006881722586367,0.12098156456360921,198.97002833333332,0.16788301000000003,22.517348022727273,900.0,240.0,678.7931397306396,1.3586033074955537,30.0,15.0,9.0,cane
d494712e-d719-47ae-b4dd-cff1c0031828,153.16212705596567,177932.2906642993,85.10820047233597,58213.40892371638,445.5750994331982,85666.73420109377,201.32252209710248,1906.7408784876586,0.24160067428282822,0.041557846860164144,0.5328791879493266,0.019090338136138366,0.3271719152433065,181.91690208333333,0.14861212083333333,22.505782674242425,650.0,320.0,407.27588383838383,0.3837245557808073,25.0,20.0,3.0,cane
d4b790d4-796a-4908-a6ae-d0be484f71a9,222.74208241070954,545755.4046366398,93.2440978725224,60867.08775466332,1047.9020663636663,352803.7104401874,568.7764490846762,7798.626668392438,0.09338647808105008,0.011729785531842382,0.7020106964440865,0.020059332189807787,0.111531051096609,190.20965166666667,0.15578108625,20.0115655155724,400.0,320.0,814.5517676767677,2.0078392033182246,25.0,15.0,12.0,cane
d4dffb72-3bb8-4c33-b45e-ad82c04b0411,190.30207714946133,254856.66340334076,73.46185631289627,40681.30110728329,673.4521399333543,156406.42265927503,332.2937708253345,3464.8938163194302,0.13174677396941287,0.023710865204734848,0.6143919760406251,0.01750128200015401,0.15962865673912371,169.50541916666666,0.1361123,22.505782674242425,1200.0,240.0,271.51725589225595,0.8028953652793002,25.0,20.0,6.0,cane
d5861f92-a92f-4ecd-818b-0228e7216491,188.56957949044016,281533.83421245235,93.16201564349583,60958.775812338274,673.7514395208253,160398.7153023445,334.1987312452824,3555.354984471384,0.16735875966787664,0.023897217901694027,0.6418348946884154,0.019911917822248288,0.21652849532061658,190.49617541666666,0.15587417083333333,20.0115655155724,400.0,320.0,814.5517676767677,0.8028953652793002,25.0,15.0,6.0,cane
d5eba384-d7e5-422c-a4ab-5811f0f3257b,150.03780522228982,431089.6954301872,60.23235637954766,62131.224534743815,774.8909363413638,252515.05452908124,389.6406910675526,5582.61444030688,0.09888227144280302,0.011726912074284512,0.6708968761622159,0.013080831523150439,0.14412906877020232,155.32805958333333,0.122029411125,22.505782674242425,1200.0,400.0,271.51725589225595,2.0078392033182246,25.0,20.0,12.0,cane
d5fb784f-ea2b-449e-8855-d4816e4eeb78,226.34601015861776,410080.50972877553,99.36421065627727,47419.6130434936,904.7458596032909,263587.26252132066,490.02421031328396,5830.2863667773845,0.09453162376063763,0.015424379849894782,0.6228243324795454,0.021060185125900896,0.1156385509793912,197.58172041666668,0.16799930208333333,25.011565351010102,1200.0,240.0,678.7931397306396,1.3586033074955537,30.0,20.0,9.0,cane
d607ce3c-a5d3-47f6-9892-4c42c62f8c6e,142.00158119123685,271231.1150870041,58.343196903510645,24662.216415316496,569.8891364241432,164184.5257697515,273.36985168873935,3635.201639066834,0.09962955367604166,0.01588100407550505,0.6032552532580071,0.013556381300715363,0.09092950889413882,154.13885291666665,0.12222617820833333,22.517348022727273,650.0,160.0,271.51725589225595,1.3586033074955537,30.0,15.0,9.0,cane
d663168c-57a4-46de-992d-7949049b1582,161.2534494966012,353670.5361799233,68.02560781249545,65307.64895357124,733.263270188295,203691.48647828228,364.4942223554332,4505.867786852106,0.12991918876904462,0.0162793976860585,0.6506281592003367,0.014948167776840453,0.18466073848986245,163.26912166666668,0.12990058708333332,22.505782674242425,1200.0,400.0,271.51725589225595,1.3586033074955537,25.0,20.0,9.0,cane
d66e1594-7066-404a-b95c-1862c76837a8,233.84732229439425,572359.0092235836,107.28786695509402,65563.08000193609,1081.4769796791563,370294.75996725477,597.7241955032727,8182.414379714069,0.08431893074128788,0.011708885438005051,0.7062673287309975,0.021299463954551748,0.11455171393599332,204.88462374999997,0.17060424375000002,20.0115655155724,900.0,320.0,814.5517676767677,2.0078392033182246,25.0,15.0,12.0,cane
d68d5a93-29cd-4b1d-bd7f-b4254b51ed25,124.52870234947319,180648.82497054248,79.50253914215027,71219.33533146171,367.7883476814429,74687.53492659511,159.27070352266486,1664.2873195857176,0.2931736489920034,0.03711243120015782,0.46981192824349743,0.018014973627556264,0.3942472720250301,178.0483375,0.14766808958333333,25.011565351010102,1200.0,400.0,814.5517676767677,0.3837245557808073,30.0,20.0,3.0,cane
d7201f5e-2335-4c1c-a451-01b7de367725,211.7107725488359,381468.70872057014,88.83657564741505,44601.87214846357,855.967283362759,243828.14968123147,454.3664222634247,5391.812271610176,0.09712818061509891,0.015527410579766412,0.6158584382946127,0.0192914026334434,0.11692501517042396,185.84113416666665,0.15578083458333333,25.011565351010102,1200.0,240.0,407.27588383838383,1.3586033074955537,30.0,20.0,9.0,cane
d790aaa7-5102-40c6-82ab-f32294b6937b,137.29839183127905,353751.7078443116,56.25593543620884,24259.02058999105,645.0792887058634,215051.1396256911,316.1854578794424,4757.0561440670745,0.06258997728715276,0.011956109130597643,0.6629979730661301,0.01248014148794384,0.06857814519394799,151.61887791666666,0.11974580879166667,22.517348022727273,650.0,160.0,271.51725589225595,2.0078392033182246,30.0,15.0,12.0,cane
d7d97e37-a0f9-4a21-b7e8-935a0c1da551,128.35253525124392,164842.83289291977,76.814448348782,56103.641020404255,365.33476842542257,74239.28736372564,157.79066947131645,1652.7803772620546,0.2721969290676558,0.037665178710027364,0.4717032029311869,0.018133050238171945,0.3403530624402567,175.32387625,0.14487525375000002,25.011565351010102,1200.0,320.0,678.7931397306396,0.3837245557808073,30.0,20.0,3.0,cane
d82b5250-7a70-49a4-a824-3b14396ef970,203.17694262364435,317277.45349464536,98.85712016459829,78195.43589090336,760.8001690576178,176559.56010627828,389.4166094420108,3911.4121432334764,0.1879329013934659,0.021854865625599743,0.5744100757836068,0.020950403246820605,0.2464629484980406,195.48859083333332,0.16573545208333332,25.011565351010102,1200.0,400.0,407.27588383838383,0.8028953652793002,30.0,20.0,6.0,cane
d82ff686-9f46-4ba9-a2c9-18302429434c,214.17233303557418,406199.1317759002,87.19884803390696,58690.15577134295,917.5347901478281,256346.66705042947,480.78277898883874,5665.908164881187,0.1091033771797138,0.016242188757659936,0.6613241003372264,0.018688781301560355,0.14448996568460595,183.40673708333335,0.15023493666666668,22.505782674242425,650.0,320.0,407.27588383838383,1.3586033074955537,25.0,20.0,9.0,cane
d85a8867-0884-484d-a471-220d541c63ce,233.8941479167632,418223.49749160727,102.10703412265276,48042.29800215524,937.0209496761516,271369.84862146067,508.58406253209216,6002.281589747908,0.09283712550418771,0.01547522103001894,0.6216915866187606,0.021528047869488802,0.11487625952290975,200.17624125,0.17074741999999998,25.011565351010102,900.0,240.0,678.7931397306396,1.3586033074955537,30.0,20.0,9.0,cane
d87f5c53-1337-44c2-8fed-4d8e37bb36fc,124.69851594435548,161340.4341426545,78.02026532735626,56416.716837370324,344.93228825999324,70793.24651585244,144.12656631693886,1578.2287314861378,0.2842866032504208,0.03835673731064815,0.48261630681201595,0.017727862084751873,0.34968016814855213,176.30223958333332,0.14446763583333333,22.517348022727273,900.0,320.0,678.7931397306396,0.3837245557808073,30.0,15.0,3.0,cane
d8e25a2d-7c4a-4575-bdd1-44a514614ac2,135.8491003551395,300409.34592012933,61.147253856130604,50090.13887549488,589.3747908561357,167741.11860171784,287.0962019327052,3714.613676915065,0.12026204002305341,0.015736271576494106,0.6049893259257577,0.013139030922491997,0.1667434543244201,156.53168291666665,0.12590730875,25.011565351010102,650.0,320.0,271.51725589225595,1.3586033074955537,30.0,20.0,9.0,cane
d8f8b901-d813-4b16-8b2f-717eb1f069d0,174.21197491153538,283484.94983385387,80.94879480522901,70695.58411098075,669.2840510359996,154833.1167414239,332.45294997527236,3430.083620751515,0.1864752231921823,0.02246665640272517,0.5809588681815552,0.018063378135233715,0.24938620020656233,176.73895833333333,0.14645597958333334,25.011565351010102,400.0,400.0,407.27588383838383,0.8028953652793002,30.0,20.0,6.0,cane
d9065984-8d2d-4c4d-b48c-0ee6d63e5075,131.94204048986103,129566.12885148602,62.02520091252457,25699.27849290339,344.9141835629724,70994.03904368133,142.92035841944895,1580.7839796823416,0.266499132687984,0.038004825885679716,0.46507464067225374,0.01726656043366802,0.19835517241511155,160.62049,0.12588699916666665,20.0115655155724,650.0,160.0,814.5517676767677,0.3837245557808073,25.0,15.0,3.0,cane
d9ba2a75-67b4-4f10-9d6b-c130864227b4,204.84723319835007,248265.18489483197,80.4247029427319,28470.591527273922,665.4147852106648,158583.63869174506,336.84965866830333,3511.2356295121826,0.11364076052746214,0.02226299334652778,0.5624035017872897,0.01963530285366156,0.11468189555068616,177.94119750000002,0.14760780874999999,25.011565351010102,900.0,160.0,407.27588383838383,0.8028953652793002,30.0,20.0,6.0,cane
d9cb8384-6490-4550-ace8-f27b700986eb,155.989946752855,178047.22917455982,87.71961776350493,58703.30973831666,448.8339290937882,85188.64923576763,196.88838540499196,1894.1600616280846,0.26436237733080814,0.0421195875649516,0.5407642683424453,0.020539095129830726,0.3297112126795113,183.44784416666667,0.148646685,20.0115655155724,900.0,320.0,271.51725589225595,0.3837245557808073,25.0,15.0,3.0,cane
da0cdb98-92d5-4eed-967c-c27aa23c8f1b,221.98434829027823,378286.97458209423,96.15023046816937,31103.827390001436,846.8633157992167,248081.88369158003,449.87925221303345,5491.436282265607,0.08119616987315867,0.01570332833611111,0.6293225233305555,0.02106881171011492,0.08222593509200694,194.39892208333333,0.16315121041666666,22.517348022727273,900.0,160.0,678.7931397306396,1.3586033074955537,30.0,15.0,9.0,cane
da3daeeb-b360-4269-9155-9717f5f41202,159.05514971718054,331260.21867091104,72.02225618809183,53618.5491018236,685.6206181817784,192974.18635198098,343.97282436030923,4269.49905987313,0.12064087343674244,0.015650933982628363,0.6092599013916666,0.01511289541170108,0.16186610084352662,167.55796625,0.13701901791666668,25.011565351010102,1200.0,320.0,271.51725589225595,1.3586033074955537,30.0,20.0,9.0,cane
da509980-2757-4a33-a233-a63d2a40ab58,195.64506758861125,243300.39564723917,82.38592697800557,28855.31711446906,639.6199424681181,154608.19539302788,316.5320341311827,3425.5965993059995,0.12334186379802187,0.023823127810721798,0.6201874795012836,0.019287959328114106,0.11860303122900258,180.34573041666667,0.14564083416666665,20.0115655155724,400.0,160.0,814.5517676767677,0.8028953652793002,25.0,15.0,6.0,cane
da871f06-28f5-49d6-8053-a0c30555da20,140.46722123978364,151111.48035583246,73.37028850660093,41048.90750967789,382.9519951071318,76298.4481656353,163.3635782707864,1697.1395178254454,0.3416845079075652,0.036849473172053865,0.4667204186073443,0.018598979584910243,0.27165373583403035,171.037115,0.13620703916666668,20.0115655155724,1200.0,240.0,407.27588383838383,0.3837245557808073,25.0,15.0,3.0,cane
db3cc752-0702-4d62-b7eb-3ae895d90282,216.8946344990926,365573.7971471008,88.07013029918693,29694.23759109552,838.6252238410932,242011.20120842804,447.7623526997459,5353.768938522568,0.07805494554646464,0.015525994054608586,0.6141526401831546,0.019424219799164102,0.0812291656077186,185.588985,0.15570513041666667,25.011565351010102,400.0,160.0,678.7931397306396,1.3586033074955537,30.0,20.0,9.0,cane
db67055e-46ed-4295-817f-0e160520f7f0,141.86304471448258,154847.66411233987,71.22269962701911,40729.099821550575,402.63932195030117,80356.62741586106,178.02264377526095,1787.3863789038103,0.3125363950667613,0.037431995560132575,0.472264875122096,0.01856393017621593,0.2630352826901989,169.70458375,0.13629044208333332,22.505782674242425,900.0,240.0,678.7931397306396,0.3837245557808073,25.0,20.0,3.0,cane
dbacd92c-0341-4e52-8556-c5df203cca5b,187.77124420734813,457935.72454510286,81.55680088554033,42667.98075980509,868.9864697717377,290576.85151275684,458.0717813554619,6424.2706379365345,0.07614346781828704,0.011493233390404041,0.6564071656841014,0.01685970839197189,0.09317713305605684,177.78325291666667,0.14611578458333332,22.517348022727273,900.0,240.0,407.27588383838383,2.0078392033182246,30.0,15.0,12.0,cane
dc07bd4e-8b4c-45d5-8f6d-7a07e8152406,197.02507230530117,262133.69383816022,80.41022826924605,42431.963174808116,693.0761425056447,161755.42152798772,346.0760554458785,3583.629558601493,0.1314325956006839,0.023701791206723485,0.6118444087088069,0.01811160580915724,0.16187608941986983,176.79984750000003,0.14353555791666667,22.505782674242425,400.0,240.0,407.27588383838383,0.8028953652793002,25.0,20.0,6.0,cane
dc789425-b4ca-4dc9-9d02-0c1a440f8602,153.31742919578807,159742.01516996187,76.36702980984722,41792.0810815919,428.448633809718,83772.45602928085,192.2036340845236,1862.2258486603832,0.3104549985466119,0.03789264124367635,0.48154476603905727,0.01927946015903028,0.26163056968375487,174.1336725,0.14073573625,22.505782674242425,1200.0,240.0,407.27588383838383,0.3837245557808073,25.0,20.0,3.0,cane
dc87da23-ccbc-45dd-908a-dc65bc10a049,151.1952225045202,196429.52759027563,89.89220546448637,75307.86180166174,451.10467800637963,86800.99938386667,199.26520020258033,1929.8947525411395,0.3093641313866793,0.040198247896527775,0.518642444173611,0.02091268524127165,0.38338884944776813,188.2696525,0.15350664291666669,20.0115655155724,1200.0,400.0,271.51725589225595,0.3837245557808073,25.0,15.0,3.0,cane
dcc1c3b3-9220-4d00-a601-d8c4ea22f525,246.402895618216,437327.7972362456,110.53510627455476,50090.32835446536,984.9587573950148,286596.150638813,538.1192757770318,6335.607571332511,0.07678672284352904,0.016157820446180554,0.6679587818326495,0.021534056291417258,0.11454050930331751,208.70970166666666,0.17619140041666667,22.505782674242425,1200.0,240.0,814.5517676767677,1.3586033074955537,25.0,20.0,9.0,cane
dcd3ec32-a334-4668-8690-e300db43e4ba,181.121681375522,359863.4071615013,73.49905039389039,54079.19357017354,789.9247853095844,219423.44857748548,399.59223282881476,4853.49715413136,0.10369341042876684,0.016576661485258836,0.6635142259832807,0.016053146639363847,0.15028065787442782,168.99747916666666,0.135632995,22.505782674242425,1200.0,320.0,271.51725589225595,1.3586033074955537,25.0,20.0,9.0,cane
dce85d60-e8f9-4847-b735-698726b03d49,144.28196875205794,172818.25466422964,84.7465133518047,58293.10677894662,405.11187430889623,79615.89217389327,180.941561876386,1772.8695993359404,0.26152479865277783,0.03823611710590277,0.48033449083167085,0.01931680986859084,0.3373141639006185,182.1659575,0.15189936083333333,25.011565351010102,1200.0,320.0,407.27588383838383,0.3837245557808073,30.0,20.0,3.0,cane
dd24c6e9-bad0-4f5d-8968-1fbb7edf77d7,169.71985559419153,280633.36576955183,82.50106805071053,71922.06281478911,635.3298515886052,150139.73985018372,312.29226509622157,3329.2920957216998,0.19772058024147732,0.02285597529342382,0.5984188054103536,0.018582265988994134,0.2562908854810069,179.80515666666668,0.14814550666666668,22.517348022727273,400.0,400.0,407.27588383838383,0.8028953652793002,30.0,15.0,6.0,cane
dd63e023-8cf9-4696-a45e-3a56a11915fd,199.36582769036707,289733.4589048203,94.16653140958653,61111.54030138646,710.9845514970739,166538.84133308442,355.53975882623564,3689.464491233972,0.17470307396369947,0.022604849060079965,0.5939452267888363,0.020921672888598128,0.21092831835374115,190.97356375,0.15952963916666665,22.517348022727273,900.0,320.0,407.27588383838383,0.8028953652793002,30.0,15.0,6.0,cane
ddd0c2cc-c4d3-44dc-a10f-f58a7995fb0f,222.8020821203248,496551.05633506604,94.00466489125921,30606.56538243074,979.833762808925,334142.06423626986,535.8702073644389,7384.333029351114,0.05594405429090908,0.01151612498488005,0.6654881061831124,0.019455227879119463,0.061640276135000525,191.29103625000002,0.16019629708333333,22.517348022727273,400.0,160.0,814.5517676767677,2.0078392033182246,30.0,15.0,12.0,cane
de1f2711-ed2c-4a2f-a4b1-6c8a1bbd058d,200.89972845055843,322469.6037367804,103.57707237179581,80592.44545078314,746.7482071062423,178275.83575817125,384.4214315345274,3946.6601847076386,0.17202990558564812,0.022665483270138884,0.6102987267810396,0.020315839338587202,0.2499274939153686,201.48111375,0.16866021041666668,22.505782674242425,900.0,400.0,814.5517676767677,0.8028953652793002,25.0,20.0,6.0,cane
de82cba3-595f-401d-99eb-fbde57429209,128.87581046683314,128426.09382554819,62.92216397926409,25868.389838915435,333.5871560904166,69294.99257548858,137.31465223091274,1544.2237305367635,0.27731693101041666,0.03766266889165614,0.4631890370426663,0.01755203742708189,0.20143280577439363,161.67743458333334,0.12969248875,22.517348022727273,650.0,160.0,678.7931397306396,0.3837245557808073,30.0,15.0,3.0,cane
decb8177-53bc-41ad-b3a9-339f9e484483,160.76678588579182,181469.33548389174,83.97898193313299,57537.47307548242,476.91166658087525,89633.04934681708,216.4915200734991,1992.2130557972298,0.2447268677430555,0.04175980307363216,0.5352608276242321,0.019770476362309605,0.3170697474419679,179.80460458333334,0.14646797666666667,22.505782674242425,900.0,320.0,271.51725589225595,0.3837245557808073,25.0,20.0,3.0,cane
e0aab50b-5f91-4928-ad0e-58d2c05de08f,148.27286148597608,196756.36095347002,92.38497163890632,75998.9029343195,443.2350581110596,86162.65061349554,200.76488394694456,1917.237385562731,0.2968277259898989,0.03878988497763046,0.49771147247940867,0.019334282714568777,0.3862650527719372,189.99725750000002,0.15682550125,22.505782674242425,900.0,400.0,678.7931397306396,0.3837245557808073,25.0,20.0,3.0,cane
e0af9bd6-1627-4b10-981d-03b6511c559f,209.59377771464526,430944.82251692255,105.3974997296641,81024.33437620314,889.369853458097,254199.25343798834,469.50092317893234,5623.15747896512,0.1587101227085438,0.015225295689835862,0.6189830254083859,0.021110372251711102,0.18802028325747577,202.56083583333336,0.17175990249999998,22.517348022727273,400.0,400.0,814.5517676767677,1.3586033074955537,30.0,15.0,9.0,cane
e0b14e83-9f90-4f26-82f6-25e978e4cfa5,156.3184473430725,405419.00423239096,67.99214445181806,39341.27357272292,732.3005401440371,245859.3407436847,373.6949093551198,5436.09253886064,0.08086387420487162,0.011600634432018097,0.6545587880012942,0.014277326728033026,0.09704102794586851,163.92197333333334,0.13219396666666666,22.517348022727273,400.0,240.0,407.27588383838383,2.0078392033182246,30.0,15.0,12.0,cane
e0cf56b6-e411-4939-b4df-9d3fffe85dbd,139.52147743500976,152745.11093927064,69.13519388508917,40189.050442548956,397.44372455892056,79331.45551023046,175.3526171153546,1765.3336941742664,0.31807189087252735,0.03699722084057239,0.46451707419624366,0.018327572729884393,0.2631202341204316,167.4543775,0.1340452075,22.505782674242425,650.0,240.0,814.5517676767677,0.3837245557808073,25.0,20.0,3.0,cane
e1108ffd-0416-48d7-a55c-99217dd98263,201.82761254791828,480591.68878018385,84.12316261650547,43275.854110055894,939.0976134740391,312168.409464816,494.35998898173955,6899.118060971948,0.07297348746617216,0.012055281651262626,0.7092584532452652,0.0178596915050642,0.0900493572359976,180.31605958333333,0.14557936041666666,20.0115655155724,1200.0,240.0,407.27588383838383,2.0078392033182246,25.0,15.0,12.0,cane
e140d057-61d6-4ac1-bef6-f32da3e1b79b,183.14857576807734,305773.47574764106,103.89383847659207,81471.20433019992,653.1834587562633,160485.8854907725,328.7633642668083,3553.7301573008785,0.18322834960374582,0.023038579606565655,0.6225960762970854,0.020428796933600387,0.2664475823135339,203.67801125000003,0.16923689791666666,20.0115655155724,1200.0,400.0,814.5517676767677,0.8028953652793002,25.0,15.0,6.0,cane
e20f6ffc-d471-498f-bc10-e43eb1335ddb,210.31981697401764,439360.52958178817,107.82320473283609,82342.74711485823,881.0113346032633,256483.85071702825,468.8538283783185,5673.070521568232,0.14611229816124788,0.015197498439769567,0.6254811172130998,0.021539195421230953,0.18741886786729955,205.8568675,0.17506533000000002,22.517348022727273,900.0,400.0,814.5517676767677,1.3586033074955537,30.0,15.0,9.0,cane
e223d996-73c1-4c2f-a738-5f86869be46d,201.07341993011022,529063.9659166272,85.6275033251257,72850.16763208776,982.1816784199582,327809.8946522544,523.3286813161831,7245.86276374352,0.11983635143460646,0.0115339506106492,0.6870958569851747,0.01864595612439746,0.13769996301137674,182.12541833333333,0.14759477541666666,20.0115655155724,400.0,400.0,678.7931397306396,2.0078392033182246,25.0,15.0,12.0,cane
e280115e-f2f4-44a4-86b4-b096094cc3ba,152.62823402502127,303014.7804522141,65.42535714197093,38654.2156358503,631.7439979442232,179433.30151599916,307.97850697700983,3972.218744156146,0.11011276507577863,0.01633308862522096,0.6380766335812921,0.014768205859275269,0.12756860043030163,161.05923166666665,0.1291668575,22.517348022727273,650.0,240.0,271.51725589225595,1.3586033074955537,30.0,15.0,9.0,cane
e292f76d-520f-4699-af8f-298fb144ce80,198.78248471063327,524090.7222861415,79.07853765573365,70175.12467775877,985.8892735712168,328366.88659270585,531.9748124425288,7255.677353062016,0.10452972784640152,0.011377741586689812,0.6677740952966541,0.01682332821572692,0.13390235128970948,175.43781083333332,0.14235752083333333,22.505782674242425,400.0,400.0,678.7931397306396,2.0078392033182246,25.0,20.0,12.0,cane
e30cec57-d017-45f1-8c08-40a5e6b970d5,167.40173468170732,300486.5125819288,61.73895150751794,25215.044221868146,675.380426804838,191407.8824560781,335.94653512880683,4236.314701293871,0.07901424063926768,0.01625537792630471,0.6298667509468645,0.014299530564437338,0.08391660176012312,157.59402541666665,0.12427325620833334,22.505782674242425,900.0,160.0,271.51725589225595,1.3586033074955537,25.0,20.0,9.0,cane
e33d34bf-b33a-4acc-ba06-8951fd42812e,196.97815120536072,249600.27724044956,86.23014308505236,29575.92914602278,642.4437328930917,157169.34445340722,325.5959627645273,3482.3805084218443,0.10533919622281145,0.022516167710427182,0.5768368466763258,0.019644542728241995,0.11849731046323175,184.84955833333333,0.15476475458333333,25.011565351010102,650.0,160.0,814.5517676767677,0.8028953652793002,30.0,20.0,6.0,cane
e34a6b31-ed8b-484d-9714-79644243fc26,208.6540809632033,390682.01992733293,97.85974958620103,47119.679361905895,826.331191876887,243931.9085642344,438.37445523884367,5397.193881527906,0.10788164372712541,0.015503514107344277,0.6249799761606483,0.020727002884090687,0.1206130330174607,196.33199750000003,0.16512915458333333,22.517348022727273,1200.0,240.0,814.5517676767677,1.3586033074955537,30.0,15.0,9.0,cane
e36b408b-5cf4-4135-97f3-9baa2a871d7b,209.11345423166105,375115.9939319281,83.32169729553867,43102.87679025092,861.3576162989654,242128.02182933208,448.8991215501744,5354.70678748509,0.08574706601357324,0.01644808129608586,0.6602826022310292,0.01779391984991371,0.11490865062534249,179.59531916666666,0.14636944416666667,22.505782674242425,650.0,240.0,407.27588383838383,1.3586033074955537,25.0,20.0,9.0,cane
e3b9a4a1-952f-42e6-9f9c-98c1696d49aa,169.83829222966799,346839.9365426774,76.94960858666255,55338.60354053241,716.211019619599,202793.05444981114,359.31333448822625,4485.049032211747,0.12267561910908038,0.01612003984272938,0.6418440711715172,0.016653223978152977,0.1595546043087354,172.93313291666666,0.14123955041666666,22.517348022727273,400.0,320.0,407.27588383838383,1.3586033074955537,30.0,15.0,9.0,cane
e3cc98c4-c63a-4d11-a370-421732ba543b,231.58753196013757,519460.70639005187,94.76398951277483,30863.59660135295,1017.3061094331134,353762.49522725114,573.6647182958897,7817.925937398039,0.05035851179620159,0.01107316160630261,0.6353338645643728,0.019780449377196342,0.0594168376110737,192.8974795833333,0.16323693208333334,25.011565351010102,900.0,160.0,814.5517676767677,2.0078392033182246,30.0,20.0,12.0,cane
e3d0eb24-d4a5-4da3-8e83-6b71adc80488,155.9833079955671,346864.12471052044,71.75074145843593,66843.76312188084,692.6006839020982,193932.03944111848,340.94971014441927,4291.121618108247,0.15872692012058082,0.015717214732281146,0.6228677168257364,0.015889750186429026,0.1927132269317481,167.10940791666667,0.13522878708333333,22.517348022727273,900.0,400.0,271.51725589225595,1.3586033074955537,30.0,15.0,9.0,cane
e41e84cc-8d44-4c1e-87d4-1242a07adb71,223.18858226974467,397196.9456577736,97.60855840931887,46736.70556779125,897.9831039299183,255973.3245401793,470.3502352540833,5662.279380441866,0.09557663705299874,0.016669429201031143,0.6842406847097222,0.020915570185510286,0.11766952090449027,194.73627333333332,0.16027489208333334,20.0115655155724,400.0,240.0,678.7931397306396,1.3586033074955537,25.0,15.0,9.0,cane
e4eacc61-0ea3-44b5-a1b4-e8659fc0866b,188.5396207348208,258622.91539943175,85.39135453606144,43900.364338649204,643.1924503477694,154212.2456011305,325.0389454836826,3418.937390774868,0.13153031167597853,0.022531518939541247,0.5819420583963173,0.018874433438333702,0.16975135537802008,182.91818375,0.1528199325,25.011565351010102,400.0,240.0,678.7931397306396,0.8028953652793002,30.0,20.0,6.0,cane
e4ed78a7-511f-4a5f-a4d8-7b40e0645e06,203.32335316692624,323002.57456455793,104.80256936481511,80956.60673367504,753.6991022556089,178831.32318207994,387.640488583025,3960.6395039535696,0.1597890269655934,0.022821388048295452,0.6092936245017571,0.02032356024900212,0.25064278392158995,202.391515,0.16959640125,22.505782674242425,900.0,400.0,678.7931397306396,0.8028953652793002,25.0,20.0,6.0,cane
e53d70a1-5486-4fc8-a756-0577b2be82fb,224.95196169943372,371204.9060168418,85.24823468801773,29131.53475500405,880.3972614148403,250024.04429232512,465.1151980518086,5530.337890602044,0.07120489450670245,0.016135059608617427,0.6429150786000106,0.018622152657503506,0.07848072781770239,182.07209250000002,0.14885157041666666,22.505782674242425,900.0,160.0,407.27588383838383,1.3586033074955537,25.0,20.0,9.0,cane
e54f0cb7-35b9-47d5-9671-1259c04dbb68,147.11087287182445,315113.0395026903,66.29968156308385,51734.594311103276,636.6633781183931,179751.66752491545,314.2865901827149,3978.018952391023,0.11946685022912458,0.01579494367751473,0.6137660620571022,0.014070453260373967,0.16418155958315575,161.67060541666666,0.13106163666666668,25.011565351010102,900.0,320.0,271.51725589225595,1.3586033074955537,30.0,20.0,9.0,cane
e5625ae7-24ef-4522-b40d-e7061803b6f8,173.3308385122063,351162.66628413525,75.20620538348035,54774.18109621127,739.7961088569822,208491.0964953735,378.4481809480576,4612.608370207779,0.11716448659928452,0.015709426998832075,0.6199845896250105,0.01622898945263502,0.15598347803750418,171.1693175,0.14085107041666667,25.011565351010102,400.0,320.0,407.27588383838383,1.3586033074955537,30.0,20.0,9.0,cane
e5a2a8d6-150c-4215-9553-a03a56e72ba7,181.6790205967093,280136.81365492946,95.17142395004137,61896.47411905526,632.9552714828876,154198.39167975966,314.934891883621,3415.7658795410084,0.18498596487436872,0.022021415279019366,0.5785080297473799,0.019995682286172243,0.22095636714583874,193.42648041666666,0.16205303125,22.517348022727273,1200.0,320.0,678.7931397306396,0.8028953652793002,30.0,15.0,6.0,cane
e60c24cc-8c07-41d6-81c9-b0bcafd5ccde,191.09448057270225,310717.5509396283,102.66999328406243,80200.50372821747,697.856859752179,166992.15897405785,356.788771722322,3697.8825395104873,0.17903996238494319,0.021765458555850166,0.5748999722162562,0.020278034975671825,0.25811869842375557,200.50125916666664,0.17100131375000002,25.011565351010102,900.0,400.0,678.7931397306396,0.8028953652793002,30.0,20.0,6.0,cane
e60d66e3-b2ba-4c22-b83e-a7f585a141db,150.63482012261355,195018.0447506215,88.60114123059275,73919.88816272108,456.80152557773243,86927.0541983911,206.2266979236978,1931.5411331988887,0.27389326210237785,0.04035944796634049,0.5209242356917297,0.019168781121645537,0.37904594019515553,184.79972,0.15153745833333335,22.505782674242425,650.0,400.0,407.27588383838383,0.3837245557808073,25.0,20.0,3.0,cane
e60fa8a0-2520-4dac-88fd-247645796fda,138.86919609758087,411483.1396180284,57.135403340738186,60915.57707204175,714.8697386330991,234366.27648416752,349.21694975216354,5182.535401105881,0.11769911196875002,0.012006385469327653,0.6950623185951493,0.01349200009079251,0.14804200174885188,152.28894375000002,0.11774886899999999,20.0115655155724,900.0,400.0,271.51725589225595,2.0078392033182246,25.0,15.0,12.0,cane
e6446f24-de30-4e75-8da1-ae8a220cd2a6,132.25871096146795,178405.99222119432,71.65046430241058,66692.13556380839,418.5421166553674,79691.57191611409,182.61569660072382,1771.5536348864316,0.2808950803219697,0.04095426577544192,0.5166069366271149,0.01727714220470058,0.37382842853952125,166.73033875000002,0.13332996458333332,22.505782674242425,400.0,400.0,271.51725589225595,0.3837245557808073,25.0,20.0,3.0,cane
e6ec0bb0-067b-426b-b05f-16c16906032d,159.2899507956847,311401.68239913665,66.25122894852734,38880.23471491549,661.8806286303403,187408.02717088108,331.1253045984144,4147.308851816201,0.10333999553111321,0.015618733133848903,0.6003091418809343,0.014791536991305417,0.12485905674908598,162.00097791666667,0.13141258916666668,25.011565351010102,900.0,240.0,271.51725589225595,1.3586033074955537,30.0,20.0,9.0,cane
e6ffc8f2-882e-4b8c-a417-8db006f18d27,195.82463402412264,264054.2700526027,86.86955652232618,44200.842006097024,664.3032610949855,157925.00032250548,330.7420704900101,3499.987729385106,0.16877390756487795,0.02206801342896675,0.5690978023520623,0.020088895505425555,0.1673975481946077,184.170175,0.15252415666666666,22.517348022727273,1200.0,240.0,407.27588383838383,0.8028953652793002,30.0,15.0,6.0,cane
e735d578-418a-4d0c-ac7c-25f539414dcc,222.64460750894037,520301.9461846827,92.93833775503933,45594.849866369506,1015.2861385711359,343357.5624865934,550.6305443356179,7590.279585867811,0.07286853046824494,0.011860094696569866,0.705024367917582,0.01962853606597409,0.08763392875312977,189.97854041666665,0.15554070708333334,20.0115655155724,400.0,240.0,814.5517676767677,2.0078392033182246,25.0,15.0,12.0,cane
e73a0967-c85a-450d-af6b-9e8ed9088a41,145.7489543449414,172576.2767990797,85.96665412465761,58479.047661659766,412.45278753423236,80347.74262967138,178.9916348289743,1788.5059142992768,0.2669437245078914,0.04166905801977063,0.5357290142159408,0.01940343590950248,0.33886378034563785,182.74702541666667,0.1479451775,20.0115655155724,650.0,320.0,407.27588383838383,0.3837245557808073,25.0,15.0,3.0,cane
e7a4ff01-e26a-43b7-81e7-8f362fb87d10,256.4608964868289,586274.8511663703,106.2266279053248,48973.63529383839,1157.2804435049086,398819.5576360429,657.420236604026,8810.574939859516,0.0580083838084596,0.011525307883964647,0.688966749537984,0.02069264190660398,0.08353579892960979,204.05681458333333,0.17142519125,22.505782674242425,1200.0,240.0,814.5517676767677,2.0078392033182246,25.0,20.0,12.0,cane
e80194a1-c049-4629-9afc-34e73057353d,146.10682874346335,195906.23359148044,91.19359900708626,75629.2886182301,438.5942385130368,85674.10602558259,198.0226243470527,1905.0009969121695,0.30002007130197805,0.03876558201226851,0.4985922567159195,0.019210708417447937,0.38605391391975674,189.07322375,0.1558829475,22.505782674242425,900.0,400.0,814.5517676767677,0.3837245557808073,25.0,20.0,3.0,cane
e82cb08e-3001-40c6-afdd-42377eeb6483,202.42063255611455,457118.16164172953,75.83851485956674,27517.615122299423,922.2757932023491,306808.075586628,491.35723102214524,6780.768036784238,0.04211458697729377,0.011995475921959174,0.6910765782135417,0.015838986381913753,0.06019978318727593,171.98509416666664,0.13875016041666666,22.505782674242425,650.0,160.0,407.27588383838383,2.0078392033182246,25.0,20.0,12.0,cane
e83d5951-5af9-4d55-bc46-3cfb3a8b24af,200.876617803823,366803.1850506317,83.90411795553298,43367.0141173462,817.4582271076102,232578.86405114082,430.39112325596574,5146.349286286791,0.09496222782818813,0.01567300354138258,0.6189457159762732,0.018356463354941125,0.11823348460945533,180.69589083333335,0.15049645625,25.011565351010102,900.0,240.0,407.27588383838383,1.3586033074955537,30.0,20.0,9.0,cane
e8c689af-28d6-4443-b039-d319d5793332,208.19117736567208,366576.7948401435,92.04641055221914,30508.933355504894,790.326118422544,235043.6108567659,417.61361083316666,5198.859577577131,0.07748018664304504,0.015722066159690656,0.6328382764019045,0.020145790259590544,0.08322901761736225,190.68083375,0.15928845333333333,22.517348022727273,1200.0,160.0,814.5517676767677,1.3586033074955537,30.0,15.0,9.0,cane
e8cebe80-2d22-4050-a1c7-3d208307e4e3,131.48267129328627,129818.90139248235,61.89120232182934,25700.28423395063,343.0803809471897,70840.8668996612,141.78028382134355,1577.1269338034988,0.2653018927210227,0.03790332383229167,0.46467311604787453,0.01726961772050796,0.19797683946954722,160.62677625,0.12588707583333333,20.0115655155724,900.0,160.0,678.7931397306396,0.3837245557808073,25.0,15.0,3.0,cane
e96b9ea8-0cb5-460d-b919-affc458c60a3,189.97796274051333,350063.7063429148,74.67853922838464,40952.172907606604,789.1609770714485,221542.8023317858,403.5603427420551,4901.467822404117,0.0883030005386574,0.01655441108742635,0.6583154156681922,0.016275284482644134,0.11698832926903442,170.63405416666666,0.13740537375,22.505782674242425,400.0,240.0,407.27588383838383,1.3586033074955537,25.0,20.0,9.0,cane
e9c028f2-1dc4-48f3-8493-fc6bad91c025,144.15871398502622,132289.03135833534,64.23589886046305,25804.3677975685,369.92888460416833,73496.6756863003,157.53685901814015,1635.9988254610707,0.279650884785564,0.037964815217624154,0.4648135583561974,0.018280319140625875,0.1950669504411786,161.27729875,0.12928178416666666,22.517348022727273,650.0,160.0,271.51725589225595,0.3837245557808073,30.0,15.0,3.0,cane
e9c3ad43-d8b0-4006-94cc-4e6db7175bde,124.51632390074714,160884.94203441392,75.35070564864358,55540.24196981305,350.46539345417784,71587.21636611328,147.29129302755797,1595.6161177615556,0.29453415689730633,0.03802248850229377,0.4783055684100694,0.0178476747463138,0.3452223682826347,173.56325666666666,0.1416960925,22.517348022727273,650.0,320.0,814.5517676767677,0.3837245557808073,30.0,15.0,3.0,cane
ea0c5d52-ca01-4463-9d1d-8a9fbe135586,205.2500069430109,538486.7259332758,88.31051496762518,74029.20857439261,995.3730970627747,334356.9683167768,534.7882055649837,7390.543544826251,0.1088905054154356,0.011574397589972644,0.6898855434192236,0.01903579095318137,0.13747981457404,185.0730220833333,0.15057802541666668,20.0115655155724,400.0,400.0,814.5517676767677,2.0078392033182246,25.0,15.0,12.0,cane
ea47afcd-8dbb-4708-9600-6d025cb366e0,150.33037711511963,197972.1912923676,99.51413100017508,79669.96468998386,425.77607531031595,83829.6803397036,187.52000619620745,1864.2682627671027,0.31832663874779044,0.03920028620835438,0.5069303712994002,0.020505705268118606,0.40243511012774785,199.17491041666668,0.16459698125,20.0115655155724,1200.0,400.0,407.27588383838383,0.3837245557808073,25.0,15.0,3.0,cane
ea553348-0c55-4289-81a2-58d560555d48,130.30268716073456,145252.53075158942,67.01567319178142,39598.94973245252,352.20729443930725,71568.44825471794,148.28313166094856,1594.235871217906,0.3460969964089857,0.03581066399698021,0.45073080286120576,0.018147671586318855,0.27262891170898984,164.99562208333333,0.13301275666666665,22.517348022727273,1200.0,240.0,407.27588383838383,0.3837245557808073,30.0,15.0,3.0,cane
eaa25b9c-696b-4814-952c-bc059c4e533c,121.2227336611323,139544.53332956354,60.96774967269859,38160.53840745547,337.4055840302821,69208.44465898916,140.07856991960733,1540.8292885576266,0.35639545591724536,0.035588294090845955,0.44349963357901945,0.01719804372600021,0.27347234122935044,159.00224416666666,0.12704315125,22.517348022727273,400.0,240.0,814.5517676767677,0.3837245557808073,30.0,15.0,3.0,cane
eaebff86-ee69-402e-8476-446119ea3a94,137.16839139402657,146898.26615066652,65.30778271690562,38879.82474112446,381.0210455995107,75033.43915239882,160.90281572523563,1668.2708291667113,0.34985967872527357,0.036111406370180975,0.4523136874251368,0.018018094131901922,0.26467923508814223,161.99927,0.12723953291666665,20.0115655155724,900.0,240.0,271.51725589225595,0.3837245557808073,25.0,15.0,3.0,cane
eb07a4e4-df01-4db7-bb6a-2ec4ffa0322e,215.23991841503576,441108.73441909533,104.36522653554503,80739.62467211693,917.4392729627262,263251.8466505465,494.7998954873073,5824.062498988966,0.12905007104545455,0.014963292556607742,0.6010928870654566,0.020750874186663347,0.1830426278103012,201.84906125,0.1725372975,25.011565351010102,650.0,400.0,678.7931397306396,1.3586033074955537,30.0,20.0,9.0,cane
ebdedf18-c8e7-4c7d-9763-24ace789f4fd,175.3602915218568,457583.5839080448,73.12547021020254,54074.43735305924,845.7148121418331,280079.65940204734,434.43487402174316,6189.693853230291,0.08836940498277568,0.012010860091656144,0.702746308178409,0.016021117360986277,0.11817654152292967,168.98261875,0.13430617291666666,20.0115655155724,650.0,320.0,407.27588383838383,2.0078392033182246,25.0,15.0,12.0,cane
ebea53ce-d6e8-4748-8bb7-aac7dd936f16,169.81194278875654,280057.61437465344,82.16190812707376,71679.51451438983,638.4524763483415,150143.61725761057,312.5143061753779,3327.1729367701464,0.21142051546196336,0.02247522176294192,0.5879884134795139,0.018594201705408254,0.25595195796933473,179.19878583333332,0.14743317333333333,22.517348022727273,1200.0,400.0,271.51725589225595,0.8028953652793002,30.0,15.0,6.0,cane
ec1fdd88-9ad5-4348-bf9f-bfb8365a2b2a,202.28782139872203,416998.495143422,91.85652634831037,75417.43130644027,875.9058353866534,247701.12911859876,453.590713941062,5478.6139021269555,0.13910329310518732,0.016285250325787037,0.6772586596662563,0.020090089155306447,0.18086164607569807,188.54357708333336,0.15398126625,20.0115655155724,400.0,400.0,678.7931397306396,1.3586033074955537,25.0,15.0,9.0,cane
ec3c3d52-8ed3-44d5-b4b5-7571d3024551,241.9504622817194,401513.2910705339,95.14352019842839,30925.058284636285,929.4557649956855,270909.6145603095,504.9225999086504,5993.636631964696,0.06149749523505892,0.01615250799756944,0.6629068803430872,0.020464320729862498,0.07702318565898768,193.28161541666668,0.16026551625,22.505782674242425,1200.0,160.0,678.7931397306396,1.3586033074955537,25.0,20.0,9.0,cane
ec8d7e35-f719-4c1e-907c-9a222b60cf7b,132.63030662053205,166752.43652629768,81.34287697198678,57439.08072737694,371.3897567661492,74988.15679476883,157.3585174281324,1668.8959728569298,0.2711196516055345,0.04051223654491793,0.5172900260960753,0.018273766281536135,0.34446159921944086,179.49712791666664,0.14467724833333334,20.0115655155724,1200.0,320.0,678.7931397306396,0.3837245557808073,25.0,15.0,3.0,cane
ecbcda85-f69d-4612-9c60-75c4084a48b0,146.82709837673943,153005.3674961314,66.34496425194877,39127.70595917543,416.5966599295749,80688.74931396765,184.45994439722276,1795.1476519840014,0.3182191522042823,0.036703060886668776,0.45770825961406775,0.018492039080118188,0.2557360423876301,163.03210875,0.12961745249999998,22.505782674242425,900.0,240.0,271.51725589225595,0.3837245557808073,25.0,20.0,3.0,cane
ecc21f5f-f542-4f9c-ac39-b8b95c7b0c3b,195.9707856798491,311202.65658672986,99.64912049292238,79130.7685481581,715.433834828103,169224.0966565409,361.49881368325623,3749.1515733128344,0.17896768651352063,0.02260554568626894,0.5977360067722328,0.021149234114080227,0.25427875256045374,197.82692083333333,0.166601005,22.517348022727273,1200.0,400.0,407.27588383838383,0.8028953652793002,30.0,15.0,6.0,cane
ed01dd00-a3a4-4a08-a7a9-0ba94ab503f9,141.23146275349916,190507.76380324084,91.73441498201667,76517.9019871674,399.05719692343473,79423.38958628634,175.16539972631995,1768.1640097670027,0.30449051332880883,0.03855140021318393,0.4968057655299874,0.01975317823143526,0.40165675909158266,191.29475541666667,0.15981838291666667,22.517348022727273,900.0,400.0,407.27588383838383,0.3837245557808073,30.0,15.0,3.0,cane
ed0f41da-3a12-4059-8b3b-10623cac8dda,235.94606608809042,423171.1511863733,113.84432452876072,50879.39758338183,935.1236167866956,271874.67057333613,499.2756386113023,6010.5319202651635,0.09880954568611111,0.016394813566666663,0.680048511152641,0.022637012726330525,0.12023722978464209,211.99749125000002,0.17786117875,20.0115655155724,1200.0,240.0,814.5517676767677,1.3586033074955537,25.0,15.0,9.0,cane
ed1abe36-7d10-4841-b169-8a246675e0a4,237.591078252147,525435.493108527,96.29339500055373,31066.45596925451,1042.9267738030949,359566.9814530431,586.9697070547633,7946.227499076614,0.04490029370139941,0.011256445668160774,0.6501731219166456,0.019924608435164474,0.059127237382828914,194.16535041666668,0.16450264791666666,25.011565351010102,1200.0,160.0,678.7931397306396,2.0078392033182246,30.0,20.0,12.0,cane
ed20bc46-9b90-4a97-85f4-a68f40c72fb9,221.70510054862876,374905.2621463701,96.20900724659165,31062.75157115402,844.508393943206,245843.00959874937,446.73131369631227,5436.459380397399,0.07404327754076177,0.016061545757670454,0.6465498366185184,0.020746473814845137,0.08285737333996375,194.14219666666668,0.16292220083333334,22.517348022727273,650.0,160.0,678.7931397306396,1.3586033074955537,30.0,15.0,9.0,cane
ed521c0b-059a-457b-9a8f-3ee1e18e5add,230.49732585862932,388626.3352962299,95.03476740008541,30929.13277499049,888.0390797320053,259308.67880780526,480.301645810225,5735.281652709354,0.06733544640268307,0.015626108912584178,0.6241416840227272,0.020864575565299835,0.07958879251386504,193.3070775,0.16357728458333334,25.011565351010102,900.0,160.0,678.7931397306396,1.3586033074955537,30.0,20.0,9.0,cane
eea915d4-5ccf-4692-ae4c-9c091ac2c965,221.58668541859322,573855.6750652605,103.46338424225627,80306.6884915058,1055.6882794551107,359359.96580275596,579.0283681769554,7942.897764728327,0.11085300778652146,0.011426482534296086,0.6858427541564183,0.02063867379530239,0.13994586006587637,200.76672,0.16643288375,20.0115655155724,650.0,400.0,814.5517676767677,2.0078392033182246,25.0,15.0,12.0,cane
eeaa9bb3-4dc4-48dd-a380-69d9df149fee,191.3730783611066,239730.00850872605,77.63728042344674,28104.04331869657,624.2535283165049,151354.23580100847,314.63806240755804,3352.4454993126074,0.1159616120293245,0.021986417004955808,0.5499156735649305,0.018931822932440473,0.11723607044705119,175.6502695833333,0.14536689333333333,25.011565351010102,400.0,160.0,678.7931397306396,0.8028953652793002,30.0,20.0,6.0,cane
eec54ea5-f2be-4751-9eab-4ee53e1716fc,195.29845615810257,310087.6651596332,96.0589381992067,77644.64885146507,728.8463335361062,171803.2572335259,365.0352020417299,3804.979651451354,0.2070211004710122,0.023292019477314813,0.630318331759859,0.021143715334768234,0.25040104694002147,194.11162166666668,0.15946262833333333,20.0115655155724,900.0,400.0,407.27588383838383,0.8028953652793002,25.0,15.0,6.0,cane
eedf0604-d066-4f6b-af96-814c13caf407,164.94319208439669,338806.32443826,71.84264982188107,53552.2713816677,708.6220388582811,198702.93206374664,347.09693788127794,4395.945899534012,0.11897166613847854,0.016991884689898987,0.6865019337552294,0.016204800614611208,0.158065058029849,167.35084874999998,0.13262695791666665,20.0115655155724,650.0,320.0,271.51725589225595,1.3586033074955537,25.0,15.0,9.0,cane
eef37fe5-35ce-4506-9e42-b98a56e70c02,186.78547460509083,301496.2033845421,93.24285142343335,76119.5228283414,699.5405384181734,164898.43194936521,356.00052053434234,3654.2199890518627,0.18071653349715908,0.02193707853098695,0.5709302346309868,0.01965389419898848,0.2524784303432534,190.29880749999998,0.16045546,25.011565351010102,400.0,400.0,678.7931397306396,0.8028953652793002,30.0,20.0,6.0,cane
eefb3a22-5c55-4f00-bc7c-69662cb521c5,127.93076056030495,128577.14988198226,62.5592308238849,25833.98245059838,331.12722704582205,69043.50676809678,135.65535673705443,1538.9289792749714,0.2756766945868055,0.03757790443835227,0.4625586808359006,0.01756779570364962,0.20092873278295464,161.46239125,0.12946619374999999,22.517348022727273,900.0,160.0,678.7931397306396,0.3837245557808073,30.0,15.0,3.0,cane
ef3d7792-f771-40c3-a863-fd9b90ab0ce8,118.18987726614611,158190.8498432998,74.98031502025881,55564.50304679194,326.9227307905463,68230.78355929985,133.3565261475499,1519.1703936269898,0.2715649658017677,0.03883737735810185,0.49003190499816923,0.017115875866377264,0.35125403214919776,173.63907416666666,0.1417648675,22.517348022727273,1200.0,320.0,814.5517676767677,0.3837245557808073,30.0,15.0,3.0,cane
ef708a42-4c5a-4c4e-90f0-675bec1b455e,168.52231414179764,302417.95833867043,66.65766547519478,26034.66504077906,671.177177659096,191168.68750042547,329.57188500737277,4230.145241916436,0.09127157444093013,0.01649174772976641,0.6462095002553873,0.015562575443865634,0.0860908116871319,162.71665541666667,0.12801014916666667,20.0115655155724,900.0,160.0,271.51725589225595,1.3586033074955537,25.0,15.0,9.0,cane
ef9283df-4767-44fc-9817-0d75dbfd873f,220.04901803719346,568639.1229566241,102.27330840874227,79733.07953810513,1053.49062400719,356491.9503132868,574.6707790814203,7878.32458813515,0.12034062941580388,0.011441927494462333,0.6889883496813973,0.020416672927354666,0.14022081606772172,199.33269833333335,0.16490184333333333,20.0115655155724,900.0,400.0,678.7931397306396,2.0078392033182246,25.0,15.0,12.0,cane
effac7b3-0cd6-46ee-9fbd-1a87433f4ab1,105.46729076359706,320767.1178684972,44.413684623062196,33506.33857258002,521.0023865349766,176616.07098679795,247.09501720902338,3907.0906302025414,0.08210251840461913,0.011533458004271885,0.6253135688563551,0.009763103232977655,0.10445916879856632,139.60974583333333,0.10906267945833333,25.011565351010102,400.0,240.0,271.51725589225595,2.0078392033182246,30.0,20.0,12.0,cane
effd9383-eeec-42d4-9f41-ef2024eb19c7,154.4434720709373,138330.37736162552,68.29501012284594,26486.13067044884,398.25814950050005,78152.42731664651,176.71807257769908,1738.8564298286665,0.24179960844181395,0.038398763924568605,0.4674093957807766,0.019468599196207702,0.19147726585291955,165.53831666666667,0.13490005458333335,25.011565351010102,900.0,160.0,271.51725589225595,0.3837245557808073,30.0,20.0,3.0,cane
f09fd41e-2217-4021-8cfc-5c9a8d3576ae,134.28276909485615,403445.9786657468,58.68419083848261,61517.079371387685,692.8916903711036,227786.724130623,346.6563841729933,5037.357116537257,0.11154608746783458,0.011225746675652355,0.6247152977606798,0.012499110776762313,0.152482495094206,153.79269916666667,0.12315227354166668,25.011565351010102,900.0,400.0,271.51725589225595,2.0078392033182246,30.0,20.0,12.0,cane
f10fdb12-85aa-4534-8ee9-8140d9729269,236.3553527174435,572702.380883425,99.79554311035969,63042.31588229104,1112.0545772977434,377909.27342622256,621.9057778464911,8347.484048841174,0.07865357791597222,0.01139514189882155,0.6740945995830282,0.019487139229705727,0.11008180458385346,197.00723958333333,0.16417144333333333,22.505782674242425,900.0,320.0,678.7931397306396,2.0078392033182246,25.0,20.0,12.0,cane
f16a6352-3e28-4d47-b318-15a280464270,126.67415574401464,372253.481188424,54.183224885051686,47775.49756208555,635.7570932172237,210626.37756144349,313.30752894207006,4658.151154084325,0.08891508301778199,0.011489481005429293,0.6347821901461805,0.01156456667052546,0.1283441663099366,149.29843125,0.11867849337500001,25.011565351010102,650.0,320.0,271.51725589225595,2.0078392033182246,30.0,20.0,12.0,cane
f1e82d1a-5a10-4262-8a0c-9aad1ffb0f3a,236.09971096312557,389960.2723856788,90.35629854006773,30082.173166555745,920.1332605033131,265376.7603574738,495.5995287446168,5868.977504297957,0.073787680765383,0.01599115153700547,0.6442696726537248,0.019875866408666776,0.07714423484290318,188.01358333333334,0.15504777708333334,22.505782674242425,400.0,160.0,814.5517676767677,1.3586033074955537,25.0,20.0,9.0,cane
f22d0fd2-5dab-4bf8-bc80-cb1f43039ab6,134.56426105932275,146744.7417317991,68.447879806943,39815.42936504591,370.96744054652515,74152.67380036383,156.82551289651835,1650.856322950367,0.34918549515393527,0.03650147842465278,0.45928093766583544,0.017909913039636186,0.2713317089774597,165.89762291666668,0.1311039825,20.0115655155724,650.0,240.0,407.27588383838383,0.3837245557808073,25.0,15.0,3.0,cane
f2a0df32-3830-438e-90fe-0c8118a39134,191.58316654234795,290621.6887756326,104.09239022843269,64740.9266902112,670.3546407963127,162380.72913113082,335.0653032298218,3596.757491818875,0.18358175672558924,0.023028636823684764,0.6171561260641204,0.020667379748032805,0.2227723470301267,202.31539625000002,0.16783794124999998,20.0115655155724,1200.0,320.0,814.5517676767677,0.8028953652793002,25.0,15.0,6.0,cane
f3120aeb-6801-4f61-9847-6e0fab3634f9,237.3696334231697,476195.5770298598,109.77435713899322,83013.0050308121,1018.2279133544411,292855.72977950785,555.1267984414707,6474.536776328486,0.11937226207228534,0.015589974810258842,0.6462307520047453,0.021678416028007047,0.17432942525159342,207.5325141666667,0.17499192541666667,22.505782674242425,900.0,400.0,814.5517676767677,1.3586033074955537,25.0,20.0,9.0,cane
f31dc26f-4fd4-434e-8c28-851f9415ddf2,191.2288921002156,311358.2837192653,102.5528208483677,80173.89122871478,700.9837429857681,167794.50700941286,358.7393453778338,3715.9857993720216,0.1828221090724958,0.02162514085259891,0.5676004547283144,0.0203533889646912,0.2575022557213604,200.43472708333334,0.17096550124999998,25.011565351010102,650.0,400.0,814.5517676767677,0.8028953652793002,30.0,20.0,6.0,cane
f37332a2-437c-4b34-8f24-ca1472c7d216,133.17836401637192,165115.95759635055,77.45898291350221,56001.63409109013,383.01420384332187,76161.06225658172,168.58807098732782,1694.9837294839774,0.2760631316423611,0.03841758790373526,0.48227798667172767,0.018206935897526005,0.3391715255823946,175.00510625,0.14459744583333334,25.011565351010102,400.0,320.0,814.5517676767677,0.3837245557808073,30.0,20.0,3.0,cane
f3a74c68-289a-46e6-930d-c5f2348ed77c,216.26060845941745,534891.0094615292,92.09090979322912,60510.69730882921,1017.0014955541811,343488.7525229833,550.9976300889144,7592.259316221145,0.0938553743441814,0.011724808484595959,0.7006130162042297,0.019630978843995107,0.11313040214625869,189.09593125,0.15453759166666667,20.0115655155724,650.0,320.0,678.7931397306396,2.0078392033182246,25.0,15.0,12.0,cane
f3dc71e5-bff5-44a7-b000-cf9d46daad69,157.26193028032725,404550.7286040678,65.69832028849534,38645.02146913049,756.5772163564649,249044.0679889835,376.5648805140916,5505.897379135674,0.06847092605676558,0.012428837170444023,0.7163160779525254,0.014342075798921624,0.09552788909784454,161.02092374999998,0.12633013916666666,20.0115655155724,1200.0,240.0,271.51725589225595,2.0078392033182246,25.0,15.0,12.0,cane
f412eb48-3cb0-481d-bdf3-b9dbe780b60c,200.8982999417209,479754.32817890844,83.61660162591907,43190.79416506511,934.3670451762335,311702.2764201155,504.91160218652453,6887.856693788833,0.07004855158986742,0.011255112157596801,0.6399775102755682,0.017123807353462403,0.09002949010719878,179.96164375,0.14976298458333334,25.011565351010102,1200.0,240.0,407.27588383838383,2.0078392033182246,30.0,20.0,12.0,cane
f53d1497-1ea3-477b-89c0-f8e940e7b9a3,198.4452260695626,500444.82921945694,83.0989436261557,57470.54294951801,944.40313588109,315963.8563512158,500.847736195429,6982.997504804259,0.09897460814095117,0.011775309661637208,0.6966815148289983,0.018023061727816547,0.1148419051207778,179.59544791666667,0.1450424191666667,20.0115655155724,400.0,320.0,678.7931397306396,2.0078392033182246,25.0,15.0,12.0,cane
f5d9f0c8-49a8-4b58-8d59-bfdb9ef6dd2c,201.97991365735925,508108.1888591468,87.89739737624508,59078.6036137961,950.992966318281,320029.45412043243,512.0182041711743,7071.111692558025,0.10406042337584175,0.011187050870054715,0.6491114157148781,0.018473582019076753,0.11627505918899063,184.62063625,0.15330619083333333,22.517348022727273,400.0,320.0,678.7931397306396,2.0078392033182246,30.0,15.0,12.0,cane
f6390ecd-b180-4339-83ee-5c59237978d3,193.29121245925168,245980.67797335982,85.07995085058685,29384.854178382335,627.6088670667825,153881.04430195826,311.22759197748485,3408.1302091353623,0.11964139739262418,0.023604787782954547,0.6177687543982008,0.019422509280017514,0.11946376230158007,183.65533583333334,0.14889710916666668,20.0115655155724,900.0,160.0,814.5517676767677,0.8028953652793002,25.0,15.0,6.0,cane
f6931b56-4bff-40ed-a569-45ae610692be,125.51743664433887,127999.30408102194,61.38684821450953,25669.07143707178,326.13893655215156,68377.63548081483,132.55536291759628,1524.1391227422416,0.27421469913094493,0.037535911111447814,0.4622166667702757,0.01743941448347742,0.20054754210978895,160.431695,0.12842833541666668,22.517348022727273,1200.0,160.0,678.7931397306396,0.3837245557808073,30.0,15.0,3.0,cane
f7526b80-3bf7-47d9-85b9-f62b76c20fdf,136.24059773951828,164927.2291536044,75.61492056460962,55060.40881626584,395.3961629140583,77128.79255614571,174.935525202346,1717.4154613836897,0.29358901594507575,0.0385657599738952,0.4882617328642466,0.018265456041272346,0.33385263271199367,172.06377791666668,0.14157492291666665,25.011565351010102,400.0,320.0,407.27588383838383,0.3837245557808073,30.0,20.0,3.0,cane
f7e15ecb-80fe-406f-8647-910c2cd319ab,235.0394012118641,539977.9654718677,94.1697063676849,45845.83141841414,1080.9178932500997,364232.13501987327,597.8694745797751,8046.275219133356,0.06168530964423401,0.011643498307081229,0.6826146344699074,0.018680781761149363,0.0849056932873324,191.0242966666667,0.15821312125,22.505782674242425,400.0,240.0,814.5517676767677,2.0078392033182246,25.0,20.0,12.0,cane
f879ffb9-b360-4b7c-9d17-772890a0deac,221.88008453102094,546191.9129855166,97.5921969525505,62316.84468939766,1041.6891215630435,353028.95651748177,579.5791791443515,7798.821057271641,0.09392114449986322,0.010908443362478955,0.6286638106544086,0.01935692384243972,0.11409676261978424,194.74014041666666,0.16519182833333332,25.011565351010102,650.0,320.0,678.7931397306396,2.0078392033182246,30.0,20.0,12.0,cane
f8aca122-0247-4837-ac85-fd8162b2df7f,195.3027130615685,405771.68285856704,89.04430900062627,74191.1376945502,851.6653870279513,239937.213666731,447.9458053088206,5306.437393573037,0.13561974982570496,0.01511790564303451,0.6002199682749264,0.018754469349116294,0.18284426032991727,185.477845,0.15539820916666666,25.011565351010102,1200.0,400.0,407.27588383838383,1.3586033074955537,30.0,20.0,9.0,cane
f8be87cb-107d-4869-a45d-29b601028a2b,179.69046652561178,467703.01586136734,81.88511217104629,57024.89576132607,853.2287712110398,286544.76659660565,449.9476927412564,6334.311461493395,0.0979225536902462,0.011272058947359005,0.6464651166937078,0.0166995335437517,0.1219283950787343,178.20279791666667,0.14650802625,22.517348022727273,1200.0,320.0,407.27588383838383,2.0078392033182246,30.0,15.0,12.0,cane
f8fcba63-613d-4c44-990c-c7a5d68c57d7,216.10798961635084,416451.2521827869,102.34689246521873,63944.59066554157,884.906727744488,254387.6566863717,468.38802690219904,5627.020062140881,0.12492388335546087,0.015463533911847646,0.6276911149264309,0.02127805062056191,0.15355026981851036,199.82684749999999,0.16881393833333333,22.517348022727273,650.0,320.0,678.7931397306396,1.3586033074955537,30.0,15.0,9.0,cane
f90a15b0-43e3-4536-8bcd-c92aecf541a5,122.81256378441113,127286.75581017049,60.31997079392046,25518.10444833788,322.00242109727566,67829.78604051682,129.96109995525657,1511.657655900263,0.27329913747516826,0.037543169041235266,0.46197665812824085,0.01728087574495009,0.2004842346752961,159.48815249999998,0.127482605,22.517348022727273,1200.0,160.0,814.5517676767677,0.3837245557808073,30.0,15.0,3.0,cane
f9138759-9687-4181-b9a5-813a9209103f,213.524619256328,531254.0632993822,99.40861617360765,62865.94274088525,991.7722271792175,336502.8813080804,541.1959843640426,7437.356307883554,0.09317135214854798,0.011238657450336703,0.6542791916461385,0.01953832849254126,0.11833809854447659,196.45607125,0.16539016583333332,22.517348022727273,650.0,320.0,678.7931397306396,2.0078392033182246,30.0,15.0,12.0,cane
f9280d8a-e385-4ccb-8b0c-98ff5986eff6,136.47666960260494,148387.5528006156,66.65483900505404,39443.461190813825,378.9622167541309,75515.58836983315,166.24243095810186,1680.5296170496322,0.3304744467682028,0.03575804750550295,0.4460135490005681,0.01884450362242622,0.26582228278525527,164.347755,0.13370071541666667,25.011565351010102,650.0,240.0,407.27588383838383,0.3837245557808073,30.0,20.0,3.0,cane
f92ff93d-c3a3-4913-84a9-73d632fe65a6,132.0322213519882,179811.08687814954,76.69160256698959,69116.10278675854,401.18853304829986,77760.06522363501,177.9572889765329,1732.5132987004338,0.2944769731966541,0.03826539858717382,0.4814164019829756,0.01819507096032195,0.38438819151656417,172.79025708333333,0.14231484583333334,25.011565351010102,400.0,400.0,407.27588383838383,0.3837245557808073,30.0,20.0,3.0,cane
f968efa1-d334-4b51-9b86-daf2a7cb563e,175.87202083920863,310572.4595010785,65.00726782476963,25754.614494129462,709.2867033564708,200620.1239735627,356.39412467071537,4438.32283879093,0.08112713926959174,0.016120262438152358,0.6245561005456124,0.015002665130656687,0.08292891212170221,160.96634,0.12761002,22.505782674242425,1200.0,160.0,271.51725589225595,1.3586033074955537,25.0,20.0,9.0,cane
f9900dc3-56c8-4184-a4ca-69ab36008166,135.31217258157454,133732.34571743736,64.54763336124158,26176.307071741383,358.4501824174967,73604.49994246136,152.9381521772512,1639.6865019230634,0.2385335354633312,0.038109463753545875,0.46561894491454126,0.018602712633674454,0.1957441767058036,163.60191833333332,0.13294238291666666,25.011565351010102,900.0,160.0,814.5517676767677,0.3837245557808073,30.0,20.0,3.0,cane
f9bb6523-5d54-472e-9640-0d008464df88,198.78605636110524,363493.63548529986,84.50040594516814,43469.59325171344,805.0206659378123,228511.11433742035,415.3037769896871,5054.568233470343,0.11005105346181607,0.01592374854075126,0.6336231324274937,0.018841651844953483,0.11959174021301117,181.12330458333335,0.14951778041666666,22.517348022727273,650.0,240.0,407.27588383838383,1.3586033074955537,30.0,15.0,9.0,cane
fa0977e7-c20d-4982-82b5-c1dc1985329c,134.5709169764546,241759.40482689513,63.6282591735606,64063.415957943034,511.5658981114316,122702.99742271147,238.83932035121958,2722.8981278481538,0.20158907518607955,0.02306910699772727,0.5920144794253894,0.015107512889676584,0.2649939051572971,160.15853875000002,0.12825531041666666,22.517348022727273,400.0,400.0,271.51725589225595,0.8028953652793002,30.0,15.0,6.0,cane
fa4e0ead-1472-45c4-9197-1f975d7cd82e,128.4375479261339,161378.2040418185,74.79281522308597,55116.08973217877,367.1431860408478,73551.91388942207,156.6455075236754,1638.9521953505152,0.31526912670475593,0.03835484044557028,0.4848549690822917,0.01813295200856278,0.341539449265039,172.23778125,0.14037532583333334,22.517348022727273,400.0,320.0,678.7931397306396,0.3837245557808073,30.0,15.0,3.0,cane
fa76e431-85cf-450b-9ea0-db4c55cd6792,186.56834559114552,286024.0350969679,92.73871235190899,61157.240096897665,663.0204507578582,160953.74002816743,337.58513272625663,3567.4646365133976,0.1634681839761153,0.021701862246085855,0.5653187484042087,0.019845784840310327,0.21382386082661886,191.11637458333334,0.1612181425,25.011565351010102,900.0,320.0,814.5517676767677,0.8028953652793002,30.0,20.0,6.0,cane
fb22a534-b77e-4f31-a313-17484cb82a60,216.76679146160458,306596.0294852266,95.45176428359837,61475.303295083286,791.9809319546204,183602.0027706807,404.09226308171793,4061.6288179027742,0.16302968478814184,0.022897813867676767,0.6036858915665193,0.0205187211554522,0.20051414629378161,192.11032375,0.15901868583333334,22.505782674242425,900.0,320.0,407.27588383838383,0.8028953652793002,25.0,20.0,6.0,cane
fb2842f5-c775-4111-a83a-d680bc15e61d,232.56144354604112,563187.2578546948,96.41266214365083,61862.49272071188,1102.5303579089727,371678.532109401,611.8807083663173,8211.906870117535,0.07832407783881523,0.01151955662629419,0.6796345164308186,0.019032707519170942,0.10984659359867155,193.32029291666666,0.16043088041666667,22.505782674242425,650.0,320.0,678.7931397306396,2.0078392033182246,25.0,20.0,12.0,cane
fc6cb10d-506d-4af1-87f0-e096a96f0b3b,202.6184860842946,369150.5462532512,87.67503082865967,44273.45969975723,814.5398746701877,231995.0184861014,422.40657487656546,5132.721835292331,0.10121079412330597,0.015919377278598486,0.6351997608955702,0.019225309167218055,0.11993669663995676,184.47274833333333,0.15288272458333332,22.517348022727273,1200.0,240.0,407.27588383838383,1.3586033074955537,30.0,15.0,9.0,cane
fcd22e3d-46f2-417c-88ab-4712a811bb25,220.55638026608472,451313.0329525848,107.42903216457694,82074.03020779703,938.787018870843,270433.5388142781,508.65927575915293,5981.494316356436,0.13507274503156566,0.01497815633789983,0.6101595183646571,0.021380288787069622,0.18186061156994182,205.18507541666668,0.17605092333333336,25.011565351010102,650.0,400.0,814.5517676767677,1.3586033074955537,30.0,20.0,9.0,cane
fcef97a3-5f93-4acf-919c-76d5b5630762,138.54163909766893,192162.23774674282,94.29670203161982,78143.49099547391,391.2830000084886,79437.28384074784,169.78183931764522,1767.9006209702395,0.2997657155976431,0.04032321366619318,0.5236507887665298,0.019538195300583806,0.4066582424884179,195.35872666666668,0.16070916375,20.0115655155724,1200.0,400.0,814.5517676767677,0.3837245557808073,25.0,15.0,3.0,cane
fcf1dca0-c826-46cc-923f-eb8556d9341f,141.56177735774756,131841.3368130702,64.94632768636247,26002.134746171665,367.5907080555801,73586.37496601384,160.02710787139404,1638.6592059417733,0.23887497376699285,0.038668194167119106,0.467392094323306,0.018216782149643725,0.19722989425284962,162.51334125,0.13187200583333333,25.011565351010102,400.0,160.0,407.27588383838383,0.3837245557808073,30.0,20.0,3.0,cane
fd1702fd-3cbf-4494-952a-9926c1203173,176.73407718204618,242111.20696115133,71.24717833006778,40096.83663849539,623.4367837253848,145291.25225426097,296.97758135679976,3218.6082327848835,0.1490464695468329,0.024490725850641836,0.6369959856399305,0.017735927726575902,0.16561770483183777,167.07015416666667,0.13230930500000002,20.0115655155724,650.0,240.0,271.51725589225595,0.8028953652793002,25.0,15.0,6.0,cane
fd52d3ba-d24a-4900-90e7-0e109c87d10c,241.99459804618724,609562.2883602644,103.04382848253022,80073.83997934191,1169.67463133608,395638.4606762899,656.159507380576,8741.91399811394,0.09718951712356902,0.011177585829650673,0.665077153385827,0.02027881029602532,0.13136662218692954,200.18460000000002,0.16745010791666667,22.505782674242425,900.0,400.0,678.7931397306396,2.0078392033182246,25.0,20.0,12.0,cane
fda0c437-b0e1-416e-987a-371a007d1ed9,150.55280893173745,157491.75165091414,73.89849166734149,41162.547365722006,422.07245198561674,82572.69912589059,188.56544561797818,1835.5169378378905,0.3144546059084596,0.03746112105348274,0.47339180124823227,0.01899941473435128,0.26137137983228753,171.51061333333334,0.13810129666666668,22.505782674242425,900.0,240.0,407.27588383838383,0.3837245557808073,25.0,20.0,3.0,cane
fe014e2b-7b97-4563-96fd-adad4eee3205,225.7256803550036,411244.13009082107,99.89557782625991,47578.888997100315,902.7774200507929,263858.254125814,489.470187840406,5837.141122460925,0.09683857111518308,0.015242475533617426,0.6113693342110902,0.021205822572998405,0.1156989386316376,198.24537041666667,0.16873393041666665,25.011565351010102,900.0,240.0,814.5517676767677,1.3586033074955537,30.0,20.0,9.0,cane
fe112914-64f3-47ac-8fc0-d346514763e8,138.19194410624723,172036.64379611026,79.37494075963508,56907.01277425711,403.35720180328343,80523.83011752668,178.38399915840805,1790.9676537940175,0.2520189151829756,0.03994670708277567,0.5061441986309554,0.018263993958334734,0.3307898627318381,177.83441541666664,0.14447631125000002,22.505782674242425,1200.0,320.0,814.5517676767677,0.3837245557808073,25.0,20.0,3.0,cane
fe1ac963-1c6d-4d40-961c-8705f611ea6a,130.91336948372964,343776.0478664801,48.45614293036027,23008.401721922022,618.6003827438684,206747.19841702085,301.236877054453,4572.901631219406,0.048616592916140566,0.012280338286574074,0.6873470236442025,0.01083505407988134,0.06692999591561284,143.80251,0.11076064795833333,22.505782674242425,400.0,160.0,271.51725589225595,2.0078392033182246,25.0,20.0,12.0,cane
fe1fe70b-38b9-4335-a6b2-ab6b4e374982,146.9117625822818,406724.79553136305,62.44522489652174,50450.53206131355,732.8601129912533,240640.65809311182,371.2465789059137,5320.1450341641885,0.09344236563435396,0.01136530567493687,0.6334143034797874,0.013195729349162123,0.1240439658718527,157.65791249999998,0.12702551874999998,25.011565351010102,1200.0,320.0,271.51725589225595,2.0078392033182246,30.0,20.0,12.0,cane
fe2c1337-ac8a-4a97-b118-ba6a055c2fd1,170.1671409271834,257753.8250127002,77.28828252344879,55380.27103776282,619.0135557333201,144469.5765240495,298.6038525721017,3202.2919234180176,0.18385325184011994,0.022741407577493686,0.5870374046720643,0.017902288269955782,0.21486240692908246,173.063345,0.1412109941666667,22.517348022727273,900.0,320.0,271.51725589225595,0.8028953652793002,30.0,15.0,6.0,cane
fe7f144c-fe9b-4e73-98e6-90cf5420f0cb,132.0589904920915,148471.45380182195,71.0987913673485,40705.79552177651,365.364961632931,74258.11778533133,153.87059034148152,1651.9315345833977,0.3360500370997474,0.03742738853358586,0.4739522112725273,0.018126037727878866,0.27417321159105423,169.60748083333334,0.13478881541666668,20.0115655155724,900.0,240.0,814.5517676767677,0.3837245557808073,25.0,15.0,3.0,cane
fed6abe6-aaac-4317-8098-1d23d2516146,132.19068525346077,147891.17538012602,70.20633109884334,40452.84707534775,364.77993936662403,74004.9241442155,153.89833709551678,1648.114900878685,0.3402583221383102,0.03690912572563131,0.4659953703068393,0.018038530638296343,0.27353854422352736,168.55352916666666,0.13373954666666668,20.0115655155724,900.0,240.0,678.7931397306396,0.3837245557808073,25.0,15.0,3.0,cane
ff07de68-784e-40a9-819f-4937e1f8390f,204.22064607920188,294373.48954190547,98.83668675653603,62563.94574339386,730.489307832428,170604.476904224,363.16988478123585,3778.632279938285,0.18137896653093433,0.023293141239383416,0.6204582686747897,0.021109498107176064,0.21253730057612327,195.51233083333332,0.16089116375,20.0115655155724,900.0,320.0,407.27588383838383,0.8028953652793002,25.0,15.0,6.0,cane
