uuid,biomassPlant,biomassFruit,biomassInternode,internodeNSC,fraction_fruitUnloading,fraction_structuralRootUnloading,fraction_internodeUnloading,phloemSugarConcentration,harvest_index,meanFruitDW,Ta,cca,totalFruitNumber,incomingRadiation,leafArea,Tmax,Tmin
00739ec2-5aac-4047-9b8c-8caf0d3ba1b5,141.15436353267415,85.85920789090247,415.01124589778345,186.19073104543637,0.29871368077167504,0.03692389114011995,0.46808649844006733,0.019460733010182828,0.3871433446318646,85.85920676886427,25.011565351010102,1200.0,400.0,407.27588383838383,0.3837245557808073,,
007caab8-346c-442d-a17d-0ee97cd578f4,67.53964933981223,57.3273054957072,97.89107876764568,5.4518174180940004,0.19198472029587543,0.010271330682912458,0.48198390507817757,0.015166984642201703,0.2599654689778861,57.32730486464577,22.517348022727273,900.0,70.0,407.27588383838383,0.10036192065991252,30.0,15.0
0093c160-ab63-4c46-b0a7-7564543a9e7e,222.79133506839148,103.01474140463682,881.7751966822935,468.33741258010207,0.101075507611774,0.015688267463846804,0.6333379250439183,0.021410100383423385,0.12003099121606142,103.0147420818859,22.517348022727273,650.0,240.0,678.7931397306396,1.3586033074955537,30.0,15.0
00a70f8c-639a-4808-97c3-c6d89362c973,116.79753866134494,62.07327245701254,259.11952611817173,95.41197742722586,0.23808230047122267,0.004807342954861111,0.4906241748994635,0.01778376458943902,0.21469850984060104,62.0732769097492,22.517348022727273,400.0,110.0,271.51725589225595,0.2509799004147781,30.0,15.0
00a8760e-696a-42d2-9f52-9d005f776950,193.35162883582976,105.34585888387961,675.0888513836837,337.31149575593633,0.16398438977314816,0.02349825297982954,0.6302575354744846,0.020683023224553187,0.22358552071886073,105.34585791935129,20.0115655155724,900.0,320.0,814.5517676767677,0.8028953652793002,,
00d491ae-5d5f-4945-871c-81deec98ff49,71.68208342870041,58.234449382248,107.04011588838365,11.586589925991934,0.2391509477465278,0.010025963392308502,0.4693353070450336,0.01570170829152301,0.3069811850098509,58.234451428182,22.517348022727273,400.0,90.0,814.5517676767677,0.10036192065991252,30.0,15.0
00e434a3-81f0-4b02-9f29-fe20d2880bdf,75.14625612458336,59.22637921408311,110.35939224398984,12.85479356603743,0.12208463690940656,0.011072318241256311,0.5131614258901513,0.015413850105567494,0.19578202327311453,59.22637968025135,22.505782674242425,650.0,50.0,678.7931397306396,0.10036192065991252,25.0,20.0
0122a94f-d855-431b-a285-e3fdab982333,163.14873778338864,57.708961759968666,543.6604606939482,263.60821946588334,0.1892000406270623,0.020619061050852275,0.5064452152813027,0.016256482034282278,0.11725366310221165,57.70896065029121,25.011565351010102,900.0,160.0,271.51725589225595,0.8028953652793002,30.0,20.0
012bf310-337a-4d96-9db5-fdc8c1c60f77,246.9326851061564,104.49024904866104,1189.180675858837,668.8022058607053,0.0985601440914457,0.011148949431723487,0.6651893330453598,0.020629786295851618,0.1302955892833392,104.49025041566418,22.505782674242425,1200.0,400.0,678.7931397306396,2.0078392033182246,,
013bf894-f70e-49c2-af67-64b54702a18c,202.7473420033902,88.01425850143622,655.6077835481126,326.02648981193806,0.11277177499175085,0.024097279432617844,0.6348356776456228,0.01990095014924653,0.11897137002890838,88.01425974711631,20.0115655155724,650.0,160.0,678.7931397306396,0.8028953652793002,25.0,15.0
0154e752-0db7-46b0-956a-c07c4eb17577,212.19846806130658,89.41718694453672,938.8771229118166,507.98548163621626,0.053585741773705814,0.011635036170065236,0.6695299984627526,0.0184917127143818,0.06248840821965473,89.41718677201055,22.517348022727273,400.0,160.0,678.7931397306396,2.0078392033182246,30.0,15.0
01550f82-5e19-42f7-b5d2-354aa7f11f4a,98.14351818914592,64.65317207460501,182.51196687199268,52.42189516997491,0.1867831250089436,0.006776062083922559,0.48539547411037465,0.018158684060836837,0.23462183794326752,64.65317139057058,25.011565351010102,900.0,90.0,407.27588383838383,0.16982541343694404,30.0,20.0
01a065a4-0a73-4ecb-9a2a-359cbf43435d,189.11537977817775,76.6824568761935,885.8277846140517,459.34463852401313,0.0745793875374579,0.012133557459638048,0.709506065071412,0.016751542800861427,0.09037064755591816,76.68245735119987,20.0115655155724,650.0,240.0,407.27588383838383,2.0078392033182246,25.0,15.0
01b1dc4d-85a0-42ba-91e4-d4db91ad411c,71.96372693939031,55.897737534936645,109.264204970227,12.213647015509094,0.22803846203798406,0.010213205351988637,0.470337280958649,0.015376076972589072,0.30227626855736056,55.89773610045733,20.0115655155724,400.0,90.0,814.5517676767677,0.10036192065991252,25.0,15.0
01d66578-bf89-4d7f-83fd-ff57ab9f6a37,124.50984589937582,61.14945701882587,275.12750658117994,105.08257846741986,0.1582220420605745,0.005125513399042509,0.5066721027538931,0.017413554248838534,0.17762499801144505,61.1494573438642,22.505782674242425,400.0,90.0,271.51725589225595,0.2509799004147781,25.0,20.0
0212c8b4-bc7a-4e34-8230-dca356abcb2c,102.55055446971402,62.38763570765439,189.53965455637692,56.836200078006335,0.14156340558722644,0.007273852532880893,0.5056197742462121,0.01713819619312686,0.18966672296921674,62.38763669797809,22.505782674242425,400.0,70.0,678.7931397306396,0.16982541343694404,25.0,20.0
022262e9-c35e-4371-859a-9676b09168a3,202.54435471283315,81.37325629230888,788.1254779804038,414.2710330834763,0.08040542357322181,0.015522477823421714,0.6068105071323547,0.01807876581014294,0.08264375102746066,81.37325813675044,25.011565351010102,650.0,160.0,407.27588383838383,1.3586033074955537,30.0,20.0
022570ed-3672-47ca-b7ac-49e36629bb1a,191.3040164112987,85.24431309424695,923.2216545969628,493.81164201054224,0.11251283609833755,0.011046165855496634,0.6395278890275357,0.017910841615295974,0.14203564512789563,85.24431272029135,22.517348022727273,400.0,400.0,678.7931397306396,2.0078392033182246,,
025a8a2c-7540-494e-b276-fd1a47b597ce,140.65680411827282,82.54731863207013,423.4553617472307,183.81543173738712,0.30167531853124996,0.040973106465067334,0.527110119238226,0.01971862942334029,0.38498943249043066,82.54731868366038,20.0115655155724,650.0,400.0,271.51725589225595,0.3837245557808073,,
02869265-5d5c-457f-9acc-c4fe5ae4d6d5,123.90295046677326,68.49283343752496,269.0100392374491,100.63835430114645,0.24465083279876904,0.0045767302941393095,0.48910196244085646,0.018999778926557173,0.2148531392254237,68.49283205837686,22.517348022727273,1200.0,110.0,271.51725589225595,0.2509799004147781,30.0,15.0
02a475bb-6848-417d-9477-977953c1a411,206.676971281062,99.9200095269122,737.0351728487389,366.9104169865184,0.17417707539930558,0.023581054183943604,0.6357058378883418,0.021271140261930842,0.21195685225664965,99.92000876228538,20.0115655155724,1200.0,320.0,407.27588383838383,0.8028953652793002,,
02c05ab7-a693-4ef8-b237-6bef7407e2e2,115.47262697296009,63.30331252674578,253.09667383026616,89.59448727956143,0.18992684269057236,0.004762244939993687,0.49962340444065656,0.017725223698972673,0.18300366971588275,63.30331348568914,20.0115655155724,900.0,90.0,678.7931397306396,0.2509799004147781,25.0,15.0
02f26936-03cc-42fa-9697-032e93ec537c,196.75955212009856,81.69388077591668,643.1404972701417,317.90139438053734,0.1218122883772622,0.023934846306492005,0.6237951372872476,0.01923395298664392,0.118133813599707,81.6938807961492,20.0115655155724,400.0,160.0,678.7931397306396,0.8028953652793002,25.0,15.0
02ffc30c-2700-4e94-958c-d7de8807fc76,221.85941923225786,91.32157263794531,860.6442623844139,447.49848958930494,0.07842502423344906,0.016647526752883,0.6745240367683395,0.02012641750818623,0.0817905091886649,91.32157470835939,20.0115655155724,1200.0,160.0,407.27588383838383,1.3586033074955537,25.0,15.0
031238a2-447c-407d-b36d-b8804e051796,42.69763568184503,52.91684951030919,41.45954924232389,-24.215632853513615,0.23752870698411194,0.01760425564225589,0.49266555883585855,0.013018631948284988,0.34904747742451686,52.91685054860422,20.0115655155724,1200.0,70.0,407.27588383838383,0.04796556947260091,25.0,15.0
03282b60-2eb4-4f98-b312-0b8279244777,121.21964106137912,66.39395412860439,263.0503598788732,96.54270405526161,0.13474417597408464,0.005059741006912879,0.5115037663287563,0.018922866672761808,0.14825505149162124,66.39395502922173,25.011565351010102,650.0,70.0,814.5517676767677,0.2509799004147781,30.0,20.0
03348a58-efe3-4e28-9799-1d5323a3b46b,218.76816142682176,94.64009739915329,885.2925861406158,458.4627780205357,0.09815809547070707,0.016958349844223484,0.7005631495892466,0.020354780637207723,0.11808119976938954,94.64009688572298,20.0115655155724,900.0,240.0,407.27588383838383,1.3586033074955537,25.0,15.0
0369af9f-40ca-4436-b3de-2d24bcb7c930,73.29952909729377,57.848302291924625,110.57252020477308,12.76371446702088,0.16231155068323863,0.010495822176967593,0.4905793347285354,0.01539834164188797,0.2518938502607628,57.848299378329784,22.505782674242425,900.0,70.0,678.7931397306396,0.10036192065991252,25.0,20.0
0386e2f3-811e-4eda-ac68-4369feddfb73,105.69008686808613,63.90338903430737,189.46504363445925,55.94058771962251,0.10430753152818813,0.007400798309322391,0.5185976211211069,0.017444862953748187,0.1434521055897849,63.903387509099154,22.505782674242425,650.0,50.0,407.27588383838383,0.16982541343694404,25.0,20.0
0420b8fb-b385-45db-9134-02e27589bfa8,109.50435775372502,45.11675135696808,565.4439586522965,263.40551592228366,0.12260800920245159,0.012225219449421296,0.6977567118251263,0.010977182197937382,0.15600947559826137,45.11675193901551,20.0115655155724,400.0,400.0,271.51725589225595,2.0078392033182246,,
0456340d-4a25-44e3-b5b4-a3071fbbf16f,189.9842272536121,93.37697972752048,679.8120552780272,336.2987533305135,0.1820019041054819,0.023411110700946966,0.6226682542714752,0.019940908923127644,0.21624756684350935,93.37697939930018,20.0115655155724,400.0,320.0,678.7931397306396,0.8028953652793002,,
04b068f7-ff65-40b5-9a93-261e4d2ad3ee,72.19316963033684,59.05533034997376,104.03951836143561,8.359686375708357,0.13956042591771886,0.010957648508049242,0.5066268676345751,0.015358749159019885,0.19918075963988743,59.05533079460692,20.0115655155724,650.0,50.0,814.5517676767677,0.10036192065991252,25.0,15.0
04c4d901-d6d2-44a8-9763-8807b5822571,164.04217332948673,74.32697625211622,605.2416684931288,285.5945321934903,0.18711121765109429,0.023922055361342592,0.6269175228622053,0.017213972322575637,0.21634980555806516,74.32697599306582,20.0115655155724,650.0,320.0,271.51725589225595,0.8028953652793002,,
0521c537-39d1-4b7b-90e8-b1da4058938d,191.3754558589495,86.14350320161353,659.6929713691,335.14463014587903,0.14657342923009256,0.022068075318034508,0.5625864857112585,0.019491757750509903,0.16760962127220425,86.14350191519642,25.011565351010102,400.0,240.0,814.5517676767677,0.8028953652793002,30.0,20.0
059a2f2a-0a51-4b08-bcd5-ab7687319ae5,126.11550749393454,65.87377856247811,257.65909532199606,92.31188489889261,0.10976976621447812,0.005149519271485691,0.5230195709627526,0.018044411312709986,0.11140345662042113,65.87377617027246,20.0115655155724,900.0,50.0,407.27588383838383,0.2509799004147781,25.0,15.0
059c8554-e975-436e-98f3-ce42455b16e2,118.52713227981586,60.51056612484837,258.08416999620783,93.339097513411,0.18661463903622685,0.005019980197106482,0.5020624848311763,0.017238895486040642,0.18193519630788166,60.51056555531164,20.0115655155724,400.0,90.0,271.51725589225595,0.2509799004147781,25.0,15.0
05da60bf-917d-4e13-aa79-f7fb729a429f,68.73207194922016,56.07242152197841,103.63171644397778,8.23475650645428,0.22832787884690658,0.009819470732344276,0.4637148772861952,0.015158938217156557,0.304711666714733,56.072423119801094,20.0115655155724,1200.0,90.0,678.7931397306396,0.10036192065991252,25.0,15.0
060606df-c4d1-436d-a842-9daef301293e,72.17804463423644,59.18247233377938,105.41146460247165,10.417577152104524,0.19371476858769993,0.010542011209133,0.4881896231541456,0.01564839824143313,0.25854731719025087,59.182474263075434,22.517348022727273,400.0,70.0,678.7931397306396,0.10036192065991252,30.0,15.0
0609818a-df03-4884-b6b8-70291310e5ba,183.7442220477953,84.44437384569409,671.2531619303907,324.1158164128061,0.184380614777883,0.02363917271043771,0.6223383763097118,0.019007077793995353,0.21272650672141105,84.44437452711523,20.0115655155724,1200.0,320.0,271.51725589225595,0.8028953652793002,,
062039bd-5823-4913-8191-dc491eec38aa,200.28800509275646,77.39220914890296,940.1730575020692,502.0536831246193,0.06059423189906356,0.01180359577166456,0.6845190500637102,0.016108465973632538,0.08717466342941689,77.39220914036628,22.505782674242425,900.0,240.0,407.27588383838383,2.0078392033182246,25.0,20.0
06328677-cec6-4a25-a70e-ce4401380c48,162.31862764016878,66.73308995982516,708.2539086108134,351.707887933689,0.10853483159791667,0.016494888816361533,0.6544934058632365,0.014601271665652933,0.1548940608901835,66.73308760255658,22.505782674242425,650.0,320.0,271.51725589225595,1.3586033074955537,,
063362ed-bba0-42dc-b92d-1e65d1271b36,64.39676016609131,55.542426024414645,91.90590943356682,1.4623953297833452,0.14226344074363426,0.010801005306281565,0.5017024953068181,0.014625612690173357,0.20211888813993814,55.54242550568159,22.517348022727273,1200.0,50.0,407.27588383838383,0.10036192065991252,30.0,15.0
06375508-9f7d-482d-a8aa-03ea5a72cdef,197.54104475821015,78.8922495076829,958.041544066821,511.89074603516815,0.08398047156482534,0.011580002876031144,0.6754112287628051,0.016364378030729442,0.11272462973396573,78.8922487096537,22.505782674242425,1200.0,320.0,407.27588383838383,2.0078392033182246,,
066655f0-8cae-43e3-a25f-5281a0a592b6,97.5466737948641,64.1266957555512,179.91488795029656,50.6036826949349,0.14872831994207697,0.007094774055986954,0.4994539597938763,0.017960794950594834,0.19353329414258424,64.12669726784928,25.011565351010102,650.0,70.0,678.7931397306396,0.16982541343694404,30.0,20.0
06806c5a-2ef0-4124-afbf-9f16118d23b7,121.80981057370468,65.46405541169614,262.83175348971184,95.44519036190002,0.19107193437628364,0.0047416744788930975,0.49992885610111526,0.01818542598503042,0.18191199661636712,65.46405806771432,20.0115655155724,1200.0,90.0,407.27588383838383,0.2509799004147781,25.0,15.0
06ca1f60-21f0-4825-927b-d5c5cfa92392,190.23974906257035,86.28037578994481,648.4335419477322,328.8789510861498,0.1441188336937816,0.02166337083808923,0.5542937509955493,0.019564670411232696,0.16791827987278093,86.28037498240114,25.011565351010102,650.0,240.0,678.7931397306396,0.8028953652793002,30.0,20.0
070eddef-0b38-4766-9dbc-6ee7986c34e7,128.8755461827748,77.16894455187922,389.1587790130922,172.07239357937817,0.3008494444913721,0.03770028360531355,0.47550195241400456,0.018155711262910247,0.38818549794540425,77.16894429585754,25.011565351010102,400.0,400.0,814.5517676767677,0.3837245557808073,,
0721d805-cee0-4fc9-b2a0-043dc704dfc1,126.71690020840967,63.62194302662293,271.8782721914158,101.07698143486294,0.09232585192825127,0.005145543583186026,0.5247119831891836,0.018243169043025878,0.10674317747016997,63.62194398634833,22.505782674242425,1200.0,50.0,814.5517676767677,0.2509799004147781,25.0,20.0
0768f23a-2830-4e5e-8974-471af0b6f98f,132.40183848648778,47.62972469967226,443.22025515431517,200.64852350641814,0.2127209087771675,0.0206685182836069,0.5035044209913404,0.013489003227442179,0.12462967871592645,47.629725350962495,22.517348022727273,400.0,160.0,271.51725589225595,0.8028953652793002,30.0,15.0
07ad6eab-e59e-40bd-8462-3bba1f4ae900,113.37937140060237,63.108239875628136,255.01294916502033,90.78419780242534,0.22911850389925295,0.004581901115183081,0.48947769068060815,0.017763839509805576,0.21413408624085728,63.10824107388772,20.0115655155724,900.0,110.0,678.7931397306396,0.2509799004147781,25.0,15.0
07e31964-d58f-4c91-8148-00ecdf5a78b6,46.508682568848144,52.222814506980896,47.82030484288803,-19.40031064231395,0.2538717313299663,0.017241957866792928,0.495827596265362,0.013512388210267283,0.3987285616872714,52.22281302523435,22.505782674242425,650.0,90.0,407.27588383838383,0.04796556947260091,25.0,20.0
0803ab32-f19e-449a-9c61-35355fa0de95,145.40139094021697,93.56860521833147,419.41957990107926,183.4982925025473,0.3112087801484638,0.0398471413954335,0.5124419987597538,0.01995423532822641,0.39891227599902446,93.56860456152654,20.0115655155724,650.0,400.0,407.27588383838383,0.3837245557808073,,
081c3cc6-3098-4242-97a9-5330506b5a0b,108.37707952924987,46.382657571826904,528.595571450633,247.2901628544891,0.08797580701455175,0.011838953992613636,0.6510061853219382,0.010381698901198142,0.10438430778994597,46.382658898173275,22.517348022727273,400.0,240.0,271.51725589225595,2.0078392033182246,30.0,15.0
081dbc67-cebd-4a88-a91d-f79d9434fed9,66.01937839712828,56.81071393831565,94.85963810403952,3.189217466938087,0.14289301445770203,0.010818160545107324,0.5030393817890362,0.014902153573867772,0.20182401466558764,56.81071391042951,22.517348022727273,900.0,50.0,678.7931397306396,0.10036192065991252,30.0,15.0
081fef8d-4dac-48af-9efb-b78d365f27ad,224.12387785507858,104.12816863554164,1001.182668997399,555.5209394281294,0.0719972513008628,0.01121642595424032,0.6529263362831124,0.020475773104724582,0.09101660116077033,104.12817044198961,22.517348022727273,900.0,240.0,814.5517676767677,2.0078392033182246,30.0,15.0
08225c4f-b853-4088-bb74-461f43b5e53b,71.73764145756105,57.46467777281195,110.21349660650934,14.947311350802828,0.24507633446369953,0.009899762608680557,0.45865002159795876,0.01582308773354539,0.34782917130243723,57.464674501903424,25.011565351010102,400.0,110.0,407.27588383838383,0.10036192065991252,30.0,20.0
084acc9b-9669-4481-af57-2da95a9442fe,238.6649665560008,105.82977752415303,995.1334451736134,537.5063615270158,0.09840760385010522,0.016207778408438553,0.6749938980836491,0.020834963620680803,0.14588794756010412,105.82977798656698,22.505782674242425,650.0,320.0,678.7931397306396,1.3586033074955537,,
086dcdac-c300-4b98-b6f7-b0fe3ff71252,93.31383878323518,62.37020767175439,167.19274986350513,42.45355507080152,0.17231306169607533,0.0069551232198337525,0.4955031838936764,0.017179542192073394,0.19654090610732358,62.370206907143555,22.517348022727273,900.0,70.0,407.27588383838383,0.16982541343694404,30.0,15.0
0883044c-f9e8-4bca-acc9-2695e724ddd8,44.87208196950013,56.92991764941853,45.43413240206713,-20.312697249880873,0.17754210912794613,0.018611883443939395,0.574519774712963,0.014002165663874439,0.27922586705656205,56.929918773072984,25.011565351010102,400.0,50.0,814.5517676767677,0.04796556947260091,30.0,20.0
08b53ff4-108c-4e52-a03e-830556b5f291,130.00599465471913,78.65716923168632,387.48311369863046,165.43007835919926,0.3127550067078072,0.040238531275473485,0.5136026145457914,0.018371952978151432,0.3936251709456491,78.65717197403484,20.0115655155724,400.0,400.0,407.27588383838383,0.3837245557808073,,
08b7437e-781a-4a1c-8844-c49c37e1f5eb,196.87716531322425,81.70243921696895,916.300464341084,480.04416335449844,0.07471350477357952,0.012061340377125421,0.7085690087810605,0.017430222172918633,0.09039028461047201,81.70243824826468,20.0115655155724,900.0,240.0,407.27588383838383,2.0078392033182246,25.0,15.0
08b75275-9c1c-45e2-b9b6-0dd2eb1c75f1,98.65859829672797,43.35414854367208,510.4057320982271,235.60352501124942,0.1328141390319234,0.011671510971642466,0.6492371637930135,0.010010835765552303,0.16259840073532514,43.35415069101769,22.517348022727273,400.0,400.0,271.51725589225595,2.0078392033182246,,
08bd3a3e-e85c-4a9a-b386-88a65184f4f3,131.17456557294483,59.212595292041804,669.4066542816036,328.2191908060129,0.13310988509814814,0.011362729548788931,0.6401034073956862,0.01281558005501138,0.15503349959569968,59.21259480452429,22.517348022727273,1200.0,400.0,271.51725589225595,2.0078392033182246,,
08eb1b48-77d2-4574-9da5-b697bc571bf9,115.44132161403607,65.19815943749107,264.57330437344285,97.64346190590244,0.20422098241692974,0.004695728307523148,0.49025354456492004,0.018981600460851757,0.21238826778935135,65.19816235715967,25.011565351010102,900.0,110.0,814.5517676767677,0.2509799004147781,30.0,20.0
08ec4c69-06e9-4855-986d-4addd3b6fe63,98.64458858884088,61.049452430027806,178.3443503184795,49.42876280981162,0.16366222361253155,0.0072436987126473056,0.5014614847527358,0.016810386192531376,0.19318048078564823,61.04945345248943,20.0115655155724,400.0,70.0,271.51725589225595,0.16982541343694404,25.0,15.0
08f457fe-630c-41b8-a3d9-b2a2da48c3e9,130.9160556664495,67.0509441512902,368.25003794913357,158.91580847777257,0.32287423186247893,0.03607384414754841,0.45197664722965075,0.01881917046987954,0.2670673265165699,67.05094276656456,25.011565351010102,1200.0,240.0,678.7931397306396,0.3837245557808073,30.0,20.0
08f4c0a1-2a59-4023-b784-1be5d1c13b76,45.212160612606006,51.959202276441296,45.092664397224084,-21.733252695638665,0.2826612807421086,0.016947651739320287,0.46467904757428447,0.01349179086747938,0.40145374405646517,51.95920398160505,20.0115655155724,900.0,90.0,271.51725589225595,0.04796556947260091,25.0,15.0
090bd78c-6e48-416e-8d01-0802d36328e3,160.0451760181986,69.94408715304921,799.3051252378781,417.30278589061624,0.11441081506922347,0.010987122851252104,0.6223372446276411,0.014575615292085738,0.1467196742512131,69.94408729792706,25.011565351010102,650.0,400.0,407.27588383838383,2.0078392033182246,,
092f8095-7af8-482d-bc95-7bd28740d7b0,44.69188056469186,52.290921009441774,43.73669275670407,-22.67186955592277,0.28258259515646045,0.016802241879103536,0.4607141736556187,0.013273853494682695,0.4035693552807558,52.290922479622004,20.0115655155724,1200.0,90.0,271.51725589225595,0.04796556947260091,25.0,15.0
0935bd82-876b-4dec-a707-ea0b5b4070ba,125.28438466052134,56.234218184448245,624.3859076795285,302.92029651856615,0.11025589930912245,0.011712308412521043,0.6565345984796296,0.0120963605499849,0.13081688113658937,56.2342194055917,22.517348022727273,650.0,320.0,271.51725589225595,2.0078392033182246,,
093743b0-c462-411a-a92f-3ef76b44e54a,69.97698761429167,57.612431409596795,101.10482364541942,6.491692079685859,0.13887377222548397,0.010897150255408248,0.5045651988704756,0.01506942423949478,0.19912259544849034,57.61243216494273,20.0115655155724,900.0,50.0,678.7931397306396,0.10036192065991252,25.0,15.0
0959a5e8-d355-4991-be92-05c03c0f9571,39.00730371695493,53.70070949606529,37.05670287953483,-26.65661523235641,0.18775385081534093,0.01810903737058081,0.5349595246502525,0.012652780126346696,0.28333508884221753,53.700707695009456,22.517348022727273,900.0,50.0,407.27588383838383,0.04796556947260091,30.0,15.0
09c26c72-cdf2-480c-aab2-d39966c6f23c,100.30616445196898,62.58862639794723,191.8424477923433,57.406843536366715,0.17764505891598273,0.006827733063226012,0.4896790923344908,0.017499306342302,0.2289205683913433,62.58862611680345,22.505782674242425,650.0,90.0,814.5517676767677,0.16982541343694404,25.0,20.0
09ec7b09-4c27-426f-90a8-205999a12187,168.89407296280385,76.89909302165037,832.2980747180313,432.6886893133895,0.12031888679889519,0.011110608735861742,0.6357013423201494,0.016044076430406222,0.14754349149351076,76.89909475487879,22.517348022727273,900.0,400.0,407.27588383838383,2.0078392033182246,,
09f7d62f-fc17-445e-a300-2b12e48c6b1a,71.15299869629706,57.0878779229273,109.24172294422945,11.914916777755623,0.2709501266448864,0.00944042657501052,0.44962012522106476,0.015563006146808183,0.34629289588914974,57.08787660759535,20.0115655155724,900.0,110.0,407.27588383838383,0.10036192065991252,25.0,15.0
0a2fbeb3-14c8-4188-8278-912af5ce83b0,129.72929546791744,64.89729187081397,272.0370660356552,102.57819214141892,0.09298825334139309,0.005337999416561449,0.5275973973083965,0.01788667454899878,0.10921305727507497,64.89729016604058,22.505782674242425,400.0,50.0,678.7931397306396,0.2509799004147781,25.0,20.0
0a32ff04-1c34-4276-81a1-5d5c4e5953e4,99.48944592064498,62.61273486366219,175.8008679937769,47.14424537050524,0.121187749013952,0.007477280731881313,0.5160128783304923,0.016970132664798028,0.14773810113481456,62.612736255508594,20.0115655155724,400.0,50.0,814.5517676767677,0.16982541343694404,25.0,15.0
0a356eb9-1305-4adb-a480-e220bc71eeff,126.82225931549644,69.02441457005483,275.1181377928706,105.25558161141394,0.1716312119807976,0.004896831064341331,0.5017078565095222,0.01936765117946017,0.18215656935074823,69.02441456280599,25.011565351010102,650.0,90.0,407.27588383838383,0.2509799004147781,30.0,20.0
0a36fcd4-6613-45a2-a151-c367c3d83414,70.06335585621316,53.8286919928826,109.14766919609318,12.423428115532868,0.2669313106089015,0.0098086889842803,0.4535092395182029,0.015213777193004438,0.3433548934256255,53.828692273028366,20.0115655155724,400.0,110.0,678.7931397306396,0.10036192065991252,25.0,15.0
0a5679de-d3b7-4e91-8111-2bc4e57c80b7,109.36701421001584,61.554315374680726,235.86640322779786,79.65092318479353,0.15638336534298192,0.004961879782491583,0.5079121336230009,0.017644619192723372,0.15055500469861172,61.55431566761259,22.517348022727273,1200.0,70.0,814.5517676767677,0.2509799004147781,30.0,15.0
0a80f0e0-7519-4801-a07d-b8d8d9f202d3,114.38628012444087,59.04506231314743,256.38755725731517,92.43043424889576,0.22309275659911615,0.004845358410300925,0.49183761380534513,0.017059053740372226,0.21286497207115093,59.04506309974964,20.0115655155724,400.0,110.0,271.51725589225595,0.2509799004147781,25.0,15.0
0aa8573a-a727-44ad-98e6-eb4472512ad8,245.26514210336012,109.50444559705872,1069.960617745281,594.6863727733426,0.04890787651226852,0.011904118472011784,0.709733119316393,0.02150324853345724,0.0614198644338698,109.50444260936385,20.0115655155724,1200.0,160.0,814.5517676767677,2.0078392033182246,25.0,15.0
0aab6f00-48c8-40fd-9a0c-bf500501b037,91.02348324588311,62.04689339042865,173.06592586308346,46.05618465656702,0.2595982357588384,0.006383559696243686,0.46971842205113634,0.017385101202931796,0.27481978028116555,62.04689337820023,22.517348022727273,650.0,110.0,814.5517676767677,0.16982541343694404,30.0,15.0
0ab94ffc-a148-4736-a7c4-26fe52f7c325,129.01925894516185,80.94870500384216,383.1819546770844,168.02112494100354,0.3052401947697812,0.03684246812316919,0.4666645875148359,0.01853146895972966,0.39133390307295607,80.94870585635752,25.011565351010102,900.0,400.0,814.5517676767677,0.3837245557808073,,
0ac68295-b715-439e-ba86-f9f0784f742e,141.94480985363722,57.44504246178786,705.8931460089542,345.7269482249549,0.09660903510106271,0.012115232625052607,0.696719558935301,0.013393582179224657,0.12266959184864222,57.445042309595465,20.0115655155724,900.0,320.0,271.51725589225595,2.0078392033182246,,
0aec98ee-b605-4ed8-a3ee-ab551a1714ab,147.73938520323816,81.88016807254563,460.64041127027207,206.64466218846457,0.2724372166217382,0.04083883555013679,0.5226466810406145,0.018881492513400096,0.37102255811075574,81.88016855747004,22.505782674242425,650.0,400.0,271.51725589225595,0.3837245557808073,,
0aef6b8d-c677-4e34-b818-d458a878d468,173.8077619948941,76.55562794515166,766.2331908940549,382.44758149724925,0.13899569889168772,0.016601306685556608,0.6796168083608376,0.01742744704915759,0.18481840213483047,76.555626736159,20.0115655155724,400.0,400.0,407.27588383838383,1.3586033074955537,,
0af9b5c7-1e65-4a6b-935a-db2bd5f95ce3,156.8805981003428,65.68253260284948,409.92732159163785,181.63593618371218,0.22823132590320924,0.03868295219652777,0.4708557835572916,0.018613424149649862,0.18643703846950288,65.68253576662866,22.505782674242425,1200.0,160.0,271.51725589225595,0.3837245557808073,25.0,20.0
0b665d86-40cd-4264-b53f-0245859b1512,142.93164323755263,71.57721112181017,393.4040643294,174.30494926724472,0.32588733271122683,0.036082854305997475,0.45355408904952654,0.01955659535013173,0.2655877811054716,71.57721073924164,25.011565351010102,1200.0,240.0,407.27588383838383,0.3837245557808073,30.0,20.0
0b86e48c-8d5b-45d7-9ec1-deac41e8b903,45.23172298356196,48.98660426636518,47.86009470167213,-19.179474111006247,0.25353905915961694,0.017542213217718854,0.5077920530150462,0.013331162785808235,0.393987510336107,48.98660235052297,22.505782674242425,400.0,90.0,814.5517676767677,0.04796556947260091,25.0,20.0
0b87f459-0fc5-431c-9ac9-f13b916cc6f1,97.74770513654536,64.80033616111663,181.56449340549142,52.12098571380033,0.26153553199226637,0.006399773020906987,0.4707974140607114,0.017821563117881575,0.2740208617180318,64.80033752735591,22.517348022727273,650.0,110.0,271.51725589225595,0.16982541343694404,30.0,15.0
0bf7cfba-5fa0-4b9e-af6e-c5b00924809e,72.46740138485058,60.29152389494,103.51325717788806,9.062139709207568,0.14536150444633839,0.011091880434227696,0.5105601600838594,0.015588406308886983,0.20162146270511083,60.291523605035344,22.517348022727273,400.0,50.0,678.7931397306396,0.10036192065991252,30.0,15.0
0c2c6621-ec1c-4ccd-9f3c-4feec026b346,66.45000494720101,57.16154363060585,94.66244731706641,3.141488655890469,0.14303129367413722,0.010830682248453282,0.503561699400463,0.014904979916824525,0.20237775515641254,57.16154427940947,22.517348022727273,900.0,50.0,407.27588383838383,0.10036192065991252,30.0,15.0
0c417720-96eb-41a9-8206-c49408f5ea7a,120.35408172791784,67.11131912381887,257.74047191339827,93.4799969624833,0.20270733031186866,0.004788817352051768,0.49904366009853757,0.01854241810285819,0.1853909825639075,67.11131821713107,22.517348022727273,650.0,90.0,407.27588383838383,0.2509799004147781,30.0,15.0
0c4575cb-e37e-4289-8968-bc820e7d1de3,225.88592139931492,108.10096366726793,931.187760843603,504.93556440151366,0.11043607065278832,0.015171417704461279,0.6112711059655304,0.021440436799457667,0.15180050154418243,108.10096193236976,25.011565351010102,650.0,320.0,814.5517676767677,1.3586033074955537,,
0c50fe7c-e5a2-4d47-a7fe-734030c71d41,216.7643389622898,83.27026174372783,982.7154544835635,531.3076373229745,0.04307024265144149,0.011960585406218433,0.695835016336069,0.01697016727070703,0.05977957616328811,83.2702606508962,22.505782674242425,1200.0,160.0,407.27588383838383,2.0078392033182246,25.0,20.0
0c63ec29-0afa-464d-9922-da582cefca38,241.7440988560164,101.96874591592278,968.859446434266,524.918061499984,0.08146146471277356,0.016233005045128365,0.6729778706914666,0.020816118086888595,0.11267120691277567,101.96874186765545,22.505782674242425,900.0,240.0,678.7931397306396,1.3586033074955537,25.0,20.0
0c6b6565-30e0-4470-ae67-5bd483a3abd4,186.25476607479672,76.18341064401572,839.4930577202043,441.5542274099132,0.059398696680871214,0.011588498654040403,0.6574522195959279,0.01639547743157724,0.06375468503718669,76.18341279651946,22.517348022727273,900.0,160.0,407.27588383838383,2.0078392033182246,30.0,15.0
0d12be01-d25d-4aaf-9d8f-af281546d1cd,158.0816322396096,69.11221046696883,585.136863296952,283.8717130417106,0.18220022783896256,0.022155741334469698,0.5607886906515992,0.016257482097963856,0.21472087109460766,69.1122125191093,25.011565351010102,650.0,320.0,271.51725589225595,0.8028953652793002,,
0d311481-900a-4717-bc3e-e6dc0aa6ef19,197.1791958686113,87.03777835153596,832.7731406008733,436.92819934389473,0.12023242200931186,0.015491289031302612,0.6156708380945496,0.018388924088419405,0.15261793595528442,87.03777531603447,25.011565351010102,900.0,320.0,407.27588383838383,1.3586033074955537,,
0d54ec4f-2177-47d9-90f0-921c661e52a8,138.30564835710305,83.78199591140037,392.1171892339497,168.640354139921,0.27638586267350596,0.040874526728282824,0.5218491414426241,0.01896634904079606,0.34225120209741644,83.781997038255,20.0115655155724,650.0,320.0,814.5517676767677,0.3837245557808073,,
0d596e25-3eef-4900-86e0-56eac5db4e7a,42.15260809426702,56.09564753785644,40.973224831101426,-24.17604174527416,0.1898386393042929,0.01832534897811448,0.5408381167766203,0.01345822491311223,0.28221130899745733,56.09564469072943,22.517348022727273,650.0,50.0,407.27588383838383,0.04796556947260091,30.0,15.0
0d8aa28a-e3b8-4bb8-8bd4-523eae72cd4d,100.79330045127053,63.13917477369131,195.6405656835197,59.968758432817694,0.212894604639678,0.006545068992276935,0.47739115299216106,0.017686203776252164,0.26469104308027314,63.13917664952422,22.505782674242425,900.0,110.0,407.27588383838383,0.16982541343694404,25.0,20.0
0df78a42-0fec-4994-ae43-08c60aa63b15,118.02734784047433,63.87179631759808,252.48381737464663,89.37249198876846,0.1503194840938973,0.004979675656586701,0.5109103405799664,0.01772038656932012,0.14940653918131633,63.871797543763044,20.0115655155724,650.0,70.0,814.5517676767677,0.2509799004147781,25.0,15.0
0e3b41a9-9cc5-4260-b0ed-85ffab7c6eab,126.18116828679405,65.78859170910086,258.5037346006086,92.67980957828746,0.10981560298671085,0.005196787348063972,0.5237805112159092,0.018007348980309295,0.11162416172152873,65.78859201034625,20.0115655155724,650.0,50.0,407.27588383838383,0.2509799004147781,25.0,15.0
0e7a16c4-1f70-4a3e-b382-47b6948f989b,98.69302614747721,65.20413314130082,177.8492058324321,49.59021384182909,0.218626161243266,0.006607686925641834,0.48263749636237374,0.01785777204322351,0.23690963353315028,65.20413107279421,22.517348022727273,1200.0,90.0,271.51725589225595,0.16982541343694404,30.0,15.0
0ee068dd-6364-49ea-b0c9-33de5a05d8aa,196.70201098503182,90.21119946264552,717.3345995546155,365.30581326468075,0.174197322715383,0.022764032088425926,0.6000314877314288,0.019200627525564954,0.206977903190995,90.21120278826675,22.505782674242425,400.0,320.0,814.5517676767677,0.8028953652793002,,
0f0cbbdc-5f00-4187-b7a6-657b75412d4e,109.09607613112853,65.73468458975886,198.25361328470854,61.368485673369456,0.1428533115825442,0.007021063390751262,0.5034497064896886,0.01799083782920003,0.1874383636696186,65.7346846406979,22.505782674242425,1200.0,70.0,271.51725589225595,0.16982541343694404,25.0,20.0
0f0d3a24-f2d1-40e9-ab19-ddecf9f498e5,95.67563389107384,61.84015792900773,180.3576448286176,51.92974814912413,0.2581697074020412,0.006572062650568182,0.4727661023598484,0.01739896705285765,0.27273544598934735,61.8401567951331,22.517348022727273,400.0,110.0,271.51725589225595,0.16982541343694404,30.0,15.0
0f8677d9-7921-40ae-86d3-76909a9fa534,130.72290848266817,60.85113156100776,363.88971535712716,154.01494673985633,0.35257439589146683,0.0357414783173506,0.4448271526023569,0.017790916444150633,0.2650070294882047,60.851128153973235,22.517348022727273,650.0,240.0,271.51725589225595,0.3837245557808073,30.0,15.0
0fc14d35-8947-4dd6-95f6-397ad997f0d1,100.32901051356941,64.22536890925838,178.95936915702273,50.692713322393665,0.17331955082391623,0.0071666197349747485,0.5001252326968645,0.017521646305928593,0.19542674035576177,64.2253691673878,22.517348022727273,400.0,70.0,271.51725589225595,0.16982541343694404,30.0,15.0
0fdd4ccb-7be3-43b1-b14e-63772cf64d81,43.52686258790557,47.848534883638415,44.407410939477714,-19.761115508548365,0.2928955747450547,0.016415193812289564,0.47503555642613626,0.013327472067197265,0.4455122616748945,47.84853725539338,25.011565351010102,400.0,110.0,407.27588383838383,0.04796556947260091,30.0,20.0
0ff4d018-bda1-4692-8286-bf3d9d095469,211.69453721067697,90.1734107513777,934.7365348568707,493.0576120543435,0.1292554865513047,0.015823696397253787,0.6478577062522413,0.019151147439494164,0.17400528314926378,90.17341203915879,22.505782674242425,1200.0,400.0,407.27588383838383,1.3586033074955537,,
0ff5f0ce-1300-4daa-aa8c-03138fd64689,92.3002282367004,60.85561763960734,177.01250499882528,47.71284453363667,0.24647889597674666,0.0063866747244318185,0.4711165587448968,0.0170607295499588,0.2711315973849772,60.85562055172281,20.0115655155724,900.0,110.0,678.7931397306396,0.16982541343694404,25.0,15.0
1025176d-0318-4c9b-a6d5-6a3388c2f57a,210.2984316833327,85.67412284892487,687.1620354932476,350.59578973796704,0.09387451212601011,0.023561794232954545,0.6134871491211595,0.019258292405038274,0.11418470827277244,85.67412401955909,22.505782674242425,650.0,160.0,678.7931397306396,0.8028953652793002,25.0,20.0
104a89b3-0b77-4851-8f4e-395bc0101a05,127.47113641657546,69.0779239439774,269.91775588466953,100.7980283217739,0.2033724404867424,0.004762042764846382,0.4996063229709595,0.019103799586680584,0.1830887990573193,69.07792271195949,22.517348022727273,1200.0,90.0,271.51725589225595,0.2509799004147781,30.0,15.0
10743c3b-f7c5-4705-803c-f43a478ac9d2,123.53586364545195,67.30308192780026,264.3471947545884,99.08247169903558,0.13529986310324077,0.005158819985900674,0.5132244088457492,0.018725689178315266,0.1499787761547369,67.30308242763157,25.011565351010102,400.0,70.0,678.7931397306396,0.2509799004147781,30.0,20.0
108cc10c-bf70-4962-b358-02d6031eabe6,210.55221779146547,98.15485872651324,911.9049285774855,486.03384640597136,0.13496011637957706,0.015315502886637205,0.6172066517979798,0.01992504837438405,0.18163834820275102,98.15486062179882,25.011565351010102,400.0,400.0,678.7931397306396,1.3586033074955537,,
10ad3487-7c88-4cda-8229-5a9a4f79993d,140.15529828464682,62.88410458032625,375.0080386400781,162.4746605287926,0.22720968511929712,0.038463662417150685,0.46906676198996206,0.017904957438581535,0.1906108865183143,62.884105577233754,22.505782674242425,900.0,160.0,814.5517676767677,0.3837245557808073,25.0,20.0
10ccf50a-ada3-4bba-aba1-3cf8b94f198c,142.9788408307745,62.94457130073196,688.373940889983,341.1536071832757,0.07878007148328073,0.011883062667634678,0.6673591591088068,0.013243489719975547,0.09952805493586474,62.944571778301516,22.517348022727273,1200.0,240.0,271.51725589225595,2.0078392033182246,30.0,15.0
10d003a0-08a5-4a60-a627-c699927b28b3,131.43378619885274,77.0615108288883,376.62333840308736,164.2977943917715,0.2797779510348274,0.037662139746170026,0.4730997931477693,0.018494857831317532,0.33722343559081597,77.06151242909722,25.011565351010102,900.0,320.0,678.7931397306396,0.3837245557808073,,
10d6ace1-6c99-4078-ac73-35824f616061,140.84006312672187,70.85390068580996,401.2912657745318,177.25546303400358,0.3136866384762206,0.0374075411874053,0.4722396012875105,0.018553762704715877,0.26283304552157366,70.85389969247913,22.505782674242425,900.0,240.0,814.5517676767677,0.3837245557808073,25.0,20.0
10de9b13-3d08-46b6-8a8a-146769a5b2cc,168.9603500298706,66.20271354227529,710.3115803977632,354.5429835904873,0.10802745476720327,0.016057778801609846,0.6300044289774832,0.014841078414226855,0.12023961631791975,66.20271400428346,22.505782674242425,1200.0,240.0,271.51725589225595,1.3586033074955537,25.0,20.0
10e6fb84-9850-47ad-b546-1cee5310e17a,187.9156516893927,81.9316089173849,926.2894033058659,497.95681763131074,0.10829169662093857,0.010878840379219277,0.621018766439941,0.016871899979223268,0.14148209405060794,81.93160934652443,25.011565351010102,1200.0,400.0,407.27588383838383,2.0078392033182246,,
1174903c-c4fa-4976-bbf0-d48ee5c45b83,65.20904960483489,55.087781623572205,99.01712718632874,6.119198331841397,0.27947475501452024,0.009262283193507996,0.44682691553098697,0.015164152116904493,0.3509483386716327,55.08778204963688,22.517348022727273,1200.0,110.0,678.7931397306396,0.10036192065991252,30.0,15.0
119255b7-efef-45b1-a5fa-f5d0b5bb3313,68.43809574413521,58.025174301198355,99.87823149635875,6.541128262499975,0.1259367722070707,0.010920942402598905,0.5070101820845959,0.015371284082002674,0.20011798846367088,58.02517322123706,25.011565351010102,900.0,50.0,678.7931397306396,0.10036192065991252,30.0,20.0
11b6c221-a66a-4733-98de-07dabb5b2922,120.25060167171533,65.9075535263132,247.04082666322012,87.24463466745343,0.11572025969851642,0.0052845010554819025,0.5231575003243898,0.0179628957225859,0.11445632643686289,65.9075523839425,22.517348022727273,400.0,50.0,678.7931397306396,0.2509799004147781,30.0,15.0
11c65bd0-dad3-4ac7-bc02-3de6ad80ada6,228.9512300419353,94.31962585383476,795.072802839184,408.39386097681665,0.13870824698292294,0.023266807382175923,0.6156946741346065,0.020955927733807257,0.15628587792109697,94.31962529422509,22.505782674242425,1200.0,240.0,407.27588383838383,0.8028953652793002,25.0,20.0
11d550be-4651-4fe9-86e9-d2654bb0687a,104.2264448984177,67.25023932778336,190.7401224364232,58.090753003364306,0.18802879924368684,0.006744422481649831,0.486574229299032,0.018714994259657735,0.2332811070464216,67.25024303169869,25.011565351010102,1200.0,90.0,271.51725589225595,0.16982541343694404,30.0,20.0
11e3abe8-2eb6-421d-ad8e-5fbd79558c48,195.806696477606,93.61348398209962,694.1245047666397,346.6724442675626,0.1759796626349432,0.022352073396201603,0.5851341887499896,0.020673835103640917,0.21265814312741926,93.61348362953468,22.517348022727273,1200.0,320.0,407.27588383838383,0.8028953652793002,,
11eb5c2c-d9b5-4c0c-be1c-5ac0d91860bb,46.27774131618378,52.001552649771064,48.738766236867,-18.79058815332259,0.21610247169349747,0.01829804088848906,0.5415357264522307,0.013646610659972764,0.3396376556791811,52.00155105183154,22.505782674242425,400.0,70.0,814.5517676767677,0.04796556947260091,25.0,20.0
12056267-823c-45ae-8089-dc8747837ae2,149.96879158606117,62.046894186973375,394.66806679973035,172.49591114684293,0.22361509867896676,0.039036639666308916,0.47043418450416674,0.017808952501313296,0.187854320278822,62.046891609952624,22.505782674242425,650.0,160.0,271.51725589225595,0.3837245557808073,25.0,20.0
12092779-7daa-4163-8b18-cc21f8591b93,129.49555206464953,69.09033390092983,274.04720517637753,103.5790588085231,0.13552069560187285,0.005026533937868265,0.511876773677662,0.01952604828469119,0.14727512550539487,69.09033627007909,25.011565351010102,900.0,70.0,407.27588383838383,0.2509799004147781,30.0,20.0
1216ea05-69df-4f0d-9c40-da3c1aa13306,44.092630904103196,46.93478777945397,47.25368218185609,-19.241384175029673,0.2543711937975589,0.017662684457954547,0.5122236637469486,0.013124451232398204,0.3916654015573597,46.934789664762086,22.505782674242425,400.0,90.0,407.27588383838383,0.04796556947260091,25.0,20.0
12782b39-297f-44aa-8006-92356b37a6fb,189.6508004167863,90.29805868316402,640.9757035643271,318.4676505334687,0.14765268426958122,0.023325477734711705,0.6172370210478326,0.01972522706739679,0.17111842184773782,90.29805804513806,20.0115655155724,1200.0,240.0,678.7931397306396,0.8028953652793002,25.0,15.0
127ef5a5-d0c7-49e9-9c86-cb08fa28f647,66.05903527944652,56.00185735911249,97.52356448288967,5.224294449590902,0.12490518657302191,0.01089021384041456,0.5058712582651516,0.015098449442654776,0.19913912070619666,56.001855406419644,25.011565351010102,1200.0,50.0,814.5517676767677,0.10036192065991252,30.0,20.0
1284451b-1492-4782-a46d-b40f9fafb312,132.4609618828366,57.300266196883,638.1557069749381,311.49611951961793,0.08869356455850169,0.011704305062194865,0.6504855923061764,0.012325007744222984,0.10046997772617396,57.300265361550075,22.517348022727273,650.0,240.0,271.51725589225595,2.0078392033182246,30.0,15.0
1286e173-8140-43d9-a3a2-03f26ad8434e,68.87727907307466,52.48565046159068,107.57073111536504,11.57918720611363,0.26566859321243685,0.009884240762910355,0.4540107762022306,0.01496707683211144,0.3429400872378088,52.4856487592477,20.0115655155724,400.0,110.0,407.27588383838383,0.10036192065991252,25.0,15.0
12a48d13-d310-47c3-867f-fe2137814ec1,100.61935274186813,62.69015560699548,192.1823062809007,57.65547553393973,0.17784409624121422,0.006836706076914983,0.48955037718002953,0.017501119012308452,0.22899217208994815,62.690158059731395,22.505782674242425,650.0,90.0,678.7931397306396,0.16982541343694404,25.0,20.0
12ec4198-415e-4124-851e-b694486ee8e3,149.90484609407812,92.41087870974269,436.3881875029249,194.36270529172953,0.2952760410138889,0.03971713654218224,0.5120602558944444,0.020765468465481496,0.3904469216069286,92.41087885618977,22.517348022727273,1200.0,400.0,271.51725589225595,0.3837245557808073,,
12f10d8e-b962-40c5-9163-22fec5dfe8f7,196.29324832795763,86.27612403608369,680.1060958506686,347.6293878220646,0.14033179596551978,0.022599693658996216,0.5923632145804714,0.019270931543814415,0.16201354264911974,86.27612251344658,22.505782674242425,1200.0,240.0,814.5517676767677,0.8028953652793002,25.0,20.0
13007486-1f63-42dd-9441-6c4e6fd826d1,212.83842603642788,109.17594577864385,891.0147318142454,473.1748964766107,0.1521315604726431,0.015061676470573444,0.6155752088029565,0.02162871823416347,0.18837622777297394,109.17594604704055,22.517348022727273,900.0,400.0,678.7931397306396,1.3586033074955537,,
1305f089-6a84-4546-9a39-edefe80b1227,169.53487430050868,67.60529868898033,675.2602024095643,341.55467968545736,0.08770902285058924,0.015486813087521043,0.5899937052547874,0.01537070738767461,0.08626262683921145,67.60529729797074,25.011565351010102,1200.0,160.0,271.51725589225595,1.3586033074955537,30.0,20.0
1310da6f-469e-4316-adfa-9875dcf91612,173.54293645256513,60.43765543010775,576.6700038936123,283.00255028222836,0.18722073258718433,0.020581997166414137,0.5071674083711596,0.017186897316054106,0.11465326619333889,60.43765376431012,25.011565351010102,1200.0,160.0,271.51725589225595,0.8028953652793002,30.0,20.0
135d9fdf-441c-4224-a60d-ddbe1669db3d,97.48548185702239,61.62575119104724,192.36243909720787,57.52025043322442,0.21223288891903408,0.006527169916529883,0.47657002068429083,0.017549209047875335,0.2641372461279711,61.625748871559736,22.505782674242425,900.0,110.0,814.5517676767677,0.16982541343694404,25.0,20.0
13742cde-9759-4266-8885-93e4d119b03e,124.30810716546539,60.52551982302593,344.81459033366235,144.27067861951696,0.3557590884011469,0.03567585100741793,0.4436270754600273,0.017189168867098755,0.27129950748880277,60.52552209713399,22.517348022727273,400.0,240.0,407.27588383838383,0.3837245557808073,30.0,15.0
13aac165-b9c0-4fe5-80fd-07c197b4c9fd,164.35660334998687,62.36362512977569,758.2724965195741,389.613476946046,0.04463984708110269,0.012143253883659512,0.689597017437237,0.01319286584169353,0.06376091513171843,62.363628113325795,22.505782674242425,400.0,160.0,407.27588383838383,2.0078392033182246,25.0,20.0
13b76c3d-46e3-403b-aa06-877262453356,161.31867647412923,66.47204042576593,766.3072059313328,397.3336857221497,0.07316916622588385,0.011464323498390152,0.6422945572573653,0.013964791961049352,0.09438062780968341,66.47203700367328,25.011565351010102,400.0,240.0,407.27588383838383,2.0078392033182246,30.0,20.0
13d48fce-785c-49cd-b34a-30c4ed721db6,126.70579402959979,64.38301940449745,273.7130452689924,103.83483212652331,0.12774985259894783,0.005164846522337963,0.5162511957819865,0.017874282348868346,0.14578013775963947,64.38301881074415,22.505782674242425,400.0,70.0,678.7931397306396,0.2509799004147781,25.0,20.0
13d554c3-9dcf-4a67-989a-fbb7d28c933f,168.46100288949796,67.85772358382975,796.4713920219685,404.16714411206476,0.07290847924654882,0.01233357661707702,0.7167268161885312,0.015146104283518556,0.09259884727754014,67.85772566229026,20.0115655155724,400.0,240.0,407.27588383838383,2.0078392033182246,25.0,15.0
13f8f38f-5b03-4a67-963d-4f7f9cd12f56,73.66513614940008,59.351472341080516,105.75782310993273,9.662607387053399,0.13991699611410982,0.011052696386668769,0.5094353528715279,0.01540299740570846,0.19884338504613466,59.351473738119886,20.0115655155724,650.0,50.0,271.51725589225595,0.10036192065991252,25.0,15.0
13fe628c-a35e-45f8-af0d-e080c818fbd0,70.61400019117116,56.755946554180966,107.94424734036126,12.402391888892204,0.2813325102940867,0.009582147379461278,0.4517104246660353,0.015684362588332692,0.3484077826661234,56.75594543435679,22.517348022727273,400.0,110.0,678.7931397306396,0.10036192065991252,30.0,15.0
141149e1-955b-4830-a846-7d6beab77164,244.98787416301266,103.11036783537284,1145.7477720181596,644.193643541884,0.07548354841249999,0.011361002853703705,0.6741544825461805,0.020118643290813767,0.10890272160689944,103.11036816882432,22.505782674242425,1200.0,320.0,678.7931397306396,2.0078392033182246,,
1492ae6e-31e9-4c84-8498-ed23f0242572,99.49116214764994,63.54455126149505,189.5282579351918,58.720562760494886,0.22164270519239268,0.006771547277083334,0.4763523971675084,0.0179809332758034,0.27032301048010127,63.54454848003738,25.011565351010102,400.0,110.0,271.51725589225595,0.16982541343694404,30.0,20.0
14ad39f3-471a-46a1-b3e4-2303a474bf2d,190.9154887511669,102.05305858203391,698.9478174907242,357.61713848951905,0.17997493093539563,0.02156862138626894,0.5654385335697181,0.020408242221507385,0.25686153629400943,102.05305632316042,25.011565351010102,1200.0,400.0,678.7931397306396,0.8028953652793002,,
14e1550f-578e-44c6-b4bd-e320d4d15db8,41.983410618653174,54.210355013246804,42.070992230251555,-23.650751827972755,0.1686868710446128,0.018689184415772303,0.5562936488524831,0.012842406469108725,0.2782944825251707,54.21035635511987,22.505782674242425,900.0,50.0,678.7931397306396,0.04796556947260091,25.0,20.0
15169029-f4bf-49b4-94a0-d5845502756f,229.8959746407938,102.44147863566195,1066.7332354537884,598.8624187629636,0.07885154919240318,0.010923281242297982,0.6320284859825125,0.02008864483863648,0.11349071408125105,102.4414773784283,25.011565351010102,900.0,320.0,678.7931397306396,2.0078392033182246,,
151f59ab-cfaf-4f38-b03e-5f82a4d80714,71.08297827373207,52.9112336466476,112.60775858953672,15.82512566629674,0.2320503209769571,0.010174003897474748,0.46371307460711275,0.014872802707617518,0.33955855041410454,52.91123311976609,22.505782674242425,400.0,110.0,271.51725589225595,0.10036192065991252,25.0,20.0
15b1cc36-a555-4422-a729-41f0282fdd40,167.4621598415835,57.11000909479467,562.226252746399,270.5990654020414,0.17977088312166456,0.020987276983890992,0.5193931320620266,0.015555408678808197,0.11487123930894795,57.110011241580835,22.505782674242425,900.0,160.0,271.51725589225595,0.8028953652793002,25.0,20.0
15c7dfec-3404-482c-984c-c5e51918d43e,186.55110811803814,87.34893532723831,674.252718352595,343.2810873178443,0.1753808917360059,0.02195588433015572,0.5696030074015889,0.01949061097564285,0.21081468618496668,87.3489364591191,25.011565351010102,400.0,320.0,814.5517676767677,0.8028953652793002,,
1605cd6f-bebe-435b-9242-dbd1180a5a72,141.80544182687663,65.03637018030155,397.2802585241516,175.7017319567,0.32890668818397517,0.035956526764667505,0.4467938824276515,0.019131616188640663,0.2592408764043242,65.03636859747745,25.011565351010102,900.0,240.0,271.51725589225595,0.3837245557808073,30.0,20.0
169fece2-6f44-444f-8450-35a3409dc840,41.94085397532049,44.93305411237069,44.42890810774115,-21.846122568576384,0.2769641205330387,0.017643291480218856,0.4891136447658881,0.013038012727418587,0.3919871657730572,44.93305518574368,20.0115655155724,400.0,90.0,271.51725589225595,0.04796556947260091,25.0,15.0
16a31f8f-2890-44ba-822d-33bfbed09fe0,142.8987504637251,81.9205882610869,414.48399785502045,184.72855240704615,0.24281927944749582,0.040607295947885105,0.5171574690501682,0.018491653214200533,0.33092487234910345,81.92058715090864,22.505782674242425,900.0,320.0,678.7931397306396,0.3837245557808073,,
16ac94e9-9b63-4a79-aa37-c7a259d91d2c,190.26956130075848,93.91236624767741,675.8072178886013,344.803830916818,0.16362274697095958,0.021949816186816077,0.5743516487657617,0.020015102561008656,0.21313639860999975,93.91236751283873,25.011565351010102,1200.0,320.0,678.7931397306396,0.8028953652793002,,
16b28046-3e28-4c6c-98d7-96b33e65e366,127.32535143881114,65.17416876442678,276.4562554476417,104.70387504310989,0.12789623846502524,0.005040744617845119,0.5149463018033459,0.01827858729061285,0.1444326823800097,65.17417143381502,22.505782674242425,650.0,70.0,678.7931397306396,0.2509799004147781,25.0,20.0
16c422ad-f38f-4588-8d90-26618af5be2e,44.942590238679216,53.18108758020688,45.38516910163248,-20.060428534702222,0.21757847541329967,0.017848361010416668,0.5405275727377945,0.013791577707669955,0.3457685873699761,53.18108524095876,25.011565351010102,400.0,70.0,271.51725589225595,0.04796556947260091,30.0,20.0
16c480e6-36cb-489a-9d41-b294ce7220ca,131.3377460804675,69.10467676818558,270.7762365275556,101.46053325402455,0.09839525930095748,0.005207781907502105,0.5235810136983375,0.019446486072379546,0.11040799134469204,69.10467830071218,25.011565351010102,900.0,50.0,407.27588383838383,0.2509799004147781,30.0,20.0
16cc8be5-36f9-4577-be83-b7d942fec21d,45.3343763092698,51.62104585220698,44.84608338962772,-21.087673861656327,0.29065454266971796,0.016216357750315658,0.45285866190751256,0.0130020886071823,0.4501300126220907,51.62104603840824,22.505782674242425,1200.0,110.0,407.27588383838383,0.04796556947260091,25.0,20.0
16cf82c6-5bfa-4cf9-bfa6-5fb698f3ab3d,45.3429995033288,52.639588380293134,43.85625439848196,-20.659824521742117,0.298284740311553,0.015916336160616586,0.4560290898973064,0.013502103880670056,0.45364904083304625,52.639589179103055,25.011565351010102,650.0,110.0,407.27588383838383,0.04796556947260091,30.0,20.0
16f1f2be-de77-43af-8b5b-43e102868412,104.97921164471357,62.958724670806646,187.828020599694,55.56731853091297,0.10425572277452651,0.007584712233554293,0.5207720555515571,0.017081761376399968,0.14431475738819743,62.95872498984685,22.505782674242425,400.0,50.0,407.27588383838383,0.16982541343694404,25.0,20.0
1727cedf-ee45-44f7-911f-815609841ca4,141.61856655176243,76.11996534372064,420.33420432563224,186.56211136062234,0.28565077367371633,0.04002384510778619,0.5043848292891835,0.017964804587764824,0.3271520170318713,76.11996605249495,22.505782674242425,400.0,320.0,407.27588383838383,0.3837245557808073,,
177cf1b1-f788-4ee0-adf9-6813934d3d17,118.836601357062,66.42368566669732,267.63065567625733,101.45452760424021,0.20544782600273567,0.00481669453811027,0.4922025465535564,0.01874028772510685,0.21527213176467966,66.423686692334,25.011565351010102,400.0,110.0,678.7931397306396,0.2509799004147781,30.0,20.0
179f2694-dcda-4734-9bea-3887a81d1372,193.8508733981231,87.01002523079623,851.6299415005145,446.55845845103516,0.1320150416288931,0.015410191650547137,0.6144378419178556,0.018508226960408998,0.18194667045422164,87.0100212968133,25.011565351010102,900.0,400.0,407.27588383838383,1.3586033074955537,,
17d203ae-7ebd-4dc1-b762-62c6fc64e1fb,114.75499450581854,63.61308331111608,257.52404217311357,92.54940806582896,0.2294439552293771,0.0046140279597537874,0.490039840133891,0.017809787089896837,0.21458082589249342,63.6130830631125,20.0115655155724,650.0,110.0,678.7931397306396,0.2509799004147781,25.0,15.0
183b9b30-9792-4415-b77b-8345dd56f271,71.98749661025289,58.24204824227321,104.67586057055955,8.963975110709978,0.185880314973327,0.01034858152294823,0.48432687614983166,0.01527066701174299,0.2563472655182472,58.24204727825014,20.0115655155724,1200.0,70.0,271.51725589225595,0.10036192065991252,25.0,15.0
187cd2c0-d616-4e76-a3b6-71d6fcc4d51b,167.94419511654647,74.45377122199022,806.7376816866023,417.49448212038925,0.09972213884631735,0.011310250582596802,0.6426087004861428,0.015581787317391904,0.12238140971637722,74.45377261445132,22.517348022727273,650.0,320.0,407.27588383838383,2.0078392033182246,,
187d260c-9033-4727-8367-c0b7e1a0222b,160.46453471739076,65.23770091288759,564.9899799136734,264.13798454431543,0.15512993150345117,0.024153691348937287,0.621952850262079,0.016259229168784615,0.16989891400804116,65.23770190388547,20.0115655155724,400.0,240.0,271.51725589225595,0.8028953652793002,25.0,15.0
1880bdaf-d021-453e-b1b3-ad5d630b1d08,44.43901818980006,53.94843507842165,42.54981461089159,-21.891282115631615,0.260571850262521,0.016529430070233584,0.4837143290164141,0.013313837390064007,0.40867726243675023,53.94843678136391,25.011565351010102,650.0,90.0,814.5517676767677,0.04796556947260091,30.0,20.0
188b7aa3-99b2-43bf-b2bd-166056c3c617,42.2150048803499,52.651986736838616,39.343828031461456,-24.158850166122953,0.2591783636302609,0.016336679249526514,0.4774883644704334,0.01274678270653752,0.4107792056479897,52.65198554865209,25.011565351010102,900.0,90.0,678.7931397306396,0.04796556947260091,30.0,20.0
18934dc7-355f-44f8-9def-6a1b7b655017,76.00117654217915,58.5304692560384,116.18354466363306,17.13394541897996,0.2008468070166246,0.010225280393560608,0.47687795993423826,0.015645858168356532,0.2996983964499354,58.53047019426779,22.505782674242425,650.0,90.0,271.51725589225595,0.10036192065991252,25.0,20.0
189a7041-85bc-4361-bcd7-14bf8d36a2bd,203.75546947162567,98.73183242720177,964.7189094801447,529.3074202731973,0.11536610149482324,0.010934577040114687,0.6380603981611532,0.019408427262231465,0.1446338304885739,98.73183017730673,22.517348022727273,1200.0,400.0,678.7931397306396,2.0078392033182246,,
18ba1de0-4591-4b7e-bf21-810a06e38af0,43.32420477065557,47.526499410672116,44.286441809386105,-20.919568263832105,0.326550370529356,0.01618160275820707,0.4466380395124159,0.013428650967823526,0.4449179479856941,47.52650129027673,22.517348022727273,400.0,110.0,678.7931397306396,0.04796556947260091,30.0,15.0
18e131a2-e0b5-4163-aa4d-57737dadb3f7,264.8821138589406,105.8351274314028,1167.2349511014463,662.8281680717716,0.04157521545349326,0.011702727799736953,0.6935994572767784,0.02076635355644041,0.05713636987184626,105.83513083806584,22.505782674242425,900.0,160.0,814.5517676767677,2.0078392033182246,25.0,20.0
18ff0bb5-a58b-4dfa-875a-3242b448a8ea,132.09575130197078,69.62677415240893,365.7037037240991,154.23826058388246,0.34357344085563973,0.03698047906767678,0.4667457850821338,0.01796080064455113,0.273586077074441,69.6267748385574,20.0115655155724,650.0,240.0,678.7931397306396,0.3837245557808073,25.0,15.0
19098ec0-7b2a-4d0c-b5e1-9716e7177a87,135.75856875030024,66.89642005122772,282.9850528807123,108.00364532693632,0.09311330875639731,0.005148464549442341,0.5257601945050505,0.01874665897627477,0.10681428916270841,66.89641922899283,22.505782674242425,1200.0,50.0,407.27588383838383,0.2509799004147781,25.0,20.0
1918b52f-c2c6-4101-9f2f-923ae4142104,114.0036194816339,61.900067055211,246.58842518907744,85.62211592286853,0.1492441672178872,0.00493194938655303,0.5096752801250002,0.01748722242860121,0.1484657372709146,61.90006605413877,20.0115655155724,1200.0,70.0,814.5517676767677,0.2509799004147781,25.0,15.0
192c0398-e42e-46d9-b233-216001d9f80c,136.11928873566737,64.53903162411932,359.0694356645767,153.1737346348029,0.23823737799568606,0.038035761136942334,0.4653264428967803,0.018685816984548798,0.1951759933770265,64.53903136148533,25.011565351010102,1200.0,160.0,678.7931397306396,0.3837245557808073,30.0,20.0
193f3bbc-b6b0-416e-ac32-d11f1a2baf12,124.71191866488044,54.88476748514557,540.0162656442548,253.33493067451332,0.14345299711752946,0.016147082306313135,0.628043857702336,0.012721620038780763,0.16827942460785564,54.88476457664041,22.517348022727273,400.0,320.0,271.51725589225595,1.3586033074955537,,
197e20c8-5f29-4de9-bd91-f8219aee3ddd,141.8498225921273,78.46571564231297,418.6612785921267,186.5369581610322,0.26683355661900243,0.04087135697974537,0.518626742208386,0.01811850526087012,0.3295036574772953,78.46571655166028,22.505782674242425,400.0,320.0,814.5517676767677,0.3837245557808073,,
1998f9a8-ce88-45bd-8c2f-04c8fb841398,192.96183870060463,77.16679260734436,757.3606392122073,382.6466702433338,0.0891121513253788,0.016563707193939393,0.658766762044318,0.01757327507360217,0.08363526672812345,77.16679396664018,20.0115655155724,400.0,160.0,407.27588383838383,1.3586033074955537,25.0,15.0
19a2d25e-82f6-4ac3-a38c-caf3a16bb974,226.84575884881286,94.232524078718,1105.549282759552,610.9011346462719,0.09593792649018307,0.011345274684943181,0.6718491704031462,0.018879125144448186,0.13217968353648418,94.23252509918676,22.505782674242425,400.0,400.0,814.5517676767677,2.0078392033182246,,
19e9cbbb-cc19-4979-a219-9e9fe1ee5337,213.4288425369201,83.05948527484695,691.9641092770382,352.69254920602884,0.10884398778564815,0.022298904578798403,0.5641613716142677,0.020367375283664318,0.11290704996906527,83.05948557015512,25.011565351010102,1200.0,160.0,407.27588383838383,0.8028953652793002,30.0,20.0
19ec9bfd-cdb4-476a-84b6-1ecc41b9ca47,203.0559467443078,86.86303688615402,926.8005328525937,498.2088294484729,0.07452591121819235,0.011460969532838806,0.6623941438235584,0.018116184198085156,0.09070858024763194,86.86303614619236,22.517348022727273,400.0,240.0,678.7931397306396,2.0078392033182246,30.0,15.0
1a050f85-ed37-4600-881b-20c0ccf508f8,151.74679145333332,90.36792162553986,457.0161381933801,206.91304971856036,0.2795837399935816,0.03957787094290826,0.508561258583407,0.019384460755855662,0.38044656084090495,90.3679220750969,22.505782674242425,900.0,400.0,407.27588383838383,0.3837245557808073,,
1a3bbe42-3c7d-4c59-9796-2a04b1257194,102.57728717114827,62.44345491884993,189.7128118830969,56.731776847574345,0.1416963285323548,0.00726212895246212,0.5050021544305555,0.01716929588965183,0.18957262274120976,62.44345400531084,22.505782674242425,400.0,70.0,814.5517676767677,0.16982541343694404,25.0,20.0
1a42d4ac-4320-43e5-99be-2b8719be7a15,212.492684700765,84.47141537925819,700.3934545162555,359.32100922109674,0.1063874614417403,0.02316089945442971,0.6021716077009575,0.019744128569839172,0.11157896455020809,84.4714164250185,22.505782674242425,1200.0,160.0,678.7931397306396,0.8028953652793002,25.0,20.0
1a792206-d649-47cc-b8ae-a60c0fdd68da,184.81485449758708,72.49026416624916,733.9853076315501,366.10608865242716,0.0865030522206755,0.01670078335204125,0.663952759804356,0.016897647939506717,0.08395106319506436,72.49026209900514,20.0115655155724,1200.0,160.0,271.51725589225595,1.3586033074955537,25.0,15.0
1a940e40-3f5d-44a2-bb86-36dd9370dfbf,44.20327180326899,51.98831409511837,44.67818213486813,-21.23546749301653,0.24141101472958754,0.01783643771701389,0.5154477255531356,0.013751979502748287,0.3446630738061944,51.98831568035741,22.517348022727273,400.0,70.0,271.51725589225595,0.04796556947260091,30.0,15.0
1ac0ea98-7700-4567-909d-762537850d42,95.73721207229772,62.0940040961804,177.71430049238663,48.156404685045665,0.20697158624726428,0.006675018697390571,0.4837955167560499,0.01713202710674169,0.23457749689332694,62.094002743572155,20.0115655155724,900.0,90.0,407.27588383838383,0.16982541343694404,25.0,15.0
1ace6b1d-916a-4554-9357-274326b498d8,138.72627279063653,80.55568455946738,400.71877677514055,177.082172807812,0.24390237669265571,0.04021370660686027,0.5094799485742214,0.018151690325373226,0.33331588535247275,80.55568646900974,22.505782674242425,1200.0,320.0,678.7931397306396,0.3837245557808073,,
1adf2e4a-73b8-4310-bcf3-da33b982263f,229.99738056195022,110.10108534259766,947.2349290131439,501.17379381825697,0.11580694736948655,0.016480911220906988,0.6897440960486112,0.022174891300604054,0.1526773324235782,110.10108562506065,20.0115655155724,650.0,320.0,678.7931397306396,1.3586033074955537,,
1adf9cb0-c4ba-4674-8c15-f4d061fc648a,123.69078066464421,63.80710531631141,275.0427531483768,104.70733138022707,0.1612946744348064,0.004998780150326178,0.5055283910626579,0.017856174826322464,0.1791164755762278,63.80710284726433,22.505782674242425,400.0,90.0,678.7931397306396,0.2509799004147781,25.0,20.0
1b01820d-c177-4dbf-a2eb-5056f300abef,73.0040239836377,59.2248965148186,105.16122614815076,9.000042983091832,0.13977835505576597,0.011021805297085439,0.5086700133589015,0.015394241285299978,0.19897572239458353,59.22489816648496,20.0115655155724,650.0,50.0,407.27588383838383,0.10036192065991252,25.0,15.0
1b48d072-a276-4475-ae7e-86883ead1779,192.561234590951,92.011049557477,728.1374749090154,369.186346997012,0.18616466502535778,0.022143872707144362,0.5795600383895202,0.019844601199216536,0.24728403571951638,92.01105198762562,25.011565351010102,650.0,400.0,407.27588383838383,0.8028953652793002,,
1b4cc00e-bde9-4618-ba0d-fb5a9a4b5933,117.95646764138456,65.48198688339595,249.1615641093402,88.70067196714152,0.1590331702987374,0.005076173600568183,0.5106488559296612,0.017988803196049365,0.15240525079881093,65.48198744867139,22.517348022727273,400.0,70.0,678.7931397306396,0.2509799004147781,30.0,15.0
1b635b50-6989-4621-b3fc-b95d093bde48,144.5385421643228,63.50079476583752,372.6542094806531,157.17329467741249,0.2665615335272937,0.038149027165782834,0.46597392852300096,0.017881037175307958,0.19355718947627665,63.500792180835106,20.0115655155724,900.0,160.0,271.51725589225595,0.3837245557808073,25.0,15.0
1b84425c-5c1b-4909-93ad-06ee83434da0,172.7796250797826,72.95418309957832,811.1756764172504,427.47519331680064,0.06738392208122895,0.01141540579614899,0.6439545941040614,0.01491600975214684,0.09378398429992495,72.95418162152625,25.011565351010102,650.0,240.0,407.27588383838383,2.0078392033182246,30.0,20.0
1b9664cd-fd96-4ac2-8fd9-c6059c25505c,96.66002038531444,61.104081802785856,191.12940224108524,56.67312312321183,0.21158958967750421,0.006506139106155302,0.47628144322174865,0.017500825271392628,0.2637131145096646,61.10407935688452,22.505782674242425,1200.0,110.0,678.7931397306396,0.16982541343694404,25.0,20.0
1b995c14-9e71-4399-ada6-ff0186e5a696,74.68736110380128,57.66419640265301,117.41109881441378,17.799432251565886,0.23699313261416244,0.00979597093036616,0.458985930369213,0.015726089306404876,0.3411653655525519,57.664198349414185,22.505782674242425,650.0,110.0,407.27588383838383,0.10036192065991252,25.0,20.0
1bbbba15-4444-452b-98cd-834c758f036b,97.4829642273846,61.26040974655904,176.88630951040054,48.42978527823176,0.16407675500126262,0.007209509977325336,0.5004870712794612,0.01682171846339067,0.19390630430321654,61.260407396011885,20.0115655155724,400.0,70.0,407.27588383838383,0.16982541343694404,25.0,15.0
1bda7520-0411-4967-8e5d-5d5b9a933523,41.91912291085507,53.609712649025695,39.331517222584665,-24.86178292469668,0.2414754986000632,0.017128122544454966,0.4931818262577863,0.01298696020446329,0.35287621894148646,53.60971061820656,22.517348022727273,900.0,70.0,271.51725589225595,0.04796556947260091,30.0,15.0
1bdd4509-225a-40e5-8539-1da0a3793d04,156.89009754950095,63.79885783340603,624.1550383245208,305.6366815142529,0.09404651351548822,0.015790655448379633,0.6023120972900988,0.014784492917496542,0.08853282562299043,63.79885701951756,22.517348022727273,900.0,160.0,271.51725589225595,1.3586033074955537,30.0,15.0
1be3a0b6-b2f6-495d-91c8-fb10b3776988,64.57565320372552,54.92385506669859,96.74822774053888,4.5412700640839825,0.23550499333007155,0.00973034989251894,0.46231585692834604,0.014967531837149368,0.3082598405666299,54.92385461777566,22.517348022727273,1200.0,90.0,814.5517676767677,0.10036192065991252,30.0,15.0
1bf1100e-877f-4150-94ff-7f16012bd6d2,68.81834330225367,58.62518729205451,96.57188912130627,4.746114452879146,0.14398273495912242,0.010827417317329545,0.5043441306311026,0.015116540232840557,0.20270312217927536,58.625187288422076,22.517348022727273,900.0,50.0,271.51725589225595,0.10036192065991252,30.0,15.0
1c0f642c-26f1-421e-bbcb-80d33b72420f,147.06444113498466,60.831775396070775,518.1938131421356,245.56294907429734,0.16370070503251266,0.0223991919607218,0.5571512477168034,0.014680782427285481,0.1744806157296166,60.83177385854616,25.011565351010102,400.0,240.0,271.51725589225595,0.8028953652793002,30.0,20.0
1c347897-b939-48f7-bf7f-947de4d61bf1,133.42113133163227,53.82345552098131,671.1298390699545,330.6055081263708,0.08399074267203284,0.011964266968308082,0.677061416613005,0.011589760974104017,0.12422090761911675,53.82345451711983,22.505782674242425,650.0,320.0,271.51725589225595,2.0078392033182246,,
1c481643-cac9-4439-807f-2ecb0bfc2cfd,129.31851819844786,65.01101842197845,291.99146706971567,114.40531679387963,0.19300551312100167,0.004807623989320286,0.4965130016715593,0.018466931779380896,0.20578665013943578,65.01102034970052,22.505782674242425,650.0,110.0,271.51725589225595,0.2509799004147781,25.0,20.0
1c54ef22-0ae9-4e51-b3b1-7425601fb747,155.5148119394387,61.63672867340879,727.875592445152,371.76460486060705,0.052863658481860275,0.011619100913899413,0.6421460621579336,0.013305223697241006,0.06582548688747517,61.63672899025771,25.011565351010102,900.0,160.0,271.51725589225595,2.0078392033182246,30.0,20.0
1c5c934e-7ffe-4f56-ad60-61fe501a364e,224.72334984822135,100.40012928739588,1047.6365907213476,588.5570122616383,0.08664956013214437,0.01091908056428872,0.6327221345253052,0.019856338462322175,0.11393345783027874,100.40012797195081,25.011565351010102,1200.0,320.0,678.7931397306396,2.0078392033182246,,
1cc4a44c-f30c-4398-a351-02fe6f539e73,141.44103811743005,63.20235657271742,376.60154158132747,163.6340051909774,0.22779026665258842,0.03847113386686658,0.46909530961793977,0.017929200917329288,0.19070252130455845,63.202358525221634,22.505782674242425,900.0,160.0,678.7931397306396,0.3837245557808073,25.0,20.0
1d0eefe6-ff31-4123-9d05-4f6445e1b848,130.06234790956347,53.43914070624549,669.0698887807853,322.7468169881211,0.1184826137261574,0.012040370534399198,0.6935667169533355,0.012715513130108956,0.15013443146536942,53.43914000227487,20.0115655155724,650.0,400.0,271.51725589225595,2.0078392033182246,,
1d9e2709-08da-4b26-88cb-1f2391319e48,101.80134807624259,64.25459355198005,181.87522251277824,50.70505496984502,0.1655581197142782,0.006981066231176346,0.49882867914194023,0.01742197020587212,0.1928833060081907,64.25459181488374,20.0115655155724,900.0,70.0,271.51725589225595,0.16982541343694404,25.0,15.0
1dea8e4d-1e13-45bc-85b4-f9e7edd5d654,103.41162207375262,62.989007717245904,187.432029576451,54.3248979536302,0.10395975853132366,0.007372234105324074,0.5175921861652988,0.01736525109245503,0.14317744613545785,62.98900841421864,22.505782674242425,650.0,50.0,814.5517676767677,0.16982541343694404,25.0,20.0
1e0aeb46-1de2-40bb-8e90-db2c54316fc7,42.27819661363453,52.324946537881466,39.606915391268835,-24.627169145939906,0.28832819460837544,0.01619469805239899,0.4553679520361953,0.012908934397227755,0.4097049137514041,52.32494677398671,22.517348022727273,900.0,90.0,814.5517676767677,0.04796556947260091,30.0,15.0
1e1c9206-3c00-467c-bd6a-0b8621548a86,151.430200660048,63.8080448655712,689.0176986572139,338.95216598917955,0.12642475206065867,0.016376051655818603,0.6517010102364058,0.01414116229236194,0.1871157080446564,63.80804415539505,22.505782674242425,650.0,400.0,271.51725589225595,1.3586033074955537,,
1e230582-c201-4aaf-afe5-d922501a2ff9,209.42286698857643,90.15100304849791,953.3068801736208,517.1306171351248,0.07896916393121843,0.011345391799042507,0.6551014755619424,0.018768409308079284,0.09016435425406498,90.15100498530876,22.517348022727273,400.0,240.0,814.5517676767677,2.0078392033182246,30.0,15.0
1e37f521-06af-4f0e-8753-8225748e4da6,106.49133105651809,67.84501004847382,190.43903901272486,58.279246028807194,0.1504520153184975,0.0071116485429713805,0.501651707384575,0.01857387324952027,0.19299302352608824,67.84501098104899,25.011565351010102,650.0,70.0,271.51725589225595,0.16982541343694404,30.0,20.0
1e4259f0-22ba-4ee5-99a2-4eaad3b28361,71.95896966142273,60.04223360984299,105.65233463396086,10.79223893002296,0.16961463431807663,0.010497998725431397,0.48898935078335437,0.015856314356646625,0.2583997044141148,60.042232119132464,25.011565351010102,650.0,70.0,407.27588383838383,0.10036192065991252,30.0,20.0
1e531215-6390-4d82-a160-b36008e29973,73.55688327434022,60.18738690347961,108.08786647066823,12.96499041590419,0.1699886333835227,0.010711628373811028,0.4940782573597432,0.015838042522671514,0.2580156064418457,60.187387343015885,25.011565351010102,400.0,70.0,678.7931397306396,0.10036192065991252,30.0,20.0
1e84c768-f4b1-456b-9354-8cd044a61288,107.26931374072963,65.14034244794784,200.6924893606158,63.15094821774344,0.1786790645255682,0.006806944060616582,0.49107326373926774,0.017974844532698892,0.22749771105818736,65.14034152115778,22.505782674242425,900.0,90.0,271.51725589225595,0.16982541343694404,25.0,20.0
1e911a95-49ab-46c3-9cff-1b0c3c8ce8c4,105.75022619804719,65.24222732321009,202.88716215207208,64.38285818075582,0.214245721605061,0.006511424383922559,0.4778460859833754,0.018110685292566417,0.26330449363078157,65.24222797108786,22.505782674242425,1200.0,110.0,271.51725589225595,0.16982541343694404,25.0,20.0
1e9f341c-ce60-4404-a360-831fb3abd1e3,131.82871295179953,72.32655017938632,385.88970995667233,163.47697011261982,0.3139996041241582,0.040217841869791666,0.5129700403882049,0.01804899626039211,0.33389415287541846,72.32655227005769,20.0115655155724,400.0,320.0,407.27588383838383,0.3837245557808073,,
1ea68095-1319-4330-981e-94d8a5b0c6a5,107.60486984178104,63.32723625175696,191.09896494435188,57.84997851509753,0.10404729615655514,0.007624048404755893,0.5223792335359849,0.01716801372110884,0.1436379425582864,63.327235217759394,22.505782674242425,400.0,50.0,271.51725589225595,0.16982541343694404,25.0,20.0
1eae1659-f867-4d70-8201-3ba148d17364,135.71220073258328,63.83371825094068,374.6564478339357,160.09084667181347,0.3523503965571865,0.035564739257333756,0.44459319939496006,0.018402623076262153,0.2639571334482329,63.83371778496202,22.517348022727273,900.0,240.0,271.51725589225595,0.3837245557808073,30.0,15.0
1eba7627-628d-4c49-b3cb-5407073b7a0b,98.39491037147616,64.1357409187524,177.37925256020986,48.42079858498365,0.1089840854285038,0.007386581018381734,0.5147035211625632,0.01784900916692626,0.14708810384698368,64.13573940456796,25.011565351010102,650.0,50.0,814.5517676767677,0.16982541343694404,30.0,20.0
1ee30847-1ef2-4512-a613-0e018b538022,239.13994828129947,109.39853464479945,1030.0836925530582,560.1102016830889,0.131965636615141,0.015540883105460859,0.6454677203902777,0.021709537588756447,0.17388649155769675,109.39853370649217,22.505782674242425,1200.0,400.0,678.7931397306396,1.3586033074955537,,
1ee56106-1dbc-4031-bc4f-b6f388a216a8,213.70982335878676,106.48870499421501,900.0133582899688,486.5086361456753,0.1219180711262626,0.014996190959837964,0.6117985264443498,0.020930393659064548,0.18398196832566127,106.48870796036928,25.011565351010102,1200.0,400.0,814.5517676767677,1.3586033074955537,,
1f104c54-4c75-49cf-912a-359fba1bb961,175.27295403068985,74.23779813344758,849.9593558976832,449.33576210518356,0.09067879571550926,0.011208098890909091,0.6360557526723063,0.015430434830253041,0.11895507879478644,74.23780113272419,25.011565351010102,650.0,320.0,407.27588383838383,2.0078392033182246,,
1f34ce1b-16c7-43f7-8e89-f0aa5cd57af4,233.43702385728125,100.11907811302207,1012.2454728065997,562.6869660365111,0.05443505950084175,0.011325651283480639,0.6618470808373211,0.02069758287028731,0.060737411466234854,100.11907654542811,22.517348022727273,900.0,160.0,814.5517676767677,2.0078392033182246,30.0,15.0
1f35c468-6860-4797-8de7-3c7f9f15a62c,118.6923715302183,64.6002970082435,264.12134386954295,96.32697402717064,0.2296291017131734,0.004629238507796717,0.49062694017934544,0.018029215867707827,0.2136924889890223,64.60029915863815,20.0115655155724,650.0,110.0,407.27588383838383,0.2509799004147781,25.0,15.0
1f36db03-a39c-476c-b4c9-0bff416ff7be,99.73383682237687,62.29091633730851,175.6059641783871,47.34290273953803,0.12095995239863215,0.007524836820580808,0.5168225740753367,0.016852510951872755,0.14779532320572614,62.290915872274724,20.0115655155724,400.0,50.0,407.27588383838383,0.16982541343694404,25.0,15.0
1f3a9eaf-b479-428f-b4e4-d61334adddd0,75.89148809761129,59.10772360464273,113.91765696137244,15.280586947593333,0.16323314580303028,0.010631408561931819,0.4930499881589856,0.015602555251223135,0.2518657903983141,59.10772418777223,22.505782674242425,650.0,70.0,407.27588383838383,0.10036192065991252,25.0,20.0
1f472aa1-0ab5-4f42-a8e8-3d5c18fa8603,73.98150998563202,60.77882292838436,109.57201267562415,13.966846820075334,0.2102518411500421,0.010052156544328705,0.47134179540961696,0.01612189944095864,0.3073022342630079,60.77882172831212,25.011565351010102,650.0,90.0,271.51725589225595,0.10036192065991252,30.0,20.0
1f48dd00-25b4-46b0-840a-d4a7d71bd634,168.62246877033908,69.76018560671639,631.6215998493502,306.28059803423304,0.1729772115727062,0.023216387552377947,0.6045512945129946,0.016339964468418733,0.20693081563276008,69.76018700780872,22.505782674242425,650.0,320.0,271.51725589225595,0.8028953652793002,,
1f49243b-1fde-4409-acc0-033d60cfa359,72.4724262655583,54.504674231625025,114.77506120204055,16.65789773635868,0.23354607761616164,0.01006716426205808,0.4627942256406776,0.0152038583550362,0.33983289267551403,54.504674255199745,22.505782674242425,400.0,110.0,678.7931397306396,0.10036192065991252,25.0,20.0
1f4fd0d6-213d-4440-a3c6-941ae4d1c456,134.11238154773397,79.01433283579323,386.00784866243106,169.95875308308425,0.2781638977172769,0.03824036061662457,0.48372442796030096,0.01867118696209397,0.3373877900606114,79.01433355248639,25.011565351010102,650.0,320.0,814.5517676767677,0.3837245557808073,,
1f628a74-ed04-4e61-b8eb-3bfa8f79ff53,157.1568041082869,70.00675155938353,700.4021981057789,353.2975061239887,0.14643977006655093,0.01535521829000421,0.6025205274272937,0.015331217423987721,0.1897192049856924,70.00675063970053,25.011565351010102,400.0,400.0,407.27588383838383,1.3586033074955537,,
1f6c4660-67ad-4344-a7f6-3c32915e554f,100.14780350001841,61.84565119833525,188.12048084825022,54.59371767744522,0.14113474080502947,0.007036753694255051,0.5016463860402988,0.01739400795695671,0.18769699615517768,61.84564995128235,22.505782674242425,900.0,70.0,814.5517676767677,0.16982541343694404,25.0,20.0
1f9591c2-d7bb-4098-a6cf-864a7952b617,93.24388507585401,60.971091149640834,174.89694182444214,46.30974331215486,0.20609386089199283,0.006665426654703283,0.483526057635101,0.016981849135895163,0.23442756572123266,60.97109033849675,20.0115655155724,900.0,90.0,678.7931397306396,0.16982541343694404,25.0,15.0
1fbd287c-283c-43a3-928b-23e9579c2724,69.98329762346829,56.53985832208364,107.1588071742484,10.504273014475439,0.2703026629630682,0.009390117797958755,0.4487203240340909,0.015395734953296797,0.34679239842155035,56.53985590610864,20.0115655155724,1200.0,110.0,407.27588383838383,0.10036192065991252,25.0,15.0
1fc2ab26-c805-4077-beac-d127a92cf52f,128.37714598042896,65.94957651685502,269.41460976578486,99.1959255009235,0.1509918863069234,0.005050110516245791,0.5125502329884258,0.01826845001265544,0.14749839355209424,65.94957303127643,20.0115655155724,650.0,70.0,271.51725589225595,0.2509799004147781,25.0,15.0
1fdc3fc2-a62a-4512-9f51-250337615b9b,170.56358931707877,91.88744748940158,591.4637376200101,291.76228305026495,0.17335678222295878,0.02212113996584596,0.5800681201072496,0.019065339669222563,0.2248592510024926,91.88744631828278,22.517348022727273,1200.0,320.0,814.5517676767677,0.8028953652793002,,
1ff12ac8-0efc-4966-8175-27e77c60bc70,119.66997661279535,51.11972351872169,544.9798505675826,251.2173125947927,0.15390093760043141,0.016912247507460017,0.6739142747854587,0.012717786357105633,0.19786104792997905,51.11972482176114,20.0115655155724,400.0,400.0,271.51725589225595,1.3586033074955537,,
20745c77-bfc1-424a-8104-bed180759c18,113.11267897541477,62.48628313255814,236.01492621801313,79.61423125046323,0.11400748558091328,0.005157601467424242,0.5199934145905933,0.017731851942659776,0.11293365400097267,62.48628573807537,22.517348022727273,1200.0,50.0,678.7931397306396,0.2509799004147781,30.0,15.0
20b10d50-1434-44f8-8a2e-7abc1daf6cf5,45.52682258724774,52.757104532667064,45.40262925704728,-21.68202592903937,0.2834965178191288,0.01692353791702441,0.46350852662047554,0.013653353103566988,0.40246392420591376,52.75710459313143,20.0115655155724,650.0,90.0,814.5517676767677,0.04796556947260091,25.0,15.0
20c814fd-3f18-4835-8e6c-30feb7ebe4c0,73.41106484901252,59.90401310536715,107.86798674633515,12.958420334697369,0.16994735982281148,0.010739328429608586,0.4943108644901094,0.015811097173941392,0.2579213271249322,59.904010876482204,25.011565351010102,400.0,70.0,407.27588383838383,0.10036192065991252,30.0,20.0
20dbba08-c520-42c6-bca4-6f1501d5ebbe,222.93238618549105,98.97419670931737,892.7526072726762,468.8826716308136,0.09055849456890783,0.01671584830553451,0.687729457083386,0.02096997445046209,0.1182942167795941,98.97419469056217,20.0115655155724,400.0,240.0,814.5517676767677,1.3586033074955537,25.0,15.0
2101e40c-e04f-40ae-af82-10e56097ad82,45.08548633968643,50.040319581767825,45.37080675486015,-21.31358393061046,0.32167353587415826,0.01620916827521044,0.4361621919694866,0.013416981114991787,0.44659191410330185,50.040319317091885,20.0115655155724,900.0,110.0,271.51725589225595,0.04796556947260091,25.0,15.0
210528e1-f83b-442d-ac7b-5270a79fa81f,183.16750805098386,82.70455418950432,588.2121657915525,290.0071460633946,0.11144856812196968,0.02285173310803872,0.5858146118408986,0.018869166655465192,0.12238885368604169,82.70455134324651,22.517348022727273,650.0,160.0,814.5517676767677,0.8028953652793002,30.0,15.0
212095db-3bd4-4d11-acfb-e962820d1643,212.75203634988608,108.54598471325873,894.9027672897032,475.4805249646729,0.1611514521713489,0.015039566747523147,0.6169040110675189,0.02167503394707795,0.18755860347845996,108.54598444857817,22.517348022727273,650.0,400.0,814.5517676767677,1.3586033074955537,,
2143662f-990c-4b37-83fc-a834d77da820,43.65558320367292,55.60211678792189,43.61460567992304,-23.17797389599724,0.18729085946654042,0.01881313665104166,0.5435133851862374,0.01357856229402978,0.2784349842626448,55.602117299215095,20.0115655155724,900.0,50.0,271.51725589225595,0.04796556947260091,25.0,15.0
214cc6e0-4007-4041-8c43-7734121f7cd2,241.85625884356466,104.33503896177388,1159.5641847369357,656.7166175321254,0.09725940496764521,0.01113834835541877,0.667121531448043,0.02053654685210532,0.1313092465386063,104.33504049379101,22.505782674242425,1200.0,400.0,814.5517676767677,2.0078392033182246,,
21779a97-da50-4c45-b40a-cf04be1897d8,93.38951456862357,59.64010285216694,179.14882042363448,49.890308776902856,0.2447525856061132,0.006604884062857744,0.4734283676654567,0.016839863329462475,0.27102836989502105,59.64010490807426,20.0115655155724,400.0,110.0,678.7931397306396,0.16982541343694404,25.0,15.0
21821577-fe10-409f-b75f-6ff3ec2cb7fb,139.987620993714,62.77222709971144,399.5790735624519,174.5471172731233,0.3138436690742319,0.036981954944076176,0.45772090511186864,0.017707197940760228,0.25768044849113475,62.77222693886908,22.505782674242425,650.0,240.0,271.51725589225595,0.3837245557808073,25.0,20.0
21944d2d-4060-4c58-b945-6cab6f39ae6d,216.89121278189566,89.62822806665065,925.7391096762486,487.53411704014394,0.10767584830191498,0.01618576577131734,0.6605212229729482,0.018963985950607564,0.14498266099481152,89.62822530273874,22.505782674242425,900.0,320.0,407.27588383838383,1.3586033074955537,,
21d7b21b-ebfb-42b3-82e4-86f7cb42f3ea,43.273476831513726,50.399047671721384,41.953418164125644,-22.87905059462432,0.2894204524473905,0.016088445103061864,0.44916593778945707,0.012486044027800227,0.45212168402138025,50.399047027219865,22.505782674242425,1200.0,110.0,814.5517676767677,0.04796556947260091,25.0,20.0
21ef266f-2cd5-4045-b33e-9907a84de71e,41.50353963165614,55.86495239383259,40.26313242389024,-24.720685150390732,0.1892332472734638,0.018266089063973066,0.5398251429503368,0.013280810478918235,0.2827360860968661,55.864954694322186,22.517348022727273,650.0,50.0,814.5517676767677,0.04796556947260091,30.0,15.0
21fa756e-9ca2-416d-903d-350934962822,193.28257534978738,87.09852631080973,699.1559675519986,353.72072932503255,0.16110865829434973,0.022379469750610267,0.5828945704559976,0.019476661531905103,0.2078966526785424,87.0985287210703,25.011565351010102,650.0,320.0,407.27588383838383,0.8028953652793002,,
21fe5fbc-7549-46e2-8529-40cb50cf9c30,73.72525638908023,58.0173496280276,106.55581353135317,10.360155354429864,0.13973984856812918,0.011308369276094278,0.5136517945102063,0.015273781285146051,0.1979691125376807,58.01735143147182,20.0115655155724,400.0,50.0,407.27588383838383,0.10036192065991252,25.0,15.0
221f7adb-69c0-4cbe-9634-b64c7e7464c3,99.35531807651796,65.2426227195248,174.90315988245294,47.41634318050166,0.17401475767660984,0.006913360359196127,0.49631203765488213,0.017757412747490642,0.1957319068254275,65.24262588972582,22.517348022727273,1200.0,70.0,271.51725589225595,0.16982541343694404,30.0,15.0
2230e4ec-4665-4756-bbec-c84f43a25ec4,46.121322506137034,56.36414082188982,47.571660396385646,-20.123863098481554,0.16887890249252943,0.01900224414073022,0.5726587773523779,0.013778967353657814,0.2754081261368169,56.36413900685816,22.505782674242425,650.0,50.0,271.51725589225595,0.04796556947260091,25.0,20.0
226c96db-3cf5-4eb8-9cc6-8f70eb44eea7,196.2848236217981,87.06093587651235,862.2627760011407,439.3002454968878,0.14270446942516835,0.016293120312166457,0.6700196281722642,0.019454709553273792,0.18069928837708715,87.06093522746605,20.0115655155724,650.0,400.0,407.27588383838383,1.3586033074955537,,
22b9bdba-b3b9-41c4-9989-2a206e9c7ff0,211.0709705462052,92.96006543448007,773.2540669450683,392.93571764843074,0.17237569261116373,0.022735404203377527,0.5971232964802189,0.020033444728907907,0.20181701327788285,92.96006257753048,22.505782674242425,650.0,320.0,407.27588383838383,0.8028953652793002,,
22bb7a58-a12c-407a-8d1f-b980b95165d2,143.1644556227152,80.88616722107295,436.73623250850744,196.46314670016272,0.28323007135237804,0.03825588695172558,0.4790329064061447,0.01942674641871061,0.37601570930824674,80.8861661960766,25.011565351010102,900.0,400.0,271.51725589225595,0.3837245557808073,,
22c4cb72-b3b9-46ff-8ad9-f1e0d2d3b87b,73.27249373326778,55.16946229612819,113.12808849629366,15.566552447504023,0.19860218002146462,0.01051254197109638,0.4801420948166036,0.01508825121307946,0.29872606566727267,55.16946178920272,22.505782674242425,400.0,90.0,407.27588383838383,0.10036192065991252,25.0,20.0
22c513cc-2c4c-4a04-b4d2-4c933d516b05,100.82122857234039,62.1599742670583,188.64175249039195,55.00849584847549,0.14126162036353115,0.007043327157207491,0.5019507117959807,0.017420959230420786,0.18788594553151208,62.15997592512601,22.505782674242425,900.0,70.0,678.7931397306396,0.16982541343694404,25.0,20.0
22e20d2f-df56-452f-96f3-8e85560f98be,123.35071594279452,66.82896177240939,270.3927258280991,101.44461034015183,0.2430575651191077,0.004657225384606481,0.48992786144095113,0.018770840106893005,0.2140020749393887,66.82896278481533,22.517348022727273,650.0,110.0,271.51725589225595,0.2509799004147781,30.0,15.0
230a06ea-4d85-43c4-9764-be397702d49d,217.67494137831122,95.06524846441187,830.6646505523904,440.95367551635326,0.07672083082470538,0.015825950384627526,0.6363213725868055,0.02079128205297954,0.08247045707990007,95.06524811240106,22.517348022727273,900.0,160.0,814.5517676767677,1.3586033074955537,30.0,15.0
234cc33f-e090-4d63-af3d-d84ccf566497,224.8315878312175,97.7058566219413,857.3848376060834,455.3173732733007,0.06851455549349747,0.016597779289530722,0.6858334305381418,0.02114671449658657,0.08165170642711225,97.70585955651609,20.0115655155724,1200.0,160.0,814.5517676767677,1.3586033074955537,25.0,15.0
236f10fe-3771-440f-bc12-b7e7c159c20e,39.25157920301895,54.409574517267465,37.376701412558766,-26.069024224431914,0.1691138528186027,0.018069973044665406,0.5546466628125,0.012625348549803763,0.28405326139212056,54.40957465685696,25.011565351010102,900.0,50.0,407.27588383838383,0.04796556947260091,30.0,20.0
23a169df-0dbc-434f-a515-49cca17f860e,177.71414562271036,80.7417284391276,870.3803622742676,456.4966154189597,0.12785739057801981,0.011009197283373316,0.6341267598379315,0.016794369094764044,0.14583883990963623,80.74172895774176,22.517348022727273,1200.0,400.0,407.27588383838383,2.0078392033182246,,
23f0b3f7-f09d-4ca1-a387-2ed877c1ade6,98.077532772338,61.24992674202815,189.258911148429,55.36517104822713,0.17682860887457913,0.006751931583964647,0.4881257537324285,0.017434630012972713,0.2275779692901404,61.249928473584106,22.505782674242425,1200.0,90.0,678.7931397306396,0.16982541343694404,25.0,20.0
2413c070-fe97-4fa2-b0c9-0eaf6437af95,183.26792186493583,92.42309665235867,674.6530192152783,336.5291542955161,0.19508459865935399,0.022410385408890995,0.5876306121147307,0.019934006458664846,0.2566477390201595,92.42309548880966,22.517348022727273,650.0,400.0,407.27588383838383,0.8028953652793002,,
242f8677-6b97-46f7-a20d-c17d817dd06c,95.40331680851983,62.76299639388784,177.5019749446598,48.42125113251934,0.14767299728372266,0.007055724662742004,0.49821336635721813,0.01785882683919237,0.1926008733061452,62.76299629374662,25.011565351010102,900.0,70.0,678.7931397306396,0.16982541343694404,30.0,20.0
24954797-a705-4c87-8afa-d0bc0d1258bd,40.313301769494394,53.03999291041198,37.02975444482594,-25.51900933814437,0.21669187989551764,0.017031166516256316,0.5100315955110478,0.012431790307547222,0.3550786713697643,53.03999456719124,25.011565351010102,1200.0,70.0,271.51725589225595,0.04796556947260091,30.0,20.0
24c5a395-cde1-4173-b652-302626a952c2,147.45210535099392,60.54529484332419,593.4162608240356,291.69583212893116,0.07906488315988006,0.015919137916835017,0.601396286805261,0.013484742391327579,0.09015504286792324,60.54529591786382,25.011565351010102,650.0,160.0,271.51725589225595,1.3586033074955537,30.0,20.0
24eaef0f-1382-4f10-8909-977a7d9eb6f3,128.66269316169797,75.02158103407437,367.4609864985809,156.68737801530858,0.30358541719076176,0.03870296873862584,0.48847771029573855,0.018144597493020442,0.34148633909097414,75.02158054726078,22.517348022727273,400.0,320.0,814.5517676767677,0.3837245557808073,,
24edb4a6-0bae-44ac-ab85-d5f19cb2b1d5,71.46059386511648,57.922261310760945,106.71658199745598,11.556894991270585,0.23899181740993264,0.010045131345717594,0.4685606052044402,0.015657352327898222,0.3068605206048174,57.92226096594148,22.517348022727273,400.0,90.0,678.7931397306396,0.10036192065991252,30.0,15.0
250af85d-bbac-452a-8cf9-a3d2cccdcc1a,44.29923276918587,51.913341290141446,41.810523286430005,-22.775599576058102,0.33179537773032414,0.01550315838573232,0.42966076976178447,0.013250505920568824,0.4545566568835287,51.913338800965505,22.517348022727273,900.0,110.0,271.51725589225595,0.04796556947260091,30.0,15.0
254a197f-e243-4675-99eb-eddd78b7bcd5,139.4956240083938,84.47955807632445,412.705556436246,185.0989478542627,0.30204856339898994,0.03704443268085018,0.46831262178414357,0.019232246819278733,0.38720068186992784,84.47955746004116,25.011565351010102,900.0,400.0,407.27588383838383,0.3837245557808073,,
256b15e2-25d2-4fd0-9e8a-81d8a52d8e0c,112.37267674484875,62.75034101725231,253.73364248833914,89.88885737994877,0.22874489753940452,0.004580093491119528,0.48944310229295035,0.017721797322975116,0.21408255264325093,62.75034060484259,20.0115655155724,900.0,110.0,814.5517676767677,0.2509799004147781,25.0,15.0
2574bdd0-e334-4612-8534-b07a1bd3b5da,44.13153220972008,48.34408452145946,45.987985339958065,-20.992963011973647,0.2797367742828282,0.017413480506313125,0.4810385236185816,0.013515447616560474,0.39515954368822753,48.34408586794451,20.0115655155724,400.0,90.0,814.5517676767677,0.04796556947260091,25.0,15.0
257bd747-67d5-4eaa-8a57-5da66cbfe203,165.16414125191918,67.98891412986038,687.2862612702463,336.0464047916784,0.10159384106824494,0.01709513981675084,0.6849533376105534,0.015809782704737714,0.12334122025487387,67.98891474432293,20.0115655155724,650.0,240.0,271.51725589225595,1.3586033074955537,25.0,15.0
2587b69b-a62b-42e0-b34d-6cdc95365b03,119.57110210841502,49.053654624292435,548.5969783940376,257.61598683986233,0.12851269697632572,0.016551996858375426,0.6496972456076283,0.011566034069096977,0.19519161788506953,49.053653798914624,22.505782674242425,400.0,400.0,271.51725589225595,1.3586033074955537,,
25972a1c-c5b7-4e9e-95d6-417343952ade,165.04042928817833,67.86398679567765,683.0096821170433,346.1481373792023,0.10769765545598696,0.015521227034332912,0.5976613146904461,0.015334169774753456,0.12314671552429057,67.86398762492976,25.011565351010102,400.0,240.0,407.27588383838383,1.3586033074955537,30.0,20.0
25a84f66-43d8-4d0f-b5dd-58ce928ea7da,206.2598870405345,79.71484469102163,680.9604715020541,345.3690531747584,0.10541161934410775,0.023563112611205805,0.6106079118888047,0.018706716436937616,0.11312158159780249,79.71484530656245,22.505782674242425,400.0,160.0,678.7931397306396,0.8028953652793002,25.0,20.0
25af9c58-725f-4cde-879c-cfd15bc2312f,187.02700625378898,85.19201804983739,784.6366383924975,401.2926556613018,0.1267052139798085,0.01582885398439604,0.6324263961605219,0.018234764202765128,0.15672069010494014,85.1920153796187,22.517348022727273,650.0,320.0,407.27588383838383,1.3586033074955537,,
25ffc29f-2dc1-4c35-b9a3-cd2028860f0d,127.40486264056148,66.28724087402549,288.2417465875992,111.88426642527614,0.19575127510195708,0.004686537517255892,0.49497817273332284,0.018699185411058524,0.20678715451748464,66.28724053709864,22.505782674242425,900.0,110.0,407.27588383838383,0.2509799004147781,25.0,20.0
2658c605-0aaa-419b-998f-ee9b42f6462b,210.80104179943655,100.09238313839299,977.2152631640074,536.6588893595181,0.1047814444666877,0.01106131014409722,0.6448250144190972,0.019643768818357367,0.11924054204617808,100.09238304981776,22.517348022727273,650.0,320.0,814.5517676767677,2.0078392033182246,,
266dc69d-9f6d-4d6e-b148-ded0605fb58b,40.61990370661566,51.38764666264449,37.14777733557707,-25.451126767008002,0.2580312488341751,0.01623064795380892,0.47480923442687284,0.012342170979022137,0.411641697598005,51.38764690752296,25.011565351010102,1200.0,90.0,407.27588383838383,0.04796556947260091,30.0,20.0
268a4975-04cf-4432-8dd1-a87e99f689a5,132.94185530279975,67.8341731107945,268.2426522908486,98.26164719167156,0.11016494281011152,0.005162960495223064,0.5240006397929292,0.018476560247764375,0.1106215626840168,67.83417118517568,20.0115655155724,1200.0,50.0,271.51725589225595,0.2509799004147781,25.0,15.0
26988d7e-2625-496b-a1ea-7f3919c5ee96,196.25839883000762,93.16807100448021,843.4714075246739,437.740625063599,0.1564056857735164,0.015311587296326808,0.6192810035010629,0.019672979354903804,0.18607104700921115,93.16806915801286,22.517348022727273,1200.0,400.0,407.27588383838383,1.3586033074955537,,
26d28d82-7336-4cc7-ac37-b1d470c34176,113.69089409247148,64.5717989951925,252.71446795401638,91.14639639544994,0.24197719150910146,0.004683799253040823,0.48946641831650883,0.01801261717909785,0.21828743596090908,64.57179892147852,22.517348022727273,400.0,110.0,678.7931397306396,0.2509799004147781,30.0,15.0
26deb2d3-6d1e-4e96-9f83-14be731b255f,120.69314624309213,65.94472999736547,262.18476072137827,95.90144067419996,0.13419166119628578,0.005029715542876683,0.5109345276782933,0.018973114286801856,0.14760172258361423,65.94472963140078,25.011565351010102,900.0,70.0,678.7931397306396,0.2509799004147781,30.0,20.0
27206c02-85bc-4d16-a474-f10da68cf70e,75.26068319199652,58.90217192226416,113.08007176158674,14.801906418369112,0.1629587268717908,0.010584512729419194,0.49255618796738204,0.015562452655149776,0.251959951622137,58.902170578151136,22.505782674242425,650.0,70.0,678.7931397306396,0.10036192065991252,25.0,20.0
272b44e4-b313-408d-966e-ed5cd06e78c3,226.0222413595785,85.77390633770004,1047.7220842833874,574.1525599949478,0.06044732771025883,0.011705524290446127,0.6864304075508734,0.017988063918479912,0.08371044426470113,85.77390576415951,22.505782674242425,400.0,240.0,678.7931397306396,2.0078392033182246,25.0,20.0
272eff5d-8325-48e3-bf75-c5e3bdf47b86,43.325140102346396,47.71155682297204,44.15122957534889,-20.888436943321153,0.3262060863298611,0.016155657339720117,0.4467751448700547,0.013387845873570225,0.44546648017492224,47.71155660824551,22.517348022727273,400.0,110.0,814.5517676767677,0.04796556947260091,30.0,15.0
273efb90-8b9a-47d0-b6a3-ab04254e10d4,233.41729142320696,107.116099950017,1003.692294796185,543.4449962837693,0.1177067663088384,0.015779052197232746,0.6575412848339436,0.021104941609798672,0.17539208806907045,107.11609964038841,22.505782674242425,900.0,400.0,678.7931397306396,1.3586033074955537,,
278fa1b9-78eb-495e-a541-73aab0a31081,203.22020232211614,91.88929535990817,779.8666007815965,394.84809766543145,0.17209940169718008,0.023340361546801344,0.6301838153958018,0.019830590547035846,0.23824639364033381,91.889293101394,22.505782674242425,650.0,400.0,407.27588383838383,0.8028953652793002,,
279e527e-b497-49b7-806f-c766b3d9219f,229.25634071860034,98.86969900724618,995.9673372126426,553.7369316532055,0.05535056177924032,0.011269681385753367,0.654447936944676,0.020514591791049783,0.0609820276165485,98.86970059969411,22.517348022727273,1200.0,160.0,814.5517676767677,2.0078392033182246,30.0,15.0
27a88fd1-c609-43b1-b3e7-b5b31a19889e,202.4591658884336,79.28445226194924,668.5949692503432,338.69580132367867,0.10583708586395202,0.02334295371212121,0.5988404485031249,0.01854042603554195,0.11395140047185477,79.28445127969985,22.505782674242425,400.0,160.0,814.5517676767677,0.8028953652793002,25.0,20.0
27bc686f-69cc-4b7a-aaa7-0fdcbacaa859,190.91365025340897,99.52705130892068,708.5761643566001,362.0473053561642,0.19008194228356481,0.021915243825915406,0.5753093268938553,0.019992965826547606,0.256180502156471,99.52704813589715,25.011565351010102,400.0,400.0,814.5517676767677,0.8028953652793002,,
27c2f228-3ed4-4099-aa8c-68d84b51b1d8,74.48174964317332,58.003026146213244,117.05930495331846,17.431426588282157,0.23698397327178033,0.009728875312542087,0.4582939480138889,0.015769856511854377,0.3415757250329403,58.00302584155942,22.505782674242425,650.0,110.0,814.5517676767677,0.10036192065991252,25.0,20.0
27d65d7a-5a6f-46da-887c-2c4dfcbdcfa8,69.41744100118726,57.99928085078242,104.95492370828315,10.32404324441319,0.20816161367718855,0.009959733533059763,0.4681767831524621,0.015756074630478276,0.3065145019792215,57.99928030299637,25.011565351010102,900.0,90.0,678.7931397306396,0.10036192065991252,30.0,20.0
27ee38c5-8721-4568-b03e-63ae52bae085,130.59121676919335,66.75365119170846,287.5848661894557,111.30885766257674,0.1624299828768624,0.004842746789783249,0.504602451671612,0.018742903710513657,0.1763018693723609,66.75365134688622,22.505782674242425,900.0,90.0,407.27588383838383,0.2509799004147781,25.0,20.0
27ff6bdb-3def-4627-9b94-1583423e5509,41.871296368930956,50.82349758534577,39.93445737192813,-25.063870772576564,0.28105524802367426,0.016610354359185606,0.45484897461816076,0.012627154111214782,0.4065327891637603,50.823498266979314,20.0115655155724,1200.0,90.0,814.5517676767677,0.04796556947260091,25.0,15.0
28082366-f290-48ff-8329-89e3c0d1b006,218.49609817665203,88.58498730572319,850.3227880460269,440.0959084223226,0.08212266979957913,0.016783162137742003,0.6837520668339647,0.019753917144673356,0.0815833284415021,88.58498652524997,20.0115655155724,900.0,160.0,407.27588383838383,1.3586033074955537,25.0,15.0
2811cc8a-6339-413d-b821-ed20eab80e5e,121.6712709259068,66.0199184638666,247.4348620963521,86.46097815925492,0.11523495914189816,0.005145496279976852,0.5212379664434974,0.018327076923022257,0.11287058737525757,66.0199207662401,22.517348022727273,1200.0,50.0,407.27588383838383,0.2509799004147781,30.0,15.0
2817760f-b01b-489b-9f44-a57c56b18ffc,136.09500940373866,64.95369492757786,359.54181911688056,153.91941336080714,0.23955611097222226,0.038210427876083766,0.4659349587112478,0.018531512118201907,0.1966790417073492,64.95369457507275,25.011565351010102,650.0,160.0,814.5517676767677,0.3837245557808073,30.0,20.0
285d83f5-56f7-4e07-9279-130405c11362,201.83364805568513,89.77495404867015,849.0635168007783,435.35506450626247,0.11466247065360902,0.016703573469549662,0.688761909370023,0.01946137558668531,0.1524856731072116,89.7749526186419,20.0115655155724,900.0,320.0,407.27588383838383,1.3586033074955537,,
286d0b62-6fd9-42e8-a5ca-a8c3740ae1b3,43.46159926389089,55.3009494173828,43.82218224023083,-22.569346189655796,0.1670266163459596,0.018773981348958337,0.5621325257744108,0.013173066969985272,0.2778304444865977,55.30095047560156,22.505782674242425,900.0,50.0,407.27588383838383,0.04796556947260091,25.0,20.0
2879b56a-730e-4182-bc9d-f34fd644f47f,189.1126457519239,75.89328590768321,814.0013046302718,417.6366213635613,0.1021998477961069,0.016469577060911195,0.6629301549367003,0.01664182878358705,0.14787432727925803,75.89329037059902,22.505782674242425,400.0,320.0,407.27588383838383,1.3586033074955537,,
288a2107-51d5-4356-bc80-00c49b2ebb6c,126.09994856178173,68.65559747096545,274.27275470207593,104.25733219259313,0.17123016382317968,0.004857961002072812,0.5011306402449495,0.019468851956172192,0.18136114195691444,68.65559654683865,25.011565351010102,900.0,90.0,407.27588383838383,0.2509799004147781,30.0,20.0
28917cd9-7b6c-4828-b0f0-144f247800b6,45.722761173415606,56.346205303873646,46.97914540430888,-20.474875423285756,0.16799926992613637,0.018969744050557662,0.5690987198421718,0.01369900670766168,0.27593297527404165,56.34620575299974,22.505782674242425,650.0,50.0,407.27588383838383,0.04796556947260091,25.0,20.0
28a9ada3-033e-46b3-bf85-8b00fefcc762,45.24588850122507,50.69943302715437,45.28772314940978,-21.522420033619397,0.32293181345275673,0.01612899978299663,0.4335500931212121,0.013467229823826378,0.44787085072021937,50.69943352197056,20.0115655155724,900.0,110.0,407.27588383838383,0.04796556947260091,25.0,15.0
293d5116-9e27-4408-bb8e-c902f63ada1a,44.150110815786626,56.19867595050157,44.30724672581182,-22.86806119009125,0.18880969718434346,0.018834923926609848,0.5434495927676767,0.013760598743479797,0.2785184962917376,56.19867821175478,20.0115655155724,650.0,50.0,678.7931397306396,0.04796556947260091,25.0,15.0
295969cb-a2c2-4f65-96cb-11675f7f58a3,70.02657177047882,57.31921597328689,103.33721069787491,7.8316977259999225,0.18548228075699705,0.010337781768108165,0.48289918108207064,0.015217953509773471,0.2561880558444068,57.3192166612194,20.0115655155724,900.0,70.0,814.5517676767677,0.10036192065991252,25.0,15.0
29780e34-7072-4289-9a71-0cdb1b7bf79b,101.16112977438627,61.42999957776111,185.31287761754314,52.62846866071944,0.10340082129789563,0.0072934597959911605,0.5157492669000421,0.01729462386958842,0.14197473194158314,61.4299990555375,22.505782674242425,1200.0,50.0,678.7931397306396,0.16982541343694404,25.0,20.0
2978543a-2f5a-4071-8e7b-aae2ddec65c3,66.82556003191907,57.195892846415106,93.68460734893428,2.9869108406576643,0.14308328913236534,0.0107924962975484,0.5028231498342803,0.014843422754966386,0.20274438807985037,57.195891588056035,22.517348022727273,1200.0,50.0,271.51725589225595,0.10036192065991252,30.0,15.0
2999a083-ba8e-4489-bb4b-cd1e1c8b0ab6,140.78754393211662,60.84872485967874,704.9683879278789,354.74143926732296,0.09179696042320075,0.011396557748590067,0.6324343333516623,0.012760680705150271,0.12596811102144964,60.84872824301306,25.011565351010102,900.0,320.0,271.51725589225595,2.0078392033182246,,
2999b721-a433-4b46-9536-fd9b1c7cf554,71.81837764194412,57.52042998885165,108.98702721194996,11.96171671124548,0.2709535081857113,0.009405119404292929,0.4494632004802188,0.015501363505614645,0.3466668708986334,57.5204283276522,20.0115655155724,1200.0,110.0,271.51725589225595,0.10036192065991252,25.0,15.0
29a9af33-0065-4dc6-8507-03e81c0898d0,227.97154692177563,92.93444014373179,1007.8639747282159,561.5510791173463,0.04724544044039352,0.011300547952451598,0.6472460248510101,0.019042568563464642,0.06023306988111204,92.93443853130401,25.011565351010102,650.0,160.0,678.7931397306396,2.0078392033182246,30.0,20.0
29ea2a2d-b24e-4386-86ad-67db9987bc94,224.75133373960432,99.07179318801725,899.8434238039692,485.8507625440462,0.08935526138851009,0.015603068181544617,0.6252051570619634,0.020594192046843672,0.11702095921143117,99.07179355131707,25.011565351010102,650.0,240.0,678.7931397306396,1.3586033074955537,30.0,20.0
29ebda1f-ed10-4bf8-a7c0-b731a2f398cd,75.96341474599335,59.56749364684596,111.23807634811075,13.238293681099101,0.12217337001694023,0.011111573598863635,0.514799001113952,0.015464804710811976,0.19577555393339,59.56749142044219,22.505782674242425,650.0,50.0,407.27588383838383,0.10036192065991252,25.0,20.0
29f532f0-3a43-4ebf-80e3-58b6c7bbcb3d,70.11520545924539,53.62414704345563,106.73816640345689,11.141247085834651,0.22614650499242422,0.010362891517255892,0.4708860768051346,0.014935226993081576,0.3016169243313152,53.62414690176326,20.0115655155724,400.0,90.0,271.51725589225595,0.10036192065991252,25.0,15.0
2a2f0758-65a3-453f-a2a6-bdc64bd66d47,130.3705063014348,68.629319474459,268.4526193472523,101.45202884912064,0.09860284653758417,0.0053695340891308915,0.526005763089857,0.018907175257925117,0.11204725018933093,68.62932052574922,25.011565351010102,400.0,50.0,407.27588383838383,0.2509799004147781,30.0,20.0
2a3940f0-9077-4242-8b88-7bbcc8017836,70.19332814396898,58.15984892244382,105.87336849237627,10.750221687513934,0.28290743864120366,0.009356134259269781,0.44920351843102907,0.01576892879104815,0.3507954988063227,58.15985060876858,22.517348022727273,650.0,110.0,407.27588383838383,0.10036192065991252,30.0,15.0
2a41c144-ad06-4269-a6db-5ab0a5d5a5fd,124.77997292263203,68.19616396660632,272.62015394201427,102.45470369236742,0.2449230727732534,0.004599598259617002,0.4896580036343118,0.01907035349539769,0.2138524813019795,68.19616559503689,22.517348022727273,900.0,110.0,271.51725589225595,0.2509799004147781,30.0,15.0
2a4e78e7-a56a-4dfc-a87a-5d85269c9466,125.41346124960495,61.5575671355676,327.3406031182958,133.136466201791,0.2751585145898042,0.0375816608501894,0.4623988849624579,0.017430070311165665,0.20081557748885584,61.557565917816085,22.517348022727273,900.0,160.0,814.5517676767677,0.3837245557808073,30.0,15.0
2a53b34f-beea-45fd-a4d2-05a828aa4cba,120.7843126512151,66.77984937903044,265.79814112620505,99.8158642354417,0.17095639444439184,0.004980482207060185,0.5022641474691709,0.01873138303399887,0.18404743748355987,66.77985102211011,25.011565351010102,400.0,90.0,814.5517676767677,0.2509799004147781,30.0,20.0
2a5d0131-97e7-4394-9470-b32d49f86187,95.03212930801939,61.59329956576322,173.94493903611675,46.03774120031505,0.10801277674409722,0.0073281644827125425,0.5127243171741374,0.01769403840267432,0.14549942255890067,61.59330013640123,25.011565351010102,1200.0,50.0,678.7931397306396,0.16982541343694404,30.0,20.0
2a8bda21-838e-4275-bb8d-a3f7b03e0317,71.57143655699839,59.49395777427456,107.66478943297591,12.141477653036755,0.2091766593943603,0.010018712935332493,0.47041279065067343,0.01595569761798292,0.30699710193146296,59.4939570829355,25.011565351010102,650.0,90.0,814.5517676767677,0.10036192065991252,30.0,20.0
2aa915cd-db36-406e-9ff9-98a542a6892e,96.45989198426776,63.733018491216384,185.15734250056926,55.402272584336075,0.2229466101885522,0.00669665247075968,0.47535563180971174,0.017902791965901364,0.27251972517680173,63.73301798010442,25.011565351010102,400.0,110.0,814.5517676767677,0.16982541343694404,30.0,20.0
2aacf24d-b0fe-4fbe-87cf-228f277b78f1,225.13035528044628,110.53479874626969,922.7324598637214,488.52937710444905,0.11401544925341961,0.016401669444276092,0.685741883907397,0.021933116392581505,0.1548182974063471,110.53479947294018,20.0115655155724,650.0,320.0,814.5517676767677,1.3586033074955537,,
2b378146-8ca9-4f74-9547-ef1c99c19918,196.19966951791335,106.07142106633039,711.4753053011665,359.7255755320381,0.18511182292992423,0.023396626071790827,0.6346312722854797,0.021358586243224932,0.26012561600327383,106.07142131219243,20.0115655155724,650.0,400.0,678.7931397306396,0.8028953652793002,,
2b5af85f-2b82-4fde-ae0e-a896e86c1913,217.20664030729583,85.58525315805758,1037.1202601629634,569.1120227063868,0.08212250378910985,0.011475024217950337,0.6740616185481272,0.017902931553604555,0.10911154900467866,85.58525276526893,22.505782674242425,400.0,320.0,814.5517676767677,2.0078392033182246,,
2b7b340d-8472-4e5a-85cd-9e33b67faae2,174.74307651125923,79.35220408851086,563.8206910446371,276.1415880308046,0.11922207877731483,0.022954566362647307,0.5941002228412143,0.018475761116540854,0.12211508072431136,79.3522043317152,22.517348022727273,1200.0,160.0,814.5517676767677,0.8028953652793002,30.0,15.0
2b874dc4-d05d-45c4-87e3-96f5ce9216ca,44.96824414138862,49.50542691403595,47.83194196487508,-19.280891567586643,0.21174627361553033,0.018516304597748317,0.5505830399284511,0.013335691753441327,0.3372161138363979,49.505427237946,22.505782674242425,400.0,70.0,271.51725589225595,0.04796556947260091,25.0,20.0
2bb9e97e-27c0-4f12-ac9c-e820f975b4e1,236.36880747433895,102.5408306342487,1070.5367260644302,601.8696322550624,0.06763741093440657,0.011076766114720117,0.6393483962472644,0.020215228339379984,0.08751535328668318,102.54083393190083,25.011565351010102,650.0,240.0,814.5517676767677,2.0078392033182246,30.0,20.0
2be161bd-a25a-4e23-ac88-c492dd151e0e,221.67998342304736,89.29206023541917,988.2067003165046,531.5224264746903,0.05182035325854376,0.012194342419696967,0.7200596887332176,0.019027855220969024,0.06063946818803231,89.29206248180627,20.0115655155724,400.0,160.0,678.7931397306396,2.0078392033182246,25.0,15.0
2c03a9be-884c-4824-b352-8b4993889760,43.443824196490354,54.75218266412462,41.7832101778044,-23.403338816791294,0.24276558064309764,0.017275991155039982,0.4958521311963384,0.013433972609164702,0.3517629081611815,54.7521843948114,22.517348022727273,650.0,70.0,678.7931397306396,0.04796556947260091,30.0,15.0
2c0afc13-c2fe-4e85-b3b1-e1f1770acdd6,194.82395856122005,91.45765915069862,662.3149476738658,329.88384856991513,0.1631558773176452,0.023164820687605215,0.6129254434207174,0.02007537721887463,0.1698990185983247,91.4576564084646,20.0115655155724,900.0,240.0,678.7931397306396,0.8028953652793002,25.0,15.0
2c3e585b-c7c0-4fab-bb84-6d539c260c9a,74.16924670626823,58.333031948025805,111.3509782874771,13.624754932977323,0.16230950332512625,0.010528238141845538,0.4920484606073232,0.015443786454608192,0.25212511491576794,58.33303007842863,22.505782674242425,900.0,70.0,407.27588383838383,0.10036192065991252,25.0,20.0
2c574ab2-8134-400c-90fa-f9860b76db8e,42.92708266720923,57.05649656073345,41.88550025955371,-22.88649723132908,0.17176723907996636,0.018311584360690233,0.5627674769743266,0.013538527003806635,0.28260006333369775,57.05649995548999,25.011565351010102,650.0,50.0,271.51725589225595,0.04796556947260091,30.0,20.0
2c7bacb4-f12e-40d2-a001-e35da8701b3d,120.84018016915769,63.30763646117706,260.93465592139455,96.17354928146932,0.1987264739732744,0.0049972199690761785,0.5011717502575758,0.017974112507178605,0.1832979855077391,63.30763466777663,22.517348022727273,400.0,90.0,271.51725589225595,0.2509799004147781,30.0,15.0
2c981ac2-164a-4e82-9817-3db177e01a43,112.42295912205039,46.59673435375409,529.4425389204391,248.17833748545306,0.05919523220577651,0.012080072728619528,0.6615191202230113,0.010413772580073482,0.07193433482063542,46.59673495597196,22.517348022727273,400.0,160.0,271.51725589225595,2.0078392033182246,30.0,15.0
2cd0ee9f-2e20-4955-a12f-4b13acbbaf2e,149.86403537303724,92.4104863171696,450.63519218912427,204.3551036177644,0.2970712160749158,0.03917062611701389,0.5021187492584596,0.019339057822692855,0.38525933718151645,92.41048542888379,22.505782674242425,650.0,400.0,678.7931397306396,0.3837245557808073,,
2cfaecf8-f8d6-4675-9bfc-6a25c8002263,140.22865672928842,49.46923683473886,468.9521482726423,212.668490436397,0.20061483034563343,0.020973976951125843,0.5141724172016414,0.013876441613712365,0.12198253919535425,49.46923977116883,20.0115655155724,400.0,160.0,271.51725589225595,0.8028953652793002,25.0,15.0
2d272895-46fa-4913-aaee-095af2816585,195.360603620067,86.59728086856249,632.9166538089099,314.0124902727455,0.11248575159205597,0.023954054366666665,0.629105061393224,0.019499928553947443,0.12018129492050204,86.59728128867094,20.0115655155724,650.0,160.0,814.5517676767677,0.8028953652793002,25.0,15.0
2d434d60-d2d4-4449-9b73-fcf03cf06bb7,229.7473510918026,86.50006981152356,1027.0544530716645,565.825337280049,0.04324507256183713,0.011875508556449914,0.6951712352735373,0.017899300614843287,0.058140720972596455,86.50006741500907,22.505782674242425,400.0,160.0,814.5517676767677,2.0078392033182246,25.0,20.0
2d641994-f039-4979-a383-0b89712c864c,45.071285151470775,53.558071954990126,45.42886217705578,-19.80963399528865,0.21793321637310606,0.01781519058238636,0.5390138449736954,0.013805774938799618,0.34625856776522995,53.558071355843055,25.011565351010102,400.0,70.0,407.27588383838383,0.04796556947260091,30.0,20.0
2d795780-450e-4e61-8763-27d04627f91f,112.0803080675435,62.46560227983704,252.55230733070027,89.22960619072063,0.22829372312847226,0.00456746464241372,0.4892621238874368,0.01767467085766391,0.21379073345129665,62.465601759915316,20.0115655155724,1200.0,110.0,678.7931397306396,0.2509799004147781,25.0,15.0
2dff0c93-ceca-4324-988c-c01ab52f2b8d,115.5134145578254,64.8138298692434,244.8568427305719,85.3924631814961,0.15853833591439392,0.0049886489127840905,0.5093281411135838,0.018009497278258832,0.15171572315646983,64.81383123758351,22.517348022727273,650.0,70.0,678.7931397306396,0.2509799004147781,30.0,15.0
2e4840c2-3401-4c71-a265-2a432b2893d0,136.6238327751418,67.94931082582963,297.67195919289827,117.33262273056589,0.1627162326296612,0.004866913076367845,0.505481639902883,0.01901890323358526,0.17488542734738263,67.94931029673678,22.505782674242425,1200.0,90.0,271.51725589225595,0.2509799004147781,25.0,20.0
2e4af3e8-d9a0-4dc4-ba8b-19f63b5590c9,142.50913225667216,56.04964812787491,570.4912128327502,269.9801103200799,0.09552642364665404,0.016623735060311447,0.6437567220959807,0.01338269678446389,0.08941567233286786,56.04964955912284,20.0115655155724,400.0,160.0,271.51725589225595,1.3586033074955537,25.0,15.0
2e821adb-cce7-4f34-a6ce-b6daf723f38d,240.02636553895806,91.66950685238736,1068.9274818638144,594.7530707737712,0.04460413923156566,0.01173775504893729,0.6876955588165826,0.018790221692463333,0.05775145429178449,91.6695057898632,22.505782674242425,650.0,160.0,678.7931397306396,2.0078392033182246,25.0,20.0
2e8b63ee-e2d5-41f9-bb08-21bc9959396d,191.68240291293526,79.88898736895021,625.5548011106863,315.84255176223735,0.10910662227119108,0.022444600851957073,0.5681139733339857,0.01894883494451986,0.11806007150198373,79.88898901816474,25.011565351010102,400.0,160.0,814.5517676767677,0.8028953652793002,30.0,20.0
2e92e5ad-8b9f-4643-985e-1beea1bf03b2,72.76018597601752,59.13528715875845,103.9384173413908,8.523443780764515,0.13960296433285987,0.010949391801357324,0.5069199756668771,0.01529214371950468,0.19922604828459492,59.135286544028155,20.0115655155724,900.0,50.0,271.51725589225595,0.10036192065991252,25.0,15.0
2edf1c5c-6d08-4012-8b53-6999031ff4ca,73.13110681140401,57.21362773354991,108.25173240039898,11.50884426942767,0.18556230665167295,0.01071217629782197,0.4905814756999157,0.015369801199447919,0.25440906509469685,57.213627278471165,20.0115655155724,400.0,70.0,678.7931397306396,0.10036192065991252,25.0,15.0
2ee697b7-dcf0-48e3-b51d-4a4a90e7572a,93.88094291603043,61.4836734513038,178.03025952529254,48.65584296825497,0.2469502452528935,0.0063686416107954546,0.4710141089401831,0.017104672272716046,0.2711168767567162,61.4836761220138,20.0115655155724,1200.0,110.0,407.27588383838383,0.16982541343694404,25.0,15.0
2eeecc44-f631-41d5-83bb-04b77fc50943,135.9059763563442,62.17490172202941,383.3541773376923,168.26346815421306,0.32995189295059973,0.03609563008428031,0.4462951548814184,0.01842210957369437,0.26131049305978454,62.17490344789012,25.011565351010102,650.0,240.0,271.51725589225595,0.3837245557808073,30.0,20.0
2f0a88a3-6cbc-4e40-b218-c33a6d38bc6d,109.70910884930241,62.74036325521906,241.27996684665413,83.0538343773731,0.19895228418718433,0.004776418581186869,0.4977010278775251,0.0178381898521181,0.18544591432474303,62.740365904640115,22.517348022727273,900.0,90.0,814.5517676767677,0.2509799004147781,30.0,15.0
2f579143-25eb-49a7-8994-ad9e44ba22fd,102.62584354987519,66.47481022012022,176.28203555671166,48.41609601582887,0.12808284067832493,0.007324834296738215,0.5141312351875,0.017767510770757427,0.1493284881142573,66.47480849725858,22.517348022727273,650.0,50.0,271.51725589225595,0.16982541343694404,30.0,15.0
2f919335-0c6d-4a62-9115-0ca6a49afa38,101.75093458292217,63.9357477453559,182.48457047264523,51.241440710338615,0.16542484253203915,0.0070488274738320705,0.49974740667929285,0.017373804802131534,0.19292539155239352,63.93574788022279,20.0115655155724,650.0,70.0,271.51725589225595,0.16982541343694404,25.0,15.0
2f91fe4c-7a62-411e-af85-fd695a422f48,156.1930926607668,53.768482313444586,527.7460205429877,250.8499566643094,0.18076205634698025,0.021097040451083755,0.5182207934000421,0.014648513799698714,0.1174852956010888,53.7684816565074,22.505782674242425,650.0,160.0,271.51725589225595,0.8028953652793002,25.0,20.0
2f995d32-cb0f-4109-8eba-c9a07773a86a,40.26980364962968,52.89918679919368,37.70995203092781,-25.545915151884085,0.21649435658301766,0.01710690522764099,0.5116237078878367,0.012490993533041839,0.3542681806021399,52.89918668578956,25.011565351010102,900.0,70.0,814.5517676767677,0.04796556947260091,30.0,20.0
2f996e9e-2e0c-4ede-af41-43fcb9b13c09,120.31884390945852,61.89641830875801,334.4279858698445,137.88195117890524,0.3514053766281566,0.03542542769171928,0.4433869555865741,0.01745038838718192,0.2730665366557808,61.89641892903145,22.517348022727273,650.0,240.0,814.5517676767677,0.3837245557808073,30.0,15.0
2f9beb0b-8b23-4b89-b52b-67098fa7bece,227.38144182359733,94.35643065279211,877.8539126882265,475.22454544843134,0.06981354716284723,0.015521675666887625,0.6211524894021044,0.020910307113875932,0.079299988862523,94.35643407713667,25.011565351010102,900.0,160.0,814.5517676767677,1.3586033074955537,30.0,20.0
2fa6ee8c-b798-450b-a96d-611250a898b8,210.71761172977182,107.162583698049,885.0700046770678,470.36144576500544,0.1592409069436553,0.01505131237450442,0.6166261458864688,0.021480435391110594,0.1873032008655294,107.16258307856855,22.517348022727273,1200.0,400.0,678.7931397306396,1.3586033074955537,,
2fac19ea-d39a-47f7-a963-f6cf1ffbe1a2,42.67369907304122,45.988706278006966,45.02384474159121,-21.39715929862599,0.2778830717349537,0.017575074819970535,0.4866293123966752,0.013197772707973393,0.3928421435707363,45.98870829145063,20.0115655155724,400.0,90.0,407.27588383838383,0.04796556947260091,25.0,15.0
2fc5e854-8c51-4873-a7b6-da844421a58f,72.95044051347173,60.075933518488654,109.68578034685605,14.151811860907376,0.24752416568750002,0.009547710585185186,0.45334296271106894,0.016146393162404325,0.3498101036615455,60.07592970324009,25.011565351010102,900.0,110.0,271.51725589225595,0.10036192065991252,30.0,20.0
2fc7c0d8-941e-45e1-accd-3609c7282b21,153.0006799302926,99.78035846621081,437.30370419097756,193.64117332081997,0.2983471081983376,0.04073155638599537,0.5295464342615637,0.020794949172827714,0.39905534396123815,99.78035722230786,20.0115655155724,900.0,400.0,407.27588383838383,0.3837245557808073,,
2fd6f1d2-cf33-4c18-be13-a777a921378e,71.73051653685044,55.53267098092207,108.97951616014647,12.193182272531281,0.22775404736500424,0.010243625775263047,0.47014796067308495,0.015310307289307499,0.30210285206455967,55.53267161212776,20.0115655155724,400.0,90.0,678.7931397306396,0.10036192065991252,25.0,15.0
2fda708f-7c56-4788-87ca-3ac7a636e1c5,126.48802297568243,64.41599276628769,273.59603355304097,103.66066637648119,0.1277474215485901,0.005157199430313552,0.5160567658028199,0.017891433663259335,0.14575884327999894,64.4159912712393,22.505782674242425,400.0,70.0,814.5517676767677,0.2509799004147781,25.0,20.0
3006581e-63c1-4ebe-96c6-fa90f446cfd7,43.282834841204746,54.72586492359793,41.60873443351807,-23.54179420566119,0.24244192063941497,0.017262137701388888,0.4957988937428451,0.01339988130802859,0.35199792613585884,54.72586644739411,22.517348022727273,650.0,70.0,814.5517676767677,0.04796556947260091,30.0,15.0
300b6b5c-6358-4fa0-8299-1ba5eb69aec0,41.766008407924936,56.27295331421212,40.65499986446317,-23.97756289410236,0.17045490317403197,0.018257345074547557,0.559875835893308,0.013242962190535954,0.2829630022729022,56.27295517967905,25.011565351010102,650.0,50.0,678.7931397306396,0.04796556947260091,30.0,20.0
30168f46-3eb0-4a4c-8847-f0a3454f8131,157.14797072203896,62.16443245294157,795.5025194547181,407.64689605881614,0.1009634718026936,0.011638449049726432,0.6708407764155199,0.013566905367820258,0.14160926833501666,62.16443250498678,22.505782674242425,400.0,400.0,407.27588383838383,2.0078392033182246,,
30417eb6-d950-42c4-a131-8403b020b455,209.29899569698625,94.19210708871556,870.2696905451138,463.8936863079799,0.11003155424989479,0.01544600608465909,0.6216399976769464,0.019511949764619802,0.15143979058266094,94.19210716031753,25.011565351010102,400.0,320.0,678.7931397306396,1.3586033074955537,,
3043a34a-f7cf-46be-bc86-b729fee9f1ef,208.053161826528,103.30902796309158,745.6889658945563,384.32024726282924,0.14885943588857323,0.023141902485890153,0.6181317212787985,0.02043865816801021,0.2099457632593852,103.30902654634326,22.505782674242425,900.0,320.0,814.5517676767677,0.8028953652793002,,
3066be94-17c2-4272-a178-5fd19d618bc1,68.87173856103675,57.89016449121469,102.55558059864126,8.366331339265912,0.16846274272295872,0.010411592358964647,0.4859828533018729,0.015562406307497464,0.257330302585453,57.89016415056363,25.011565351010102,900.0,70.0,814.5517676767677,0.10036192065991252,30.0,20.0
3068f731-7983-467a-8f8c-88460c003580,139.01463199282082,72.36901830299627,380.49540532756475,162.15631060040653,0.34266279695517676,0.0369143821626473,0.46675635771308926,0.018432289862680817,0.2719227433458409,72.36902104562851,20.0115655155724,900.0,240.0,407.27588383838383,0.3837245557808073,25.0,15.0
307e1efe-f239-4866-878b-525446855e17,234.19786104170956,96.77432052278832,897.6845191981354,486.2323860389248,0.06260562209608586,0.015612947126936024,0.6249671735247369,0.021171835286270407,0.0791862928684467,96.77432055274396,25.011565351010102,1200.0,160.0,678.7931397306396,1.3586033074955537,30.0,20.0
30d1dfed-6741-445a-b850-9a9eb4cfa5e2,42.0127257794488,51.05989803790628,38.434671843573994,-24.244120010426006,0.29616142887184344,0.015553149513562712,0.4462911422285353,0.012524206589780986,0.45839502425134726,51.059897402915055,25.011565351010102,1200.0,110.0,407.27588383838383,0.04796556947260091,30.0,20.0
30f9cc03-c369-4dc7-abbc-8a3fac9cd545,145.70537532771073,53.50080754252219,689.5493946949808,342.27356653334033,0.04690493705582913,0.012217507828093435,0.686744122285564,0.011920049605648098,0.06501660889492962,53.500808766368536,22.505782674242425,650.0,160.0,271.51725589225595,2.0078392033182246,25.0,20.0
311a366d-0280-43ef-ac73-622b68abe29c,44.73030114652868,56.00333251013064,45.257851306745856,-22.25774856597755,0.18791959396022728,0.018942528533091335,0.5481946340824915,0.013863786421628617,0.2773179935258848,56.00333214695259,20.0115655155724,650.0,50.0,407.27588383838383,0.04796556947260091,25.0,15.0
312f5c53-e976-4430-b6ec-23f8de544e2d,116.67694900182045,62.93524111558618,255.36819288122655,91.64831758718927,0.1897902330075968,0.004900050912573653,0.501097525567761,0.017537484875598853,0.18409964529547893,62.93524223845364,20.0115655155724,400.0,90.0,814.5517676767677,0.2509799004147781,25.0,15.0
316ea9f7-932b-4a66-973b-06846338627a,41.893037252169364,50.30618777831181,38.6805262216156,-24.935686417516106,0.3296253281007997,0.015339226033164989,0.4265106382316919,0.01266810233374509,0.4564966951974599,50.30618724668755,22.517348022727273,1200.0,110.0,407.27588383838383,0.04796556947260091,30.0,15.0
3197727f-79d5-4bfc-a06f-d341b052bfaf,228.68642881683115,91.03225401408888,939.7729217086157,498.283756666523,0.0954655765149516,0.016335194036553032,0.6649145166280934,0.01940758996305052,0.11230955162616209,91.03225620437289,22.505782674242425,1200.0,240.0,407.27588383838383,1.3586033074955537,25.0,20.0
319842b5-f570-41d9-b3a0-96c80841dd16,175.38330086074538,76.1781000727686,819.2284829483849,426.62058184546055,0.08800030743553239,0.011491239238699495,0.6538683594862373,0.015885955935054333,0.09459970752742845,76.1781012565514,22.517348022727273,650.0,240.0,407.27588383838383,2.0078392033182246,30.0,15.0
31d0e48d-d29f-41b5-8612-5046f1441f2e,69.00556991444678,58.980844188738615,98.65460085622485,5.416939097662684,0.1442152753984638,0.010866598308122897,0.5048764501948653,0.015277759538444584,0.20215327515449666,58.9808439429682,22.517348022727273,650.0,50.0,814.5517676767677,0.10036192065991252,30.0,15.0
31ff96db-0c33-4b84-9d26-b26ffab6fadc,235.89506211643805,99.3222552312132,1142.9278700148718,636.2923244079024,0.08903740866383628,0.011333344045686027,0.6746749758633312,0.019643323389596387,0.13168563144785547,99.32225616828812,22.505782674242425,650.0,400.0,678.7931397306396,2.0078392033182246,,
32198f72-3dc9-4350-aedc-6e3e997dcf6b,127.44688997820106,66.60260663014975,273.5527799203753,101.50714893999022,0.19107624702093856,0.004805107654703282,0.5014562541590909,0.01846952541313661,0.1807306534701245,66.60261008228069,20.0115655155724,900.0,90.0,271.51725589225595,0.2509799004147781,25.0,15.0
322b0f56-ba8d-4121-a54b-57892105851f,212.18560013591065,84.64405623283943,691.1257283412262,342.5511725488318,0.11390340320138888,0.02409839824674874,0.6304018093411193,0.020267326011823687,0.11486266623783407,84.64405589851567,20.0115655155724,650.0,160.0,407.27588383838383,0.8028953652793002,25.0,15.0
322cb539-249f-4fcc-b5a0-78170da075f5,96.62431984750121,62.08958594455064,174.9061056331484,46.612938613379306,0.16459757769886363,0.006973950579808503,0.4978908553728955,0.01700958101156665,0.1935813940022819,62.08958631168478,20.0115655155724,900.0,70.0,407.27588383838383,0.16982541343694404,25.0,15.0
322e229a-7dac-4404-b832-555cf8c9572d,232.045153936909,106.678231130962,1001.2904982829783,543.696696341287,0.12181479151021674,0.01575814354914773,0.656949641101168,0.021148646269403788,0.17511720167395273,106.67823352598016,22.505782674242425,650.0,400.0,814.5517676767677,1.3586033074955537,,
323869a2-2719-4a48-93e8-8c5fe2d8f83d,126.88665167170943,68.75550140442303,275.30908544831925,104.62234965118273,0.17129622518702653,0.00482923160496633,0.5007043995866476,0.019596925826719284,0.1806453051331873,68.75550287115118,25.011565351010102,1200.0,90.0,407.27588383838383,0.2509799004147781,30.0,20.0
3252cc74-cf85-4214-8616-0a5468df26ef,72.29573365346654,57.39622649976327,110.2538686198938,12.537463391270254,0.2708228609001473,0.009472304855481901,0.45017088691719276,0.015563903395372086,0.3458707814091131,57.39622679836206,20.0115655155724,900.0,110.0,271.51725589225595,0.10036192065991252,25.0,15.0
327e6e33-3df4-434d-84aa-ab9c85fab625,37.970491478151594,50.560093373465754,34.90351479432227,-27.821614694768403,0.238249994985585,0.016931239801978113,0.48769336807933494,0.012022364008402111,0.35407331273315196,50.56009502750853,22.517348022727273,1200.0,70.0,678.7931397306396,0.04796556947260091,30.0,15.0
329db30b-4ae8-4fe5-b39d-340537ca8e4a,149.07120950195687,67.28725897530899,422.32292911085693,187.6716218670234,0.3190221767980324,0.0366293244181292,0.4577514597706123,0.018744299728767948,0.2547822575659725,67.28725476572951,22.505782674242425,1200.0,240.0,271.51725589225595,0.3837245557808073,25.0,20.0
32d82af3-1d08-47dc-a854-3575ad5a3993,124.78467823404331,66.98067445243586,253.86454036214383,91.55645731658605,0.11588786432054926,0.005306621719065656,0.5237636738223906,0.018208911878504118,0.11387165063452852,66.9806752209051,22.517348022727273,400.0,50.0,407.27588383838383,0.2509799004147781,30.0,15.0
331c1684-5980-41f5-88b5-e3a2fcfb8122,75.16621695676591,58.555467712363374,116.6621544787064,17.251216298386,0.23735322692234848,0.009639149780502945,0.4577216880122054,0.015764636177051573,0.34197357152838204,58.55546688496596,22.505782674242425,1200.0,110.0,271.51725589225595,0.10036192065991252,25.0,20.0
332cfb5b-b5d2-4abf-b93d-58ce24f6a793,243.3062231917868,93.91686873743157,941.6775235365467,509.56983528507817,0.07004956946750841,0.015969950212184343,0.6474993376819024,0.02045836958320761,0.07668254427971298,93.91686808855955,22.505782674242425,650.0,160.0,678.7931397306396,1.3586033074955537,25.0,20.0
332ed227-85b5-404b-a7aa-5b4b9a7a7ac3,121.44507315623028,66.94473326857654,266.5442579907691,100.47379220581885,0.1709799524809028,0.00498428893280724,0.5022408519917403,0.018755101535352023,0.1840203899944973,66.94473397691438,25.011565351010102,400.0,90.0,678.7931397306396,0.2509799004147781,30.0,20.0
33512097-f882-4307-99dc-c05ac7e645d4,43.87220782498642,50.8155802609308,42.751456952444386,-22.436288811848993,0.2898870857900884,0.016117969115267257,0.45001269107039144,0.012640524082512759,0.4517161476853187,50.815580838179706,22.505782674242425,1200.0,110.0,678.7931397306396,0.04796556947260091,25.0,20.0
33527248-cdae-4f06-a839-03138655fe81,191.8160485839077,105.29686540908992,693.6624135322845,350.5537436656807,0.19105352489641209,0.02312726329860059,0.6246652059436448,0.021053462365672647,0.262271098268102,105.29686523840691,20.0115655155724,650.0,400.0,814.5517676767677,0.8028953652793002,,
33532ded-ae63-46d8-a96b-c006548feae3,97.48160266859544,63.670492534819886,178.68741224307797,49.57173383951033,0.1480355031497264,0.007027303578945706,0.4981725745966961,0.018019461888553082,0.1926910120392347,63.67049266959537,25.011565351010102,1200.0,70.0,407.27588383838383,0.16982541343694404,30.0,20.0
339b3175-46d2-4c38-ac2b-f07e8422a7b7,73.67868339617414,58.57358007097084,108.12277557316344,11.16881057265795,0.18635015514583333,0.01051886992538931,0.48718357131144785,0.015490023222476041,0.2552621701073469,58.57357804355363,20.0115655155724,650.0,70.0,271.51725589225595,0.10036192065991252,25.0,15.0
3403c40c-5909-4602-a32e-3f7489ec6335,198.98172248479662,106.30060952878362,695.6379961591313,348.5772955805389,0.17164119952625212,0.023528641354292924,0.6347081845601746,0.021092196861803216,0.2210953392406897,106.3006090750364,20.0115655155724,1200.0,320.0,678.7931397306396,0.8028953652793002,,
343f1603-1625-420b-9561-58abccd02420,91.63380839308249,60.00752731978256,172.48710903155043,44.82146259948073,0.20542612577256944,0.006643754875662879,0.4828370800393519,0.016833768624112302,0.23405288258026713,60.007529038505595,20.0115655155724,1200.0,90.0,678.7931397306396,0.16982541343694404,25.0,15.0
34877bfe-d528-4a8e-af34-96ad11008144,118.80859889945027,54.70403511561523,334.9195290098437,137.78207201082003,0.35540027673042934,0.03596753632155934,0.44379740103820503,0.016356071417890874,0.26911004349053774,54.704033828351506,22.517348022727273,400.0,240.0,271.51725589225595,0.3837245557808073,30.0,15.0
348f1a05-6a5a-40e8-853e-64b9abf7c985,41.52896952068024,53.81318411616277,41.41874930965536,-24.18509419073236,0.16807627854177187,0.018666289548400675,0.5556937653510101,0.012722341980961546,0.2784621533205912,53.813184241588885,22.505782674242425,1200.0,50.0,407.27588383838383,0.04796556947260091,25.0,20.0
3525b8d0-a3ec-4f9e-8373-a08da54d6b0e,70.07979737893736,57.02597141142057,105.58035203221607,9.27834976323425,0.22915568624915827,0.009843546783754209,0.464898934421612,0.015357147273539944,0.3047690225550851,57.02597388763627,20.0115655155724,900.0,90.0,814.5517676767677,0.10036192065991252,25.0,15.0
3536ad8a-91e6-442f-88e4-e0a27c97275c,181.82234399569768,84.33798279602009,691.4085837941562,338.3770191066993,0.20282561629655935,0.023411127578282828,0.6228719664188866,0.01969786611277706,0.24786394929716607,84.3379839908289,20.0115655155724,1200.0,400.0,271.51725589225595,0.8028953652793002,,
35684af9-1b26-46dd-b0be-f4f46ab9696a,44.71029063516816,51.21043151231959,45.10516220188513,-19.736146788440358,0.26225021680408256,0.016964270115835442,0.5010682703082913,0.01358960519961675,0.40157673774203784,51.21043034734976,25.011565351010102,400.0,90.0,678.7931397306396,0.04796556947260091,30.0,20.0
35962144-dddb-4bba-a667-7d3fc82c408d,45.58603200101858,53.04381223163344,45.17499341523723,-20.979747788672483,0.25433918572548403,0.01697170762152778,0.4842493267940868,0.013128539782848607,0.4030679504815336,53.04381260086426,22.505782674242425,1200.0,90.0,271.51725589225595,0.04796556947260091,25.0,20.0
35a3b333-f226-4b74-82ea-c539ff5a51ab,142.82659450588176,85.85250013151608,425.3235027210394,191.7615391937632,0.28858214355523987,0.03852218440768099,0.4933551715912037,0.019347963547701717,0.3852641362235108,85.85250241721835,25.011565351010102,650.0,400.0,407.27588383838383,0.3837245557808073,,
35bcd5c0-1f76-45d8-9b02-0071223bdaa2,73.03955373385158,58.75974273987965,109.26207885282766,14.318353893064659,0.2083571068114478,0.010322085643276515,0.47649281285279876,0.015790016849212243,0.3062311677800294,58.759744715359034,25.011565351010102,400.0,90.0,271.51725589225595,0.10036192065991252,30.0,20.0
35c269d3-52b3-4f29-b30c-5c995e5e744d,140.1270106571951,70.29493817820713,400.0785329348768,176.3010764482432,0.31219797177057035,0.037353367364057234,0.471423373367319,0.01857259585600402,0.2619003925382916,70.29494006806082,22.505782674242425,1200.0,240.0,814.5517676767677,0.3837245557808073,25.0,20.0
35c394b7-4049-4647-8dde-455a7542a1a4,156.47818110557537,72.14499286033053,668.4892199636666,328.43885412952415,0.13416088705585016,0.01600905976160564,0.6319777943111742,0.015512653212431627,0.1636346602396493,72.14499265513142,22.517348022727273,900.0,320.0,271.51725589225595,1.3586033074955537,,
36117dba-3b66-4feb-b90d-a99ff33a8748,103.74630136743654,63.155624792616415,187.82667746136568,54.57077504775343,0.1041543062899516,0.0073800042812815665,0.5177217884995791,0.017385558054941797,0.1432519876728534,63.15562201151281,22.505782674242425,650.0,50.0,678.7931397306396,0.16982541343694404,25.0,20.0
36317a3b-c82f-4fee-8fde-d813e7140b0c,72.81553948427293,58.639932971808996,106.37177199465009,9.99958817170466,0.18620579613599542,0.010408646872601011,0.48515598613468025,0.015408689284892495,0.2560057357445465,58.63993289372136,20.0115655155724,900.0,70.0,271.51725589225595,0.10036192065991252,25.0,15.0
36589477-07f4-47b1-a5de-7bd6904a3ef9,120.95229097465622,64.31189207576914,250.94325445834863,88.4238499216241,0.10944764390440867,0.005181193300747054,0.5227641316649831,0.017702660789696477,0.11208082232302247,64.31189162750066,20.0115655155724,650.0,50.0,678.7931397306396,0.2509799004147781,25.0,15.0
36b54762-47ea-4664-8ec4-8e7c48eb4564,116.48251223222681,66.09416654269366,254.67822796330643,91.73266855978167,0.24317130210216747,0.004556675005902778,0.4878005779037038,0.0184993808793708,0.2164564475811859,66.09417024089072,22.517348022727273,1200.0,110.0,407.27588383838383,0.2509799004147781,30.0,15.0
36d536a5-b658-4562-a918-395102d53b2b,94.43573956256128,62.586941188194544,165.04162688238125,40.94094036252822,0.12634772504355007,0.0072813125597643085,0.5113169182398989,0.01710296700649378,0.1496175521996119,62.58693899662683,22.517348022727273,900.0,50.0,407.27588383838383,0.16982541343694404,30.0,15.0
36e9b880-a1b5-4688-b408-75982f4ca9d8,44.217609092576666,55.64338855592648,42.640250995662065,-22.156040828454447,0.21892043102883,0.017362218801083754,0.5203744869938972,0.013515399078597128,0.3521600885788701,55.64339105310624,25.011565351010102,650.0,70.0,407.27588383838383,0.04796556947260091,30.0,20.0
36f74052-4d45-46cc-9277-76d91afcff4b,175.31375598002467,100.43168009964212,621.6759506344749,312.4640148841109,0.20865673570549242,0.02139833486671928,0.563332456616267,0.020002760763212335,0.2692929637445328,100.43168065366194,22.517348022727273,900.0,400.0,814.5517676767677,0.8028953652793002,,
37128ad8-beba-4803-9750-73eface05495,88.14882784148197,58.86124575203296,159.01761501641948,36.97965838343565,0.1244599004811658,0.0072734984719802186,0.5096938795718644,0.016627214294910504,0.1483372630717569,58.86124505630619,22.517348022727273,1200.0,50.0,814.5517676767677,0.16982541343694404,30.0,15.0
376b96fe-2bfc-46f6-9261-eeec89560ef1,120.18574474124439,64.44544432404675,257.716355120602,92.47657468833343,0.0969255598337963,0.005194779469044613,0.5220464301339962,0.018824654658061588,0.10969363842586803,64.44544539860382,25.011565351010102,1200.0,50.0,814.5517676767677,0.2509799004147781,30.0,20.0
3790b3ac-1457-4f03-b095-1348a2696538,111.9108802307696,64.50734150003616,249.16598027765403,88.24953667338697,0.24201253864841116,0.004603049516550926,0.48827919084008836,0.018119430741698556,0.21768508664785238,64.50734168805407,22.517348022727273,650.0,110.0,678.7931397306396,0.2509799004147781,30.0,15.0
37a90163-cfd5-4d56-9186-9d3ebdf7cda1,125.01744707576417,53.69977114013773,361.50157765604007,153.1414584784557,0.30812242462989264,0.036912587897117,0.44979135340621845,0.016177093714821393,0.25981934494164105,53.69976819700683,22.505782674242425,400.0,240.0,271.51725589225595,0.3837245557808073,25.0,20.0
37fa2609-b305-49a5-8fc1-d51f1907a89a,94.38396035682992,61.689423044316285,179.38981740313582,49.346286350038206,0.24698903257460017,0.006399217182723064,0.4715040252849326,0.017155530142722104,0.27115409043983957,61.68942591233908,20.0115655155724,900.0,110.0,407.27588383838383,0.16982541343694404,25.0,15.0
385f8ecd-5c82-4a58-bc13-389acb7c6d7c,166.6356513537162,58.425088027337424,549.1968654706972,262.62437893780526,0.18744214902639944,0.020634253241635106,0.5074464976244738,0.01660136562210121,0.1161889842030744,58.42508752467097,22.517348022727273,900.0,160.0,271.51725589225595,0.8028953652793002,30.0,15.0
3865a7ec-3c7e-4e79-96fe-f8e4a8ab345b,148.33950518763106,82.38946202725738,422.01414074361406,185.28480796375075,0.27210925004808506,0.03940914150152567,0.49748169609797965,0.02000866752054062,0.3301453376842605,82.3894613073243,22.517348022727273,1200.0,320.0,271.51725589225595,0.3837245557808073,,
386878b9-131e-4874-88da-bcab11738265,40.752436969074864,53.24283274322133,38.32760825731549,-24.87771216121041,0.22081970392403197,0.017082140213531147,0.511027682260627,0.012655133730488924,0.3540442808858835,53.242832156028975,25.011565351010102,900.0,70.0,678.7931397306396,0.04796556947260091,30.0,20.0
38955143-3abb-4ece-aa9d-ca37013d20c9,75.47301471889818,57.55358099228744,113.48896941923657,15.545362980938837,0.16244948383827862,0.010870037028040826,0.4978704559463385,0.015314060051846434,0.25125892435444036,57.55358297490191,22.505782674242425,400.0,70.0,678.7931397306396,0.10036192065991252,25.0,20.0
38acda2b-4ede-422d-bdaa-69ad8ed90ad2,43.259646990247155,53.142607541358146,42.953684781332306,-22.823754601648773,0.21836167116761365,0.01766706278409091,0.5138069104251896,0.012889131346914865,0.34775760846480935,53.14260830454437,22.505782674242425,900.0,70.0,814.5517676767677,0.04796556947260091,25.0,20.0
38c8c662-e135-4deb-8e41-c69fdfa3520c,43.79258449746309,53.50839687127169,43.477814675445615,-22.611741567585188,0.21579838314130895,0.017719463645843855,0.5165910320884889,0.012972559626766038,0.34756744570351694,53.50839535000787,22.505782674242425,900.0,70.0,678.7931397306396,0.04796556947260091,25.0,20.0
391f69bf-d796-4414-a324-0b9d2f203c9a,139.83538021748518,46.77380663887531,472.9511010946361,218.81398995694076,0.179835533419234,0.02088348241859217,0.5068969616682976,0.013279056177663433,0.11991864541997521,46.77380821029754,22.505782674242425,400.0,160.0,271.51725589225595,0.8028953652793002,25.0,20.0
39226abd-7b14-4075-999a-15b694ae23e1,103.50582242865059,67.20203610975165,193.7518749659794,60.10286855537915,0.2248081901677189,0.006490054118571128,0.4739186059736953,0.018808786095904764,0.2695594650047451,67.20203515541063,25.011565351010102,1200.0,110.0,271.51725589225595,0.16982541343694404,30.0,20.0
3944d914-d81d-4abe-971a-0a6fa909c770,43.15169516750721,51.37745164640525,39.76898894239934,-23.98479102395793,0.3317358963179714,0.015339486398095539,0.4269264162734639,0.012877508866777956,0.45640691534898914,51.37745074378064,22.517348022727273,1200.0,110.0,271.51725589225595,0.04796556947260091,30.0,15.0
394bd038-f885-406d-821f-64971e29dac4,163.82751183173133,64.2188356242282,761.92939730426,381.3905733819186,0.05140163621620371,0.012493947347706228,0.719151558744318,0.014482550018637741,0.06473967118827638,64.21883683711658,20.0115655155724,1200.0,160.0,271.51725589225595,2.0078392033182246,25.0,15.0
39743b9c-7dd1-45d8-b41f-cbebfbd33af7,153.87655848050943,56.55745101240879,728.501058686682,365.465451092674,0.048494113065077865,0.012193834888815237,0.6883744698737899,0.01252378948088386,0.0641545060522812,56.55745254175344,22.505782674242425,900.0,160.0,271.51725589225595,2.0078392033182246,25.0,20.0
398d9017-bc51-4762-a02a-eb1eb9d661b4,182.90877152051323,105.00295676441675,644.9732445480129,325.4441163172034,0.19742144667008624,0.021833972497779876,0.5787639640203284,0.020472395386441918,0.2695009293338363,105.00295648895177,22.517348022727273,1200.0,400.0,678.7931397306396,0.8028953652793002,,
39aaba15-463e-4886-9018-cfd409f9d2e4,93.81882562381354,61.54358973719334,179.70551799010605,49.3939383209511,0.2467654620747054,0.006424505214656987,0.47195144508722653,0.017193458098454486,0.2712086389521672,61.54358930591343,20.0115655155724,650.0,110.0,814.5517676767677,0.16982541343694404,25.0,15.0
39ba6aff-6885-4bee-bee9-a499a307867e,209.9175359463723,80.8768646383896,983.1322410021622,527.1977933435885,0.0641363531467803,0.011750440227325338,0.6853286965313974,0.016771878592795293,0.08610315156846116,80.87686488319075,22.505782674242425,1200.0,240.0,407.27588383838383,2.0078392033182246,25.0,20.0
39e6e0f4-efc4-4619-8173-4023ecc79d64,115.63287524826215,64.98059177099071,250.71243314741486,89.65316162910072,0.20101095923048196,0.004876462880324074,0.4997818224148253,0.01798767518417846,0.18689144159313345,64.98059211923832,22.517348022727273,400.0,90.0,678.7931397306396,0.2509799004147781,30.0,15.0
39e92ff0-421a-4ae6-9353-e5e80af0bb2d,226.45792484624957,101.65137764321524,1049.0514693832772,591.8960180528729,0.08307449920765993,0.010826665895991162,0.6267523134344696,0.02014469544542943,0.11340284579014559,101.65137502863328,25.011565351010102,900.0,320.0,814.5517676767677,2.0078392033182246,,
3a8cda87-567c-497b-a6cb-177ee97dc3be,165.52318928133639,74.79670336946997,818.9253515184209,423.5952101591181,0.1287233816238005,0.011114479251761364,0.6366309690348696,0.01572647216425707,0.14771461863567042,74.79670648963392,22.517348022727273,650.0,400.0,407.27588383838383,2.0078392033182246,,
3a985b80-c64b-4239-935d-b5870bd4fd3f,211.5360024644608,100.44827048635399,1004.7686659036,551.1031952213023,0.11491130395917508,0.010922632178378577,0.6372730386806819,0.0199056982198542,0.14258654851984356,100.44827362563854,22.517348022727273,900.0,400.0,678.7931397306396,2.0078392033182246,,
3a9b76df-c594-435d-9c6f-d67397e95bd1,212.8717188335759,107.2132538651179,899.6497803666895,476.8820770277197,0.153960877255524,0.01518892123784301,0.6190512963959384,0.021455332058396583,0.1871213238519929,107.21325361062112,22.517348022727273,650.0,400.0,678.7931397306396,1.3586033074955537,,
3ab0923e-cde4-4add-a053-33eaadd047f2,72.58443492670963,58.643229642783844,106.90983945380937,10.117393510977687,0.18645154280139942,0.010435527631997055,0.48508730249168763,0.015505990434074425,0.2558947231467802,58.64322894449092,20.0115655155724,650.0,70.0,678.7931397306396,0.10036192065991252,25.0,15.0
3ab80914-652c-4302-b974-306aa737a65c,131.34340808840247,67.30755068873694,370.327462673472,160.40403915196967,0.3256576563405408,0.036202512443013465,0.45302336691675094,0.0187099696211001,0.2683018763518698,67.30755040815234,25.011565351010102,650.0,240.0,814.5517676767677,0.3837245557808073,30.0,20.0
3b16c35c-a79d-4277-b480-44816e6f92ae,183.61321471561502,89.61953243392557,614.5518604353429,304.7099071170201,0.1444469935437395,0.02255463838152357,0.5869451172890572,0.01951155631920763,0.17409868585829333,89.61953169966674,22.517348022727273,900.0,240.0,678.7931397306396,0.8028953652793002,30.0,15.0
3b2f8bf5-d079-41d4-8336-bfbf55313686,126.82170828246551,65.29257533502788,380.7314959408591,165.330579283965,0.37189606149684346,0.03625521734152988,0.45736037480647096,0.017506164954443966,0.3282548273871945,65.29257817025493,25.011565351010102,400.0,320.0,271.51725589225595,0.3837245557808073,,
3b30dbe5-09eb-46d1-ad6e-27f621bc4ca1,69.94791154102191,56.00785058744621,106.82507339697463,11.894252673925111,0.28032957603314396,0.009622657824231903,0.45223278469560185,0.01553496103471001,0.34834455065499065,56.007851016938005,22.517348022727273,400.0,110.0,407.27588383838383,0.10036192065991252,30.0,15.0
3b895918-5f4a-4606-b8da-9ea084ea6ec9,131.19782056755744,70.5787293302509,361.9586961670724,151.9749374582081,0.3319674408820496,0.03742948853184974,0.4737429443322074,0.01801866559778431,0.27410199285174563,70.57872969403738,20.0115655155724,1200.0,240.0,678.7931397306396,0.3837245557808073,25.0,15.0
3b8f69f4-ecc4-4435-9f85-29724b78fc44,72.00824810653708,57.99146876167839,110.70184342962189,15.239760061576627,0.245517070081755,0.009856879526893939,0.45833213058522726,0.01588746052402029,0.3480643820654982,57.99146908586421,25.011565351010102,400.0,110.0,814.5517676767677,0.10036192065991252,30.0,20.0
3c0f6078-e196-473f-a134-e3fd9e72145c,97.28190760804488,63.99010230768393,179.85164924331622,50.41277451698796,0.14864124089741163,0.007091420271622476,0.499560412858165,0.01795077471156516,0.19339264416221194,63.990100608026346,25.011565351010102,650.0,70.0,814.5517676767677,0.16982541343694404,30.0,20.0
3c10f55c-dd4d-4c90-b838-ec7e8fd8b61e,193.14124522214627,80.70086501726698,862.7229774242734,445.74065432583996,0.12255811782031777,0.016053483540667088,0.6483763293353852,0.01752630441032141,0.17642358272521683,80.70086598281992,22.505782674242425,650.0,400.0,407.27588383838383,1.3586033074955537,,
3c1e227b-03c2-413f-bb25-1ebf8d67e1f1,201.67783640118398,84.83922900450418,701.3103136757152,342.7493101421453,0.14387163545331438,0.024471539358954124,0.6486174611410774,0.019834673143289464,0.1636276062128557,84.839225962432,20.0115655155724,1200.0,240.0,271.51725589225595,0.8028953652793002,25.0,15.0
3c22f05c-549c-4bf4-ad92-92923cb620f2,191.02450773700858,97.26430189421662,701.5861315459422,353.23895084149274,0.2113439882746212,0.021993474115119958,0.5792508652857744,0.020838706130821966,0.25566457647673446,97.26430404428825,22.517348022727273,900.0,400.0,407.27588383838383,0.8028953652793002,,
3c2e6f05-880d-4523-86bc-29ab5c786c89,197.79897185138645,83.56014138596501,968.0326138933459,527.3414610294485,0.11193707979385523,0.010809236599810607,0.6198269420533353,0.017651985793021352,0.13766734365869657,83.56013999550528,25.011565351010102,400.0,400.0,678.7931397306396,2.0078392033182246,,
3c434082-162b-415f-a49b-53cbd9700e12,113.98526733641118,64.30545916662244,262.76009290893086,96.12266615042206,0.2033814359714331,0.004683932091803451,0.48978737581755044,0.018949197147148537,0.21158312752172834,64.30545910629996,25.011565351010102,1200.0,110.0,814.5517676767677,0.2509799004147781,30.0,20.0
3c5bc552-8d6a-41f9-8b8d-dc0f4cc76650,133.28447623601488,67.53575034261601,299.0200184762153,118.23303610183684,0.19524033610448233,0.004705848613657407,0.4960223951084806,0.019028698552335934,0.2049340307273916,67.53575059530505,22.505782674242425,1200.0,110.0,271.51725589225595,0.2509799004147781,25.0,20.0
3c61cf74-64ae-4845-884e-f490f19827d1,41.18296271515546,52.07459858710307,39.501983281165195,-25.486468475855972,0.23631532626167928,0.017513174177135944,0.4904660607382156,0.012651834232752167,0.3502355613761137,52.07459835894963,20.0115655155724,1200.0,70.0,678.7931397306396,0.04796556947260091,25.0,15.0
3c7a4f59-3348-4f9a-a882-4434dfc76234,136.85991847762335,54.004192247888426,577.3604725995789,277.12114508417704,0.1075915207132681,0.016188335397117004,0.6250580323995476,0.01231896027695044,0.12667715414192135,54.004191807963984,22.505782674242425,400.0,240.0,271.51725589225595,1.3586033074955537,25.0,20.0
3c8ed7bf-50e9-4bca-8d11-2d6a8e699d96,136.13624784732355,81.55993179285326,376.3727711361624,161.5813461448857,0.27692211254513893,0.038710517948895205,0.48787064170346167,0.018690361664665634,0.34373181948054315,81.55993254481855,22.517348022727273,900.0,320.0,407.27588383838383,0.3837245557808073,,
3c8ffeca-e0f4-4bd7-b64c-153ce17d515f,134.67092092489824,81.08679925024227,371.0610070167016,158.64912469033973,0.2781467036016414,0.038536471943686874,0.4870435891845328,0.018631645004941064,0.3441212934243869,81.08680107735033,22.517348022727273,1200.0,320.0,407.27588383838383,0.3837245557808073,,
3cdbd3db-ad03-4e8b-8e90-4d48e85e3433,96.2047833462507,63.898837235883974,181.91233213478785,51.926663489464744,0.18640336263894153,0.0068160416969065656,0.4860844350984848,0.01802612148970838,0.2346140317627274,63.89883658586351,25.011565351010102,650.0,90.0,814.5517676767677,0.16982541343694404,30.0,20.0
3d5cbc85-18a4-41a1-aa47-249633126f8d,210.57530944290357,89.94901112888714,810.0342254054017,422.18544466314836,0.08108066385478746,0.016095127532218013,0.6429919848429715,0.01947147945572555,0.08411764917171467,89.94901259153544,22.517348022727273,900.0,160.0,407.27588383838383,1.3586033074955537,30.0,15.0
3d7af77d-6efa-4a39-8358-e33fa9df8db8,128.9676367664738,82.32647089248609,372.75343730363676,161.0547485862584,0.3096477308292298,0.038581897151914984,0.48866720217759885,0.018552227745185047,0.4018345574464249,82.32647297666261,22.517348022727273,400.0,400.0,678.7931397306396,0.3837245557808073,,
3d7fe911-64d0-44b1-bfd8-e516a2108cfa,124.59311225614354,68.50261807278608,277.21948234018515,105.91224368732983,0.2064051057941919,0.0046693316369633845,0.4907462555117845,0.019622037329055722,0.21152346051190699,68.5026174010488,25.011565351010102,1200.0,110.0,407.27588383838383,0.2509799004147781,30.0,20.0
3db2497f-06b8-4659-8d32-f6c2b0d7ff12,218.69214050646835,109.32802336285792,891.0257540200998,473.9658079561986,0.13545846664574918,0.015333195311026936,0.6234328033040826,0.021755099394916357,0.15638833345130532,109.32802546024527,22.517348022727273,1200.0,320.0,678.7931397306396,1.3586033074955537,,
3e2e695f-5cfb-4ba0-a01f-a5e0768d025e,143.67492366148156,58.97867034394398,540.5694851547305,253.43341169627092,0.17216908210195708,0.02333924067070707,0.5963456887135838,0.014181801637560047,0.21390532581709032,58.97866858297356,22.505782674242425,400.0,320.0,271.51725589225595,0.8028953652793002,,
3e4ac639-3719-4535-a945-3ba9d0784132,75.38615142198445,58.469326230917495,117.4832780868762,17.91753580839252,0.23721457691287876,0.009706756659069865,0.45843235315056813,0.015785654444365818,0.34165340288714274,58.46932396594122,22.505782674242425,900.0,110.0,271.51725589225595,0.10036192065991252,25.0,20.0
3e533ebc-2cd1-476e-ac82-3214b296ea1d,138.6669937759601,61.03707691050232,368.0849003435545,159.01386622254472,0.22545278996519358,0.03904728233299663,0.4700243816102062,0.017155545030462363,0.19346131512882922,61.037077749119106,22.505782674242425,400.0,160.0,678.7931397306396,0.3837245557808073,25.0,20.0
3e7bd33e-d8b2-48fb-9dc3-578794be0296,44.82443973828013,56.90867144489202,45.23383775237594,-20.431947580276717,0.171427601190867,0.018673997194970537,0.5782405551957069,0.013970519768288815,0.2793021652286271,56.908671813107105,25.011565351010102,400.0,50.0,678.7931397306396,0.04796556947260091,30.0,20.0
3ea55983-95e8-4755-bea0-754641c339bc,116.60697400587907,63.83341026691007,255.40133097449714,91.02659207511651,0.19043001775289353,0.004795559997569445,0.5001554794712753,0.017777265570745455,0.18346301374351914,63.833409399821925,20.0115655155724,650.0,90.0,678.7931397306396,0.2509799004147781,25.0,15.0
3ed448cf-6f02-477a-bc72-2f6c8cd34129,71.07260937485,58.238550506010576,102.33649303152883,7.206689663236275,0.1392539340406671,0.01093010460770202,0.5056908549365531,0.015165829356777294,0.1992084426440254,58.2385506518767,20.0115655155724,900.0,50.0,407.27588383838383,0.10036192065991252,25.0,15.0
3edeb111-4adb-472d-a5a8-6da2e0ff2e08,117.36467408840055,65.29493502589936,262.9268218695069,96.44140624370999,0.16944000204803236,0.004859766097253787,0.5001553260820182,0.018946508280205887,0.18128026979659462,65.29493609599452,25.011565351010102,900.0,90.0,814.5517676767677,0.2509799004147781,30.0,20.0
3f088638-00e1-4740-8cd0-ee5f698778cd,163.26725989852605,86.9902879780541,480.1188408860459,218.47317876003677,0.23503519188425928,0.041853667336226856,0.5343447097705913,0.019971511852215237,0.319115332075568,86.99028942261305,22.505782674242425,1200.0,320.0,271.51725589225595,0.3837245557808073,,
3f18268b-39b3-4f28-8044-ded4bd53ee2a,35.62660655798888,51.243825041988046,33.28331887374595,-28.520094383059067,0.166854073632681,0.01787762990677609,0.5500828177714647,0.011678196990942332,0.2845056621163295,51.243823816156564,25.011565351010102,1200.0,50.0,678.7931397306396,0.04796556947260091,30.0,20.0
3f1b2838-50b1-4813-9fc3-9215992ae2c1,207.57939625149194,90.09165665103372,716.6731899343913,367.80770764710564,0.13766323685511364,0.022942584214025674,0.6045983396175189,0.019799447796458897,0.16128101496472114,90.09165376131992,22.505782674242425,900.0,240.0,678.7931397306396,0.8028953652793002,25.0,20.0
3f3aa212-00ec-4dea-ad13-802f8df96eb8,187.22801887268474,85.88905660571949,641.1001521308006,324.7157069555073,0.1381314342621107,0.021847221378640577,0.5590747613148149,0.01945526955999375,0.16801359291530601,85.88905596460047,25.011565351010102,650.0,240.0,814.5517676767677,0.8028953652793002,30.0,20.0
3f3cf5f7-21c6-430b-b1eb-c97911c447f6,42.38817651228493,54.573104275464324,39.8214116743882,-23.76104914833838,0.21802761549295033,0.01718593951999158,0.5138592164094067,0.013003508098723447,0.3539059199705752,54.573103919759504,25.011565351010102,900.0,70.0,271.51725589225595,0.04796556947260091,30.0,20.0
3f75a495-b591-4d06-8fe0-40fa6547440a,139.32666453263712,76.70845565381988,411.27652839216114,182.3755826416653,0.2777170327159091,0.03996233732139099,0.5039318966932765,0.01789934703840273,0.3300263219833301,76.70845568154284,22.505782674242425,400.0,320.0,678.7931397306396,0.3837245557808073,,
3fb95695-02da-41b4-a895-68ae78eeb60f,135.1063784915576,82.29301578185154,382.1350665515545,163.28902273094639,0.28194787899252943,0.04034500627833544,0.5160651386916668,0.0186649553516163,0.34264506629123864,82.2930138285175,20.0115655155724,900.0,320.0,814.5517676767677,0.3837245557808073,,
3fc531c4-c4e4-4570-a5cd-c0487ec33d85,186.049815591314,88.88872328569131,632.7075339869614,314.0892549809419,0.15425816309481272,0.023195878537058078,0.6131800921490951,0.019511819179184098,0.17125855947887392,88.88872254670916,20.0115655155724,900.0,240.0,814.5517676767677,0.8028953652793002,25.0,15.0
3fec2c95-1a8b-4b80-9f31-fa340cf4e753,239.0910520002393,101.14577410284812,962.594342591587,522.9022519144282,0.08595027579659091,0.01606852310485059,0.6602716898214016,0.020805803095068808,0.11266650281799427,101.1457741625579,22.505782674242425,650.0,240.0,814.5517676767677,1.3586033074955537,25.0,20.0
403113c0-38dd-4d91-a7f5-b3ae3529ee82,44.984194033230395,51.297150352338804,44.309385314990166,-22.142759424433272,0.32331932777546296,0.0160020421010101,0.4309918659768519,0.013348899851125966,0.45020973585773244,51.297152289388016,20.0115655155724,900.0,110.0,678.7931397306396,0.04796556947260091,25.0,15.0
40313de7-5499-42e5-a056-10b277bcc3e1,128.22522834166926,64.19046131519623,273.28240563906365,101.9684332641571,0.09238684643267045,0.005147426889215068,0.5248681343730008,0.01831006936158887,0.10686956607999176,64.1904617021915,22.505782674242425,1200.0,50.0,678.7931397306396,0.2509799004147781,25.0,20.0
4046d540-6d52-4fb5-8778-e05fc29b3648,231.38315366058833,111.32115165349967,915.4665555214523,485.85610154665443,0.09679245427231692,0.016513978749652776,0.6835517405903724,0.02198505154836873,0.12145953127254848,111.3211545602889,20.0115655155724,1200.0,240.0,678.7931397306396,1.3586033074955537,25.0,15.0
407959f0-f3a2-4e07-b773-6a0379ad2a4f,43.311196841872686,48.27521059106841,45.455166489383494,-21.305612232264455,0.23543557668507992,0.018456237477114903,0.5251829849747476,0.013369856195282269,0.33816749807673574,48.2752107315521,20.0115655155724,400.0,70.0,271.51725589225595,0.04796556947260091,25.0,15.0
408a53a5-e135-463f-852c-7d1cd7421848,193.34301655634994,84.87744555085884,630.5874448566592,318.44848218455553,0.10312820850449284,0.02234874745623948,0.5703085970256417,0.01951795438098748,0.11836598600140386,84.87744557099788,25.011565351010102,900.0,160.0,814.5517676767677,0.8028953652793002,30.0,20.0
409cd8c2-c53e-486b-ace1-ec184f1527bd,128.03855800861768,66.48752725866831,289.6316751854908,112.50902487022533,0.19564179567397938,0.004658976636332069,0.49467087233207063,0.018836791162233045,0.206050135754087,66.48752726965242,22.505782674242425,1200.0,110.0,407.27588383838383,0.2509799004147781,25.0,20.0
40e8cee6-f69f-48da-83ff-eb90be4f75e5,162.04492783908645,66.22539207582805,642.8858425147882,316.69930416741533,0.08426304033088174,0.01613865557513678,0.6226403836237373,0.015235349372148837,0.088047649118233,66.22539261406556,22.517348022727273,1200.0,160.0,271.51725589225595,1.3586033074955537,30.0,15.0
4109f0ea-1142-4b89-b1e8-db23713fd1b0,228.11824604941188,98.77800995028669,989.6090733902939,547.7457855110812,0.052629832231439404,0.011329346001473065,0.6581287295487375,0.020224304745921892,0.06150541008670673,98.77800748020047,22.517348022727273,650.0,160.0,814.5517676767677,2.0078392033182246,30.0,15.0
4135e097-73e5-4bfd-a885-0c340a921dff,72.85980903569312,59.14167417598748,109.55524806504262,14.349684314356686,0.20901027884038298,0.010260276294907406,0.47511490113878363,0.015868670618267966,0.30642720621378816,59.141674665519304,25.011565351010102,400.0,90.0,814.5517676767677,0.10036192065991252,30.0,20.0
417e3441-350d-44a4-93c1-78441fa56841,46.06874694323317,51.48337895093326,46.58219987796126,-19.927161709505487,0.2903966714560185,0.01636246591172138,0.45780827291456233,0.01326236243538618,0.4476052256122227,51.48337944041514,22.505782674242425,900.0,110.0,407.27588383838383,0.04796556947260091,25.0,20.0
41830502-695b-46de-a35a-c03bdad5c803,126.95139738842333,68.7916740192404,269.51790083343224,100.66408703355103,0.20337819799915824,0.004789406980176768,0.4996961431832385,0.018999904338707376,0.1834222848691269,68.79167351527322,22.517348022727273,900.0,90.0,271.51725589225595,0.2509799004147781,30.0,15.0
4198fb6d-c3b8-424f-abe8-3341d2141ba5,74.63352427488455,57.97322463953824,117.31894282178585,17.664311782502175,0.23694628718223903,0.00974469964363426,0.4591254146750842,0.015772791672283702,0.341414193864706,57.9732242580015,22.505782674242425,650.0,110.0,678.7931397306396,0.10036192065991252,25.0,20.0
41fd68ef-7f40-4bbc-ac23-f538b63a01de,43.98376290880706,49.337673771987426,46.014524295120616,-21.17260386466335,0.2363477094225589,0.018397063642255893,0.5217343648337542,0.013542521152858788,0.3390002718934588,49.337671758382214,20.0115655155724,400.0,70.0,407.27588383838383,0.04796556947260091,25.0,15.0
42097367-44d2-4d59-a344-9db12adf65b5,36.418949968724114,51.45237905556974,33.91002547842917,-28.719488635909162,0.185899665924032,0.017951811538562713,0.5314089903706859,0.011961710721421008,0.28386314613315994,51.452379037643304,22.517348022727273,1200.0,50.0,407.27588383838383,0.04796556947260091,30.0,15.0
4233fa8a-f7f7-4d18-b723-93acbda96f64,41.862808845389125,43.06404389219147,45.54897808600424,-20.204282025560964,0.2827948277584175,0.01711740763515362,0.48780168647474753,0.012675423071996525,0.4357890054990619,43.064043636080015,22.505782674242425,400.0,110.0,271.51725589225595,0.04796556947260091,25.0,20.0
424da0e3-781b-479e-a4a4-777542d7bc95,238.73183611074253,105.02334765862666,1080.9725070260718,592.4045458463513,0.07073061557134891,0.01187763234989478,0.7093241555932133,0.02099862666433273,0.08841976311395523,105.02334544086108,20.0115655155724,900.0,240.0,678.7931397306396,2.0078392033182246,25.0,15.0
425218f0-ac52-49f1-8a52-e7f9e11be5d2,111.2608659085011,66.01407009556576,196.32529037747054,59.9605630121503,0.10478103957813552,0.007302193382596802,0.5183607623483796,0.017966505861351727,0.14221589090429373,66.01407068688323,22.505782674242425,1200.0,50.0,271.51725589225595,0.16982541343694404,25.0,20.0
42721896-4649-4aa9-9894-7552c5ed7611,115.39177768283324,64.94780711403581,250.78917287297656,89.71171126731903,0.2012832071318918,0.004871787461258418,0.49941388971822387,0.018002628781988512,0.18680683607840443,64.9478071051384,22.517348022727273,400.0,90.0,814.5517676767677,0.2509799004147781,30.0,15.0
4299e321-22de-4537-9a54-bd621bb1f586,106.07903313538036,66.84588251721397,185.80252142420252,55.553198817235284,0.11019904850392466,0.007575350522643098,0.5191168505137836,0.018097961800809245,0.14766855289047717,66.84588350097592,25.011565351010102,400.0,50.0,271.51725589225595,0.16982541343694404,30.0,20.0
42c930dc-df1f-422e-9210-a8a70aa43c25,128.30630655031024,60.69145280260361,337.66758633346643,138.57134554166097,0.2641209791501684,0.03782954786530934,0.46406387571997043,0.017145532700209912,0.197489444800528,60.691451708368305,20.0115655155724,1200.0,160.0,814.5517676767677,0.3837245557808073,25.0,15.0
438f43c3-6105-4cff-911c-d2ba8b0ddd2c,240.19330624634705,104.20467331796186,1085.8027087778573,614.2014910123828,0.06574182402955597,0.010999660985174662,0.6359610500167299,0.02077745043801435,0.0866212549454748,104.20467413188965,25.011565351010102,900.0,240.0,814.5517676767677,2.0078392033182246,30.0,20.0
43a12912-dbf1-4e1a-928a-ecd55709a91d,128.9618303676433,68.43204790110016,286.2327299514134,112.62826479524833,0.2054152628661616,0.004799593577167508,0.49302709862026517,0.01948996545283613,0.21071152707369792,68.43204745497525,25.011565351010102,650.0,110.0,271.51725589225595,0.2509799004147781,30.0,20.0
43cb943f-1c28-4d97-8f20-766fa3697a9f,221.1091556183306,81.74781813056642,728.781024494837,369.9817922372837,0.10430777435353535,0.02353345192002315,0.6096175642425294,0.019532427354990427,0.10984179515968791,81.74781530134258,22.505782674242425,650.0,160.0,407.27588383838383,0.8028953652793002,25.0,20.0
4407b6b4-e104-4e40-8006-dd78d117202a,131.89555169319834,66.77553236203485,296.23664940118397,116.65522389041361,0.19481067068728952,0.004739051788289142,0.49593397806523565,0.0188084399025759,0.2054916940164664,66.77553056277709,22.505782674242425,900.0,110.0,271.51725589225595,0.2509799004147781,25.0,20.0
443047bd-07a4-40a0-a406-a59b1a45faf1,209.0772254570795,90.36664075320178,721.9513711641966,369.48914202387795,0.13722706462614692,0.02314362852339015,0.6138185938323022,0.019758899305729542,0.16151428996269962,90.36663953966018,22.505782674242425,650.0,240.0,678.7931397306396,0.8028953652793002,25.0,20.0
4472e4e5-6486-4a09-b5d2-76c57af285b8,145.65027743972558,64.10796976971935,728.2369946669826,366.7771845096247,0.12162299372549452,0.011361497421530935,0.6456968014881102,0.013948262010245313,0.15016580356402412,64.10797097158472,22.517348022727273,400.0,400.0,407.27588383838383,2.0078392033182246,,
4481ea3c-bfcf-4c38-a06e-e4f9dc706227,70.72269974490749,56.202465977402326,105.16806985152367,9.481858407440512,0.12058945491193183,0.010939531449631732,0.5085673391265781,0.014967862916673803,0.1949391181490233,56.2024652372166,22.505782674242425,1200.0,50.0,814.5517676767677,0.10036192065991252,25.0,20.0
44862ee4-5670-4542-8372-17a22ed6764b,71.76562376933303,58.50289716367689,102.16686086944684,7.397491913893408,0.13933651433491162,0.010895023201536198,0.5052097845038932,0.01513089327219617,0.19933663630291718,58.502899307534285,20.0115655155724,1200.0,50.0,271.51725589225595,0.10036192065991252,25.0,15.0
449e2346-3458-4700-9b72-7e5a9066f164,211.23370210871065,105.45055142744455,751.0655566470163,386.7713052172798,0.13989155996143732,0.023245725351704546,0.6223508360998317,0.02053305253785014,0.21098323633878882,105.45055053011623,22.505782674242425,1200.0,320.0,678.7931397306396,0.8028953652793002,,
44b7c56f-d2da-4130-9f85-1bc1dc50a373,74.28469117009932,56.40684277536159,114.6239580427147,16.33620732871183,0.19975481292792507,0.010420112335679712,0.47881506970265153,0.015328371803438903,0.2989465828685198,56.40684437530488,22.505782674242425,400.0,90.0,814.5517676767677,0.10036192065991252,25.0,20.0
450d1715-9393-43df-a1a1-63da2b9a69d6,70.56272681580491,58.61156911418184,107.53027705522067,12.187422966287373,0.24624111687899836,0.009546766415425085,0.45328407621559336,0.01598146530699688,0.34958656300489027,58.611569038816114,25.011565351010102,900.0,110.0,407.27588383838383,0.10036192065991252,30.0,20.0
4512a9fe-a287-43d4-acf0-ef5e6eec5356,136.43946670892296,64.83439397194947,359.2030553751465,153.2197235688682,0.2388430832625736,0.03810446341309975,0.46526643416276303,0.018621017923717564,0.19594845039593303,64.83439544956632,25.011565351010102,900.0,160.0,678.7931397306396,0.3837245557808073,30.0,20.0
45504450-df67-4daa-86bc-c4877f437ff2,72.53555242162007,59.90947710983452,103.11996275536133,9.24887845393343,0.14515331386000635,0.011141848133785773,0.512239795216856,0.015498674661390504,0.20157587235662014,59.909475917528574,22.517348022727273,400.0,50.0,271.51725589225595,0.10036192065991252,30.0,15.0
4619238f-b3f9-4dda-8e62-d194e7ae69ab,163.43724728079923,62.63243974748832,752.1983375069816,378.8261315920365,0.05421039580228325,0.012456053057733585,0.7173354868302819,0.01441587524379827,0.06415459092046565,62.63244039551383,20.0115655155724,400.0,160.0,407.27588383838383,2.0078392033182246,25.0,15.0
462e51a8-ec0e-4b8b-ac32-0dd1b2e8194a,75.14770225655842,58.841986243256216,113.02203503899713,14.657654966287556,0.16296968082922975,0.010569031779661196,0.49224155472948233,0.015574506220454103,0.2518476608405391,58.84198560206579,22.505782674242425,650.0,70.0,814.5517676767677,0.10036192065991252,25.0,20.0
46915c49-1864-40c3-858b-483e8926f235,197.18080364347588,90.63283095167615,824.6229883438192,425.76244237886954,0.12571852959263471,0.015735557436647722,0.630215926658144,0.01922205268485439,0.15559914239554165,90.63283050714762,22.517348022727273,900.0,320.0,407.27588383838383,1.3586033074955537,,
46a1da5c-14ec-486a-bab1-e205ec0ea50b,197.30719909503105,104.96481184634678,694.8466177658838,347.77644848043917,0.17200423529813763,0.023364924938857324,0.6239005402697706,0.020945476513443466,0.2210172409921771,104.96481452244126,20.0115655155724,650.0,320.0,814.5517676767677,0.8028953652793002,,
46af4cb2-75f9-43a1-8323-14808257560d,113.08321105984827,63.54096632000671,241.05711582240036,82.81002594770015,0.15773605915464012,0.004965845461805556,0.5084977741757681,0.01789148341759834,0.1511514827115027,63.54096523517669,22.517348022727273,900.0,70.0,678.7931397306396,0.2509799004147781,30.0,15.0
46f07325-a5ef-4465-b482-02cefd88b5cf,41.367137097731444,51.811387062031656,40.35237880549133,-24.236763052732403,0.21485335071117423,0.01759901165601852,0.5109084231801347,0.012380311433158684,0.34892220769798965,51.811388438121064,22.505782674242425,1200.0,70.0,678.7931397306396,0.04796556947260091,25.0,20.0
46f17758-f038-4090-9859-e169b7feedc3,124.90796049777184,65.02559544405597,278.6219406399963,106.04011669508087,0.16199012890819653,0.004875373935174664,0.5044186132956651,0.018316798348835702,0.17766563947947944,65.0255936322567,22.505782674242425,650.0,90.0,678.7931397306396,0.2509799004147781,25.0,20.0
470be648-ac6d-4941-8209-555657c0efac,129.72888426749364,50.13360471252959,676.8251669508717,331.5692652144528,0.09959667274846379,0.011796284612037036,0.6686212463040824,0.011579058827154024,0.14709566658503767,50.133606696133114,22.505782674242425,650.0,400.0,271.51725589225595,2.0078392033182246,,
4710fb39-c083-4f2d-84fc-0cfb68c16f4a,201.7060473263623,83.0394004330439,930.87511074841,508.00945121664176,0.06943703913012415,0.011227248401609848,0.6384855019939288,0.017229630153295303,0.08924162675871034,83.03940009607967,25.011565351010102,400.0,240.0,678.7931397306396,2.0078392033182246,30.0,20.0
4755e59e-ede6-4bf5-aa5b-6ed909ddf398,44.80609787598823,51.45210742869422,43.6555242541021,-21.661580819858774,0.33124910921454126,0.015711352872190658,0.43389379186174243,0.013561815649975474,0.45171271349952397,51.452105553222125,22.517348022727273,650.0,110.0,407.27588383838383,0.04796556947260091,30.0,15.0
4784b696-9f3e-42f6-af5f-13061f79765f,194.4386171229115,88.2875751333428,667.5671852539701,330.32012365727763,0.15148529871208968,0.023822733891256314,0.6278202739004103,0.01965634850372042,0.1691201861788323,88.28757745604985,20.0115655155724,400.0,240.0,678.7931397306396,0.8028953652793002,25.0,15.0
478595b2-ecca-44ea-9ff9-7170ff7d74a3,70.03799993226258,58.54060366695655,103.97402012624741,9.250686771806972,0.23931775981902353,0.009806397120812292,0.46514794832144357,0.015655336126000657,0.30847720035744836,58.54060661743753,22.517348022727273,650.0,90.0,678.7931397306396,0.10036192065991252,30.0,15.0
47baf2ea-dc93-4f3a-8b20-49dba80e8398,159.03946500154194,70.47716422615632,712.2204522476342,347.2050027573994,0.14567948238722642,0.01665677670256313,0.675556034391393,0.016154466178934235,0.18901671104746265,70.47716340331401,20.0115655155724,900.0,400.0,271.51725589225595,1.3586033074955537,,
48595176-8e6e-4ced-a5c1-97c2facdec4d,145.64582614489163,70.09580910199519,410.6503718243288,182.0517174077197,0.3182717282588385,0.03708366586778198,0.4652969109235585,0.01850387224494376,0.26135816963337005,70.0958087111866,22.505782674242425,650.0,240.0,407.27588383838383,0.3837245557808073,25.0,20.0
485d3dba-03cb-4dab-a8b0-d166ab590bde,136.40518285353494,79.95607018612105,407.18259522860194,177.82990581281237,0.3087980222874579,0.03905996090755472,0.4980577399571233,0.01945245732338191,0.3862819038605548,79.95606997969537,22.517348022727273,650.0,400.0,271.51725589225595,0.3837245557808073,,
4874668f-24cc-479e-b9a8-522c341204a3,88.17841879814898,58.987324941252965,158.29639864950497,36.572071480132095,0.12448542606962332,0.007276109146085859,0.5099236880287248,0.01658813857117583,0.1487180943562794,58.987324102461216,22.517348022727273,1200.0,50.0,678.7931397306396,0.16982541343694404,30.0,15.0
4878d5e2-05bd-441a-8364-08a9e9d8e570,63.218830638084874,54.72708725898446,91.38174825787205,1.1171965014697587,0.14159711358854166,0.010798566821559346,0.5013009915867003,0.0145275696585097,0.20152998815797604,54.727085852162084,22.517348022727273,1200.0,50.0,678.7931397306396,0.10036192065991252,30.0,15.0
4889a587-a105-4fd9-92c4-35f9564992bd,73.75006287429427,60.19640848262623,111.16717714812903,15.260279306137955,0.24740192235037878,0.00963926356288931,0.4559418404601221,0.016165981239723144,0.3493859955191432,60.19640676468819,25.011565351010102,650.0,110.0,271.51725589225595,0.10036192065991252,30.0,20.0
48a821b0-eeea-4f01-8163-a7d19d6d8176,35.17636122497992,50.45189366925994,32.88832712650993,-29.28786247226112,0.18509398872537877,0.01792224743323863,0.5295279526843435,0.01167245424585487,0.2837855169516312,50.45189450187109,22.517348022727273,1200.0,50.0,814.5517676767677,0.04796556947260091,30.0,15.0
48b78098-4009-4d63-bdf2-8fe28f40c43c,128.73566053349788,55.532792270858835,336.66589103098363,137.16768282537006,0.2577726478083544,0.038799426280702855,0.4657103413069445,0.01607971409466898,0.19751872104653165,55.53279055841072,20.0115655155724,400.0,160.0,271.51725589225595,0.3837245557808073,25.0,15.0
48b980ae-ffc3-4e37-a133-46f850c89645,134.50404482133533,79.32537192076879,384.43121838576747,169.0590186911399,0.2739344096009048,0.03807144839694865,0.4771626315789561,0.018582584268588002,0.33855925593639885,79.3253699696789,25.011565351010102,650.0,320.0,678.7931397306396,0.3837245557808073,,
48f70b94-d666-4c15-8e0b-d66886dae5b0,181.3684918021606,78.77194353702825,669.2482035911437,330.3834073983506,0.15997149791093226,0.023237205626104797,0.6038567315432977,0.017358751264209646,0.20760211090358197,78.77194511383445,22.505782674242425,400.0,320.0,407.27588383838383,0.8028953652793002,,
490ea002-90d1-45c7-99e3-792f07d89abf,39.742971344864685,50.26880592128856,36.5697691134659,-26.494790488858577,0.2858328098062921,0.016078841207091753,0.45282323255871215,0.012269409037823125,0.4105004378690818,50.26880614939333,22.517348022727273,1200.0,90.0,814.5517676767677,0.04796556947260091,30.0,15.0
494bb558-dbd7-443d-aad9-3d58f311f172,44.46559070459993,55.42246499331678,45.040311606411265,-21.287263952333806,0.191659699836069,0.018805601998000843,0.5585032914974748,0.014036153004730819,0.27745693038130853,55.42246696367068,22.517348022727273,400.0,50.0,271.51725589225595,0.04796556947260091,30.0,15.0
49d141b1-5c2d-47c6-8357-ab6a08bea694,146.62098790337896,61.31711807524102,709.4220202238251,358.7420193421463,0.07697977331761363,0.011419729356218435,0.6309228972051241,0.01291728557012259,0.0970766690070251,61.317116445600284,25.011565351010102,900.0,240.0,271.51725589225595,2.0078392033182246,30.0,20.0
49d348b7-14d4-4165-ba0b-fd329e979ef8,213.2309944255516,96.91428710737799,849.7522353356924,446.0681399337283,0.09721582007181187,0.016001341258186027,0.6422149733428241,0.020244662226826585,0.12101659816305547,96.9142850682156,22.517348022727273,400.0,240.0,678.7931397306396,1.3586033074955537,30.0,15.0
4a016c2f-2a3b-4c8b-91d9-c90fb3be6e4a,229.17049816286905,111.1725477953418,941.1724434951806,498.3700071469583,0.11872303352427399,0.016345367800494528,0.6819568289079229,0.022188158769476142,0.15371934044915794,111.17254630244227,20.0115655155724,900.0,320.0,678.7931397306396,1.3586033074955537,,
4a08005f-3cc1-40c2-835b-4a71a34ca2e7,43.73372383300214,48.33962100221706,44.44136631434097,-19.840544176569814,0.29362514717413724,0.016369244280723907,0.4726987817844066,0.013326342487013325,0.4463284181010178,48.339621969100534,25.011565351010102,400.0,110.0,678.7931397306396,0.04796556947260091,30.0,20.0
4a106739-fb25-46ac-96bf-9317e490fa1f,72.74373257429332,58.73050361022551,109.21920927664763,14.34529082577874,0.20864812624789567,0.010304062538909935,0.47514787228661615,0.01582210995442535,0.3062563529966985,58.730501695060845,25.011565351010102,400.0,90.0,407.27588383838383,0.10036192065991252,30.0,20.0
4a638fe5-db2e-45c4-bd5e-dbe48289802b,204.04478329744924,89.22821558686779,706.2012740024802,361.9291404028442,0.1369411864533039,0.022976565216561447,0.6062229572847538,0.019597636005692247,0.16199030707326476,89.22821565029909,22.505782674242425,650.0,240.0,814.5517676767677,0.8028953652793002,25.0,20.0
4a66fe2a-65c2-4d64-acf6-15927d1d005d,98.11507380620547,62.46818827497276,172.88387036865012,45.08679189731359,0.12100138200407194,0.00728904350005261,0.5131249283437502,0.016968203951707353,0.14730805465468494,62.46819012568171,20.0115655155724,900.0,50.0,407.27588383838383,0.16982541343694404,25.0,15.0
4a70cd51-acdf-4662-af63-9b3514be9560,179.05146993119791,93.43140420515633,653.5833043589622,327.92839865874043,0.20161997398295456,0.022242915316666667,0.586163518432397,0.019785669281666616,0.26069558844589596,93.43140385937146,22.517348022727273,400.0,400.0,678.7931397306396,0.8028953652793002,,
4ab1f4f2-42ee-4854-a6b6-42e87c7f9b4a,188.14045896187926,79.16899476944047,770.7616295540805,387.5283571037592,0.0932606499386574,0.017188352339877946,0.6979475580571233,0.017683286559263937,0.1207673024463599,79.16899431586494,20.0115655155724,400.0,240.0,407.27588383838383,1.3586033074955537,25.0,15.0
4ad9cd07-a7b2-401d-8bab-dc040d8f22d3,139.7858882070382,91.93087033442322,391.37152369177164,170.9542980610535,0.31756955339730647,0.037540189024757996,0.48142212270037876,0.019669656487354248,0.4038581107850414,91.93087135864802,22.517348022727273,1200.0,400.0,407.27588383838383,0.3837245557808073,,
4ae7f762-61e1-44f6-8e3a-9cc89e24db60,67.34754924536969,56.49691283144666,102.46271804579423,8.599024624873042,0.20703757366414144,0.00993028903862584,0.46714798296443605,0.015524744280784101,0.3060224515958477,56.4969116514214,25.011565351010102,1200.0,90.0,678.7931397306396,0.10036192065991252,30.0,20.0
4b324051-27a8-4ac0-a789-1c6b2869297b,136.05958628930964,79.11749567062229,390.9726916617357,167.4120737166423,0.27656567687752526,0.04152515637525253,0.5292963895167718,0.01851636075521542,0.3393908816659857,79.11749752534486,20.0115655155724,400.0,320.0,814.5517676767677,0.3837245557808073,,
4b4f65ec-f074-48e5-bc55-c7038f3b38c8,190.1039026897122,89.07572696050352,725.7754041088413,367.6690372977475,0.17584396837841962,0.02284754370468224,0.6040485809370687,0.01898165058634169,0.24453525627134268,89.07572658665292,22.505782674242425,400.0,400.0,678.7931397306396,0.8028953652793002,,
4b6c5be2-c004-4b57-b02f-8be1eb0ef453,223.23308964200908,98.4878815181805,896.2018756788827,482.31844175798227,0.08596177483069235,0.01564404504793771,0.6240533113890048,0.020410042874243032,0.11747015443413879,98.48788239090136,25.011565351010102,400.0,240.0,814.5517676767677,1.3586033074955537,30.0,20.0
4bd5eefc-0a83-4a4b-9724-8d96a2a9f48c,185.44062769008414,88.44489892872376,631.1849756929768,313.5443978620273,0.15439063180682872,0.023271177881071123,0.6174158543121844,0.01956032368806402,0.1707457588290636,88.44489773718406,20.0115655155724,1200.0,240.0,814.5517676767677,0.8028953652793002,25.0,15.0
4bdd6c48-9ae8-42db-ab47-ee51c9d4a328,136.2630130889156,64.45962313482055,375.48860958191506,160.6804787521394,0.35239702896222647,0.03552319011790825,0.4443235444274832,0.018487972600668902,0.26424143526194577,64.4596221802826,22.517348022727273,1200.0,240.0,271.51725589225595,0.3837245557808073,30.0,15.0
4c1f0096-0ef4-4ae0-9ff1-7e4682ff67d1,171.6491768387935,79.43328727821827,620.3907875094783,301.34843695358364,0.18342582368613217,0.022615287489541246,0.5837855374337017,0.018148266402936403,0.21590169273665008,79.43328638923226,22.517348022727273,400.0,320.0,407.27588383838383,0.8028953652793002,,
4ca99d06-1f8f-47a9-bcc2-9feca1724faf,141.6476865923081,70.84105216789852,402.3945571081662,177.85724507727488,0.31251237822653616,0.03736100820860691,0.47170283836530946,0.01861701213079444,0.26205288505352936,70.84105231688774,22.505782674242425,1200.0,240.0,678.7931397306396,0.3837245557808073,25.0,20.0
4cde24d9-9a2c-4856-9661-f397ef223823,233.98665500999905,96.35971701872059,949.6409349543082,511.14877592190624,0.08775407707559973,0.016291942001588802,0.6686532756425083,0.020094101828040487,0.1126180743277747,96.35971523726133,22.505782674242425,400.0,240.0,814.5517676767677,1.3586033074955537,25.0,20.0
4cf3145c-befb-4d2a-91b9-53fa7841969c,44.433056506997474,55.811923299546784,45.33715211283401,-21.75265954596285,0.17276078079008841,0.018814824116940243,0.5607980303556397,0.013452589446444264,0.2770153813476482,55.81192297566792,22.505782674242425,650.0,50.0,814.5517676767677,0.04796556947260091,25.0,20.0
4cf5045c-525e-466f-9bf9-3285d638952f,110.61429385563113,61.86746693644844,250.89328071686109,88.32480416246563,0.22787082029192968,0.004567739359522306,0.4890512468893308,0.0176042395973855,0.2136276959782886,61.867467093077764,20.0115655155724,1200.0,110.0,814.5517676767677,0.2509799004147781,25.0,15.0
4cf50f29-9314-4e75-894c-636590667044,67.78637021782615,55.831414997284604,100.45110631368652,6.0339020268717585,0.184547221449758,0.01030237274056187,0.4815710725507154,0.014921164214402744,0.2560809207945925,55.83141641975246,20.0115655155724,1200.0,70.0,814.5517676767677,0.10036192065991252,25.0,15.0
4d0edb5b-caa8-4edb-93b9-dde2fc13a2a2,232.5572812362475,100.79577929749544,1053.1393377360696,591.349740937872,0.06154507365590278,0.011136263666540405,0.6409311706528831,0.01988350574173695,0.08780841817812557,100.79578416413142,25.011565351010102,900.0,240.0,678.7931397306396,2.0078392033182246,30.0,20.0
4d2726f1-25b5-4662-a9b3-f98793a12bd0,43.800668879220176,47.734785085602795,45.81738554003848,-21.027045834446675,0.27925656827398987,0.017457986631576182,0.48254753881523565,0.01344310992278528,0.39444166506479794,47.73478610914007,20.0115655155724,400.0,90.0,678.7931397306396,0.04796556947260091,25.0,15.0
4d334b52-7f73-4d63-bead-196b7ab466a5,132.2907457605835,61.51950039323809,377.6524754334169,163.44675258736157,0.31482894381444654,0.03704064796131102,0.45703975391233165,0.01702898656887618,0.2634433065780168,61.51950055282638,22.505782674242425,400.0,240.0,407.27588383838383,0.3837245557808073,25.0,20.0
4d54f13b-d66a-41dc-9cdc-a9d43539ad39,65.97038872116146,55.66147026879028,99.15049033462275,6.344091689974336,0.27998129899221375,0.00926785071561448,0.44671828920880674,0.01520039653791614,0.35176081157236855,55.66147389379152,22.517348022727273,1200.0,110.0,407.27588383838383,0.10036192065991252,30.0,15.0
4d5f3bd6-1870-4cd9-b8cc-138ea1937f1b,133.18285193210662,84.1357780009749,391.73789938263974,173.1666409702431,0.30060629996927607,0.037228870356207915,0.47198060384521245,0.01873651536200522,0.39284020625054983,84.13577658855762,25.011565351010102,900.0,400.0,678.7931397306396,0.3837245557808073,,
4d784dd6-4d72-4782-a8cc-0d38ea0bed6a,124.63012442085288,65.83180266436314,274.8369403861467,102.34731364286979,0.22966792204056188,0.004629588494507576,0.4913067970451388,0.018408460979256778,0.2113057842763604,65.83180151719455,20.0115655155724,900.0,110.0,271.51725589225595,0.2509799004147781,25.0,15.0
4daa2a2e-3f67-4873-bab1-cde726e3b161,119.51015650792178,63.55433683785123,254.01928199508563,90.80735342560051,0.15004666559491794,0.0050980414396254205,0.5122731483059764,0.017533177528894942,0.15012924686964435,63.55433319566547,20.0115655155724,400.0,70.0,678.7931397306396,0.2509799004147781,25.0,15.0
4e1e2c4a-25fd-4ae7-acdc-a185d6d74ccb,98.86801198168827,63.352162995352835,186.07338914294195,53.33586079599838,0.24792080015961698,0.00640986944553872,0.47249927343623743,0.017497271579894218,0.26985777433788455,63.352163928242035,20.0115655155724,900.0,110.0,271.51725589225595,0.16982541343694404,25.0,15.0
4e48fd1f-af78-4ea5-a2d7-2580f8a06f7e,120.87602215800912,63.367755490450584,333.066676212161,136.6772773334432,0.33857015357738846,0.035906952868465916,0.4500343317214226,0.017561973576448214,0.2737435973224838,63.367755469163214,22.517348022727273,1200.0,240.0,678.7931397306396,0.3837245557808073,30.0,15.0
4e492a45-5c95-4f93-888a-b5c059a6b8b1,75.30030991138042,58.41459306546791,115.81726197747612,16.562869431045364,0.2014763019537037,0.010195638238731061,0.47456731384027784,0.015676419027237744,0.2997848986693513,58.41459294690344,22.505782674242425,650.0,90.0,407.27588383838383,0.10036192065991252,25.0,20.0
4e6e7e16-0382-4a46-8776-b36138a0260f,95.05390272802026,62.58254719924478,177.4329744767596,48.399685150936655,0.147594154272359,0.007052995717045454,0.4983352471759258,0.017838176233047728,0.19240992654214384,62.58254847985193,25.011565351010102,900.0,70.0,814.5517676767677,0.16982541343694404,30.0,20.0
4e89d6af-0b45-4104-a9a1-9e7c10c6e5c3,179.52998721344758,83.11964849659144,611.7544936407484,308.0716551166146,0.13059084023793138,0.021964574851157406,0.5696065296063446,0.018964730758533485,0.1684249970749279,83.11964934990883,25.011565351010102,1200.0,240.0,814.5517676767677,0.8028953652793002,30.0,20.0
4e8d96d4-418e-4c8d-82ff-74fa1de12d39,75.04650082191063,58.50328271160051,115.32350223105637,15.969538723755619,0.2010018706021675,0.010145572740393518,0.47497248254103536,0.015680635447971273,0.2999936255924548,58.50328408451075,22.505782674242425,650.0,90.0,678.7931397306396,0.10036192065991252,25.0,20.0
4ed529fd-ce97-473c-95c3-8a481bf4d6ed,183.0754738188598,78.99561909085322,907.5324660394531,471.76037999830356,0.11612839920256733,0.01169727291859112,0.6908298247717383,0.017112388319699204,0.1417407590944763,78.99561636590127,20.0115655155724,1200.0,400.0,407.27588383838383,2.0078392033182246,,
4edc635d-a903-4bbf-aadd-db0f8ec7d6af,71.38928959725405,56.444405223865026,112.79599483866612,14.359715605619161,0.23581786631029036,0.009584818171201598,0.4561390443298611,0.015518108852190285,0.34171891507564817,56.44440543962356,22.505782674242425,1200.0,110.0,814.5517676767677,0.10036192065991252,25.0,20.0
4edda7f8-a152-4863-8e18-4465ea2535f8,126.95066830076658,65.87803702305081,287.57819550221797,111.76135571425014,0.19531546503998315,0.004735784820854378,0.4955591965390887,0.018546413023331647,0.2073404455071668,65.87803773284979,22.505782674242425,650.0,110.0,407.27588383838383,0.2509799004147781,25.0,20.0
4ef4eff8-f14b-4236-a4c8-aedff627cac6,121.75566456726776,62.37556722537364,336.59493519416037,139.343310613992,0.3514492988185502,0.03541466469848484,0.44302821870704967,0.01749954553952208,0.27314805689251725,62.375565944787105,22.517348022727273,650.0,240.0,678.7931397306396,0.3837245557808073,30.0,15.0
4f12a08f-6ed4-4dea-b521-0ca795951ca2,71.76132291382957,56.64101052761451,110.66581266731252,12.956108874744968,0.27005744710984847,0.009556955946980217,0.45092775789688555,0.015580366831137523,0.3450898066568811,56.6410111435832,20.0115655155724,650.0,110.0,407.27588383838383,0.10036192065991252,25.0,15.0
4f2d9215-012c-4315-bad3-ce8c464f369b,90.16575249939251,59.691843255884955,173.9386701032345,45.74022489827689,0.24569403278025043,0.006361805180818602,0.47039272257328485,0.016888472464464944,0.27069267574249145,59.691844364814216,20.0115655155724,1200.0,110.0,814.5517676767677,0.16982541343694404,25.0,15.0
4f3447fe-c355-48fe-a181-df94847648f7,43.16654212516576,51.909602804100565,40.30322078365728,-23.093049604636885,0.29722248961300507,0.015647714273137624,0.44812428674547555,0.012832249741344955,0.4573784803890624,51.909602781648736,25.011565351010102,900.0,110.0,814.5517676767677,0.04796556947260091,30.0,20.0
4f5fc497-f156-4744-af9a-1615b16c36de,73.182704396463,57.470462570816196,114.6203537979436,15.826413454281067,0.23626629260058923,0.009624857159185604,0.45714801058712123,0.015635910997389632,0.342045819522516,57.470462204567774,22.505782674242425,1200.0,110.0,407.27588383838383,0.10036192065991252,25.0,20.0
4f954375-042c-40bc-9814-621d5baaae43,178.85072082288897,82.89778902248656,651.9152735446899,315.3510513874347,0.1918559065087858,0.023484199733522722,0.6180594700183608,0.018675749781450854,0.21435072905602537,82.89778785847616,20.0115655155724,400.0,320.0,407.27588383838383,0.8028953652793002,,
4f96b86f-5c4a-4563-baf6-77435b680cc3,93.886538606753,62.489037437355044,179.40026655793645,50.092227662552425,0.185267748160564,0.0067797522138362785,0.48482588935332493,0.017920509661051163,0.23351420201948023,62.48903803290459,25.011565351010102,900.0,90.0,814.5517676767677,0.16982541343694404,30.0,20.0
4f9eecc2-16f9-434f-b71b-8fc6ec4c2f74,115.74109602743768,52.30898797289497,518.2808381469138,240.40317534247077,0.1620650683415404,0.015712050098701597,0.6082367357978535,0.01224062038633307,0.20306685788150078,52.30898740391865,22.517348022727273,400.0,400.0,271.51725589225595,1.3586033074955537,,
4fa075af-4be4-4f98-9660-7590c177959b,91.098158165569,61.51378630629244,166.7405183615382,42.519077725465976,0.2158076622968224,0.00662981818739478,0.4811585791846591,0.017126670300703868,0.2381099607399262,61.51378424898877,22.517348022727273,1200.0,90.0,407.27588383838383,0.16982541343694404,30.0,15.0
4fe1225f-0972-49c0-a755-d8ff976aeea5,124.96855111866105,67.48902762375859,272.08098579435426,104.5127947299029,0.17086083319960016,0.005010789727104377,0.5029817783613741,0.01888882445920147,0.18316794272488468,67.48902831991703,25.011565351010102,400.0,90.0,407.27588383838383,0.2509799004147781,30.0,20.0
4fe9ebf8-bd78-455e-a54e-45616c8100ed,139.88426355913367,76.7076203876045,401.9842114175854,173.9237249408361,0.2918749653155513,0.03892330699236111,0.4898611513618582,0.019125673118097968,0.33139873739833986,76.70761957240484,22.517348022727273,650.0,320.0,271.51725589225595,0.3837245557808073,,
501a621f-567a-4b71-a5a1-9a6149604c2c,240.17202407415778,100.01908247259182,1052.6498998997959,580.6196066991004,0.049762911961047984,0.011939345176536196,0.7114609386166666,0.020824520611881555,0.059884200850869866,100.01908012924206,20.0115655155724,650.0,160.0,814.5517676767677,2.0078392033182246,25.0,15.0
50457700-ebcd-4692-8088-4641023e6b4a,175.96303216386454,93.52537875860718,638.8017125776621,320.7924518455287,0.20412153237058084,0.0219532494010101,0.5764571045853536,0.01966264332385842,0.2625920697234315,93.52537831027323,22.517348022727273,400.0,400.0,814.5517676767677,0.8028953652793002,,
505cf71a-52d3-4a32-bbde-ee7446fa22d7,236.9603283261159,97.76481357216976,1041.5698583266726,572.0651471275454,0.05101878317274831,0.011977505142655727,0.7116715869855323,0.02046860251929138,0.059968805458564145,97.76481431218686,20.0115655155724,900.0,160.0,678.7931397306396,2.0078392033182246,25.0,15.0
50625f1e-727a-4843-a5f7-1688cbc5853f,41.401858493736555,50.14353447114799,38.27139518652443,-25.291477905568264,0.32960407429976857,0.01530325202823022,0.425616698898569,0.01255841456808405,0.45697658421427095,50.1435343877022,22.517348022727273,1200.0,110.0,814.5517676767677,0.04796556947260091,30.0,15.0
5081c34a-285b-4d37-b3ea-42a887b31ed8,214.1924953145987,101.98376823440513,840.8861581240631,446.4178486940074,0.09167749426039562,0.015661099109532825,0.6343628362730219,0.021012778774570827,0.12131978392311386,101.98376575921617,22.517348022727273,900.0,240.0,814.5517676767677,1.3586033074955537,30.0,15.0
50841df6-e167-41be-ae2a-cc9701d3aa32,70.91939306043801,56.233987312696165,107.77090690972253,11.126648989992049,0.1613479593310185,0.010445347105713383,0.4883102467768307,0.015149235385669828,0.25143261322935273,56.233987096687855,22.505782674242425,1200.0,70.0,814.5517676767677,0.10036192065991252,25.0,20.0
50901ed1-7c7c-405d-9a2d-dae0d6e37077,119.2904185838109,63.26129683097468,276.9966989163341,104.54466984331059,0.19369270486474116,0.004658022987100169,0.4936648281420981,0.018335905121570264,0.2063090107629326,63.261297263666584,22.505782674242425,1200.0,110.0,814.5517676767677,0.2509799004147781,25.0,20.0
50e0a14b-2728-4645-9960-5022b1ae603f,44.60134005067488,50.922230884893004,43.71462222968871,-22.575519859326004,0.32305586200031566,0.01597627327672559,0.42978459141151093,0.013207956226138497,0.4503057817177376,50.922234503829614,20.0115655155724,1200.0,110.0,407.27588383838383,0.04796556947260091,25.0,15.0
50fddd87-1e7b-45f3-99ce-091592be74f0,153.3125885122184,69.73181050258752,687.1173477697092,343.36700726840826,0.1439658112573653,0.015488173494707491,0.6073013169552716,0.014967564140856019,0.19248186324075425,69.73181027387253,25.011565351010102,1200.0,400.0,271.51725589225595,1.3586033074955537,,
510f4794-ecaf-435a-8ad2-1f6029a26e54,126.29985857182629,65.80789899357369,257.66706515613384,92.07492886959133,0.10965299449180345,0.005124169218949915,0.5227178697521044,0.018080789096481982,0.11109519061522731,65.80790105581522,20.0115655155724,1200.0,50.0,407.27588383838383,0.2509799004147781,25.0,15.0
51354aa1-c21d-4083-bdcb-d180aecd630e,142.66562027066863,60.11951354141419,601.1016118185644,294.8419076144763,0.11260944492200126,0.01569136403416456,0.5996869734289141,0.01351693432882655,0.12860840401274756,60.11951076838308,25.011565351010102,650.0,240.0,271.51725589225595,1.3586033074955537,30.0,20.0
5158e045-9f4f-4815-9046-65131d951d8a,127.52837924478344,82.48341032935275,365.371397902251,156.8680433510412,0.3405730136837121,0.03645461491604588,0.4621053493278514,0.01866876170936405,0.4023310363020977,82.48340948130948,22.517348022727273,650.0,400.0,678.7931397306396,0.3837245557808073,,
515da25a-b1fe-4016-bf80-764c2786ae79,203.87375549713798,92.30200114209165,887.2504105898281,456.7599526936386,0.1396011370013573,0.016285492412220118,0.6754007482851431,0.02016214412832972,0.18079544035456374,92.30200303001918,20.0115655155724,900.0,400.0,407.27588383838383,1.3586033074955537,,
5171d5f7-7a17-4ab5-8a88-db24f76f7165,182.30945186982814,78.12965003371258,754.8309214429721,375.3422037395546,0.10576408342798821,0.01693619737851431,0.6808357221568393,0.01724313448288313,0.12274211098331324,78.12965112359667,20.0115655155724,1200.0,240.0,271.51725589225595,1.3586033074955537,25.0,15.0
517f7f34-bdb3-4dbf-b6e4-32b6bb787673,229.26655300495273,102.59630226419499,1065.1498301606753,599.3475149500682,0.0820187909613531,0.010926092797937707,0.6335757466284195,0.02013036575534541,0.11350592097730676,102.59630270849614,25.011565351010102,650.0,320.0,814.5517676767677,2.0078392033182246,,
51baaec9-fd6f-46a5-a22d-93cf2cf8bf25,133.3504300508987,77.51279363863557,383.7287463874655,169.1569426383508,0.2828128840313553,0.03818718817967171,0.4772444950855429,0.018221502594229323,0.33934014688662756,77.51279485783228,25.011565351010102,400.0,320.0,678.7931397306396,0.3837245557808073,,
51ea911b-446a-49c8-ae2b-2acd2307005f,121.12028177341836,63.253221110199576,276.509908386397,105.79720384391793,0.19381111506444657,0.004841002181050084,0.4958359209060921,0.017836642851097692,0.20961324486649865,63.253219727611395,22.505782674242425,400.0,110.0,678.7931397306396,0.2509799004147781,25.0,20.0
52154a82-9b12-4c31-942a-c6c4b0daa11b,215.19267990751825,96.37811456759083,900.3529204135343,467.2892064653193,0.12338155427834598,0.016427522133101852,0.6791862541531988,0.020685668196315274,0.15078386670766816,96.37811405789975,20.0115655155724,1200.0,320.0,407.27588383838383,1.3586033074955537,,
526bac4b-6aab-4322-84e2-fa1253b710ee,170.60728548244154,68.89399384865266,671.3426805484419,337.21445106783136,0.09227652561144781,0.015849738631386785,0.6114631595195812,0.016040651827362324,0.08638427980870951,68.89399575582313,22.517348022727273,400.0,160.0,407.27588383838383,1.3586033074955537,30.0,15.0
526f1a40-b770-4076-9d3e-07b97a28eb02,100.90328687646945,63.02417880166633,195.86056575746034,60.457009509057244,0.2127026816133207,0.006609464283606902,0.478425846629998,0.017588041951675102,0.26519237338342033,63.02417723766245,22.505782674242425,650.0,110.0,407.27588383838383,0.16982541343694404,25.0,20.0
52821c80-4c08-4609-ab47-0ce04090d2fe,137.9917496333459,59.82538161521257,361.5671160491997,156.13901169932456,0.23199544684438134,0.0391085901520202,0.46799571151222646,0.017476007705789057,0.19516180103744174,59.82538255216744,25.011565351010102,400.0,160.0,271.51725589225595,0.3837245557808073,30.0,20.0
52883f04-1fe8-4401-a577-0a8adcd6e06f,70.66533974776137,54.31524952140517,107.49742498490819,11.489449117103614,0.2266517279243477,0.010315769427882997,0.4711290184568603,0.015066274704142226,0.3018472173319811,54.315248482614805,20.0115655155724,400.0,90.0,407.27588383838383,0.10036192065991252,25.0,15.0
52a533de-a83e-4f95-8c81-0c6c8d0da09b,148.0096481425249,67.11538380564402,568.6935103991524,267.3553499159657,0.19492453974915824,0.024100697534122476,0.6331457125021358,0.01650993171731345,0.2558302233413022,67.11538488499588,20.0115655155724,400.0,400.0,271.51725589225595,0.8028953652793002,,
52d455f6-9b47-45b0-986a-8fd9658f7165,116.42295759358265,62.068861018028656,244.79548765477213,84.51481194919836,0.10849096727852484,0.005124474418150253,0.5214615544750105,0.01745602081277002,0.11118077849988246,62.06886021495052,20.0115655155724,1200.0,50.0,814.5517676767677,0.2509799004147781,25.0,15.0
53071b97-2eb4-4efb-9fba-fb8f0f073e48,43.26609437451274,50.5863866582943,41.48053410560812,-23.856343548354282,0.32275889267476854,0.01582694586447812,0.42647640034175077,0.012853639103923807,0.4529267904220833,50.58638406884239,20.0115655155724,1200.0,110.0,814.5517676767677,0.04796556947260091,25.0,15.0
5339e401-9627-405d-bb2a-104822f94d9e,130.44020125772562,80.3198350338346,389.94244138732483,172.12597533292907,0.2994189946936027,0.03762578813587963,0.47935158575508197,0.01854726496315048,0.3893221363145765,80.31983331400147,25.011565351010102,650.0,400.0,814.5517676767677,0.3837245557808073,,
538ac339-b697-4668-9284-dd67cb7c9263,120.51689327155796,64.1459723879342,250.59115723468094,88.10750018935471,0.10937954183817339,0.005176382245275673,0.5226645137437922,0.017699363470420018,0.11198996984293014,64.1459741380475,20.0115655155724,650.0,50.0,814.5517676767677,0.2509799004147781,25.0,15.0
53c0fe98-4d01-4c2f-8dec-fc3e911f59c5,204.78346403979745,100.16066838964903,762.6698684456086,384.05717870034675,0.2093729511838173,0.023332568267739894,0.6385253975030829,0.021996010567018016,0.24764327968889877,100.16066870351213,20.0115655155724,1200.0,400.0,407.27588383838383,0.8028953652793002,,
53e1f13b-8a33-4da0-b5fd-ccc5be5338cf,129.8204451233847,62.48120788027071,336.65313721470466,139.62772996670722,0.27966162489609636,0.03791444599583333,0.46382634291467806,0.01735813116710328,0.20205040380019568,62.48120893711149,22.517348022727273,400.0,160.0,814.5517676767677,0.3837245557808073,30.0,15.0
54325680-4d5a-4238-8e2b-ec066332a039,125.23514598531622,64.25290975892321,274.70201659535445,103.0900243790952,0.12724042024421295,0.004996698520949073,0.5139981165051556,0.01828987866868122,0.14351066805117013,64.25290902925558,22.505782674242425,900.0,70.0,814.5517676767677,0.2509799004147781,25.0,20.0
543ba6b8-61ce-4cf0-b184-d4bf108b675e,245.5793080689026,95.34436778862549,1082.5580890344095,609.0497408944727,0.0433553317386995,0.01162050625602904,0.6849053076577651,0.019406616686933956,0.057550987368222534,95.34436750918559,22.505782674242425,1200.0,160.0,678.7931397306396,2.0078392033182246,25.0,20.0
54488881-369e-43b7-9568-0832f6f23717,46.18817748879024,51.27270385316237,47.05182094754045,-19.58937705625985,0.2902885724464436,0.016423279950704965,0.46055560424915826,0.013319363419252737,0.44672713716486306,51.27270432634422,22.505782674242425,650.0,110.0,814.5517676767677,0.04796556947260091,25.0,20.0
5451667e-22ac-4e6e-bd00-fa87fef56dc0,181.43521401907816,81.92374319175151,797.3238469214158,413.78717943602845,0.1442843120501368,0.01535103535981692,0.6161485977370686,0.0174266653559894,0.18502277787105292,81.92374441339958,25.011565351010102,650.0,400.0,407.27588383838383,1.3586033074955537,,
545d9203-1065-4796-8abd-02044def6cb4,181.09799680931445,73.95388982734033,587.9583808445689,288.9469862183573,0.13541779724551767,0.022318577272569445,0.5642549079102799,0.018344874991992034,0.11937805383148647,73.95388989860716,22.517348022727273,400.0,160.0,678.7931397306396,0.8028953652793002,30.0,15.0
54703c4d-cc7b-4f0f-9b77-58ee417f2dcd,154.20685870441704,86.36476832110607,476.2553222000021,215.16892330120365,0.2643954324218224,0.04074549871060606,0.522599099920665,0.01952626832008641,0.3703435980935852,86.36476924694325,22.505782674242425,900.0,400.0,271.51725589225595,0.3837245557808073,,
549706b9-4147-41f9-9eb1-cca4bf3fa7ec,114.25356775173579,62.339896594272304,256.66368874924007,92.51646885952314,0.22817124590840698,0.0047169521128367,0.49101840817355846,0.017519134535380128,0.2151982220462424,62.33989585217967,20.0115655155724,400.0,110.0,814.5517676767677,0.2509799004147781,25.0,15.0
54b3949b-b93d-435f-84fe-61f7cfa6deb0,71.816622167856,59.33391194433408,110.00068510738214,13.885988524167612,0.24690971949400253,0.00959838863705808,0.454609369545139,0.016130168129858784,0.34913629164218585,59.333912244265896,25.011565351010102,650.0,110.0,814.5517676767677,0.10036192065991252,30.0,20.0
54bd7553-2ccc-41ac-804e-9ba0d32dab9e,127.91547213095491,62.624791725437376,332.7516709195872,136.74468620328994,0.2773191058184975,0.037645979106523564,0.4628229898680134,0.01753580268167731,0.20129052624578672,62.62479387276224,22.517348022727273,650.0,160.0,814.5517676767677,0.3837245557808073,30.0,15.0
54f563b0-5abc-4dd7-a5f7-802f89f24562,147.57692441900846,59.91372916692501,737.9706385422948,363.597943247339,0.1031363426610059,0.012069390449610688,0.6965519841748107,0.013918136570079894,0.12175274618581124,59.91372768310179,20.0115655155724,1200.0,320.0,271.51725589225595,2.0078392033182246,,
550c78d9-5947-4c79-a542-5683b873bd21,101.65422617854651,65.92174955903438,174.20319894186824,46.96059345809297,0.1278297391524937,0.007274803095801767,0.5128797263438553,0.017715547136575485,0.1491541239653184,65.92174880452036,22.517348022727273,900.0,50.0,271.51725589225595,0.16982541343694404,30.0,15.0
554fe41a-e614-4eb4-9e12-2d13b7beb1f9,42.67367358996137,51.439888355226046,40.9765428666799,-24.41773380274917,0.2818061618531146,0.016638357382765156,0.4556415144421295,0.012842015736776654,0.40612040263412913,51.439890653193544,20.0115655155724,1200.0,90.0,678.7931397306396,0.04796556947260091,25.0,15.0
5581d473-a02a-4b8d-a38a-2b9c161af34d,121.7617409257675,60.96054917799717,338.6027718979507,140.77741565292288,0.35703875183680556,0.03558704217748316,0.4434496814982639,0.017210813822588614,0.273217157094967,60.96054757033769,22.517348022727273,400.0,240.0,678.7931397306396,0.3837245557808073,30.0,15.0
559a1aa4-9f51-4627-82f2-67a24ddc7041,162.43107733734658,70.86154558061412,637.3947521824916,308.6478981149847,0.20391223726225802,0.02259428527739899,0.5860082026578914,0.016358491679930844,0.24633079562630675,70.86154607272034,22.505782674242425,650.0,400.0,271.51725589225595,0.8028953652793002,,
55f99718-1558-4a15-96d9-bb9c541bc859,239.75058271680206,108.00337626887544,960.2233599444335,522.6855633245292,0.07728911974572812,0.01623281900852273,0.6671815038816813,0.020926642874820503,0.11587747128714732,108.00337631131379,22.505782674242425,900.0,240.0,814.5517676767677,1.3586033074955537,25.0,20.0
55fa7ac4-5103-4d16-859b-eec6dc52c418,116.06878228968516,62.754108460787386,248.7402853314268,86.9748772600557,0.14962291790952228,0.004930472907354799,0.5099392950289352,0.017597392678976538,0.14865904499541513,62.75411043302994,20.0115655155724,1200.0,70.0,678.7931397306396,0.2509799004147781,25.0,15.0
560c35dd-6dda-401b-b813-9585193bd24c,99.27825213120498,64.71987657113131,184.59779046677315,55.031053311887135,0.18700389241066917,0.006975583650294613,0.48833525760006313,0.017906300924346048,0.23600307096337722,64.71987609946065,25.011565351010102,400.0,90.0,407.27588383838383,0.16982541343694404,30.0,20.0
5625d422-53fc-4830-8064-cd1f0b2dfe87,144.58986841844876,59.90324755378391,508.04007040860705,235.74542010149807,0.1778936594776831,0.022729550753419613,0.5710385070654883,0.014959888612888963,0.17520474173149467,59.90324721068161,22.517348022727273,400.0,240.0,271.51725589225595,0.8028953652793002,30.0,15.0
562ed6a4-50d1-4f2b-a811-8d95b8849bf2,71.84166709524979,57.76810944265329,110.40393568301255,15.302531512417024,0.24517009479724322,0.00986776427723064,0.45883889718844695,0.01584682770414431,0.34800617401904127,57.76810924450503,25.011565351010102,400.0,110.0,678.7931397306396,0.10036192065991252,30.0,20.0
5639e425-b441-445f-a441-9ae874551210,232.4323124614105,105.26097764427367,1006.8176566153978,543.2912244505452,0.12129863475225168,0.015726336808122895,0.6468644139904356,0.020949572333063562,0.1747209640262123,105.26097786742332,22.505782674242425,650.0,400.0,678.7931397306396,1.3586033074955537,,
56516b0c-96d0-4acd-adc4-7d574b22af66,97.55063241621549,62.4430428543829,173.22288507896437,45.141537704381655,0.12099008826334173,0.007316209347695706,0.5135388289255051,0.017005886196847984,0.14740610446919852,62.44304383173904,20.0115655155724,650.0,50.0,814.5517676767677,0.16982541343694404,25.0,15.0
567afee4-cfc8-429c-a2e1-fae426b42192,153.9739493345529,71.76054324234524,685.6184060861178,336.9060463154827,0.1558175621655619,0.015809217988436444,0.625518087790625,0.015741254158652643,0.19426961363483722,71.76054320926498,22.517348022727273,1200.0,400.0,271.51725589225595,1.3586033074955537,,
56a9cea5-23a7-4a0e-a8b1-4d7a50174f5b,128.07015618699867,63.156104293078506,361.05438816131493,156.5708524123042,0.33240282432712537,0.0359597596907723,0.44591420213574284,0.018041158072228874,0.2688678844134365,63.15610559172639,25.011565351010102,400.0,240.0,678.7931397306396,0.3837245557808073,30.0,20.0
56bab9dc-dc42-4990-97d7-e345a396bd73,66.49417984266968,56.688458208081514,97.43276348961443,4.790137731483006,0.19145963999647514,0.01025426702768308,0.48175624303282827,0.01508750259804651,0.25940762190600986,56.68845638313914,22.517348022727273,900.0,70.0,814.5517676767677,0.10036192065991252,30.0,15.0
56c159a1-795e-4aa1-83e7-17eb3c74fc72,93.39767103011046,63.205039770640944,175.23878552519503,47.90725251513582,0.26079233928598483,0.006387094463625842,0.47014615511263685,0.01751980470627884,0.27527908923355116,63.205037803315925,22.517348022727273,650.0,110.0,407.27588383838383,0.16982541343694404,30.0,15.0
56c74c40-1719-4dbf-bdcc-69188155e1b0,159.98798322346022,56.26346511354852,533.376641551432,257.47297680652883,0.18976537465486107,0.020636472652367423,0.5058125087535774,0.0159213180975533,0.11766189740302867,56.263463122699385,25.011565351010102,650.0,160.0,271.51725589225595,0.8028953652793002,30.0,20.0
56ec5ac4-628b-4480-a0fb-61b6f5465ebd,103.47584105307016,67.20821482087973,194.24775420771735,60.669519013901954,0.22492244021122682,0.006522281586784511,0.47447348470391415,0.01877499241357304,0.2698196478828127,67.20821565253895,25.011565351010102,900.0,110.0,271.51725589225595,0.16982541343694404,30.0,20.0
56f2479d-b4cf-45ff-afae-0d4594c8ed7b,118.81109076250378,62.70337211976926,258.36012771135654,93.49968540249981,0.18901509694257154,0.004938878868665824,0.5016388794748526,0.017505937062728884,0.18333523057206333,62.703371361933826,20.0115655155724,400.0,90.0,407.27588383838383,0.2509799004147781,25.0,15.0
56f63241-26b1-4521-a700-a846f7b01f69,122.48552259903195,76.94252868229167,341.3007419549618,141.68661862018558,0.29256594914320283,0.038192425665835444,0.48203496477150676,0.01763459321507603,0.3494957989308683,76.94252745042401,22.517348022727273,900.0,320.0,814.5517676767677,0.3837245557808073,,
56ff827e-388d-414a-ae87-a6758c446a94,234.28092491772418,96.10884504947612,1025.939666116261,578.803578237505,0.04578802439508628,0.011190573972643097,0.6479801702822916,0.019963922131692916,0.05922218911493655,96.10884289082041,25.011565351010102,1200.0,160.0,814.5517676767677,2.0078392033182246,30.0,20.0
5703ec1b-f4f5-4b4c-8e87-b9bb176458dd,133.3491333901208,68.09456531427138,373.5978860889021,162.6183228821774,0.32787654504129843,0.03617776008439605,0.4532467464884996,0.01879249560381071,0.2684535728412682,68.09456594549873,25.011565351010102,650.0,240.0,678.7931397306396,0.3837245557808073,30.0,20.0
5727cc91-3fec-4ed0-b00b-5a6b6545ac74,234.53798192561135,102.87277717337548,1053.138653528345,595.214514302737,0.06412780481064814,0.01105264059648569,0.6441173308265992,0.02034298120263722,0.08733793858879658,102.87278029012622,25.011565351010102,1200.0,240.0,814.5517676767677,2.0078392033182246,30.0,20.0
578bdd88-f46a-4587-a885-352bf97d3fe9,116.59133076600077,51.35426417318263,601.3071069069231,288.4210324694391,0.13824999314896888,0.011427995263603746,0.6408299380057976,0.011621358963580868,0.15737380344565316,51.35426294623515,22.517348022727273,650.0,400.0,271.51725589225595,2.0078392033182246,,
5825469c-846e-4fce-b824-c31ea23b5dde,223.11279124753548,111.36833340017466,942.8810431458253,500.27528226266594,0.14869545679306606,0.015792302876843436,0.6608664012418559,0.02238376460294482,0.1841355642656008,111.36833533733095,19.930023716498326,1200.0,400.0,673.8741582491581,1.3586033074955537,,
58352181-fa19-4c9e-97a2-49b7f45787a3,68.2525152979276,51.82601358771144,106.61455885269669,11.03707735168852,0.26470886512952446,0.009928154412752526,0.4545476860247264,0.014816807505357969,0.34286878209388955,51.8260136969318,20.0115655155724,400.0,110.0,271.51725589225595,0.10036192065991252,25.0,15.0
584a9f5e-6923-440d-9bb0-473d91d7fbff,44.535422082499146,52.443635124976765,46.6002575637538,-20.94766857970368,0.18702131383733164,0.01943876993229167,0.5680995274789562,0.013803997001646806,0.27197423053833,52.443635112336565,20.0115655155724,400.0,50.0,271.51725589225595,0.04796556947260091,25.0,15.0
58658c39-39d7-4715-89ea-e3136852d854,215.32977658823697,95.85668070665783,1040.39945141117,577.1163720267783,0.10062708604147728,0.010904071944160354,0.629455804934217,0.019064543438800294,0.13806028071558557,95.85668290070628,25.011565351010102,400.0,400.0,814.5517676767677,2.0078392033182246,,
5867d780-51e6-4646-a48f-91c6a5a810bf,132.2880102033319,59.216173691990484,673.6178364633412,330.4608575494951,0.12990288275427184,0.01134756512236006,0.6384806144542403,0.012884869423625349,0.15429427783764624,59.21617537362348,22.517348022727273,900.0,400.0,271.51725589225595,2.0078392033182246,,
58ec8bf1-bb47-438f-8f8c-d752e842501c,120.96482110613039,63.677624601376145,335.1734431715978,137.96330295893858,0.3399925705833333,0.035915217833754204,0.4500544334461385,0.01759772734477418,0.2739847935648438,63.67762275789526,22.517348022727273,900.0,240.0,814.5517676767677,0.3837245557808073,30.0,15.0
58f47d82-f3c8-4850-ad87-9b6c718682af,121.76673055675265,64.53116569908734,279.5369757722236,106.68245095020976,0.19498210633580598,0.004712433152556819,0.4946755061840804,0.018317114502623133,0.20805974466302346,64.5311650378814,22.505782674242425,650.0,110.0,814.5517676767677,0.2509799004147781,25.0,20.0
59023acc-f150-44f9-8476-0f15d0237d0b,177.48937472456385,75.51625296771334,723.2526143595678,365.5639385956683,0.10950878088429082,0.015991804385974324,0.6302016348862689,0.01697923954492778,0.1228156701794288,75.51625153730483,22.517348022727273,400.0,240.0,407.27588383838383,1.3586033074955537,30.0,15.0
5905fae6-18e0-417d-b547-348aef8c9335,124.22027174678789,61.70853275339626,348.17235176685426,144.68842546346104,0.3549902315498212,0.036198561331250004,0.45148562473019777,0.01692253376074287,0.27199220497325644,61.70853352604928,20.0115655155724,400.0,240.0,814.5517676767677,0.3837245557808073,25.0,15.0
5916a317-26a8-405e-8b11-d1946c96f03a,229.51810806266852,92.96482690581584,1014.1480207753848,549.5664548022685,0.04926716940101009,0.01209469630574495,0.7160543080036195,0.01962443028876773,0.06021073421111663,92.96482536869311,20.0115655155724,400.0,160.0,814.5517676767677,2.0078392033182246,25.0,15.0
592c8915-6819-4251-bfe8-4aa4759fb8c9,148.5593818186221,65.33161358244958,388.4592271451834,170.23359175927263,0.22951480675036828,0.03843621906359427,0.46923488512328493,0.018237750856960697,0.19009032236791354,65.33161239896408,22.505782674242425,1200.0,160.0,407.27588383838383,0.3837245557808073,25.0,20.0
5951cbcb-3670-4b06-95da-3d0d9f2aac5f,71.56523059925222,59.50876858702804,103.2570992895979,9.577969074492799,0.16925783177746212,0.010379910979419194,0.486287554253893,0.015705308061208085,0.25850961505142506,59.50876838113267,25.011565351010102,1200.0,70.0,271.51725589225595,0.10036192065991252,30.0,20.0
597496cc-5f02-44b4-9763-fe19e982bbec,110.95952238320517,64.11471147195218,248.17084203298955,87.47927047874326,0.2418939565547664,0.004602673539941078,0.4880856561699074,0.01807006036451638,0.21756022010337414,64.1147122524204,22.517348022727273,650.0,110.0,814.5517676767677,0.2509799004147781,30.0,15.0
597a89ff-4d01-426a-9b86-e0a70f126663,191.97913010824698,86.20080364190198,649.9620645448433,322.0249848204526,0.1586108746672559,0.022198508060858588,0.571026363117603,0.019703464602714896,0.16917865976407753,86.20080522155693,22.517348022727273,900.0,240.0,407.27588383838383,0.8028953652793002,30.0,15.0
59938ad5-9592-4ec8-a2ca-ef15c90edc57,117.46415445419225,62.29046904164692,326.68532805223145,133.08985499016137,0.3378160152009154,0.035889180232218015,0.4491679392847432,0.01733984650043353,0.2743338012160789,62.29046953962839,22.517348022727273,1200.0,240.0,814.5517676767677,0.3837245557808073,30.0,15.0
599bf785-ed04-4e81-9fd0-4cdc8b4b62c7,119.51872787607647,53.86877918824011,521.2806307859295,247.09040787901085,0.12660343512416877,0.015769379178440658,0.6016365392796716,0.011746921517816018,0.17116729903359718,53.86877437269011,25.011565351010102,400.0,320.0,271.51725589225595,1.3586033074955537,,
5a132642-ce73-430c-829a-2445d3d19780,64.03853660980894,54.87297338489662,94.31714469080663,3.0403216915781983,0.18988863357333752,0.010235309266024832,0.4805643600370371,0.014755780213860425,0.25906929429240105,54.87297398526506,22.517348022727273,1200.0,70.0,814.5517676767677,0.10036192065991252,30.0,15.0
5a43fd07-68be-4e28-8998-795c98f24605,112.64973711527692,64.22437266620463,246.21792271073994,86.1680828345691,0.20050376707312711,0.004792527436079546,0.49823871239614903,0.01802473515387352,0.18597930623294737,64.22437387139469,22.517348022727273,650.0,90.0,814.5517676767677,0.2509799004147781,30.0,15.0
5a509e1a-44cb-400f-9d41-26c2e81bf0a1,174.18145499697036,69.69794315256617,689.083068780235,352.6874467303243,0.08234938756969695,0.01555630918979377,0.5944037993233903,0.01579259923146013,0.08567180431621174,69.69794376764553,25.011565351010102,400.0,160.0,407.27588383838383,1.3586033074955537,30.0,20.0
5a54b380-fa92-4987-a003-f6b2b85417d9,154.46911447010856,83.82535179339591,447.40866736219846,203.41605141340696,0.26848619708817345,0.03895874945761785,0.4898734035397622,0.020187838398709322,0.32472327581596877,83.8253486508896,25.011565351010102,1200.0,320.0,271.51725589225595,0.3837245557808073,,
5a821c8a-81e7-4d15-a97c-60295b90bfff,74.96429045520865,56.82363951396484,112.83514716282774,15.380118226909428,0.16239462249926345,0.01093472245770202,0.4977032856005892,0.015186417896550234,0.2510665173078886,56.82364071384083,22.505782674242425,400.0,70.0,407.27588383838383,0.10036192065991252,25.0,20.0
5a99d9c9-8e5a-4ecb-8a39-f5733178aa41,92.12291279335689,61.52341181699465,164.65218364441571,41.06340887997893,0.17160878819170874,0.0069363966675084175,0.49502380441703486,0.01704151417677027,0.196412477082927,61.52341307073769,22.517348022727273,1200.0,70.0,407.27588383838383,0.16982541343694404,30.0,15.0
5a9d2274-3a5b-4664-b937-ad4ff98e9ae9,99.57579479422904,65.01540657963155,181.90314632093737,52.66621652008304,0.1493554842824074,0.007227480821148989,0.501645955755787,0.017856128208401382,0.19489793936158942,65.01540596225678,25.011565351010102,400.0,70.0,814.5517676767677,0.16982541343694404,30.0,20.0
5ab2c718-978e-46fa-8959-3e00dd6ebfc8,225.24549550274764,99.80105492328799,899.3038401726951,487.706951326168,0.08956095337401095,0.015298794527546298,0.615696557544539,0.02121626542048334,0.11533001714726483,99.80105309467366,25.011565351010102,1200.0,240.0,814.5517676767677,1.3586033074955537,30.0,20.0
5ac7566d-1a8b-432f-b324-bcf7907510aa,98.64745046658399,60.89722802454494,186.51001749809367,53.51932678541596,0.14061477006823445,0.0070099727140361945,0.5009085843230219,0.01730699828490904,0.18706198936672794,60.89722472271926,22.505782674242425,1200.0,70.0,814.5517676767677,0.16982541343694404,25.0,20.0
5ada4536-d1bf-4635-a845-3561f1bcd279,102.92783300530925,62.21302495238604,189.63556347268707,57.01560699215704,0.14148649721790826,0.007306523748611111,0.5061582177232744,0.017077055548416167,0.1896547582514293,62.21302582103151,22.505782674242425,400.0,70.0,407.27588383838383,0.16982541343694404,25.0,20.0
5b0a31e0-9c7c-420c-bfa1-be4129ed2406,219.42340757965385,95.46440441837176,836.3635583596252,443.5154751482737,0.07922436400535565,0.01575791830078914,0.6318935022791351,0.02087267531713859,0.08246751491948584,95.46440493690056,22.517348022727273,1200.0,160.0,678.7931397306396,1.3586033074955537,30.0,15.0
5b2e6c21-dc24-4e3f-8340-1f6d1996752d,222.3668470761662,107.94485698276104,945.9284780357239,511.8569317544495,0.13194730058491158,0.014963128028745791,0.6051322673410984,0.02139837182798067,0.18182170153781876,107.9448585020034,25.011565351010102,900.0,400.0,678.7931397306396,1.3586033074955537,,
5b30c608-1edb-462f-9427-f023bb928dbc,106.33979235822848,67.16128188842902,185.0185780740315,53.775020682791784,0.10989934871012204,0.007311885399800084,0.5150265464353956,0.01850776068434333,0.14629142542887458,67.1612834192224,25.011565351010102,1200.0,50.0,271.51725589225595,0.16982541343694404,30.0,20.0
5b839f8a-5edf-45a2-9bff-1a716a412fef,117.41060785936858,65.32674511088359,248.81251970589102,88.3353361767732,0.15923049274969492,0.005071334257807239,0.5106322460961699,0.017982412625216226,0.15232504663997917,65.32674414193362,22.517348022727273,400.0,70.0,814.5517676767677,0.2509799004147781,30.0,15.0
5bad93c7-3299-4302-9dfe-02735729fe26,141.65663654948014,63.347526929771846,377.12610714878394,164.02964644926706,0.22817110550146255,0.03860999030410353,0.4694419113648675,0.01784942802468579,0.19146289086970772,63.34752748831599,22.505782674242425,650.0,160.0,814.5517676767677,0.3837245557808073,25.0,20.0
5bdb7956-79f2-4142-9bce-ed5d50530371,231.55559210185208,94.50430779465493,897.6168830834828,486.8418654842306,0.06965717087200127,0.015529265421085856,0.6210871595904881,0.02129964144632966,0.07806327499552791,94.50430760026389,25.011565351010102,1200.0,160.0,814.5517676767677,1.3586033074955537,30.0,20.0
5c070cad-5453-4109-9131-8c864b0722a6,127.56425190689018,67.1674205933075,273.3313259012073,101.4442623086713,0.19168950816984429,0.004771415162584175,0.5010633933153409,0.018553016555289455,0.1809110321062877,67.16742259311684,20.0115655155724,1200.0,90.0,271.51725589225595,0.2509799004147781,25.0,15.0
5c10b1d8-558d-42d0-94eb-522bf6d9cf4f,244.33060342634215,95.94361833409822,942.4164035690536,513.4395785801695,0.06470440805275673,0.01603504066946549,0.6575764577922558,0.020845422439348085,0.07634251343999247,95.94361814350562,22.505782674242425,900.0,160.0,814.5517676767677,1.3586033074955537,25.0,20.0
5c7680af-a274-4240-8a3e-5c71949f99c1,41.497278319496175,51.46879700991672,38.086399860160896,-25.30513153181285,0.28730413345223066,0.016127824642476852,0.4548900269683291,0.012620524856266607,0.4100008668283157,51.46879929224957,22.517348022727273,1200.0,90.0,271.51725589225595,0.04796556947260091,30.0,15.0
5cbf1a47-e9cd-4db9-a893-b6dc10e1100e,45.6448114428131,52.433780494243386,45.764130036474036,-21.414234091650318,0.2831822946583544,0.01697249823169192,0.46532264881660346,0.01367660172744422,0.4014763552757116,52.43378015922565,20.0115655155724,650.0,90.0,678.7931397306396,0.04796556947260091,25.0,15.0
5ceec1c5-c666-48bb-9dd3-98b9cca418a1,114.28377887519021,64.29011786272078,243.96461064380813,84.62499915948263,0.1584829206888047,0.004988140787257998,0.5090560832427926,0.017966302821252368,0.15149647323492135,64.29011627711799,22.517348022727273,650.0,70.0,814.5517676767677,0.2509799004147781,30.0,15.0
5d29b749-1a91-442b-afad-0c1f29f7bc60,92.66518009085023,60.096014331849176,170.3645612141353,43.57074285865,0.1635851553533039,0.006937085586458333,0.49635435074010953,0.016751411963695687,0.1929604710776417,60.09601574732103,20.0115655155724,1200.0,70.0,678.7931397306396,0.16982541343694404,25.0,15.0
5d5b732c-5191-4fc5-833c-0aa75af3d4a6,154.47416661752447,68.94245104950518,397.34434375633947,176.33792534825554,0.24262394279797983,0.03831756676561448,0.46726885425072606,0.019525056658534858,0.19200807856461852,68.94244923009005,25.011565351010102,1200.0,160.0,271.51725589225595,0.3837245557808073,30.0,20.0
5d855d77-d4cf-464f-a3cb-9d8603f16b5e,145.31546211140753,56.317762360356305,679.1629936740071,331.4289180645615,0.05373636069282409,0.012623225012342174,0.721248221286974,0.012999469255255544,0.06633776514792399,56.31776443181463,20.0115655155724,650.0,160.0,271.51725589225595,2.0078392033182246,25.0,15.0
5d8edbc9-11b8-40c7-888a-482be002b231,199.58177599937972,86.34643744574318,690.9977539115806,351.33363443005067,0.1295577999058607,0.023354192844486532,0.614092454068487,0.018873156595173517,0.16364186321481727,86.346436861094,22.505782674242425,400.0,240.0,814.5517676767677,0.8028953652793002,25.0,20.0
5da7ff7f-1f60-4b6c-9534-7685cb91ee16,108.39403527598897,68.34729786967891,188.74667519915516,56.7803090780706,0.11061729032270622,0.007406968117340068,0.5168447983737373,0.01857527044270584,0.14678640177832594,68.34729761774668,25.011565351010102,650.0,50.0,271.51725589225595,0.16982541343694404,30.0,20.0
5db33c67-33ac-4055-a0d1-8dab3d826944,110.6706104055744,62.28324119414751,237.3075391437648,80.54455625558795,0.15688527995627105,0.004957592822779882,0.5079999558479061,0.01774331426002106,0.15079592057907953,62.28323964822153,22.517348022727273,1200.0,70.0,678.7931397306396,0.2509799004147781,30.0,15.0
5dc0a2b7-3cc0-4def-bd12-0b107f808987,45.19996180722982,52.80674505084663,43.48658143428607,-21.06427769048968,0.29809910952598906,0.01586559765088384,0.4552582674974748,0.01340914177880392,0.4544573356274264,52.80674725883559,25.011565351010102,650.0,110.0,678.7931397306396,0.04796556947260091,30.0,20.0
5dcb71b9-1ee6-499a-b28e-7d7d9b36444d,71.80956179017667,58.627523302292275,104.76640139593736,10.164774786134675,0.19339247416314187,0.010577311218844697,0.4885470445026304,0.015552941975531868,0.25843284733787747,58.62752272596676,22.517348022727273,400.0,70.0,407.27588383838383,0.10036192065991252,30.0,15.0
5defb4b5-64d5-4eb3-b638-03b44c6b88d6,114.99695540357553,63.52867029229509,238.58883112678714,81.29053624321315,0.1143923674272201,0.005170253198484848,0.5204991573365951,0.017818853758822698,0.11331948919608316,63.52867077870133,22.517348022727273,900.0,50.0,678.7931397306396,0.2509799004147781,30.0,15.0
5dff87a3-2cfe-49b3-8bfd-cb32dfb7ceec,242.16069578268198,99.3054819146461,980.5584396974931,529.1037161625352,0.08351688518354378,0.016256052712257996,0.664903037785722,0.02066462197064444,0.11159249533811477,99.30547833475691,22.505782674242425,650.0,240.0,678.7931397306396,1.3586033074955537,25.0,20.0
5e07d864-a792-472d-92f1-fa3303d01526,121.51334070952674,66.81408277894046,253.10560228480324,90.48521528688441,0.15957541707093853,0.004958064163920455,0.5093773679011995,0.018473957762476557,0.1507906880166498,66.81408128344363,22.517348022727273,900.0,70.0,407.27588383838383,0.2509799004147781,30.0,15.0
5ea1b64c-2d5c-4dd3-9636-cca3d12547df,70.45832846357797,58.48363389180019,104.392929907786,10.371281620465751,0.2830562002800926,0.009286103548800504,0.4485580348542193,0.01564080811835811,0.3517063174703651,58.4836324680709,22.517348022727273,900.0,110.0,271.51725589225595,0.10036192065991252,30.0,15.0
5f5a53ff-1876-408e-b855-ab44970b759b,40.96411227370809,50.219732045617604,37.467383727425606,-24.935643170219567,0.2951963695212542,0.015523544380650253,0.44517814421790824,0.012264496572789234,0.4584976371410858,50.219734355734694,25.011565351010102,1200.0,110.0,814.5517676767677,0.04796556947260091,30.0,20.0
5f63f030-7b6a-4ebc-be3d-0d016a360350,143.479072712084,57.065037672551945,675.9283245965969,339.4880273280317,0.05061220243257575,0.011694011747453702,0.6427892652716751,0.012384366422668564,0.06717247616543154,57.065040614509655,25.011565351010102,650.0,160.0,271.51725589225595,2.0078392033182246,30.0,20.0
5f640067-f30a-49be-96c5-35b5119bb0c6,237.51379137117925,113.85260920242494,942.6915801460566,501.5364977960507,0.09761708821731901,0.01649564869667508,0.6833229191894571,0.022532983349850703,0.1205844604656086,113.85260943865715,20.0115655155724,650.0,240.0,814.5517676767677,1.3586033074955537,25.0,15.0
5f87a27b-79bb-4c8a-85a7-da2148a3d1b8,40.244316185759374,51.34767406952526,38.478214407635875,-26.042013143831,0.2357684004627525,0.01748423659443392,0.4892803896797138,0.01244421690389263,0.35048364663146403,51.34767342636392,20.0115655155724,1200.0,70.0,814.5517676767677,0.04796556947260091,25.0,15.0
5f90fc93-6a71-466d-b7d2-f17f040d955b,43.307107163177065,52.16687272901959,39.52108221149493,-23.46754699311459,0.29730806183627945,0.015578342823495371,0.44673697329335016,0.01272841053394274,0.4583655877504143,52.16687308509703,25.011565351010102,1200.0,110.0,271.51725589225595,0.04796556947260091,30.0,20.0
5fb80563-7190-4bfa-a758-1f30de002fc4,215.02102548764972,91.33244836200782,824.8155341777745,433.3003908639477,0.08549196097083334,0.015811511447979803,0.6299573214818919,0.020010105557947938,0.08312492700619088,91.3324485725815,22.517348022727273,400.0,160.0,678.7931397306396,1.3586033074955537,30.0,15.0
5fd35d11-fc19-4b5e-83b3-51f23694055e,190.49280779218444,73.35970721693232,904.0968518577225,477.4007129900713,0.0679221699751473,0.011859762910711277,0.6867364603736321,0.015424740199022556,0.08819538647416657,73.35970643744106,22.505782674242425,650.0,240.0,407.27588383838383,2.0078392033182246,25.0,20.0
5ffc2647-67d2-4d01-b93c-0a8c1ea964b7,102.42402426683965,63.32577868042502,193.98041888665912,58.964668144759905,0.17811619326830808,0.0068574393513678444,0.49008344612489485,0.01755540874696393,0.2290943266131791,63.325777821076365,22.505782674242425,650.0,90.0,407.27588383838383,0.16982541343694404,25.0,20.0
600664af-24ca-4a84-877d-d835478e8389,127.966885943692,53.01027192891379,533.1463589804262,250.30357067884154,0.11365613410078912,0.01613430898598485,0.6189474489253262,0.012626456530376863,0.13090132885325392,53.010271571859036,22.517348022727273,400.0,240.0,271.51725589225595,1.3586033074955537,30.0,15.0
603ee63d-2712-49b8-a39d-0988b89ea110,43.81093208804495,52.180515973991035,42.609384389784296,-23.512562912425192,0.28255225242792503,0.016725788504513887,0.45785820525189386,0.013164220043648396,0.40517327282949506,52.18051477245436,20.0115655155724,900.0,90.0,814.5517676767677,0.04796556947260091,25.0,15.0
60b0b899-ea2e-4589-8af3-19ec9319e27e,194.74687099253856,72.64375388957768,771.1728182421194,396.14859334892253,0.07172252361200547,0.016306944550252524,0.6404802929023043,0.01624928077490849,0.08100772150060866,72.64375107234777,22.505782674242425,400.0,160.0,407.27588383838383,1.3586033074955537,25.0,20.0
60da52db-07df-4eb4-a341-6d1ba3e84cb4,40.713062161941245,50.88672079607112,37.41201094786819,-25.945917677396256,0.28705254474515995,0.016096823783249156,0.45411128809480217,0.012489852223394209,0.4101711920377333,50.88672250532996,22.517348022727273,1200.0,90.0,407.27588383838383,0.04796556947260091,30.0,15.0
60e7ab1b-a5a5-415b-a6bd-961538ea7bc6,129.94951123015542,66.3509334945505,286.30179463387174,110.86062682157632,0.16227810761836067,0.004892941254892677,0.5051429137058081,0.018562799098782785,0.17697328801943438,66.35093305873895,22.505782674242425,650.0,90.0,407.27588383838383,0.2509799004147781,25.0,20.0
60ec5b96-da6c-4df3-8dd0-a4b156829b4c,43.67132435325243,50.78677127396757,42.018069083405116,-23.551779006590913,0.3223796807771464,0.01586392245401936,0.42755058666898144,0.01293597239397956,0.4524713591550429,50.78676982325143,20.0115655155724,1200.0,110.0,678.7931397306396,0.04796556947260091,25.0,15.0
60fb01f4-77cb-4a3b-ad65-a57ee06c5213,129.73109046515944,73.61831865508388,371.38314467510804,158.25105638863502,0.3197244302709385,0.03792899163912037,0.4763580309753999,0.018046664881048544,0.339252674056584,73.61831936374861,22.517348022727273,400.0,320.0,407.27588383838383,0.3837245557808073,,
614b34b8-b49f-4ddb-82b7-9cd61433381d,39.30719833848826,50.3245308562707,35.81539078163575,-26.28367421306754,0.25628238709848483,0.016180173764520203,0.47541779910816495,0.011990404559925456,0.411851922731904,50.32453181053912,25.011565351010102,1200.0,90.0,814.5517676767677,0.04796556947260091,30.0,20.0
614b7310-2800-4b1a-bd3e-16801a6aba48,97.46078523271669,63.92172304764291,185.67693624735148,55.88598928555211,0.22252631613215484,0.006721680435837542,0.47564959689446545,0.017881334421108473,0.2726174043031327,63.92172097838723,25.011565351010102,400.0,110.0,407.27588383838383,0.16982541343694404,30.0,20.0
6156403e-7716-4ba2-8e04-1fa31c2e132c,116.19015097464907,64.39808245920285,241.70525038959744,83.06456412031027,0.11498921856265783,0.0051941655143834175,0.5210997786684026,0.017911540129759332,0.11360243889885559,64.39808203066883,22.517348022727273,650.0,50.0,814.5517676767677,0.2509799004147781,30.0,15.0
6191a2de-baf3-4f81-8388-097951e1dfbd,45.245005976278655,54.10434176080042,43.595315906731464,-21.010565328090046,0.2607325631701389,0.016619612362110688,0.4871424729950548,0.013548694386499095,0.4073346897211771,54.10434182145896,25.011565351010102,650.0,90.0,271.51725589225595,0.04796556947260091,30.0,20.0
619b43e2-0a6c-465f-ad51-e6dad78aabe0,241.78794894855383,107.8712173618267,1089.5259968229875,601.5406596427566,0.06928055473358587,0.011843750823800505,0.7100401305682449,0.02141582607561872,0.0884584038801187,107.87121803054565,20.0115655155724,1200.0,240.0,678.7931397306396,2.0078392033182246,25.0,15.0
61da0a5d-83b0-4745-b028-4adb833712a8,208.5582411896036,95.76560512706183,796.2271746232524,405.7046445426348,0.17146784804529674,0.02274007290642887,0.6022377882018622,0.020438189836581796,0.23849507991489172,95.76560328591263,22.505782674242425,1200.0,400.0,407.27588383838383,0.8028953652793002,,
61eba551-a19b-406c-b969-147dd5f4817a,164.5853402208841,60.682062832756266,664.2141478345237,329.5654621108657,0.08245345726373106,0.01609600558270202,0.6200587600175714,0.014121688909052379,0.08426051084535872,60.682059017686775,22.505782674242425,650.0,160.0,271.51725589225595,1.3586033074955537,25.0,20.0
620b3c09-739b-4bec-b431-b52c252b04fb,126.74421016989457,67.86956629982838,269.01583959118324,102.19599736643663,0.13519199994355008,0.005185629216172137,0.5142537293517466,0.018844612210778586,0.1494825422042726,67.86956588164034,25.011565351010102,400.0,70.0,407.27588383838383,0.2509799004147781,30.0,20.0
620e8f88-3b47-46fe-a394-3e7178fe7a52,140.4935986264347,71.99142868641222,284.30919138101865,110.40466338809208,0.09935129699505471,0.005218646670770201,0.5250834818964646,0.020004793324718037,0.10970570299577571,71.99142803037498,25.011565351010102,1200.0,50.0,271.51725589225595,0.2509799004147781,30.0,20.0
628a40aa-f26e-4977-ab52-2417ebeebb04,148.69393834875885,65.30154416316526,389.2815490111231,170.60510639510161,0.2292344936982849,0.03851093096128998,0.46939006601248956,0.018204109754040868,0.19024775405076055,65.30154286562333,22.505782674242425,900.0,160.0,407.27588383838383,0.3837245557808073,25.0,20.0
6294914a-ca16-48d0-ade9-9c74ed22ba3e,166.1935354326866,70.58349641511157,579.9286156855308,277.1714042144182,0.16673899699338174,0.022924075187573653,0.5814581012084175,0.016951167694709366,0.1714919798994516,70.58349775577112,22.517348022727273,650.0,240.0,271.51725589225595,0.8028953652793002,30.0,15.0
62b50a03-f91d-400c-b357-162e094c7d09,242.93863854860635,103.12906071950528,1173.8877694693463,658.9707798039412,0.09562571498658462,0.0111838955256734,0.6651905683994633,0.02034375740326674,0.13100385619022978,103.12906296446526,22.505782674242425,650.0,400.0,814.5517676767677,2.0078392033182246,,
62d547ce-6735-43cd-8fd3-7c055a2edee9,150.91465139064647,62.169114810119886,726.580872478055,358.53073417591077,0.07267835537452652,0.012459119065877523,0.7174753720061026,0.013802465288843173,0.09589226255444812,62.16911631941557,20.0115655155724,900.0,240.0,271.51725589225595,2.0078392033182246,25.0,15.0
62f8371f-e8c0-4c26-a945-05801cbb90ef,225.63388069133364,97.84657632016892,1018.1821254960375,560.3566785238432,0.08708349571599328,0.011222426129945288,0.6563277334496738,0.02026776280057473,0.08863107917793848,97.84657669113525,22.517348022727273,650.0,240.0,678.7931397306396,2.0078392033182246,30.0,15.0
6313a930-60be-4b07-a4cb-c75b6395d5cd,146.24690100446375,83.34240942617228,427.2104178088602,191.78989402181458,0.24404145594896887,0.04129906198368056,0.527349098286616,0.018750927671908654,0.3297696723915991,83.34240772496454,22.505782674242425,650.0,320.0,814.5517676767677,0.3837245557808073,,
631e6369-0666-4b8f-92b7-467d48c4656f,139.1547882781732,62.35801325382867,373.85381926473787,161.4554504037927,0.22686255837674663,0.03837778640642888,0.4685631329860375,0.017921192935851437,0.1898589947268635,62.3580117309931,22.505782674242425,1200.0,160.0,814.5517676767677,0.3837245557808073,25.0,20.0
6350c038-a6ee-4a76-afa9-78b7a5f98ecf,72.38465106521423,58.06079308211752,109.08023763211409,11.613474759894531,0.2298762851109007,0.009944769463310186,0.4667322831339436,0.01561773136307476,0.3041308204502794,58.06079520064028,20.0115655155724,650.0,90.0,678.7931397306396,0.10036192065991252,25.0,15.0
637af466-dafd-4bca-b37d-9586330fe062,97.88662349795653,65.01274584402151,181.0764615147329,51.49554047840397,0.26164908323511155,0.006347542536763468,0.4703794038061868,0.01790860798877229,0.2736804858652643,65.01274700648315,22.517348022727273,900.0,110.0,271.51725589225595,0.16982541343694404,30.0,15.0
63902f0a-2d20-4fda-a330-2a39bb33a446,193.043501113851,78.52940679968597,751.3792614871428,385.09560367384097,0.08034168950147307,0.016032854269686446,0.6291860339486218,0.017870524103561037,0.08415162897341145,78.52940697616808,22.517348022727273,650.0,160.0,407.27588383838383,1.3586033074955537,30.0,15.0
63a05806-cd1b-48ac-9242-cab98bb3f39f,113.3595530689484,62.89274039129088,237.27345357342685,80.28956245349524,0.1140905278183186,0.005171592756828704,0.5203729971202651,0.01773214626635715,0.11315705042167107,62.892739974735534,22.517348022727273,900.0,50.0,814.5517676767677,0.2509799004147781,30.0,15.0
63bf8f70-0bb5-4c91-a965-2270177d21d3,205.05084427752837,88.73824813057315,704.3365306308356,358.3365818466137,0.14307988404420244,0.022188346502104377,0.5674896494363952,0.020163452457726428,0.1640730731725306,88.73824699176078,25.011565351010102,900.0,240.0,407.27588383838383,0.8028953652793002,30.0,20.0
640e0339-75ad-465c-a3f7-1053df5a34a8,228.04102547889588,112.19316521022928,933.9334129086968,497.04804790094965,0.12149987712554713,0.016106605467255886,0.67037837762601,0.022349324869783745,0.15390214322126702,112.19316646980668,20.0115655155724,900.0,320.0,814.5517676767677,1.3586033074955537,,
6435d1ed-64a6-44f0-9fd2-8394367cccaf,137.4370167583207,64.68931834213083,359.8272313656745,155.43416945602274,0.23919748337000202,0.03857626754608586,0.46673256497769366,0.018167360852987854,0.1984166301661819,64.6893166116753,25.011565351010102,400.0,160.0,678.7931397306396,0.3837245557808073,30.0,20.0
645a6990-9cb4-4f3f-a3a1-60153e196af4,44.802112176203465,53.901125427402576,44.55694293830334,-22.40174145983162,0.2382366221675084,0.017789582032354798,0.5005674616999157,0.013562782065404823,0.3467253484979423,53.90112748464523,20.0115655155724,900.0,70.0,271.51725589225595,0.04796556947260091,25.0,15.0
64968730-37b0-4907-8d24-c5f653725e29,74.37065724324124,58.22391928295675,114.1665259130876,15.439830137316255,0.2009743531981271,0.010088593046738214,0.4730057331976011,0.015626261493374188,0.30015709739930885,58.22392063456627,22.505782674242425,900.0,90.0,407.27588383838383,0.10036192065991252,25.0,20.0
64a215fa-3d9f-436d-a2ef-fdb07dc0d193,155.4442385925342,60.76716830599966,767.3883613801486,391.4336893892055,0.08347959259103535,0.01181276497274832,0.6756051190948023,0.013175894085628774,0.11842469670500527,60.76716866411309,22.505782674242425,400.0,320.0,407.27588383838383,2.0078392033182246,,
64c8df59-bc27-4d1b-b8a7-4f0814c4c0c4,98.68079450798471,42.578317653291045,503.1806300795746,236.10153801742916,0.10622261165849116,0.011350982292760943,0.6166810352632262,0.00943486067868517,0.13550192661977412,42.578314298341304,25.011565351010102,400.0,320.0,271.51725589225595,2.0078392033182246,,
6501d0d3-453f-403b-96b6-fcea0dbe10a3,251.3819705486761,103.1951007743161,1146.6250206129978,646.3729279935122,0.063035064074516,0.011543069384606482,0.6839982193552188,0.02019534370627912,0.08399074818628656,103.19509889307119,22.505782674242425,650.0,240.0,814.5517676767677,2.0078392033182246,25.0,20.0
650d068f-46e1-4817-9305-ad2860ba7f43,46.70515488527022,54.049904598546185,48.09186081480092,-19.3520335193917,0.2140621907353746,0.018088751133627942,0.5315873323968855,0.0136737333613937,0.3429693020162535,54.04990651832866,22.505782674242425,650.0,70.0,271.51725589225595,0.04796556947260091,25.0,20.0
6519ccd1-59bc-4266-9743-a6ff7ba02ca5,123.39547548862622,65.43573851899022,259.7303273360083,93.45316248093829,0.15088537648685818,0.004929593973632155,0.5108228665689709,0.01811579844788766,0.14814208187288871,65.43573722016758,20.0115655155724,1200.0,70.0,407.27588383838383,0.2509799004147781,25.0,15.0
65373fe2-81f7-44b5-8799-e7c39e20a2ef,189.5743625194367,97.56689788264899,662.6962770298867,331.1761691330548,0.18063209137626263,0.02221158909995791,0.5857178316936658,0.020372629399740997,0.21952672139042062,97.5668996450115,22.517348022727273,650.0,320.0,678.7931397306396,0.8028953652793002,,
653e64e8-639b-4029-9404-e809123670e9,43.58654933431623,45.54340632209228,46.82885041833517,-19.61554707349976,0.28514192173863634,0.016957704170191504,0.48098583231449926,0.013005429075369375,0.43805370697193347,45.54340474778441,22.505782674242425,400.0,110.0,678.7931397306396,0.04796556947260091,25.0,20.0
65498c3b-420f-4e9c-80e7-663fa3b604b5,130.35745376028126,80.86670137317599,366.01287744197754,154.2591017643298,0.26530986298085013,0.04100667894955809,0.5244891741936868,0.018121341806394152,0.34557239447626226,80.86670093180983,20.0115655155724,1200.0,320.0,814.5517676767677,0.3837245557808073,,
65657725-4f28-4404-a578-653590f3a326,187.40072012223627,76.94393000276402,936.251614704695,497.785293974412,0.09701628924185607,0.011445517024515996,0.6669016136674136,0.015985900134674696,0.13784465351404893,76.94392909459232,22.505782674242425,1200.0,400.0,407.27588383838383,2.0078392033182246,,
657dced4-4f1d-4289-b779-9e402f377a21,72.85818225108383,54.994271697311866,115.27175099661322,17.04969455572063,0.2338892550461911,0.010036664378651092,0.46286361588036623,0.015280522471517554,0.3400390213944571,54.994270524314395,22.505782674242425,400.0,110.0,814.5517676767677,0.10036192065991252,25.0,20.0
658160d4-5160-48d3-9bd2-f921b948a3b6,71.88491070421634,56.790315426429004,111.18395703040545,13.259110516140751,0.20020320979703285,0.010006947389309764,0.4707433727830388,0.01541628897862977,0.2998896986089839,56.7903174723109,22.505782674242425,1200.0,90.0,678.7931397306396,0.10036192065991252,25.0,20.0
658bf64c-1f92-44a3-8467-605e2cca188c,140.48389846638761,71.95663573761068,284.48759446362624,110.74451193804444,0.09933103409115109,0.005250543542508417,0.5254502934871633,0.019901688545947,0.10993797597660276,71.95663477748245,25.011565351010102,900.0,50.0,271.51725589225595,0.2509799004147781,30.0,20.0
65f6870a-6c75-4bfc-af18-dc7854020544,124.24622542199285,60.45726471808008,347.8834355494325,143.69594108120677,0.35359568709353956,0.036301895267182235,0.4515512100075337,0.016676110685815412,0.27129069749017315,60.457264020800785,20.0115655155724,400.0,240.0,407.27588383838383,0.3837245557808073,25.0,15.0
663a339a-87f7-4f52-b55d-16973ec2efe5,166.3487695769945,69.73824023079337,580.9618286334669,282.41338740980507,0.1375913235779146,0.02270282740203072,0.567483296110301,0.016316754618644336,0.17058213681917941,69.7382400132143,25.011565351010102,650.0,240.0,271.51725589225595,0.8028953652793002,30.0,20.0
6656216c-fd5b-4abd-8cb9-33571deaee5a,110.07256185335676,43.826932721140736,577.4234872533393,274.4473367443802,0.10766828966816078,0.011815566517592593,0.6627150693042824,0.010093695925752945,0.1541694335975068,43.82693212956018,22.505782674242425,400.0,400.0,271.51725589225595,2.0078392033182246,,
671bbf0f-504c-408a-ba36-1339ef65e58b,123.97226285346123,67.01865319573444,251.0148266902489,89.03447134773711,0.11574307013183922,0.005162372644402357,0.5215168217460543,0.018443756388106372,0.11304589681809628,67.01865399782073,22.517348022727273,900.0,50.0,407.27588383838383,0.2509799004147781,30.0,15.0
674fd88c-f833-4531-b65f-5d36b2f7a221,108.11711952626715,68.20781541005898,187.97174933867973,56.00664883819334,0.11036809880675506,0.007340740786689813,0.5162615431973906,0.018649164254601457,0.14642771290512582,68.20781574143315,25.011565351010102,900.0,50.0,271.51725589225595,0.16982541343694404,30.0,20.0
675e5c47-deff-4402-87a7-ea4b9f637ef3,182.29101245517808,78.78776307837289,626.5650775482441,306.69598519694887,0.15040609385467174,0.022940721238825755,0.5894024255427504,0.018525346545599217,0.16892519267307982,78.7877652492499,22.517348022727273,400.0,240.0,407.27588383838383,0.8028953652793002,30.0,15.0
6799c974-9dfa-4963-8cf3-96a0977a6370,39.78976198838025,50.76201537926504,36.2698637329877,-26.128176259964764,0.2570120467208544,0.016196175678609006,0.4747608718944654,0.012117468996575025,0.4118863011518361,50.762015353415975,25.011565351010102,1200.0,90.0,678.7931397306396,0.04796556947260091,30.0,20.0
681d9883-12b4-4234-b46a-a778817378c1,129.0078788234024,82.6664924918595,375.5192249492596,164.1759705825059,0.2888588236833965,0.03701396639910564,0.4659838635914877,0.01826955985103089,0.3959532916380777,82.66649339939359,25.011565351010102,1200.0,400.0,678.7931397306396,0.3837245557808073,,
68291376-2afd-400e-815c-b08b6d14703c,69.39688599609974,57.29912991438134,100.42123213784906,6.031656871371279,0.13877266755571338,0.010882873158364899,0.5042108667310606,0.015005792780197131,0.19913877928250526,57.299129466852584,20.0115655155724,900.0,50.0,814.5517676767677,0.10036192065991252,25.0,15.0
682cd641-fc8d-4a9a-9e34-c966d6c06742,181.10513721470738,77.67725660166188,898.4054932445582,465.7985789586623,0.10942913012418981,0.011785795842749369,0.6949421133110164,0.016943232229664727,0.14171446102519947,77.67725585121022,20.0115655155724,900.0,400.0,407.27588383838383,2.0078392033182246,,
686c7372-0dbd-4ea7-b4d6-f8f064e05e67,131.1950508216873,55.16909549415501,571.8917099983813,267.8445367621662,0.13077235778031354,0.01695712700297769,0.6727775628659196,0.013347932571573982,0.16379476381333516,55.16909847775408,20.0115655155724,400.0,320.0,271.51725589225595,1.3586033074955537,,
687da579-87fd-460c-a153-6d445ee442d4,73.9171644731307,61.27185813555883,106.34674547242872,11.906718443626401,0.12766447430981692,0.011195343046517257,0.5153746933813133,0.015785549164878624,0.2010013738447393,61.27185915652187,25.011565351010102,400.0,50.0,814.5517676767677,0.10036192065991252,30.0,20.0
68919e65-6f77-430c-a889-4226a339c0c6,116.52433077155754,52.032206308641605,331.5787560101145,133.65467818492053,0.3496877070945918,0.03621051861690867,0.444872073714152,0.015699534961417044,0.26723324488220124,52.032207972079966,20.0115655155724,400.0,240.0,271.51725589225595,0.3837245557808073,25.0,15.0
68bd31b9-cf49-4d48-9413-a6385eab411e,110.5528225933949,61.31978005091357,233.41579218595174,77.96422315009075,0.11344867598128155,0.005164272377967172,0.5198108920487163,0.017552471900792954,0.11271191099550794,61.31978065668599,22.517348022727273,1200.0,50.0,814.5517676767677,0.2509799004147781,30.0,15.0
68d21101-27c2-4f28-9155-04492759034e,44.69470181148695,52.882521672558035,41.947944638735294,-21.674997303404723,0.2984431980354587,0.015729341251820284,0.4500964229457072,0.013190127489392663,0.45632633493372204,52.88252313926659,25.011565351010102,900.0,110.0,271.51725589225595,0.04796556947260091,30.0,20.0
68d55afa-c4ec-4124-954d-79a2533f8006,199.88962243874658,82.7136807173018,815.2749162814508,427.7570570505874,0.09834535324372896,0.01563617368859428,0.6155878689727168,0.018188886063086617,0.11800548087741693,82.71368268895361,25.011565351010102,650.0,240.0,407.27588383838383,1.3586033074955537,30.0,20.0
68dc00e4-e091-41a1-bd93-86351b0dfaed,161.0427349528046,62.8441473392063,677.2669525633517,335.2566113967895,0.10500865525879628,0.01616784394722222,0.6327717886404252,0.014201700035386702,0.12142071364447132,62.84414788286714,22.505782674242425,650.0,240.0,271.51725589225595,1.3586033074955537,25.0,20.0
68f6f008-19c1-4729-b284-e866cb2ffab4,215.51141816274443,92.69268964703049,824.5022054128489,434.51894690994817,0.08767250814973697,0.015724265355502948,0.6273763170786196,0.02021937915325005,0.0832049320757882,92.69268591207364,22.517348022727273,400.0,160.0,814.5517676767677,1.3586033074955537,30.0,15.0
6940b273-3182-4c67-8118-a99ccaaf3a96,212.62790046138286,94.86500893521932,888.7415138527597,463.28321136392293,0.11248433294163511,0.01659353301945497,0.6859463061834701,0.020540544759007223,0.15045694780992472,94.86500937106923,20.0115655155724,400.0,320.0,678.7931397306396,1.3586033074955537,,
695e157d-3933-4887-aa1a-a61caf2e8635,180.06875741206002,79.59519515340315,702.0339079457684,347.64422782616003,0.18907380332281146,0.022983590889372893,0.6040431737197286,0.01788487821209904,0.24213450292403807,79.59519727321445,22.505782674242425,400.0,400.0,407.27588383838383,0.8028953652793002,,
697d0352-396e-4aaf-8cc8-1cd99a97b56b,44.584721794425434,55.96251244743298,45.17168425898922,-21.702049666287216,0.1678731400501894,0.01883830263457491,0.5637606121545665,0.013408567061217243,0.27722886579522593,55.96251121828863,22.505782674242425,900.0,50.0,271.51725589225595,0.04796556947260091,25.0,20.0
69983ff3-1a5a-4526-97b2-c533008354eb,152.61493527079637,62.39430780859191,700.6428296354687,354.25649609297795,0.06065786049450756,0.011813900044560186,0.6607146636389625,0.013695980141206807,0.0668114307963959,62.39431046635767,22.517348022727273,400.0,160.0,407.27588383838383,2.0078392033182246,30.0,15.0
69d79645-21a0-419e-b845-a86ddbdf15ea,229.84295743773973,108.0810864827463,1087.323277460493,602.849402527564,0.11067351103210228,0.01135904963929819,0.6863238723884364,0.021528111989901014,0.13861272719289655,108.08108775618904,20.0115655155724,1200.0,400.0,814.5517676767677,2.0078392033182246,,
69f4e705-cbbf-4149-a9a2-bd162cb3b8f6,116.0534630135523,63.69680454441021,254.6433135035091,90.55601927758757,0.1904065899622475,0.004790244392255893,0.5001189454785354,0.017761508712544907,0.18347062080451146,63.69680305221218,20.0115655155724,650.0,90.0,814.5517676767677,0.2509799004147781,25.0,15.0
69f81ac8-86df-4f4a-ab8d-6f73d42573cf,37.61889775622035,52.51882916724654,34.92496544100872,-27.823763307815035,0.1868044449816919,0.017973775881628788,0.5320391935163089,0.012195705060053135,0.2840265344483259,52.51882863390125,22.517348022727273,1200.0,50.0,271.51725589225595,0.04796556947260091,30.0,15.0
6a373531-a706-46cc-b266-b2ce81c3d9b8,222.29173907909635,110.66427939819545,942.6069809945349,498.4467728691053,0.14561106409675925,0.015894795069387627,0.6636294302112372,0.022158720331774902,0.18465923656917507,110.66427926288358,20.0115655155724,900.0,400.0,678.7931397306396,1.3586033074955537,,
6a48c666-9749-410d-a81c-131a40c4f254,147.77023114719964,92.2486915203984,442.1710867335693,199.83848754567822,0.27952948492771473,0.03979836999739057,0.5107387694638993,0.019102018716739177,0.38699396005600706,92.24869110226325,22.505782674242425,650.0,400.0,814.5517676767677,0.3837245557808073,,
6a939fee-dadf-4d03-aa17-9e6f62823d91,96.4136044646655,62.61720137404857,175.73490736015634,47.10466202991282,0.10843273205542929,0.007346130296327862,0.5132569974893729,0.017779351211292985,0.1459792567383235,62.617200759596145,25.011565351010102,900.0,50.0,814.5517676767677,0.16982541343694404,30.0,20.0
6ab34406-3bff-4c6f-ac97-e561bec8433f,190.87630846601886,80.11715021541679,917.1603364652084,478.8433631821415,0.0975318900414352,0.011870832360921717,0.6999730803859321,0.017338372657015256,0.11623573844187969,80.11715045908474,20.0115655155724,900.0,320.0,407.27588383838383,2.0078392033182246,,
6ace9b92-6601-4feb-a3b3-4aa82992f420,103.42189745755172,64.7399344355021,179.69485142369564,49.22436498369029,0.1218223023889941,0.007295846019770624,0.5143923105207281,0.017386679206376952,0.14687741669701085,64.73993637780215,20.0115655155724,900.0,50.0,271.51725589225595,0.16982541343694404,25.0,15.0
6afc7526-2b41-4958-9398-248225d2c1f7,194.57001494897284,85.48964844742092,823.9976344425751,419.390285740834,0.11426215424747478,0.016700140077746214,0.6809612531590593,0.018830599346488255,0.15289455696807808,85.48964756540416,20.0115655155724,650.0,320.0,407.27588383838383,1.3586033074955537,,
6b018fa6-a109-4206-a338-558a488f5153,98.60133492806425,64.40409508310287,171.93524143303748,46.0491102044398,0.1273404476529777,0.007461772074558081,0.5152820002175926,0.017280631011052653,0.15022798742157456,64.40409318102247,22.517348022727273,400.0,50.0,407.27588383838383,0.16982541343694404,30.0,15.0
6b08d0ee-8845-4bb4-93e8-8b75b038a881,147.3035630721776,64.44674003120645,379.2077515400848,161.01588059165772,0.26782501384485485,0.03806343369138257,0.465955857661995,0.018180066943410164,0.19246742349275656,64.44673927150893,20.0115655155724,1200.0,160.0,271.51725589225595,0.3837245557808073,25.0,15.0
6b29d4c8-a12d-4bb0-a525-7a72377cd241,44.56242527703516,51.17051956828442,44.82155649176695,-19.822102270188218,0.258269202771149,0.016989383803819445,0.5028712569381313,0.013503873035011986,0.4018527625048111,51.17051971129034,25.011565351010102,400.0,90.0,814.5517676767677,0.04796556947260091,30.0,20.0
6b5bea5a-d469-44de-8520-e5235451da36,239.63058628346582,104.51663361483281,1087.756742731919,595.3647444116533,0.06935157165238848,0.011899102477241161,0.7094009763712017,0.02101598462416514,0.08805107107168454,104.51662941384836,20.0115655155724,650.0,240.0,678.7931397306396,2.0078392033182246,25.0,15.0
6b6df824-ab61-431a-8c97-acbc8db22de4,178.58186209034957,87.78481214842616,598.6229589613582,295.7782019857382,0.15061692076044822,0.02220105109709596,0.5744588969941498,0.01913609424621713,0.17538984102051347,87.78481102373313,22.517348022727273,650.0,240.0,814.5517676767677,0.8028953652793002,30.0,15.0
6b7336e4-a9c4-4521-8f13-d576412cae8d,94.98174165515978,61.06553864194224,169.78045147155342,43.14446417967283,0.1203435051011364,0.007270388984353958,0.5122833963284933,0.016788136519352362,0.14703569789825668,61.065537061856034,20.0115655155724,900.0,50.0,814.5517676767677,0.16982541343694404,25.0,15.0
6b73d2a5-ef0d-4b5f-bb6e-f83d5c1f85f8,225.38369987471177,92.52569609199234,784.4269946695515,401.2877739237316,0.13627011451277354,0.023325292388520623,0.612720273380808,0.020564465229387034,0.1569217975817239,92.52569705849506,22.505782674242425,900.0,240.0,407.27588383838383,0.8028953652793002,25.0,20.0
6b750586-b582-491f-85d1-72710f23066d,203.98128086589242,95.86288374909958,735.750167695714,364.7204729102308,0.17498336619486532,0.023730973398905723,0.6337677858726221,0.020998991894983055,0.2099218962736439,95.8628838866823,20.0115655155724,650.0,320.0,407.27588383838383,0.8028953652793002,,
6b78320b-afec-496c-b692-1b4616bb3089,192.90120451174303,88.61192801401081,662.1638571214323,328.3262229522398,0.1524429705939289,0.02367477118926768,0.6222689413223695,0.019708461826957527,0.16974833069899997,88.61192989248843,20.0115655155724,400.0,240.0,814.5517676767677,0.8028953652793002,25.0,15.0
6b79e51e-e1f7-42f0-807b-523d3bfc8138,122.32956314160674,66.36943416140956,256.1474472617608,93.1808370602972,0.15922525479287664,0.0050976042904882155,0.5116521526111112,0.018217727223870026,0.15146942420575527,66.36943540116428,22.517348022727273,400.0,70.0,407.27588383838383,0.2509799004147781,30.0,15.0
6b7e2b58-c0fa-44c1-8483-1fcffeee169c,140.8174949983195,61.07180552753795,677.2915262128852,334.3005167270918,0.08736183846397305,0.011676052070959595,0.6512669766032091,0.013029555107107085,0.09928299357100273,61.07180660440462,22.517348022727273,900.0,240.0,271.51725589225595,2.0078392033182246,30.0,15.0
6bc37707-6743-4e9f-a393-5e67030c222d,157.8127796110733,88.83812292407531,486.6225529599359,221.11943372826158,0.26327053388183924,0.040911805542192765,0.5258220355582808,0.01988215703405513,0.36989887164617463,88.8381217817795,22.505782674242425,1200.0,400.0,271.51725589225595,0.3837245557808073,,
6bc758f5-54e0-4042-ac4b-42824ca505f3,104.70602006002288,63.07494220011165,187.95698920891382,55.4571149146307,0.10437062192685187,0.007553763819086702,0.5202289104570705,0.017148163332635514,0.14421336276956884,63.07494065527928,22.505782674242425,400.0,50.0,678.7931397306396,0.16982541343694404,25.0,20.0
6bf9b3a8-b306-4264-917e-dea9037423c9,70.04973086874546,56.799398172046445,105.08240699157565,9.283867905703225,0.22887743720538717,0.009846693118960435,0.4643918832308501,0.015266798965861424,0.30479318252429083,56.799397978783816,20.0115655155724,1200.0,90.0,407.27588383838383,0.10036192065991252,25.0,15.0
6c5b516f-842d-4351-865c-535b903749d7,46.439122975261704,51.637561476749624,48.01647641775778,-19.23289860278673,0.2536055268771044,0.01731540533501684,0.49791374188078713,0.013499042357378439,0.3975736830522696,51.63756097615567,22.505782674242425,650.0,90.0,271.51725589225595,0.04796556947260091,25.0,20.0
6c614d07-9568-4481-bab8-24bb3be677a9,209.48660887108653,108.3130096458268,874.952988895453,466.30805588897897,0.14826148844823234,0.015113477230775461,0.6215428430469171,0.021577853703357765,0.1878590336082473,108.31301141818932,22.517348022727273,1200.0,400.0,814.5517676767677,1.3586033074955537,,
6c858bd2-4738-4063-a005-190c8e7da9e1,45.03997872668754,52.72391198554753,43.289025193123464,-20.96610419160762,0.2981039733254419,0.015852758984059342,0.45472114643066075,0.013348269667310326,0.454643587607902,52.7239094458833,25.011565351010102,650.0,110.0,814.5517676767677,0.04796556947260091,30.0,20.0
6ca7a23a-188d-4801-b512-b2bfaec5f3e8,65.05578276720246,55.59904303629427,94.46538042042725,3.1558184897318267,0.19074842744239265,0.0102440335101431,0.4809202747040194,0.014828771091993749,0.2599886584796852,55.599043232703885,22.517348022727273,1200.0,70.0,407.27588383838383,0.10036192065991252,30.0,15.0
6cb11450-f6bd-4cce-a152-762b324337e8,136.17093397081828,65.36347001752944,345.2310138517606,144.4411470673458,0.2781308282760943,0.03758701817541035,0.46344205581645626,0.017953132588979424,0.20057826042700352,65.36347083118211,22.517348022727273,900.0,160.0,407.27588383838383,0.3837245557808073,30.0,15.0
6cb29701-6429-4c4a-a660-03001bd986ea,63.12952733126597,54.68721547258305,91.53850656362033,1.0175453687514597,0.14159434345512412,0.01079284091947601,0.5011598693189183,0.014531348526168272,0.20136725589725366,54.68721580258611,22.517348022727273,1200.0,50.0,814.5517676767677,0.10036192065991252,30.0,15.0
6cd131c9-3db0-4d1a-bc7f-952585f82245,127.9089710290138,63.93959220419249,350.062466440402,147.23417740281798,0.3549492477638363,0.035437739525641845,0.4441203822583228,0.017751292652036385,0.27161173478770234,63.939591552774544,22.517348022727273,650.0,240.0,407.27588383838383,0.3837245557808073,30.0,15.0
6d216d25-a60f-4e75-a67b-75bd8b97f801,185.47345155848663,85.4142686651841,630.307024699704,312.6184589450236,0.15387612321888677,0.022841372848274408,0.5938168312450757,0.019330628272273373,0.17124687356559742,85.41426578885273,22.517348022727273,400.0,240.0,678.7931397306396,0.8028953652793002,30.0,15.0
6d54819a-643b-42a8-b349-64f54a86c4d4,241.75444647002627,94.34012392985768,935.6481474372123,509.34334248149884,0.06790754917623106,0.01597329751462542,0.6517011427280512,0.020724961370426263,0.07622624087328475,94.34012336295737,22.505782674242425,1200.0,160.0,814.5517676767677,1.3586033074955537,25.0,20.0
6d5d150c-5aae-4410-8467-d11716c22969,226.77299691474434,103.75205398311518,1055.666919877025,577.2282589154644,0.09072688920002103,0.011655934973358586,0.6967632267200652,0.020588822443136406,0.11574871810868594,103.75205286406843,20.0115655155724,900.0,320.0,678.7931397306396,2.0078392033182246,,
6d6be6ad-8fe0-4f43-9e03-351359b0a05b,91.68960756689032,61.52475675856917,179.4441955975024,49.9303166281225,0.22094886743223904,0.006508700232091751,0.4721160208577441,0.017928361608210007,0.2697114356059333,61.5247579803343,25.011565351010102,1200.0,110.0,678.7931397306396,0.16982541343694404,30.0,20.0
6d79950c-71dd-494f-a197-a82f38324436,210.8895349649969,88.1750448468904,934.195429829712,490.54711612913087,0.1252127027585648,0.015899438457607325,0.6483430452119845,0.018971443762065086,0.17287340426554096,88.17504334948781,22.505782674242425,900.0,400.0,407.27588383838383,1.3586033074955537,,
6da4d48e-3120-41e5-8fbf-2635b3dde4cd,129.0457618251165,68.76000399877539,273.5132298597901,102.95018612924349,0.13536722022930348,0.005005784639720118,0.5115174725795454,0.01957725249681804,0.14681699341600807,68.76000456897198,25.011565351010102,1200.0,70.0,407.27588383838383,0.2509799004147781,30.0,20.0
6da93de1-82b7-4c8b-ad92-48cbe2414662,45.15091937774181,52.490818199816744,44.74991920388267,-22.119296706036085,0.28327742862594696,0.016870608259048823,0.4621228360712331,0.01349216961424463,0.4027862803244337,52.49081924305427,20.0115655155724,900.0,90.0,407.27588383838383,0.04796556947260091,25.0,15.0
6dc15b07-43cd-4b6f-85a1-34cbfcc3e74c,100.71281619628742,65.8262608462543,178.28561697137596,49.73468217926404,0.17440144307528407,0.006995766838688972,0.49811241568223913,0.017807220333014406,0.19588825384423666,65.82626319618635,22.517348022727273,650.0,70.0,271.51725589225595,0.16982541343694404,30.0,15.0
6dcae70a-dbf3-4677-acca-440ad2b1c3ec,69.71026115632503,58.686594008363436,99.52580634876745,6.7346311377345325,0.19306499341740316,0.01026926587873527,0.48268017697769355,0.015327245086889561,0.2604279397438861,58.68659248525028,22.517348022727273,900.0,70.0,271.51725589225595,0.10036192065991252,30.0,15.0
6dd9b9c5-e9a1-48ef-afa2-b6d37a58ebed,125.47739214827016,74.48242355863566,362.6832473114414,155.84023473913476,0.27461092506954965,0.03791404809261364,0.47758713541700337,0.01803205203830135,0.3379413574888946,74.48242334750132,25.011565351010102,1200.0,320.0,814.5517676767677,0.3837245557808073,,
6e06ec5d-725e-4221-9b28-9bdb8c18f3ae,44.50862455200718,53.56414700823279,42.84693225824299,-22.464813456316126,0.28944791036405726,0.016404105729377103,0.4611201769911617,0.01350819418154411,0.40742801151515534,53.564144469765196,22.517348022727273,650.0,90.0,814.5517676767677,0.04796556947260091,30.0,15.0
6e172b14-c68c-4dcc-8a71-822199b3bc7d,242.62772642198752,94.45357898226706,941.0398007380973,510.7111731703549,0.07164174604985268,0.016010157723484852,0.6513971055677295,0.020615580939099144,0.07658035418746156,94.45357972095161,22.505782674242425,650.0,160.0,814.5517676767677,1.3586033074955537,25.0,20.0
6e19393c-6fe4-4e3f-a6df-da6ad298e1cb,219.41271775692718,108.14806598020432,933.6797254872891,491.77687848786144,0.14192638924001474,0.01599490860914878,0.6664995576835648,0.02179118012374227,0.1845962674052147,108.14806660564975,20.0115655155724,650.0,400.0,678.7931397306396,1.3586033074955537,,
6e1ab95c-9ee0-4857-9c55-b02aee594539,46.41707645542113,53.041241972186626,46.889282474841956,-20.036496604455234,0.25475982797359004,0.017110659836700334,0.488366106063447,0.013404799894541563,0.40097872155978176,53.04123886402401,22.505782674242425,900.0,90.0,271.51725589225595,0.04796556947260091,25.0,20.0
6e2922be-c9b3-46eb-bd0c-b22bf5f33c07,112.2244202643684,61.8520031047392,248.62861154062296,86.75336263864861,0.1889405486966856,0.004746698007460016,0.49895565962136984,0.0175394242678537,0.18248138721998344,61.852003891948215,20.0115655155724,1200.0,90.0,814.5517676767677,0.2509799004147781,25.0,15.0
6e3939bb-2035-4089-9aac-f0cd9e93d01b,128.15956711494619,76.02190753906393,368.4599335143317,159.6559970028361,0.2725587074642256,0.03771468842653619,0.4722403252725694,0.01822244882056106,0.3386457417433852,76.02190664167186,25.011565351010102,900.0,320.0,814.5517676767677,0.3837245557808073,,
6e5e33c0-98df-4f77-9cce-f346d219d7a5,184.60784369400938,82.444819242378,853.1810816222951,450.14101156054426,0.07932323639867425,0.011506254923547978,0.660007537045686,0.01673296795543051,0.09461413988345219,82.44481986822532,22.517348022727273,1200.0,240.0,407.27588383838383,2.0078392033182246,30.0,15.0
6e6858bf-7db4-49e0-93d1-8559151a6546,72.19310479692055,59.273915259259645,105.43348923784409,10.565534105200335,0.19386781422243268,0.010528003962289563,0.4881939114503367,0.015647190811539872,0.25860253500437086,59.27391219573207,22.517348022727273,400.0,70.0,814.5517676767677,0.10036192065991252,30.0,15.0
6f0de3e5-a91a-4cfc-b939-23db77bf7532,73.6013069682209,60.3075477572216,108.14207552277186,13.066685697832133,0.17000959221222642,0.010701626486584596,0.4938434745270413,0.015839576333998427,0.2580867946859958,60.30754581953526,25.011565351010102,400.0,70.0,814.5517676767677,0.10036192065991252,30.0,20.0
6fd540a4-0a0a-42a6-9b66-c69c5b69c110,121.89619188989327,65.27169212382465,259.34678770931987,93.52159044762347,0.09719384073691079,0.0051918665909511785,0.5221573947591541,0.01893702160046754,0.10991065039219262,65.27169069592733,25.011565351010102,1200.0,50.0,678.7931397306396,0.2509799004147781,30.0,20.0
6fd877d5-95c6-4e9e-8b76-5e66f982c74c,127.8787745255171,63.16619380171773,361.20631963173685,156.38943435597176,0.3327631191842908,0.03594253559938973,0.4458625588636889,0.01807131238378982,0.26874654709150736,63.16619489496785,25.011565351010102,400.0,240.0,814.5517676767677,0.3837245557808073,30.0,20.0
6fd93078-c6c3-42d8-b898-a01886896827,152.10832821463654,86.81932938350594,460.3799123813377,209.56319335347337,0.2683846387045455,0.03937539146078493,0.5054003156466961,0.020220204007337428,0.3743850426106449,86.81933137209342,25.011565351010102,1200.0,400.0,271.51725589225595,0.3837245557808073,,
70075624-ab7a-417f-b16d-0404adfa983c,189.74010646182433,90.85306278650391,644.1873107431031,319.7788880247948,0.14978997862811447,0.023498947469938976,0.6232090765942867,0.019717322497524673,0.17190442131349093,90.85306082558307,20.0115655155724,650.0,240.0,814.5517676767677,0.8028953652793002,25.0,15.0
7022679f-1c7b-4004-8a9c-295a2d0b9490,131.6287367976016,47.38949893918629,442.3763834704867,204.02103541197917,0.18861071363423823,0.0208622154621633,0.5044419444303451,0.013313468281398018,0.12486948299514451,47.38949805183713,25.011565351010102,400.0,160.0,271.51725589225595,0.8028953652793002,30.0,20.0
702758be-d037-4d42-a80b-ba353a7db2d2,121.87822218712734,76.96792428987122,334.8799776048151,138.50237995445497,0.2662426719613846,0.03927904989036195,0.49682414108965695,0.017379473247609373,0.35113131848028695,76.96792619132046,22.517348022727273,1200.0,320.0,678.7931397306396,0.3837245557808073,,
70700ed0-0ad0-47c3-8d4b-d525859e32ae,118.59430547708418,80.33226851556034,333.4221498407558,138.72178975475944,0.3076721948601641,0.0377589567012521,0.4805748378447391,0.017671740592527872,0.40950127114139434,80.33226868294079,22.517348022727273,1200.0,400.0,814.5517676767677,0.3837245557808073,,
7077f78b-592d-4aed-accb-debc16038e6d,192.67571410467738,69.29538376063007,637.2204802556513,308.67809799931496,0.13729911601996003,0.023265702449337122,0.5951881356508419,0.018419729699745865,0.11303008504721651,69.29538321454532,20.0115655155724,1200.0,160.0,271.51725589225595,0.8028953652793002,25.0,15.0
708347c8-3fce-4b7e-846a-b068c094f13d,233.67532115904243,96.18161147679375,1026.0693707615528,576.5799030594733,0.04577915946560395,0.011231420777704126,0.6470912711238845,0.019701344405831007,0.05977991392703961,96.18160989191152,25.011565351010102,650.0,160.0,814.5517676767677,2.0078392033182246,30.0,20.0
7092ce7b-9a7d-40ee-8b58-5c27f6b549c7,217.3974412288532,102.91008425296614,1034.9971285834029,566.0374026236037,0.10902569816090066,0.011488655573045034,0.6904329211543034,0.020295520948773373,0.14156787460748418,102.9100865224534,20.0115655155724,1200.0,400.0,678.7931397306396,2.0078392033182246,,
70ac5ec8-5a7c-46c2-8468-06b5c253e004,224.54714375137718,93.31596853129768,864.0795984095114,466.1586806434626,0.06634906086294191,0.01547597475948022,0.6142140564959386,0.020473612192286016,0.08026846983435232,93.315971180275,25.011565351010102,650.0,160.0,814.5517676767677,1.3586033074955537,30.0,20.0
70d0ced0-61a0-40ac-9030-dc412e768bc0,140.44769903601102,60.639586217993994,370.8679797420598,160.09817039974456,0.22394147626387836,0.039145067561311024,0.4703248443161931,0.01705807937348292,0.19285581744944066,60.639585196073696,22.505782674242425,400.0,160.0,407.27588383838383,0.3837245557808073,25.0,20.0
70d9ebb1-d1e1-4fc2-8a4a-7597b54fedf2,123.9987397133576,63.544874574755305,273.52966469987246,102.22733627341682,0.12692410343400673,0.004975637157638889,0.5136442876366267,0.01826614071923769,0.14289795535919048,63.54487326160512,22.505782674242425,1200.0,70.0,814.5517676767677,0.2509799004147781,25.0,20.0
70e4780f-9647-47a4-82e0-9f3a92b9c1bf,105.82751799169539,61.39541729249744,239.49088758677908,82.0024602304019,0.2389821504563342,0.004586823689966328,0.4868513526073968,0.01774371508767003,0.21646157699138455,61.39541579653985,22.517348022727273,1200.0,110.0,814.5517676767677,0.2509799004147781,30.0,15.0
70f441e1-f3e7-41db-ac12-247e5527b321,107.97322291195735,64.99372965395526,197.00741283592677,60.8681453689922,0.14252940196901306,0.007138834146064814,0.5049540996984427,0.017752267724264807,0.18817929753738483,64.99372835970328,22.505782674242425,650.0,70.0,271.51725589225595,0.16982541343694404,25.0,20.0
71366ba4-74f3-4df0-bcd2-d41df4976769,45.08816773793466,50.96705741486076,44.44029995417501,-21.96324226864366,0.3226445957448443,0.01604248126466751,0.4322566868786827,0.013287635423362448,0.449170212392181,50.967057272562585,20.0115655155724,1200.0,110.0,271.51725589225595,0.04796556947260091,25.0,15.0
7178e7e6-7be4-41cd-9deb-4ffcc1e523f6,251.36371710620486,101.85161884137588,1149.8245804960561,645.3027072097261,0.06248642580199916,0.01158950786071128,0.6855373071607219,0.02003190058883485,0.083753397725584,101.85161873190584,22.505782674242425,900.0,240.0,678.7931397306396,2.0078392033182246,25.0,20.0
717b7c1f-d387-4e18-b5a6-596ecde5f82d,118.75707585242759,66.48850109314691,254.08065228349676,91.18119672772,0.20188517425157826,0.00476100590195707,0.49826064825783895,0.018466790822188443,0.18528838919739124,66.48850259773705,22.517348022727273,900.0,90.0,407.27588383838383,0.2509799004147781,30.0,15.0
71d3a90e-8114-411f-9729-ad5a31d3b198,138.1778669017524,78.22074608946853,429.1201194146271,190.31308009699302,0.2863418249682239,0.04024379339834806,0.5118501990641202,0.017935893185571223,0.37765596865580586,78.22074599465655,22.505782674242425,400.0,400.0,407.27588383838383,0.3837245557808073,,
71f6cdc1-5eee-4fe9-81e8-12c380903513,45.071211640119294,54.48031704836901,44.86566548875363,-22.353141565114512,0.23882035561132156,0.017784700475484007,0.4996514810046296,0.01370853728742003,0.34728382950083386,54.48031821266156,20.0115655155724,650.0,70.0,814.5517676767677,0.04796556947260091,25.0,15.0
721de329-e765-4233-a90b-ed027afaf55a,68.26837210300668,57.36733279894152,100.75343508590493,7.585418366065226,0.16802592150242004,0.010390871417834598,0.48550809513120796,0.015441588321277629,0.25771970298963015,57.367332000284854,25.011565351010102,1200.0,70.0,407.27588383838383,0.10036192065991252,30.0,20.0
72605532-6a95-47dc-adda-b801da50bf56,137.561757949862,79.92556015137757,423.30658613276364,188.7447705440578,0.2776500279235059,0.040377390376010104,0.5164565296046928,0.018015572394653467,0.38061255902444063,79.92555710449842,22.505782674242425,400.0,400.0,814.5517676767677,0.3837245557808073,,
726d02c2-03ab-4622-b16d-2bbc0f9344f2,98.19662577101231,62.75550922593318,177.53400662308613,48.1482880293638,0.16496850333201807,0.007031078597159092,0.4986342506986532,0.017120456896424337,0.19372646206566035,62.75550913666592,20.0115655155724,650.0,70.0,407.27588383838383,0.16982541343694404,25.0,15.0
7270e475-8377-44d9-a836-c2313a93c1f0,44.45437058111995,52.67264914775448,43.06397272668626,-22.175254771696746,0.2888483025395623,0.016512636072180138,0.46380676876304716,0.013536416978813443,0.40558473382286847,52.672650846298595,22.517348022727273,650.0,90.0,271.51725589225595,0.04796556947260091,30.0,15.0
728bed39-c168-4523-bf09-716e81d5701a,220.67099510985827,110.05213415941084,935.4162368991514,494.94723539254244,0.14295103888431188,0.01590046651510522,0.6634999273977589,0.022045474676337405,0.18487376009473513,110.05213248909371,20.0115655155724,650.0,400.0,814.5517676767677,1.3586033074955537,,
72b46a52-0750-4b58-9c93-c187f75c14e7,42.640505603760545,46.49865749922371,43.764639645949835,-21.225015574060627,0.32525864635132573,0.01624656092968224,0.4481261644812711,0.01331628258044339,0.4439310892684232,46.49865762180935,22.517348022727273,400.0,110.0,407.27588383838383,0.04796556947260091,30.0,15.0
72d78a51-fba9-4f88-b5d5-9454f866a4f0,166.63977773813806,69.80810849892526,695.2218288955637,350.1149556394814,0.09641385179095116,0.01599910498203914,0.6211753324487058,0.015331906262897531,0.12400631535173139,69.80810850494396,25.011565351010102,1200.0,240.0,271.51725589225595,1.3586033074955537,30.0,20.0
72e5a4df-d5c4-44d8-8409-e1a93971e67e,68.83574951752068,57.42356953261437,105.0743587816625,10.679301782786114,0.24498924935869104,0.009513606906186868,0.45242499808307035,0.01577180926169062,0.3494782132897263,57.4235710006864,25.011565351010102,1200.0,110.0,407.27588383838383,0.10036192065991252,30.0,20.0
730e8137-7f03-4b0d-b0e2-2ac13149ae4a,107.02712257719828,65.04738787997276,200.22216485595573,62.642309872481825,0.17889624308643728,0.006764371667255892,0.4898416218470117,0.01801335297550426,0.22718224732051553,65.04738682293507,22.505782674242425,1200.0,90.0,271.51725589225595,0.16982541343694404,25.0,20.0
7313f419-6ebd-46a6-8a06-743a6d1eb3f0,145.6440711760554,67.66049617675979,375.9538917322391,164.39833797829476,0.242113933049032,0.03826187439392887,0.4663098920931923,0.01894151733139395,0.19585150720676134,67.66049878134254,25.011565351010102,650.0,160.0,407.27588383838383,0.3837245557808073,30.0,20.0
736eaa84-3b49-4673-98b9-b5c4a27d9d3f,204.74071105008028,80.03759185404395,985.662956944473,533.881658249301,0.08460179687831441,0.011509030917024411,0.6710171393043771,0.016924661924463645,0.11049142999644239,80.03759274031214,22.505782674242425,400.0,320.0,678.7931397306396,2.0078392033182246,,
736ef7f1-4e26-45de-a36a-7fdfe586f94a,70.91082556786104,59.839119309218994,102.75565859548648,8.653228318087864,0.12688896364804292,0.010978637173779462,0.5091024475287248,0.01561690837475775,0.20067014067674438,59.83911809053296,25.011565351010102,650.0,50.0,814.5517676767677,0.10036192065991252,30.0,20.0
738067d4-ba60-460d-8c92-ae08b2fef0b4,164.07497772952937,63.06173041472418,796.8965570557128,404.269355494879,0.06375239218338592,0.012074392236237373,0.6889521759297137,0.013484697585740864,0.09156004376829775,63.06172986355726,22.505782674242425,1200.0,240.0,271.51725589225595,2.0078392033182246,25.0,20.0
741ba9b4-3f30-4161-bde3-56a4b5bc3d13,131.79055902804043,66.7699372935299,267.43810690547565,98.14446131809056,0.10984661680011575,0.005247780587268519,0.524717743351957,0.01825879518044893,0.1108052955320405,66.76993703738758,20.0115655155724,650.0,50.0,271.51725589225595,0.2509799004147781,25.0,15.0
74327837-d166-4bca-8236-7a50daae9446,123.67959869666718,83.02845886764267,348.1716163191945,147.15209622079556,0.31782921620454546,0.03734202943598484,0.4752048029740846,0.01818212162723696,0.40789045651331995,83.02845947025631,22.517348022727273,900.0,400.0,814.5517676767677,0.3837245557808073,,
7447a5e7-ece4-462b-91a1-74138a8d2ea5,132.3771860970294,58.98984326976946,658.1539269704302,322.11484486692245,0.11043162145630261,0.011653420176662458,0.6553103890632574,0.012649042157222597,0.12904140677128717,58.98984164246305,22.517348022727273,900.0,320.0,271.51725589225595,2.0078392033182246,,
747d1dfd-a598-42cc-90ef-9b1300ff7718,143.3029156301423,58.880138242115365,599.9692638991517,285.4020442469488,0.11274370121817127,0.01705279899614899,0.6752495472750843,0.013997097818688029,0.12724357980815218,58.88013959900083,20.0115655155724,400.0,240.0,271.51725589225595,1.3586033074955537,25.0,15.0
749ccd14-fac9-4e2c-83b5-2bdf24335b34,42.75407212430245,52.42504620440791,40.11934407626396,-24.146696782805524,0.2879938314185606,0.016243811185458756,0.4578821867110691,0.013034086485644273,0.40905218954774036,52.425047723849985,22.517348022727273,900.0,90.0,407.27588383838383,0.04796556947260091,30.0,15.0
74b45c84-0668-4636-92ef-e9b787341605,96.37043837760868,59.71053293160118,179.28561800280661,50.10134687177475,0.20397224879829545,0.006958241056397306,0.4869947160843855,0.016733602075506487,0.23347965223457345,59.71053221628503,20.0115655155724,400.0,90.0,271.51725589225595,0.16982541343694404,25.0,15.0
74dcf15f-dfe1-499e-b03a-644a31afa95c,117.39600221894761,64.89788064685114,242.76901126994824,83.93052461515165,0.11519198913617425,0.005194075989057238,0.5211868373418034,0.017970109192244767,0.11372945963304197,64.89788263158064,22.517348022727273,650.0,50.0,678.7931397306396,0.2509799004147781,30.0,15.0
74eb9df1-265e-4082-80c1-577bfc7d133a,230.74945170481533,108.80006070225853,986.8413952650629,538.1430197001428,0.11554304580014733,0.015582267784806397,0.6453483850779671,0.021310109549987123,0.17634996905674982,108.80005791177796,22.505782674242425,1200.0,400.0,814.5517676767677,1.3586033074955537,,
74f3f8f4-e9c8-4a99-a9d5-868fcd717790,45.482372800046875,55.07612468319368,46.99352616556893,-21.133650080849563,0.19038431048789983,0.019198682910037877,0.5580389213131314,0.014097299693190775,0.274699874251319,55.07612561528049,20.0115655155724,400.0,50.0,814.5517676767677,0.04796556947260091,25.0,15.0
7506bba5-15e0-4823-83dd-1b61fbc6ed2b,128.36071381476856,59.444375063789614,497.15387970375974,231.51139469642632,0.19228897674747472,0.02249526770077862,0.570003787596612,0.013791921496408824,0.2647116355657872,59.44437557973159,25.011565351010102,400.0,400.0,271.51725589225595,0.8028953652793002,,
7512f9c2-70d3-492b-a27c-d05a8260200d,140.25866573293058,67.32152525361978,288.7199571039248,112.25739475326124,0.0932002566287984,0.005303792463973065,0.5282931615469276,0.01858706034101865,0.10720311346618615,67.32152666285691,22.505782674242425,650.0,50.0,271.51725589225595,0.2509799004147781,25.0,20.0
752b5848-7087-4438-976f-07b28300c467,210.37090970578575,85.19130389863986,689.0315040760406,352.2457771235958,0.09997982439993686,0.023308221015888045,0.6061350550785458,0.01944640997037753,0.1132869262668516,85.19130309359187,22.505782674242425,900.0,160.0,678.7931397306396,0.8028953652793002,25.0,20.0
753d205e-7109-4086-a27a-c09eed61ed54,46.038028381412495,50.08285448961356,47.75692366971752,-19.19593871098794,0.28928447660658674,0.01658134470270413,0.4659995319351851,0.013377653242937661,0.44395281030317507,50.08285452849264,22.505782674242425,650.0,110.0,407.27588383838383,0.04796556947260091,25.0,20.0
753f2155-6ab1-4320-9ceb-38278f336cde,44.54987383634695,55.73855959277184,43.050633087140646,-21.726592709538505,0.21920207025031563,0.01740211306260522,0.5208912088399622,0.013596517922561242,0.3517554239050619,55.73856124878297,25.011565351010102,650.0,70.0,271.51725589225595,0.04796556947260091,30.0,20.0
755af422-0b19-4ca2-81fe-8247dcf6e5e9,207.364373082792,84.21921395644338,933.4167083566349,492.50676847550875,0.05226969361402568,0.01225738249340278,0.7192638665135207,0.017844482251585164,0.0620293496595008,84.21921488519526,20.0115655155724,900.0,160.0,407.27588383838383,2.0078392033182246,25.0,15.0
7577a15e-f3ff-4d54-9784-f3e9fecb43af,184.69412152960078,92.7205762532829,654.1718694605426,326.07015896494136,0.1951020334334491,0.02206876950433502,0.578068625619034,0.01986018508050461,0.21852768649032192,92.72057732294954,22.517348022727273,400.0,320.0,814.5517676767677,0.8028953652793002,,
757b1595-12c4-4eb8-9731-3f73c36b163b,44.39836574164555,53.97427805044723,43.858326536944496,-22.906163962825122,0.23844157673495373,0.017729754986742424,0.4972860252770413,0.013480694766184586,0.34771550299322646,53.97427855699741,20.0115655155724,900.0,70.0,407.27588383838383,0.04796556947260091,25.0,15.0
758d85fa-73e0-4e0e-bfb4-05ef066b97ff,72.03312518083177,59.4027181597905,109.92112473786506,14.182574401798172,0.24697802449568604,0.009626937025736533,0.4546252957371633,0.016129305624205413,0.3494274033676652,59.402715434948796,25.011565351010102,650.0,110.0,407.27588383838383,0.10036192065991252,30.0,20.0
759ae224-4e86-474c-8f8a-4241ec2d2316,126.6447581999617,84.46691836664971,356.83977240263704,152.07469338525607,0.3203174583914141,0.03729513639584385,0.47452384503202855,0.01847502257337168,0.40691771492252,84.4669166925018,22.517348022727273,900.0,400.0,678.7931397306396,0.3837245557808073,,
759b1abc-82f4-4629-a831-9faa474b9b18,113.81328612866595,62.50696750400788,250.46260962256704,88.06759868884994,0.18942905822301134,0.004746332594002526,0.49907443656486744,0.017619532981034178,0.18263491522557077,62.50696666618257,20.0115655155724,1200.0,90.0,678.7931397306396,0.2509799004147781,25.0,15.0
75a7540c-b28c-4421-befd-92e7ca20808d,246.75929575317377,110.24838673085573,1110.766213244005,616.474725750395,0.07293944927801976,0.011736899471759259,0.7037925108935501,0.02191782827942653,0.08785190721416399,110.24838654167826,20.0115655155724,900.0,240.0,814.5517676767677,2.0078392033182246,25.0,15.0
75b9ad91-b7a6-47de-99eb-72176d96ddba,136.27839282794156,70.84753342485747,284.4402075037783,111.29303424092689,0.13612052170160985,0.00508335920601852,0.5134013257212227,0.019759033669088797,0.14678982246041206,70.84753378476675,25.011565351010102,900.0,70.0,271.51725589225595,0.2509799004147781,30.0,20.0
762e7837-13a0-4727-8d04-7fb42a390b9b,121.23505466681988,51.04885614476985,511.5220926126533,242.23785678118531,0.1168156767971065,0.01572492169006734,0.5957148355967593,0.011664898735199119,0.13319135817102337,51.048858768557295,25.011565351010102,400.0,240.0,271.51725589225595,1.3586033074955537,30.0,20.0
763c1e40-0155-4e4f-991d-a2463500cb28,76.76036012112523,59.040618831363865,112.34499485062261,14.443275885083445,0.12223000726925504,0.011338642382880893,0.5200992822216962,0.015348569976635223,0.19544089130624168,59.04061810705924,22.505782674242425,400.0,50.0,678.7931397306396,0.10036192065991252,25.0,20.0
7680b73f-f618-4f53-aaf3-86bcf9893ce3,227.78988748362522,105.15414538153381,1020.3394994792502,563.4220126719719,0.06924834125131524,0.011279079120002105,0.6559072275475905,0.02053933130812831,0.09102878478749792,105.15414593027683,22.517348022727273,650.0,240.0,814.5517676767677,2.0078392033182246,30.0,15.0
76ba1445-39ce-41eb-aa47-d572410f9932,121.56343195280077,65.2153212354821,262.94132830089654,95.56260724951306,0.19084069145732324,0.004808565523863636,0.5007753808482218,0.01804192567558118,0.182730380973262,65.21532258282686,20.0115655155724,650.0,90.0,407.27588383838383,0.2509799004147781,25.0,15.0
76d54b07-aedb-4fab-9a7b-d3173158a076,41.404695687103825,55.966788959268584,40.26731878858135,-24.20588216511423,0.17019273498179716,0.018235551247211698,0.5601964154419193,0.013145461721833323,0.28305440172892665,55.966788143271174,25.011565351010102,650.0,50.0,814.5517676767677,0.04796556947260091,30.0,20.0
76fc27bd-bf82-4d0d-8e28-793ce38206fe,200.66681602160213,103.38526757814552,747.25958208239,384.1420970647107,0.16428035822480008,0.022871611579787454,0.612505740746633,0.020166864127605356,0.2506792655383987,103.38526558935781,22.505782674242425,650.0,400.0,814.5517676767677,0.8028953652793002,,
76fff763-4ed4-4a8b-beb3-741310038d16,114.07773419713997,62.82155308248083,251.53871680441156,88.72218408472033,0.18959128316114268,0.004760512036837122,0.499385072810606,0.01766780204510131,0.18292258533997285,62.82155383567163,20.0115655155724,900.0,90.0,814.5517676767677,0.2509799004147781,25.0,15.0
771a9568-cbbe-4bf1-8c27-6712b87307ba,130.58011623424122,67.59497943442369,271.8966323295852,100.5359175306705,0.15160133051761368,0.004958225815235691,0.5118314517783039,0.0185773665682945,0.1472029334049224,67.59497799700846,20.0115655155724,1200.0,70.0,271.51725589225595,0.2509799004147781,25.0,15.0
775cc2c5-c14a-405f-8449-cf4db25ddc65,43.435719063668,46.03860027571433,46.61743666474605,-19.712934522931896,0.24971177895633412,0.01776175779403409,0.5163204297264309,0.012968096670606395,0.39105925858067864,46.03859692914989,22.505782674242425,400.0,90.0,271.51725589225595,0.04796556947260091,25.0,20.0
7774cb11-2e17-41a3-8019-18ccdef82ecb,142.54766101591636,84.05981708141512,400.5431199942598,178.35047718463193,0.2672020252758838,0.038008743989846376,0.47596030553657415,0.019123141370731636,0.3386280484284861,84.05981900521445,25.011565351010102,900.0,320.0,407.27588383838383,0.3837245557808073,,
77a4587d-0f11-441f-a87a-7b6447b04bf0,45.883680872505735,53.02812846376687,46.03907696669853,-20.530910411571046,0.25431537885700756,0.01703137027583123,0.48756694959080377,0.013286501884575962,0.4021192920939148,53.028126471180215,22.505782674242425,900.0,90.0,407.27588383838383,0.04796556947260091,25.0,20.0
77a689fb-239e-4337-8eda-27fd88594c74,70.56038248314093,54.438921275551536,109.80378302412981,12.581174170973211,0.26786719443129203,0.009769868659364479,0.453456852491372,0.015326150537494797,0.34359517873083717,54.438921362926365,20.0115655155724,400.0,110.0,814.5517676767677,0.10036192065991252,25.0,15.0
77b6f3ed-81bb-43e2-85a3-07362865d362,195.28465684858202,85.68677228471525,631.0622454555353,313.219981196071,0.11923997242325338,0.023638199699074075,0.6205991162920453,0.0194976207116634,0.11938711213915613,85.68677168178684,20.0115655155724,1200.0,160.0,678.7931397306396,0.8028953652793002,25.0,15.0
77c2e198-eb81-4cc5-94a3-9fbc4dc78043,181.88175588662062,92.63630775715164,672.6809124427845,336.3965878922073,0.19830694444544403,0.023329632802379,0.6289407546352062,0.02003704789156104,0.25653180370025225,92.63630817814555,20.0115655155724,400.0,400.0,814.5517676767677,0.8028953652793002,,
784976bf-cbc7-4dfe-a127-666c49648847,144.65829536607805,80.24781202084093,413.15857944026544,180.52083614889233,0.2856680285516624,0.03891331259460227,0.48934104481447815,0.019644207696514607,0.3312536892748148,80.24781485120326,22.517348022727273,900.0,320.0,271.51725589225595,0.3837245557808073,,
791177a6-06ae-43ce-aae6-6769c1cb9f83,173.5875072922352,75.88243837378909,679.3882186304875,332.4304067814854,0.1915465016188973,0.022932507510690238,0.600132844051431,0.017250462498299195,0.2431224341665561,75.8824387027444,22.505782674242425,900.0,400.0,271.51725589225595,0.8028953652793002,,
7912015a-48ee-4a54-9fe7-11ab3372c50c,113.22483530093028,64.47238708166803,252.2252053041928,90.78383339449267,0.2422184459715383,0.004679344007060184,0.4893748421986742,0.018004369763345598,0.21829381417005944,64.47238585126217,22.517348022727273,400.0,110.0,814.5517676767677,0.2509799004147781,30.0,15.0
79456368-4e9e-4587-91b2-ee124ec20447,99.30374785784754,62.436158616688864,175.4680784110855,47.06242691226913,0.12101921038544822,0.007490639542108586,0.5164155506402567,0.016921372646002315,0.1477850070438852,62.43615829754297,20.0115655155724,400.0,50.0,678.7931397306396,0.16982541343694404,25.0,15.0
796f6d5a-0695-4181-a71a-7a21270ff1d9,93.13916408796611,59.043870981644666,178.392820687705,49.36787169274462,0.24370560209111952,0.006641215366835017,0.47395149630802824,0.016699785016793145,0.2708945214696609,59.04387161307021,20.0115655155724,400.0,110.0,407.27588383838383,0.16982541343694404,25.0,15.0
79cd578f-3f2f-4eae-892d-05b0615df6c6,91.12842499323708,59.71986747939832,172.04045666902311,44.521051372011414,0.2053198211897096,0.006640002618287038,0.48264682340288306,0.016809334734731063,0.23385047715238938,59.71986603264272,20.0115655155724,1200.0,90.0,814.5517676767677,0.16982541343694404,25.0,15.0
79e91995-dd2b-4cc6-8723-3fc366a029bc,219.4649996683862,100.31921776085765,1045.2897997084926,585.295089846518,0.10152467342475797,0.01071487137003367,0.621907289629398,0.019749536887562362,0.13851860632698262,100.31921504813188,25.011565351010102,1200.0,400.0,678.7931397306396,2.0078392033182246,,
7a1c626d-2c4e-41d8-a313-670c2f735895,186.02344314394355,78.18782338684565,645.6496797382345,314.9978263437734,0.15314644859022516,0.02313997117037037,0.5921156043867108,0.018725955207845705,0.16651186927787318,78.18782247354393,22.517348022727273,900.0,240.0,271.51725589225595,0.8028953652793002,30.0,15.0
7a2b375c-e075-498a-bd47-423a5db5df50,35.49063097784865,50.747911105088264,33.101161468150366,-29.25944217836665,0.18542328234006733,0.017924683510890157,0.5294385055916456,0.011741202784476108,0.28390087731059943,50.747912055998036,22.517348022727273,1200.0,50.0,678.7931397306396,0.04796556947260091,30.0,15.0
7a2c4c9d-2066-462e-a2f6-9170fac8c544,45.419514873444186,53.617096138161045,45.88201032033459,-21.546430655183237,0.23853139475768095,0.01793623014215067,0.5048285504528619,0.013776630984069262,0.3448939924586372,53.61709468585827,20.0115655155724,650.0,70.0,407.27588383838383,0.04796556947260091,25.0,15.0
7a2edf8d-c8b8-4b74-83ab-c6532af4e6a8,67.22509091467579,56.34318615978863,102.56084474418287,8.33712891178936,0.20684637580808082,0.009928264987352695,0.46717633020507154,0.015524834002138761,0.30570289438303627,56.343182683508665,25.011565351010102,1200.0,90.0,814.5517676767677,0.10036192065991252,30.0,20.0
7a7aba42-84a4-4a40-a42b-9c696d318a73,226.84413487599886,91.50919961217825,1007.7588799063341,560.845815023534,0.05287492311126894,0.011331937227798818,0.650918395705566,0.01890856981268237,0.06004866871995285,91.50920106120299,25.011565351010102,400.0,160.0,814.5517676767677,2.0078392033182246,30.0,20.0
7a8993b9-67af-407c-b1f7-836242d25b4d,227.30961108896287,86.49253387300433,887.2316279454756,472.95956244969767,0.07258996214629629,0.016119408791603534,0.6471610853222328,0.01896527387394318,0.07809814242322279,86.4925331408587,22.505782674242425,400.0,160.0,678.7931397306396,1.3586033074955537,25.0,20.0
7aadb217-284d-4cd7-9581-6e08d99b7424,69.31086569597764,57.07586101325809,99.79229682948127,5.681906188922035,0.13858258760343015,0.010883907305566078,0.5042210047158038,0.014911229196002811,0.1992472799795817,57.07586208054642,20.0115655155724,1200.0,50.0,407.27588383838383,0.10036192065991252,25.0,15.0
7add2a1b-718b-48a0-835f-f799362cf2eb,46.47340113074387,54.89897046171743,48.845120535509174,-19.160917838609898,0.16783671251199497,0.019282380883364897,0.5839514074957912,0.013837679153012566,0.27258296670901444,54.89896912412029,22.505782674242425,400.0,50.0,678.7931397306396,0.04796556947260091,25.0,20.0
7b466df5-4b45-4ef6-8749-80c87d485626,39.29550044752234,52.269898642461534,38.71381091380534,-25.576614298470503,0.16584849149821126,0.01857821071696128,0.5524228255513468,0.012183498862387392,0.2794127286382659,52.26989726783853,22.505782674242425,1200.0,50.0,678.7931397306396,0.04796556947260091,25.0,20.0
7b8e7aff-5186-4b96-98b3-e106db1cf0a5,214.9096439872724,100.34871016458958,849.0561334460135,450.4419573849387,0.10226124647887205,0.015574626906418353,0.6269965984283881,0.02100460130956768,0.12068292412223584,100.34871255632596,22.517348022727273,1200.0,240.0,678.7931397306396,1.3586033074955537,30.0,15.0
7bbeb010-8731-4df9-8f6a-f0fc67352d97,44.46586446637944,52.59665760228951,43.467606629449605,-22.804916040467106,0.2833070473644781,0.016756083716835016,0.4585221393604798,0.013323062975448469,0.4046954639434918,52.596657342901935,20.0115655155724,900.0,90.0,678.7931397306396,0.04796556947260091,25.0,15.0
7bc71481-9a42-47f6-be53-6caded0a8d65,177.20250939583465,78.15467566126406,650.9956445774347,322.4298776164666,0.17222606674068813,0.022199883047958755,0.5654774823525673,0.01798629024343147,0.21028439881149955,78.15467594704887,25.011565351010102,1200.0,320.0,271.51725589225595,0.8028953652793002,,
7c739e9b-fd0e-4eb3-ac64-7b82b87c0443,189.21727262306806,94.98375516276433,671.7840962113751,342.1539406942458,0.16324970844439182,0.022044683785732325,0.5773802235475168,0.019852657615428326,0.21514610117953906,94.98375469161627,25.011565351010102,650.0,320.0,814.5517676767677,0.8028953652793002,,
7c80411c-4a9a-4158-9950-971537a2d2f3,132.97491724830203,67.7628408399086,373.4352177612018,162.11977073887286,0.32364462480608164,0.03613928757866162,0.45258423141884463,0.01892657182548865,0.2670626871782559,67.76284189874308,25.011565351010102,900.0,240.0,678.7931397306396,0.3837245557808073,30.0,20.0
7cb84cdc-ea0e-47ec-967e-77f6b0f5627a,164.2340821900684,70.59988069681481,680.6146862239718,336.5432310077595,0.11136980564485481,0.01609410748339647,0.6282388485665932,0.015864072442313856,0.12571517749073463,70.59988148128413,22.517348022727273,1200.0,240.0,271.51725589225595,1.3586033074955537,30.0,15.0
7cca50d9-5da7-4190-8388-ed370ba09bf6,130.64008236815602,60.11584277036847,341.3759239148259,141.1912106342585,0.26523621278046083,0.038370429330818606,0.4654631207206649,0.016808143582254156,0.19933165565249603,60.115844976691044,20.0115655155724,400.0,160.0,814.5517676767677,0.3837245557808073,25.0,15.0
7ce2e0dd-da73-44fe-b396-3c950b3870ed,229.352459871271,99.38230303985056,1043.6580189422123,581.9502921588199,0.0662672241026094,0.011264091533954124,0.6511237953958333,0.019406237124652614,0.08849667714963246,99.38230555654131,25.011565351010102,650.0,240.0,678.7931397306396,2.0078392033182246,30.0,20.0
7d1de764-ac06-4709-8868-3b383d15f9c8,111.25971225883336,63.441841733469815,242.75341914861332,84.06771331321958,0.19951739512294825,0.004773220973874159,0.4975422058041877,0.017924028462429905,0.18571171107148124,63.44184178948578,22.517348022727273,900.0,90.0,678.7931397306396,0.2509799004147781,30.0,15.0
7d2073ca-80a6-4567-a578-fa3c7a7ebc57,227.6618758973473,96.7021232237823,873.7797286355291,463.80171393264834,0.08188163368356481,0.016409535315425088,0.6747941167588067,0.021271680555127057,0.08087078529805934,96.70212324888703,20.0115655155724,900.0,160.0,814.5517676767677,1.3586033074955537,25.0,15.0
7d5520f3-6def-4153-bdcc-7bda9cc6a2f7,183.90577278236768,78.23555315424561,640.8856085024587,319.31427501906177,0.14589258644526515,0.022794283615141,0.5820653184621317,0.017984412576027533,0.16750985253869366,78.23555567420884,25.011565351010102,400.0,240.0,407.27588383838383,0.8028953652793002,30.0,20.0
7d64850e-95b7-4659-8a0b-2e7165a8d01f,170.58996509030206,62.52966444543484,564.9379133209962,267.32608224665483,0.17278244873713175,0.02200407420468224,0.5530766698986427,0.016550516968433245,0.11753401214893609,62.529665442855716,20.0115655155724,650.0,160.0,271.51725589225595,0.8028953652793002,25.0,15.0
7d69db4b-7ba1-461c-80e1-d40b840eaf73,69.36917959064013,58.64212348254739,100.35361444436353,7.12207917294016,0.1262607542304293,0.010933377117666246,0.5070052705728114,0.015454538952407275,0.20053394039269104,58.64212511481392,25.011565351010102,900.0,50.0,407.27588383838383,0.10036192065991252,30.0,20.0
7da54c0d-d28a-4898-bd55-61ba4e2c2bea,177.44148010435512,80.27049536527294,644.4677415687769,313.405833875031,0.17937144746306818,0.022591914735258838,0.5812471395523569,0.018651934681342533,0.21260271376425774,80.27049566702871,22.517348022727273,1200.0,320.0,271.51725589225595,0.8028953652793002,,
7dbaa71d-3bad-40a2-95ba-797da8b12430,102.15144120004058,65.40900075326869,176.97675985476175,49.21219788958448,0.1276644715085438,0.007488009755061027,0.5160266001255261,0.01754216746950606,0.14935995029991522,65.40900046495497,22.517348022727273,400.0,50.0,271.51725589225595,0.16982541343694404,30.0,15.0
7dcef175-9174-4146-827d-5551bd2b7d0d,137.86675624643985,67.02001912956376,382.59582505165054,168.2393992416667,0.3298073139796401,0.0357359845048506,0.4461465480955282,0.019044315733765096,0.2646453317053338,67.02001856213434,25.011565351010102,900.0,240.0,407.27588383838383,0.3837245557808073,30.0,20.0
7ddc1ca0-d923-4af9-9443-30b69f5e452b,197.57775796522316,97.5267301242013,748.0250084325751,381.93579364557803,0.18136165286347852,0.022947931894633834,0.6115308428574284,0.019632163130961736,0.24802598153627506,97.52673408399534,22.505782674242425,400.0,400.0,814.5517676767677,0.8028953652793002,,
7de1352f-ad3a-41aa-9da6-a96fcf170f04,101.38066139517414,62.376386932925385,177.80363775403154,48.71543963473346,0.12096808249953704,0.007558763696296296,0.5176069396343644,0.01690845268252352,0.14721944046425345,62.376387981708646,20.0115655155724,400.0,50.0,271.51725589225595,0.16982541343694404,25.0,15.0
7de511eb-e010-4cc5-83d5-4d78f1cbcfd9,217.52172096719198,95.45980615065308,828.5930664703834,438.9057519321998,0.07342407499088804,0.015885363740214646,0.637987412383407,0.020646065053449833,0.08300428867489579,95.45980590360128,22.517348022727273,650.0,160.0,814.5517676767677,1.3586033074955537,30.0,15.0
7de96f62-8730-4a3f-b5a2-f1d75a32fc00,146.74401869503268,64.65830348491625,710.6938805062159,359.29461956241187,0.10786591927007577,0.011399274539667511,0.6435598810019465,0.013792219830767546,0.12559742234372953,64.65830314266573,22.517348022727273,400.0,320.0,407.27588383838383,2.0078392033182246,,
7e16d9d1-3dc9-429d-8f0a-4bc8886a6e36,70.10237689746954,58.58501900674723,101.97846523458915,8.649206480063878,0.23892813464299245,0.009760544725715489,0.4643869841602483,0.015480812483323312,0.30952118114229765,58.58501996140517,22.517348022727273,900.0,90.0,271.51725589225595,0.10036192065991252,30.0,15.0
7e3a167e-e17a-4076-aff8-7c3908c472c1,125.52376224114496,72.5467263864309,381.90813291080923,160.86026330080315,0.3043117291577231,0.04127592153785774,0.5263275402502736,0.017967765165907743,0.388546798246661,72.54672710460582,20.0115655155724,400.0,400.0,271.51725589225595,0.3837245557808073,,
7e5d6dca-aa0f-4f3d-896f-321add58f137,67.55692704019013,57.036327330508804,99.73147393741894,6.607062181441302,0.23755507683143945,0.009764695307175927,0.46393595436521473,0.015286915428203198,0.3092783159679552,57.03632883606529,22.517348022727273,900.0,90.0,407.27588383838383,0.10036192065991252,30.0,15.0
7e700728-62c0-4596-8cbc-436d5bc92f61,213.91376403682983,92.60500889738027,940.4363259404503,513.4644294622071,0.05628282857109639,0.011479020163162879,0.6622815225400884,0.018904880335326273,0.06287467304650572,92.60500708345334,22.517348022727273,650.0,160.0,678.7931397306396,2.0078392033182246,30.0,15.0
7ea11da0-8b65-4d78-96c1-c890675ed5f8,193.1868550894342,88.16851574867567,655.3106883768008,332.5706418772815,0.1360239508369634,0.02197333592987163,0.5683456301249579,0.019761831700247222,0.16730738124629654,88.16851413985954,25.011565351010102,900.0,240.0,678.7931397306396,0.8028953652793002,30.0,20.0
7ea48aeb-756e-43a9-ae07-1959b7a0c9c3,136.58063172198612,79.62062594107036,419.72674747305894,186.4997211569603,0.2834326657887205,0.04006130442094907,0.509476353956492,0.017868189467410207,0.38193603918235147,79.6206277201771,22.505782674242425,400.0,400.0,678.7931397306396,0.3837245557808073,,
7ed2385e-d74c-4042-a518-edc3fabec6fd,174.72592346893813,81.83703042976738,672.4419432389907,333.55066223623754,0.18978845336752947,0.02255248958671086,0.5864542203950233,0.018080956183906965,0.2503694837362558,81.83703155042508,25.011565351010102,1200.0,400.0,271.51725589225595,0.8028953652793002,,
7ee8997e-b68b-4dd7-b59d-b6748000b309,71.98818497100831,59.45821005474253,107.75593208659097,12.95395363591033,0.24673625395275678,0.009500813761805555,0.45322063237331656,0.016003864531783926,0.35007048654967354,59.45820943783025,25.011565351010102,1200.0,110.0,271.51725589225595,0.10036192065991252,30.0,20.0
7ef78b1d-7d59-4cd0-b483-bd1426d992e6,70.35472735473027,56.94668874563688,108.07729090994403,10.948119850155242,0.27089179427335863,0.00938508520492424,0.4487220198907828,0.015538389011005627,0.3466909140938536,56.94668816327295,20.0115655155724,900.0,110.0,814.5517676767677,0.10036192065991252,25.0,15.0
7efb3f59-c5f4-454f-af2e-da8971c23375,45.19714512312187,51.726583956890195,46.71141928758955,-20.86598390959988,0.23770786840688127,0.018227754459648568,0.5166706433449074,0.013820437419977521,0.3414972169322927,51.72658118735222,20.0115655155724,400.0,70.0,814.5517676767677,0.04796556947260091,25.0,15.0
7f5cf757-5f97-41ba-9de4-01532ca5d298,130.27268149135682,59.885640232470585,340.3808306476677,140.49755686656275,0.264386472996349,0.03840121451408881,0.46551139173983574,0.016750064432623148,0.19944279692189767,59.885641643098474,20.0115655155724,400.0,160.0,678.7931397306396,0.3837245557808073,25.0,15.0
7f8aacba-7e07-4e4f-95f1-2c3ea93886b4,92.7419786684761,62.30604290388344,168.60639072436538,42.9894360502892,0.17237078816861318,0.006985359027272728,0.4960599704613846,0.017199563302990696,0.1963381891303677,62.30604410422006,22.517348022727273,650.0,70.0,814.5517676767677,0.16982541343694404,30.0,15.0
7f9924d1-7133-456a-abbe-7c5bfb448101,167.51401078699115,67.47365462308737,667.9025087025693,336.18402832575026,0.07870249819057239,0.01586303533558502,0.6059954578047665,0.015029431992626555,0.08689361326701044,67.47365305577155,25.011565351010102,900.0,160.0,271.51725589225595,1.3586033074955537,30.0,20.0
7fcb7ef5-481d-4094-8202-6652e58513fe,87.11498525545883,59.26531645147072,163.27182869626532,39.91310723426428,0.21403559670165195,0.006645693003377525,0.48078805743334374,0.01684826656849324,0.23714090143932243,59.26531493689106,22.517348022727273,1200.0,90.0,678.7931397306396,0.16982541343694404,30.0,15.0
7fcd51e0-55bf-45b3-acb6-92f4beee9558,38.20376983642812,53.3194335047086,35.90181218255087,-26.863611200236097,0.17211052645717595,0.01796335001751894,0.5486065124739058,0.012334959340364543,0.2841926704116877,53.31943440810023,25.011565351010102,1200.0,50.0,271.51725589225595,0.04796556947260091,30.0,20.0
804aed86-a8c2-4099-ada7-2fa70471386c,113.00156853032648,46.105347987331804,535.7582640768563,256.6250864287041,0.05721178803221801,0.011753124062699917,0.6380183604294507,0.010034364988736303,0.07149987000166129,46.105349800864055,25.011565351010102,400.0,160.0,271.51725589225595,2.0078392033182246,30.0,20.0
80562ed3-c5b8-46c3-a18f-bd87d512a06b,43.892195755423074,53.85515786502817,41.0183045539372,-22.62656134570275,0.2603605436440446,0.016407504674295033,0.47955922951567753,0.013103357586461799,0.4101419590965943,53.85515824604826,25.011565351010102,900.0,90.0,271.51725589225595,0.04796556947260091,30.0,20.0
8095adc9-518e-4a92-a79a-9bbc2d4a5865,73.35225129215172,57.70947352930702,113.05567526076817,14.601142606079012,0.20060538884154042,0.0100533528309133,0.47236802772874587,0.015560708379787649,0.30008076074778006,57.70947294226566,22.505782674242425,900.0,90.0,678.7931397306396,0.10036192065991252,25.0,20.0
80ad6675-d110-46bd-a3d1-dd2ad9bbbc99,43.55323331741111,51.757004074458635,41.12478709514754,-23.385061685938272,0.3322266388562711,0.01541534326372054,0.4274082158436448,0.013133004267689872,0.45573313962543405,51.757002352413636,22.517348022727273,900.0,110.0,814.5517676767677,0.04796556947260091,30.0,15.0
80cefcd5-6054-46b9-8ff1-ec2d886cd2bd,40.62026234648579,51.192927697457534,39.50143085955293,-24.865204932655654,0.21363913789835862,0.01758343462493687,0.5105025025671295,0.012214002029121922,0.3490467753886946,51.19292680302393,22.505782674242425,1200.0,70.0,814.5517676767677,0.04796556947260091,25.0,20.0
80de471d-bc74-49bc-ae85-b84a5b98c50a,45.10302789399366,54.061912739554316,45.29682822651673,-20.00914405703102,0.21817942699074075,0.017753899657775678,0.5371466056281566,0.013765156887521248,0.34719611067217643,54.06191301863743,25.011565351010102,400.0,70.0,814.5517676767677,0.04796556947260091,30.0,20.0
80eb073c-a7a8-457b-8036-a8e9b693e979,44.7372889614139,56.02641072243176,45.6233918163372,-21.422056704802056,0.1693795855842803,0.01886683201183712,0.5639459827866161,0.013485665724797131,0.27693696692919245,56.026412193217226,22.505782674242425,650.0,50.0,678.7931397306396,0.04796556947260091,25.0,20.0
81115e6a-0dbe-4230-87f8-89e203a7af52,239.9885468463927,97.34503831020467,1099.9326665585463,612.1618556110099,0.06146837514453915,0.01164302003136574,0.686057849737479,0.01913073801816866,0.08485123407207353,97.34504122670499,22.505782674242425,650.0,240.0,678.7931397306396,2.0078392033182246,25.0,20.0
8152cc8a-0854-4017-af4c-2281a2b511a3,69.71482530662666,58.829400484549744,101.61924780585825,7.6109728338765805,0.19302847633001896,0.01030823067292719,0.4837382844070917,0.01549056728787022,0.25954448284260123,58.82939986344156,22.517348022727273,650.0,70.0,814.5517676767677,0.10036192065991252,30.0,15.0
81d49ef2-0e5b-4885-a315-76ec12fcabf3,143.07720903235403,95.51512701382278,407.83137092692823,178.6475889101606,0.306079210248106,0.04045610317433712,0.5270034313116897,0.020016710701971405,0.4032454618059263,95.5151262968065,20.0115655155724,900.0,400.0,678.7931397306396,0.3837245557808073,,
81e2472b-0a91-4cbc-a3cf-04ca6ec4923d,98.02341258123694,64.33832853078157,183.61542697619186,54.20451981576807,0.1869785572306397,0.006958496410784933,0.4879309152384259,0.017883935476066676,0.23594363595115078,64.33832785758075,25.011565351010102,400.0,90.0,678.7931397306396,0.16982541343694404,30.0,20.0
81e39668-1991-47fe-832a-2b4f4c4578f3,164.67737769778205,75.91486168488211,719.9031440340749,360.7347164220538,0.1578978725138363,0.015490715055415613,0.6159252608213807,0.016667909196905653,0.19053533219860075,75.91486033619974,22.517348022727273,400.0,400.0,407.27588383838383,1.3586033074955537,,
81f83104-5fdf-4df3-8548-e8fe3179dcc6,123.99859411889975,65.73559949247338,260.81604429333987,94.20412440717357,0.15116671430932238,0.004952268003377525,0.511104363018045,0.018119268596292128,0.14846048560787675,65.73559658983525,20.0115655155724,900.0,70.0,407.27588383838383,0.2509799004147781,25.0,15.0
8220633b-a3b2-4f9d-90ac-9198b7bc9e12,147.26760371838625,87.3030819786356,440.7495075874056,193.60317186817582,0.2974007382131734,0.041077986239351855,0.5304250098378682,0.020455967234584625,0.38424519878507063,87.3030824375775,20.0115655155724,900.0,400.0,271.51725589225595,0.3837245557808073,,
822a927b-ed2b-44a4-b0c5-8d90f971b0ab,67.0777917795341,56.71830684304957,100.00614103838714,6.5223345962551385,0.23746456853714223,0.00974338117242214,0.46351655957396887,0.015295987680734638,0.30849390957977374,56.71830808457702,22.517348022727273,900.0,90.0,814.5517676767677,0.10036192065991252,30.0,15.0
828241d6-325f-46a9-8533-bc2dffea07be,119.46705251179652,65.02404746613712,260.5866448259242,94.73086903229931,0.13367923049510733,0.0050142427357007585,0.5104912121450441,0.018935771562874116,0.1469326088760554,65.02404543765624,25.011565351010102,1200.0,70.0,678.7931397306396,0.2509799004147781,30.0,20.0
82c2f23b-d160-4442-adc3-48e60fd16278,91.84008591826293,60.65407975355224,176.49141744551648,47.34046817361409,0.24635338979824287,0.006380159693707912,0.47126856349105645,0.01704100240738833,0.27102722963437964,60.65408188901367,20.0115655155724,900.0,110.0,814.5517676767677,0.16982541343694404,25.0,15.0
82c74d9e-b30b-43ff-b6da-7c8c54a458cd,234.37173123028364,97.76657663554522,901.2155862715967,476.30813719184425,0.07692078231272098,0.016530204285805976,0.6769378821509471,0.0214750932971218,0.08056292878350534,97.76657482099967,20.0115655155724,650.0,160.0,678.7931397306396,1.3586033074955537,25.0,15.0
830c261c-0bb7-40be-b710-ff33b78571f2,119.35922088901228,45.36389825784718,587.752860484075,281.5506214188325,0.0733505925251473,0.01214556885652357,0.6796965738578493,0.010300117706011006,0.0983968025603894,45.36389589084192,22.505782674242425,400.0,240.0,271.51725589225595,2.0078392033182246,25.0,20.0
83183cb1-31d2-48cd-8d15-42c298b69f33,135.70830466523284,67.00502237471979,282.22025394317154,108.06755981148567,0.0932282846107218,0.005230251619423401,0.5269523918150252,0.018548773127792947,0.10772898005936138,67.00502355197867,22.505782674242425,650.0,50.0,407.27588383838383,0.2509799004147781,25.0,20.0
836765d6-a940-4884-ba7f-58dc353e8c6c,133.10799463459105,63.669050573806494,275.8444860835528,105.38674916804747,0.0919624388616793,0.0054533610315867,0.5293516610708123,0.01767536168228196,0.10835797985531859,63.66905169317818,22.505782674242425,400.0,50.0,271.51725589225595,0.2509799004147781,25.0,20.0
836c1643-91b6-438f-a8c0-dce43e2742fa,149.36039499097097,80.6303146229216,434.65844526344944,195.70281359749993,0.2764638633567971,0.03909082379308712,0.49243636232881943,0.019573625978678066,0.3258435812743138,80.63031089301609,25.011565351010102,900.0,320.0,271.51725589225595,0.3837245557808073,,
838ed715-6a85-4ba2-947f-5b2ab72bd0e4,97.45404409787739,61.61810282876941,177.14042440343405,48.22815431973024,0.16447376498132363,0.007174320086531986,0.5001803356844486,0.016916409178636033,0.19394186551944392,61.61810167919661,20.0115655155724,400.0,70.0,678.7931397306396,0.16982541343694404,25.0,15.0
83d35cdb-1384-4fae-986b-5c8d8a8b42a0,122.69280509137093,66.94562174369587,264.5489733779736,97.60676098723428,0.1349392316802504,0.005059690683869949,0.5116219826064814,0.019003434768292818,0.1483497440628804,66.9456212375963,25.011565351010102,650.0,70.0,678.7931397306396,0.2509799004147781,30.0,20.0
83efad34-faaf-486b-aeeb-c4c68a28a842,71.00677095218205,58.417817339222644,106.38624446050473,11.337641123236693,0.28294570782944023,0.009369704824463384,0.4502793215089962,0.015761797845502905,0.350681007280555,58.41781797810196,22.517348022727273,650.0,110.0,271.51725589225595,0.10036192065991252,30.0,15.0
83f59d6f-9e43-44b9-a887-9d0a5117a961,138.61697256193938,63.738747305487834,357.16027537771487,149.5642309384429,0.2685392702959596,0.03794645699492846,0.4651110224126578,0.0176163076133133,0.19684895876004027,63.7387483074955,20.0115655155724,900.0,160.0,407.27588383838383,0.3837245557808073,25.0,15.0
842f6aac-632c-4e0a-93bd-d9d153c58180,119.34428828216215,65.15789621988769,264.58462102302013,96.58181322557886,0.2298617194807976,0.004585028812763047,0.49025754797958754,0.018150293439059495,0.21331666113527972,65.15789968431547,20.0115655155724,900.0,110.0,407.27588383838383,0.2509799004147781,25.0,15.0
842fd1cb-c64c-4165-ba7e-2cd3a4244606,69.90173963455518,57.00304485100558,102.74472365777392,7.602765905177448,0.18522000793692125,0.010340109222495793,0.48276366879882143,0.015115096764966831,0.2561705839743595,57.003045618549066,20.0115655155724,1200.0,70.0,407.27588383838383,0.10036192065991252,25.0,15.0
8430e305-e752-43b5-9216-884fb1d9f719,132.917918884918,62.226134809852354,346.4390744404376,143.63903441649987,0.26760555530761787,0.038004099405545035,0.4650665768224537,0.017282216723847416,0.1983299004491855,62.22613612914717,20.0115655155724,650.0,160.0,678.7931397306396,0.3837245557808073,25.0,15.0
8450f9d5-3a17-4ffe-bc70-05fff703dcef,71.35473209979544,60.21016297381696,102.75897686126656,8.968248766316684,0.12687696649689603,0.010997395130639732,0.510798964003893,0.01565099154452685,0.20113513233961,60.210163784344076,25.011565351010102,650.0,50.0,407.27588383838383,0.10036192065991252,30.0,20.0
84899d68-0196-4324-a7c5-6e826b3f65b6,204.5326907512488,88.15472993570881,823.982025120992,428.1645304481408,0.1087673269888468,0.015848347109943182,0.6331712576320287,0.01944192869546104,0.11940877228158041,88.15473033467562,22.517348022727273,900.0,240.0,407.27588383838383,1.3586033074955537,30.0,15.0
84a218a2-52f1-46d8-9525-3f82c8cf196c,71.53220989808455,59.821554717757586,105.36773575712495,10.631278927213033,0.1695162209980534,0.010478015827251684,0.48892283778009255,0.015815940633730916,0.2582479900632035,59.821554414847775,25.011565351010102,650.0,70.0,678.7931397306396,0.10036192065991252,30.0,20.0
84ae6a38-385a-4c2d-89ad-c30e5708bb57,139.48543150470744,68.17707169822172,295.4145821749906,116.02220990715664,0.12859407726799243,0.00506060794201389,0.5162552512139099,0.01894385942613028,0.14244253653970532,68.177070421511,22.505782674242425,900.0,70.0,271.51725589225595,0.2509799004147781,25.0,20.0
85150f84-10a4-4203-a4c4-f81632d6f231,140.68674182503696,81.07946029371061,410.2821916193251,182.11351113887667,0.24719375543297561,0.040444600697064396,0.5125241136109638,0.01840009660375074,0.33136816045827105,81.07946168687529,22.505782674242425,900.0,320.0,814.5517676767677,0.3837245557808073,,
851940cf-68c7-4e5b-8cfe-86d71fb1115c,98.74181998354723,64.28029617933112,177.51531313120685,48.887053820827205,0.10903041727119106,0.007391115513930977,0.5146333042838803,0.017864722141493747,0.1471921804211606,64.28029694670933,25.011565351010102,650.0,50.0,678.7931397306396,0.16982541343694404,30.0,20.0
853d4800-7940-43cd-91fa-90497d5e4130,71.97824500975076,57.894420107696334,106.97697321253385,10.543842990426471,0.2298173386483586,0.009858559392708334,0.4653704314453915,0.015396912698591978,0.3048219463206654,57.89441837735403,20.0115655155724,1200.0,90.0,271.51725589225595,0.10036192065991252,25.0,15.0
85435fbc-7992-411f-9fa8-386e102e7450,219.1436497018938,109.12435044393935,892.8692374453552,474.57140935239124,0.13091487050317763,0.01547055589046717,0.6314712700411405,0.02162342042091723,0.15662702975026824,109.1243488759434,22.517348022727273,900.0,320.0,678.7931397306396,1.3586033074955537,,
856c8311-05de-402f-84ff-be894d85d36d,89.31217640128521,60.70394047463912,166.6724410935892,41.976976785897676,0.21555616744039352,0.006651743638541667,0.48143786712263253,0.017061502326943027,0.2375675921200359,60.70394137811736,22.517348022727273,900.0,90.0,678.7931397306396,0.16982541343694404,30.0,15.0
85ac9b04-f905-44da-af81-a1b8d3d67c35,135.73124744673552,66.92850993597385,282.65777531040834,108.0146252419639,0.09309780966393098,0.0051813332258207065,0.52628207843508,0.018667326671300024,0.10718354695578249,66.92850776070765,22.505782674242425,900.0,50.0,407.27588383838383,0.2509799004147781,25.0,20.0
85ff2afc-91b0-416f-94d6-05ff64abe4ca,195.1415208999057,98.4398863971333,689.9892533883116,344.2253078630861,0.1721336289341856,0.023450173144812708,0.6311439773079124,0.020614805829411338,0.2166113945726157,98.43988879578153,20.0115655155724,650.0,320.0,678.7931397306396,0.8028953652793002,,
8620fd5f-c16a-4c29-8bcf-156f97b1bf8e,71.28392762429763,59.61646101104833,102.45325904839413,8.691755221487783,0.19362595776914981,0.010344783382323232,0.4853575588704755,0.015554987313199807,0.2600093284419304,59.61645937050096,22.517348022727273,650.0,70.0,271.51725589225595,0.10036192065991252,30.0,15.0
8629f670-ef9b-4b78-a7fa-1a8c6c183130,226.16911826192901,84.57718514437677,1012.8721364678657,555.3810556929253,0.04338792313997264,0.011874146093023992,0.6932961093803347,0.01759160918195089,0.058257231620043405,84.57718380224087,22.505782674242425,400.0,160.0,678.7931397306396,2.0078392033182246,25.0,20.0
864cb40d-49e2-4fa9-852d-4ac9399c1baf,130.32695586539782,67.08472016923078,368.7036559291997,158.74909892558665,0.32339352342792504,0.03612203525324074,0.4520087094998842,0.018781135549428226,0.2674884490889733,67.0847190397985,25.011565351010102,900.0,240.0,814.5517676767677,0.3837245557808073,30.0,20.0
86618fab-b735-43a0-9cbb-80fdb0fe4046,124.22518381815735,64.82669867222069,260.1621394757167,95.85677827109232,0.1579927962466225,0.005182422403651094,0.5123884869386574,0.018089349419152898,0.14985618879468826,64.82669896589267,22.517348022727273,400.0,70.0,271.51725589225595,0.2509799004147781,30.0,15.0
8695d6f4-298d-48b6-89b4-b720b3dc6f3e,130.27790265234404,62.11541951184607,366.3140633794444,159.2765561382653,0.3307962424483375,0.036109463914846374,0.44656429780473483,0.01788904652162836,0.2669669036854789,62.11541963519333,25.011565351010102,400.0,240.0,407.27588383838383,0.3837245557808073,30.0,20.0
86ff645a-71d8-418d-a542-a353b97f435e,115.9498028000888,64.42434076085362,261.2901221460493,95.03798199296817,0.16889285057502101,0.0048453364457596805,0.4997613057725695,0.018915606458087326,0.18053459108257244,64.42434025856406,25.011565351010102,1200.0,90.0,814.5517676767677,0.2509799004147781,30.0,20.0
8701f197-11a4-45cb-bf31-5e84efae79f8,45.08736873592882,51.485792650637016,44.63732882728439,-21.19249916031484,0.29044687222253784,0.01621253363831019,0.45309772911489904,0.012964532774205138,0.4502517956516097,51.48579169206725,22.505782674242425,900.0,110.0,814.5517676767677,0.04796556947260091,25.0,20.0
871210b7-3964-4e74-8dff-9598e99580c5,185.38283507805855,105.5749714050468,656.2556156576155,332.0349377649715,0.19336598722800924,0.021977684504050923,0.5826529607085438,0.02067568337389434,0.26780665162529377,105.57497057095621,22.517348022727273,900.0,400.0,678.7931397306396,0.8028953652793002,,
8712b8db-995d-44fc-9822-abe0f4568479,43.98177941742624,52.38958602615684,41.25434082305044,-22.4282773404903,0.2982413187684133,0.01569784447626263,0.44867281570875417,0.013067410214249786,0.45670492081128006,52.389587454957955,25.011565351010102,900.0,110.0,407.27588383838383,0.04796556947260091,30.0,20.0
87368464-b21e-4c7b-83c3-5d564b5f02af,211.52337935739652,89.61801484100937,931.2682259310161,493.5551339353755,0.1293642981563447,0.015789991871022726,0.6461674171820286,0.019192911748830036,0.17328508556561392,89.6180169282865,22.505782674242425,400.0,400.0,678.7931397306396,1.3586033074955537,,
876500ab-e915-4532-9aa0-2cc74c0e66c6,129.3768241159017,64.49241820517774,277.3943273905613,106.1786397864563,0.12751051858098694,0.0051970227303766835,0.5167539125654462,0.0179012256711913,0.14521756573707492,64.49241718854279,22.505782674242425,400.0,70.0,407.27588383838383,0.2509799004147781,25.0,20.0
876a176c-3149-4109-a640-584fdf26e0a1,94.46273447513848,62.84912513774111,174.86847173772986,47.817494861660556,0.21716355979271884,0.006797417698526936,0.4844812654669613,0.017324995669728973,0.23824426300953394,62.84912330725895,22.517348022727273,400.0,90.0,814.5517676767677,0.16982541343694404,30.0,15.0
876b73d3-f06d-43ba-9c03-dee383503198,74.14659332823477,56.09279815473405,114.45527703455951,16.215900940318104,0.1997199934998948,0.010448063561584595,0.4784835816424663,0.015283731974478918,0.2987409652646974,56.09279810524276,22.505782674242425,400.0,90.0,678.7931397306396,0.10036192065991252,25.0,20.0
8798e272-83be-4978-8214-d252ba8df4ba,132.1126280081144,58.327881910528724,342.6667527829433,142.6001370656587,0.27323909374505473,0.03841271051066919,0.46476793018050283,0.016855328992803204,0.19820451955958818,58.3278834223392,22.517348022727273,400.0,160.0,271.51725589225595,0.3837245557808073,30.0,15.0
87b2139d-3312-4453-aff5-4b37e08d8cee,42.61219846696172,54.66175333272007,42.5923184120316,-23.18515788570556,0.16668137900389313,0.01872218116187921,0.5587651292055977,0.012933775457756225,0.2782540899772774,54.66175404255325,22.505782674242425,1200.0,50.0,271.51725589225595,0.04796556947260091,25.0,20.0
881947b1-87ca-46b9-8005-4592f4b86dbb,98.24377506566992,62.560378358781385,185.68939767973384,53.351298376360376,0.24712084019649616,0.006478062368592172,0.47295711433754195,0.017361743098152072,0.26982752518235403,62.560378809181195,20.0115655155724,650.0,110.0,271.51725589225595,0.16982541343694404,25.0,15.0
882c6e14-8282-42a0-8ae7-4dc312703148,164.2876909970319,79.22825893444319,618.4685507704298,300.7566431725132,0.19864313366456232,0.022848854400186237,0.5942413331971801,0.017982723354079695,0.25722475750530444,79.22825752760134,22.517348022727273,900.0,400.0,271.51725589225595,0.8028953652793002,,
8889c134-b8bc-476b-ac52-f6a6bee16e9c,165.67130515994464,72.31640365450195,610.9007022375159,298.906867780263,0.1793677917374263,0.022081303934753785,0.5592608376820603,0.016960212785340472,0.21243644141849163,72.31640036909091,25.011565351010102,900.0,320.0,271.51725589225595,0.8028953652793002,,
88a3af09-ad6d-41d6-98f1-27d8ce3e9ac2,223.5475150522225,107.43667114945985,919.5507126411279,498.9633754666733,0.10953202867402145,0.015216197207091754,0.6162229746875841,0.021328220817434986,0.15192838735103487,107.43667193991769,25.011565351010102,900.0,320.0,814.5517676767677,1.3586033074955537,,
88b9e8bc-472f-468a-9caf-5e78fd8d0d8d,136.03856190709476,67.50064127534043,296.79833834640493,116.95719787361342,0.16229677392513675,0.004898991031260522,0.5057916236202652,0.018894751817682614,0.1750974062945695,67.5006417727742,22.505782674242425,900.0,90.0,271.51725589225595,0.2509799004147781,25.0,20.0
892dac49-1c4f-4112-8fa8-875b447635f0,93.61287015204067,62.449020480454756,166.0793560879972,41.31488290942784,0.1262782722094802,0.007314083684774831,0.5117266319036197,0.01709136439356048,0.14950674066431094,62.44902056532272,22.517348022727273,650.0,50.0,814.5517676767677,0.16982541343694404,30.0,15.0
894082e8-f816-4e54-b32b-f0fad23ebb94,198.36149332295903,95.71461530988941,746.8084791876457,380.84134984728786,0.1920288433522727,0.0218625761259154,0.5721412735564183,0.020499369216924565,0.24670851802488772,95.71461767759801,25.011565351010102,900.0,400.0,407.27588383838383,0.8028953652793002,,
896f6408-13a8-4ecc-b5fc-bd31969d3a6c,121.27293840790465,54.740684366358586,547.0527479644802,260.7905624716869,0.1462910162332176,0.01565977107065446,0.6055009324666457,0.0121419123973423,0.2011626315551591,54.74068699265354,25.011565351010102,400.0,400.0,271.51725589225595,1.3586033074955537,,
89cb8d3d-d12b-4bfb-a265-d5448e6cf2b4,123.60126290880278,63.873782659581536,275.12860116270804,104.73402107159433,0.16158063850394572,0.004990671522569445,0.5055678436893413,0.017884407379270318,0.1790749181985184,63.87378234552583,22.505782674242425,400.0,90.0,814.5517676767677,0.2509799004147781,25.0,20.0
8a05f4e2-dbab-42d0-9774-1bed8692b655,192.69614494564797,80.32291239025791,626.0244072977256,316.55417673918265,0.11208281713459595,0.02222147309809554,0.5635170044067762,0.019119067200296932,0.11760575905297092,80.32290973056125,25.011565351010102,650.0,160.0,678.7931397306396,0.8028953652793002,30.0,20.0
8a55a36b-cd8c-469e-94be-f2e38910870b,99.07818267096773,64.66427272819757,180.4435671422156,50.78751694694855,0.1486343831099537,0.007051221958743688,0.49890094960995374,0.018088935658958524,0.19332070696750212,64.66427682925787,25.011565351010102,900.0,70.0,407.27588383838383,0.16982541343694404,30.0,20.0
8a56d83b-3a38-4ae0-932a-2657b6a7e665,130.14402654809737,61.317317350957204,340.02870550334586,139.85073425279103,0.2647663872377946,0.03784213007204336,0.46449876234674875,0.017202886677574067,0.19766783521839845,61.31731736359416,20.0115655155724,1200.0,160.0,678.7931397306396,0.3837245557808073,25.0,15.0
8a600162-7440-45e1-8d61-0abd5f56224e,42.86179142915565,45.41192980650523,45.265680986967205,-21.38489727953889,0.3170443368038721,0.01670581268632155,0.4511543922767256,0.013260911752931656,0.43970336898280454,45.4119310537051,20.0115655155724,400.0,110.0,814.5517676767677,0.04796556947260091,25.0,15.0
8a76b762-4f02-44e3-ac0a-dcdf8c63c80b,159.42612339931182,71.83161513925064,584.4274731223612,278.50671061310607,0.1957654934615951,0.022568669272453705,0.5793808974198968,0.016959052430354567,0.21699520951250892,71.83161173604532,22.517348022727273,650.0,320.0,271.51725589225595,0.8028953652793002,,
8a7c5330-6013-401c-86b2-75af347de2f3,226.45112965182634,105.36091466921943,1010.956135264996,562.1568086981257,0.0761903186986111,0.011179141854019359,0.6522936745488846,0.02074567508847356,0.09071279182138087,105.36091627858212,22.517348022727273,1200.0,240.0,814.5517676767677,2.0078392033182246,30.0,15.0
8b76d08b-2b78-4769-b53d-ff4fffb30d69,96.81036252306988,63.598171481353205,173.46908779443987,47.06439835311214,0.17311017050384048,0.0071322952340067336,0.4990037102131734,0.017274755997044464,0.1970445607651494,63.59817214591841,22.517348022727273,400.0,70.0,407.27588383838383,0.16982541343694404,30.0,15.0
8b7a7877-7b5a-4e9f-914e-88fef002a064,45.128413499449046,54.274042714536286,43.45244348440595,-21.22759187195355,0.2612079967301136,0.016591667403093435,0.48483290572906146,0.013543598131367306,0.40790334811939055,54.274041762324856,25.011565351010102,650.0,90.0,407.27588383838383,0.04796556947260091,30.0,20.0
8bb437ed-993a-4fbf-917a-d67b8c3bae82,129.4701179148069,69.84035650988673,358.93815551804187,150.35446970218302,0.3327589538247054,0.03741482880267256,0.47346085833080803,0.017934593880575122,0.2739649681635426,69.84035710865227,20.0115655155724,1200.0,240.0,814.5517676767677,0.3837245557808073,25.0,15.0
8bcae38a-1fb1-40c5-a8b5-f311aae4a436,99.09988158548269,65.30458317394853,184.35710719250682,54.179877425136745,0.18723925304093014,0.006823292977946128,0.4861287132059659,0.01818616907205251,0.23517829996778297,65.30458408174235,25.011565351010102,650.0,90.0,407.27588383838383,0.16982541343694404,30.0,20.0
8bd4f739-20f0-459a-9071-055315625622,145.63241394468622,92.91414832837263,428.55470540256783,192.31550409281684,0.277307062134575,0.039365384281776085,0.5064342209627422,0.0188965004158657,0.3906677030077006,92.91414836155603,22.505782674242425,1200.0,400.0,678.7931397306396,0.3837245557808073,,
8c308898-0279-4d5a-833a-1874d46dbbe4,156.70651783752015,70.42230130132228,701.7710528554271,341.22792263142776,0.136503442119697,0.01677647469158565,0.6801329223630997,0.01596626562379823,0.19068446531476188,70.42230099922936,20.0115655155724,1200.0,400.0,271.51725589225595,1.3586033074955537,,
8c32d79e-e2cf-4df1-9f6e-e9352a34c6a1,205.43283338160515,82.75580099676051,661.6000944947767,330.2408781748116,0.12707426296931817,0.022677847107523144,0.5820873751840279,0.020215394375718492,0.11570308913241374,82.75580228507205,22.517348022727273,1200.0,160.0,407.27588383838383,0.8028953652793002,30.0,15.0
8c339158-369d-4fc1-89dc-11c89414f314,128.02403967502408,65.81490228442522,364.3932579604801,156.37637103191278,0.3218637899469697,0.03608371491745581,0.4518721498749579,0.018689820240247845,0.2665876384817397,65.8149029428118,25.011565351010102,1200.0,240.0,814.5517676767677,0.3837245557808073,30.0,20.0
8c478355-6e84-46da-a739-280abaf6218e,133.49710064681537,56.096533885869306,652.0474245965279,323.8471976497772,0.07317319242737794,0.011528106504303453,0.6327644589400778,0.01191903856767234,0.0992769575961196,56.0965353547908,25.011565351010102,650.0,240.0,271.51725589225595,2.0078392033182246,30.0,20.0
8c643835-8f27-42c0-bb8c-bf33c7aec347,129.07843983175485,62.30268744298477,276.41015732314867,105.81647759223026,0.12569216046151097,0.005289787425073654,0.5175212194733796,0.017559773564687377,0.14432165829404,62.302683849388586,22.505782674242425,400.0,70.0,271.51725589225595,0.2509799004147781,25.0,20.0
8c7018d9-4561-432c-8e93-a87a9ce48470,120.52664516211735,66.84690747916291,266.2826720650464,98.9473183003009,0.17082935216435186,0.004886316727356902,0.5008789708883626,0.01903238769529084,0.18244572575266826,66.84690751565046,25.011565351010102,650.0,90.0,678.7931397306396,0.2509799004147781,30.0,20.0
8c870b15-cf59-4035-bb04-b922910e9f6c,46.42890520352529,52.945333326818314,47.208378827281216,-19.92153828919177,0.2545255107360058,0.01713887264672769,0.4909675872017045,0.01345894762424709,0.40054669381213653,52.94533417573694,22.505782674242425,650.0,90.0,678.7931397306396,0.04796556947260091,25.0,20.0
8cbfe4d8-d555-4f6e-a532-ad4e13214d7a,127.39541973631052,81.49924200403717,367.51229645248696,158.06007273435108,0.3070597047919823,0.038324315467729374,0.4842391581950337,0.018370319391326925,0.4025366733470957,81.49924329851062,22.517348022727273,400.0,400.0,814.5517676767677,0.3837245557808073,,
8cc7e237-288c-409d-b6c3-c78e70babc23,134.1082307290552,67.05188718882818,286.8870896867177,110.61158972845165,0.12833756692707282,0.004978633148958334,0.5146546155320918,0.018844041877082815,0.1426960035115543,67.05188750612795,22.505782674242425,1200.0,70.0,407.27588383838383,0.2509799004147781,25.0,20.0
8d1db6e9-3f3a-4d74-82ad-bd22654e8838,170.59445409499634,62.85509935360392,558.6085773412324,269.4600497627249,0.16208291185847015,0.021141810407607323,0.5207153234427082,0.01702281651391107,0.11741361583728567,62.85509696237419,22.517348022727273,400.0,160.0,407.27588383838383,0.8028953652793002,30.0,15.0
8d207889-8e21-4b3a-bdc2-2ba96d9e8eff,92.65325594729065,61.37800941230653,162.08137524916353,39.18481925706597,0.12569304783788932,0.007263231271422558,0.5105838186894992,0.016930482583875868,0.14937728838758366,61.37800834283117,22.517348022727273,1200.0,50.0,407.27588383838383,0.16982541343694404,30.0,15.0
8d402452-d9a6-42f1-ac51-9b38797748de,102.27814462713863,62.21219037820024,186.34055398802508,53.433228948658304,0.10371198361690867,0.007323589245454547,0.5166639701666667,0.017342501155697645,0.14253980917158282,62.21218887105092,22.505782674242425,900.0,50.0,678.7931397306396,0.16982541343694404,25.0,20.0
8d5d0890-9905-4abb-ad8c-28ba5f0efd05,180.22593534031816,80.42778589743472,580.5413781295614,285.59607906761596,0.12197368056549873,0.02242381721566709,0.5743697916048505,0.018812504037102627,0.1213827265965422,80.42778343444856,22.517348022727273,900.0,160.0,814.5517676767677,0.8028953652793002,30.0,15.0
8d6c2cba-152e-46e5-bbf4-adf1e221d4cc,191.1324903412324,77.69446587895503,866.255806278462,463.01684120943236,0.0474810208891835,0.011525195531712964,0.649754696309291,0.01593165341745922,0.06324346707932083,77.69446503446217,25.011565351010102,650.0,160.0,407.27588383838383,2.0078392033182246,30.0,20.0
8df315ac-63b5-433f-98be-9167ea5d0055,141.48631579609184,95.05003700105038,403.0560107458915,176.3886506032335,0.30786842970380884,0.04025564385718644,0.5240279994094172,0.019911965680160338,0.40429855723901786,95.0500343273098,20.0115655155724,900.0,400.0,814.5517676767677,0.3837245557808073,,
8e132e8a-4fa9-4739-b174-340342c08d44,149.45257305596428,64.86252539698322,552.2055923373209,255.9635777662522,0.1787694339276094,0.024050486494949494,0.6250218025131523,0.015897630427651892,0.21669705854808474,64.8625272658683,20.0115655155724,400.0,320.0,271.51725589225595,0.8028953652793002,,
8e1ecada-1a0e-4299-9da0-c824b1e229e4,154.0565760915858,69.84577149911291,690.5226643607241,345.2609952132957,0.14119726222195916,0.015472377792897729,0.604281247942319,0.015035937737611508,0.19204722492958037,69.84577151462639,25.011565351010102,900.0,400.0,271.51725589225595,1.3586033074955537,,
8ebc8f8a-d9a4-4bd2-bde2-0c5d7215d8d1,39.76858827649246,54.308608123198766,37.73377114561703,-26.185031536147335,0.18817045060606058,0.018132431383838382,0.5360870003609006,0.012808125910418224,0.28330984705170953,54.30860920869406,22.517348022727273,900.0,50.0,271.51725589225595,0.04796556947260091,30.0,15.0
8ec18c8c-9a92-4546-beed-41bc2e436d60,204.67290563533845,86.93604764928705,711.0741082128408,361.54955917823116,0.13081539292989267,0.023497568498800508,0.6183586141446654,0.019129165063730035,0.16200768543867086,86.93604378982558,22.505782674242425,400.0,240.0,678.7931397306396,0.8028953652793002,25.0,20.0
8eebc0ad-1760-480d-8d4e-f387d95dec35,72.1813190918084,58.67782135844274,105.05326584076458,10.441392374964003,0.19372084125094696,0.010598026324610689,0.4886889495877525,0.015555321128698183,0.25832202225838036,58.67782172201006,22.517348022727273,400.0,70.0,271.51725589225595,0.10036192065991252,30.0,15.0
8efe9171-f0c8-44ef-85c1-95277bf7c41f,178.00137987611095,78.8573938573014,651.7455317273275,324.291356315362,0.15791878684248742,0.02280417646751894,0.5877734307232008,0.01796925425222008,0.2103186979528261,78.85739377806496,25.011565351010102,400.0,320.0,407.27588383838383,0.8028953652793002,,
8f0f0e5c-a60b-4cb0-a951-cb9d5642003f,197.51235248362184,88.8187347233855,725.4612256521186,368.3619335003263,0.18493751434559136,0.02275872383576389,0.6016526367011888,0.019135994522029815,0.20577495155181721,88.81873430489699,22.505782674242425,400.0,320.0,678.7931397306396,0.8028953652793002,,
8f252d00-b07a-41c3-af61-2629bd903e76,168.52094013524507,78.40009975408239,642.6013472730523,310.14820683447954,0.20692594402120157,0.02348168527112794,0.6223271253727378,0.018443640351979772,0.2519440131743511,78.40010148268459,20.0115655155724,900.0,400.0,271.51725589225595,0.8028953652793002,,
8f2f2642-404b-4752-8bd0-70599d529f94,41.7680860888937,56.03593729614978,40.55203157679818,-24.559910163012194,0.18956755430103114,0.01828611866550926,0.5397395620311447,0.013360465280882897,0.28261813426743804,56.03593619450604,22.517348022727273,650.0,50.0,678.7931397306396,0.04796556947260091,30.0,15.0
8f536a04-9f22-4844-9887-c268a592e68b,177.77763714455597,71.02853918629852,898.3841878634732,470.1241178667944,0.10463239721812923,0.011537068246254209,0.6713383683008102,0.015176909284689807,0.13811294373944127,71.02853681347375,22.505782674242425,650.0,400.0,407.27588383838383,2.0078392033182246,,
8f6213e4-0efe-4968-8a00-23b8a2f121dc,136.06855330370269,56.04843708600329,361.11926367747844,153.62959190804574,0.21666180833833126,0.039529450010974326,0.4706139509327652,0.0163124845004905,0.19190757767445507,56.04843650223022,22.505782674242425,400.0,160.0,271.51725589225595,0.3837245557808073,25.0,20.0
8f642feb-324b-4010-a7c6-8adb9637c21a,125.52760472659213,67.52172323306395,262.034884829252,97.3266121909443,0.0984370872728325,0.00533970632851431,0.5247013735248316,0.018703273930920004,0.11243456559281924,67.52172281373387,25.011565351010102,400.0,50.0,814.5517676767677,0.2509799004147781,30.0,20.0
8f65e7c8-9acf-45b2-b875-19e6ab446101,179.50276435520024,95.57003306895388,624.0458631128531,310.0106044204987,0.16693766918550085,0.022382884132554712,0.5864894223287983,0.019589298723032705,0.22394789325715,95.57003131396844,22.517348022727273,650.0,320.0,814.5517676767677,0.8028953652793002,,
8f85c7c6-7775-4c52-add7-2878c3156bea,73.27839194513946,57.479803420635,108.49683963622196,11.547545292020748,0.1860230107082807,0.01068922026881313,0.48900772704103534,0.015429827040479287,0.2544826064662359,57.479802179951974,20.0115655155724,400.0,70.0,814.5517676767677,0.10036192065991252,25.0,15.0
8fa9cae5-934e-408c-9b9b-2201af01225f,138.19002725836174,62.93214618552368,624.5436822258507,305.7562019601952,0.15035761994902144,0.015503904133449077,0.6025003971196128,0.01370071931913883,0.19665633041676425,62.932146516869246,25.011565351010102,650.0,400.0,271.51725589225595,1.3586033074955537,,
8fc1c392-2a72-47b1-b370-7680ef8627a7,228.22582230361058,103.56433306999273,1090.5749804036732,612.8681285029146,0.10100215311443603,0.01078553927455808,0.6288504674984954,0.020371659518653683,0.13693308133138835,103.56433320086897,25.011565351010102,650.0,400.0,814.5517676767677,2.0078392033182246,,
8fc317cc-1fe3-4fd2-aaa8-c02f611cd495,93.94428832799454,60.882697969414956,172.3834315582453,44.75879406120511,0.16411612051746635,0.00695438497790404,0.4968345786960227,0.016891282227667708,0.1931819848347409,60.88270147426322,20.0115655155724,900.0,70.0,814.5517676767677,0.16982541343694404,25.0,15.0
8fc8bd79-d3b7-4703-a004-30288b84c831,212.0194894961621,91.59207638990189,1028.5335509581785,555.5844946548589,0.11336819262974537,0.011550316343517468,0.6920267698989373,0.019661162853780726,0.1367081572800619,91.59207724503871,20.0115655155724,650.0,400.0,678.7931397306396,2.0078392033182246,,
8fd39344-241b-46c5-a4e2-24cbdc96424c,117.59773544898991,62.5815772088656,245.84218126456375,84.99253978682553,0.10860925734635943,0.005125927771643519,0.5216417781238953,0.01751015007649022,0.11133771379676333,62.58157879907677,20.0115655155724,1200.0,50.0,678.7931397306396,0.2509799004147781,25.0,15.0
8fd5da8f-de71-4698-a79e-98bafa1348a8,124.88922778886449,68.88014848987358,277.750724380763,106.99439089111297,0.2065275183873106,0.004727972166235269,0.4917378641335227,0.019432017813033466,0.21300321367923383,68.88015035522905,25.011565351010102,650.0,110.0,407.27588383838383,0.2509799004147781,30.0,20.0
8fe63a22-bb12-42c0-9de6-f8f3640f9dd5,229.22116917109366,102.94579054013376,914.9858030276182,483.0936952715241,0.0914425626702441,0.01657848044748527,0.6836530680824074,0.021633236045070565,0.11801726294381155,102.9457908286941,20.0115655155724,650.0,240.0,678.7931397306396,1.3586033074955537,25.0,15.0
903a7970-2e57-439b-936c-fd1478b1d1d3,75.08580583079386,59.19984879519078,110.3674916452285,12.800164619018126,0.1220685612590488,0.011053878160553452,0.5128345735591329,0.01543089796213014,0.19566847096165849,59.19984843892563,22.505782674242425,650.0,50.0,814.5517676767677,0.10036192065991252,25.0,20.0
90419172-1914-491d-b33d-8a9b8007fdaa,229.47593473426994,93.93328864371728,1010.5509275016282,567.2160841538249,0.04793910008738425,0.011252201297180133,0.6471229956515994,0.01937939250403914,0.059887851969624574,93.93328792172605,25.011565351010102,900.0,160.0,678.7931397306396,2.0078392033182246,30.0,20.0
90452b62-6194-45a1-b5ca-574af1e98ba6,138.15400104138902,62.98644834031214,356.9517377826505,149.4451985072287,0.2675775236344802,0.03811018882444234,0.4654896108720538,0.017466125384893984,0.19697826114931505,62.98644658324088,20.0115655155724,650.0,160.0,407.27588383838383,0.3837245557808073,25.0,15.0
9045f608-f48b-4cc6-9e7e-15c0b4810c9c,74.20149991135101,58.980839171386116,107.13624350241324,10.504427312294563,0.14007490398258626,0.011215444687131735,0.5119529966111112,0.015448426741054557,0.19829915130877715,58.98083844562905,20.0115655155724,400.0,50.0,814.5517676767677,0.10036192065991252,25.0,15.0
905a40f0-05d9-4928-b7dd-094124178b16,123.04533650061227,67.1993243735396,263.8314048974487,98.47798413461298,0.1352564164224748,0.005155621310469276,0.5131636876222117,0.01870981434181673,0.14999737803656682,67.199325093249,25.011565351010102,400.0,70.0,814.5517676767677,0.2509799004147781,30.0,20.0
905c7ded-512a-4643-a4d7-cb5881c746f8,90.77621688799383,59.91402087341129,174.7164517923437,46.46233458639205,0.245901233225484,0.006366381447001263,0.4705701401593013,0.01692316662507501,0.27067184241857056,59.9140191469685,20.0115655155724,1200.0,110.0,678.7931397306396,0.16982541343694404,25.0,15.0
90b438fe-3396-49bb-a144-3a1a6e07db14,97.99825704102429,63.1738524486591,179.74699873082264,51.43023884813028,0.21677167296811867,0.0068542293765256725,0.48562442031292075,0.01747976268589633,0.2364553953942126,63.173851290107805,22.517348022727273,400.0,90.0,271.51725589225595,0.16982541343694404,30.0,15.0
90d1c302-e9d8-4c5e-b696-249c663b3ab3,72.8428889522157,57.5727506009753,110.08432563775648,12.330720436196124,0.1620760522354272,0.010483583418402777,0.4899416520102062,0.015364527587285867,0.2517949543725605,57.57274973842548,22.505782674242425,900.0,70.0,814.5517676767677,0.10036192065991252,25.0,20.0
91082279-60a6-458f-bb8b-79fb122bdf78,73.45154288088843,61.33423815404018,104.61600451169026,10.424232358591704,0.1275086688421717,0.01100967743589015,0.5104345119942129,0.015831155177797162,0.20117071673875528,61.334236988502596,25.011565351010102,650.0,50.0,271.51725589225595,0.10036192065991252,30.0,20.0
912db099-cb07-4c22-80c7-e7befc0d79d3,42.95883982486909,53.14254111234956,40.19516175121655,-23.36395290102724,0.2599719320061027,0.01637998137605219,0.47786692677209586,0.012951259345635641,0.41035085061513876,53.14254092554831,25.011565351010102,900.0,90.0,407.27588383838383,0.04796556947260091,30.0,20.0
913e2c3e-2682-4612-be10-357739c016dd,221.9468467867645,100.4185189194819,964.5190547445048,517.6934208209577,0.12618354808078702,0.015752651309753788,0.6473981701213279,0.020097250383638625,0.17637311142618792,100.41851804626161,22.505782674242425,400.0,400.0,814.5517676767677,1.3586033074955537,,
91475305-d5d3-4d20-83b5-d711e289870a,218.16818827742551,107.32546079875995,924.2014129716033,500.90076596997994,0.13213066226446762,0.014838463431765573,0.6012874843763992,0.021311745861083142,0.18248056139952717,107.3254633912488,25.011565351010102,900.0,400.0,814.5517676767677,1.3586033074955537,,
91650e33-b58a-4c0c-b64f-289442dababc,46.28913847222162,54.0057426752528,48.96723142109482,-19.086438472208243,0.1678626474615951,0.019375419826704543,0.5878617070284092,0.013793682640093653,0.27145945207911665,54.00573949114305,22.505782674242425,400.0,50.0,407.27588383838383,0.04796556947260091,25.0,20.0
91951770-e918-44f9-9390-921739ecf0e0,132.2236579338763,68.9816541023194,271.43369493428844,101.65247904589518,0.0982375902768729,0.005183651825968013,0.5233912192606797,0.019530353349841337,0.10992263414399928,68.98165348240335,25.011565351010102,1200.0,50.0,407.27588383838383,0.2509799004147781,30.0,20.0
91afade7-9c63-4078-bb68-85da603f244f,109.86666431250876,65.44724220697691,194.3611119432498,59.07577908520321,0.10481679217214857,0.007416416832281145,0.5195450944071971,0.01769106043576897,0.14315629600391586,65.4472438713298,22.505782674242425,650.0,50.0,271.51725589225595,0.16982541343694404,25.0,20.0
91d01887-d105-48aa-9271-5217786cc400,116.94057516067862,66.08300047161251,266.30725287477065,99.20309468113754,0.20504723764504418,0.00472204087109638,0.49079887065567135,0.018977758718891638,0.21350092500787912,66.08299997550809,25.011565351010102,650.0,110.0,814.5517676767677,0.2509799004147781,30.0,20.0
921225db-968b-4353-acf4-65be0a0c38a5,76.87136597995679,59.25023589831868,112.52639047850317,14.491611202569137,0.12246345027235901,0.011315879641319443,0.5186131823269151,0.015393916122310093,0.19547578106478095,59.25023545364171,22.505782674242425,400.0,50.0,814.5517676767677,0.10036192065991252,25.0,20.0
92b846f4-1a7e-4020-9749-2b9193ae3112,38.7989818544638,51.117938513689154,35.6926049381845,-27.288852176127833,0.23921773195244103,0.01696244100378788,0.48811779250484005,0.012230792843237073,0.35383038469529243,51.11793842845586,22.517348022727273,1200.0,70.0,407.27588383838383,0.04796556947260091,30.0,15.0
92c632fd-9f31-42c9-b4bb-e151daca0de8,141.22719259419168,61.366121588928046,365.9279023714624,153.4694970114756,0.26353689644300293,0.03835430748560606,0.46632851744263476,0.017487704450394985,0.19390402623115974,61.366122052851026,20.0115655155724,650.0,160.0,271.51725589225595,0.3837245557808073,25.0,15.0
92d7e6eb-f036-4075-9ad6-bff94bc1c996,101.23178089734297,64.19033444007209,180.21680976931074,49.73405288954339,0.16546021151835016,0.006941330445601853,0.4986099739129839,0.017357435468298987,0.19310977332075077,64.1903318408999,20.0115655155724,1200.0,70.0,271.51725589225595,0.16982541343694404,25.0,15.0
92e87eb4-6699-4401-a610-55e6cfaded46,197.29361093611922,82.03018816198352,892.0266722281809,480.4476346069556,0.048876613975284096,0.011477508888615321,0.6493605066424348,0.016533006478673742,0.06336542416136308,82.03018695710408,25.011565351010102,900.0,160.0,407.27588383838383,2.0078392033182246,30.0,20.0
92eb0bc8-8987-44f3-b08c-4aedec3cd4ce,124.9804444756518,67.71523015647122,253.52147994538296,90.62840628605633,0.11617164926853955,0.005195966836037457,0.5223050233535881,0.01848347390455684,0.11338262751313684,67.71522965693494,22.517348022727273,650.0,50.0,407.27588383838383,0.2509799004147781,30.0,15.0
92ed1b5f-6c9b-4cc0-9794-cdee7c9404ac,41.96607593928885,50.68125811996567,40.59080579066599,-24.03543224590711,0.2535779359518097,0.01677881950470328,0.4771237760864899,0.012314468030630667,0.40557082452668486,50.68125755801315,22.505782674242425,1200.0,90.0,814.5517676767677,0.04796556947260091,25.0,20.0
9316ac40-199d-41bd-a1ca-6bb6b9abf50c,100.10998448558983,63.86922602156242,184.02710950407518,52.06748229187844,0.20765111017576812,0.006683505837321127,0.4849399459696969,0.017480920045719217,0.23365969912692922,63.8692247977101,20.0115655155724,900.0,90.0,271.51725589225595,0.16982541343694404,25.0,15.0
9346e842-7495-4939-91b1-ad92c73f9d06,212.57293677921228,101.41458493181388,914.7430378910605,490.7901310493938,0.1410124795835438,0.015117630813299658,0.6094072974019255,0.020322586915974366,0.18273354258047136,101.414585410546,25.011565351010102,400.0,400.0,814.5517676767677,1.3586033074955537,,
934bae29-ac0d-4ac7-ac9b-d25574466258,175.9604671705856,85.00489081892992,593.6856608422734,292.6471664731205,0.15913618521537248,0.022101533225441918,0.573283416286711,0.019101209144933587,0.17291114370272506,85.00489133686607,22.517348022727273,1200.0,240.0,814.5517676767677,0.8028953652793002,30.0,15.0
9381496f-3484-46f2-9d76-25a7bb83b1d7,70.07187242135811,58.28682658772527,106.2386769561313,10.687196474792453,0.283242235530303,0.009321809254114057,0.44866256616419403,0.015814045374197446,0.35056750356673855,58.28682793860016,22.517348022727273,650.0,110.0,814.5517676767677,0.10036192065991252,30.0,15.0
939b73b1-a790-4cd3-a317-0bc9e9890d3e,230.7902526229332,86.7856208899715,906.6453894771166,481.36088521715595,0.07418869505498737,0.016179578303693185,0.6467446873868371,0.019113843559625168,0.07766226363833319,86.78562123641257,22.505782674242425,1200.0,160.0,407.27588383838383,1.3586033074955537,25.0,20.0
93ac9653-fde2-48ff-a53c-b07536346146,116.17401184955118,45.10957655736658,589.1432800116944,281.7600827458572,0.08784654534789563,0.012009441310290404,0.6741984990442762,0.010292961488931074,0.12662114873812497,45.10957900689784,22.505782674242425,400.0,320.0,271.51725589225595,2.0078392033182246,,
93ddf14e-dae4-40c7-8844-68d613d55e22,148.56742734528717,65.00374733393038,385.583746465099,169.7046358612496,0.23795493318834168,0.03870514768377525,0.46806829265525046,0.01871903857455003,0.19256385408820695,65.00374631388163,25.011565351010102,650.0,160.0,271.51725589225595,0.3837245557808073,30.0,20.0
9427968d-1688-4569-af19-1789f24c0fdd,126.26742830368649,67.71525906216064,269.4045074717286,100.8541871662387,0.20241901598274412,0.004841474257396885,0.5001852568544298,0.01882555390287485,0.18315353783414803,67.71526000588712,22.517348022727273,650.0,90.0,271.51725589225595,0.2509799004147781,30.0,15.0
946e8f3a-02c1-4658-acfb-41eb6f1cf903,224.4067612734782,93.5750651927744,866.9402639941092,455.8729527463262,0.08370662286485692,0.016451739555429293,0.6683838260370266,0.020625997177336198,0.08140244041943007,93.57506825074812,20.0115655155724,400.0,160.0,814.5517676767677,1.3586033074955537,25.0,15.0
9488ff66-9119-4d90-88ee-0d8561574919,173.38581443688918,84.09061343999991,583.9448721507918,287.3974963920594,0.16286719509070915,0.021908205405502947,0.5660368226545769,0.018783504700929834,0.1742225158484176,84.0906131102099,22.517348022727273,900.0,240.0,814.5517676767677,0.8028953652793002,30.0,15.0
94954932-17cd-4aa9-a8f4-6123356833e2,44.29994776770979,50.49921852332362,44.72336789238424,-20.83498062186561,0.2872339872881944,0.016888389231902355,0.47568870859764295,0.013627261024748144,0.40063252292901397,50.49921858324504,22.517348022727273,400.0,90.0,814.5517676767677,0.04796556947260091,30.0,15.0
94b21358-63b7-401a-8855-229cb969f844,164.37220907567246,75.26798027177414,629.277718503064,302.02867971654547,0.20445230426236322,0.023724546888552186,0.6293862887116374,0.01803948037528917,0.25149960033618646,75.26798163676418,20.0115655155724,650.0,400.0,271.51725589225595,0.8028953652793002,,
9546ab00-f130-4d2f-b7f7-1b0969f7a986,144.23420429698655,56.167550318253646,704.2861595403699,349.7183888188742,0.06678506294695917,0.012128621666329966,0.6866996666723486,0.012082377366057585,0.09487014374149905,56.16754904385277,22.505782674242425,650.0,240.0,271.51725589225595,2.0078392033182246,25.0,20.0
954cc9ea-59f1-4e52-b7c9-206d923b1345,43.373494911401096,48.81155720269012,44.106014119893885,-21.135230578614184,0.28535099032849326,0.01701142214194024,0.47925000058375417,0.013481659424318677,0.3987348814416472,48.81155747665964,22.517348022727273,400.0,90.0,271.51725589225595,0.04796556947260091,30.0,15.0
9575170b-b7a0-4dc6-81fa-95f64bafde3b,71.00579534395466,59.94600324842557,102.72839174868923,8.83406254113739,0.12684506067145415,0.010982201158964647,0.509744251269676,0.015626994045450898,0.2008072150033112,59.94600338233526,25.011565351010102,650.0,50.0,678.7931397306396,0.10036192065991252,30.0,20.0
95793b6b-4352-46d9-bf8a-b28ad3938c4e,125.06757099321652,64.86995245940822,272.42470175568513,105.36548391207161,0.1682191428962016,0.005120502285479798,0.5038051075257786,0.01849264441687372,0.1815424267093365,64.86995437932784,25.011565351010102,400.0,90.0,271.51725589225595,0.2509799004147781,30.0,20.0
957c79c4-7bcc-4574-96c8-f5d074f9d2a0,74.85229402998924,58.472840294776375,115.0244569431926,15.94116171701431,0.20096173202314815,0.01012570793856271,0.4746026065352483,0.01567011802279132,0.30006490728045887,58.472842920768066,22.505782674242425,650.0,90.0,814.5517676767677,0.10036192065991252,25.0,20.0
95b4ce0d-8e4b-45fc-8a9b-1439b90e8a52,172.13089251341663,98.3611585770205,611.1821091775214,306.37910876088,0.21259150132438975,0.021397707013478533,0.5636202999931502,0.019777389536791062,0.2688613081836181,98.36115811935872,22.517348022727273,1200.0,400.0,814.5517676767677,0.8028953652793002,,
95cb341c-755c-4264-bd67-4a939505e5b8,96.83684797838727,63.8679118620315,181.12117406329338,51.460360686204076,0.18610559255061024,0.006751778540109427,0.4849199112421086,0.018132066991611524,0.2339487571410699,63.86791010348383,25.011565351010102,1200.0,90.0,407.27588383838383,0.16982541343694404,30.0,20.0
96418db0-9259-4431-8d4f-0f6a5d3f45ba,239.12286026255427,108.79731934944859,993.7147666176635,539.5778326071144,0.09727820441933924,0.015997813748190242,0.661784129306513,0.021216131620968092,0.14679552876380084,108.79731986802237,22.505782674242425,650.0,320.0,814.5517676767677,1.3586033074955537,,
9669fbca-0bb2-4c9f-9b7c-591e0f4bd893,45.4553063087798,51.373039064975835,46.135551067873024,-21.22811696494752,0.2821451095206229,0.0170941682712016,0.47018041480766,0.013666147993499501,0.39940665154228366,51.37304011612375,20.0115655155724,650.0,90.0,407.27588383838383,0.04796556947260091,25.0,15.0
96997782-5f77-43f1-be8e-9e896bb537f7,70.36054461690767,58.64179207121782,105.52653041701777,11.007279375712942,0.20876725792887207,0.009968549750652356,0.46869974254008845,0.015836713289694587,0.3070261832446945,58.64179132098967,25.011565351010102,900.0,90.0,407.27588383838383,0.10036192065991252,30.0,20.0
971adbd2-c51a-48a8-9be0-9f87271726c1,44.22069516090977,50.0815247224344,44.83192321284535,-19.740905511758733,0.25728402799473904,0.017096009894991583,0.5061907666970749,0.013515029676274999,0.4000229847238546,50.08152366253199,25.011565351010102,400.0,90.0,271.51725589225595,0.04796556947260091,30.0,20.0
971db18a-73e5-44ad-a2a7-e6f3da4f35b2,130.28181729405324,80.17638947387466,387.27390933162485,170.96971530486164,0.30224328749999996,0.03714266630438763,0.4721463466286511,0.018480538331798926,0.3903787827168206,80.17639086583227,25.011565351010102,650.0,400.0,678.7931397306396,0.3837245557808073,,
97271e33-6934-4b3a-b083-812b198453cd,104.78250097287707,63.208046193345226,188.14261409791348,55.55189461886483,0.10433208496192128,0.007540336998863636,0.5203635451247897,0.017179040661933476,0.1441793026761752,63.20804731074967,22.505782674242425,400.0,50.0,814.5517676767677,0.16982541343694404,25.0,20.0
974cd1a0-929c-48e8-a9e4-198af6dc1ce2,215.1631590392879,100.1059836066736,853.92305713206,451.0799725006698,0.10367894893244949,0.015737667631555135,0.6335766684873527,0.020724308740047423,0.12147793717689899,100.1059848413578,22.517348022727273,400.0,240.0,814.5517676767677,1.3586033074955537,30.0,15.0
9779bc7b-8708-4b39-9ef3-021b102f06e3,140.99841531233824,68.61945527390426,390.1339758620779,166.25050700858438,0.3463845120998001,0.03659341452561026,0.46060559980749155,0.018464282847395982,0.2655279815443474,68.61945534775533,20.0115655155724,1200.0,240.0,271.51725589225595,0.3837245557808073,25.0,15.0
978292ba-4b1e-4660-84b5-337b58797de3,219.56573061237958,111.0193695962159,926.4429131909511,491.9894306470547,0.1363147751109007,0.01593927519319234,0.6665078089096066,0.022092258576118774,0.18556770387827867,111.01937383836635,20.0115655155724,900.0,400.0,814.5517676767677,1.3586033074955537,,
97a84632-c1b8-4f58-a47a-174e349e88e9,114.34665830977092,62.2275184769541,256.6331063041882,92.49439059641973,0.22781181654398144,0.004725510147653619,0.49115352323690026,0.01748589533997858,0.21519022626894538,62.227519765771675,20.0115655155724,400.0,110.0,678.7931397306396,0.2509799004147781,25.0,15.0
97c417df-0cc9-496e-9d03-2884bd564717,46.18717839835095,52.965362348194475,46.78498766962002,-20.09943909404812,0.2547182706140573,0.01710814491992845,0.48872164807617846,0.013394260620632327,0.4011083091937098,52.965360176491636,22.505782674242425,650.0,90.0,814.5517676767677,0.04796556947260091,25.0,20.0
97c716d7-9e92-4127-adf9-a6fab65790ba,129.52971947985907,64.37723035872914,395.4911299307838,170.93280685772018,0.3529159195458755,0.03771871980481903,0.47808124119517054,0.01695065903023467,0.32238056294991474,64.37723098586136,22.505782674242425,400.0,320.0,271.51725589225595,0.3837245557808073,,
9838fdf7-6d19-4790-a9d9-b0481b24cdda,130.60299177611628,79.63562032094032,389.8713456321987,172.42972284055392,0.27934176963089224,0.038518964050284085,0.4836186908759259,0.018055823232606124,0.3912410806967221,79.63561942822884,25.011565351010102,400.0,400.0,678.7931397306396,0.3837245557808073,,
984a5332-aebb-4437-a9b0-499c69292458,242.82059411056105,94.61368093695017,936.0926333844681,507.99564307772147,0.06273850726013258,0.016146809931755053,0.659823172812216,0.020487119108457057,0.0767325192404575,94.61368144385861,22.505782674242425,900.0,160.0,678.7931397306396,1.3586033074955537,25.0,20.0
985ae7f8-4c72-4308-8c74-c0f1d31a1bc0,189.41991666737167,89.12195799016541,818.4689537794033,421.0719150105752,0.15456207397916666,0.015431330644110904,0.6252070386196023,0.01898949614589926,0.18678747156108924,89.12195830549491,22.517348022727273,900.0,400.0,407.27588383838383,1.3586033074955537,,
985cfdad-9b20-47c4-9cbd-6028b9018d7c,214.70122581830645,97.78573763946562,891.2977027984358,467.05393226740694,0.11563073438116583,0.016386416039614903,0.6780917203420664,0.020830013541304072,0.15128472780990937,97.78573616266432,20.0115655155724,400.0,320.0,814.5517676767677,1.3586033074955537,,
9864acdd-a171-45a5-9ed1-ab1f7647a2ab,196.35413711698894,91.6562233102282,819.4205438402349,424.1553475540299,0.13128012492988217,0.015621402426252104,0.6244145303237584,0.019264797721829548,0.15667878183262574,91.65622293010331,22.517348022727273,1200.0,320.0,407.27588383838383,1.3586033074955537,,
987e4738-c7e4-4893-a92e-8cf8543dce09,210.07957448528614,89.63205841960614,811.1638797172599,422.22103103657815,0.08003807095964857,0.016218840497948233,0.6460171882730428,0.019419783055892318,0.08416384435171892,89.63205837240092,22.517348022727273,1200.0,160.0,407.27588383838383,1.3586033074955537,30.0,15.0
9899982c-d8ea-42c8-8af5-fff2749edf12,72.92886760562142,57.44520403714722,112.64506855160208,14.340753667246672,0.2004181511860269,0.010039403076304715,0.47222088085353536,0.015530015613558705,0.29992884265204617,57.445202173952026,22.505782674242425,900.0,90.0,814.5517676767677,0.10036192065991252,25.0,20.0
98bdb023-982e-4571-ab55-9fa2a24bf7ad,108.17049202036888,62.55277789378645,241.83594450323062,83.6225362244138,0.23987319019849535,0.004578496225010522,0.4869735268652251,0.017882684738716778,0.21694443471940336,62.55277630915692,22.517348022727273,1200.0,110.0,678.7931397306396,0.2509799004147781,30.0,15.0
98e5f817-24d9-4e33-9c28-22a48385cae1,71.26888807253073,59.043677504583755,104.71214839224044,10.168310904765061,0.2395139454266625,0.009843766200852273,0.46524086398148146,0.015686136621722958,0.3086328353969456,59.04367697464561,22.517348022727273,650.0,90.0,271.51725589225595,0.10036192065991252,30.0,15.0
990c2124-85d7-4671-81f3-45322f8b6da3,133.7753510531235,70.62767421049735,287.56517249539377,113.05886194773191,0.17204478242813556,0.004901499109069864,0.502650422334596,0.019847365975281632,0.18002726977171868,70.62767564419765,25.011565351010102,900.0,90.0,271.51725589225595,0.2509799004147781,30.0,20.0
99350c97-5ce0-4dba-a8e3-84bdc8c77d24,192.68999099163875,106.45402394378772,692.872950335578,350.3076030505426,0.19372351651420458,0.022929211876862376,0.6188307247783564,0.021179191621839736,0.2626134462108674,106.45402343594348,20.0115655155724,1200.0,400.0,678.7931397306396,0.8028953652793002,,
9972f5da-3eb6-49a3-8770-a90ace2b152c,185.2036235011685,103.65432223628017,661.206075626272,333.7127335462389,0.20214413268623738,0.021897305076041665,0.5773863351126474,0.02052731908309817,0.26680059307352133,103.65432267674251,22.517348022727273,650.0,400.0,678.7931397306396,0.8028953652793002,,
99e5c435-4dd2-4fbc-9fa8-3733b77d6368,171.15586969975175,74.89235198135765,739.6006815343455,364.35787071030256,0.12780845443391206,0.01692013823959386,0.6869892869481797,0.016799771385084303,0.15719235221757968,74.89235366747951,20.0115655155724,1200.0,320.0,271.51725589225595,1.3586033074955537,,
99f467cf-4fc6-43db-bdc6-1032daae602b,40.692117326174355,53.964336593325726,39.780374237240714,-25.586578521085347,0.18621914456607747,0.01863399677093855,0.5342188919381312,0.012881525042540734,0.2804436245950877,53.96433577846128,20.0115655155724,900.0,50.0,814.5517676767677,0.04796556947260091,25.0,15.0
99f6e32e-2243-4467-b8a3-9e27e097d879,44.96274004010664,51.090846296638674,46.6522630791078,-20.80602629155263,0.2372941042706229,0.018281361983848908,0.517862352885101,0.013765875510451641,0.34065036890252287,51.090845980714846,20.0115655155724,400.0,70.0,678.7931397306396,0.04796556947260091,25.0,15.0
9a0ee3dc-c00f-4f98-b136-dc5a26ae86a3,122.43232658154099,64.83574012017456,362.7744545143044,149.59334065003688,0.340545845063447,0.03884511702781987,0.4896091836863532,0.01695042833664561,0.3337376451693508,64.83573904693286,20.0115655155724,400.0,320.0,271.51725589225595,0.3837245557808073,,
9a1f8895-04bf-42b6-964c-fa411546be0b,153.53386950686232,86.61177360186413,441.95943403415316,199.09365481499003,0.2330968787971381,0.04159168685765993,0.5355105957095643,0.01910005251117013,0.3287509188309656,86.61177418793886,22.505782674242425,900.0,320.0,407.27588383838383,0.3837245557808073,,
9a3736d6-8f2e-4417-8bcc-bdfc570b7035,146.41180159219255,87.88939263307786,410.11363950155044,177.90801062670383,0.26718965662857747,0.04134561778958333,0.5306947597993581,0.01947974142308603,0.3410571586538646,87.88939354328357,20.0115655155724,900.0,320.0,407.27588383838383,0.3837245557808073,,
9a6374ad-822f-444f-82a5-ed6b4bb6b8d5,97.44796364624463,61.73859827857998,177.2252576877341,48.22427128247179,0.16451526000494526,0.007160971642845117,0.5002224332917719,0.016949207160801436,0.19393029828336786,61.73860001228356,20.0115655155724,400.0,70.0,814.5517676767677,0.16982541343694404,25.0,15.0
9a646a6f-77e6-4217-add2-bf9cdc31dd2c,152.4046425619564,79.21722956797433,453.50418616103,203.36125526641155,0.25291670880534517,0.041357508972643106,0.5259668528407616,0.01892113282246937,0.31930274266365527,79.21722883377366,22.505782674242425,650.0,320.0,271.51725589225595,0.3837245557808073,,
9a713d33-f28c-413b-8813-0cf4d81bbc8a,95.36877673901213,60.18461684552102,177.91003700247202,49.03682910031087,0.2049523942225379,0.006916538718118688,0.48626581969928456,0.01677364426211198,0.23459772560948344,60.184617205440205,20.0115655155724,400.0,90.0,407.27588383838383,0.16982541343694404,25.0,15.0
9a813de6-4442-441c-a1de-e7dbe142738d,76.28340846469564,58.44560716505669,111.74060074195636,14.159232549366878,0.12201998235895413,0.011396852262931398,0.5212305226661405,0.015231164381705119,0.19538005528403604,58.445607426827884,22.505782674242425,400.0,50.0,407.27588383838383,0.10036192065991252,25.0,20.0
9ad87ede-743a-47a3-b81f-7ff830da5305,72.83066369454586,57.34764793687327,114.56989938137336,15.64477122700653,0.2364526100642887,0.009629668748137626,0.4569155753621634,0.015647913627227703,0.34200318855698053,57.34764840906471,22.505782674242425,900.0,110.0,814.5517676767677,0.10036192065991252,25.0,20.0
9add6ed7-29cc-47b0-ada4-bdb955c447fa,109.9997925861158,65.49067178482338,194.4590371466023,58.94837763402768,0.10474759569862163,0.007345941071159513,0.5186268566130051,0.017787390639942065,0.14270579294330163,65.49067291792795,22.505782674242425,900.0,50.0,271.51725589225595,0.16982541343694404,25.0,20.0
9aea51da-3480-4cef-a9b5-51bffb87d062,93.40200038606382,61.330877539962316,175.93334180041776,47.26951849059739,0.14697947967508415,0.007035068459732745,0.49741054227146464,0.01776205542258936,0.19142923590486224,61.33087720310853,25.011565351010102,1200.0,70.0,814.5517676767677,0.16982541343694404,30.0,20.0
9b01b4d2-9dd2-4542-a173-f91c425800d3,130.02614682616863,69.51107785172975,274.7868289721562,104.75968295991827,0.13580682126988639,0.005063863632396886,0.5127942522081755,0.019447547053503638,0.14796309244327988,69.51107801829464,25.011565351010102,650.0,70.0,407.27588383838383,0.2509799004147781,30.0,20.0
9b37d08b-e919-488b-9d20-0791ea3e07ac,43.84843596447489,51.93661380206248,42.6268450262081,-23.22807608342711,0.2823693266536195,0.01673411206686658,0.4584489679037248,0.013109656841743299,0.404680430559986,51.936614402037925,20.0115655155724,1200.0,90.0,407.27588383838383,0.04796556947260091,25.0,15.0
9b5418b5-58d8-4c67-aed8-30a3d2a7af18,206.49682719947586,83.54328735676678,802.1597412948227,423.83832086565496,0.07118614735348275,0.015693028514194025,0.6153187516381418,0.01843153844347752,0.08238527925879871,83.54328579438864,25.011565351010102,900.0,160.0,407.27588383838383,1.3586033074955537,30.0,20.0
9b5540ff-8fa8-4a11-8551-987bc660d521,96.94806848736674,61.70675426042601,170.9450572316364,43.98210459602764,0.1205752623520728,0.007259106472737795,0.5123737600770202,0.016853858837910175,0.14705688289190608,61.706754474132644,20.0115655155724,1200.0,50.0,407.27588383838383,0.16982541343694404,25.0,15.0
9b811cfa-a030-4d9e-a6d5-26be14c1fc63,104.24839899391698,63.73078684035609,192.01605306058488,57.743349990452394,0.14202056119318182,0.007119102511026937,0.5038514419834806,0.017516678872430684,0.18882337006453634,63.73078586361808,22.505782674242425,650.0,70.0,407.27588383838383,0.16982541343694404,25.0,20.0
9b94e781-ac88-4bef-b831-1081781f3d3c,204.936877525649,89.01633065661721,704.085719322571,360.7348111447321,0.13123980343788932,0.02295327914691709,0.6089004744642887,0.019635703077834583,0.16119108123751,89.0163310907369,22.505782674242425,1200.0,240.0,678.7931397306396,0.8028953652793002,25.0,20.0
9bc9d7a8-5b72-4d0d-92d7-87fdfb3a434c,70.15605135812034,55.846799804684046,106.9341684766406,12.265656022025398,0.27995108370528204,0.009651394590646043,0.45244362042392683,0.015494114388582123,0.3479570840847477,55.846803408288736,22.517348022727273,400.0,110.0,271.51725589225595,0.10036192065991252,30.0,15.0
9bed259f-c38d-4fcf-baac-8ffb761f22ef,44.89003336048316,52.67978668130476,44.47775508948451,-21.54144592055818,0.2540727816458333,0.016940279575336697,0.4834262436417298,0.013033999439009134,0.40359550764729785,52.679787414216264,22.505782674242425,900.0,90.0,678.7931397306396,0.04796556947260091,25.0,20.0
9bf22e09-7448-401d-8f32-7d31359f4ebb,237.16985137924777,95.33341582302086,967.8331096938879,518.806313052168,0.0911838526814394,0.016407384711658247,0.6721462246754419,0.020123870563938644,0.11141172627825498,95.33341767196858,22.505782674242425,400.0,240.0,678.7931397306396,1.3586033074955537,25.0,20.0
9c2c9b0c-da8b-4bb5-b020-562f061cbd38,212.5225772481014,109.645093582228,859.1538730471096,456.98298271060133,0.1181746023282723,0.015443009544149832,0.6303375411647201,0.021436775950411983,0.158534342680582,109.64509356164615,22.517348022727273,1200.0,320.0,814.5517676767677,1.3586033074955537,,
9c320902-f50e-48ea-a6a9-48bba85a995e,122.68004377934277,67.38906518273305,256.05041797638887,92.37610790234781,0.15982935906568815,0.004988118817655724,0.5101959226485691,0.018528574834125868,0.15098951072540456,67.38906666068294,22.517348022727273,650.0,70.0,407.27588383838383,0.2509799004147781,30.0,15.0
9c45d05d-8575-4b85-ba41-3c0bc94d8574,64.0604424630112,54.93173917837251,94.03351368433262,2.804412411965427,0.19001163508196547,0.010238918579324496,0.4805166016802398,0.014746997282912983,0.25938784479268767,54.93173832322971,22.517348022727273,1200.0,70.0,678.7931397306396,0.10036192065991252,30.0,15.0
9c7c32ca-9901-4fcb-af8a-3c43b0be9a96,71.44368446160873,59.6984043388705,105.49892993352437,10.663042222315472,0.1694549581622475,0.010474754964909511,0.48824739638804715,0.015815867233809275,0.2579894558172537,59.698405914487985,25.011565351010102,650.0,70.0,814.5517676767677,0.10036192065991252,30.0,20.0
9cbb4ec4-9659-4c55-9327-7d2abae1a6f8,109.60167426778315,63.397210389304306,244.75543395694817,85.39015336037718,0.24100157931534094,0.004584873607670455,0.4873902280058606,0.017982736991829944,0.21729454941093732,63.39720967013016,22.517348022727273,900.0,110.0,678.7931397306396,0.2509799004147781,30.0,15.0
9cdcb8c2-b3cf-4962-8840-ecc84352b86a,140.06248516858565,69.21167266782273,397.8435456279867,175.37288881190253,0.3174019803221802,0.03702007485353535,0.46435917383571135,0.018300331964425612,0.2632688656477882,69.21167349502339,22.505782674242425,650.0,240.0,678.7931397306396,0.3837245557808073,25.0,20.0
9d02ddfb-6bec-486f-960f-9954a08a3789,184.30824669671009,76.11241799800166,838.260109353725,433.58645919376073,0.0511072228401936,0.012369769261174243,0.7182924831626682,0.01610902431143528,0.06423180038584146,76.11241675052707,20.0115655155724,650.0,160.0,407.27588383838383,2.0078392033182246,25.0,15.0
9d048e1d-2bd0-4e1a-abb9-1e58093e4d6e,184.9684811792162,86.33416732934953,802.6351275330246,411.8660203068518,0.16248360067597853,0.015288619802400039,0.613165523496612,0.018611415557143393,0.18699452579596731,86.33416590144081,22.517348022727273,650.0,400.0,407.27588383838383,1.3586033074955537,,
9d5194e6-6a6a-4cf6-a2be-a679e7795dae,116.6873871697295,65.82584689664533,265.4242901952548,98.26073290956175,0.20441324110027356,0.004694413639930555,0.4903636066398886,0.01903058257236669,0.21281848933450034,65.82584677344828,25.011565351010102,900.0,110.0,678.7931397306396,0.2509799004147781,30.0,20.0
9d5b6a57-61ed-4a2b-be1c-6df6519e12bf,183.77684669714716,74.7724817507504,921.9312556773511,486.7341228652247,0.10042248560902776,0.011484469842234848,0.6689316766009786,0.015664089031848804,0.1380127832991801,74.77248133493379,22.505782674242425,900.0,400.0,407.27588383838383,2.0078392033182246,,
9dbece52-4312-4c94-9480-be65f050920b,122.40764368059038,66.7687790741988,382.82228716968655,166.22835070334986,0.30742466446580385,0.038089010068992006,0.47347914275671293,0.01716749866792271,0.37947970148645754,66.76878095017682,25.011565351010102,400.0,400.0,271.51725589225595,0.3837245557808073,,
9dcbd6d3-310b-479f-afdc-8e5648de01f9,153.29691188714952,64.07579112361056,740.6883463073198,377.4907056824049,0.07309504926138469,0.01148449295664983,0.6372634487450023,0.013418314650865848,0.09611327442638523,64.07578862107512,25.011565351010102,1200.0,240.0,271.51725589225595,2.0078392033182246,30.0,20.0
9e3adc51-29cd-4d30-a74e-93a7b53da86d,43.86699575614001,48.60702488085909,44.52945506077289,-20.068771759321784,0.2938307165024201,0.016351639591593012,0.4730385358486953,0.013340653869646484,0.4467071184642983,48.60702561372271,25.011565351010102,400.0,110.0,814.5517676767677,0.04796556947260091,30.0,20.0
9e6056e4-8f96-4e59-8998-421298eb16c4,100.4562604963538,61.18886328058139,190.53630255574546,57.71735047071993,0.1766822376900779,0.007049816196611954,0.49204365919749576,0.01702469338348066,0.22984774064258529,61.188861094005006,22.505782674242425,400.0,90.0,407.27588383838383,0.16982541343694404,25.0,20.0
9e8ebd5f-1b7c-47f1-86b6-12b4669bf6af,100.41384010286475,62.88193408149048,195.07609543117715,59.448008545352785,0.21303337568023994,0.006508663662068603,0.47674399187179084,0.017706163715856243,0.26417767067302655,62.88193449525149,22.505782674242425,1200.0,110.0,407.27588383838383,0.16982541343694404,25.0,20.0
9e939ff6-36f0-435a-9e89-c620a9e7ddfb,135.72064115555952,58.89999264033442,503.714233304185,236.60203575164448,0.18590857865267255,0.022190523951052185,0.5568420657231692,0.014185145433087212,0.22116953533262848,58.899990345266815,25.011565351010102,400.0,320.0,271.51725589225595,0.8028953652793002,,
9e95ce0d-24ad-423c-9b28-ae732d606467,66.75655286968549,56.2250526473504,100.18978532483183,6.963106244614026,0.1671521005185185,0.01038406141650884,0.4851839503939394,0.015322268248067091,0.25660562891305994,56.22505368080858,25.011565351010102,1200.0,70.0,814.5517676767677,0.10036192065991252,30.0,20.0
9e962a74-50d3-4994-a212-2f4909448105,100.95729461076992,44.81108587646382,508.3984875510711,235.8336565417825,0.11687285391463592,0.011666700886752946,0.6435586215580282,0.010050685230828048,0.13601798349539623,44.81108526642793,22.517348022727273,400.0,320.0,271.51725589225595,2.0078392033182246,,
9e989e6c-71f0-4fd7-9e86-691a2f3c1650,132.1770294933527,66.52020170318103,283.4235611873196,109.01052717534259,0.12827989396835016,0.005057391933017676,0.515485927802925,0.018520503511868864,0.14401486442123707,66.52020167254685,22.505782674242425,650.0,70.0,407.27588383838383,0.2509799004147781,25.0,20.0
9ea68011-21d9-481b-9b55-6649cca82936,213.11201990647976,100.50332088416299,984.596378318291,539.594124280569,0.09336244719884261,0.011116124928840489,0.6463958255891309,0.01967504304809338,0.11884331893159646,100.50332193678004,22.517348022727273,900.0,320.0,678.7931397306396,2.0078392033182246,,
9eac328e-5093-4413-abc5-5f5815f57297,240.73946314551486,101.40375201901296,966.7833931691881,525.4929529275028,0.0854384543320707,0.016046338691761364,0.6609209326612269,0.02094525801193066,0.11223778899551629,101.40375105860127,22.505782674242425,1200.0,240.0,678.7931397306396,1.3586033074955537,25.0,20.0
9ec75a4a-8523-4513-9961-950372a54bec,92.89015926606027,59.73572965187144,167.12249336938933,41.47222635549206,0.11973633001477274,0.007248897977788299,0.5113426793666878,0.01659696953423422,0.14658950742198648,59.73573056910333,20.0115655155724,1200.0,50.0,814.5517676767677,0.16982541343694404,25.0,15.0
9edc8b69-53ee-4253-b3b8-295ed528123b,131.20902513185726,70.69289814245825,288.2887468179747,113.35245785918306,0.20721066127483168,0.004702076699537037,0.49231794997532613,0.019904139692511078,0.21094798959561886,70.69289702953063,25.011565351010102,1200.0,110.0,271.51725589225595,0.2509799004147781,30.0,20.0
9edf33dc-d00b-4cc5-8f80-1260e72900c9,154.2600654816503,54.6916018711784,511.90016446137554,240.6589837526629,0.20759122695734425,0.020513041784522307,0.5047620458450968,0.015496199214712257,0.11912910889274671,54.69160224020072,22.517348022727273,650.0,160.0,271.51725589225595,0.8028953652793002,30.0,15.0
9efd6646-17ad-4fef-8441-8db728f57fde,121.65677220912666,47.925540877498314,573.6880190568511,270.3880692071657,0.05140666741672979,0.012783401490267257,0.7207617167942444,0.011194269440548387,0.06952483883224315,47.92554012722504,20.0115655155724,400.0,160.0,271.51725589225595,2.0078392033182246,25.0,15.0
9f22b4e0-fec4-4552-9f5f-2732ad16c67f,218.6869219438707,111.4023768899416,920.1401407334691,489.1467405934005,0.14970880427003364,0.015596620278007158,0.6503743353822076,0.022132809928068688,0.1858976629562049,111.40237654255094,20.0115655155724,1200.0,400.0,814.5517676767677,1.3586033074955537,,
9f8191c7-a81a-4798-b66a-71e3f0457815,183.62232629020468,80.42997327798382,591.0429018314753,291.5410502675264,0.1294342826349958,0.022320597085742844,0.5703372691815868,0.019015894603162557,0.12036372070552571,80.42997206093872,22.517348022727273,1200.0,160.0,678.7931397306396,0.8028953652793002,30.0,15.0
9fcdd22e-8b95-445b-a61a-9de22c31a69a,73.00286659919438,58.580873545365606,107.5578541371483,10.624535851834572,0.18637020735716542,0.010483851095528197,0.48665349439520206,0.01550674292033634,0.25558987926504667,58.58087189100758,20.0115655155724,650.0,70.0,407.27588383838383,0.10036192065991252,25.0,15.0
9fef98d7-c24f-482c-92d4-729d707b8acd,67.22389814820644,57.02076544504998,97.80394917120134,5.461938202706705,0.1253519432906145,0.01089678519659091,0.5068053067633627,0.015203893699975114,0.20010831648654495,57.0207660880956,25.011565351010102,1200.0,50.0,407.27588383838383,0.10036192065991252,30.0,20.0
a02811d5-b544-4089-911c-74296a2f795d,122.00079476104895,70.15955171255031,368.51021423080545,156.44368287813535,0.3007905476500421,0.039676545765477696,0.501407704042582,0.01769144875956121,0.3893463515792477,70.15955399374981,22.517348022727273,400.0,400.0,271.51725589225595,0.3837245557808073,,
a05ec33a-0eef-4449-9c58-7eca934c353b,169.12201873375616,64.40011630070805,807.8724040014619,416.36154008025585,0.061780572138646885,0.011996299108038722,0.6865703311131102,0.013822887078021972,0.09044174400197641,64.40011764827621,22.505782674242425,400.0,240.0,407.27588383838383,2.0078392033182246,25.0,20.0
a0648e0e-79ec-4231-946b-cdc3f9f4d9ba,223.7396345359985,89.42802852228294,994.7667354086187,549.2763356019724,0.04973356747777778,0.011379388431060605,0.6528326971672453,0.01850086033093598,0.060193945279945676,89.42802914220142,25.011565351010102,400.0,160.0,678.7931397306396,2.0078392033182246,30.0,20.0
a07e61c8-bb86-4523-b6fd-cc05aa994df4,122.76321700481148,64.09948920221538,276.6557466252368,104.40394875432868,0.16141342041407825,0.00483274710569234,0.5036584126742424,0.01833059633636905,0.17661576730432507,64.09949104670285,22.505782674242425,900.0,90.0,814.5517676767677,0.2509799004147781,25.0,20.0
a08ea38c-60b8-43dc-81ec-49d6dba8826f,131.5853941570284,69.34458799323029,283.9113063940267,111.02258186626568,0.17154584014488636,0.004957301647579968,0.5031653828846275,0.019507724331655873,0.1806249353260799,69.34458783178779,25.011565351010102,650.0,90.0,271.51725589225595,0.2509799004147781,30.0,20.0
a09661c4-522d-4480-a766-5ca6c448d1ab,228.19889409768,97.03402675972272,875.3552502945311,463.3476009011419,0.07566830091001683,0.016514147556881312,0.6766495693879419,0.0211645857189689,0.08131832254304412,97.03402842699691,20.0115655155724,900.0,160.0,678.7931397306396,1.3586033074955537,25.0,15.0
a0a34e58-89bd-4a87-b8f5-4361d481f228,239.49189025199465,102.69356573719905,1084.0448938521706,609.9141154238919,0.06780660221574074,0.011065844589930556,0.6402758580822285,0.02044290749157284,0.08679540922067903,102.69356699869591,25.011565351010102,1200.0,240.0,678.7931397306396,2.0078392033182246,30.0,20.0
a0aad1de-969e-45aa-a209-b1b994d9476b,130.42549507559735,62.57527654797921,337.38199992846836,140.0297449686861,0.2801086809447075,0.03792486758732114,0.4638673398401305,0.017357681104949795,0.20206017785048733,62.57527533869751,22.517348022727273,400.0,160.0,678.7931397306396,0.3837245557808073,30.0,15.0
a0b7f9c0-75c9-46b5-a3b2-70f4d8bbb954,104.16673105660405,65.94050873408702,187.58515234578635,56.94136123917687,0.14947192053656355,0.007286769631123737,0.503471120844697,0.018076179501617544,0.19369793285711293,65.94051023101743,25.011565351010102,400.0,70.0,271.51725589225595,0.16982541343694404,30.0,20.0
a0b8f85b-a924-4e02-8c1e-55d198136652,116.86683960582907,64.95045544895675,258.122109439879,94.59269728931592,0.24229755942955597,0.004704200069160353,0.4897809596470118,0.01813733160748555,0.21712739005289972,64.95045304609819,22.517348022727273,400.0,110.0,407.27588383838383,0.2509799004147781,30.0,15.0
a10e436c-7aaa-4003-ba3b-746f0aae4533,101.94503533595895,62.87022825674995,189.89572279586463,56.02735172934668,0.14177059787626262,0.007089732014383417,0.5028256584827442,0.017447060448890737,0.18856527685342395,62.87022811940556,22.505782674242425,650.0,70.0,814.5517676767677,0.16982541343694404,25.0,20.0
a137e152-fb21-48b0-8e0a-50e1184d3189,72.86093534268898,59.061971908864564,109.57728822882054,14.181927986522124,0.20902690160721804,0.010272877777020203,0.4744214651380471,0.01587574290664054,0.30633556458264954,59.0619730819497,25.011565351010102,400.0,90.0,678.7931397306396,0.10036192065991252,30.0,20.0
a14e4509-fbeb-4307-ae95-57536e25dbf2,120.87819255586969,63.31025660487995,276.4448815461599,105.72676001781294,0.1938402766491477,0.0048326170253682665,0.4959278765697075,0.01786730398140508,0.20957021525945227,63.310256564352606,22.505782674242425,400.0,110.0,814.5517676767677,0.2509799004147781,25.0,20.0
a17ebd5a-af5b-4c09-b3c6-3c1242454097,247.30476628793437,102.02922722047458,1126.922890663292,634.660492348619,0.06227898369901094,0.011560052285721802,0.6840506199398148,0.019922905697250987,0.08454659188350887,102.02922777105599,22.505782674242425,1200.0,240.0,678.7931397306396,2.0078392033182246,25.0,20.0
a1a53abb-2208-420d-b5ed-9b1fb0eb2483,108.1454095402306,62.73018589300218,243.16190974580877,84.27041478699296,0.24009521388852065,0.004589811207154884,0.4873959021844592,0.017889767715148518,0.21706802987254434,62.73018548494667,22.517348022727273,900.0,110.0,814.5517676767677,0.2509799004147781,30.0,15.0
a1b3b9ba-4869-4bdf-9cd5-047dcb322f7a,126.41761190998284,64.89821143055927,275.53340050865273,103.94274483010815,0.12774759041155306,0.0050366930696969705,0.5146309001715594,0.018254870747709304,0.14436832938782618,64.89821167873522,22.505782674242425,650.0,70.0,814.5517676767677,0.2509799004147781,25.0,20.0
a1bcf9e4-82a9-4aff-bce3-11b34a78fe2d,38.92607633142725,51.81417599628588,35.80399810731596,-26.610934066628968,0.21536711650294613,0.017004408258154458,0.5097715239300294,0.012151034459165343,0.3549491482709825,51.814175857733915,25.011565351010102,1200.0,70.0,407.27588383838383,0.04796556947260091,30.0,20.0
a1be04f9-ba2f-4209-90ab-798f6d3ac859,123.6390060121731,66.55279421299112,261.24808038167885,95.19531679800603,0.09794979718747895,0.005241658887805135,0.5231021783600589,0.018895964423382303,0.11099838446212272,66.55279337598056,25.011565351010102,650.0,50.0,814.5517676767677,0.2509799004147781,30.0,20.0
a1e2f845-e235-4c6e-8e1f-085052b8aaa4,227.9302749937841,97.24392339605157,875.1981494622053,464.1089299324097,0.07722483367766204,0.01648322869559133,0.6770760146962123,0.021266284299151818,0.0811757784827678,97.24392513439338,20.0115655155724,650.0,160.0,814.5517676767677,1.3586033074955537,25.0,15.0
a23dab09-8ca8-408f-8805-2cc603807541,136.54665797954016,64.54348095120784,358.5000304399695,154.32150445029984,0.23985168264509685,0.038529907357754634,0.466518092999758,0.0181509937118703,0.1985112427232879,64.54348132525398,25.011565351010102,400.0,160.0,814.5517676767677,0.3837245557808073,30.0,20.0
a24abdf7-3814-405f-abf1-94bf70ae1518,183.76357403897285,70.44617335049418,652.8011776585989,320.0158444963783,0.13502438102839856,0.023746106783175503,0.6111461200411932,0.016956070779020633,0.16056464353515834,70.44617516681112,22.505782674242425,650.0,240.0,271.51725589225595,0.8028953652793002,25.0,20.0
a2cb4bf8-ca9f-4c84-81fa-7b755dbe0169,208.20084506229347,92.75368232369678,713.4824664368025,353.6984744257563,0.14753868798175504,0.02396732472646254,0.6385012685872054,0.020681552698717433,0.16619790232327233,92.7536820267366,20.0115655155724,650.0,240.0,407.27588383838383,0.8028953652793002,25.0,15.0
a2cd7513-6553-4327-a752-9b379b58aa51,235.7525261885288,109.32439418414246,1087.8053280116624,602.7202942390641,0.08963931992966118,0.011524523053051343,0.6925024107136575,0.02155284600250314,0.1148472011373241,109.32439594807583,20.0115655155724,1200.0,320.0,814.5517676767677,2.0078392033182246,,
a2e4d4d5-52aa-4727-a8ca-f97a14ca0cab,203.11879807636944,101.97317540925283,725.9154704786503,373.54116988907566,0.14833485644691707,0.023185096438573236,0.622200743626168,0.020098397576615447,0.21135566997308053,101.97317108704414,22.505782674242425,1200.0,320.0,814.5517676767677,0.8028953652793002,,
a2ff9f5f-952b-44af-a307-2f413a096e49,180.8768904870315,77.40599586307057,626.8288223250298,304.7883468483634,0.1603985478382786,0.022820411803724752,0.5813150482208438,0.01832641480548111,0.1687774328454685,77.40599860545039,22.517348022727273,1200.0,240.0,271.51725589225595,0.8028953652793002,30.0,15.0
a30c84ef-b0ce-498e-80c5-e7f0899f3d62,197.20972202667454,87.98078525651326,714.3229113670812,362.48936247392453,0.18146991640919616,0.021728761116287878,0.5617461833612268,0.020083447380489096,0.2057791708150624,87.98078519412375,25.011565351010102,900.0,320.0,407.27588383838383,0.8028953652793002,,
a320fe9b-b9ff-462d-ac04-0292e495e425,224.84713061330828,106.47735127044331,928.5319507262064,502.4350836348967,0.11871789421363634,0.015182025924726431,0.6126116293285774,0.02125738944791554,0.15157629490174815,106.4773510279005,25.011565351010102,900.0,320.0,678.7931397306396,1.3586033074955537,,
a338fcfe-c88c-493d-aa04-2ad1174674ef,159.38945263413402,68.09592742079224,658.6927947541546,324.0831119839945,0.10958749579407617,0.016136848465530304,0.630378382294497,0.015392186276708276,0.12618858110089554,68.09592776488658,22.517348022727273,900.0,240.0,271.51725589225595,1.3586033074955537,30.0,15.0
a350886c-63e3-45b2-9bd6-e8ecf36749eb,189.10509584313482,87.86418195580316,677.3462499769728,335.44042990825733,0.1895441762416877,0.022309913645707072,0.5852471691414667,0.019866540597291635,0.21175434856809236,87.8641816023523,22.517348022727273,650.0,320.0,407.27588383838383,0.8028953652793002,,
a3882692-ceb5-48bc-828d-fd6430f39f4d,182.21511857394958,76.86527004828139,634.6673285882443,314.47588305099094,0.14432430455710227,0.022640820110511366,0.5763030439615213,0.017787722432159463,0.16749948816894944,76.86526995619647,25.011565351010102,1200.0,240.0,271.51725589225595,0.8028953652793002,30.0,20.0
a3a48b21-5dbc-4cf9-8161-5e9f7ad5329b,180.68703091990176,88.30649080241717,641.269141975836,317.6460307439848,0.18161719436058502,0.022494156484480214,0.5903538010187606,0.019369836063571705,0.21731919006789532,88.30649232824106,22.517348022727273,400.0,320.0,678.7931397306396,0.8028953652793002,,
a3a9b84b-b51d-4efc-b0c7-623cc4cf0162,216.0363191372411,103.48830045014854,993.0305066106986,550.0644151273267,0.10102735996308924,0.011060393524168773,0.6495785235580702,0.020275992392281846,0.11837003163716066,103.48830213442308,22.517348022727273,1200.0,320.0,814.5517676767677,2.0078392033182246,,
a3bd5c15-4465-415b-b22c-574750e921c2,100.9572190703184,65.52331649723241,179.6055418744257,51.31923538939761,0.10975055659031989,0.007520987352241161,0.517920357808607,0.017793482833741114,0.14850876469856172,65.52331712879132,25.011565351010102,400.0,50.0,814.5517676767677,0.16982541343694404,30.0,20.0
a3dbb751-f4dd-468e-bb1d-688c11b334ce,131.3162233061034,69.85088391276152,289.9633908699443,114.59047640918936,0.20659233219833753,0.004742607103209175,0.49250720883180765,0.019846625727568155,0.21012119309491784,69.85088188638834,25.011565351010102,900.0,110.0,271.51725589225595,0.2509799004147781,30.0,20.0
a40afb0b-d1ed-4410-b0ae-3712792fbd2d,138.77384503132356,77.51585640399978,426.1640565609303,190.49306781695645,0.28322453363478534,0.03869085812215909,0.48678742511869744,0.018893378361274204,0.37591427378994097,77.51585842466888,25.011565351010102,650.0,400.0,271.51725589225595,0.3837245557808073,,
a44f90fe-a9bb-4417-8226-12272a6e9c09,92.86639866360393,62.36594741960312,181.24786791700066,51.08870215297249,0.22170909197064395,0.006524075375284089,0.4723153493531145,0.01800269577137111,0.27028476834449083,62.36594578450032,25.011565351010102,900.0,110.0,814.5517676767677,0.16982541343694404,30.0,20.0
a46e2052-91d2-4150-93f1-34faac6c3967,206.60109800662858,84.13438689826306,678.8071545605017,346.3268677820241,0.09808207625412457,0.023485764506555137,0.6127076959012837,0.019153251450514726,0.11392364215420951,84.13438567740673,22.505782674242425,650.0,160.0,814.5517676767677,0.8028953652793002,25.0,20.0
a4852d21-763b-4c34-b663-4472ce319d51,38.154155999886854,53.1653200244414,36.209459263063614,-27.226710552332257,0.1871097994698022,0.018066022346275256,0.5331724227003368,0.012422932920329354,0.28361920637713284,53.165318834864465,22.517348022727273,900.0,50.0,814.5517676767677,0.04796556947260091,30.0,15.0
a4ac01cb-0ccd-4918-800e-631622d928bb,233.79540725735558,105.95055726716271,1086.2101998984676,597.7748212206914,0.09364412401018517,0.011621142192929293,0.6975411809371947,0.021190491388129704,0.1142115105021288,105.95055679630323,20.0115655155724,650.0,320.0,814.5517676767677,2.0078392033182246,,
a4c04c93-2c9a-4b8c-af99-57504459e4cd,45.23673293805746,54.209808913155086,45.525554474442664,-21.067949265604653,0.2172017655583965,0.017806247194886368,0.5200055574545454,0.013333680217915096,0.3461376410154357,54.20980720314167,22.505782674242425,900.0,70.0,407.27588383838383,0.04796556947260091,25.0,20.0
a5278f3f-3a5c-4ec2-89ba-906146e6f52f,156.82688053808553,61.963324974249865,734.5045953790947,375.44102472345253,0.05396735120978536,0.011614948587079123,0.642713551712963,0.013403959715579098,0.06562320921890467,61.963327521632685,25.011565351010102,1200.0,160.0,271.51725589225595,2.0078392033182246,30.0,20.0
a54249f7-fc35-43ea-a0ab-e937db5b9fed,129.90496733484676,67.14418317452517,271.23802757089476,100.09342596793466,0.1513335381342382,0.004994044454503366,0.512248959914194,0.018474652127597444,0.14740579244483745,67.14417903938767,20.0115655155724,900.0,70.0,271.51725589225595,0.2509799004147781,25.0,15.0
a570cc19-bef4-4633-b157-8e0b9f6035d5,75.86672137367125,59.50502613304355,110.58890853097762,13.044818385583731,0.12218886666324706,0.01103759626406776,0.5122654781208964,0.015449994203843092,0.19573483061849575,59.505024193397595,22.505782674242425,900.0,50.0,271.51725589225595,0.10036192065991252,25.0,20.0
a5a1e786-0e53-4948-b73c-1b59cb3bf678,99.190716904935,63.73935459028355,185.74269636957558,53.35097812512464,0.2481114336961279,0.006370140696675085,0.47192414320180975,0.01752258336063706,0.26996225710125016,63.739355992955446,20.0115655155724,1200.0,110.0,271.51725589225595,0.16982541343694404,25.0,15.0
a5d76e00-f45a-43b7-b578-60eebb335eb5,102.2097036051233,62.9584229380533,190.12286168860618,56.22973894281764,0.1417781954066183,0.007099408025231482,0.502977625674032,0.017448121434459014,0.1886482189012317,62.95842505346974,22.505782674242425,650.0,70.0,678.7931397306396,0.16982541343694404,25.0,20.0
a63397b3-f89a-4e9f-bade-517719046460,145.65985097424584,78.4250528028256,425.68941493607167,184.37998196133086,0.2715137406972854,0.041798012721875,0.5342452775362267,0.019582658694268854,0.326661699469974,78.42505355496185,20.0115655155724,650.0,320.0,271.51725589225595,0.3837245557808073,,
a6664571-8b40-434f-8c32-31947feb694c,210.77014066860852,103.61253649884317,894.9418410057049,482.62992865116007,0.1307503982315341,0.014993330692613636,0.6083185803510627,0.020561300993750913,0.1842607032974175,103.61253694998244,25.011565351010102,1200.0,400.0,678.7931397306396,1.3586033074955537,,
a6676b76-c3bc-45b7-9b59-d3757f4270a0,72.54707579431943,60.32367640880043,104.92814439437363,10.739672023324221,0.16962820007060186,0.010421989124800086,0.4880542625896464,0.015828684302981944,0.2586711606412104,60.32367605724767,25.011565351010102,900.0,70.0,271.51725589225595,0.10036192065991252,30.0,20.0
a6926dc9-6ddb-4252-812d-afac8444c6db,174.2752849467889,73.35330255080162,607.3812847822564,298.29093299781437,0.13653413204484424,0.022732839634701175,0.5710011247694654,0.01703497876920041,0.16907447659458388,73.35330060030464,25.011565351010102,900.0,240.0,271.51725589225595,0.8028953652793002,30.0,20.0
a69b5278-91c9-472c-b88b-3bb6aa95f192,136.23793646337774,66.78822781834354,289.6332259504903,112.93388345403375,0.12780653871429926,0.005119461988636363,0.5169212793973065,0.018558895637660458,0.14328018133633535,66.78822833968626,22.505782674242425,650.0,70.0,271.51725589225595,0.2509799004147781,25.0,20.0
a69dbbd9-464d-44db-8289-ea2702c26c15,189.10623318656585,67.48900146576776,630.1417013240024,310.4381147827018,0.1405970478595118,0.022181265053377527,0.5551475528300189,0.017099433398293083,0.11313698540008155,67.48900268601625,22.505782674242425,1200.0,160.0,271.51725589225595,0.8028953652793002,25.0,20.0
a69fd049-7630-41e5-a4ee-6bf9ce4def29,180.6281230927888,87.85963901983067,604.238227394118,298.8976908606631,0.15565019508453284,0.02205173650741793,0.5715129924277988,0.019403336756083592,0.17366247761712114,87.85963753256799,22.517348022727273,1200.0,240.0,678.7931397306396,0.8028953652793002,30.0,15.0
a6cea322-9978-411d-9fb9-3ed774c1ecb6,238.21451468272002,109.0221756854934,986.5261513066681,536.8398091018075,0.09661707059594907,0.015918309003461698,0.6573082821185922,0.02122556486767652,0.14697740049214655,109.02217626433459,22.505782674242425,900.0,320.0,814.5517676767677,1.3586033074955537,,
a6cf2b80-7692-41a1-8e52-a867db4eeda7,185.22515153286366,92.74462803582769,658.5997801515251,334.5967419061297,0.15798303590130472,0.02187742964429714,0.5723281077532933,0.019812791339718402,0.21367182586331537,92.74463127711392,25.011565351010102,1200.0,320.0,814.5517676767677,0.8028953652793002,,
a715a1a1-ec13-4993-90d1-05fc81d3b9fc,210.19948830538078,95.17774247461452,807.2428396598983,410.85183368161495,0.17682988178619527,0.022947615670012623,0.6140555839716224,0.0205253832010906,0.23669282911303444,95.1777405662196,22.505782674242425,900.0,400.0,407.27588383838383,0.8028953652793002,,
a728d37d-e5b8-4a3b-b76d-d75058ac383a,182.4710860445086,74.86506469933322,822.0934367637776,430.6383604784485,0.05908684920178872,0.01159796499950547,0.6570564783022097,0.01607490087466841,0.06415183665650138,74.86506243130859,22.517348022727273,650.0,160.0,407.27588383838383,2.0078392033182246,30.0,15.0
a7303868-9de2-4062-9ded-3aa023da7429,43.58594793796256,55.23365883076055,41.99062536609174,-22.533947318482284,0.22087710274063554,0.017296660917824072,0.518420619836595,0.013359630825351595,0.3524713962073847,55.23366018961966,25.011565351010102,650.0,70.0,678.7931397306396,0.04796556947260091,30.0,20.0
a73a4575-aa97-45ee-b0e1-39a71fb142b0,159.46358281141033,91.19615645411471,455.44298584286827,200.8016355105867,0.2602798373566919,0.042236002280566086,0.544750561633891,0.020939238546772165,0.33116257773882635,91.19615944296537,20.0115655155724,1200.0,320.0,271.51725589225595,0.3837245557808073,,
a73d6a91-1484-4f35-8254-25db71205185,71.94706117535411,57.3885986361646,110.18011055953866,15.346479342195343,0.24472980549989476,0.009921192675157828,0.4594586840573443,0.015767087138808093,0.3477003921769221,57.38859842100242,25.011565351010102,400.0,110.0,271.51725589225595,0.10036192065991252,30.0,20.0
a75e7f97-1de1-4b0a-af6f-15a4c4e89f29,132.59592292049683,65.8594037079883,290.9536589611858,113.71532320382455,0.1612689743096065,0.0049620226749263465,0.5059995859382365,0.018517133045075494,0.17590536807907767,65.85940392181794,22.505782674242425,650.0,90.0,271.51725589225595,0.2509799004147781,25.0,20.0
a7a4cdad-77b1-4f77-9dc8-3e96d9a52838,72.35375834081925,56.20707964342569,107.27857479551164,11.006206762304082,0.18514521436426767,0.01078634244419192,0.49011585419349746,0.015185769794338312,0.25412650130524483,56.207076351363014,20.0115655155724,400.0,70.0,407.27588383838383,0.10036192065991252,25.0,15.0
a7fde29a-1ea8-4c79-8ebf-9ca743ee5da7,177.16603275881326,76.10661908033607,659.0667763403728,322.28961854528507,0.1722463438368582,0.023050332433522728,0.5952647686289035,0.016993253955735168,0.20793083110211433,76.10661802678914,22.505782674242425,900.0,320.0,271.51725589225595,0.8028953652793002,,
a8145093-8e09-4e93-935e-666a414c9dc9,38.91143100651722,52.458549168229595,37.631915128934516,-26.905209998953673,0.18513650434238216,0.01854515354208754,0.5317884906323653,0.012409677296086562,0.2808300433511491,52.45854935697072,20.0115655155724,1200.0,50.0,678.7931397306396,0.04796556947260091,25.0,15.0
a8224884-4cc7-4b1b-8fa1-d428d7b75c10,201.6474403065692,81.80023038128846,665.7004821391595,339.4093301694504,0.10432631537582071,0.023018380387236956,0.5975893920700653,0.01910866340633052,0.11304461078824131,81.80023101089927,22.505782674242425,1200.0,160.0,814.5517676767677,0.8028953652793002,25.0,20.0
a8476166-b142-49d9-9046-4fc30265eb79,188.63896073623354,101.47942628551296,691.3338545619287,353.33781087001165,0.17597760390624997,0.02166272056275252,0.5685582924375631,0.02026622055798097,0.2572817752264717,101.47942464877488,25.011565351010102,900.0,400.0,814.5517676767677,0.8028953652793002,,
a89ba641-fde2-4d69-b2aa-b076533f00e2,44.804781174551266,53.47609887797042,44.98014390504958,-21.164344026833376,0.24243684927367426,0.01771896609127736,0.5118239704740108,0.013845466716880103,0.3464884097107604,53.476101283810586,22.517348022727273,400.0,70.0,814.5517676767677,0.04796556947260091,30.0,15.0
a8ac81d0-0d01-4d84-8439-48e9d34e1500,172.4338326878491,60.81439331615112,568.884734442155,279.7027662561115,0.15359855159726432,0.020941758542098066,0.5121694658804504,0.017106993196656962,0.11517010319961507,60.81439004709572,25.011565351010102,400.0,160.0,407.27588383838383,0.8028953652793002,30.0,20.0
a8d79668-558f-42e2-8923-948ce6db48c3,71.77333474947038,59.29693571133432,109.78404983290233,13.818286343714965,0.24666133484680142,0.009606095269065657,0.4549136066152146,0.016104250208816222,0.3492709904281539,59.29693821732079,25.011565351010102,650.0,110.0,678.7931397306396,0.10036192065991252,30.0,20.0
a8e36d49-17d7-409a-9eb6-858297a01fd4,74.91461663960288,56.51397287032059,112.49446622532166,15.351677827795704,0.16196894114046717,0.010970072730502945,0.4994122621796085,0.015097508346963487,0.25099770486050077,56.51397351871458,22.505782674242425,400.0,70.0,271.51725589225595,0.10036192065991252,25.0,20.0
a9622e02-1a33-4ed6-bb27-3acdeadbed05,44.44879450944012,55.688089097706175,44.94379878793607,-21.361492189803748,0.19035769948621634,0.01878206617655724,0.5579893889004629,0.014031643316326774,0.2778870175636419,55.68808929604053,22.517348022727273,400.0,50.0,407.27588383838383,0.04796556947260091,30.0,15.0
a9679a2c-2071-40e1-9a6a-67fd661213c6,131.6870856667823,62.25695351999715,368.1529156070303,153.96769817329735,0.35205370564930555,0.036236457398242855,0.4519171390587121,0.01739077616886532,0.26615585883128984,62.25695552398657,20.0115655155724,650.0,240.0,271.51725589225595,0.3837245557808073,25.0,15.0
a9bc205f-d371-4b01-89fc-b8db690a249a,73.09086069564479,57.620889903237405,109.90967483256556,12.641290686584497,0.1620275240820707,0.010478057257891416,0.48990604547727273,0.015337766882222263,0.25191922904546205,57.62089021023302,22.505782674242425,1200.0,70.0,407.27588383838383,0.10036192065991252,25.0,20.0
a9bdeec7-3704-4cfc-898d-53182042905a,45.445773069902366,53.15327662417546,46.13750139300327,-21.417365752837135,0.23811066564362365,0.01800056567403198,0.5082872198512206,0.013775922316441157,0.3439434094403573,53.15327495249251,20.0115655155724,650.0,70.0,271.51725589225595,0.04796556947260091,25.0,15.0
a9ec9bb6-8856-44b4-a5af-b1c311347eb6,129.82043522268035,69.43799022470007,267.5584806945218,99.4517217052823,0.16054558625937504,0.004986060650641836,0.5109152884041456,0.019000529600987068,0.14962343881686713,69.43798881263763,22.517348022727273,900.0,70.0,271.51725589225595,0.2509799004147781,30.0,15.0
aa090ded-6676-436d-97bf-0d8053fb7fc8,151.74696397944066,73.4209225796462,573.1927446480585,274.42229730826153,0.21617044178056607,0.02254007923366162,0.5847290681044822,0.016824252849602137,0.2614284860131576,73.42092201724809,22.517348022727273,650.0,400.0,271.51725589225595,0.8028953652793002,,
aa3a0871-347b-4613-a59b-bcad123d6036,42.99596953644433,51.45519698511606,41.80754807228075,-23.342311155997372,0.25297714208396466,0.01682384533086069,0.47887601985879624,0.012546817711660753,0.405113047343217,51.45519687436717,22.505782674242425,1200.0,90.0,678.7931397306396,0.04796556947260091,25.0,20.0
aa3aae98-ccd6-42d5-9a44-6ed891e0f824,75.8501401693506,59.00105183402364,115.59413415987659,16.53863318063631,0.2013162090810185,0.01010640149675926,0.47458458328851016,0.015700816350389758,0.30015799459053055,59.00105202886225,22.505782674242425,900.0,90.0,271.51725589225595,0.10036192065991252,25.0,20.0
aa4f5eaa-4e6d-42d5-a742-65add41467dd,216.9972278727482,90.95016799789884,702.4262596116909,350.58135409412597,0.11014834713073443,0.024316353227156987,0.6413423112691078,0.020785593925449333,0.11650095529899689,90.9501662452632,20.0115655155724,1200.0,160.0,407.27588383838383,0.8028953652793002,25.0,15.0
aa57b052-77e8-43e7-b7be-2a36ac6906e5,128.7173569774041,68.50856184274315,266.7623101963813,99.14137954014298,0.1601434823452546,0.005038233890656566,0.5114608026809765,0.01881585839957243,0.14969999909597415,68.50856017927191,22.517348022727273,650.0,70.0,271.51725589225595,0.2509799004147781,30.0,15.0
aa774678-a0a3-4301-90f4-7a3cf7b7705a,144.6589615824523,82.88661112909571,419.6064573742158,187.52060028628958,0.24008799702420033,0.04110940380666035,0.5232245587524095,0.018502542360424167,0.3316369204626854,82.88660913722296,22.505782674242425,650.0,320.0,678.7931397306396,0.3837245557808073,,
aa781aa5-2a14-4c69-a86f-5c7267e8920e,44.43719878568742,50.501111200772954,44.97673078833916,-19.95817319714458,0.25769490835900677,0.017065772512047557,0.5045858719035142,0.01355868261893563,0.4005042668373691,50.50110807164819,25.011565351010102,400.0,90.0,407.27588383838383,0.04796556947260091,30.0,20.0
aa7d2e82-e9f7-4558-8a5f-8cc9b95a451f,200.93757569393875,87.04649238040926,695.439780163282,356.03118688033624,0.13962253787207493,0.0227223786712016,0.60101275789637,0.0195149785634139,0.16085534494350928,87.04649097956055,22.505782674242425,900.0,240.0,814.5517676767677,0.8028953652793002,25.0,20.0
aaa4ea46-8d99-43f1-8d55-8965dfb2a091,44.87646458687079,49.02830712387207,46.0667776662354,-20.979683279607883,0.32084913117140157,0.01636933097930345,0.44044427956008003,0.013527635995999826,0.444315214588816,49.028309618307745,20.0115655155724,650.0,110.0,407.27588383838383,0.04796556947260091,25.0,15.0
aaba34d4-8a3b-4945-ae99-e7eacdc3327e,183.591367920398,82.01660621108664,586.7646566472366,289.01264167509424,0.11997359804988426,0.022503559013362793,0.5776767999304713,0.018901025425308,0.12175267506121824,82.01660294380319,22.517348022727273,900.0,160.0,678.7931397306396,0.8028953652793002,30.0,15.0
aaddf655-d57c-4fcd-a975-9432e81272b6,115.38294604736406,65.07992736579773,263.5178083085319,96.96964153317245,0.20349364835842804,0.004680984247190658,0.490038077814657,0.018996230954041213,0.21217949936682456,65.07992582327444,25.011565351010102,1200.0,110.0,678.7931397306396,0.2509799004147781,30.0,20.0
aaff8eb4-cc28-4345-a1f7-93116c6d7173,92.92806998421717,62.394020322344915,168.48053206605678,43.03362308506297,0.17234991926015358,0.0069897833907302176,0.4961455146736112,0.017195278349634486,0.19651861650806146,62.39401855908999,22.517348022727273,650.0,70.0,678.7931397306396,0.16982541343694404,30.0,15.0
ab0b0e8c-78d3-4a12-816d-707401da44fa,93.17250947665194,62.574941929842566,181.18130622460424,51.39291926336319,0.2216525234368687,0.00652602172873527,0.4727715483759469,0.01800688194171607,0.2706205956511485,62.57494234167078,25.011565351010102,900.0,110.0,678.7931397306396,0.16982541343694404,30.0,20.0
ab2bf8aa-e823-450b-b43e-e1e3c63574f2,124.75687476396955,64.32941635373204,255.94045941539144,91.9208401783162,0.10915861021671927,0.005327325548853113,0.5250573582492636,0.01760625593912222,0.11224497358341946,64.32941519876844,20.0115655155724,400.0,50.0,407.27588383838383,0.2509799004147781,25.0,15.0
ab7cffd8-f679-4ef0-991f-99c82f87b95c,118.40572565719395,66.32526611340275,267.2483135724698,101.064609792509,0.20554616357680974,0.004812561122906145,0.4921341947706756,0.018732768709511714,0.21523974132481224,66.32526432565733,25.011565351010102,400.0,110.0,814.5517676767677,0.2509799004147781,30.0,20.0
aba8888e-48a2-4cb1-9b8e-c23299c8dd1e,224.66282832309997,91.24655964428229,867.9855175063378,467.1937080582942,0.07200438193766835,0.015614007152114898,0.6193827951453703,0.020161425301581062,0.0801380158862076,91.24656046240798,25.011565351010102,400.0,160.0,814.5517676767677,1.3586033074955537,30.0,20.0
abc11666-2dca-48d6-ad8d-e91e17b6e4a3,72.19765914023354,59.87313676574719,102.98306715423391,8.820484057031495,0.145127648397359,0.011123237255892255,0.5114263982648358,0.015513017888051863,0.2015996092129446,59.873134548414264,22.517348022727273,400.0,50.0,407.27588383838383,0.10036192065991252,30.0,15.0
abda5ae4-bc42-45cc-a79d-76660d7e482d,119.57561385686259,65.68863195697735,257.3546069346208,93.97979733387656,0.2014659632249053,0.004896707319970539,0.49997409168907825,0.018183578140037317,0.18578556432234886,65.68863472093295,22.517348022727273,400.0,90.0,407.27588383838383,0.2509799004147781,30.0,15.0
ac372bc2-be61-43c3-b305-02be1c391ae3,202.022968000737,80.92919181023508,652.0421956021132,324.19735762649964,0.1284626691530198,0.022671904327230638,0.581018083601368,0.019826379696967496,0.11604012924313438,80.92918981195551,22.517348022727273,900.0,160.0,407.27588383838383,0.8028953652793002,30.0,15.0
ac46e707-6921-4f5e-af4c-494e235914e6,115.8450674053199,62.875032099947745,249.40148408168062,87.35143089241015,0.14984393179286615,0.004947007256481482,0.5101709525835436,0.01761926681955519,0.1488600658860587,62.87503123283618,20.0115655155724,900.0,70.0,814.5517676767677,0.2509799004147781,25.0,15.0
ac62b6b0-0dc9-400e-952b-d5404c8f6a9d,132.65527045752833,63.16844902318661,355.05946451836655,150.2118818436968,0.23743839233927813,0.03804805089047769,0.4650105299518203,0.018543118003377018,0.19468577341274687,63.16844931703213,25.011565351010102,1200.0,160.0,814.5517676767677,0.3837245557808073,30.0,20.0
ac8ba18c-c944-4b47-9bbe-b53927cb3862,148.3795949222241,89.048468165443,414.9789103875171,180.5218086309283,0.27386431492455815,0.040919721610058926,0.5270720188796191,0.019756425101391972,0.3401635185183172,89.04847175189737,20.0115655155724,1200.0,320.0,407.27588383838383,0.3837245557808073,,
acaaf777-bee7-4dc3-b3fd-6b1578d1638b,100.56682797408473,65.24009932831189,182.41586391468158,53.23103796307358,0.14934814577272726,0.0072486417915509265,0.5023258020657618,0.017865127197461667,0.1950285067237624,65.24009822987556,25.011565351010102,400.0,70.0,407.27588383838383,0.16982541343694404,30.0,20.0
acd9893a-50b7-4ca5-a9a1-72849125797b,93.49717226539525,60.13105996216137,167.67933165936725,41.75370439822393,0.12005185278738427,0.007251464850494529,0.5116034478329125,0.016633812011770183,0.1467845127670792,60.13106154931131,20.0115655155724,1200.0,50.0,678.7931397306396,0.16982541343694404,25.0,15.0
acfde310-f2af-46e5-ab5d-eaf406e9e102,129.69588774033517,79.74463231046175,380.82802566352456,164.33197152629936,0.3303027475175716,0.03791456878257576,0.47900002994889523,0.018569466997921467,0.3965205130827962,79.74463423663319,22.517348022727273,400.0,400.0,407.27588383838383,0.3837245557808073,,
ad917dc4-e13f-445f-ba78-b98a1f76b27e,45.032980956754386,53.45439416153209,46.96368555397868,-20.914959088687844,0.18754420212194864,0.01937413794791667,0.5650531222138047,0.013946724583798491,0.27280442468485283,53.45439282641043,20.0115655155724,400.0,50.0,407.27588383838383,0.04796556947260091,25.0,15.0
ad917f17-ae07-4858-a004-fd96016e8b0f,45.074373750367606,50.495420554583795,46.043139818612175,-21.26568520179237,0.2812014470151516,0.017168227090014733,0.4730721746893939,0.013592728006840242,0.3982010646342806,50.495421721914866,20.0115655155724,650.0,90.0,271.51725589225595,0.04796556947260091,25.0,15.0
ad9631a8-b8c2-4e25-ad2a-1677e5dd3950,142.3942575219021,68.84039391824996,291.5439490440669,113.67569220528068,0.09364090678953073,0.005193417935353534,0.5272660375949074,0.018961050129235945,0.10681026745815932,68.84039331736865,22.505782674242425,1200.0,50.0,271.51725589225595,0.2509799004147781,25.0,20.0
adb2e374-cb38-4753-9532-42c0d341a29c,211.98234495699313,93.42932179726613,888.969475892562,472.56792832662666,0.11604880859261363,0.015456403343297556,0.6193142007573547,0.019657440908898826,0.149953245313819,93.42932477625504,25.011565351010102,1200.0,320.0,407.27588383838383,1.3586033074955537,,
adbba663-bff6-43bf-8f18-49f349fab555,119.36879685207211,63.49027874903482,248.431023980593,86.75789401632964,0.10902976456045875,0.005144402883133417,0.5221381956928135,0.01762350938566801,0.11164668645079524,63.49027871867972,20.0115655155724,900.0,50.0,678.7931397306396,0.2509799004147781,25.0,15.0
adc32bc5-ed8d-45b4-900a-e49f3466fb23,194.33551839514521,91.2938223501166,660.3111164853836,328.17918690882743,0.15114230626836067,0.02333841488679503,0.61531389476129,0.019923132582929593,0.17067507367109988,91.29382299626164,20.0115655155724,650.0,240.0,678.7931397306396,0.8028953652793002,25.0,15.0
adefa5ff-15f4-46d1-937d-1af65ef65715,102.61627766432817,65.97128673214284,181.0460960379434,52.19781820810427,0.1100686234076389,0.00754250160496633,0.51800186550726,0.017872788966166366,0.14848276009359393,65.97128960090171,25.011565351010102,400.0,50.0,407.27588383838383,0.16982541343694404,30.0,20.0
ae2915ab-178b-49f2-91aa-f4a9084ddcd2,167.94655538816286,68.97511801374984,731.4583219229876,365.2550712046906,0.10381981990520833,0.016626576718949914,0.6638487249496738,0.014998232005438159,0.1536461392867619,68.97511706267903,22.505782674242425,900.0,320.0,271.51725589225595,1.3586033074955537,,
ae3083e9-3174-4bb7-81cd-6f56e2759d8c,204.16210658026552,97.81635835059144,972.4177762185134,529.3277205998226,0.11423812711809761,0.011047520695773359,0.6448065323261785,0.01921376534198027,0.14451103981056657,97.81635582413173,22.517348022727273,650.0,400.0,678.7931397306396,2.0078392033182246,,
ae624b7b-eae5-4117-9433-8c237cee09df,71.56899896980276,59.33927212402577,105.31113344986383,11.458442221254186,0.20900799613362797,0.009921168896001682,0.4690261191902356,0.01583481667193021,0.30768241508146504,59.33927189548327,25.011565351010102,1200.0,90.0,271.51725589225595,0.10036192065991252,30.0,20.0
ae8f3ec0-7215-465b-afba-de3783f35545,154.48017019698932,87.29391511949942,444.8145403113197,201.048412248312,0.2424662756170034,0.04092515516453073,0.5231603780999999,0.019322738825076704,0.32839243298178566,87.29391608349124,22.505782674242425,1200.0,320.0,407.27588383838383,0.3837245557808073,,
af0570ca-eac2-40cc-8946-be22c8a8f10e,220.55945979746733,101.72108867491959,988.791410062702,545.4807484536203,0.07463863943230219,0.01128409205747054,0.655567142023569,0.01999989043503361,0.09146444105699729,101.7210897581092,22.517348022727273,1200.0,240.0,678.7931397306396,2.0078392033182246,30.0,15.0
af075b1f-f311-4cc6-ac03-7cdba340cf91,136.6786849625037,65.33389152874491,347.68510787112945,145.7630431792924,0.2796457732771991,0.03769386462653619,0.46391440197299033,0.01790413327778464,0.2006958956224922,65.33389308781193,22.517348022727273,650.0,160.0,407.27588383838383,0.3837245557808073,30.0,15.0
af1078b1-1c21-4e07-83f8-15df716d682b,198.37345240661944,85.62457082331146,642.9936187069072,325.88177462028096,0.10132075704687502,0.022296550061374154,0.565715405935322,0.019687805393141276,0.11807872566955367,85.62457006076261,25.011565351010102,900.0,160.0,678.7931397306396,0.8028953652793002,30.0,20.0
af4df381-d7f7-46a1-9758-b4024653d4a5,119.06261824924398,66.27784466280889,264.7332212874831,97.88786061620578,0.17027768560474535,0.0048875733462436875,0.5007112908142362,0.018952889231497048,0.18233033356427142,66.27784506355242,25.011565351010102,650.0,90.0,814.5517676767677,0.2509799004147781,30.0,20.0
af8bf012-b13c-4811-bb1e-012c83bd5941,219.4299783075912,95.63293118398465,885.6869661826718,459.67819305755125,0.09112457971133206,0.01694621242097012,0.6974882257299346,0.020459014921958837,0.11834015631598761,95.63293035648327,20.0115655155724,1200.0,240.0,407.27588383838383,1.3586033074955537,25.0,15.0
afc6619d-65e2-4c7e-9aff-fb39e261e307,95.25909704772575,63.7127959450573,184.25709457080728,53.646673173218886,0.22295853436126892,0.006558012650042088,0.4734124913341751,0.018130802772763313,0.2711697522816056,63.71279847012058,25.011565351010102,650.0,110.0,814.5517676767677,0.16982541343694404,30.0,20.0
afda2514-c120-40d8-ab04-dd137356e892,197.17348437498833,75.26254339188478,638.8013067442824,321.2945159577988,0.10972999667512627,0.022298181567645202,0.5652218888382575,0.01890701803420183,0.114511624218659,75.26254510258607,25.011565351010102,650.0,160.0,407.27588383838383,0.8028953652793002,30.0,20.0
afdc3d48-ce9b-4c18-9572-61bc6b868d59,211.83974674261924,90.43189224308546,861.3392143221414,443.4169817572562,0.1004143185111532,0.016780978291487794,0.6839015971063448,0.01975108473523822,0.11824773141674433,90.4318916274766,20.0115655155724,650.0,240.0,407.27588383838383,1.3586033074955537,25.0,15.0
afe8f5c0-b69f-452b-8177-1923a457dd86,68.88808084891748,55.97287040402627,105.84390154980288,9.560063842596616,0.2697943210568182,0.009363777247138048,0.4480742758308607,0.015313602686341089,0.3468286515637872,55.972871555767945,20.0115655155724,1200.0,110.0,678.7931397306396,0.10036192065991252,25.0,15.0
b0349e55-3ce2-4683-ac2d-ad4fded959b7,187.51817269808973,78.81351845849723,874.7065159352187,468.8308196867193,0.06915030596102693,0.011280716072790404,0.6371066283530618,0.016121990307497447,0.09182060234615173,78.81351922332313,25.011565351010102,900.0,240.0,407.27588383838383,2.0078392033182246,30.0,20.0
b035d812-a7d4-4537-94b4-4843285ae06c,76.65161151625202,59.345014033606894,114.37593985873511,15.732205446326045,0.16301281525063133,0.010656821160143097,0.4949260468051347,0.015592555457165274,0.2518904876057051,59.34501532830804,22.505782674242425,650.0,70.0,271.51725589225595,0.10036192065991252,25.0,20.0
b0512d2d-00c3-4742-bde5-4e5572e8584f,117.51676753669665,65.15220303317145,262.70415469879725,96.20300581528659,0.16925739108570076,0.004842627776504629,0.49984229152535775,0.019001625070364066,0.18083411025605156,65.15220300854106,25.011565351010102,1200.0,90.0,678.7931397306396,0.2509799004147781,30.0,20.0
b052d8e0-64f5-4677-928d-08d28cabf436,176.57129401151016,77.1133629633948,875.3350576513358,464.4746349527826,0.10727634348065025,0.010925966975568182,0.6200553010346695,0.01590520446922694,0.14359507393861318,77.11336224643094,25.011565351010102,900.0,400.0,407.27588383838383,2.0078392033182246,,
b070ba68-4da0-4675-bb3a-86c536ca0e32,225.05012833492466,98.46260161505228,947.9074772128102,505.5259475865856,0.0986571957525042,0.01619382032689394,0.6597892870219907,0.019648815522473297,0.14728067905789702,98.4626012209332,22.505782674242425,400.0,320.0,678.7931397306396,1.3586033074955537,,
b0d13adb-4295-4284-8457-b921626b40ae,184.4728260495661,88.888280462548,619.3217009246084,306.99496256308936,0.15640231951555136,0.022326872418728955,0.5792756197169403,0.019428195168820824,0.1740111246671615,88.8882786922147,22.517348022727273,650.0,240.0,678.7931397306396,0.8028953652793002,30.0,15.0
b0fefc46-1080-4174-aea9-c285780c8716,173.798821243154,82.57241570313455,657.6456992499479,321.4273605330325,0.20868056384190867,0.02336000146534091,0.6222576290139415,0.01900407885969631,0.25243664360468543,82.57241600233081,20.0115655155724,400.0,400.0,407.27588383838383,0.8028953652793002,,
b1005332-23e2-472e-81b2-8acaf884cb14,200.52165055214007,105.94224112621416,734.6515860834947,376.6913503173755,0.1809203504837437,0.021831693236395205,0.5777497026171613,0.020893908631052904,0.2553737011826567,105.94224303009534,25.011565351010102,650.0,400.0,678.7931397306396,0.8028953652793002,,
b102ffc8-26b6-4595-8cd3-5a8acb3fab89,72.40293567845323,60.3352770195264,103.4130654060937,9.128928773697748,0.14521750719502316,0.01108048136623527,0.5109145893975169,0.015574399871515897,0.20168434350182618,60.335276796854885,22.517348022727273,400.0,50.0,814.5517676767677,0.10036192065991252,30.0,15.0
b10a2485-1e6e-46b4-a919-cdb451f71bc4,41.55451510943809,50.28704471490736,38.286298372834715,-25.365697061393032,0.32959164253514317,0.015304376418202863,0.4256284632650462,0.012580855781019,0.4571443351433729,50.287045929108444,22.517348022727273,1200.0,110.0,678.7931397306396,0.04796556947260091,30.0,15.0
b15ef73a-73ca-40ae-a4ec-a0eebaf569c9,125.89128835804276,63.09064416591984,257.60553035758363,93.01788816284895,0.10841250992898782,0.005400719961921296,0.5256336920157829,0.017459553625638023,0.11152651222531466,63.090643412756705,20.0115655155724,400.0,50.0,271.51725589225595,0.2509799004147781,25.0,15.0
b19579c5-fd1e-4fc4-82b8-8b9f9d8a4a10,132.2212083963944,69.71642585620813,265.4493354186614,97.89286332194231,0.11673421059766412,0.0051924682708754215,0.5231152865425083,0.019020318482916822,0.11216850692971832,69.71642671727092,22.517348022727273,900.0,50.0,271.51725589225595,0.2509799004147781,30.0,15.0
b1c5ad38-0ab0-4d8e-b642-0d4c6b84754a,114.14984627393478,45.81240125431669,556.0049520199933,259.33032466608125,0.07538804954376052,0.012706744546043772,0.72079989728629,0.010859474262886339,0.1011410776118845,45.81239828640309,20.0115655155724,400.0,240.0,271.51725589225595,2.0078392033182246,25.0,15.0
b1e69c1b-7eab-41ed-b85f-0ba8f6b1249d,191.67669398085164,79.01678739691465,862.923470111817,456.47077953076166,0.06125177040264101,0.011558804491582492,0.6573233171717698,0.01689357208968354,0.0635247054235633,79.01678761055803,22.517348022727273,1200.0,160.0,407.27588383838383,2.0078392033182246,30.0,15.0
b2127908-6b55-4960-91e8-27fa9fab87a2,247.61407219705896,109.59175569336901,1080.396155015631,599.1205350503093,0.049321853085132566,0.011972067236258419,0.7154670488908355,0.021524993963898044,0.06120341397169074,109.59175384355824,20.0115655155724,900.0,160.0,814.5517676767677,2.0078392033182246,25.0,15.0
b23d94c9-3cad-4f62-ad28-75633118e0a4,101.52573879374765,61.89115075012474,185.67985937416069,53.00958775077616,0.10357438252707281,0.0073172971464330805,0.5165054537366374,0.017302034241010338,0.14243319662767426,61.89115085212946,22.505782674242425,900.0,50.0,814.5517676767677,0.16982541343694404,25.0,20.0
b246ca2e-09cc-4709-9071-141a9655ff4c,197.0489792551451,86.17358132798603,637.5440304546363,322.89301969170504,0.10256263433541667,0.022318894185585015,0.5708536413112479,0.01967534772537259,0.11829680877978103,86.17358262566212,25.011565351010102,1200.0,160.0,678.7931397306396,0.8028953652793002,30.0,20.0
b257232d-9511-49b3-b2ac-12c773698377,201.31640772111928,94.08337368891205,834.8478667424585,436.2074595295751,0.13062180435165194,0.01558240947404251,0.6271401078849222,0.019801906160311446,0.1555015238089257,94.08337231195925,22.517348022727273,400.0,320.0,678.7931397306396,1.3586033074955537,,
b2705b43-e179-48d2-96b9-b0c3d100b669,203.96086953882855,83.4247564467846,941.6388033707156,500.0143923287901,0.07400595939175085,0.012030388915109425,0.7094186553916244,0.01801754644497135,0.08889361665572848,83.42475438787693,20.0115655155724,400.0,240.0,678.7931397306396,2.0078392033182246,25.0,15.0
b27a52eb-a263-488a-82ea-df4aa5f3758d,92.09240914977093,62.269135109616336,170.88929237612385,44.692813580505664,0.21693716331207913,0.006679136342676767,0.4822434691940235,0.017297928643633845,0.23798515868299905,62.26913579348759,22.517348022727273,650.0,90.0,678.7931397306396,0.16982541343694404,30.0,15.0
b2902e53-b44c-428e-8560-9e2cef217b65,72.2635337761574,58.05176299293523,108.92069986584613,11.504581425986357,0.22989603552693597,0.00992639133270202,0.46671634953756314,0.015619506323047523,0.3041362740093575,58.05176245873659,20.0115655155724,650.0,90.0,814.5517676767677,0.10036192065991252,25.0,15.0
b2bdc220-1107-442a-abf8-b80574ccdda7,153.6625250453837,63.76993476290965,715.6053819262778,359.3298844674279,0.05899456115569235,0.011892548005923822,0.664825732457197,0.013827179832887716,0.06717429083723318,63.76993545355095,22.517348022727273,1200.0,160.0,271.51725589225595,2.0078392033182246,30.0,15.0
b2cf2046-05bb-45e8-9b37-7464d65364aa,217.50553237896906,101.43667459785716,976.7727625822955,537.1831716414338,0.08026554689992632,0.011272205859343437,0.6558298089869319,0.019769191266359957,0.09237006777198176,101.43667686221036,22.517348022727273,900.0,240.0,678.7931397306396,2.0078392033182246,30.0,15.0
b2fc6e77-2b24-4434-b115-4fe766e7b574,242.91258696769006,102.23943522658818,1138.7037891523719,640.8757749638661,0.07729518518178662,0.011369342720233584,0.6752824468569129,0.020035771135905687,0.10895337945424018,102.23943673347003,22.505782674242425,650.0,320.0,814.5517676767677,2.0078392033182246,,
b2ff529c-8cb6-4e99-892d-936c48df8122,94.5332574470487,63.41314191220411,172.93431386695707,46.42491748274819,0.21731829956502524,0.006684494991877105,0.4827046120019992,0.017415006512546908,0.238359145786218,63.413140460099626,22.517348022727273,650.0,90.0,407.27588383838383,0.16982541343694404,30.0,15.0
b30b1936-7431-49d5-9769-43c8fe420031,131.32967425389512,69.03994571737498,263.8152754180569,97.34228523322555,0.11653236956253157,0.0052467344452020205,0.5235374096150041,0.018764011017864995,0.11257535626260164,69.03994698137838,22.517348022727273,650.0,50.0,271.51725589225595,0.2509799004147781,30.0,15.0
b32d6ae1-f3e5-43f8-a323-702c97cc9daa,211.11288889050326,108.13159589244776,857.368842946296,455.9235915821705,0.1269126657625421,0.015319790834501265,0.6227681871552609,0.021350157400871102,0.15824283041616208,108.13159316505474,22.517348022727273,900.0,320.0,814.5517676767677,1.3586033074955537,,
b3627f83-438c-4e20-8d63-1ed31854d19d,104.86421502214138,67.80881864967401,191.440173101401,58.55282468166062,0.18870718841429926,0.006771436152819866,0.486946048458649,0.018680941163085638,0.23401225930260652,67.80881930002504,25.011565351010102,900.0,90.0,271.51725589225595,0.16982541343694404,30.0,20.0
b3635b61-512c-43e7-9b31-52dfbe4964fb,71.23201926552765,59.8236741509873,101.74417951556876,8.37422791132116,0.12675185171585648,0.010932292216109005,0.5083229538203915,0.015606968411967412,0.20091185101361908,59.82367234139673,25.011565351010102,900.0,50.0,271.51725589225595,0.10036192065991252,30.0,20.0
b393a3c7-6623-407e-a544-3da4221d4c1d,42.03221712506353,52.64835318065543,38.3317649218456,-24.507962552141,0.25908082977525254,0.016253868986531986,0.4756779659763257,0.012590560014865044,0.4117989549775251,52.648352667607924,25.011565351010102,1200.0,90.0,271.51725589225595,0.04796556947260091,30.0,20.0
b3b0bcbe-a1b0-4dec-9001-9daebd311a78,45.390003456970895,50.29835842222939,45.992037343431946,-21.103766476864735,0.3224817971903409,0.016233050928977272,0.4366989592816709,0.013592130421741518,0.4464055983688384,50.29835898411036,20.0115655155724,650.0,110.0,678.7931397306396,0.04796556947260091,25.0,15.0
b3ecd61f-1cff-4684-a4c9-da521507f715,210.92633499450537,102.76374072665742,989.4606499169356,547.4490219768733,0.11865806494123526,0.01078549793462858,0.6326777558243056,0.02019645481529319,0.14327485417662808,102.76373948796049,22.517348022727273,1200.0,400.0,814.5517676767677,2.0078392033182246,,
b431ed2a-3e73-424e-a3fa-1943f2a4227b,69.699258460119,57.93274718727851,107.45778610029969,11.843441607500457,0.2457814326530935,0.009534992410995372,0.4523538136050084,0.01594795108317382,0.34855965806825934,57.93274749257785,25.011565351010102,900.0,110.0,814.5517676767677,0.10036192065991252,30.0,20.0
b43c09ba-925d-486d-ba7e-a2b650b86477,98.6914260127008,65.30082713843248,178.3154291400506,49.864599349769485,0.21854124653203913,0.00663854241021675,0.48297140688673196,0.017815520597159004,0.23726827268653675,65.30082372989932,22.517348022727273,900.0,90.0,271.51725589225595,0.16982541343694404,30.0,15.0
b49a3cfc-3498-4bc2-839b-7a889d032e8e,145.91098839116532,65.57741964768373,373.1351635610012,159.37356219442418,0.2809828983248632,0.03786470079192971,0.4651442752240109,0.018504631902572323,0.19509414398793223,65.57741717213443,22.517348022727273,900.0,160.0,271.51725589225595,0.3837245557808073,30.0,15.0
b4a40f73-933c-4d93-9abf-a80143889904,35.338970911780095,50.96690320749788,33.100067671087196,-28.541383945075616,0.1665561820697601,0.01786964794381313,0.5498627636321548,0.01159201514413412,0.28435742487038684,50.9669013085154,25.011565351010102,1200.0,50.0,814.5517676767677,0.04796556947260091,30.0,20.0
b4f943ae-4b19-4cb3-939b-299923d44148,209.15997012991468,84.52426016530467,813.93158389041,430.955860959229,0.08317378320436658,0.015360198342255894,0.5977329179963593,0.01881729391414401,0.08208940144432261,84.52426059254071,25.011565351010102,1200.0,160.0,407.27588383838383,1.3586033074955537,30.0,20.0
b5ad7b20-8455-4557-bff4-38d3446cf44d,196.85744781339125,70.27917100573967,655.8246719427635,326.3747123176949,0.1286159640032407,0.022842005374189813,0.578269995573022,0.017699301897243683,0.11178813357512125,70.27917193663156,22.505782674242425,400.0,160.0,407.27588383838383,0.8028953652793002,25.0,20.0
b5b41dd1-5f6d-4fe7-8278-43f5f5cfd310,146.53143703783155,79.17843422390048,426.50842868164284,191.5884143267785,0.2729167224116162,0.038902522985058925,0.48610734409360273,0.01927958522768533,0.32701255407335644,79.17843447683019,25.011565351010102,650.0,320.0,271.51725589225595,0.3837245557808073,,
b5e80b81-a90c-4785-ab7f-7eb29a3176fb,121.56800358275336,65.42117025115274,262.53200135449794,95.28477874732305,0.19120170389569655,0.004764861956670876,0.5001955464683817,0.018120236548861298,0.18237553846231058,65.42116945618268,20.0115655155724,900.0,90.0,407.27588383838383,0.2509799004147781,25.0,15.0
b5ff39d5-0092-465e-8d0e-bbf337588ac7,233.94958824632312,114.05893776137448,923.6539855939274,492.44182987567615,0.08595682430279883,0.016530636169633836,0.684822789787037,0.02241089515802134,0.12126979672097592,114.05893428192253,20.0115655155724,900.0,240.0,814.5517676767677,1.3586033074955537,25.0,15.0
b618af5e-c46e-45c1-b47d-68237c551ce3,183.38495621588106,79.64285234031017,880.6375725977388,470.7585763044859,0.08741674233886783,0.011112142506081649,0.6311162616621001,0.016178685386710575,0.11895348681933221,79.642851429999,25.011565351010102,1200.0,320.0,407.27588383838383,2.0078392033182246,,
b6203100-7ebe-42ce-ab11-4ab374d62de7,179.65077861134225,78.8388821051441,701.4386019209832,345.2678460212846,0.18826978778025044,0.022996777723505894,0.6054332704024307,0.017764603303200413,0.2417578407659514,78.83888265605955,22.505782674242425,1200.0,400.0,271.51725589225595,0.8028953652793002,,
b620ecef-5ef7-4f7e-8c90-caaf1f874f37,46.23025317702458,54.68132444834403,47.05902717730976,-20.17817628796183,0.21821845416372054,0.017895550874221382,0.5229517459785353,0.013578802189674576,0.3450173433457214,54.681321996851416,22.505782674242425,650.0,70.0,678.7931397306396,0.04796556947260091,25.0,20.0
b62de816-8ec0-453b-91b8-3e0a5f6f8cf1,144.00090022835127,65.93105294577475,403.29056205225424,179.44767887253818,0.33085474543844695,0.03589940665090488,0.44663765601233163,0.019426788095702606,0.2581030354889136,65.93105458571098,25.011565351010102,1200.0,240.0,271.51725589225595,0.3837245557808073,30.0,20.0
b655bdc1-b8c0-4138-bebe-84a8a64b8500,117.92100683010169,64.36202408891133,259.80301148733014,93.84233379121582,0.13352791835151512,0.005015721193108165,0.5103899634146675,0.018882099992427504,0.14657076597198962,64.3620209127775,25.011565351010102,1200.0,70.0,814.5517676767677,0.2509799004147781,30.0,20.0
b6852e60-00cb-430f-bcf1-bd41f61142a7,71.05990834266103,56.51065948256395,105.52191085687011,9.650930192490883,0.12067093787599956,0.010948695067550506,0.5090004370587121,0.015002317583067292,0.19511462719249276,56.51065913130504,22.505782674242425,1200.0,50.0,678.7931397306396,0.10036192065991252,25.0,20.0
b6c31b37-f8e5-4bdb-8824-0920b2daa5d9,106.67926481664153,64.53162049828993,200.06339142886188,62.96634047683827,0.17817250236789775,0.0068846222985795465,0.4920438945638678,0.017813463811505136,0.2277832382183289,64.53162162284578,22.505782674242425,650.0,90.0,271.51725589225595,0.16982541343694404,25.0,20.0
b700f237-0027-4ab5-9941-71cd08e5812b,230.68885444570532,94.38956776913464,886.9339686547862,478.2624943802217,0.06964278586289982,0.0155953222879314,0.623211430736595,0.020666744198163313,0.07981626596854816,94.3895683603084,25.011565351010102,650.0,160.0,678.7931397306396,1.3586033074955537,30.0,20.0
b72ba5fd-5a34-4b70-b179-75b9ba07f6d3,139.28383186664416,90.71605155019527,394.8244845780192,172.70403984783042,0.3154815048577441,0.03804993849328703,0.48489356941753997,0.019532347364894887,0.40302128275551447,90.71605011581248,22.517348022727273,650.0,400.0,407.27588383838383,0.3837245557808073,,
b7529abc-a1c0-4ea2-a5c8-04632e1dbf58,67.68918985644434,56.602100467621966,104.59220506674703,10.08364574351776,0.24454869482081232,0.009509762987500002,0.45178926323190244,0.015699503145450697,0.3486070218761825,56.602099986967936,25.011565351010102,1200.0,110.0,678.7931397306396,0.10036192065991252,30.0,20.0
b76944c0-29bc-4d80-a47e-b5520a54f38c,134.870278277422,78.55922226017074,386.9641144626141,165.09210454326754,0.27642145741866586,0.041373552100536615,0.5264836134311343,0.018354205717120705,0.3401732941699327,78.55921990678516,20.0115655155724,400.0,320.0,678.7931397306396,0.3837245557808073,,
b78ef842-cd26-4bc2-b961-2f8a869921d3,199.35659859253755,78.25955309163105,643.1827462621633,318.8098374807821,0.12583064150864898,0.022712935336458333,0.5826318197811974,0.019495518839079354,0.1155903309808232,78.25955226103703,22.517348022727273,650.0,160.0,407.27588383838383,0.8028953652793002,30.0,15.0
b7af5937-00da-40bf-93c4-d7aefd6f0a8a,196.55061916651522,85.62027204473155,671.7043673824194,333.47676159757805,0.15636325283787877,0.022679512630523993,0.5866381649311238,0.01995038059552508,0.16642914537405604,85.62026812165385,22.517348022727273,650.0,240.0,407.27588383838383,0.8028953652793002,30.0,15.0
b7b1327a-e2a8-4bff-8777-22f753630322,44.558019539076845,52.416508681335614,43.865357771103604,-21.777938807431745,0.2539373197858796,0.016914463594013045,0.481536579058186,0.01291594586475425,0.40390075467212455,52.4165069179776,22.505782674242425,1200.0,90.0,407.27588383838383,0.04796556947260091,25.0,20.0
b7b1ae78-5455-44db-b714-dda01d5c0014,66.9420130209882,56.3646619195284,100.23108483560283,7.11906743734917,0.16737347705650252,0.010389115048979379,0.4847741625293561,0.01534752839925602,0.25678186416198434,56.36466114220002,25.011565351010102,1200.0,70.0,678.7931397306396,0.10036192065991252,30.0,20.0
b7c856bc-591c-40d9-9e53-97811d3743a9,94.40017512161197,62.70076724451832,174.65053202615908,47.74625853102298,0.21721712520175715,0.0068049599137100176,0.4841788393349117,0.01730399079844993,0.23824209984228725,62.700767216813844,22.517348022727273,400.0,90.0,678.7931397306396,0.16982541343694404,30.0,15.0
b7d47498-1705-4692-8b9c-195b7b9fdf7e,120.56510020984774,63.99273132397973,278.29761345510093,105.53913767970249,0.19430214368865745,0.004676318985700757,0.4942052446256839,0.01835378569808253,0.2071311090469682,63.99273075540527,22.505782674242425,900.0,110.0,814.5517676767677,0.2509799004147781,25.0,20.0
b83722a1-d783-48c8-a07e-ec4991f1cee3,213.3305380989599,95.07865630379115,732.4161999649608,365.31204014695595,0.15595244289611743,0.023564169248369106,0.622413079338005,0.021258032813789764,0.16520923445433985,95.07865845129236,20.0115655155724,900.0,240.0,407.27588383838383,0.8028953652793002,25.0,15.0
b83b2332-0624-4c38-93e4-a94d34b5fb24,157.53199447761838,65.37066556767653,766.7524003985937,385.34664396137964,0.09056080520462961,0.01213291368247054,0.7041445829523674,0.014582914816541316,0.12087492048619608,65.37066631177666,20.0115655155724,400.0,320.0,407.27588383838383,2.0078392033182246,,
b84510f8-c26f-48b0-8062-f7b61de1b489,71.22557368750685,60.1952676254243,100.19543622440281,6.935470974654077,0.14484575821348905,0.010899859007828284,0.5073612581835018,0.015434685360527825,0.20255006422405483,60.19526814008056,22.517348022727273,650.0,50.0,271.51725589225595,0.10036192065991252,30.0,15.0
b85af8ea-640e-4314-8510-4bd7bbe103c8,99.24412632126679,62.43419046572147,194.34220292334484,59.083612865752556,0.21253927965314603,0.006589144301862374,0.4775062241745581,0.017571131662755944,0.2650086929921817,62.434189965226,22.505782674242425,650.0,110.0,678.7931397306396,0.16982541343694404,25.0,20.0
b8ca05a1-f10d-4d34-8d88-eb5388211830,73.84981081394977,57.7291407709816,116.06249831371346,16.719061642224993,0.23703469396685606,0.00968320536260522,0.45760034150915413,0.01573028952365732,0.34173965368304665,57.72914307031586,22.505782674242425,900.0,110.0,407.27588383838383,0.10036192065991252,25.0,20.0
b8d7aea8-603c-4f24-9d14-7ca95a1b0833,68.3535526254857,55.737313348684125,105.18652837462766,9.313027387395625,0.26951015451588806,0.009350567765404041,0.4479235167995055,0.015265250370071867,0.34690849388763745,55.737311243389264,20.0115655155724,1200.0,110.0,814.5517676767677,0.10036192065991252,25.0,15.0
b8ed6827-e8a3-45b2-abdd-a5f99c8d0d7f,107.10918322655318,61.335603659943224,237.3120274466116,80.61066461998537,0.1978760555025989,0.004771778003451178,0.49696665714451804,0.017670039666167797,0.1849497242874469,61.335606091500175,22.517348022727273,1200.0,90.0,814.5517676767677,0.2509799004147781,30.0,15.0
b90b05af-cc80-4db7-8c02-431536f96d5b,223.6386840125188,89.12531461582276,917.0735590241189,483.6881943184766,0.08979340626753998,0.016355862315035778,0.6612488202722326,0.018908943426598334,0.11303667027636745,89.12531463728747,22.505782674242425,900.0,240.0,407.27588383838383,1.3586033074955537,25.0,20.0
b91f291d-e0d8-45bb-991b-e2d9ce265762,226.56993913724665,85.79591339641789,741.7184365879799,378.6564710796161,0.09799542915506103,0.023660471286752947,0.6166227743099117,0.019969752670347944,0.11013643495745844,85.79591347380253,22.505782674242425,900.0,160.0,407.27588383838383,0.8028953652793002,25.0,20.0
b972e98f-a828-4717-8040-f461b737d80f,38.55546494255863,53.66207269086698,36.870891637003886,-26.474817381627613,0.1708943431784512,0.018039111140435604,0.5527587947387417,0.01247351248405994,0.2836876321675603,53.662072658864126,25.011565351010102,900.0,50.0,678.7931397306396,0.04796556947260091,30.0,20.0
b99e5ca7-110c-4693-8b65-fa5366d88238,90.99387299448274,60.72264358422564,162.30260843073552,38.93660685964083,0.12546811934333968,0.0072860124560606065,0.5105862118295454,0.016866168795594265,0.14900983539834364,60.72264151245648,22.517348022727273,900.0,50.0,678.7931397306396,0.16982541343694404,30.0,15.0
b9b828a7-9594-46f4-82c4-ccddec2a999c,120.22250899603574,66.00268951294903,250.46375622052955,88.80892773692061,0.15911973057727274,0.004940735884059344,0.5089925893279146,0.018405324823676874,0.15044574775199362,66.00268977789253,22.517348022727273,1200.0,70.0,407.27588383838383,0.2509799004147781,30.0,15.0
b9da5d9f-29cc-427c-aba7-1f3d35ba194f,75.54557976650997,58.84287689129977,114.73882403971626,16.03075515118364,0.2013149424648569,0.010046837501651936,0.47286427850631313,0.015667920194671593,0.30018742793096875,58.84287635278906,22.505782674242425,1200.0,90.0,271.51725589225595,0.10036192065991252,25.0,20.0
b9e8eabd-26b8-492f-a339-c94079b9e2e2,104.59432928123124,61.99365783585733,191.813687299428,58.47649349621948,0.14091647615382996,0.007351490675368267,0.5067057033955177,0.01707853176829691,0.18868752841821643,61.99365812327081,22.505782674242425,400.0,70.0,271.51725589225595,0.16982541343694404,25.0,20.0
ba024a27-d0c7-4efb-a667-587c930361c7,215.02232284601666,101.81232073358683,846.5497309767121,449.0615140487743,0.09718449205214647,0.01565619124660143,0.6329917715307448,0.02096839921515688,0.1215303018687297,101.81232141820391,22.517348022727273,650.0,240.0,814.5517676767677,1.3586033074955537,30.0,15.0
ba276e88-a7f8-44f0-9963-db2e9bb1a7a5,147.29643896146612,68.45895586264025,379.12395901468045,166.23876996011393,0.24207201391614058,0.038124576273295456,0.466224174887784,0.01920188228988766,0.19503770580346644,68.45895748241503,25.011565351010102,900.0,160.0,407.27588383838383,0.3837245557808073,30.0,20.0
ba534d1c-c197-45ae-877c-90f25d33f394,181.0981230081991,78.32190629710041,872.38655638127,464.5629606092082,0.08939722255777567,0.011108788324179292,0.6302115476736954,0.015974486197924048,0.11910993356965947,78.32190627490613,25.011565351010102,900.0,320.0,407.27588383838383,2.0078392033182246,,
ba96963b-07b8-4674-a449-bb3d5061c37c,70.64043169406519,56.86763929684581,107.96912440458273,12.396425163568829,0.28136388954240316,0.009570747657554715,0.4517976185628682,0.015688223290790664,0.3485138010850231,56.86763803676461,22.517348022727273,400.0,110.0,814.5517676767677,0.10036192065991252,30.0,15.0
baa5633e-99d9-4a56-a129-140590a32e34,226.70166169699905,102.00777745660523,1049.8844909807372,592.2470075673607,0.08248096892485271,0.010830258560479797,0.6272157766666245,0.020160734898912062,0.11360281040830382,102.00777782145467,25.011565351010102,1200.0,320.0,814.5517676767677,2.0078392033182246,,
bab72838-197c-41bc-a6e4-d8e75bee76bc,72.72592262227742,58.1064233272394,108.53299680857535,11.385229876132003,0.22970458867855642,0.00991804951954966,0.4670032320758628,0.015504195738094398,0.30428074307779673,58.106423697968026,20.0115655155724,900.0,90.0,271.51725589225595,0.10036192065991252,25.0,15.0
badda81f-0aa7-41ea-b753-27360a71d07b,132.46554483907113,63.05228638406455,378.75483462683854,164.8749349823061,0.31667914531802405,0.03691253810248317,0.45731887385777564,0.01733821471035693,0.2639805831926663,63.05228634314975,22.505782674242425,400.0,240.0,814.5517676767677,0.3837245557808073,25.0,20.0
bafe2ca9-6f4e-4c08-95c2-80d4bfff0b75,221.08208005301213,95.26747329123783,967.1557733736906,532.1398558931949,0.055452697860406144,0.011497420410553454,0.6667447396025463,0.01958278299836956,0.06205214467941281,95.26747287959574,22.517348022727273,900.0,160.0,678.7931397306396,2.0078392033182246,30.0,15.0
bb0332bb-2812-4743-90e5-691425834fc7,122.99320090708854,82.62026557773319,343.7857516562453,144.86225796604393,0.3100549586959175,0.03798682521518308,0.4861053692607639,0.018011830183644592,0.40857787997883266,82.62026513860754,22.517348022727273,1200.0,400.0,678.7931397306396,0.3837245557808073,,
bb19e0a9-db9c-4c08-a446-44c2f4656887,219.2787364628181,104.13957285760694,1007.4835142429464,558.7326891420038,0.10195723580551347,0.01097853592289562,0.6423996395926871,0.020511899626940736,0.11757543867662418,104.13957220386322,22.517348022727273,900.0,320.0,814.5517676767677,2.0078392033182246,,
bb235189-71e9-4a3c-a655-df9343f8de58,39.94331862991962,50.332063788513516,36.708595633004535,-26.450490466176223,0.28587134012826176,0.016086464776525675,0.45367467034564396,0.01231269109486878,0.41035524832418896,50.33206503848792,22.517348022727273,1200.0,90.0,678.7931397306396,0.04796556947260091,30.0,15.0
bb2453e4-559e-434f-88ea-de00f83a3553,132.96702317948018,65.2639457994388,276.1932589293612,105.35756536374889,0.09272604100743896,0.005371252631260521,0.5287128304733796,0.0179490366583394,0.10883059257516813,65.26394455876054,22.505782674242425,400.0,50.0,407.27588383838383,0.2509799004147781,25.0,20.0
bb335229-9904-4b19-94ac-8a53a27df84d,199.49904067336632,83.13447090492151,949.024124345801,516.8596131002909,0.08805962107573655,0.011075401410458756,0.6363055615649515,0.017409637043157854,0.11438267532757357,83.1344710506172,25.011565351010102,400.0,320.0,678.7931397306396,2.0078392033182246,,
bb6540a4-9392-4f17-8543-014eacceae6d,210.62011255731585,104.240231271626,752.9626742799804,387.73054320445414,0.15527819227477904,0.022924523992150676,0.6089413172488426,0.02047480424264774,0.2106355349870074,104.24023120160837,22.505782674242425,900.0,320.0,678.7931397306396,0.8028953652793002,,
bb827ed6-a974-4d2a-a24d-25b31d537e90,134.60887325850624,59.57699026189416,530.8816237373379,247.04764217094666,0.20347681314251892,0.022817306364215067,0.5834789381830282,0.01389528780394644,0.2576812321978763,59.57698922056287,22.505782674242425,400.0,400.0,271.51725589225595,0.8028953652793002,,
bb8f2cc6-89f9-4844-92c6-f9ba71262df2,69.80258105554805,58.83320172452575,101.58710525822508,7.551269099116651,0.19330434829135099,0.010316209390204126,0.4833763269370792,0.015498330312653732,0.2596095486690197,58.83320122795912,22.517348022727273,650.0,70.0,678.7931397306396,0.10036192065991252,30.0,15.0
bb8f9365-586d-4ea0-8dcc-4fbb0cb502c4,153.14321994134772,60.62781239245155,768.5039894986926,386.549978917747,0.08169564444876894,0.011888755520801769,0.6778555128652145,0.013024535887135208,0.11956093852517446,60.62781247519637,22.505782674242425,1200.0,320.0,271.51725589225595,2.0078392033182246,,
bbbef3be-5f53-4e05-8239-04311a002e6a,172.54960951704473,71.65087163058095,775.4486033536998,393.24277823392595,0.1351604556410669,0.016107965392508417,0.6488763165343645,0.01587278996719095,0.18051747636276463,71.65087096503648,22.505782674242425,400.0,400.0,407.27588383838383,1.3586033074955537,,
bbd196f0-c22c-41f4-a155-0d37a39840e3,217.6261485167731,104.56824517333392,1027.4952422197105,568.6567103769885,0.12430512120440868,0.010807940825547138,0.6355497092302503,0.020660548976080655,0.14190336993659128,104.56824408628522,22.517348022727273,900.0,400.0,814.5517676767677,2.0078392033182246,,
bc052963-5b3b-4624-aa72-5c4bbb809de7,127.05439210983431,77.2907169750691,354.34865527265305,149.4823301853191,0.27931329648053455,0.03867589048955176,0.486577414795423,0.01796350287910304,0.3462229280644504,77.29071450029731,22.517348022727273,650.0,320.0,678.7931397306396,0.3837245557808073,,
bc0d11b4-935f-4d05-8285-dd16feda0875,201.32085288865045,82.83700520854195,912.7375889374994,479.2169824680811,0.052581295005681816,0.01230550237851431,0.7201890047301663,0.01746394551445261,0.06283472549913675,82.83700667543445,20.0115655155724,1200.0,160.0,407.27588383838383,2.0078392033182246,25.0,15.0
bc2aa0bf-e1bb-4a08-9b48-880cf923ad62,189.72549352549868,68.22209398667934,628.8260520902837,303.4759476519952,0.13516256032142254,0.023460780441940235,0.601460384702441,0.018154725102611582,0.11352646218413244,68.22209524527445,20.0115655155724,900.0,160.0,271.51725589225595,0.8028953652793002,25.0,15.0
bc583213-11a9-47ab-88e3-85070fde6dbd,44.38531885950155,56.31261348285273,44.70101787718883,-21.556149850732826,0.19061675843234427,0.018702584541771886,0.5555597030629209,0.013997591470089887,0.27896375041671256,56.31261659145783,22.517348022727273,400.0,50.0,814.5517676767677,0.04796556947260091,30.0,15.0
bc619de6-d570-4e3f-bbcf-efe76c8be76b,134.22589455118498,62.8335829640432,345.1467224558912,144.54473611072473,0.2798741719189289,0.03801110084761153,0.4640592195325967,0.017438902923057244,0.20077401747022985,62.833580288787246,22.517348022727273,400.0,160.0,407.27588383838383,0.3837245557808073,30.0,15.0
bc74ae63-dd2f-44e7-8ba1-2c22e5c4f0f7,86.3854683644912,58.840302719085905,163.09551441384366,39.535978125470436,0.2136766803912563,0.006646033137394782,0.4811177182266941,0.016812981396032007,0.2366864777830938,58.84030119948036,22.517348022727273,1200.0,90.0,814.5517676767677,0.16982541343694404,30.0,15.0
bc847d9b-129f-4265-9d3e-1b3eea746d44,71.79427866701874,56.66597285203164,113.23251967801377,14.768698275625189,0.23591369962363215,0.00959899097638889,0.4561285932220118,0.01554682424531922,0.3418051855995124,56.66597146907746,22.505782674242425,1200.0,110.0,678.7931397306396,0.10036192065991252,25.0,20.0
bc913b67-97d8-4536-8a8a-b8e54d8714b8,193.20625704084756,105.85256443073811,697.2450061252632,352.0264011240411,0.19607111512015993,0.02299432184864268,0.6204277811063867,0.02111031477458641,0.26225471825282015,105.85256689518123,20.0115655155724,900.0,400.0,678.7931397306396,0.8028953652793002,,
bc98f17f-a833-493e-9f70-20e929d80d38,151.16982663345956,57.954758009698324,539.3282519919239,254.01570887624524,0.13873378238886783,0.023606495498716327,0.595226110353104,0.014302871844275747,0.16842561366449962,57.954761403246735,22.505782674242425,400.0,240.0,271.51725589225595,0.8028953652793002,25.0,20.0
bc9ae86c-3f81-4663-8ec6-56c5358ff848,173.0275424775094,67.87329270859723,725.795057986521,364.512056529177,0.10219509453047139,0.016214189898284933,0.6394994411812396,0.015151926552151106,0.11957921113070867,67.8732910118379,22.505782674242425,900.0,240.0,271.51725589225595,1.3586033074955537,25.0,20.0
bcad91a1-504d-4fe9-9781-fd2cd15da40d,117.44390851835314,63.480561629412676,250.9051031404309,88.21084635629963,0.1500248753979272,0.004949024524768519,0.5103660722865635,0.017680749117384056,0.14902879073657274,63.48056042232274,20.0115655155724,900.0,70.0,678.7931397306396,0.2509799004147781,25.0,15.0
bcfd49cc-dc92-43da-8369-e8b5149632e6,41.13933452952946,42.90956199039842,44.001856545925754,-21.83179684472116,0.3146199265712332,0.016869598684648563,0.4563701793637416,0.012895582786221757,0.4373499827000682,42.909562989057804,20.0115655155724,400.0,110.0,407.27588383838383,0.04796556947260091,25.0,15.0
bd296fb0-a5e8-4b20-b550-d6b0dcaf5f62,127.87762142526731,85.1973974565173,361.6027633497227,154.91475668992047,0.31604444216224753,0.037569680892634676,0.4775945060205387,0.01857918863978622,0.40689298605596913,85.19739777125017,22.517348022727273,650.0,400.0,814.5517676767677,0.3837245557808073,,
bd3468f1-2ade-4f50-a262-790cd49f5f94,142.45985146654562,61.19879222288834,733.7384294004409,370.63437037094764,0.11780309909699072,0.011165294413573232,0.6241784239177609,0.013160871676188434,0.14963733198831128,61.19878931510038,25.011565351010102,1200.0,400.0,271.51725589225595,2.0078392033182246,,
bd696bd1-24f0-4441-90b6-d3d161fbaab5,91.96496419072598,62.20576937685085,171.07763642416288,44.70784525256409,0.21686701930429292,0.0066750556110795455,0.48236569911368904,0.017308566049131578,0.23775438434491092,62.205767589409724,22.517348022727273,650.0,90.0,814.5517676767677,0.16982541343694404,30.0,15.0
bda3d49d-b075-4d25-b5dd-8e0269bd26df,70.16302595274027,58.52686360582836,103.79767818711218,9.19053467456844,0.23942727303840483,0.00982826304525463,0.46512180121275254,0.01563624969366297,0.30869542677762113,58.52686518869032,22.517348022727273,650.0,90.0,407.27588383838383,0.10036192065991252,30.0,15.0
bdc0bb69-9d2a-4808-b2bc-cca8c5458659,69.95239398854666,58.57605390327946,103.9007253548923,9.080587584789813,0.23924938445244104,0.009795211936679295,0.46532399026167925,0.015649167487325227,0.30854518131020725,58.57605221822516,22.517348022727273,650.0,90.0,814.5517676767677,0.10036192065991252,30.0,15.0
bdd671d3-01df-4969-a45b-0e48a7dcbcd4,217.3398481786375,98.66724212015681,1043.8512340599814,580.7577422811701,0.10374598003683712,0.010862455525610269,0.6319942309754839,0.019342090817650825,0.1389097061636991,98.66724086243693,25.011565351010102,650.0,400.0,678.7931397306396,2.0078392033182246,,
be1932fa-ded5-4ae1-88af-2aa78fda5d78,205.3018290606571,83.73988450705778,801.6122401078984,411.25648616505066,0.08814411198859426,0.01646288907027567,0.6586039314556502,0.018717743272030896,0.08300995407775084,83.73988380722848,20.0115655155724,650.0,160.0,407.27588383838383,1.3586033074955537,25.0,15.0
be3f219b-3df9-4976-bebd-e33fb44e9b27,174.15300542542528,63.04710211579352,570.5986547189914,275.0555028768464,0.17009310684013046,0.021074248492771466,0.5205833599916141,0.01722952695689882,0.11622258750464338,63.047103091791215,22.517348022727273,1200.0,160.0,271.51725589225595,0.8028953652793002,30.0,15.0
be531476-5253-4ff8-a8e7-fec6f11d5cd3,45.10853990824324,56.53555637352964,45.75659687110767,-20.245863185017555,0.1721854928694234,0.018757322271832914,0.5799206147866163,0.014077600674635031,0.278290801509606,56.53555718526743,25.011565351010102,400.0,50.0,271.51725589225595,0.04796556947260091,30.0,20.0
be54178d-b42a-448a-962e-95578e4d7148,42.48190784528979,43.9383811768357,45.997880150965564,-19.82366892911284,0.2837530148272307,0.017061948086121635,0.48474213656734005,0.012784234915831659,0.43656265258513766,43.938377995489155,22.505782674242425,400.0,110.0,407.27588383838383,0.04796556947260091,25.0,20.0
be5b7942-3147-4b70-bfe9-b0f076a68954,121.67637128303315,63.515069408778324,257.42778596452354,92.82440726653029,0.14993105747611532,0.005129027443792088,0.5126989743681607,0.01756906669230324,0.14946325746867906,63.51506861640769,20.0115655155724,400.0,70.0,407.27588383838383,0.2509799004147781,25.0,15.0
bec9592d-9545-45ec-840d-316b4bfdb05f,216.62031977801246,96.89071773057306,739.0096653571995,369.1965123813702,0.15172279804241373,0.023653913289467598,0.6306144890907514,0.021502086522559055,0.16487338094249862,96.89071613497514,20.0115655155724,1200.0,240.0,407.27588383838383,0.8028953652793002,25.0,15.0
bece8d5c-d44a-4f96-9a75-0d5c07db7b80,203.90481281697924,86.88134015281885,702.9983945367892,356.9982314752693,0.14015636975689183,0.022611090408975174,0.5845180754118267,0.01984080404655717,0.16353166138453742,86.88133806227269,25.011565351010102,650.0,240.0,407.27588383838383,0.8028953652793002,30.0,20.0
bef4e7e8-0462-4668-8212-196b7aa6c129,45.254433009525656,54.3409248918944,45.286593299964004,-21.90921869984316,0.2426680044952651,0.0177796397418771,0.4993888517209595,0.01375100646732321,0.34663028089918124,54.34092341422384,20.0115655155724,650.0,70.0,678.7931397306396,0.04796556947260091,25.0,15.0
beff4f0b-3ef5-4eb8-9374-276e8383cdab,138.68139402387047,61.17264809100388,368.4757086973637,159.27902912895246,0.22572372102508423,0.03901942520057869,0.4699586160417614,0.017197481495093002,0.1933815631883021,61.17264585830428,22.505782674242425,400.0,160.0,814.5517676767677,0.3837245557808073,25.0,20.0
bf1180e0-0abc-484b-8c5c-82fe30344cc7,142.12270910039751,84.13899795015315,420.73313173784,185.426601804841,0.29140990076672973,0.039779454648611115,0.511400020113626,0.02003964971403714,0.3858937511712069,84.1389983634978,22.517348022727273,900.0,400.0,271.51725589225595,0.3837245557808073,,
bf18d996-1737-47ea-829b-ce2fb574dd28,43.146555062563394,47.273536208048405,44.107351064369624,-19.865487782080482,0.29233935836184766,0.016446759496896043,0.4761273914376052,0.013259309662082466,0.4449691458851122,47.27353678823402,25.011565351010102,400.0,110.0,271.51725589225595,0.04796556947260091,30.0,20.0
bf2f140f-efa6-4a62-af0f-0ad55a916a75,122.61942049565842,64.79490165017398,280.4455236449634,107.3366895193275,0.1949985677297454,0.004716865884638047,0.4947829793610585,0.018332867026382836,0.20814332563501903,64.79490236224999,22.505782674242425,650.0,110.0,678.7931397306396,0.2509799004147781,25.0,20.0
bf7aa620-45f5-4fff-908e-d9003e7b6061,106.11204591158334,67.48815481716683,189.38294401442826,56.72246107891269,0.1500299501982849,0.007017564775473485,0.49995963439330804,0.018707581776873882,0.1920896352276933,67.48815422625165,25.011565351010102,1200.0,70.0,271.51725589225595,0.16982541343694404,30.0,20.0
bfa503eb-449d-44be-a37b-df2310e6fdca,187.7271373158283,81.93340605467431,651.8232309117357,316.6642265737913,0.15643033908466963,0.023998335949316076,0.627685868201978,0.018784209573734008,0.16868238942819677,81.93340646166489,20.0115655155724,400.0,240.0,407.27588383838383,0.8028953652793002,25.0,15.0
bfb21ae3-7e3f-47c2-8ae3-e5fa5a87611a,72.10040607287793,59.783278020441486,107.86846935743777,12.531924442978884,0.2094439033967803,0.01004134204018308,0.4710843610760733,0.015995549344122926,0.30735165238406187,59.78327869373933,25.011565351010102,650.0,90.0,407.27588383838383,0.10036192065991252,30.0,20.0
bfc5a657-9c94-43ca-9231-fef7a52e5165,40.27708391853865,41.81441003795913,43.22063489310714,-22.163038383514227,0.3131565954289773,0.016936867264478114,0.4591321619107744,0.012690077727435153,0.43662592390805716,41.81440985867004,20.0115655155724,400.0,110.0,271.51725589225595,0.04796556947260091,25.0,15.0
c030cb68-6107-4b78-aa84-22656d388e2d,70.67146849408964,57.31849042506193,106.35296199398536,9.774719416717199,0.22931961231102693,0.009854465822979797,0.46566877268771045,0.015418417949436318,0.30465933301719544,57.31849134606938,20.0115655155724,900.0,90.0,678.7931397306396,0.10036192065991252,25.0,15.0
c063d7a1-ada0-4834-9b16-8f9b723e670c,217.08922727780552,89.16140154792596,757.5379324001336,385.18127052760696,0.13145324717448445,0.02350293465363005,0.61401682998387,0.01982735766717378,0.15848489999637627,89.16140066920183,22.505782674242425,650.0,240.0,407.27588383838383,0.8028953652793002,25.0,20.0
c0d4043a-aea9-4bed-84c6-029a26ee6247,101.62157619696465,62.966106077355946,192.836326958261,57.903254418372185,0.17786102763725797,0.006756509092276936,0.4889137050382997,0.01763898803673582,0.22808026710104745,62.966104072102816,22.505782674242425,1200.0,90.0,407.27588383838383,0.16982541343694404,25.0,20.0
c0e11234-a3ea-4cdd-900e-f0f6ff279d6e,98.20385327554929,60.769853046931274,191.99398001108534,58.565481101525265,0.21062207613520623,0.00676092131657197,0.4796367062941919,0.017123266340932936,0.26575702808923213,60.76985183322412,22.505782674242425,400.0,110.0,814.5517676767677,0.16982541343694404,25.0,20.0
c0f5e4f2-90ea-49d5-a5a1-9fb7255fb8ef,72.88027642205496,60.307182125776684,107.28945898176256,12.441526390256357,0.20958606523116582,0.009963244352851432,0.4704565697097012,0.015980572998852235,0.3078133958337997,60.30718610685653,25.011565351010102,900.0,90.0,271.51725589225595,0.10036192065991252,30.0,20.0
c14b7ab7-4906-4b67-a7cf-05c58d8e5984,224.1485546619807,112.06506513936334,915.2953152031071,487.528727624516,0.12235340074756945,0.016018326481155306,0.6659017531065445,0.02217719219852919,0.15507026516265768,112.06506488859532,20.0115655155724,1200.0,320.0,814.5517676767677,1.3586033074955537,,
c16126fb-2ed9-4a43-9817-e792f3a9ff75,69.2693263410168,57.94682531156706,104.84233851946409,9.946444883523464,0.20798074803829966,0.009952203112815656,0.468712297481271,0.01573901533516075,0.3064917833240968,57.94682495038156,25.011565351010102,900.0,90.0,814.5517676767677,0.10036192065991252,30.0,20.0
c171e780-528e-45a9-9b38-c715dbf8438b,136.98244724883637,71.52029299301978,285.41921028463577,111.11054884127891,0.13634837682238007,0.00503540657075968,0.5129065047238003,0.01996344966224428,0.1465370852152926,71.5202950035507,25.011565351010102,1200.0,70.0,271.51725589225595,0.2509799004147781,30.0,20.0
c19a512a-db61-4e37-98fb-5b2c2f72e200,140.72065705515632,94.73659571163478,398.8974100144262,173.80911462877046,0.308677559326915,0.04025827823526937,0.524972798336532,0.01977214959703314,0.4048208324140787,94.73659670538733,20.0115655155724,1200.0,400.0,678.7931397306396,0.3837245557808073,,
c19caa55-cb72-421a-862f-09009e7a7c81,153.7753572293672,64.11976665487586,403.1279976512855,177.61471611373273,0.22576178517431605,0.03885468066347853,0.4707269260426768,0.01825822010413183,0.18712911827200493,64.11976582403679,22.505782674242425,900.0,160.0,271.51725589225595,0.3837245557808073,25.0,20.0
c1b9d610-12ba-4f6a-b6cd-4cf973d6114e,163.96302830765507,63.88248383914379,753.7762497921617,391.88373341288,0.054030865611784516,0.011534314896064815,0.6428313708693182,0.013906183795371927,0.06449098746254775,63.88248511666896,25.011565351010102,400.0,160.0,407.27588383838383,2.0078392033182246,30.0,20.0
c21055f0-cd9b-4c4e-95eb-ca5e40e93619,41.10365242394854,52.99281993846058,38.63729136850236,-25.407183195512445,0.24076138106976014,0.01710554708359638,0.49216038222253783,0.012846088106665404,0.3529752375067157,52.99282031714006,22.517348022727273,900.0,70.0,407.27588383838383,0.04796556947260091,30.0,15.0
c23b00ed-4634-4a76-a0f4-b211a8a9b1ce,181.34311837688372,83.64958748868575,619.2748400311052,312.21415370282386,0.13645071439633838,0.0215764131854798,0.5525609274779042,0.019161727736590292,0.1683816279851634,83.64958553766927,25.011565351010102,900.0,240.0,814.5517676767677,0.8028953652793002,30.0,20.0
c23df9bb-7902-401d-b884-5d9b397d0869,242.82619993764243,108.24873206100276,1011.1313460364038,549.3845608127838,0.10050642854056185,0.016030560028388045,0.6633294068930661,0.02138039848602459,0.14509302512254565,108.2487300421614,22.505782674242425,900.0,320.0,678.7931397306396,1.3586033074955537,,
c2785c5b-d3e1-4fbd-b453-07da1fd553e5,42.00746141496359,54.5702581242908,41.318918725551114,-24.72661529364014,0.18644056436226852,0.018690546733585858,0.5386008315603956,0.013127898708819148,0.2794839429378894,54.57025572535955,20.0115655155724,1200.0,50.0,271.51725589225595,0.04796556947260091,25.0,15.0
c2a622d0-402b-4c7a-aa9b-107b0e666921,65.61935755853527,55.64756223994911,96.86935124860152,4.857870237008566,0.23625350604534934,0.009738435762394783,0.46285339790204133,0.015017474979778397,0.3092776036649592,55.647561217131916,22.517348022727273,1200.0,90.0,407.27588383838383,0.10036192065991252,30.0,15.0
c2f6c2fb-86a5-445d-81d0-1e7055e98729,45.523711086531584,54.623717197446474,47.22623769028933,-20.827933725275688,0.187958812282197,0.019276028503524827,0.5613108722201178,0.014092734312904384,0.2738772036789758,54.623717466840304,20.0115655155724,400.0,50.0,678.7931397306396,0.04796556947260091,25.0,15.0
c30cc6bb-fbce-4cf6-a982-ef529c10ab52,163.5589634786627,63.55989315908792,652.1747273114262,317.46479059534727,0.09042756794342383,0.01663337840261995,0.6527275251638364,0.015123407462099,0.08614632324900384,63.559892544045894,20.0115655155724,650.0,160.0,271.51725589225595,1.3586033074955537,25.0,15.0
c313a65a-5e88-498b-9934-6be5a96d0eb1,125.92837615798938,50.38578218923825,508.59908414079416,242.13327695260625,0.09280416791280514,0.015482473100231483,0.5761231976159512,0.011807043968990296,0.09257266779758357,50.3857835890108,25.011565351010102,400.0,160.0,271.51725589225595,1.3586033074955537,30.0,20.0
c361e07b-7291-491b-a6bf-eeddc0f02a0c,223.40493012241248,102.41621216522334,1063.2647148562842,599.633167496158,0.0997822132174558,0.010663043382186448,0.6190902783458019,0.020303757370940635,0.13748786734870935,102.4162104370134,25.011565351010102,1200.0,400.0,814.5517676767677,2.0078392033182246,,
c38cdc9f-49ad-4e3f-b457-7275e33e0828,100.38277420649213,61.62280327860251,191.09490513733266,57.72771134403435,0.1772942400027883,0.007002680525589226,0.49139038478030295,0.017160363437662012,0.229773052097573,61.62280228728757,22.505782674242425,400.0,90.0,814.5517676767677,0.16982541343694404,25.0,20.0
c3a531c4-db87-4492-9e7d-78081f769236,131.1541855295738,53.51578063381985,635.8672443235289,306.5124848586238,0.08473388291487795,0.012334920659869528,0.7036178202171928,0.012253289710785924,0.09857634777958084,53.515781566663414,20.0115655155724,650.0,240.0,271.51725589225595,2.0078392033182246,25.0,15.0
c3de0dcf-1eb2-437a-82b8-08f4bf6d8eef,198.83913589758785,81.65403659548787,651.9216417644711,331.50992404075294,0.09865357937553662,0.02300715888688973,0.5963035028255367,0.01877765151501095,0.11450949683468398,81.6540339513178,22.505782674242425,900.0,160.0,814.5517676767677,0.8028953652793002,25.0,20.0
c3f03a9d-b08c-45d4-af3d-bc075e331b7b,46.01808476751946,54.58423357426301,46.58783644278659,-20.457688989908142,0.21818647320265153,0.017862503919886363,0.5215565985367213,0.01350247224398096,0.34539133090163127,54.584233742957686,22.505782674242425,900.0,70.0,271.51725589225595,0.04796556947260091,25.0,20.0
c3f75d69-9558-4558-8de9-c955959258fe,43.172320158444606,53.35977065684081,42.207833537549526,-23.875164078247277,0.238041434337963,0.017639043055187285,0.4930219619253999,0.013192214037058746,0.34884329939585235,53.35977063661741,20.0115655155724,900.0,70.0,678.7931397306396,0.04796556947260091,25.0,15.0
c446dfa9-790b-45b5-a907-122814e7a2ee,44.6854959695932,54.09866622563175,42.86990859182505,-21.619220942442922,0.26106361597579963,0.01655052992266414,0.48280605277788297,0.01340410240480112,0.40845208844638486,54.098666889186696,25.011565351010102,650.0,90.0,678.7931397306396,0.04796556947260091,30.0,20.0
c46ce25e-637e-4686-90c1-890809415f51,40.21771681384023,52.471156763747004,37.73010857352117,-26.104314754155073,0.2400568730702862,0.017059910623053454,0.49068621731449913,0.012614106705653133,0.35343316851103884,52.47115530336101,22.517348022727273,900.0,70.0,814.5517676767677,0.04796556947260091,30.0,15.0
c46e6db2-25be-47fe-b25d-f3b00ba74c3f,215.75769051669516,99.66799976292066,1025.8131519741369,576.379416737321,0.09550885475252525,0.010713151724684344,0.6206177504085333,0.01960561197039751,0.13915481923632433,99.66800029846719,25.011565351010102,900.0,400.0,814.5517676767677,2.0078392033182246,,
c47dcd32-9c00-4181-a48a-99b99a953be1,174.99943261056484,75.148235611942,726.0748387372121,358.3291545719298,0.10067452045499789,0.017013189859059346,0.6804004048789034,0.016642500302917976,0.12394261901412129,75.148235023633,20.0115655155724,900.0,240.0,271.51725589225595,1.3586033074955537,25.0,15.0
c480f735-c7fa-45f5-9c52-643ba7dfbcb9,72.54165106019742,57.66139816314567,109.30095628190143,11.93917655311724,0.22956225980229375,0.010001025412436868,0.4673398796563552,0.015551723263001884,0.3036656987754408,57.66140067339607,20.0115655155724,650.0,90.0,407.27588383838383,0.10036192065991252,25.0,15.0
c49c3c1f-f8f7-42fa-9744-319ce081cb1c,75.02380364073822,58.74606340644664,111.75836446103784,13.800726307052388,0.1627604016394676,0.010489972539246632,0.4907045568315447,0.01549405852874788,0.25208607573198927,58.74606242489404,22.505782674242425,1200.0,70.0,271.51725589225595,0.10036192065991252,25.0,20.0
c49f06b7-8816-4f6e-b96b-7a511ccd7eac,43.8826471459627,53.684506575809365,42.834434876182755,-23.400864848052912,0.23790907126167932,0.01766040371601431,0.49576094341687704,0.013252440729615147,0.34834098346160314,53.68450609392305,20.0115655155724,1200.0,70.0,271.51725589225595,0.04796556947260091,25.0,15.0
c4c480ab-ec30-4557-9600-fa1acfc3b228,44.25407575851437,52.25228880137235,43.63797280833214,-21.982862295857526,0.25376816845622896,0.016907561010521887,0.48172462168413305,0.012879321257904966,0.40402898606057197,52.25228695579435,22.505782674242425,900.0,90.0,814.5517676767677,0.04796556947260091,25.0,20.0
c4c574fc-1df9-43ce-9245-aa38c8672bd6,101.75338473531284,60.79921439319762,192.28434068734154,58.97591670294072,0.175607596681976,0.007094813703609006,0.49304539905608163,0.01699736536697254,0.22870396819952576,60.79921197930707,22.505782674242425,400.0,90.0,271.51725589225595,0.16982541343694404,25.0,20.0
c4ca5bca-b610-48a0-8409-25c294450bcf,141.22692007715355,63.06386354860811,376.6576076739634,163.43983809485746,0.22716723845800713,0.038394060661994946,0.4688344421861006,0.01799320740378251,0.1900152254913059,63.06386306915586,22.505782674242425,1200.0,160.0,678.7931397306396,0.3837245557808073,25.0,20.0
c520c978-09eb-491f-90ef-31749cc88d47,98.50942845892044,59.2492417608775,191.9157499834273,58.84631715694377,0.20892074102135944,0.0068590973157512634,0.4802139654440236,0.016875195467057374,0.2644122706433805,59.249241805140464,22.505782674242425,400.0,110.0,271.51725589225595,0.16982541343694404,25.0,20.0
c56c5e14-6377-4de6-b8d4-e359635e63dd,139.49075233026403,64.31820398899939,357.44774330286486,150.02763475181808,0.2681373586715488,0.03782992074960017,0.46491227577723065,0.017682348760176127,0.19677115937112344,64.31820468072013,20.0115655155724,1200.0,160.0,407.27588383838383,0.3837245557808073,25.0,15.0
c57b368e-9722-4b22-83dd-10895233d6ce,86.0186146545444,59.06407278292372,164.84185972502016,40.952118525765286,0.2562098222628893,0.006361839345780724,0.46834805490070497,0.016907491244525476,0.27426583939998195,59.06407132216056,22.517348022727273,1200.0,110.0,678.7931397306396,0.16982541343694404,30.0,15.0
c58802b3-2236-409d-a233-731af17fcb4a,72.37237177346837,58.54360790513496,106.68299177678058,9.99753766289365,0.1865017106600905,0.010417773366771887,0.48451340935921716,0.0155051388233464,0.2558345443669174,58.54361125203439,20.0115655155724,650.0,70.0,814.5517676767677,0.10036192065991252,25.0,15.0
c59e5834-fe57-4a14-8019-ace1a755e757,125.21353757232293,66.52458710589343,275.20665916308593,102.40621710415192,0.23040460447990313,0.004595708748032407,0.49094360281797145,0.01851535955014102,0.21140720480739847,66.52458530276971,20.0115655155724,1200.0,110.0,271.51725589225595,0.2509799004147781,25.0,15.0
c5af5c29-9887-4338-b234-1d2dd5348170,129.16393968153855,64.83746857272415,273.90120158709635,102.63918278175817,0.0926545415301978,0.00517025832014941,0.5255017513301766,0.01830903979971531,0.10740669047778484,64.83746963930328,22.505782674242425,900.0,50.0,678.7931397306396,0.2509799004147781,25.0,20.0
c60c8a00-1e95-4efd-a49a-95398c19414d,220.34709212716766,89.98475272338109,1006.680070122779,558.2414685976531,0.06829066262885101,0.011159167406723484,0.6429950025615111,0.018710145240511657,0.0868473609562253,89.9847540331256,25.011565351010102,400.0,240.0,814.5517676767677,2.0078392033182246,30.0,20.0
c62c8992-ef52-4577-83f6-990b81ba740d,134.20151750016294,49.92768359395538,544.3333512064252,258.949571800479,0.08495822396665614,0.016095294110153622,0.6111893027624683,0.011796011755854614,0.08895000069558524,49.92768562726728,22.505782674242425,400.0,160.0,271.51725589225595,1.3586033074955537,25.0,20.0
c66fa3e0-c989-452b-b6e7-bbb9f4e152a4,184.0659895013242,99.7644157110461,672.4123912214889,342.44492897090385,0.17415308771212124,0.021732575756092172,0.5742218879031461,0.01992980950891543,0.25822882515197393,99.76441424861204,25.011565351010102,1200.0,400.0,814.5517676767677,0.8028953652793002,,
c6734927-aa41-4c05-b01c-948be62cd352,96.36006229980471,62.1511783149858,175.72089947072314,46.911241161244796,0.16481976055318814,0.006999810309290824,0.49788262619191914,0.0170788856493991,0.19361116564432335,62.151176881018074,20.0115655155724,650.0,70.0,814.5517676767677,0.16982541343694404,25.0,15.0
c67593ca-b354-4ada-abc9-9a1e772abc91,99.41343076006184,61.301240020952754,187.14948185631744,53.97719218176411,0.14083328836726638,0.0070136637220328275,0.5012340425652357,0.017351058107097344,0.1872755140424379,61.30123821470963,22.505782674242425,1200.0,70.0,678.7931397306396,0.16982541343694404,25.0,20.0
c67953e4-87f2-49b5-ae9d-c0742c6bf67f,121.36565743501325,63.495315936432895,272.03981625925627,105.06492132895585,0.20098545232249576,0.004961443115888048,0.49388578481765577,0.018359709583146033,0.2120951412146651,63.495315401808064,25.011565351010102,400.0,110.0,271.51725589225595,0.2509799004147781,30.0,20.0
c67e39d9-b331-44b4-bd61-edf4afacc20e,166.60805038598093,72.86957981795258,716.2504757519116,351.6570111526166,0.11110850790634469,0.0170705599473064,0.6893920473528093,0.016374979138593426,0.15800982984129025,72.86957793347754,20.0115655155724,900.0,320.0,271.51725589225595,1.3586033074955537,,
c6a20c41-71a6-4bb6-a5a7-5985c2131871,214.7594514012351,87.99187419580217,698.7421106197191,347.56468938029104,0.11896302653224956,0.02396802613371212,0.6260442029751787,0.02056456645814668,0.11575963865485069,87.99187396129274,20.0115655155724,900.0,160.0,407.27588383838383,0.8028953652793002,25.0,15.0
c6e04565-d2da-4a07-9762-cff8bab4990e,141.94597373778979,63.35162672697027,377.00910628407723,163.9966021244974,0.22820622230555562,0.03862424748832072,0.469438185123348,0.01781677477673698,0.19161605518422406,63.351627959653456,22.505782674242425,650.0,160.0,678.7931397306396,0.3837245557808073,25.0,20.0
c711ca23-10bb-46d8-a06e-3714e9efeed3,214.58328557869527,92.42654927292271,734.8532626348822,376.3894856402408,0.1449758801071128,0.02227679470025252,0.5778792732568077,0.02096648551512519,0.16195161552864118,92.42654825785426,25.011565351010102,1200.0,240.0,407.27588383838383,0.8028953652793002,30.0,20.0
c72ebd81-79bd-4293-87cc-2c760088276d,145.99230027346735,68.10443067266745,375.0896773486885,163.73185164200962,0.24116634366835019,0.03804135904429713,0.46604332076611954,0.01915499492575904,0.19517264030424705,68.10442923356247,25.011565351010102,1200.0,160.0,407.27588383838383,0.3837245557808073,30.0,20.0
c73abf46-abbd-494e-a0b0-027681b05533,227.8168897746649,93.8568702103381,1010.4684354934667,548.9608162943282,0.05538454137462122,0.012028932298179714,0.7115260597363532,0.019673635780592332,0.06073006865016859,93.85686992417308,20.0115655155724,650.0,160.0,678.7931397306396,2.0078392033182246,25.0,15.0
c748176b-559f-43c8-8867-288f92084bba,194.84889385355785,87.69975192952089,666.4695229838495,339.16771540922343,0.14235791929595956,0.02189670341378367,0.5643585954213384,0.020131585606555508,0.1649228466223936,87.69975299354381,25.011565351010102,1200.0,240.0,678.7931397306396,0.8028953652793002,30.0,20.0
c783df9f-0a3a-4dcb-b070-2f1018cd727f,44.407747638907466,52.42103120294469,44.78699989065905,-21.07274294233046,0.24176419897295875,0.017799402837752526,0.5139861620537667,0.013779656997800597,0.345135773586579,52.4210320614667,22.517348022727273,400.0,70.0,407.27588383838383,0.04796556947260091,30.0,15.0
c79640c7-6a9b-4fe9-87d5-85d04078a43e,125.14470603777801,64.03628741842356,274.78531968851667,103.07819356007053,0.12715102817769364,0.004976344316119529,0.5139333427005472,0.018326427168123032,0.14303849949757833,64.03628974264231,22.505782674242425,1200.0,70.0,678.7931397306396,0.2509799004147781,25.0,20.0
c7a97a1b-1bda-4f91-ad7b-e2980f05139d,138.65244107914066,70.81680591619073,281.57217505420465,109.21958689534137,0.09909000892411617,0.005316539492371633,0.5259602126551979,0.01957108728895077,0.11033986900384567,70.81680373727342,25.011565351010102,650.0,50.0,271.51725589225595,0.2509799004147781,30.0,20.0
c7edf5b0-9b33-4478-9f51-5da9fb8dfe9b,187.96849433514276,85.25152216522137,685.1685478469851,332.12404990024595,0.16201667842834597,0.024282497878829964,0.6452724199316603,0.01933012325233831,0.2104890335367122,85.25152080602813,20.0115655155724,900.0,320.0,271.51725589225595,0.8028953652793002,,
c807ee6a-257f-49a3-a01e-d5a456d00840,66.69668210864832,56.7835214982626,97.49930750290518,4.95873828500343,0.1915521188424874,0.010261132449515993,0.4815812337953493,0.015111864483201435,0.2595114556010694,56.783520033915636,22.517348022727273,900.0,70.0,678.7931397306396,0.10036192065991252,30.0,15.0
c812c2b9-20af-4af6-bc36-8979c8add574,234.08568194905533,103.21909531894646,979.9499429036894,527.5150822199812,0.09503839111000631,0.016198736531660353,0.6651503269403725,0.02045599996653783,0.1461254733341213,103.21909392540994,22.505782674242425,400.0,320.0,814.5517676767677,1.3586033074955537,,
c8426515-c8bf-4252-954f-a480d3323e0d,45.38119082338671,52.30036121324103,44.00601557889338,-20.381598898380783,0.29779117227430557,0.01596312952488426,0.4574008714722222,0.013508340802611018,0.452769046191031,52.30036013010556,25.011565351010102,650.0,110.0,271.51725589225595,0.04796556947260091,30.0,20.0
c84ba1f8-479c-4609-ad1c-546e226e241b,133.81687125728106,67.03036452264784,286.16426208727626,110.3702399896355,0.128432363013952,0.0050081571177609426,0.5150282065068392,0.018743169275082693,0.1432098982097199,67.03036516557765,22.505782674242425,900.0,70.0,407.27588383838383,0.2509799004147781,25.0,20.0
c86592b9-6e16-4b89-a0c1-42eafb57eec9,232.0900635408011,111.2938470266366,919.8578669109047,487.3116086970318,0.09043433621563551,0.016692508639278198,0.6919750427025358,0.021965522079790148,0.12150771128151555,111.29384546157314,20.0115655155724,900.0,240.0,678.7931397306396,1.3586033074955537,25.0,15.0
c8a46b78-69f7-472c-8899-6adb4bc64d82,93.73413131049108,61.58551735525934,175.730961905739,47.41123148699548,0.1471265998469592,0.007036026982733586,0.49766726998327004,0.017769053381980572,0.19179277975482376,61.58551598463461,25.011565351010102,1200.0,70.0,678.7931397306396,0.16982541343694404,30.0,20.0
c8c3f59c-7772-4a51-ad3b-133ff6d0c94c,44.706190852143756,53.34077896534766,43.20388525107593,-22.18629561002666,0.28933146226567763,0.016465760406818183,0.46289971297790394,0.01359151515351789,0.4065045651836572,53.34078028639523,22.517348022727273,650.0,90.0,407.27588383838383,0.04796556947260091,30.0,15.0
c8cae66a-e792-42fd-8637-b487a90ffeed,76.08261066090698,59.3595612020575,113.16993350641356,14.922587010586104,0.16289675848653196,0.010547396609901095,0.4928318745431397,0.015569933870302076,0.25218028676602694,59.35955876578982,22.505782674242425,900.0,70.0,271.51725589225595,0.10036192065991252,25.0,20.0
c90be59c-d4d7-4a3e-a17e-741ec69ff45e,116.81355038202936,62.87393091533484,255.32046824261147,91.66681625689111,0.18954462754185608,0.004908967663573232,0.5012020545747053,0.017503052689911792,0.18415463195535664,62.87393037034238,20.0115655155724,400.0,90.0,678.7931397306396,0.2509799004147781,25.0,15.0
c94be87d-ecf1-4651-a3db-bb3432112dd6,135.9978155756638,86.20444050627373,398.6136720587672,172.66289183475152,0.30465121570896464,0.04118774942665194,0.5325114092852589,0.019058610878387196,0.3986116909972289,86.204441731498,20.0115655155724,400.0,400.0,814.5517676767677,0.3837245557808073,,
c94ea15a-669b-4742-ae75-9789d73b6d5a,243.39106146434708,104.46076756071261,1132.4931207273708,643.0530834981647,0.07414577568388046,0.01129939208526936,0.6723204126898359,0.020342152976846852,0.10917820479865814,104.46076448329731,22.505782674242425,1200.0,320.0,814.5517676767677,2.0078392033182246,,
c9c367d7-c337-422d-a35d-cebfc482071b,46.738852251436576,55.3530010247331,49.130735935647685,-19.13316387204411,0.17158477176178455,0.01921026771066919,0.5807775112205387,0.013927565685781533,0.27283922208229827,55.35299931823266,22.505782674242425,400.0,50.0,814.5517676767677,0.04796556947260091,25.0,20.0
ca1b8298-452a-4469-9aee-600e41754461,262.49006016605665,105.94969432610772,1153.0589770678855,655.1157803352869,0.039309299683922556,0.011759960869391836,0.7005277391541456,0.020629346972165095,0.05751231308323021,105.94969340179678,22.505782674242425,1200.0,160.0,814.5517676767677,2.0078392033182246,25.0,20.0
ca2c33d8-dea0-484a-b543-04bd65163170,37.63594365224298,50.63505280441111,34.608771882712496,-27.234902978608886,0.2143083973640573,0.01696621007638889,0.508791663297033,0.011823009482035155,0.3547875022705806,50.635055493462325,25.011565351010102,1200.0,70.0,814.5517676767677,0.04796556947260091,30.0,20.0
ca378775-75d4-4424-8b97-418c07d6837f,187.5583081178026,86.91015689554786,675.5281725087239,342.5414795444567,0.16250134871769778,0.022234995325126263,0.578688390371433,0.019304084061338253,0.21062466788093992,86.91015715070509,25.011565351010102,400.0,320.0,678.7931397306396,0.8028953652793002,,
ca50c7b2-e347-44b5-a1f4-d156fb2c4f37,142.32264381816796,64.1623531966696,704.3949641756409,350.3033434921184,0.10270346856921297,0.011572547360563974,0.6501415695096382,0.013535003860312455,0.12769753478520898,64.16235318964522,22.517348022727273,1200.0,320.0,271.51725589225595,2.0078392033182246,,
ca66baf6-1678-461b-953d-48e8fc8e5007,135.87780919315878,82.91518763829879,383.1333419034011,163.74662759241255,0.2795725756648779,0.040582314356228964,0.5192735857203599,0.018662386230068457,0.3433289136668538,82.91518971968763,20.0115655155724,900.0,320.0,678.7931397306396,0.3837245557808073,,
ca7bb577-f0ea-40da-9cf9-0d0bc2350933,74.4031390066785,58.68160732368107,109.25342018435438,12.0355030222769,0.12185907861526728,0.011020230198495368,0.5113077024670665,0.01534320058855255,0.19560309139029475,58.68160835276495,22.505782674242425,900.0,50.0,407.27588383838383,0.10036192065991252,25.0,20.0
ca9c5992-ffa3-4b50-8079-52d4cc61f085,131.61461250866074,80.42764237707212,391.53636736612737,168.6932030851016,0.3115251884392887,0.040567282226441494,0.5222207438951811,0.018705611558964372,0.3938085015549991,80.42764219930345,20.0115655155724,400.0,400.0,678.7931397306396,0.3837245557808073,,
ca9e94e8-b36a-4051-bcdd-f11b6309d6cc,239.5666023283239,109.20265551067607,1075.189056210043,597.0800460352943,0.06934178726506733,0.011798021498284931,0.7091753881414878,0.02151016074252103,0.08902184909396665,109.20265228216279,20.0115655155724,1200.0,240.0,814.5517676767677,2.0078392033182246,25.0,15.0
caab07ec-e2d7-4223-b8a3-c9237673d7d8,119.59244933638298,65.34200530732242,261.45877760766103,95.10423299932955,0.13402690054447602,0.0050304499505681825,0.5108351232275359,0.018921985763330304,0.14727599869404145,65.34200593509412,25.011565351010102,900.0,70.0,814.5517676767677,0.2509799004147781,30.0,20.0
cad7f465-e02c-42b0-9fca-d32962bca73c,42.370549874229134,56.67543902234854,41.296168112421704,-23.47835203614545,0.17073445483796296,0.01829018700436658,0.561471579508628,0.01340573570610192,0.2827518665824577,56.67543864707562,25.011565351010102,650.0,50.0,407.27588383838383,0.04796556947260091,30.0,20.0
caf7f517-9c71-4cb5-a7c7-1cf932e3c31c,73.01461399298583,57.59670447305123,109.66342857175535,12.211805975944587,0.2292596154499158,0.010033584057870368,0.46874709159080385,0.01551882144832902,0.3033504648793232,57.596702982326484,20.0115655155724,650.0,90.0,271.51725589225595,0.10036192065991252,25.0,15.0
cb74cda4-877c-45f5-b79c-5da2770fda0b,147.75839355458686,64.59918589529246,387.39306691902635,169.54276074117573,0.2278481264375947,0.038704430429524414,0.47006627044874794,0.017982796004712642,0.1908549184252444,64.59918829468243,22.505782674242425,650.0,160.0,407.27588383838383,0.3837245557808073,25.0,20.0
cb7da21f-819c-4bd5-8e48-d3735bced3fc,99.72648742190891,65.38644522115482,180.6139179914255,51.46185820106912,0.21867353815051557,0.006690177589120371,0.48379048021874993,0.01784455698565251,0.23692118157476882,65.38644444551196,22.517348022727273,650.0,90.0,271.51725589225595,0.16982541343694404,30.0,15.0
cb837598-e77f-4718-bb00-2587ded92c60,181.60957949739375,78.27534482055849,585.9239380774327,288.29940786476203,0.12248948753034512,0.022383871628209175,0.5667987523011679,0.018557738856561694,0.12123830071898728,78.27534709666962,22.517348022727273,400.0,160.0,814.5517676767677,0.8028953652793002,30.0,15.0
cbcbf616-fe35-471c-ac6c-3420a3d4092f,40.67381476822215,52.85444333527393,38.12252955832202,-25.872052903887084,0.24037174231839226,0.0170709779464436,0.4909522917584176,0.01271468783328828,0.3534341396841871,52.85444408698034,22.517348022727273,900.0,70.0,678.7931397306396,0.04796556947260091,30.0,15.0
cbce7597-3860-4aab-8a55-c60880c1f5b5,230.19949549148782,108.27378542324055,950.4337694106505,516.0752320259826,0.11768895574614897,0.015130208995528202,0.6117374969329967,0.02180112936845844,0.149900459072123,108.27378773271342,25.011565351010102,1200.0,320.0,678.7931397306396,1.3586033074955537,,
cbe51eaa-1595-4012-92e7-df89ef215f1c,206.27360149217546,103.4268575923488,772.8671822137416,397.37915199421457,0.1738433516996528,0.0229988720754314,0.6223170076469908,0.020425277756532537,0.24757340630498248,103.42685920829244,22.505782674242425,650.0,400.0,678.7931397306396,0.8028953652793002,,
cc076c9d-0ee0-401b-bcff-f216baf77b93,178.77567338709872,75.80771317310578,890.248461228285,458.8573048160438,0.11023054677972433,0.011826830819676977,0.6969539338795561,0.016711070800542644,0.14150135366356237,75.80771425582128,20.0115655155724,650.0,400.0,407.27588383838383,2.0078392033182246,,
cc492514-f00a-4736-8ce5-f0b8686676fc,124.52283913150882,66.91120858648337,261.78942432460286,95.85354202512985,0.09797295651806609,0.005242848114688552,0.5231915373034512,0.018922965265488353,0.11113663008847761,66.91120858178168,25.011565351010102,650.0,50.0,678.7931397306396,0.2509799004147781,30.0,20.0
cc6d6ef8-0281-481b-b19e-768a51de8d97,96.47004505275297,63.995892700045076,182.09695770032138,51.953663001734476,0.18653395753277568,0.006819955988794191,0.4858888822877209,0.01805058564342327,0.23468803168714567,63.99589325355721,25.011565351010102,650.0,90.0,678.7931397306396,0.16982541343694404,30.0,20.0
cc7bf332-6695-4ad8-8521-346239fa89ac,142.31619354876415,93.814964086347,408.3691510995738,178.68184664254113,0.3082929974284512,0.04012912059054083,0.519663507018771,0.019849151071898632,0.4022286158455303,93.81496251818679,20.0115655155724,650.0,400.0,678.7931397306396,0.3837245557808073,,
cce3e6f6-7582-4424-a91b-8e86d39183f6,137.6826870655602,65.70724253031226,349.26978323927216,146.35232256100892,0.2796635375479798,0.03750631001378367,0.4629487555397517,0.01818870586627599,0.19937319550412858,65.70724194377767,22.517348022727273,1200.0,160.0,407.27588383838383,0.3837245557808073,30.0,15.0
cd1910f4-83dc-4dc2-b6e7-69e41d1a390f,119.75090095230063,65.36816474954436,264.79442643039414,96.51271735770776,0.23049770975078912,0.004558951744539142,0.48992321610795464,0.018208452822573454,0.21299330887989712,65.36816421309382,20.0115655155724,1200.0,110.0,407.27588383838383,0.2509799004147781,25.0,15.0
cd24ead4-e05f-4061-abd5-53add92d3487,190.13757980321444,84.58454932322084,608.1336530301546,300.8290363561333,0.11811833030690237,0.02260216085397727,0.5784259189374895,0.019281416210862965,0.12168385563602396,84.58455229035184,22.517348022727273,650.0,160.0,678.7931397306396,0.8028953652793002,30.0,15.0
cd472000-65b2-4a60-b63e-a0420a3eaafe,189.3548332991329,77.82176676479637,663.7495347906412,321.36281153271483,0.15902330012797766,0.02401064423975168,0.6293812387700548,0.018853744716268595,0.16425100613496965,77.82176571642984,20.0115655155724,900.0,240.0,271.51725589225595,0.8028953652793002,25.0,15.0
cd4c9f19-c4d4-4990-bf4b-172778fdf122,44.674411948606554,51.29893293357577,43.74939277353795,-22.61315033976222,0.3231392907433712,0.01595809610032618,0.4297215269107743,0.013279111001637069,0.4510119832680188,51.29893449191629,20.0115655155724,900.0,110.0,814.5517676767677,0.04796556947260091,25.0,15.0
cd6db1af-0f3f-4d25-98de-e41e61255bae,185.84546102618768,82.23528513316157,603.0279506693495,297.9021477110948,0.11528501534437081,0.023377404019454966,0.6096871944929398,0.018940004446058367,0.12000492169743021,82.23528531871871,20.0115655155724,1200.0,160.0,814.5517676767677,0.8028953652793002,25.0,15.0
cd6de78b-d18e-4082-a62b-d9d805ec7473,226.19811248839565,99.82486222584879,906.2981062955314,490.65385382997687,0.0977333383014415,0.015335227037668351,0.6134306320783037,0.021023028790827455,0.11622322629527017,99.82486241776074,25.011565351010102,650.0,240.0,814.5517676767677,1.3586033074955537,30.0,20.0
cd73502a-45f4-4bb4-9194-3b8ef714df3d,120.32154915909659,61.866330035207774,332.297953082468,136.70198569910033,0.34935126292571544,0.03536037504968434,0.44273454266738216,0.017463990299278313,0.2728780844559758,61.86632997982945,22.517348022727273,900.0,240.0,678.7931397306396,0.3837245557808073,30.0,15.0
cd9bf7fe-4930-41f4-a0fc-9d7b7014b755,180.28927879020165,82.9988591966469,614.1734753093994,304.00990152447747,0.15521132979313973,0.022529680347285353,0.5813312811105535,0.019029759145518955,0.1716360506681367,82.99885752761126,22.517348022727273,400.0,240.0,814.5517676767677,0.8028953652793002,30.0,15.0
ce2021cf-7b88-4b8f-a384-2c15fe431103,98.82044496831011,63.70525342749283,176.57210161421477,48.02648902835636,0.1087678852850484,0.007320152798263888,0.5138628962624159,0.017939498671249655,0.14635573910265776,63.7052535876494,25.011565351010102,1200.0,50.0,407.27588383838383,0.16982541343694404,30.0,20.0
ce315254-9259-46a1-a25c-68808d306fb7,246.0242841681363,101.6442175348335,1122.5967431733397,632.2636938095155,0.06614443278845748,0.011557532313310184,0.6860037356302082,0.019862569395129676,0.08465162642919588,101.64421640932876,22.505782674242425,900.0,240.0,814.5517676767677,2.0078392033182246,25.0,20.0
ce5d1fbb-30af-4ab9-a7e7-9135ec33d87a,108.14626948965412,47.50542132434684,557.6844725962401,267.4980537943698,0.11643809558575338,0.01123698957299032,0.6175212830673504,0.010296466800202157,0.15965977145973284,47.50542113251658,25.011565351010102,400.0,400.0,271.51725589225595,2.0078392033182246,,
ce65d956-1f46-429b-8f9c-e5a285d20920,249.65285697423218,96.0013072303239,1100.7747231596109,618.7734241575322,0.04411866926698233,0.011623400489320286,0.6854488850341962,0.019593591378483106,0.05713897558713257,96.00130808930793,22.505782674242425,900.0,160.0,678.7931397306396,2.0078392033182246,25.0,20.0
ce84a7cd-225e-4acc-a027-62973fbd4437,131.67867616629175,69.856379218258,365.18915490522295,153.77219259080783,0.3442512192084386,0.036939357113099744,0.46636855086929707,0.017989801513487433,0.2738163089114991,69.85638035764363,20.0115655155724,650.0,240.0,814.5517676767677,0.3837245557808073,25.0,15.0
cea37354-5ae3-4696-8585-289351f16cf5,67.70591652184342,56.18069222501123,98.15034482781718,4.715000408732166,0.13811294675957494,0.01085835380541877,0.5029967073747896,0.014758619955467258,0.19915551657824415,56.18068958842052,20.0115655155724,1200.0,50.0,678.7931397306396,0.10036192065991252,25.0,15.0
cf0e9301-bb0f-4072-96df-9463820d2391,71.54171771054489,53.541765812963014,113.39940418269303,16.12061462708971,0.23257999404398147,0.010131378918634257,0.46335950398895215,0.015008128122920758,0.33977465965922216,53.541767190018774,22.505782674242425,400.0,110.0,407.27588383838383,0.10036192065991252,25.0,20.0
cf0ec0ca-86f4-4fff-a7b5-cce664663894,130.42956277108132,61.601964246043565,341.6011301521267,140.8468985405826,0.2652096256356587,0.03789823842248526,0.46470577699086696,0.017241505730601916,0.19794595875615006,61.60196431063885,20.0115655155724,900.0,160.0,814.5517676767677,0.3837245557808073,25.0,15.0
cf401b4f-c841-42b6-a4e7-933a5129d802,118.74681936099311,64.07302281256018,253.2123178712685,89.87256289472168,0.15045900622637837,0.004984538216487796,0.5110355478436974,0.01773654447958827,0.1494539602430084,64.07302239422378,20.0115655155724,650.0,70.0,678.7931397306396,0.2509799004147781,25.0,15.0
cf9a7bb6-e9dc-41ca-91c0-60bc574a7411,67.20578358115293,55.809676500687544,97.65555565479407,4.425350636159543,0.13789754204429713,0.010848114379103537,0.5026792026885523,0.014717996692251331,0.19898470808181212,55.80967620939629,20.0115655155724,1200.0,50.0,814.5517676767677,0.10036192065991252,25.0,15.0
cf9d0f68-b883-4eca-9b9c-a9d7ca107e0d,92.63695640458106,62.504476808968235,169.61454663192706,44.21676153258176,0.21649456557596802,0.0066457012527251684,0.48194974546675085,0.017278904546456683,0.23825972887934824,62.50447638467643,22.517348022727273,900.0,90.0,407.27588383838383,0.16982541343694404,30.0,15.0
cfb4fe63-57ba-4804-8c4d-36bae5af8f17,119.0154939496635,66.3914200638839,253.9136074449434,91.00782202251006,0.20184982918055558,0.004740393773474326,0.4979660269236111,0.01852322042873078,0.18477857824390423,66.39141909319757,22.517348022727273,1200.0,90.0,407.27588383838383,0.2509799004147781,30.0,15.0
cfd95a18-0033-46d2-a610-0a562ae5984c,43.6196378877123,51.7479735000078,41.15800917271053,-23.430713515886648,0.33189867898263886,0.015427971022032829,0.42789074103598485,0.01315305207612973,0.4556241059629494,51.74797404693376,22.517348022727273,900.0,110.0,678.7931397306396,0.04796556947260091,30.0,15.0
d028883c-4e19-42e0-addf-7a3e7351aced,207.81672250572635,98.80756109391449,959.0652726364036,526.1521921226176,0.09732228577490531,0.011105516101483586,0.6454227309231271,0.01934819120768027,0.11964154490252638,98.80755991786488,22.517348022727273,1200.0,320.0,678.7931397306396,2.0078392033182246,,
d073648a-4b13-4df3-ab0d-cdb47ec47e53,179.7685659829603,77.73462966942536,583.9228137684571,291.74788243420335,0.10152770971016414,0.021863550160848063,0.5551309423643834,0.01859803990459946,0.11869487787101506,77.73462740445328,25.011565351010102,1200.0,160.0,814.5517676767677,0.8028953652793002,30.0,20.0
d0976619-802a-4c23-ba2d-68106d136648,193.154964086553,96.20854585470346,683.427407357201,348.6746483039936,0.16152931927530514,0.022106079338625836,0.5824002440962016,0.02012151255326911,0.21415027887427407,96.20854625637433,25.011565351010102,900.0,320.0,678.7931397306396,0.8028953652793002,,
d0cc2116-0641-49fb-a61b-81ec5e63a641,117.30943445568198,66.4494221362038,256.9462202666889,93.11467460521851,0.24366865659169823,0.004569401089762205,0.4881997691012101,0.018546860601983017,0.2165123029222172,66.44942199046906,22.517348022727273,900.0,110.0,407.27588383838383,0.2509799004147781,30.0,15.0
d0ee2ddc-2aab-4f5b-8e58-6f5dbd3d1f92,130.6923894698644,54.55473789574461,575.2605127006509,273.71817261689495,0.11595442057953492,0.01665618265099958,0.6525771969347642,0.012119669983232448,0.1634733712046982,54.554739045748605,22.505782674242425,400.0,320.0,271.51725589225595,1.3586033074955537,,
d1147801-d8bd-4345-8ed4-e6b8438d4873,137.3076133626945,65.29140051460398,361.11762487828935,155.2460090593757,0.23964416972685182,0.03820874653665824,0.46553119083678457,0.01857419299153889,0.19673040401643238,65.29140149848128,25.011565351010102,650.0,160.0,678.7931397306396,0.3837245557808073,30.0,20.0
d11b541a-3223-4ee2-98fa-c4b5bed28113,123.98385078082568,61.23043882086897,347.4422460662472,143.99632817461685,0.3540474195577125,0.036249891693255466,0.45162542128492217,0.016834511084279268,0.271844784463835,61.23043922261078,20.0115655155724,400.0,240.0,678.7931397306396,0.3837245557808073,25.0,15.0
d18f060c-9949-40b5-bb77-a8d8edf3825f,204.59959817751147,94.41247931869269,887.517715640049,459.04671786323394,0.14006123934296089,0.016187342504719066,0.6704048159922663,0.02034794288975799,0.18209863152330077,94.41248034713105,20.0115655155724,1200.0,400.0,407.27588383838383,1.3586033074955537,,
d1924dde-04e0-4844-87fc-3931173dba23,151.52960872842567,65.04662903173937,761.4275274789628,393.122591012024,0.11126716173065027,0.011092629514656985,0.6249969916360585,0.013825559034307912,0.14742178662624209,65.0466288059394,25.011565351010102,400.0,400.0,407.27588383838383,2.0078392033182246,,
d1b85292-be8e-4189-a2b6-44b8d8d92356,143.65456377797918,90.33959191764542,429.80780841284474,192.94679427324283,0.29758296767813547,0.03875618360930135,0.49956941214758,0.019009870151037035,0.38718570884799003,90.33959079013302,22.505782674242425,1200.0,400.0,814.5517676767677,0.3837245557808073,,
d1c19185-bbb7-4bf2-b4c3-631c181b7d20,75.49009031237506,59.18032014570008,109.5324970340172,12.419470056564457,0.12187169214962121,0.010981118687373738,0.5110509760006312,0.015372782782210052,0.19570295105001823,59.1803180319023,22.505782674242425,1200.0,50.0,271.51725589225595,0.10036192065991252,25.0,20.0
d1d47909-0820-481a-ab3a-dd656680797a,131.2693915105659,59.104310910601356,341.8218095952,140.982116520629,0.26260831060345124,0.03850930509891626,0.46566537497794613,0.01660356411457981,0.1987949143081563,59.10431216042992,20.0115655155724,400.0,160.0,407.27588383838383,0.3837245557808073,25.0,15.0
d2052910-7ada-4e4f-b6b6-3f7325dd3ff7,189.33400296819266,91.47715654681025,709.7646467505801,352.5259620859784,0.1957093250374579,0.023352732887836698,0.6248442113399727,0.02048179711845296,0.25007910953941986,91.47715736830338,20.0115655155724,650.0,400.0,407.27588383838383,0.8028953652793002,,
d22585e4-d2be-42e4-8a6f-f691cb44702c,46.29533611993136,51.21964653542559,47.13188881085287,-19.774634233446477,0.29401484918434345,0.01638584076237374,0.45873293273653193,0.013323583590949931,0.4464596749576477,51.21964679849916,22.505782674242425,900.0,110.0,271.51725589225595,0.04796556947260091,25.0,20.0
d23df16d-ccdc-4848-8157-d5b70c9d3b51,102.74480986572108,64.42266595962339,178.240536576192,48.51183563076242,0.12166586198133415,0.007257702479692761,0.5139670060940656,0.01733119301655637,0.1468081219916385,64.42266812351792,20.0115655155724,1200.0,50.0,271.51725589225595,0.16982541343694404,25.0,15.0
d254fae4-58cc-4247-8b2c-d31f7ef07b2d,221.90120467737074,104.29669149257307,922.525576248273,496.6931706634206,0.11458015608917298,0.015439672734090911,0.6202603082501474,0.020657050877851118,0.15240692262409408,104.2966927847734,25.011565351010102,400.0,320.0,814.5517676767677,1.3586033074955537,,
d263bdfc-0957-4453-ad13-81e3125ae3fd,205.37618907936147,94.88140258143257,983.6123401403338,546.7702536740265,0.10278885052222222,0.010770175943002946,0.6217458241693498,0.018618828989340603,0.14138431710137053,94.88140062489492,25.011565351010102,900.0,400.0,678.7931397306396,2.0078392033182246,,
d2802d07-a955-441a-afe1-c501a34af17e,101.77686110384572,64.91329600987311,188.34849245106972,57.60967596127471,0.1865588609068287,0.007014816819402357,0.4894036526825547,0.018011119358829583,0.23455763415751016,64.91329455434894,25.011565351010102,400.0,90.0,271.51725589225595,0.16982541343694404,30.0,20.0
d29038e4-3e1a-4006-abf3-ffd0565d77cc,148.29249489137007,67.69062764249276,376.23434579042083,161.18354071783756,0.28165798319902147,0.037647835060690235,0.4644484842112584,0.0188652322020497,0.19529507546972147,67.69062596727348,22.517348022727273,1200.0,160.0,271.51725589225595,0.3837245557808073,30.0,15.0
d2a17603-0154-4866-b70b-a877161b9b1e,193.08678963243392,72.19672752236077,636.1442528604341,309.9308582926275,0.1279355277738005,0.02356393176524621,0.6049869661108691,0.018563255104835787,0.11453579667977472,72.19672598215014,20.0115655155724,400.0,160.0,407.27588383838383,0.8028953652793002,25.0,15.0
d2eb2a5e-c57f-457d-8c84-7d44858ca9cc,147.14901701919695,86.1246001029128,416.3781586494764,186.99065356091276,0.2585213924381314,0.039215651889436015,0.4947432373122686,0.019340543896786473,0.3369693720808842,86.1246057702706,25.011565351010102,650.0,320.0,407.27588383838383,0.3837245557808073,,
d351ea95-9433-46c9-bc74-921fd63a539e,132.44836008217374,62.647014386227404,378.73251489646975,164.5994153707265,0.31759288844297145,0.03691043182093855,0.4567892216801978,0.01728201194050424,0.2637707364119368,62.647015702943506,22.505782674242425,400.0,240.0,678.7931397306396,0.3837245557808073,25.0,20.0
d3c68347-d27d-46ef-b574-3d4936c67439,44.04184187962098,46.17100387019323,47.20088793268813,-19.42310861086847,0.28583778196727694,0.01692425166671928,0.47914883936111113,0.013099602824639449,0.43854801987388065,46.171001556586226,22.505782674242425,400.0,110.0,814.5517676767677,0.04796556947260091,25.0,20.0
d3cbfd32-e6a5-4d8a-b435-531217934995,204.18217112119993,96.44882902894356,841.7919954675302,442.0021910446242,0.128348368534375,0.015551267598768943,0.6274522739962225,0.020158950685837587,0.15539010395857833,96.44882946802736,22.517348022727273,400.0,320.0,814.5517676767677,1.3586033074955537,,
d3cef33e-4cf3-456e-9880-376befe28002,42.35153905154185,52.29561157697311,39.68942469875995,-24.659819034190487,0.28806226850263045,0.01621142118934133,0.4559555979114058,0.012938454477002776,0.40952466256695597,52.29561147839421,22.517348022727273,900.0,90.0,678.7931397306396,0.04796556947260091,30.0,15.0
d40c4d3a-1531-4867-a5db-3ba280884627,126.0576862893044,67.66220898031673,262.65590281845925,97.50859464281805,0.09860673216436239,0.005343084995801768,0.5247777700923821,0.018730612525418834,0.11243694625994527,67.66220788422375,25.011565351010102,400.0,50.0,678.7931397306396,0.2509799004147781,30.0,20.0
d43b58ec-ed7a-4998-811d-de0cd543869d,216.14603437387018,101.00536551856145,854.7511339911024,453.27462866381654,0.11059716612391625,0.015621687788204969,0.6321860707744319,0.021006881722586367,0.12098156456360921,101.00536664761219,22.517348022727273,900.0,240.0,678.7931397306396,1.3586033074955537,30.0,15.0
d452e6c9-3ac5-4e96-ae8e-ed3be57d74ae,72.61436678084495,57.688717583762426,107.23218637880339,10.759019467619108,0.12112078671569868,0.010971776560837542,0.5111060614136153,0.015168427207155851,0.19550838431990405,57.68871783337028,22.505782674242425,900.0,50.0,814.5517676767677,0.10036192065991252,25.0,20.0
d46b1a2d-49fc-413b-837f-8d80e2a5f571,71.92705615117669,57.340741059141465,110.80335384134767,12.751513333533973,0.2711273596026936,0.009489783544560185,0.45097914003587963,0.01568453241611169,0.3457272007110232,57.34074125927406,20.0115655155724,650.0,110.0,678.7931397306396,0.10036192065991252,25.0,15.0
d48e8c6a-71eb-48cf-a9b6-c38acf61a91b,38.08006532881558,51.81142716881146,36.74775627784518,-27.316086536896567,0.18443778948768935,0.01851706391335227,0.5316190727662038,0.012226178030333445,0.28097321404501335,51.811427962203396,20.0115655155724,1200.0,50.0,814.5517676767677,0.04796556947260091,25.0,15.0
d494712e-d719-47ae-b4dd-cff1c0031828,153.16212705596567,85.10820047233597,445.5750994331982,201.32252209710248,0.24160067428282822,0.041557846860164144,0.5328791879493266,0.019090338136138366,0.3271719152433065,85.10819804461526,22.505782674242425,650.0,320.0,407.27588383838383,0.3837245557808073,,
d4b004ad-c8ce-4775-83af-9b60d87ec44f,119.13971207319914,63.51119994925214,253.7084468867715,90.5733065914271,0.1501247537661932,0.005090665911405725,0.5121752701374158,0.0175436321036727,0.1500985744236132,63.5111984028196,20.0115655155724,400.0,70.0,814.5517676767677,0.2509799004147781,25.0,15.0
d4b790d4-796a-4908-a6ae-d0be484f71a9,222.74208241070954,93.2440978725224,1047.9020663636663,568.7764490846762,0.09338647808105008,0.011729785531842382,0.7020106964440865,0.020059332189807787,0.111531051096609,93.24410240785559,20.0115655155724,400.0,320.0,814.5517676767677,2.0078392033182246,,
d4dffb72-3bb8-4c33-b45e-ad82c04b0411,190.30207714946133,73.46185631289627,673.4521399333543,332.2937708253345,0.13174677396941287,0.023710865204734848,0.6143919760406251,0.01750128200015401,0.15962865673912371,73.46185478937888,22.505782674242425,1200.0,240.0,271.51725589225595,0.8028953652793002,25.0,20.0
d528b588-5273-4781-97cf-19cf667c4fef,65.87561130847705,56.74105293353765,94.8564378593188,2.9861821584774733,0.1429413456647727,0.010811734184806398,0.5026113223693183,0.014897480219809947,0.20173019590841604,56.7410543027268,22.517348022727273,900.0,50.0,814.5517676767677,0.10036192065991252,30.0,15.0
d5861f92-a92f-4ecd-818b-0228e7216491,188.56957949044016,93.16201564349583,673.7514395208253,334.1987312452824,0.16735875966787664,0.023897217901694027,0.6418348946884154,0.019911917822248288,0.21652849532061658,93.16201376331207,20.0115655155724,400.0,320.0,814.5517676767677,0.8028953652793002,,
d5c253b3-8a61-4268-8a5a-4cf61d0b0764,71.17581364471613,56.30620278047138,110.3837516971121,12.60868601110536,0.19971502089257154,0.009997855449505473,0.4708266667525253,0.015340757891785607,0.29973298149635486,56.30620392990109,22.505782674242425,1200.0,90.0,814.5517676767677,0.10036192065991252,25.0,20.0
d5eba384-d7e5-422c-a4ab-5811f0f3257b,150.03780522228982,60.23235637954766,774.8909363413638,389.6406910675526,0.09888227144280302,0.011726912074284512,0.6708968761622159,0.013080831523150439,0.14412906877020232,60.232353874658806,22.505782674242425,1200.0,400.0,271.51725589225595,2.0078392033182246,,
d5f0389b-fb54-4fe9-8c27-f2d9bb2c5a98,69.068649099042,59.01209780199731,98.62220619071884,5.425877610531411,0.14412471378540617,0.010875545443297559,0.5052296363182871,0.015280055638786606,0.20223250811615678,59.01210046492062,22.517348022727273,650.0,50.0,678.7931397306396,0.10036192065991252,30.0,15.0
d5fb784f-ea2b-449e-8855-d4816e4eeb78,226.34601015861776,99.36421065627727,904.7458596032909,490.02421031328396,0.09453162376063763,0.015424379849894782,0.6228243324795454,0.021060185125900896,0.1156385509793912,99.36421090584955,25.011565351010102,1200.0,240.0,678.7931397306396,1.3586033074955537,30.0,20.0
d607ce3c-a5d3-47f6-9892-4c42c62f8c6e,142.00158119123685,58.343196903510645,569.8891364241432,273.36985168873935,0.09962955367604166,0.01588100407550505,0.6032552532580071,0.013556381300715363,0.09092950889413882,58.34319740033423,22.517348022727273,650.0,160.0,271.51725589225595,1.3586033074955537,30.0,15.0
d63ddcdc-c362-491e-8c7f-a3f53377912f,95.4781599105728,63.87934303710825,184.21153235282225,53.501157101279595,0.2232001431117424,0.006560367791635101,0.47339193242187505,0.01813397806672367,0.27145882290120077,63.87934096874983,25.011565351010102,650.0,110.0,678.7931397306396,0.16982541343694404,30.0,20.0
d663168c-57a4-46de-992d-7949049b1582,161.2534494966012,68.02560781249545,733.263270188295,364.4942223554332,0.12991918876904462,0.0162793976860585,0.6506281592003367,0.014948167776840453,0.18466073848986245,68.02560618343895,22.505782674242425,1200.0,400.0,271.51725589225595,1.3586033074955537,,
d66e1594-7066-404a-b95c-1862c76837a8,233.84732229439425,107.28786695509402,1081.4769796791563,597.7241955032727,0.08431893074128788,0.011708885438005051,0.7062673287309975,0.021299463954551748,0.11455171393599332,107.28786622415343,20.0115655155724,900.0,320.0,814.5517676767677,2.0078392033182246,,
d68d5a93-29cd-4b1d-bd7f-b4254b51ed25,124.52870234947319,79.50253914215027,367.7883476814429,159.27070352266486,0.2931736489920034,0.03711243120015782,0.46981192824349743,0.018014973627556264,0.3942472720250301,79.50253568086711,25.011565351010102,1200.0,400.0,814.5517676767677,0.3837245557808073,,
d6c60813-314f-42a4-8d76-ade8d1ee88c9,94.68834626477546,61.428062561153865,175.56815723419902,46.93746242719264,0.20634365735900675,0.006648713272095961,0.48342140797074923,0.017011238818329978,0.2343924771494725,61.428061541990544,20.0115655155724,1200.0,90.0,407.27588383838383,0.16982541343694404,25.0,15.0
d7201f5e-2335-4c1c-a451-01b7de367725,211.7107725488359,88.83657564741505,855.967283362759,454.3664222634247,0.09712818061509891,0.015527410579766412,0.6158584382946127,0.0192914026334434,0.11692501517042396,88.83657537304937,25.011565351010102,1200.0,240.0,407.27588383838383,1.3586033074955537,30.0,20.0
d7602457-04af-4df0-9ac9-5ee4fd2d6295,100.22577038385627,61.47207019115945,190.70574408710303,57.66392728925512,0.17694704135279882,0.007016309032649411,0.49180461359490746,0.017112330761400577,0.22986975096088116,61.47206890218533,22.505782674242425,400.0,90.0,678.7931397306396,0.16982541343694404,25.0,20.0
d790aaa7-5102-40c6-82ab-f32294b6937b,137.29839183127905,56.25593543620884,645.0792887058634,316.1854578794424,0.06258997728715276,0.011956109130597643,0.6629979730661301,0.01248014148794384,0.06857814519394799,56.25593457097813,22.517348022727273,650.0,160.0,271.51725589225595,2.0078392033182246,30.0,15.0
d7d97e37-a0f9-4a21-b7e8-935a0c1da551,128.35253525124392,76.814448348782,365.33476842542257,157.79066947131645,0.2721969290676558,0.037665178710027364,0.4717032029311869,0.018133050238171945,0.3403530624402567,76.81444508834282,25.011565351010102,1200.0,320.0,678.7931397306396,0.3837245557808073,,
d7e345a2-130a-400e-875a-8186294600de,44.535184373702755,56.2864577315485,44.921724189221365,-21.493882973787017,0.19083482040340907,0.01872826987594697,0.5553477669297139,0.014050432255296195,0.27867362633147313,56.28645741635951,22.517348022727273,400.0,50.0,678.7931397306396,0.04796556947260091,30.0,15.0
d7e7b2e5-2961-4e81-91fb-8ce68c16bda1,44.99243282699359,48.40172702347044,47.84429497822762,-19.111866601924397,0.253105578523569,0.01758794476912879,0.5097297161462543,0.013302078367089139,0.39310006252673896,48.401725754883955,22.505782674242425,400.0,90.0,678.7931397306396,0.04796556947260091,25.0,20.0
d82b5250-7a70-49a4-a824-3b14396ef970,203.17694262364435,98.85712016459829,760.8001690576178,389.4166094420108,0.1879329013934659,0.021854865625599743,0.5744100757836068,0.020950403246820605,0.2464629484980406,98.85712100128904,25.011565351010102,1200.0,400.0,407.27588383838383,0.8028953652793002,,
d82ff686-9f46-4ba9-a2c9-18302429434c,214.17233303557418,87.19884803390696,917.5347901478281,480.78277898883874,0.1091033771797138,0.016242188757659936,0.6613241003372264,0.018688781301560355,0.14448996568460595,87.19884692981378,22.505782674242425,650.0,320.0,407.27588383838383,1.3586033074955537,,
d8376a10-62c9-46af-b15c-53e1c3540561,114.25550672428504,63.47903761717658,256.8925255603155,92.119503078769,0.22934206932091752,0.004609127684806397,0.49009063499179295,0.01780063799839343,0.21452781689734593,63.4790387839807,20.0115655155724,650.0,110.0,814.5517676767677,0.2509799004147781,25.0,15.0
d83a3086-4061-43e7-8c23-ace135a5d6a3,73.21234584522183,57.55383695925161,112.56397162378784,14.313496925115416,0.20058356924295032,0.010033526383385942,0.471826233861532,0.015525404747788442,0.3000948313408802,57.55383449523362,22.505782674242425,1200.0,90.0,407.27588383838383,0.10036192065991252,25.0,20.0
d85a8867-0884-484d-a471-220d541c63ce,233.8941479167632,102.10703412265276,937.0209496761516,508.58406253209216,0.09283712550418771,0.01547522103001894,0.6216915866187606,0.021528047869488802,0.11487625952290975,102.1070334965752,25.011565351010102,900.0,240.0,678.7931397306396,1.3586033074955537,30.0,20.0
d87f5c53-1337-44c2-8fed-4d8e37bb36fc,124.69851594435548,78.02026532735626,344.93228825999324,144.12656631693886,0.2842866032504208,0.03835673731064815,0.48261630681201595,0.017727862084751873,0.34968016814855213,78.02026476947884,22.517348022727273,900.0,320.0,678.7931397306396,0.3837245557808073,,
d8be0b29-ada6-4ab4-a395-52587cb5aede,121.81147903291468,65.46877505868063,259.36617237580566,93.88657480930787,0.09739693583823653,0.0052099928377314815,0.5226943409934238,0.01886539351495196,0.11026638167091872,65.46877435239833,25.011565351010102,900.0,50.0,814.5517676767677,0.2509799004147781,30.0,20.0
d8e25a2d-7c4a-4575-bdd1-44a514614ac2,135.8491003551395,61.147253856130604,589.3747908561357,287.0962019327052,0.12026204002305341,0.015736271576494106,0.6049893259257577,0.013139030922491997,0.1667434543244201,61.14725301519005,25.011565351010102,650.0,320.0,271.51725589225595,1.3586033074955537,,
d8ec5e73-e6b1-4ebd-b5d6-4e87fb140a91,44.71765830292367,53.1842064358938,44.9469330758441,-21.017311490492744,0.242253284065867,0.017739953234848484,0.5122541918486954,0.013828961147652651,0.346065806983673,53.18420638704946,22.517348022727273,400.0,70.0,678.7931397306396,0.04796556947260091,30.0,15.0
d8f8b901-d813-4b16-8b2f-717eb1f069d0,174.21197491153538,80.94879480522901,669.2840510359996,332.45294997527236,0.1864752231921823,0.02246665640272517,0.5809588681815552,0.018063378135233715,0.24938620020656233,80.9487937902006,25.011565351010102,400.0,400.0,407.27588383838383,0.8028953652793002,,
d9065984-8d2d-4c4d-b48c-0ee6d63e5075,131.94204048986103,62.02520091252457,344.9141835629724,142.92035841944895,0.266499132687984,0.038004825885679716,0.46507464067225374,0.01726656043366802,0.19835517241511155,62.02519950389986,20.0115655155724,650.0,160.0,814.5517676767677,0.3837245557808073,25.0,15.0
d9098b6c-d31b-4e2d-8665-0a04ed697ba4,64.7742609532069,55.050687897894065,96.74907686907318,4.505440245677648,0.2357186095157828,0.009734230349863215,0.46201048877199075,0.014981366652301141,0.308458019515237,55.05068787457027,22.517348022727273,1200.0,90.0,678.7931397306396,0.10036192065991252,30.0,15.0
d90ac6ac-2843-48c3-8628-97b5ac06c484,45.05096788046741,55.78692358373908,45.84501317880738,-21.94020175071779,0.1879336214011995,0.019010361686973908,0.5509507683186027,0.013937860509624679,0.27647943320847895,55.78692455506745,20.0115655155724,650.0,50.0,271.51725589225595,0.04796556947260091,25.0,15.0
d91db57f-2811-4a09-b4f5-b145b9409749,69.67896832903739,57.99229781018514,107.1442624410897,11.651125825372167,0.24566998378030303,0.00953906120116793,0.4527217757004419,0.01593035165179271,0.3489379380489875,57.992299154127736,25.011565351010102,900.0,110.0,678.7931397306396,0.10036192065991252,30.0,20.0
d93f1245-6046-4ece-ae91-3303b05e32b7,42.37505724139703,44.67548337650934,44.93126889410413,-21.36034170860436,0.31617845045212545,0.01675230020050505,0.4527096933291246,0.013158291882397064,0.43896327725874046,44.67548316347869,20.0115655155724,400.0,110.0,678.7931397306396,0.04796556947260091,25.0,15.0
d967caea-487a-41a6-8369-574b9447e897,71.5011501627595,56.63387143141806,108.34157378408725,11.541196484205857,0.1615871134861111,0.01045454240774411,0.4886410522018098,0.015207131057856491,0.2516097162456618,56.6338727348907,22.505782674242425,1200.0,70.0,678.7931397306396,0.10036192065991252,25.0,20.0
d97a7201-eb7d-4e4f-99da-57e675d40a96,91.29410350510905,62.164876612680416,173.12953005395153,46.20241502654046,0.2596524606671402,0.006386662456397307,0.46969737280092594,0.01739355650136891,0.2749769988550343,62.164876928038346,22.517348022727273,650.0,110.0,678.7931397306396,0.16982541343694404,30.0,15.0
d992e8c0-0aef-4b5b-9ca1-299c7bad4921,36.650793553447386,52.126949922492784,34.29018746559755,-27.756345236734465,0.16759069308270197,0.017917868760995367,0.5508139460164141,0.01194761078196262,0.284489622289664,52.12695159056435,25.011565351010102,1200.0,50.0,407.27588383838383,0.04796556947260091,30.0,20.0
d9a84e7f-40dc-492e-9ddf-2babc1592c5e,38.122710959185405,53.456745033039695,36.236436744403996,-26.738492819828867,0.16840336293939392,0.018017829113583753,0.5533236923200757,0.012308412031307359,0.28414599036854615,53.45674608634183,25.011565351010102,900.0,50.0,814.5517676767677,0.04796556947260091,30.0,20.0
d9b236b4-eb19-4bed-9af8-a75bbf694e87,38.4636192234849,51.67239939436222,37.67597107193583,-26.417048701815016,0.16499164044255052,0.018541223086279462,0.5518299939446547,0.011979060918721146,0.27976707447477694,51.672400140531,22.505782674242425,1200.0,50.0,814.5517676767677,0.04796556947260091,25.0,20.0
d9ba2a75-67b4-4f10-9d6b-c130864227b4,204.84723319835007,80.4247029427319,665.4147852106648,336.84965866830333,0.11364076052746214,0.02226299334652778,0.5624035017872897,0.01963530285366156,0.11468189555068616,80.42470360566351,25.011565351010102,900.0,160.0,407.27588383838383,0.8028953652793002,30.0,20.0
d9cb8384-6490-4550-ace8-f27b700986eb,155.989946752855,87.71961776350493,448.8339290937882,196.88838540499196,0.26436237733080814,0.0421195875649516,0.5407642683424453,0.020539095129830726,0.3297112126795113,87.71961903681313,20.0115655155724,900.0,320.0,271.51725589225595,0.3837245557808073,,
d9d39897-2e6f-439a-ac4c-a2e2d56ab384,129.44349285822963,69.63352717578806,266.4782051634966,98.68118714504365,0.16067700041442548,0.004957031979029882,0.5105146466423612,0.019057405153276998,0.1496666518491734,69.6335276081387,22.517348022727273,1200.0,70.0,271.51725589225595,0.2509799004147781,30.0,15.0
d9f704ba-c574-468e-8642-f96eb3f8fa15,43.24142625817478,53.12961709036846,42.70587922419156,-23.04007169256431,0.21477716425662874,0.01769016160558712,0.5159151021646674,0.01283355173074006,0.3479536200568735,53.12961967414843,22.505782674242425,1200.0,70.0,407.27588383838383,0.04796556947260091,25.0,20.0
da0cdb98-92d5-4eed-967c-c27aa23c8f1b,221.98434829027823,96.15023046816937,846.8633157992167,449.87925221303345,0.08119616987315867,0.01570332833611111,0.6293225233305555,0.02106881171011492,0.08222593509200694,96.15023096454674,22.517348022727273,900.0,160.0,678.7931397306396,1.3586033074955537,30.0,15.0
da3c927a-f379-4344-9c1f-2f297fd4ef0b,118.11325836906789,66.60130794098689,267.4932423537346,99.83544468113223,0.205309699833649,0.004721396351409933,0.4909180042483691,0.019038544391765173,0.21370275760763344,66.60130997363186,25.011565351010102,650.0,110.0,678.7931397306396,0.2509799004147781,30.0,20.0
da3daeeb-b360-4269-9155-9717f5f41202,159.05514971718054,72.02225618809183,685.6206181817784,343.97282436030923,0.12064087343674244,0.015650933982628363,0.6092599013916666,0.01511289541170108,0.16186610084352662,72.02225537175507,25.011565351010102,1200.0,320.0,271.51725589225595,1.3586033074955537,,
da509980-2757-4a33-a233-a63d2a40ab58,195.64506758861125,82.38592697800557,639.6199424681181,316.5320341311827,0.12334186379802187,0.023823127810721798,0.6201874795012836,0.019287959328114106,0.11860303122900258,82.38592658351345,20.0115655155724,400.0,160.0,814.5517676767677,0.8028953652793002,25.0,15.0
da871f06-28f5-49d6-8053-a0c30555da20,140.46722123978364,73.37028850660093,382.9519951071318,163.3635782707864,0.3416845079075652,0.036849473172053865,0.4667204186073443,0.018598979584910243,0.27165373583403035,73.37028948616042,20.0115655155724,1200.0,240.0,407.27588383838383,0.3837245557808073,25.0,15.0
dacd923a-5e44-4a53-9f8f-95e5703d5a72,113.50532655673236,64.60368693966979,247.02206547608827,86.77514178168393,0.2009185891475168,0.004792029061374158,0.49817818815814413,0.01806669035173701,0.18614849303383893,64.60368523912176,22.517348022727273,650.0,90.0,678.7931397306396,0.2509799004147781,30.0,15.0
db06b4ff-32e2-48c2-bc74-76fe00f05094,95.5532562851807,61.30211186873984,170.36930927408144,43.334010872784454,0.12052035371072181,0.007275619912426348,0.512518139677399,0.016822624471902196,0.14708201522671036,61.30211198917882,20.0115655155724,900.0,50.0,678.7931397306396,0.16982541343694404,25.0,15.0
db3cc752-0702-4d62-b7eb-3ae895d90282,216.8946344990926,88.07013029918693,838.6252238410932,447.7623526997459,0.07805494554646464,0.015525994054608586,0.6141526401831546,0.019424219799164102,0.0812291656077186,88.07013141118662,25.011565351010102,400.0,160.0,678.7931397306396,1.3586033074955537,30.0,20.0
db43268a-c24e-4a63-9434-33cb6ffcf755,72.46786614829762,59.09572803801579,104.40271781960358,8.4486803827139,0.13973166703672135,0.010978560026483584,0.5070354533312289,0.01537450492521992,0.1991050137692227,59.09572683035796,20.0115655155724,650.0,50.0,678.7931397306396,0.10036192065991252,25.0,15.0
db5decf9-be8f-41e6-b19f-cde647baad2f,100.9054221335646,65.26128869726018,172.83929361599039,46.08618261392701,0.12740216325619738,0.007247581155366161,0.5122424321847643,0.017678227206695044,0.14878310200497127,65.26128897010169,22.517348022727273,1200.0,50.0,271.51725589225595,0.16982541343694404,30.0,15.0
db67055e-46ed-4295-817f-0e160520f7f0,141.86304471448258,71.22269962701911,402.63932195030117,178.02264377526095,0.3125363950667613,0.037431995560132575,0.472264875122096,0.01856393017621593,0.2630352826901989,71.22270008985973,22.505782674242425,900.0,240.0,678.7931397306396,0.3837245557808073,25.0,20.0
dba147be-158f-4f0c-9fb8-adcbda631405,71.19947436070989,57.28706124272945,106.01732381058473,11.526688767779804,0.238330490035564,0.010100353516035353,0.46961427946664563,0.015520715496924853,0.306639728224834,57.28706098664016,22.517348022727273,400.0,90.0,271.51725589225595,0.10036192065991252,30.0,15.0
dbacd92c-0341-4e52-8556-c5df203cca5b,187.77124420734813,81.55680088554033,868.9864697717377,458.0717813554619,0.07614346781828704,0.011493233390404041,0.6564071656841014,0.01685970839197189,0.09317713305605684,81.55680034470907,22.517348022727273,900.0,240.0,407.27588383838383,2.0078392033182246,30.0,15.0
dbde8cd0-94c2-4294-a1bd-cf237a99201c,128.9801607280056,65.03135631504398,273.3327918726152,102.48227557441105,0.09281898987946127,0.005208628893497475,0.5259486573657406,0.018216363299812743,0.10799766866563797,65.03135498193318,22.505782674242425,650.0,50.0,814.5517676767677,0.2509799004147781,25.0,20.0
dc07bd4e-8b4c-45d5-8f6d-7a07e8152406,197.02507230530117,80.41022826924605,693.0761425056447,346.0760554458785,0.1314325956006839,0.023701791206723485,0.6118444087088069,0.01811160580915724,0.16187608941986983,80.41022889124582,22.505782674242425,400.0,240.0,407.27588383838383,0.8028953652793002,25.0,20.0
dc2a8f10-3f2e-4bc3-b704-aacd29a89bbd,124.4510108500128,68.7807229371838,276.81035210437045,105.82250925374011,0.20644771754093016,0.004687474021296297,0.4911733850335649,0.01952998211334234,0.21238798003001805,68.78072217579162,25.011565351010102,900.0,110.0,407.27588383838383,0.2509799004147781,30.0,20.0
dc789425-b4ca-4dc9-9d02-0c1a440f8602,153.31742919578807,76.36702980984722,428.448633809718,192.2036340845236,0.3104549985466119,0.03789264124367635,0.48154476603905727,0.01927946015903028,0.26163056968375487,76.36703024993368,22.505782674242425,1200.0,240.0,407.27588383838383,0.3837245557808073,25.0,20.0
dc87da23-ccbc-45dd-908a-dc65bc10a049,151.1952225045202,89.89220546448637,451.10467800637963,199.26520020258033,0.3093641313866793,0.040198247896527775,0.518642444173611,0.02091268524127165,0.38338884944776813,89.89220282683506,20.0115655155724,1200.0,400.0,271.51725589225595,0.3837245557808073,,
dcc1c3b3-9220-4d00-a601-d8c4ea22f525,246.402895618216,110.53510627455476,984.9587573950148,538.1192757770318,0.07678672284352904,0.016157820446180554,0.6679587818326495,0.021534056291417258,0.11454050930331751,110.53510504925521,22.505782674242425,1200.0,240.0,814.5517676767677,1.3586033074955537,25.0,20.0
dcc94b2e-6366-4ce0-b662-6ec57555501f,46.495225881355054,54.363716576247924,47.578635508097655,-19.822845372910535,0.21405327006828703,0.018016968645044193,0.5297923198390151,0.01361917811358692,0.34398595996377557,54.36371640684028,22.505782674242425,650.0,70.0,407.27588383838383,0.04796556947260091,25.0,20.0
dcccd3d6-ded1-4c95-99e7-959eaa817986,133.23778361208764,67.68400618796886,269.470570636481,99.03018490968881,0.11018468224126682,0.005193397143002945,0.5244200549771675,0.0184738355068325,0.11054884634929311,67.68400565654854,20.0115655155724,900.0,50.0,271.51725589225595,0.2509799004147781,25.0,15.0
dcd3ec32-a334-4668-8690-e300db43e4ba,181.121681375522,73.49905039389039,789.9247853095844,399.59223282881476,0.10369341042876684,0.016576661485258836,0.6635142259832807,0.016053146639363847,0.15028065787442782,73.49905092091372,22.505782674242425,1200.0,320.0,271.51725589225595,1.3586033074955537,,
dce85d60-e8f9-4847-b735-698726b03d49,144.28196875205794,84.7465133518047,405.11187430889623,180.941561876386,0.26152479865277783,0.03823611710590277,0.48033449083167085,0.01931680986859084,0.3373141639006185,84.74651530036705,25.011565351010102,1200.0,320.0,407.27588383838383,0.3837245557808073,,
dd1a5945-1b56-4b24-a9a1-cbdffee7999e,68.12765433200235,57.06488356574967,102.36985870616478,8.572232244039887,0.2814540851406776,0.00929203660272517,0.4478862435196233,0.015493461904205046,0.35149393406837776,57.0648844197857,22.517348022727273,900.0,110.0,407.27588383838383,0.10036192065991252,30.0,15.0
dd24c6e9-bad0-4f5d-8968-1fbb7edf77d7,169.71985559419153,82.50106805071053,635.3298515886052,312.29226509622157,0.19772058024147732,0.02285597529342382,0.5984188054103536,0.018582265988994134,0.2562908854810069,82.5010675801729,22.517348022727273,400.0,400.0,407.27588383838383,0.8028953652793002,,
dd53871e-f497-420a-b363-b645d9960223,122.18305565058594,64.15212686439816,271.2652338129251,100.3973823159513,0.22823445156434133,0.004689648588552189,0.49145026381118473,0.018123827912072944,0.21153747323881575,64.15212899023517,20.0115655155724,650.0,110.0,271.51725589225595,0.2509799004147781,25.0,15.0
dd5c9bdb-6781-426d-b712-96abb1669135,45.52529135599167,51.63719337160042,45.38362858190533,-20.753542089781998,0.2909216281772937,0.016263091376736108,0.45331908997180137,0.013091568348774698,0.4494952317279923,51.6371951129828,22.505782674242425,900.0,110.0,678.7931397306396,0.04796556947260091,25.0,20.0
dd63e023-8cf9-4696-a45e-3a56a11915fd,199.36582769036707,94.16653140958653,710.9845514970739,355.53975882623564,0.17470307396369947,0.022604849060079965,0.5939452267888363,0.020921672888598128,0.21092831835374115,94.16653103321501,22.517348022727273,900.0,320.0,407.27588383838383,0.8028953652793002,,
dd70fde0-fbf6-4039-871a-a5036bede4bc,99.48767400359402,63.15505194419712,175.14005177219022,46.51200078183157,0.12128757458707914,0.007347150563310185,0.5142640810128367,0.017067486527969924,0.1475508354338261,63.155049644515984,20.0115655155724,650.0,50.0,407.27588383838383,0.16982541343694404,25.0,15.0
dda00b49-7da0-4c00-80c0-8f8bf52af945,111.52411086717231,62.84441710838148,239.47050413649453,81.73520593727204,0.1572353040162353,0.004969041510279882,0.5083951918976747,0.01779368179546854,0.1509749041167052,62.844417733692296,22.517348022727273,900.0,70.0,814.5517676767677,0.2509799004147781,30.0,15.0
ddd0c2cc-c4d3-44dc-a10f-f58a7995fb0f,222.8020821203248,94.00466489125921,979.833762808925,535.8702073644389,0.05594405429090908,0.01151612498488005,0.6654881061831124,0.019455227879119463,0.061640276135000525,94.00466557492078,22.517348022727273,400.0,160.0,814.5517676767677,2.0078392033182246,30.0,15.0
dddb1514-8ac6-4127-96a3-14b94a3d4c11,45.50596966743887,50.81593651182745,45.80941978364866,-21.310409552378538,0.32271985022159094,0.01617956835089436,0.43568659249568603,0.013598737036586948,0.4474831073740604,50.8159371993687,20.0115655155724,650.0,110.0,814.5517676767677,0.04796556947260091,25.0,15.0
de0d7baf-bdd3-4897-8242-bbcab531563d,46.09084621165415,51.63488697962178,48.5300640614032,-18.98925815808017,0.21293747213047134,0.018361712696022728,0.5438851638489057,0.013579246965335003,0.33930235657658386,51.634885261922136,22.505782674242425,400.0,70.0,678.7931397306396,0.04796556947260091,25.0,20.0
de1f2711-ed2c-4a2f-a4b1-6c8a1bbd058d,200.89972845055843,103.57707237179581,746.7482071062423,384.4214315345274,0.17202990558564812,0.022665483270138884,0.6102987267810396,0.020315839338587202,0.2499274939153686,103.57707259264868,22.505782674242425,900.0,400.0,814.5517676767677,0.8028953652793002,,
de78dbb1-8330-42b6-9bc9-485765251335,99.22624480060135,61.973499444924585,190.4538636497825,56.331331445318675,0.1771050067685185,0.00678135019074074,0.48905832298379637,0.017469948655087896,0.22827330216666178,61.97349616632483,22.505782674242425,900.0,90.0,678.7931397306396,0.16982541343694404,25.0,20.0
de82cba3-595f-401d-99eb-fbde57429209,128.87581046683314,62.92216397926409,333.5871560904166,137.31465223091274,0.27731693101041666,0.03766266889165614,0.4631890370426663,0.01755203742708189,0.20143280577439363,62.92216331763441,22.517348022727273,650.0,160.0,678.7931397306396,0.3837245557808073,30.0,15.0
decb8177-53bc-41ad-b3a9-339f9e484483,160.76678588579182,83.97898193313299,476.91166658087525,216.4915200734991,0.2447268677430555,0.04175980307363216,0.5352608276242321,0.019770476362309605,0.3170697474419679,83.97898223688063,22.505782674242425,900.0,320.0,271.51725589225595,0.3837245557808073,,
df016081-1f2b-4872-8909-0e4627d9dad5,89.93575256943606,61.35665857559488,168.2777529779826,43.61881401264853,0.2583665012941393,0.006343087438804714,0.4686686409415193,0.017177366527541708,0.27541335482308565,61.35665704193294,22.517348022727273,1200.0,110.0,407.27588383838383,0.16982541343694404,30.0,15.0
df0743cf-62b0-4d60-8928-3a1c4a8f7d1f,71.85342523888013,57.49248554807941,110.69134364681568,12.558564728301235,0.2712525002522096,0.009470883058501682,0.4502082728220749,0.015707988931258382,0.3459324394888417,57.49248399378598,20.0115655155724,650.0,110.0,814.5517676767677,0.10036192065991252,25.0,15.0
e0083d66-398f-4743-b58b-599f107c1dc3,126.68708034869374,64.77759180361178,276.0634919257261,104.05136992363249,0.12753798052720958,0.004999269266782407,0.5141386713728431,0.018344772634608396,0.14366574358976616,64.77759401986117,22.505782674242425,900.0,70.0,678.7931397306396,0.2509799004147781,25.0,20.0
e0183828-eb20-4f01-98c3-890ff1275659,42.10283660454549,52.59795127525594,39.24249013479125,-24.108879892458297,0.25909817635006316,0.01632804024389731,0.4772339895843855,0.012705144479156655,0.41086948488099845,52.597952979022224,25.011565351010102,900.0,90.0,814.5517676767677,0.04796556947260091,30.0,20.0
e051d04c-dea0-4a90-b585-30ac9ed7c5a0,68.50762903800207,57.26396981996974,103.0098333849822,9.281635504016199,0.20757072646611952,0.009936582287710436,0.4677281063892045,0.01561191759427593,0.30672892253980505,57.26396865013802,25.011565351010102,1200.0,90.0,407.27588383838383,0.10036192065991252,30.0,20.0
e05c6179-4c19-4bbc-8845-a0a77a8ef3c1,42.85679846470977,55.21989730427352,42.57051678385595,-23.816537924137624,0.18708606101462547,0.018757419089593854,0.5402629200347222,0.013396967412150363,0.27906176610862027,55.21989737672326,20.0115655155724,900.0,50.0,407.27588383838383,0.04796556947260091,25.0,15.0
e08551b7-0eab-444a-bd80-8cbb3eff1c9e,122.08725547286201,61.701883373268,257.86752990273027,93.17242902223963,0.14826260665500843,0.0052093783288089225,0.5133526249099326,0.017329300996400315,0.1484100701090953,61.70188373803992,20.0115655155724,400.0,70.0,271.51725589225595,0.2509799004147781,25.0,15.0
e0aab50b-5f91-4928-ad0e-58d2c05de08f,148.27286148597608,92.38497163890632,443.2350581110596,200.76488394694456,0.2968277259898989,0.03878988497763046,0.49771147247940867,0.019334282714568777,0.3862650527719372,92.38497337654775,22.505782674242425,900.0,400.0,678.7931397306396,0.3837245557808073,,
e0af9bd6-1627-4b10-981d-03b6511c559f,209.59377771464526,105.3974997296641,889.369853458097,469.50092317893234,0.1587101227085438,0.015225295689835862,0.6189830254083859,0.021110372251711102,0.18802028325747577,105.39750127191174,22.517348022727273,400.0,400.0,814.5517676767677,1.3586033074955537,,
e0b14e83-9f90-4f26-82f6-25e978e4cfa5,156.3184473430725,67.99214445181806,732.3005401440371,373.6949093551198,0.08086387420487162,0.011600634432018097,0.6545587880012942,0.014277326728033026,0.09704102794586851,67.99214552697147,22.517348022727273,400.0,240.0,407.27588383838383,2.0078392033182246,30.0,15.0
e0c58d3f-8cec-4a15-91b1-30815202c653,124.10058860639775,64.76267123857133,277.7883397243418,105.4893409768884,0.16169920355703915,0.004871388654061448,0.5043989242437396,0.018295953553371304,0.17755861660785832,64.76266983675481,22.505782674242425,650.0,90.0,814.5517676767677,0.2509799004147781,25.0,20.0
e0cc21d6-2a2e-473b-9e86-8433c6905bf3,131.7291213796387,69.78183228624542,263.6384075686594,96.59339809883825,0.1167267409840804,0.005163414238489057,0.5226894418689498,0.019016080309724914,0.11229033085012807,69.78183151462942,22.517348022727273,1200.0,50.0,271.51725589225595,0.2509799004147781,30.0,15.0
e0cd24b0-cc4a-4d36-b6e4-0674b11a6151,43.751355463527744,49.407015305085146,44.404058776138875,-20.917528435506245,0.28600987182638893,0.01697514589178241,0.4778826965345119,0.013552760139074542,0.3992751041152056,49.407015939820795,22.517348022727273,400.0,90.0,407.27588383838383,0.04796556947260091,30.0,15.0
e0cf56b6-e411-4939-b4df-9d3fffe85dbd,139.52147743500976,69.13519388508917,397.44372455892056,175.3526171153546,0.31807189087252735,0.03699722084057239,0.46451707419624366,0.018327572729884393,0.2631202341204316,69.1351954842286,22.505782674242425,650.0,240.0,814.5517676767677,0.3837245557808073,25.0,20.0
e0fb3dc5-c5f3-4c35-8571-d2ed051d5165,71.05555520918128,57.41797513909741,106.09925464954387,11.17860524605581,0.2385658147346381,0.010076814219118267,0.46920793288731066,0.015576497254715098,0.3067723011063555,57.41797674145129,22.517348022727273,400.0,90.0,407.27588383838383,0.10036192065991252,30.0,15.0
e1108ffd-0416-48d7-a55c-99217dd98263,201.82761254791828,84.12316261650547,939.0976134740391,494.35998898173955,0.07297348746617216,0.012055281651262626,0.7092584532452652,0.0178596915050642,0.0900493572359976,84.12316454838805,20.0115655155724,1200.0,240.0,407.27588383838383,2.0078392033182246,25.0,15.0
e140d057-61d6-4ac1-bef6-f32da3e1b79b,183.14857576807734,103.89383847659207,653.1834587562633,328.7633642668083,0.18322834960374582,0.023038579606565655,0.6225960762970854,0.020428796933600387,0.2664475823135339,103.89384112926803,20.0115655155724,1200.0,400.0,814.5517676767677,0.8028953652793002,,
e1590756-476b-42ea-af6f-b18c29b877b3,103.48206755954233,63.38619283339181,191.13167661920934,56.81106894427516,0.14184643861300505,0.007055755499515993,0.5025625870859639,0.017550986728061088,0.1882659252582269,63.38619215594466,22.505782674242425,900.0,70.0,407.27588383838383,0.16982541343694404,25.0,20.0
e19ec073-a907-4be3-a81c-11fe14206afa,71.9442576664693,55.623545327942544,106.6298334606453,10.766276460670996,0.18469861729687498,0.010824843635574496,0.4913335505594486,0.015057831828559985,0.2539722475393648,55.62354485434814,20.0115655155724,400.0,70.0,271.51725589225595,0.10036192065991252,25.0,15.0
e1b1d2fc-8042-44ce-96a9-373e296fc3e2,133.4269592718011,67.310810653432,273.09560331338326,105.34012334032158,0.09785028538893098,0.0054714851287984015,0.527121082639415,0.01873885186082341,0.11089878331129703,67.31081122906892,25.011565351010102,400.0,50.0,271.51725589225595,0.2509799004147781,30.0,20.0
e1bfdaa1-455f-498e-8a48-0d95d203562d,94.04660082891313,61.58835635875811,179.98841587439068,49.613490408587104,0.24684593788115528,0.0064330745497685185,0.4720446675042614,0.01718987037040725,0.27124661234449027,61.58835609692682,20.0115655155724,650.0,110.0,678.7931397306396,0.16982541343694404,25.0,15.0
e1f5ee76-000d-4f60-b2f7-5649074bb0e4,71.37635562825956,57.90446251116331,104.96576567795692,8.924173582414959,0.18567359192040192,0.010388272871580388,0.4843650154709596,0.015317682406271405,0.2560438247840506,57.90446266889663,20.0115655155724,900.0,70.0,407.27588383838383,0.10036192065991252,25.0,15.0
e20f6ffc-d471-498f-bc10-e43eb1335ddb,210.31981697401764,107.82320473283609,881.0113346032633,468.8538283783185,0.14611229816124788,0.015197498439769567,0.6254811172130998,0.021539195421230953,0.18741886786729955,107.82320288765226,22.517348022727273,900.0,400.0,814.5517676767677,1.3586033074955537,,
e223d996-73c1-4c2f-a738-5f86869be46d,201.07341993011022,85.6275033251257,982.1816784199582,523.3286813161831,0.11983635143460646,0.0115339506106492,0.6870958569851747,0.01864595612439746,0.13769996301137674,85.62750257234552,20.0115655155724,400.0,400.0,678.7931397306396,2.0078392033182246,,
e280115e-f2f4-44a4-86b4-b096094cc3ba,152.62823402502127,65.42535714197093,631.7439979442232,307.97850697700983,0.11011276507577863,0.01633308862522096,0.6380766335812921,0.014768205859275269,0.12756860043030163,65.42535633325774,22.517348022727273,650.0,240.0,271.51725589225595,1.3586033074955537,30.0,15.0
e292f76d-520f-4699-af8f-298fb144ce80,198.78248471063327,79.07853765573365,985.8892735712168,531.9748124425288,0.10452972784640152,0.011377741586689812,0.6677740952966541,0.01682332821572692,0.13390235128970948,79.07853807347263,22.505782674242425,400.0,400.0,678.7931397306396,2.0078392033182246,,
e29c8f88-6648-4c73-bd67-7887bab49998,93.78552980581402,58.30059188517276,179.37882957972633,50.14922092000009,0.24229907673753162,0.0066883051724747474,0.47436587508638467,0.01662001968312292,0.26952120460532186,58.3005927488094,20.0115655155724,400.0,110.0,271.51725589225595,0.16982541343694404,25.0,15.0
e2e1ad4d-be4b-4fa8-90f1-ff4a1a2a452e,67.2365627810715,56.832522133634846,99.96416303126483,6.597944982548489,0.23743668814930555,0.009750665226883419,0.4633533549462332,0.015301275608203093,0.30871754628551146,56.83252047254369,22.517348022727273,900.0,90.0,678.7931397306396,0.10036192065991252,30.0,15.0
e2e35a54-58a4-48c3-b77e-c6bc56cc6d54,42.48186245870466,56.182062498122775,41.352225628616786,-23.835553477732354,0.1899644459884259,0.018355236901094273,0.5425064949715909,0.013528247189708333,0.2818808768305399,56.1820627349835,22.517348022727273,650.0,50.0,271.51725589225595,0.04796556947260091,30.0,15.0
e30b152b-e56a-4a94-9817-2b6107c59167,68.22981350534286,56.08896769766205,100.88525827930424,6.354287591621749,0.1846383106333123,0.010313110804335019,0.48190766283354375,0.014952995882529312,0.256176815572312,56.088969141148645,20.0115655155724,1200.0,70.0,678.7931397306396,0.10036192065991252,25.0,15.0
e30cec57-d017-45f1-8c08-40a5e6b970d5,167.40173468170732,61.73895150751794,675.380426804838,335.94653512880683,0.07901424063926768,0.01625537792630471,0.6298667509468645,0.014299530564437338,0.08391660176012312,61.73894924196857,22.505782674242425,900.0,160.0,271.51725589225595,1.3586033074955537,25.0,20.0
e33d34bf-b33a-4acc-ba06-8951fd42812e,196.97815120536072,86.23014308505236,642.4437328930917,325.5959627645273,0.10533919622281145,0.022516167710427182,0.5768368466763258,0.019644542728241995,0.11849731046323175,86.2301438456083,25.011565351010102,650.0,160.0,814.5517676767677,0.8028953652793002,30.0,20.0
e33da09b-e18c-4175-bac0-95b62c5297f0,65.27195637266487,55.15564382007118,99.40586873980392,6.178656933880384,0.27942567481418346,0.00925684391886574,0.44638261697942966,0.015205586207172831,0.35067128871806214,55.15564457953026,22.517348022727273,1200.0,110.0,814.5517676767677,0.10036192065991252,30.0,15.0
e34a6b31-ed8b-484d-9714-79644243fc26,208.6540809632033,97.85974958620103,826.331191876887,438.37445523884367,0.10788164372712541,0.015503514107344277,0.6249799761606483,0.020727002884090687,0.1206130330174607,97.85975006536599,22.517348022727273,1200.0,240.0,814.5517676767677,1.3586033074955537,30.0,15.0
e360ff3f-3c57-4e37-aafd-44e9b4fcc0f3,70.63785308889138,57.00493704869968,108.50078864662042,11.406648458110741,0.2707808640828071,0.009402336551757155,0.4491328803999895,0.015549701120621741,0.3465304603288842,57.00493702772822,20.0115655155724,900.0,110.0,678.7931397306396,0.10036192065991252,25.0,15.0
e36b408b-5cf4-4135-97f3-9baa2a871d7b,209.11345423166105,83.32169729553867,861.3576162989654,448.8991215501744,0.08574706601357324,0.01644808129608586,0.6602826022310292,0.01779391984991371,0.11490865062534249,83.32169628728882,22.505782674242425,650.0,240.0,407.27588383838383,1.3586033074955537,25.0,20.0
e3a8c9a9-6021-4174-ae01-5bb34954a401,68.74239398518638,57.74422986340822,99.54139114014215,7.037665382210724,0.2383529865236742,0.00971976398180766,0.4632561931865531,0.015285935610551523,0.3099304754139758,57.744229323997665,22.517348022727273,1200.0,90.0,271.51725589225595,0.10036192065991252,30.0,15.0
e3b9a4a1-952f-42e6-9f9c-98c1696d49aa,169.83829222966799,76.94960858666255,716.211019619599,359.31333448822625,0.12267561910908038,0.01612003984272938,0.6418440711715172,0.016653223978152977,0.1595546043087354,76.94960280500521,22.517348022727273,400.0,320.0,407.27588383838383,1.3586033074955537,,
e3cc98c4-c63a-4d11-a370-421732ba543b,231.58753196013757,94.76398951277483,1017.3061094331134,573.6647182958897,0.05035851179620159,0.01107316160630261,0.6353338645643728,0.019780449377196342,0.0594168376110737,94.7639916211844,25.011565351010102,900.0,160.0,814.5517676767677,2.0078392033182246,30.0,20.0
e3d0eb24-d4a5-4da3-8e83-6b71adc80488,155.9833079955671,71.75074145843593,692.6006839020982,340.94971014441927,0.15872692012058082,0.015717214732281146,0.6228677168257364,0.015889750186429026,0.1927132269317481,71.75074003686957,22.517348022727273,900.0,400.0,271.51725589225595,1.3586033074955537,,
e41e84cc-8d44-4c1e-87d4-1242a07adb71,223.18858226974467,97.60855840931887,897.9831039299183,470.3502352540833,0.09557663705299874,0.016669429201031143,0.6842406847097222,0.020915570185510286,0.11766952090449027,97.60855992032053,20.0115655155724,400.0,240.0,678.7931397306396,1.3586033074955537,25.0,15.0
e4e714d7-4672-4af2-8fd8-6730b4970282,101.55425019928221,65.60438153351957,179.95492767198354,50.53406757695337,0.10962444413686867,0.007394333157944025,0.5152715701438342,0.018047227683675865,0.14748169040634615,65.60438170673125,25.011565351010102,650.0,50.0,407.27588383838383,0.16982541343694404,30.0,20.0
e4eacc61-0ea3-44b5-a1b4-e8659fc0866b,188.5396207348208,85.39135453606144,643.1924503477694,325.0389454836826,0.13153031167597853,0.022531518939541247,0.5819420583963173,0.018874433438333702,0.16975135537802008,85.39135310782294,25.011565351010102,400.0,240.0,678.7931397306396,0.8028953652793002,30.0,20.0
e4ed78a7-511f-4a5f-a4d8-7b40e0645e06,203.32335316692624,104.80256936481511,753.6991022556089,387.640488583025,0.1597890269655934,0.022821388048295452,0.6092936245017571,0.02032356024900212,0.25064278392158995,104.80256690340552,22.505782674242425,900.0,400.0,678.7931397306396,0.8028953652793002,,
e4f33015-d695-47bf-a282-19c55ef6089b,127.67942362067579,64.250182615585,272.58965398118596,101.68109225588495,0.09262878485882786,0.005167474536531986,0.5251464463236531,0.018246767720885227,0.10724706923284912,64.25018311096711,22.505782674242425,900.0,50.0,814.5517676767677,0.2509799004147781,25.0,20.0
e4f3bbed-3b7c-41bb-b3c8-b49f7f99c372,70.39938366354914,57.43212939404144,103.88405499897621,8.302968532598445,0.18551005260200967,0.01035297256261574,0.483205707893729,0.015256086119257408,0.25602270266244553,57.432131242595,20.0115655155724,900.0,70.0,678.7931397306396,0.10036192065991252,25.0,15.0
e518eb0a-543e-4c48-a99f-bc0bce56d827,74.00744203970116,60.06275431750082,108.25715856299847,13.522023435589137,0.16995997096369947,0.010760142035311447,0.4946265911188973,0.015811622897932295,0.25783810083157616,60.06275479065161,25.011565351010102,400.0,70.0,271.51725589225595,0.10036192065991252,30.0,20.0
e53d70a1-5486-4fc8-a756-0577b2be82fb,224.95196169943372,85.24823468801773,880.3972614148403,465.1151980518086,0.07120489450670245,0.016135059608617427,0.6429150786000106,0.018622152657503506,0.07848072781770239,85.24823632783361,22.505782674242425,900.0,160.0,407.27588383838383,1.3586033074955537,25.0,20.0
e54f0cb7-35b9-47d5-9671-1259c04dbb68,147.11087287182445,66.29968156308385,636.6633781183931,314.2865901827149,0.11946685022912458,0.01579494367751473,0.6137660620571022,0.014070453260373967,0.16418155958315575,66.29967999551424,25.011565351010102,900.0,320.0,271.51725589225595,1.3586033074955537,,
e5603dce-b5d3-4b55-9585-858861920299,69.71071957425109,58.57118748320506,102.78929370726692,8.904329522409874,0.16878044436421502,0.010426474435027358,0.4865276317687289,0.01562887259715365,0.2581104884810272,58.57118756387935,25.011565351010102,900.0,70.0,407.27588383838383,0.10036192065991252,30.0,20.0
e5625ae7-24ef-4522-b40d-e7061803b6f8,173.3308385122063,75.20620538348035,739.7961088569822,378.4481809480576,0.11716448659928452,0.015709426998832075,0.6199845896250105,0.01622898945263502,0.15598347803750418,75.20620789855722,25.011565351010102,400.0,320.0,407.27588383838383,1.3586033074955537,,
e5a2a8d6-150c-4215-9553-a03a56e72ba7,181.6790205967093,95.17142395004137,632.9552714828876,314.934891883621,0.18498596487436872,0.022021415279019366,0.5785080297473799,0.019995682286172243,0.22095636714583874,95.17142016854024,22.517348022727273,1200.0,320.0,678.7931397306396,0.8028953652793002,,
e5cae13a-5b0c-4ea6-a0a5-c6677944fb5c,44.41782564912176,48.13275887017279,45.87049777353115,-20.961037408050963,0.3198637888356482,0.01644354025958544,0.44303722139888463,0.013431739567529516,0.4430782328188927,48.13275850779834,20.0115655155724,650.0,110.0,271.51725589225595,0.04796556947260091,25.0,15.0
e5ed437c-8712-4ec0-b2fc-561d97d7f477,41.16350201453422,53.78091739926152,40.96381905908736,-24.44063468809014,0.16618555554187708,0.018661288069707495,0.5567428443834176,0.012633675451197802,0.278932991769652,53.780914151185065,22.505782674242425,900.0,50.0,814.5517676767677,0.04796556947260091,25.0,20.0
e60c24cc-8c07-41d6-81c9-b0bcafd5ccde,191.09448057270225,102.66999328406243,697.856859752179,356.788771722322,0.17903996238494319,0.021765458555850166,0.5748999722162562,0.020278034975671825,0.25811869842375557,102.66999392254196,25.011565351010102,900.0,400.0,678.7931397306396,0.8028953652793002,,
e60d66e3-b2ba-4c22-b83e-a7f585a141db,150.63482012261355,88.60114123059275,456.80152557773243,206.2266979236978,0.27389326210237785,0.04035944796634049,0.5209242356917297,0.019168781121645537,0.37904594019515553,88.60114041088471,22.505782674242425,650.0,400.0,407.27588383838383,0.3837245557808073,,
e60fa8a0-2520-4dac-88fd-247645796fda,138.86919609758087,57.135403340738186,714.8697386330991,349.21694975216354,0.11769911196875002,0.012006385469327653,0.6950623185951493,0.01349200009079251,0.14804200174885188,57.135404682630494,20.0115655155724,900.0,400.0,271.51725589225595,2.0078392033182246,,
e61168ba-b538-4441-9ee9-17b14fb536fb,96.70659557899616,62.32495619381514,179.5645331223602,49.62393840975237,0.20672057620396672,0.006734261564762206,0.4850402089993161,0.01716277573617117,0.23462734041915315,62.3249542567225,20.0115655155724,650.0,90.0,407.27588383838383,0.16982541343694404,25.0,15.0
e6446f24-de30-4e75-8da1-ae8a220cd2a6,132.25871096146795,71.65046430241058,418.5421166553674,182.61569660072382,0.2808950803219697,0.04095426577544192,0.5166069366271149,0.01727714220470058,0.37382842853952125,71.6504657500458,22.505782674242425,400.0,400.0,271.51725589225595,0.3837245557808073,,
e6ceed99-f69d-4076-bf4f-983d004c5904,131.78474011135054,69.39741768022314,271.2427358448227,102.03274812762446,0.09876733801916035,0.0052490810147411615,0.5242630883139732,0.019351403536024006,0.1109460093501227,69.39741541643518,25.011565351010102,650.0,50.0,407.27588383838383,0.2509799004147781,30.0,20.0
e6d805a9-e428-4b4b-8fad-1e5df9633f08,45.361509483647225,50.27371201422599,48.07623012766232,-19.14509626577441,0.21198960538352274,0.01845179467476852,0.5488319962321129,0.013423336206550692,0.33799274656554434,50.27371179205473,22.505782674242425,400.0,70.0,407.27588383838383,0.04796556947260091,25.0,20.0
e6ec0bb0-067b-426b-b05f-16c16906032d,159.2899507956847,66.25122894852734,661.8806286303403,331.1253045984144,0.10333999553111321,0.015618733133848903,0.6003091418809343,0.014791536991305417,0.12485905674908598,66.25122796614755,25.011565351010102,900.0,240.0,271.51725589225595,1.3586033074955537,30.0,20.0
e6ffc8f2-882e-4b8c-a417-8db006f18d27,195.82463402412264,86.86955652232618,664.3032610949855,330.7420704900101,0.16877390756487795,0.02206801342896675,0.5690978023520623,0.020088895505425555,0.1673975481946077,86.86955610781688,22.517348022727273,1200.0,240.0,407.27588383838383,0.8028953652793002,30.0,15.0
e704a2d9-b49e-45ed-b10b-5095c556bec9,109.09798159475599,62.24951745079581,239.03221899631504,81.77888689925433,0.19859855159801137,0.004766475952093855,0.49703204552604163,0.017781308559657583,0.185338266566115,62.24951514784314,22.517348022727273,1200.0,90.0,678.7931397306396,0.2509799004147781,30.0,15.0
e735d578-418a-4d0c-ac7c-25f539414dcc,222.64460750894037,92.93833775503933,1015.2861385711359,550.6305443356179,0.07286853046824494,0.011860094696569866,0.705024367917582,0.01962853606597409,0.08763392875312977,92.93833675523811,20.0115655155724,400.0,240.0,814.5517676767677,2.0078392033182246,25.0,15.0
e73a0967-c85a-450d-af6b-9e8ed9088a41,145.7489543449414,85.96665412465761,412.45278753423236,178.9916348289743,0.2669437245078914,0.04166905801977063,0.5357290142159408,0.01940343590950248,0.33886378034563785,85.96665624621245,20.0115655155724,650.0,320.0,407.27588383838383,0.3837245557808073,,
e74eb2cf-e3f2-43a8-a31a-308cef073b3e,142.27562272423776,68.59959340397529,291.8897381502679,113.9393860798553,0.0935185966169613,0.0052335726724642255,0.5278375982267467,0.018891380485167013,0.10690128224517652,68.5995927590987,22.505782674242425,900.0,50.0,271.51725589225595,0.2509799004147781,25.0,20.0
e7656381-0eb8-4db1-a458-b57bb0568d0e,74.32862075731434,61.19319725599163,106.36265548419199,11.900592899206911,0.12762310236752947,0.011246129722159093,0.5172217125900673,0.01577086335209352,0.20103298609900455,61.19319661269128,25.011565351010102,400.0,50.0,271.51725589225595,0.10036192065991252,30.0,20.0
e791a4f1-3cd1-42e0-a556-065f7e451ae7,129.1920418402716,66.1245902710827,273.0916723079951,105.45672499145829,0.13383466865122054,0.005292295777325337,0.5148716297295874,0.01862160919751146,0.14786947180024224,66.12458993409159,25.011565351010102,400.0,70.0,271.51725589225595,0.2509799004147781,30.0,20.0
e7a4ff01-e26a-43b7-81e7-8f362fb87d10,256.4608964868289,106.2266279053248,1157.2804435049086,657.420236604026,0.0580083838084596,0.011525307883964647,0.688966749537984,0.02069264190660398,0.08353579892960979,106.22662842930986,22.505782674242425,1200.0,240.0,814.5517676767677,2.0078392033182246,25.0,20.0
e7a58522-182b-44ee-a933-69363115409f,69.07696050173,58.027087160856226,102.66549284764635,8.623564848554045,0.16855356556386786,0.010416642290814394,0.4860864312186448,0.015590469715225245,0.25744540737127974,58.02708842170941,25.011565351010102,900.0,70.0,678.7931397306396,0.10036192065991252,30.0,20.0
e7d6fe4d-f592-4dcf-b36b-3e23ca4ade21,77.1199994525482,60.09103283888805,112.32894003573128,14.371964268587039,0.12242343197106481,0.011138928974010942,0.5152169671082703,0.015527727299025509,0.19575072216707293,60.091031785379855,22.505782674242425,650.0,50.0,271.51725589225595,0.10036192065991252,25.0,20.0
e80194a1-c049-4629-9afc-34e73057353d,146.10682874346335,91.19359900708626,438.5942385130368,198.0226243470527,0.30002007130197805,0.03876558201226851,0.4985922567159195,0.019210708417447937,0.38605391391975674,91.19359988045606,22.505782674242425,900.0,400.0,814.5517676767677,0.3837245557808073,,
e82cb08e-3001-40c6-afdd-42377eeb6483,202.42063255611455,75.83851485956674,922.2757932023491,491.35723102214524,0.04211458697729377,0.011995475921959174,0.6910765782135417,0.015838986381913753,0.06019978318727593,75.83851464919337,22.505782674242425,650.0,160.0,407.27588383838383,2.0078392033182246,25.0,20.0
e83d5951-5af9-4d55-bc46-3cfb3a8b24af,200.876617803823,83.90411795553298,817.4582271076102,430.39112325596574,0.09496222782818813,0.01567300354138258,0.6189457159762732,0.018356463354941125,0.11823348460945533,83.90411440980435,25.011565351010102,900.0,240.0,407.27588383838383,1.3586033074955537,30.0,20.0
e86481e8-f4e4-45f9-a050-8f10ec1d5dbc,95.99768719964197,60.77327836887828,190.5818431093374,56.2435076266366,0.2112410195412984,0.006502344306986532,0.4761272061705071,0.01747186111195716,0.2634620648976359,60.77327517205586,22.505782674242425,1200.0,110.0,814.5517676767677,0.16982541343694404,25.0,20.0
e8c14bfa-54f6-4af0-91b1-e2791a56b2f1,100.56162755594688,64.1322067242328,183.7528511947222,52.04738260556358,0.20778312186405723,0.006648361185058922,0.4843813715842276,0.017489280512354037,0.23363307418572418,64.13220706285325,20.0115655155724,1200.0,90.0,271.51725589225595,0.16982541343694404,25.0,15.0
e8c689af-28d6-4443-b039-d319d5793332,208.19117736567208,92.04641055221914,790.326118422544,417.61361083316666,0.07748018664304504,0.015722066159690656,0.6328382764019045,0.020145790259590544,0.08322901761736225,92.04641100665152,22.517348022727273,1200.0,160.0,814.5517676767677,1.3586033074955537,30.0,15.0
e8cc314a-3776-499f-a8cf-0d0e68052f2e,121.81856598361136,64.10709817590879,251.98967090358087,89.48140878118332,0.10926619218108165,0.0052896541211910775,0.5243889086136363,0.017553553474197306,0.11266814332300877,64.10709765017154,20.0115655155724,400.0,50.0,814.5517676767677,0.2509799004147781,25.0,15.0
e8cebe80-2d22-4050-a1c7-3d208307e4e3,131.48267129328627,61.89120232182934,343.0803809471897,141.78028382134355,0.2653018927210227,0.03790332383229167,0.46467311604787453,0.01726961772050796,0.19797683946954722,61.89120320898327,20.0115655155724,900.0,160.0,678.7931397306396,0.3837245557808073,25.0,15.0
e96b9ea8-0cb5-460d-b919-affc458c60a3,189.97796274051333,74.67853922838464,789.1609770714485,403.5603427420551,0.0883030005386574,0.01655441108742635,0.6583154156681922,0.016275284482644134,0.11698832926903442,74.67853776609759,22.505782674242425,400.0,240.0,407.27588383838383,1.3586033074955537,25.0,20.0
e990a8c1-1134-42e5-96c6-ec61e4be4ce1,67.59927158176833,56.807698995378395,102.58299641565296,8.190641849623303,0.2813499816709807,0.009271524774410773,0.4472463001926557,0.015509165435532915,0.3508352336332015,56.80769851620167,22.517348022727273,900.0,110.0,814.5517676767677,0.10036192065991252,30.0,15.0
e9c028f2-1dc4-48f3-8493-fc6bad91c025,144.15871398502622,64.23589886046305,369.92888460416833,157.53685901814015,0.279650884785564,0.037964815217624154,0.4648135583561974,0.018280319140625875,0.1950669504411786,64.23589925826461,22.517348022727273,650.0,160.0,271.51725589225595,0.3837245557808073,30.0,15.0
e9c3ad43-d8b0-4006-94cc-4e6db7175bde,124.51632390074714,75.35070564864358,350.46539345417784,147.29129302755797,0.29453415689730633,0.03802248850229377,0.4783055684100694,0.0178476747463138,0.3452223682826347,75.35070604446084,22.517348022727273,650.0,320.0,814.5517676767677,0.3837245557808073,,
e9d9a8bd-4e2c-41bd-b218-6fbd70f0763d,97.66079228239457,62.43653434580021,173.12549972241035,45.18677956749551,0.12093457081301556,0.007326373168118687,0.5136707665554504,0.016971825503059094,0.1475057853214519,62.43653001032604,20.0115655155724,650.0,50.0,678.7931397306396,0.16982541343694404,25.0,15.0
ea076502-8abe-45bb-927f-2b8084e2122a,45.18322980519278,52.38350920816862,43.81696145092558,-21.707727978593745,0.3321630144720118,0.01563194443330177,0.43236150321012207,0.013597207570414818,0.45309626019447835,52.383509694601415,22.517348022727273,650.0,110.0,814.5517676767677,0.04796556947260091,30.0,15.0
ea0c5d52-ca01-4463-9d1d-8a9fbe135586,205.2500069430109,88.31051496762518,995.3730970627747,534.7882055649837,0.1088905054154356,0.011574397589972644,0.6898855434192236,0.01903579095318137,0.13747981457404,88.31051700788541,20.0115655155724,400.0,400.0,814.5517676767677,2.0078392033182246,,
ea47afcd-8dbb-4708-9600-6d025cb366e0,150.33037711511963,99.51413100017508,425.77607531031595,187.52000619620745,0.31832663874779044,0.03920028620835438,0.5069303712994002,0.020505705268118606,0.40243511012774785,99.51412896383125,20.0115655155724,1200.0,400.0,407.27588383838383,0.3837245557808073,,
ea553348-0c55-4289-81a2-58d560555d48,130.30268716073456,67.01567319178142,352.20729443930725,148.28313166094856,0.3460969964089857,0.03581066399698021,0.45073080286120576,0.018147671586318855,0.27262891170898984,67.0156728506512,22.517348022727273,1200.0,240.0,407.27588383838383,0.3837245557808073,30.0,15.0
eaa25b9c-696b-4814-952c-bc059c4e533c,121.2227336611323,60.96774967269859,337.4055840302821,140.07856991960733,0.35639545591724536,0.035588294090845955,0.44349963357901945,0.01719804372600021,0.27347234122935044,60.96775232045254,22.517348022727273,400.0,240.0,814.5517676767677,0.3837245557808073,30.0,15.0
eaebff86-ee69-402e-8476-446119ea3a94,137.16839139402657,65.30778271690562,381.0210455995107,160.90281572523563,0.34985967872527357,0.036111406370180975,0.4523136874251368,0.018018094131901922,0.26467923508814223,65.30778248789682,20.0115655155724,900.0,240.0,271.51725589225595,0.3837245557808073,25.0,15.0
eb07a4e4-df01-4db7-bb6a-2ec4ffa0322e,215.23991841503576,104.36522653554503,917.4392729627262,494.7998954873073,0.12905007104545455,0.014963292556607742,0.6010928870654566,0.020750874186663347,0.1830426278103012,104.36522672959055,25.011565351010102,650.0,400.0,678.7931397306396,1.3586033074955537,,
eb75bbf2-8437-42cd-a1b0-80652433237b,37.90317464973745,50.90959979141489,34.833626622985,-27.127671515906126,0.21451367003019783,0.01696976633354377,0.5091274615024202,0.011889001441318603,0.3548841555665141,50.9096001461971,25.011565351010102,1200.0,70.0,678.7931397306396,0.04796556947260091,30.0,20.0
eba34e21-265c-4953-bc53-49f7f259def9,73.54181276332811,57.652518736747794,106.23907609481522,10.260721710229502,0.13961833742108587,0.01134694344140362,0.5141752023241792,0.01519107974237892,0.1978931233047734,57.65251911896227,20.0115655155724,400.0,50.0,271.51725589225595,0.10036192065991252,25.0,15.0
ebdedf18-c8e7-4c7d-9763-24ace789f4fd,175.3602915218568,73.12547021020254,845.7148121418331,434.43487402174316,0.08836940498277568,0.012010860091656144,0.702746308178409,0.016021117360986277,0.11817654152292967,73.12547396256036,20.0115655155724,650.0,320.0,407.27588383838383,2.0078392033182246,,
ebea53ce-d6e8-4748-8bb7-aac7dd936f16,169.81194278875654,82.16190812707376,638.4524763483415,312.5143061753779,0.21142051546196336,0.02247522176294192,0.5879884134795139,0.018594201705408254,0.25595195796933473,82.16190709411856,22.517348022727273,1200.0,400.0,271.51725589225595,0.8028953652793002,,
ec1fdd88-9ad5-4348-bf9f-bfb8365a2b2a,202.28782139872203,91.85652634831037,875.9058353866534,453.590713941062,0.13910329310518732,0.016285250325787037,0.6772586596662563,0.020090089155306447,0.18086164607569807,91.85652521248862,20.0115655155724,400.0,400.0,678.7931397306396,1.3586033074955537,,
ec23f5b2-d351-4222-9c62-eae41bf9588a,71.4055139033125,57.55808350380862,107.26797397404226,10.441856201416861,0.22946492499084595,0.009892359795833333,0.46625038151010106,0.01545509315236195,0.3045057674535457,57.55808389747406,20.0115655155724,900.0,90.0,407.27588383838383,0.10036192065991252,25.0,15.0
ec3c3d52-8ed3-44d5-b4b5-7571d3024551,241.9504622817194,95.14352019842839,929.4557649956855,504.9225999086504,0.06149749523505892,0.01615250799756944,0.6629068803430872,0.020464320729862498,0.07702318565898768,95.14352081762864,22.505782674242425,1200.0,160.0,678.7931397306396,1.3586033074955537,25.0,20.0
ec4a5817-217e-4554-ae22-d1c2114494c8,46.347702519989355,51.08401332055442,47.524836645661374,-19.40843023222717,0.2902664752538931,0.01647642574121423,0.46158259499863213,0.013391739986439088,0.4458013001804522,51.084011270652184,22.505782674242425,650.0,110.0,678.7931397306396,0.04796556947260091,25.0,20.0
ec8d7e35-f719-4c1e-907c-9a222b60cf7b,132.63030662053205,81.34287697198678,371.3897567661492,157.3585174281324,0.2711196516055345,0.04051223654491793,0.5172900260960753,0.018273766281536135,0.34446159921944086,81.34287909755541,20.0115655155724,1200.0,320.0,678.7931397306396,0.3837245557808073,,
ecbcda85-f69d-4612-9c60-75c4084a48b0,146.82709837673943,66.34496425194877,416.5966599295749,184.45994439722276,0.3182191522042823,0.036703060886668776,0.45770825961406775,0.018492039080118188,0.2557360423876301,66.34496536657798,22.505782674242425,900.0,240.0,271.51725589225595,0.3837245557808073,25.0,20.0
ecc07615-d346-4265-ab2a-b7272ddf409e,70.6290134178133,59.04153452729742,100.50753503902195,7.737700395510824,0.12648543513752109,0.010891180087310603,0.5068299188153409,0.015507512621984246,0.20055520610920374,59.04153419049446,25.011565351010102,1200.0,50.0,271.51725589225595,0.10036192065991252,30.0,20.0
ecc21f5f-f542-4f9c-ac39-b8b95c7b0c3b,195.9707856798491,99.64912049292238,715.433834828103,361.49881368325623,0.17896768651352063,0.02260554568626894,0.5977360067722328,0.021149234114080227,0.25427875256045374,99.64911916065905,22.517348022727273,1200.0,400.0,407.27588383838383,0.8028953652793002,,
ed01dd00-a3a4-4a08-a7a9-0ba94ab503f9,141.23146275349916,91.73441498201667,399.05719692343473,175.16539972631995,0.30449051332880883,0.03855140021318393,0.4968057655299874,0.01975317823143526,0.40165675909158266,91.73441663979897,22.517348022727273,900.0,400.0,407.27588383838383,0.3837245557808073,,
ed0f41da-3a12-4059-8b3b-10623cac8dda,235.94606608809042,113.84432452876072,935.1236167866956,499.2756386113023,0.09880954568611111,0.016394813566666663,0.680048511152641,0.022637012726330525,0.12023722978464209,113.8443266726793,20.0115655155724,1200.0,240.0,814.5517676767677,1.3586033074955537,25.0,15.0
ed1abe36-7d10-4841-b169-8a246675e0a4,237.591078252147,96.29339500055373,1042.9267738030949,586.9697070547633,0.04490029370139941,0.011256445668160774,0.6501731219166456,0.019924608435164474,0.059127237382828914,96.29339540029505,25.011565351010102,1200.0,160.0,678.7931397306396,2.0078392033182246,30.0,20.0
ed20bc46-9b90-4a97-85f4-a68f40c72fb9,221.70510054862876,96.20900724659165,844.508393943206,446.73131369631227,0.07404327754076177,0.016061545757670454,0.6465498366185184,0.020746473814845137,0.08285737333996375,96.20900560951753,22.517348022727273,650.0,160.0,678.7931397306396,1.3586033074955537,30.0,15.0
ed22c9fd-df6e-441a-bec3-15e3a8267dd3,66.39928997015664,56.26900719319444,97.74558079916828,5.323404540207355,0.12515577000531353,0.010898158380313553,0.5048528604305554,0.015153417841249274,0.1993232424571513,56.26900811742171,25.011565351010102,1200.0,50.0,678.7931397306396,0.10036192065991252,30.0,20.0
ed308ac6-fcdf-41a8-81f3-ee18415274bf,130.02222772398144,65.32466075438346,274.26983557117154,103.10905525357235,0.0928899827419192,0.005213855635058923,0.5259703707891414,0.018247479896540856,0.10805743417799878,65.32466171065056,22.505782674242425,650.0,50.0,678.7931397306396,0.2509799004147781,25.0,20.0
ed521c0b-059a-457b-9a8f-3ee1e18e5add,230.49732585862932,95.03476740008541,888.0390797320053,480.301645810225,0.06733544640268307,0.015626108912584178,0.6241416840227272,0.020864575565299835,0.07958879251386504,95.03476414623562,25.011565351010102,900.0,160.0,678.7931397306396,1.3586033074955537,30.0,20.0
eda31c55-3a5d-4248-806c-cda85e5124d3,95.06754124102366,61.8836810306481,177.753256099869,48.070588020356524,0.20656602410200967,0.006703475216024832,0.4845293020614478,0.0171399117662399,0.23466760971128942,61.88368197583358,20.0115655155724,650.0,90.0,814.5517676767677,0.16982541343694404,25.0,15.0
edaaae5f-622f-4923-95b3-69f7568c5345,135.03271228550298,71.21040190243099,289.3295906221271,113.88032599255557,0.1723499958109217,0.004868594853556398,0.5024303126178451,0.020026065565372113,0.17956831209985955,71.2104031445626,25.011565351010102,1200.0,90.0,271.51725589225595,0.2509799004147781,30.0,20.0
ee0ad116-ab88-4496-99d0-3354017004f3,67.7497278049168,57.4170076398684,96.55338958695698,4.9729166182482185,0.19190498955176769,0.010233377874663298,0.4813787553583754,0.015060105116766247,0.2606851042527147,57.41700544069721,22.517348022727273,1200.0,70.0,271.51725589225595,0.10036192065991252,30.0,15.0
eea915d4-5ccf-4692-ae4c-9c091ac2c965,221.58668541859322,103.46338424225627,1055.6882794551107,579.0283681769554,0.11085300778652146,0.011426482534296086,0.6858427541564183,0.02063867379530239,0.13994586006587637,103.46338214188187,20.0115655155724,650.0,400.0,814.5517676767677,2.0078392033182246,,
eeaa9bb3-4dc4-48dd-a380-69d9df149fee,191.3730783611066,77.63728042344674,624.2535283165049,314.63806240755804,0.1159616120293245,0.021986417004955808,0.5499156735649305,0.018931822932440473,0.11723607044705119,77.6372789250942,25.011565351010102,400.0,160.0,678.7931397306396,0.8028953652793002,30.0,20.0
eec52922-aff1-41cc-9c59-45aaf73b6211,69.8966653047274,58.83964782439506,101.3703233682123,7.6851829869464465,0.19306670280113636,0.010336517885490316,0.4842622225253577,0.01547110996681603,0.2598559734779345,58.83964642941984,22.517348022727273,650.0,70.0,407.27588383838383,0.10036192065991252,30.0,15.0
eec54ea5-f2be-4751-9eab-4ee53e1716fc,195.29845615810257,96.0589381992067,728.8463335361062,365.0352020417299,0.2070211004710122,0.023292019477314813,0.630318331759859,0.021143715334768234,0.25040104694002147,96.05893830518374,20.0115655155724,900.0,400.0,407.27588383838383,0.8028953652793002,,
eec7cad2-7bb9-4c3c-9282-65d61bd22cdf,135.0014758768912,69.95243237764055,283.3165717027998,110.54235141742772,0.13570608378200755,0.005134557007091751,0.514224048486269,0.019565164299533432,0.1469105428118929,69.9524305487586,25.011565351010102,650.0,70.0,271.51725589225595,0.2509799004147781,30.0,20.0
eedf0604-d066-4f6b-af96-814c13caf407,164.94319208439669,71.84264982188107,708.6220388582811,347.09693788127794,0.11897166613847854,0.016991884689898987,0.6865019337552294,0.016204800614611208,0.158065058029849,71.84264962686882,20.0115655155724,650.0,320.0,271.51725589225595,1.3586033074955537,,
eef37fe5-35ce-4506-9e42-b98a56e70c02,186.78547460509083,93.24285142343335,699.5405384181734,356.00052053434234,0.18071653349715908,0.02193707853098695,0.5709302346309868,0.01965389419898848,0.2524784303432534,93.24285136077388,25.011565351010102,400.0,400.0,678.7931397306396,0.8028953652793002,,
eefb3a22-5c55-4f00-bc7c-69662cb521c5,127.93076056030495,62.5592308238849,331.12722704582205,135.65535673705443,0.2756766945868055,0.03757790443835227,0.4625586808359006,0.01756779570364962,0.20092873278295464,62.55923173550369,22.517348022727273,900.0,160.0,678.7931397306396,0.3837245557808073,30.0,15.0
ef1d9630-53bd-4870-a867-1490db293367,95.8764078856999,63.46763108167713,173.16541122119602,46.54939313851982,0.1732898432192235,0.007107484106365741,0.4983440130976431,0.01730153427974522,0.196900899943529,63.46763253506795,22.517348022727273,400.0,70.0,814.5517676767677,0.16982541343694404,30.0,15.0
ef3d7792-f771-40c3-a863-fd9b90ab0ce8,118.18987726614611,74.98031502025881,326.9227307905463,133.3565261475499,0.2715649658017677,0.03883737735810185,0.49003190499816923,0.017115875866377264,0.35125403214919776,74.98031810956704,22.517348022727273,1200.0,320.0,814.5517676767677,0.3837245557808073,,
ef708a42-4c5a-4c4e-90f0-675bec1b455e,168.52231414179764,66.65766547519478,671.177177659096,329.57188500737277,0.09127157444093013,0.01649174772976641,0.6462095002553873,0.015562575443865634,0.0860908116871319,66.65766505248047,20.0115655155724,900.0,160.0,271.51725589225595,1.3586033074955537,25.0,15.0
ef9283df-4767-44fc-9817-0d75dbfd873f,220.04901803719346,102.27330840874227,1053.49062400719,574.6707790814203,0.12034062941580388,0.011441927494462333,0.6889883496813973,0.020416672927354666,0.14022081606772172,102.27330899169871,20.0115655155724,900.0,400.0,678.7931397306396,2.0078392033182246,,
efc0f595-0bdf-465b-8844-afff49b60f38,95.94793642457935,63.554673552730414,167.7925508898734,42.709583406073136,0.12689334204580177,0.007323339379661196,0.5123801471606693,0.01722661656755868,0.14990245256252516,63.55467395206647,22.517348022727273,650.0,50.0,407.27588383838383,0.16982541343694404,30.0,15.0
efcbec6f-e4e8-403b-a076-42884d4c9fa8,67.60694468412962,56.78018183022181,102.42078387674339,8.17209326070463,0.2814281733464856,0.009278764363141836,0.44710859487620996,0.015497228236036945,0.35097510805948223,56.78018258914409,22.517348022727273,900.0,110.0,678.7931397306396,0.10036192065991252,30.0,15.0
effac7b3-0cd6-46ee-9fbd-1a87433f4ab1,105.46729076359706,44.413684623062196,521.0023865349766,247.09501720902338,0.08210251840461913,0.011533458004271885,0.6253135688563551,0.009763103232977655,0.10445916879856632,44.413687225521336,25.011565351010102,400.0,240.0,271.51725589225595,2.0078392033182246,30.0,20.0
effd9383-eeec-42d4-9f41-ef2024eb19c7,154.4434720709373,68.29501012284594,398.25814950050005,176.71807257769908,0.24179960844181395,0.038398763924568605,0.4674093957807766,0.019468599196207702,0.19147726585291955,68.29500996679909,25.011565351010102,900.0,160.0,271.51725589225595,0.3837245557808073,30.0,20.0
f03ff524-941f-47ae-9d95-967495553803,140.29074582103445,68.79232316140477,296.6246665182562,116.69426356788892,0.12884607584546506,0.005019510852178031,0.5162357195419824,0.019102401709208964,0.14223059428014317,68.79232323510116,22.505782674242425,1200.0,70.0,271.51725589225595,0.2509799004147781,25.0,20.0
f05c4d5a-bb19-4552-8027-3753f28437f2,43.564456054234554,55.91084880941075,43.516578069113464,-23.26043332231199,0.1880014507828283,0.018799176532933507,0.5420953845228323,0.01361712839422626,0.2789760088075562,55.910848252463616,20.0115655155724,650.0,50.0,814.5517676767677,0.04796556947260091,25.0,15.0
f06de8b7-3484-4bd8-9c42-ba070761366e,70.20828787230839,58.31183236446284,106.27023347921991,10.817689201711621,0.28322490109932663,0.009331809064351852,0.4486334429592277,0.01582513114629859,0.35060714220515926,58.31183511763114,22.517348022727273,650.0,110.0,678.7931397306396,0.10036192065991252,30.0,15.0
f073a568-4328-4c90-8e73-9ab6a54bb8de,74.05580729811294,58.72114906013388,106.97993491518307,10.583333163322532,0.1400425769362374,0.01124142412042298,0.5124378761636152,0.015400135954136671,0.198224368973428,58.72114893619342,20.0115655155724,400.0,50.0,678.7931397306396,0.10036192065991252,25.0,15.0
f0957009-f52e-466b-b05e-fab7cdea138c,73.01763585160978,54.67921101259623,112.6611082370935,15.580224667386839,0.1983336795763889,0.010553797206797139,0.4801832404780092,0.014986350341923796,0.2985057678232239,54.67921113618358,22.505782674242425,400.0,90.0,271.51725589225595,0.10036192065991252,25.0,20.0
f0999d7f-c108-4e50-a2d3-d3c9fc6387a1,91.03315401428455,61.19081728204638,179.03593145976043,49.77193900272548,0.22034204387347434,0.0065099247763362785,0.4721348078939394,0.017880932908245762,0.2694505846304804,61.19082045326577,25.011565351010102,1200.0,110.0,814.5517676767677,0.16982541343694404,30.0,20.0
f09fd41e-2217-4021-8cfc-5c9a8d3576ae,134.28276909485615,58.68419083848261,692.8916903711036,346.6563841729933,0.11154608746783458,0.011225746675652355,0.6247152977606798,0.012499110776762313,0.152482495094206,58.68419129638583,25.011565351010102,900.0,400.0,271.51725589225595,2.0078392033182246,,
f0cda64a-8dbb-43d2-a443-5897e79da9a5,95.89483792588285,63.3828369050674,173.0126788503449,46.55296879274646,0.17318082732628368,0.00711417477287458,0.49869653168886785,0.017285230722764652,0.19692532280392683,63.382835909026916,22.517348022727273,400.0,70.0,678.7931397306396,0.16982541343694404,30.0,15.0
f0ce7209-37bb-45d1-b545-21d45f7969c5,119.53565901515483,65.76424843456252,246.43004667867254,86.76501548092591,0.11571712849460229,0.005280533515467171,0.5226468423708964,0.01794710879698556,0.11446723757231976,65.7642484181844,22.517348022727273,400.0,50.0,814.5517676767677,0.2509799004147781,30.0,15.0
f10fdb12-85aa-4534-8ee9-8140d9729269,236.3553527174435,99.79554311035969,1112.0545772977434,621.9057778464911,0.07865357791597222,0.01139514189882155,0.6740945995830282,0.019487139229705727,0.11008180458385346,99.79554497851832,22.505782674242425,900.0,320.0,678.7931397306396,2.0078392033182246,,
f16a6352-3e28-4d47-b318-15a280464270,126.67415574401464,54.183224885051686,635.7570932172237,313.30752894207006,0.08891508301778199,0.011489481005429293,0.6347821901461805,0.01156456667052546,0.1283441663099366,54.183224356765855,25.011565351010102,650.0,320.0,271.51725589225595,2.0078392033182246,,
f1cf31c9-3260-42c5-bedb-de4f6e36ab3f,122.92189479336533,63.92081522005737,276.95607101742826,104.4493173262673,0.1612078325180766,0.004814131750841751,0.5033555802509996,0.018370225191527034,0.1760361423360207,63.92081672016503,22.505782674242425,1200.0,90.0,678.7931397306396,0.2509799004147781,25.0,20.0
f1e82d1a-5a10-4262-8a0c-9aad1ffb0f3a,236.09971096312557,90.35629854006773,920.1332605033131,495.5995287446168,0.073787680765383,0.01599115153700547,0.6442696726537248,0.019875866408666776,0.07714423484290318,90.35629882209035,22.505782674242425,400.0,160.0,814.5517676767677,1.3586033074955537,25.0,20.0
f22d0fd2-5dab-4bf8-bc80-cb1f43039ab6,134.56426105932275,68.447879806943,370.96744054652515,156.82551289651835,0.34918549515393527,0.03650147842465278,0.45928093766583544,0.017909913039636186,0.2713317089774597,68.44788033475486,20.0115655155724,650.0,240.0,407.27588383838383,0.3837245557808073,25.0,15.0
f2a0df32-3830-438e-90fe-0c8118a39134,191.58316654234795,104.09239022843269,670.3546407963127,335.0653032298218,0.18358175672558924,0.023028636823684764,0.6171561260641204,0.020667379748032805,0.2227723470301267,104.09239075366132,20.0115655155724,1200.0,320.0,814.5517676767677,0.8028953652793002,,
f2bbe09d-1b0b-4d68-a041-4d6d177403b0,129.7007171128798,64.95389304486592,272.1359095969168,102.6516829801439,0.09305642905872263,0.005331126701357324,0.5275979580486111,0.017909367753450593,0.10918252954516706,64.95389641395391,22.505782674242425,400.0,50.0,814.5517676767677,0.2509799004147781,25.0,20.0
f2ed6119-3543-4c82-87bb-b47797967b8d,45.9973627739235,53.33173420711075,48.7759355298645,-19.149167287909453,0.16770351731607744,0.0194306101489899,0.5899377775340909,0.013712514682261756,0.27088254827460784,53.33173443118173,22.505782674242425,400.0,50.0,271.51725589225595,0.04796556947260091,25.0,20.0
f3120aeb-6801-4f61-9847-6e0fab3634f9,237.3696334231697,109.77435713899322,1018.2279133544411,555.1267984414707,0.11937226207228534,0.015589974810258842,0.6462307520047453,0.021678416028007047,0.17432942525159342,109.77436122751524,22.505782674242425,900.0,400.0,814.5517676767677,1.3586033074955537,,
f31dc26f-4fd4-434e-8c28-851f9415ddf2,191.2288921002156,102.5528208483677,700.9837429857681,358.7393453778338,0.1828221090724958,0.02162514085259891,0.5676004547283144,0.0203533889646912,0.2575022557213604,102.55282101196077,25.011565351010102,650.0,400.0,814.5517676767677,0.8028953652793002,,
f337ac32-89b7-440a-9c68-13fdea6e8426,40.70995875926671,53.68743873513109,39.84039679937,-25.656574814402983,0.1859162095261995,0.018636986585542928,0.5358088145854377,0.012853960789474114,0.2800168329815758,53.687439394424594,20.0115655155724,1200.0,50.0,407.27588383838383,0.04796556947260091,25.0,15.0
f348bd69-51c8-4a5e-9c4c-ab28bb6d403e,43.746087081959026,51.591985879499994,41.361193656727444,-23.25445074765457,0.3314912019671717,0.015473744333396464,0.4290072006931818,0.013201257415608325,0.455002021460098,51.591987103370506,22.517348022727273,900.0,110.0,407.27588383838383,0.04796556947260091,30.0,15.0
f37332a2-437c-4b34-8f24-ca1472c7d216,133.17836401637192,77.45898291350221,383.01420384332187,168.58807098732782,0.2760631316423611,0.03841758790373526,0.48227798667172767,0.018206935897526005,0.3391715255823946,77.45898399442767,25.011565351010102,400.0,320.0,814.5517676767677,0.3837245557808073,,
f38222a9-a41c-4b9f-80e3-9c98cb63382d,118.10721330985514,66.63803989480657,259.4574584827156,94.73170944080476,0.24369020402551556,0.004601134230629209,0.48887015871448863,0.018542473940478477,0.21663549885108324,66.63804031711975,22.517348022727273,650.0,110.0,407.27588383838383,0.2509799004147781,30.0,15.0
f3a74c68-289a-46e6-930d-c5f2348ed77c,216.26060845941745,92.09090979322912,1017.0014955541811,550.9976300889144,0.0938553743441814,0.011724808484595959,0.7006130162042297,0.019630978843995107,0.11313040214625869,92.0909095945047,20.0115655155724,650.0,320.0,678.7931397306396,2.0078392033182246,,
f3dc71e5-bff5-44a7-b000-cf9d46daad69,157.26193028032725,65.69832028849534,756.5772163564649,376.5648805140916,0.06847092605676558,0.012428837170444023,0.7163160779525254,0.014342075798921624,0.09552788909784454,65.69832211536655,20.0115655155724,1200.0,240.0,271.51725589225595,2.0078392033182246,25.0,15.0
f412eb48-3cb0-481d-bdf3-b9dbe780b60c,200.8982999417209,83.61660162591907,934.3670451762335,504.91160218652453,0.07004855158986742,0.011255112157596801,0.6399775102755682,0.017123807353462403,0.09002949010719878,83.61660369000072,25.011565351010102,1200.0,240.0,407.27588383838383,2.0078392033182246,30.0,20.0
f4342ba6-87e6-4b00-bf91-82914484f734,44.15410559554691,50.15436241848491,44.64865217216422,-20.856751509729275,0.2868082586772938,0.016918277366424664,0.4758281413215488,0.01360989562291238,0.40013378565169705,50.15436186260891,22.517348022727273,400.0,90.0,678.7931397306396,0.04796556947260091,30.0,15.0
f44e7eb7-9b01-4a98-a9e2-89e5a364bcca,42.19679286604299,45.84335998076051,43.39724707744072,-21.20899696695862,0.3243213299791667,0.016285738468045038,0.4497347100381945,0.013221682727012475,0.44330998930199955,45.84336030120798,22.517348022727273,400.0,110.0,271.51725589225595,0.04796556947260091,30.0,15.0
f49bd374-611d-4f6d-aed9-4fc7a543b5f3,68.18106790329843,55.800449221702074,102.99015068034714,7.826229333935995,0.22788142393560606,0.009809637137205389,0.463779479018203,0.015107232555280344,0.30474449184018426,55.80044997604232,20.0115655155724,1200.0,90.0,814.5517676767677,0.10036192065991252,25.0,15.0
f4addc5c-3aac-4eeb-821b-fcf5abf92e25,121.88675058104283,66.73589070032652,272.3548366586697,104.54003176391787,0.20503757390688132,0.00484538871685606,0.4929196440980113,0.018813841391607904,0.21437619195935917,66.73589137550047,25.011565351010102,400.0,110.0,407.27588383838383,0.2509799004147781,30.0,20.0
f5210d8b-6085-431c-884d-03ba08df8142,67.56354457297019,56.43131430906231,104.8337799093548,10.19232009115277,0.24446539755008423,0.009507623896296296,0.45125879653061873,0.0157073688162183,0.34811607074229034,56.43131306585638,25.011565351010102,1200.0,110.0,814.5517676767677,0.10036192065991252,30.0,20.0
f53d1497-1ea3-477b-89c0-f8e940e7b9a3,198.4452260695626,83.0989436261557,944.40313588109,500.847736195429,0.09897460814095117,0.011775309661637208,0.6966815148289983,0.018023061727816547,0.1148419051207778,83.09894375320248,20.0115655155724,400.0,320.0,678.7931397306396,2.0078392033182246,,
f5c39d8f-63e8-4f32-9948-1a3cd5102e8d,93.0716047189693,62.169924420930045,176.46010444993723,49.12894501386395,0.25918620584669605,0.006505501948590067,0.4716812574143518,0.01734610263641739,0.2749189003405714,62.1699248030426,22.517348022727273,400.0,110.0,814.5517676767677,0.16982541343694404,30.0,15.0
f5c620a9-1c83-4772-8964-99ddcda8c8de,122.60707576039562,62.77633733333694,278.4752954915804,107.05934606638763,0.19258297932675716,0.004880943312815657,0.4962799178651095,0.017753597287333864,0.20885659801667097,62.77633866471369,22.505782674242425,400.0,110.0,407.27588383838383,0.2509799004147781,25.0,20.0
f5d1f940-d6a3-4c67-8a03-b509b54f7921,97.86901280984614,65.14194452543852,186.25381407315672,55.35168979190372,0.2236857018114478,0.006563889640267257,0.47386261284217174,0.018247261946805364,0.2720521011430618,65.1419444886163,25.011565351010102,650.0,110.0,407.27588383838383,0.16982541343694404,30.0,20.0
f5d679a3-a637-47a0-9ed1-c4bd27b0c52e,73.34991440165926,57.5503855584593,115.40379425397809,16.26485755634054,0.2367159650094697,0.009644645300547138,0.457166753924979,0.015706301489205297,0.34172442885603155,57.55038449914348,22.505782674242425,900.0,110.0,678.7931397306396,0.10036192065991252,25.0,20.0
f5d9f0c8-49a8-4b58-8d59-bfdb9ef6dd2c,201.97991365735925,87.89739737624508,950.992966318281,512.0182041711743,0.10406042337584175,0.011187050870054715,0.6491114157148781,0.018473582019076753,0.11627505918899063,87.8973954123215,22.517348022727273,400.0,320.0,678.7931397306396,2.0078392033182246,,
f6034ce2-eac3-429d-9255-83ba6af60104,95.66373072861346,61.54802942996026,173.30588091856345,45.61297849801246,0.1643239865537142,0.006943785200326177,0.49698865373832074,0.01693109466162546,0.1933427075640658,61.5480319148775,20.0115655155724,1200.0,70.0,407.27588383838383,0.16982541343694404,25.0,15.0
f6390ecd-b180-4339-83ee-5c59237978d3,193.29121245925168,85.07995085058685,627.6088670667825,311.22759197748485,0.11964139739262418,0.023604787782954547,0.6177687543982008,0.019422509280017514,0.11946376230158007,85.0799514067878,20.0115655155724,900.0,160.0,814.5517676767677,0.8028953652793002,25.0,15.0
f648d82c-54a1-44e6-9058-9f1d1d058afc,90.3151599230344,60.466669753966954,161.94477166859699,38.67987203389925,0.1252723877274621,0.007283789509501264,0.5105393333098696,0.01682596931441384,0.14889519365046147,60.466668968384994,22.517348022727273,900.0,50.0,814.5517676767677,0.16982541343694404,30.0,15.0
f6931b56-4bff-40ed-a569-45ae610692be,125.51743664433887,61.38684821450953,326.13893655215156,132.55536291759628,0.27421469913094493,0.037535911111447814,0.4622166667702757,0.01743941448347742,0.20054754210978895,61.386845365097976,22.517348022727273,1200.0,160.0,678.7931397306396,0.3837245557808073,30.0,15.0
f6ea2ca0-1c22-4ad0-9ae1-eb5dadca9a17,73.12875303955909,58.02830823954207,107.805337317067,11.156805481521415,0.12132030812742002,0.010986449274010941,0.5110448847108586,0.015219269104460012,0.19560994274019824,58.02830835816775,22.505782674242425,900.0,50.0,678.7931397306396,0.10036192065991252,25.0,20.0
f7526b80-3bf7-47d9-85b9-f62b76c20fdf,136.24059773951828,75.61492056460962,395.3961629140583,174.935525202346,0.29358901594507575,0.0385657599738952,0.4882617328642466,0.018265456041272346,0.33385263271199367,75.61492287403692,25.011565351010102,400.0,320.0,407.27588383838383,0.3837245557808073,,
f7abd61c-69f7-4c0c-a681-830ab3b2e25a,88.9199803015295,60.460990996429565,166.66915355348223,41.83402109520335,0.21525006983375422,0.0066515449009469695,0.48123867020938554,0.017049265130558856,0.23724175131757363,60.460992620295904,22.517348022727273,900.0,90.0,814.5517676767677,0.16982541343694404,30.0,15.0
f7e15ecb-80fe-406f-8647-910c2cd319ab,235.0394012118641,94.1697063676849,1080.9178932500997,597.8694745797751,0.06168530964423401,0.011643498307081229,0.6826146344699074,0.018680781761149363,0.0849056932873324,94.16970511651807,22.505782674242425,400.0,240.0,814.5517676767677,2.0078392033182246,25.0,20.0
f7e724e6-b0a9-4f9e-b01e-5957821a37f5,75.49741144833226,57.76388176986173,113.45403047082188,15.202954629696292,0.16246854871475166,0.010845098215035773,0.49786025384606486,0.015335748468894224,0.2514517338164563,57.76388169431015,22.505782674242425,400.0,70.0,814.5517676767677,0.10036192065991252,25.0,20.0
f879ffb9-b360-4b7c-9d17-772890a0deac,221.88008453102094,97.5921969525505,1041.6891215630435,579.5791791443515,0.09392114449986322,0.010908443362478955,0.6286638106544086,0.01935692384243972,0.11409676261978424,97.59219796785187,25.011565351010102,650.0,320.0,678.7931397306396,2.0078392033182246,,
f8aca122-0247-4837-ac85-fd8162b2df7f,195.3027130615685,89.04430900062627,851.6653870279513,447.9458053088206,0.13561974982570496,0.01511790564303451,0.6002199682749264,0.018754469349116294,0.18284426032991727,89.04430843522495,25.011565351010102,1200.0,400.0,407.27588383838383,1.3586033074955537,,
f8be87cb-107d-4869-a45d-29b601028a2b,179.69046652561178,81.88511217104629,853.2287712110398,449.9476927412564,0.0979225536902462,0.011272058947359005,0.6464651166937078,0.0166995335437517,0.1219283950787343,81.88511380013274,22.517348022727273,1200.0,320.0,407.27588383838383,2.0078392033182246,,
f8f2d52d-9fab-4cb7-bd80-30264c3b2606,37.748305505117635,50.380021207104384,34.78587757734562,-27.763312488860265,0.2381946152368476,0.016932747808396466,0.4871655528120791,0.011971995955423573,0.3539828582974243,50.380023052536494,22.517348022727273,1200.0,70.0,814.5517676767677,0.04796556947260091,30.0,15.0
f8f6a8cd-b38a-483b-9e3f-3c85108af764,121.7870073986575,64.45431819072178,279.6945121114822,106.51626066663611,0.19454618519512834,0.004678714501473064,0.49425274047590495,0.018401505892424782,0.20727223492332444,64.45431805649515,22.505782674242425,900.0,110.0,678.7931397306396,0.2509799004147781,25.0,20.0
f8fcba63-613d-4c44-990c-c7a5d68c57d7,216.10798961635084,102.34689246521873,884.906727744488,468.38802690219904,0.12492388335546087,0.015463533911847646,0.6276911149264309,0.02127805062056191,0.15355026981851036,102.34689327625179,22.517348022727273,650.0,320.0,678.7931397306396,1.3586033074955537,,
f90a15b0-43e3-4536-8bcd-c92aecf541a5,122.81256378441113,60.31997079392046,322.00242109727566,129.96109995525657,0.27329913747516826,0.037543169041235266,0.46197665812824085,0.01728087574495009,0.2004842346752961,60.319970114393506,22.517348022727273,1200.0,160.0,814.5517676767677,0.3837245557808073,30.0,15.0
f9138759-9687-4181-b9a5-813a9209103f,213.524619256328,99.40861617360765,991.7722271792175,541.1959843640426,0.09317135214854798,0.011238657450336703,0.6542791916461385,0.01953832849254126,0.11833809854447659,99.40861757468775,22.517348022727273,650.0,320.0,678.7931397306396,2.0078392033182246,,
f9213ab6-088e-483e-a07b-5e1cd1f8b7fe,115.87805390559569,61.7913624187231,258.99079133748216,93.80453654105129,0.2268153254662774,0.0047587534082596805,0.4913878933672138,0.01743962387810669,0.21424060465017206,61.79136539966975,20.0115655155724,400.0,110.0,407.27588383838383,0.2509799004147781,25.0,15.0
f9280d8a-e385-4ccb-8b0c-98ff5986eff6,136.47666960260494,66.65483900505404,378.9622167541309,166.24243095810186,0.3304744467682028,0.03575804750550295,0.4460135490005681,0.01884450362242622,0.26582228278525527,66.6548376851409,25.011565351010102,650.0,240.0,407.27588383838383,0.3837245557808073,30.0,20.0
f92ff93d-c3a3-4913-84a9-73d632fe65a6,132.0322213519882,76.69160256698959,401.18853304829986,177.9572889765329,0.2944769731966541,0.03826539858717382,0.4814164019829756,0.01819507096032195,0.38438819151656417,76.69160228062715,25.011565351010102,400.0,400.0,407.27588383838383,0.3837245557808073,,
f968efa1-d334-4b51-9b86-daf2a7cb563e,175.87202083920863,65.00726782476963,709.2867033564708,356.39412467071537,0.08112713926959174,0.016120262438152358,0.6245561005456124,0.015002665130656687,0.08292891212170221,65.00726847558282,22.505782674242425,1200.0,160.0,271.51725589225595,1.3586033074955537,25.0,20.0
f9900dc3-56c8-4184-a4ca-69ab36008166,135.31217258157454,64.54763336124158,358.4501824174967,152.9381521772512,0.2385335354633312,0.038109463753545875,0.46561894491454126,0.018602712633674454,0.1957441767058036,64.54763168787528,25.011565351010102,900.0,160.0,814.5517676767677,0.3837245557808073,30.0,20.0
f9945c47-1971-48af-a9f9-a19691091d7d,73.43922872093565,60.88987241941272,106.90171941339288,12.090471718827668,0.17026145224084596,0.010504997319349748,0.48968171018728945,0.01596363577372115,0.25855539461613225,60.88987414930727,25.011565351010102,650.0,70.0,271.51725589225595,0.10036192065991252,30.0,20.0
f99fb0e6-a88f-41ca-9a9c-3e8719d3d733,95.76015940106215,60.94392101588666,178.95793348073963,49.55844508629437,0.20584085238410144,0.006865220590603956,0.4858863987365319,0.016960918831277212,0.23460122680721515,60.94392097343637,20.0115655155724,400.0,90.0,814.5517676767677,0.16982541343694404,25.0,15.0
f9af2e52-ac0f-45bd-ae56-dbd4a3f4e0b1,93.83128486391577,62.50571809332573,166.1267707923176,41.36850846743583,0.12636105093634256,0.007318769123411195,0.5116920330940657,0.01710230694708523,0.14957271806415665,62.50571835105014,22.517348022727273,650.0,50.0,678.7931397306396,0.16982541343694404,30.0,15.0
f9b1b82e-b7d7-46de-ab84-716887a6ffae,45.16517600350529,54.08227570751512,45.355736760945234,-20.03433287585669,0.21835641882312712,0.017764518419349746,0.5370197775768099,0.013793314286764318,0.34712714036507625,54.08227341624852,25.011565351010102,400.0,70.0,678.7931397306396,0.04796556947260091,30.0,20.0
f9b6e316-1c1b-4a53-ade5-6908d795f000,40.07993096190276,55.054008092841954,38.16367002770295,-25.282947023593223,0.16961518089499156,0.018106253836384683,0.5552655570444023,0.012801859389887503,0.28396670187935974,55.05400667448057,25.011565351010102,900.0,50.0,271.51725589225595,0.04796556947260091,30.0,20.0
f9bb6523-5d54-472e-9640-0d008464df88,198.78605636110524,84.50040594516814,805.0206659378123,415.3037769896871,0.11005105346181607,0.01592374854075126,0.6336231324274937,0.018841651844953483,0.11959174021301117,84.50040716449713,22.517348022727273,650.0,240.0,407.27588383838383,1.3586033074955537,30.0,15.0
f9dc39f6-56e1-4af3-ab8e-48504534b5bc,42.81746329799969,53.32837078945825,41.632971741313625,-24.301149142055404,0.23788477466266833,0.017603589181765567,0.4918881517222223,0.0131052042521876,0.34947042644212534,53.32837238699011,20.0115655155724,900.0,70.0,814.5517676767677,0.04796556947260091,25.0,15.0
f9eaacce-3387-445b-9d3b-e40098222640,71.56755822495407,59.47013959712875,107.54741374575305,12.084329567866007,0.20914680701409932,0.010024294814604377,0.471161067376473,0.015955576452334932,0.30709988516283165,59.470140284411855,25.011565351010102,650.0,90.0,678.7931397306396,0.10036192065991252,30.0,20.0
fa0977e7-c20d-4982-82b5-c1dc1985329c,134.5709169764546,63.6282591735606,511.5658981114316,238.83932035121958,0.20158907518607955,0.02306910699772727,0.5920144794253894,0.015107512889676584,0.2649939051572971,63.62825682113679,22.517348022727273,400.0,400.0,271.51725589225595,0.8028953652793002,,
fa17e55b-8d2d-4dc3-a797-40bdde00bdca,44.60630229558786,50.9674136611977,43.53137029729128,-21.665368096870573,0.33022788872622055,0.015757301478135522,0.43544207770791243,0.013516845103624733,0.45101265568775134,50.967415376158684,22.517348022727273,650.0,110.0,271.51725589225595,0.04796556947260091,30.0,15.0
fa2e68a0-ddda-4bd9-a7ef-10f83a0720aa,92.26642401208017,61.28091442877377,177.66797640760805,48.80733590829639,0.18435555664962125,0.006764549071285774,0.48395631508654247,0.017830764271598826,0.23253148721672046,61.28091245735152,25.011565351010102,1200.0,90.0,814.5517676767677,0.16982541343694404,30.0,20.0
fa30aad4-818e-40db-a90e-c7e8c61ef075,118.2169733624223,63.09141495736294,247.34432731687988,85.94531875613937,0.10897996726748738,0.005141218455018939,0.52190868656129,0.017578175197680918,0.11157152264494118,63.09141748101462,20.0115655155724,900.0,50.0,814.5517676767677,0.2509799004147781,25.0,15.0
fa4e0ead-1472-45c4-9197-1f975d7cd82e,128.4375479261339,74.79281522308597,367.1431860408478,156.6455075236754,0.31526912670475593,0.03835484044557028,0.4848549690822917,0.01813295200856278,0.341539449265039,74.792815549094,22.517348022727273,400.0,320.0,678.7931397306396,0.3837245557808073,,
fa5ccd6f-60ea-4fe1-91b6-9bf4a1bfdb7e,97.28888006881985,64.02815907242541,170.90871544775928,45.08418165811055,0.12720674394729586,0.0074453316690761785,0.5144782887406355,0.01724141416472456,0.15020763519024347,64.02815804009383,22.517348022727273,400.0,50.0,678.7931397306396,0.16982541343694404,30.0,15.0
fa76e431-85cf-450b-9ea0-db4c55cd6792,186.56834559114552,92.73871235190899,663.0204507578582,337.58513272625663,0.1634681839761153,0.021701862246085855,0.5653187484042087,0.019845784840310327,0.21382386082661886,92.73871212994912,25.011565351010102,900.0,320.0,814.5517676767677,0.8028953652793002,,
faa98214-adf1-4418-b223-52699cc7b1d0,45.61714731455919,54.54421837746551,45.992813893205415,-20.960176286867018,0.21421970439204543,0.01788554619675926,0.523129586143729,0.013396199454065106,0.346069671826583,54.54421887953267,22.505782674242425,650.0,70.0,814.5517676767677,0.04796556947260091,25.0,20.0
fab659dd-9f77-4b00-951c-517979762cae,99.63223892525865,65.19057294588221,181.42677120654557,51.83677492877482,0.14914521681723483,0.007100135986037458,0.4996308521493056,0.018071437085266817,0.19402612063517718,65.19057062113039,25.011565351010102,650.0,70.0,407.27588383838383,0.16982541343694404,30.0,20.0
fb09306d-16f3-451a-8628-1cfb8ac35ffe,105.33008293812773,64.69574827000086,202.15082006441443,64.10477845169326,0.21322621022285357,0.006561377552483165,0.4786500736788194,0.017971420283802234,0.2634623956062621,64.69574787651791,22.505782674242425,900.0,110.0,271.51725589225595,0.16982541343694404,25.0,20.0
fb22a534-b77e-4f31-a313-17484cb82a60,216.76679146160458,95.45176428359837,791.9809319546204,404.09226308171793,0.16302968478814184,0.022897813867676767,0.6036858915665193,0.0205187211554522,0.20051414629378161,95.45176444978213,22.505782674242425,900.0,320.0,407.27588383838383,0.8028953652793002,,
fb2842f5-c775-4111-a83a-d680bc15e61d,232.56144354604112,96.41266214365083,1102.5303579089727,611.8807083663173,0.07832407783881523,0.01151955662629419,0.6796345164308186,0.019032707519170942,0.10984659359867155,96.41266643273265,22.505782674242425,650.0,320.0,678.7931397306396,2.0078392033182246,,
fc6cb10d-506d-4af1-87f0-e096a96f0b3b,202.6184860842946,87.67503082865967,814.5398746701877,422.40657487656546,0.10121079412330597,0.015919377278598486,0.6351997608955702,0.019225309167218055,0.11993669663995676,87.67503126888295,22.517348022727273,1200.0,240.0,407.27588383838383,1.3586033074955537,30.0,15.0
fcb5b923-f480-4462-920e-885a9e16db02,75.02435462339389,57.61419615516209,117.46923368472207,17.801978608614824,0.23612838065025255,0.009831724453882577,0.46024360167634687,0.015668623644582172,0.34108514662903205,57.61419827372486,22.505782674242425,650.0,110.0,271.51725589225595,0.10036192065991252,25.0,20.0
fcd22e3d-46f2-417c-88ab-4712a811bb25,220.55638026608472,107.42903216457694,938.787018870843,508.65927575915293,0.13507274503156566,0.01497815633789983,0.6101595183646571,0.021380288787069622,0.18186061156994182,107.42903079174546,25.011565351010102,650.0,400.0,814.5517676767677,1.3586033074955537,,
fcef97a3-5f93-4acf-919c-76d5b5630762,138.54163909766893,94.29670203161982,391.2830000084886,169.78183931764522,0.2997657155976431,0.04032321366619318,0.5236507887665298,0.019538195300583806,0.4066582424884179,94.29669984551093,20.0115655155724,1200.0,400.0,814.5517676767677,0.3837245557808073,,
fcf1dca0-c826-46cc-923f-eb8556d9341f,141.56177735774756,64.94632768636247,367.5907080555801,160.02710787139404,0.23887497376699285,0.038668194167119106,0.467392094323306,0.018216782149643725,0.19722989425284962,64.9463269384371,25.011565351010102,400.0,160.0,407.27588383838383,0.3837245557808073,30.0,20.0
fd1702fd-3cbf-4494-952a-9926c1203173,176.73407718204618,71.24717833006778,623.4367837253848,296.97758135679976,0.1490464695468329,0.024490725850641836,0.6369959856399305,0.017735927726575902,0.16561770483183777,71.24718028244408,20.0115655155724,650.0,240.0,271.51725589225595,0.8028953652793002,25.0,15.0
fd508edc-b093-4cf4-95e2-885e42e484dd,93.89757549369017,62.17437065798981,176.88554748349924,49.60631747014489,0.2591797741256839,0.006530117744833754,0.47168451751999146,0.017304927916103816,0.2748677960694271,62.174369477934086,22.517348022727273,400.0,110.0,407.27588383838383,0.16982541343694404,30.0,15.0
fd52d3ba-d24a-4900-90e7-0e109c87d10c,241.99459804618724,103.04382848253022,1169.67463133608,656.159507380576,0.09718951712356902,0.011177585829650673,0.665077153385827,0.02027881029602532,0.13136662218692954,103.04382830354922,22.505782674242425,900.0,400.0,678.7931397306396,2.0078392033182246,,
fda0c437-b0e1-416e-987a-371a007d1ed9,150.55280893173745,73.89849166734149,422.07245198561674,188.56544561797818,0.3144546059084596,0.03746112105348274,0.47339180124823227,0.01899941473435128,0.26137137983228753,73.89849129739025,22.505782674242425,900.0,240.0,407.27588383838383,0.3837245557808073,25.0,20.0
fde7bed5-a9b4-4369-b1b9-db96092c3fdb,44.52188985390049,53.48313847720145,42.89813550634891,-22.43339618038902,0.28936617786510943,0.0164157827676452,0.4616965550563973,0.01352529296363924,0.40720600099008797,53.48313576350153,22.517348022727273,650.0,90.0,678.7931397306396,0.04796556947260091,30.0,15.0
fdf144e3-4a94-40ce-8ce1-f7bbb7839611,45.860030952302814,49.41523466732446,47.90860606859988,-18.985629233826565,0.28863398365603954,0.01665618636432029,0.46877306436942345,0.013359738993902501,0.442656142694674,49.415234504056826,22.505782674242425,650.0,110.0,271.51725589225595,0.04796556947260091,25.0,20.0
fe014e2b-7b97-4563-96fd-adad4eee3205,225.7256803550036,99.89557782625991,902.7774200507929,489.470187840406,0.09683857111518308,0.015242475533617426,0.6113693342110902,0.021205822572998405,0.1156989386316376,99.89557700537361,25.011565351010102,900.0,240.0,814.5517676767677,1.3586033074955537,30.0,20.0
fe112914-64f3-47ac-8fc0-d346514763e8,138.19194410624723,79.37494075963508,403.35720180328343,178.38399915840805,0.2520189151829756,0.03994670708277567,0.5061441986309554,0.018263993958334734,0.3307898627318381,79.37494196454733,22.505782674242425,1200.0,320.0,814.5517676767677,0.3837245557808073,,
fe1ac963-1c6d-4d40-961c-8705f611ea6a,130.91336948372964,48.45614293036027,618.6003827438684,301.236877054453,0.048616592916140566,0.012280338286574074,0.6873470236442025,0.01083505407988134,0.06692999591561284,48.45614416987304,22.505782674242425,400.0,160.0,271.51725589225595,2.0078392033182246,25.0,20.0
fe1fe70b-38b9-4335-a6b2-ab6b4e374982,146.9117625822818,62.44522489652174,732.8601129912533,371.2465789059137,0.09344236563435396,0.01136530567493687,0.6334143034797874,0.013195729349162123,0.1240439658718527,62.44522534729564,25.011565351010102,1200.0,320.0,271.51725589225595,2.0078392033182246,,
fe2c1337-ac8a-4a97-b118-ba6a055c2fd1,170.1671409271834,77.28828252344879,619.0135557333201,298.6038525721017,0.18385325184011994,0.022741407577493686,0.5870374046720643,0.017902288269955782,0.21486240692908246,77.28827851488408,22.517348022727273,900.0,320.0,271.51725589225595,0.8028953652793002,,
fe7f144c-fe9b-4e73-98e6-90cf5420f0cb,132.0589904920915,71.0987913673485,365.364961632931,153.87059034148152,0.3360500370997474,0.03742738853358586,0.4739522112725273,0.018126037727878866,0.27417321159105423,71.09878954886784,20.0115655155724,900.0,240.0,814.5517676767677,0.3837245557808073,25.0,15.0
fea9d542-a9a5-4192-a51b-f0e20520384f,87.34368175065826,58.901202989015275,161.37845857148434,38.545205264485354,0.1701631588827336,0.00694810926355219,0.4944162020601326,0.016743417648796485,0.19508805388619752,58.901204395114114,22.517348022727273,1200.0,70.0,814.5517676767677,0.16982541343694404,30.0,15.0
fed6abe6-aaac-4317-8098-1d23d2516146,132.19068525346077,70.20633109884334,364.77993936662403,153.89833709551678,0.3402583221383102,0.03690912572563131,0.4659953703068393,0.018038530638296343,0.27353854422352736,70.20632956700362,20.0115655155724,900.0,240.0,678.7931397306396,0.3837245557808073,25.0,15.0
fed9f755-901f-4aef-b283-e36fc070c7ab,44.571640909761065,54.07729959861992,44.145274826923924,-22.013379016443924,0.21398370468802608,0.017752206346380466,0.5186982224592803,0.013081491243483609,0.34744808583419257,54.07730010331054,22.505782674242425,1200.0,70.0,271.51725589225595,0.04796556947260091,25.0,20.0
fef1f103-e2d0-41a6-8920-0a22899ba653,124.11779538035424,65.66294137489179,261.3208803162104,94.52731198785185,0.15100014528115532,0.004996586086342594,0.5116689777088594,0.018052896077876912,0.1488261603613458,65.66294045012853,20.0115655155724,650.0,70.0,407.27588383838383,0.2509799004147781,25.0,15.0
ff056fd5-c8d2-4c6c-8fa1-129f3a24facd,127.78231236416855,65.95226748063587,259.5368022720733,95.31908774766733,0.11531441932911404,0.005392439639572813,0.5249961049837963,0.018177637005391083,0.11258977713971996,65.95226716356127,22.517348022727273,400.0,50.0,271.51725589225595,0.2509799004147781,30.0,15.0
ff07de68-784e-40a9-819f-4937e1f8390f,204.22064607920188,98.83668675653603,730.489307832428,363.16988478123585,0.18137896653093433,0.023293141239383416,0.6204582686747897,0.021109498107176064,0.21253730057612327,98.83668700698239,20.0115655155724,900.0,320.0,407.27588383838383,0.8028953652793002,,
