timestamp,year,dayOfYear,hourOfDay,scenario,fruitAge_h,totalFruitNumber,meanFruitFW,meanFruitFW_sd,meanFruitDW,meanFruitDW_sd,meanFruitSc,meanFruitSc_sd,diameter,vol,Afruit,unloadingPerFruit,sugarUptake_active,sugarUptake_passive,sugarUptake_massflow,maintenanceDM,growthCost,waterUptake,waterUptake_xylem,waterUptake_phloem,transpirationLost,"osmoticWaterPotential_fruit",turgorPressure_fruit,waterPotential_fruit,"osmoticWaterPotential_phloem",meanCpm,turgorPressure_phloem,waterPotential_phloem,Lphloem,Lxylem,"osmoticWaterPotential_partialContribution",cellWallExtensibility,elasticModulus,ro,malicAcid,tartaricAcid,malicConcentration_fruit,"tartaricConcentration_fruit",fruitIncidentPAR,fruitAbsorbedPAR,fruitAbsorbedRadiation,"fruitAbsorbedRadiation_m2",fruitLightArea_m2,fruitBerryCountEffective,totalFruitNumber_1,totalFruitNumber_2,totalFruitNumber_3,totalFruitNumber_4,meanFruitFW_1,meanFruitFW_2,meanFruitFW_3,meanFruitFW_4,meanFruitDW_1,meanFruitDW_2,meanFruitDW_3,meanFruitDW_4,meanFruitSc_1,meanFruitSc_2,meanFruitSc_3,meanFruitSc_4,simuuid,fruitIncidentPAR_mean_1,fruitIncidentPAR_mean_2,fruitIncidentPAR_mean_3,fruitIncidentPAR_mean_4,fruitAbsorbedPAR_sum_1,fruitAbsorbedPAR_sum_2,fruitAbsorbedPAR_sum_3,fruitAbsorbedPAR_sum_4,"fruitAbsorbedRadiation_sum_1","fruitAbsorbedRadiation_sum_2","fruitAbsorbedRadiation_sum_3","fruitAbsorbedRadiation_sum_4",fruitCount_1,fruitCount_2,fruitCount_3,fruitCount_4,fruitLightArea_sum_1,fruitLightArea_sum_2,fruitLightArea_sum_3,fruitLightArea_sum_4,mSuc,mSor,mGlu,mFru,mSta,mSyn
2012-07-18T01:30:00,2012,200,1,0,1681.0,45,648.486,0.0,95.5339,0.0,0.10458795,0.0,0.5,0.6201782,3.0970256,0.12534305726384468,0.23050754,0.0,0.06757029493457649,0.0,0.005640438921658128,0.00423768999647706,2.9535222133629773E-4,0.003942337775140762,7.312164418452219E-4,25.350736673335575,0.8879175397635959,-24.46281913357198,27.06530829597954,0.0,27.02686078267494,-0.03844751330460028,0.014786981360787411,0.0011155884234502367,0.15,0.01386446239183302,153.1999969482422,70.75983458067964,10.883595733707041,9.282000504434109,0.019682709055406054,0.016786264379068536,0.0,0.0,0.0,0.0,3.0970255316706903E-4,1.0,45,0,0,0,648.486,0.0,0.0,0.0,95.5339,0.0,0.0,0.0,0.10458795,0.0,0.0,0.0,"718f4615-e576-4fa4-80aa-6236231db38b",0.0,0.0,0.0,0.0,0.0,0.0,0.0,0.0,0.0,0.0,0.0,0.0,1,0,0,0,3.0970255316706903E-4,0.0,0.0,0.0,0.0,0.0,0.0,0.0,0.0,0.0
2012-07-18T02:30:00,2012,200,2,0,1682.0,45,652.12274,0.0,95.8315,0.0,0.10446332,0.0,0.5,0.62394553,3.1096346,0.12543132245973912,0.23039973,0.0,0.06469054848670111,0.0,0.005644410856420361,0.0040584131553317035,2.801435632251592E-4,0.0037782695921065442,7.226983003395611E-4,25.19842828490536,0.8649354645700522,-24.33349282033531,27.008390747174325,0.0,26.012876317792248,-0.9955144293820766,0.014760366327941596,0.0011029097936841492,0.15,0.013863810371932893,153.1999969482422,70.6777340541181,10.867235329106327,9.282000504434109,0.019535155109846606,0.01668550593527141,0.0,0.0,0.0,0.0,3.109634628576542E-4,1.0,45,0,0,0,652.12274,0.0,0.0,0.0,95.8315,0.0,0.0,0.0,0.10446332,0.0,0.0,0.0,"718f4615-e576-4fa4-80aa-6236231db38b",0.0,0.0,0.0,0.0,0.0,0.0,0.0,0.0,0.0,0.0,0.0,0.0,1,0,0,0,3.109634628576542E-4,0.0,0.0,0.0,0.0,0.0,0.0,0.0,0.0,0.0
2012-07-18T03:30:00,2012,200,3,0,1683.0,45,655.9018,0.0,96.12625,0.0,0.104308315,0.0,0.5,0.6275388,3.121659,0.12423074377217783,0.2303571,0.0,0.06448685448115922,0.0,0.005590384802599291,0.00404280399005527,2.764543286446069E-4,0.003766349661410663,5.618648599371803E-4,25.064951866793116,0.879595821243198,-24.185356045549916,26.974536740552672,0.0,25.994845160223633,-0.9796915803290389,0.014733771184512518,0.0010903749061628811,0.15,0.013863158392776489,153.1999969482422,70.5957883698444,10.852140738730673,9.282000504434109,0.0193865941314082,0.016581647883055172,0.0,0.0,0.0,0.0,3.1216591418078776E-4,1.0,45,0,0,0,655.9018,0.0,0.0,0.0,96.12625,0.0,0.0,0.0,0.104308315,0.0,0.0,0.0,"718f4615-e576-4fa4-80aa-6236231db38b",0.0,0.0,0.0,0.0,0.0,0.0,0.0,0.0,0.0,0.0,0.0,0.0,1,0,0,0,3.1216591418078776E-4,0.0,0.0,0.0,0.0,0.0,0.0,0.0,0.0,0.0
2012-07-18T04:30:00,2012,200,4,0,1684.0,45,659.6038,0.0,96.42057,0.0,0.10416866,0.0,0.5,0.63127846,3.134134,0.12404699109024668,0.23021115,0.0,0.06426342804713026,0.0,0.005582115929940937,0.0040314669220611185,2.731317697744489E-4,0.0037583351522866696,6.270703645664718E-4,24.956745883103096,0.8681199146344595,-24.088625968468637,26.935668343722355,0.0,25.945077366303376,-0.9905909774189787,0.01470719614690663,0.0010779821391393093,0.15,0.013862506454384634,153.1999969482422,70.51400480606435,10.837643904537648,9.282000504434109,0.019243547592639947,0.016481314576796472,0.0,0.0,0.0,0.0,3.1341340007523066E-4,1.0,45,0,0,0,659.6038,0.0,0.0,0.0,96.42057,0.0,0.0,0.0,0.10416866,0.0,0.0,0.0,"718f4615-e576-4fa4-80aa-6236231db38b",0.0,0.0,0.0,0.0,0.0,0.0,0.0,0.0,0.0,0.0,0.0,0.0,1,0,0,0,3.1341340007523066E-4,0.0,0.0,0.0,0.0,0.0,0.0,0.0,0.0,0.0
2012-07-18T05:30:00,2012,200,5,0,1685.0,45,663.3449,0.0,96.714516,0.0,0.10402284,0.0,0.5,0.6349397,3.146335,0.1238905269488533,0.23006052,0.0,0.06401939390539743,0.0,0.005575075041899557,0.004018710941264515,2.6975211032389065E-4,0.0037489588309406246,5.74950920398341E-4,24.84976838866874,0.8702644588623659,-23.979503929806373,26.89533356552574,0.0,25.900840421890035,-0.9944931436357045,0.01468064143084227,0.001065729888984573,0.15,0.013861854556778156,153.1999969482422,70.43237945190066,10.823820668039469,9.282000504434109,0.019102083653472803,0.016381050235876892,0.0,0.0,0.0,0.0,3.146334810881608E-4,1.0,45,0,0,0,663.3449,0.0,0.0,0.0,96.714516,0.0,0.0,0.0,0.10402284,0.0,0.0,0.0,"718f4615-e576-4fa4-80aa-6236231db38b",0.0,0.0,0.0,0.0,0.0,0.0,0.0,0.0,0.0,0.0,0.0,0.0,1,0,0,0,3.146334810881608E-4,0.0,0.0,0.0,0.0,0.0,0.0,0.0,0.0,0.0
2012-07-18T06:30:00,2012,200,6,0,1686.0,45,667.0374,0.0,97.00803,0.0,0.103886835,0.0,0.5,0.6386408,3.1586442,0.12370873598913024,0.22988738,0.0,0.06393349102595083,0.0,0.005566894446761612,0.004016848825717415,2.67150407131194E-4,0.0037496984185862213,6.211454481271653E-4,24.756609586113633,0.862291018995337,-23.894318567118297,26.85945294416154,0.0,25.900437193452458,-0.9590157507090815,0.014654107251343083,0.0010536165699897037,0.15,0.013861202699977879,153.1999969482422,70.35090842487807,10.810363230541796,9.282000504434109,0.01896457101540834,0.016283371240854636,0.0,0.0,0.0,0.0,3.1586442270759734E-4,1.0,45,0,0,0,667.0374,0.0,0.0,0.0,97.00803,0.0,0.0,0.0,0.103886835,0.0,0.0,0.0,"718f4615-e576-4fa4-80aa-6236231db38b",0.0,0.0,0.0,0.0,0.0,0.0,0.0,0.0,0.0,0.0,0.0,0.0,1,0,0,0,3.1586442270759734E-4,0.0,0.0,0.0,0.0,0.0,0.0,0.0,0.0,0.0
2012-07-18T07:30:00,2012,200,7,0,1687.0,45,670.655,0.0,97.30034,0.0,0.103763804,0.0,0.5,0.6422927,3.1707747,0.12319900872179577,0.22922137,0.0,0.06265768098436121,0.0,0.005543956714262783,0.003968875934679787,2.6169446966630864E-4,0.003707181465013478,6.469390129249582E-4,24.77975923708188,0.8513724400348188,-23.92838679704706,26.766267484735646,0.0,25.476149314083106,-1.2901181706525406,0.014627593822731506,0.0010416406141693334,0.15,0.013860550884004614,153.1999969482422,70.26960265482955,10.794872879973553,9.282000504434109,0.018827565871560096,0.01618893319635973,0.0,0.0,0.0,0.0,3.170774619455594E-4,1.0,45,0,0,0,670.655,0.0,0.0,0.0,97.30034,0.0,0.0,0.0,0.103763804,0.0,0.0,0.0,"718f4615-e576-4fa4-80aa-6236231db38b",0.0,0.0,0.0,0.0,0.0,0.0,0.0,0.0,0.0,0.0,0.0,0.0,1,0,0,0,3.170774619455594E-4,0.0,0.0,0.0,0.0,0.0,0.0,0.0,0.0,0.0
2012-07-18T08:30:00,2012,200,8,0,1688.0,45,673.48944,0.0,97.59615,0.0,0.10378951,0.0,0.5,0.64586854,3.18264,0.124679821101009,0.23135084,0.0,0.06282689410196923,0.0,0.005610593287214771,0.0038470755566566233,2.50763220091657E-4,0.0035963123365649664,0.001311841410118712,25.00633194970886,0.7596652656566553,-24.246666684052204,27.517789568422543,0.0,25.13137526317495,-2.3864143052475946,0.014601101358622274,0.001029800471067464,0.15,0.013859899108879171,153.1999969482422,70.18845085215641,10.773092421489388,9.282000504434109,0.018706751603400535,0.016117570612569014,0.0,0.0,0.0,0.0,3.182640042182702E-4,1.0,45,0,0,0,673.48944,0.0,0.0,0.0,97.59615,0.0,0.0,0.0,0.10378951,0.0,0.0,0.0,"718f4615-e576-4fa4-80aa-6236231db38b",0.0,0.0,0.0,0.0,0.0,0.0,0.0,0.0,0.0,0.0,0.0,0.0,1,0,0,0,3.182640042182702E-4,0.0,0.0,0.0,0.0,0.0,0.0,0.0,0.0,0.0
2012-07-18T09:30:00,2012,200,9,0,1689.0,45,675.2571,0.0,97.89591,0.0,0.10401393,0.0,0.5,0.6486438,3.191924,0.12633891472069872,0.23428336,0.0,0.06519669700216602,0.0,0.005685252517900951,0.0038101765641354547,2.4529844063384367E-4,0.003564878123501611,0.00234571188735893,25.30951118958169,0.6371995112606548,-24.672311678321037,28.582063485898388,0.0,25.47656877533511,-3.1054947105632777,0.014574630071916004,0.0010180946075652774,0.15,0.013859247374622354,153.1999969482422,70.1074565395747,10.74417349038135,9.282000504434109,0.01860910367824144,0.016076593502807712,0.0,0.0,0.0,0.0,3.1919239828364916E-4,1.0,45,0,0,0,675.2571,0.0,0.0,0.0,97.89591,0.0,0.0,0.0,0.10401393,0.0,0.0,0.0,"718f4615-e576-4fa4-80aa-6236231db38b",0.0,0.0,0.0,0.0,0.0,0.0,0.0,0.0,0.0,0.0,0.0,0.0,1,0,0,0,3.1919239828364916E-4,0.0,0.0,0.0,0.0,0.0,0.0,0.0,0.0,0.0
2012-07-18T10:30:00,2012,200,10,0,1690.0,45,676.5535,0.0,98.19581,0.0,0.10432238,0.0,0.5,0.650329,3.1977081,0.1263995777394359,0.23460133,0.0,0.066029745310256,0.0,0.005687982354394968,0.0038328792128411336,2.4452119026155357E-4,0.00358835802257958,0.0028397052349007777,25.482815595046272,0.5834458161518051,-24.899369778894467,28.803512869779198,0.0,25.610481566805134,-3.193031302974063,0.014548180174792816,0.0010065215076909646,0.15,0.01385859568125496,153.1999969482422,70.02661953624695,10.71195636782262,9.282000504434109,0.018521333246578647,0.016048891410157952,0.0,0.0,0.0,0.0,3.197708070782005E-4,1.0,45,0,0,0,676.5535,0.0,0.0,0.0,98.19581,0.0,0.0,0.0,0.10432238,0.0,0.0,0.0,"718f4615-e576-4fa4-80aa-6236231db38b",0.0,0.0,0.0,0.0,0.0,0.0,0.0,0.0,0.0,0.0,0.0,0.0,1,0,0,0,3.197708070782005E-4,0.0,0.0,0.0,0.0,0.0,0.0,0.0,0.0,0.0
2012-07-18T11:30:00,2012,200,11,0,1691.0,45,677.7518,0.0,98.49823,0.0,0.10465207,0.0,0.5,0.65153337,3.2019477,0.12746405113673742,0.23559043,0.0,0.06670855396148975,0.0,0.005735883668694098,0.003805752454965964,2.4027855292180358E-4,0.0035654739020441607,0.0029133722583998254,25.502596015978813,0.5719355538214336,-24.93066046215738,29.12519524618893,0.0,25.740941831758438,-3.3842534144304928,0.014521751878706008,9.950796724315612E-4,0.15,0.013857944028797779,153.1999969482422,69.94593599359385,10.680156852170464,9.282000504434109,0.0184377924086463,0.01602407163176884,0.0,0.0,0.0,0.0,3.201947710066157E-4,1.0,45,0,0,0,677.7518,0.0,0.0,0.0,98.49823,0.0,0.0,0.0,0.10465207,0.0,0.0,0.0,"718f4615-e576-4fa4-80aa-6236231db38b",0.0,0.0,0.0,0.0,0.0,0.0,0.0,0.0,0.0,0.0,0.0,0.0,1,0,0,0,3.201947710066157E-4,0.0,0.0,0.0,0.0,0.0,0.0,0.0,0.0,0.0
2012-07-18T12:30:00,2012,200,12,0,1692.0,45,677.85693,0.0,98.8052,0.0,0.105187126,0.0,0.5,0.65263647,3.205864,0.12937858805889943,0.23795539,0.0,0.06562195011594342,0.0,0.00582203785073214,0.0035996309852962547,2.2430659534167997E-4,0.0033753243899545746,0.0038049587457145585,25.72251142439266,0.0,-25.72251142439266,30.043196868670563,0.0,24.641277784185313,-5.40191908448525,0.014495345394375784,9.837676195467609E-4,0.15,0.013857292417271601,153.1999969482422,69.865416732127,10.644692321932935,9.282000504434109,0.01838297321748845,0.016029656989347555,0.0,0.0,0.0,0.0,3.205864028726455E-4,1.0,45,0,0,0,677.85693,0.0,0.0,0.0,98.8052,0.0,0.0,0.0,0.105187126,0.0,0.0,0.0,"718f4615-e576-4fa4-80aa-6236231db38b",0.0,0.0,0.0,0.0,0.0,0.0,0.0,0.0,0.0,0.0,0.0,0.0,1,0,0,0,3.205864028726455E-4,0.0,0.0,0.0,0.0,0.0,0.0,0.0,0.0,0.0
2012-07-18T13:30:00,2012,200,13,0,1693.0,45,677.7602,0.0,99.10883,0.0,0.105753414,0.0,0.5,0.6526224,3.2062075,0.12797417889100066,0.23809005,0.0,0.06750596902195796,0.0,0.00575883942310902,0.0036882107201503295,2.2793393721975755E-4,0.003460276782930572,0.004092027803916472,25.911783826635254,0.0,-25.911783826635254,30.182566166269872,0.0,25.155193464660567,-5.0273727016093055,0.01446896093178303,9.725838833846958E-4,0.15,0.013856640846697204,153.1999969482422,69.78505056779314,10.607353752801965,9.282000504434109,0.018331165286850387,0.016040747711884757,0.0,0.0,0.0,0.0,3.206207546182752E-4,1.0,45,0,0,0,677.7602,0.0,0.0,0.0,99.10883,0.0,0.0,0.0,0.105753414,0.0,0.0,0.0,"718f4615-e576-4fa4-80aa-6236231db38b",0.0,0.0,0.0,0.0,0.0,0.0,0.0,0.0,0.0,0.0,0.0,0.0,1,0,0,0,3.206207546182752E-4,0.0,0.0,0.0,0.0,0.0,0.0,0.0,0.0,0.0
2012-07-18T14:30:00,2012,200,14,0,1694.0,45,677.9154,0.0,99.4172,0.0,0.10628273,0.0,0.5,0.6524036,3.2058916,0.12996668167956993,0.23951189,0.0,0.07004205447069367,0.0,0.005848502069971873,0.0037326790816545508,2.282196121496191E-4,0.0035044594695049316,0.0038893438304766713,25.95375728796601,0.4538983459459552,-25.499858942020055,30.673822842697575,0.0,26.32709181102679,-4.346731031670785,0.014442598700163149,9.615270146996603E-4,0.15,0.013855989317095363,153.1999969482422,69.70483733965641,10.57138739541476,9.282000504434109,0.018273846464260092,0.01604499445103902,0.0,0.0,0.0,0.0,3.205891493593375E-4,1.0,45,0,0,0,677.9154,0.0,0.0,0.0,99.4172,0.0,0.0,0.0,0.10628273,0.0,0.0,0.0,"718f4615-e576-4fa4-80aa-6236231db38b",0.0,0.0,0.0,0.0,0.0,0.0,0.0,0.0,0.0,0.0,0.0,0.0,1,0,0,0,3.205891493593375E-4,0.0,0.0,0.0,0.0,0.0,0.0,0.0,0.0,0.0
2012-07-18T15:30:00,2012,200,15,0,1695.0,45,678.01984,0.0,99.72933,0.0,0.10682855,0.0,0.5,0.6524401,3.2063987,0.1315579171328285,0.24081504,0.0,0.07205717186695039,0.0,0.005920107682440613,0.0037520814002086076,2.2697014666040946E-4,0.003525111253548198,0.003963314148356438,26.080368155380487,0.0,-26.080368155380487,31.21033026352206,0.0,26.405834494261903,-4.804495769260157,0.014416258907999932,9.505955804717628E-4,0.15,0.013855337828486847,153.1999969482422,69.62478416410414,10.534833472079525,9.282000504434109,0.01821719881543201,0.016050756667617114,0.0,0.0,0.0,0.0,3.206398620168204E-4,1.0,45,0,0,0,678.01984,0.0,0.0,0.0,99.72933,0.0,0.0,0.0,0.10682855,0.0,0.0,0.0,"718f4615-e576-4fa4-80aa-6236231db38b",0.0,0.0,0.0,0.0,0.0,0.0,0.0,0.0,0.0,0.0,0.0,0.0,1,0,0,0,3.206398620168204E-4,0.0,0.0,0.0,0.0,0.0,0.0,0.0,0.0,0.0
2012-07-18T16:30:00,2012,200,16,0,1696.0,45,678.1516,0.0,100.04455,0.0,0.10737525,0.0,0.5,0.6524232,3.20674,0.13285330286346536,0.24198043,0.0,0.07388949937702594,0.0,0.005978400054217253,0.0037670394797407187,2.2547243129874254E-4,0.0035415670484419764,0.003954073690755465,26.1570846111555,0.4509229021819825,-25.706161708973518,31.67733745700201,0.0,27.34743375562097,-4.329903701381042,0.014389941763019509,9.397881637284819E-4,0.15,0.01385468638089242,153.1999969482422,69.54488720499148,10.498798721854529,9.282000504434109,0.018160647255970004,0.016055849955468757,0.0,0.0,0.0,0.0,3.20673990718983E-4,1.0,45,0,0,0,678.1516,0.0,0.0,0.0,100.04455,0.0,0.0,0.0,0.10737525,0.0,0.0,0.0,"718f4615-e576-4fa4-80aa-6236231db38b",0.0,0.0,0.0,0.0,0.0,0.0,0.0,0.0,0.0,0.0,0.0,0.0,1,0,0,0,3.20673990718983E-4,0.0,0.0,0.0,0.0,0.0,0.0,0.0,0.0,0.0
2012-07-18T17:30:00,2012,200,17,0,1697.0,45,678.7208,0.0,100.357895,0.0,0.107837304,0.0,0.5,0.65243304,3.2071705,0.13206835381290286,0.24092565,0.0,0.07594117200070484,0.0,0.00594307733852035,0.0039314692241789375,2.3387580876871875E-4,0.0036975934154102187,0.003679208832797708,26.150571477476106,0.5005765515897662,-25.64999492588634,31.233051007514597,0.0,28.007990338518884,-3.225060668995713,0.014363647472184321,9.291033633681157E-4,0.15,0.01385403497433284,153.1999969482422,69.46514627891744,10.464964065799776,9.282000504434109,0.018094113552625562,0.016048748000160772,0.0,0.0,0.0,0.0,3.207170391474541E-4,1.0,45,0,0,0,678.7208,0.0,0.0,0.0,100.357895,0.0,0.0,0.0,0.107837304,0.0,0.0,0.0,"718f4615-e576-4fa4-80aa-6236231db38b",0.0,0.0,0.0,0.0,0.0,0.0,0.0,0.0,0.0,0.0,0.0,0.0,1,0,0,0,3.207170391474541E-4,0.0,0.0,0.0,0.0,0.0,0.0,0.0,0.0,0.0
2012-07-18T18:30:00,2012,200,18,0,1698.0,45,679.553,0.0,100.66727,0.0,0.108242534,0.0,0.5,0.6528899,3.2090297,0.13039156240491023,0.2375854,0.0,0.07236714854496358,0.0,0.005867621707170662,0.003945353673177743,2.3378103757371084E-4,0.0037115726356040323,0.0034260498736092644,26.116109464514032,0.5301705582612207,-25.58593890625281,29.998123723986268,0.0,27.072686304419616,-2.925437419566652,0.014337376241687181,9.185397939850982E-4,0.15,0.013853383608828857,153.1999969482422,69.38556481970969,10.43343190726854,9.282000504434109,0.018023301301396014,0.01603425347076642,0.0,0.0,0.0,0.0,3.209029660753972E-4,1.0,45,0,0,0,679.553,0.0,0.0,0.0,100.66727,0.0,0.0,0.0,0.108242534,0.0,0.0,0.0,"718f4615-e576-4fa4-80aa-6236231db38b",0.0,0.0,0.0,0.0,0.0,0.0,0.0,0.0,0.0,0.0,0.0,0.0,1,0,0,0,3.209029660753972E-4,0.0,0.0,0.0,0.0,0.0,0.0,0.0,0.0,0.0
2012-07-18T19:30:00,2012,200,19,0,1699.0,45,681.01135,0.0,100.98115,0.0,0.108537905,0.0,0.5,0.6536168,3.2117474,0.13229246710483752,0.2394736,0.0,0.07503434492511322,0.0,0.0059531624390618855,0.0039589686467367425,2.3183295614325765E-4,0.003727135690593485,0.002818034285527494,26.01443430746042,0.6004684251601637,-25.413965882300257,30.58743447655872,0.0,27.88434755959937,-2.70308691695935,0.01431112827694535,9.080960856971709E-4,0.15,0.013852732284401221,153.1999969482422,69.30613179051775,10.40524616189744,9.282000504434109,0.01793914443749191,0.01600261494318672,0.0,0.0,0.0,0.0,3.211747308178848E-4,1.0,45,0,0,0,681.01135,0.0,0.0,0.0,100.98115,0.0,0.0,0.0,0.108537905,0.0,0.0,0.0,"718f4615-e576-4fa4-80aa-6236231db38b",0.0,0.0,0.0,0.0,0.0,0.0,0.0,0.0,0.0,0.0,0.0,0.0,1,0,0,0,3.211747308178848E-4,0.0,0.0,0.0,0.0,0.0,0.0,0.0,0.0,0.0
2012-07-18T20:30:00,2012,200,20,0,1700.0,45,683.027,0.0,101.28457,0.0,0.108709,0.0,0.5,0.65498084,3.2165077,0.12788514796776032,0.2343783,0.0,0.06891316927482648,0.0,0.0057548330306080074,0.003933522655813515,2.298082834127331E-4,0.003703714372400782,0.002224796532701859,25.910887801438466,0.6632160834417249,-25.24767171799674,28.840574676682806,0.0,26.330654985026676,-2.5099196916561297,0.014284903782594699,8.977708839743884E-4,0.15,0.013852081001070667,153.1999969482422,69.22685785963618,10.379854237852788,9.282000504434109,0.017842698058386976,0.01595551619351769,0.0,0.0,0.0,0.0,3.2165075759493593E-4,1.0,45,0,0,0,683.027,0.0,0.0,0.0,101.28457,0.0,0.0,0.0,0.108709,0.0,0.0,0.0,"718f4615-e576-4fa4-80aa-6236231db38b",0.0,0.0,0.0,0.0,0.0,0.0,0.0,0.0,0.0,0.0,0.0,0.0,1,0,0,0,3.2165075759493593E-4,0.0,0.0,0.0,0.0,0.0,0.0,0.0,0.0,0.0
2012-07-18T21:30:00,2012,200,21,0,1701.0,45,685.51135,0.0,101.59199,0.0,0.10879886,0.0,0.5,0.6569176,3.2230818,0.1295700343091924,0.23642062,0.0,0.07569303637890679,0.0,0.005830652934049319,0.004172517307503056,2.410587648448627E-4,0.003931458542658193,0.001999062974437178,25.802013297349774,0.715332228325302,-25.086681069024472,29.460584357253566,0.0,28.449908103577208,-1.0106762536763583,0.01425870296248391,8.875628494699398E-4,0.15,0.013851429758857933,153.1999969482422,69.14773922468783,10.356746085437527,9.282000504434109,0.0177366031687656,0.015896031263228076,0.0,0.0,0.0,0.0,3.2230818305800023E-4,1.0,45,0,0,0,685.51135,0.0,0.0,0.0,101.59199,0.0,0.0,0.0,0.10879886,0.0,0.0,0.0,"718f4615-e576-4fa4-80aa-6236231db38b",0.0,0.0,0.0,0.0,0.0,0.0,0.0,0.0,0.0,0.0,0.0,0.0,1,0,0,0,3.2230818305800023E-4,0.0,0.0,0.0,0.0,0.0,0.0,0.0,0.0,0.0
2012-07-18T22:30:00,2012,200,22,0,1702.0,45,688.2898,0.0,101.903366,0.0,0.10884055,0.0,0.5,0.6593311,3.2311773,0.13123798524097127,0.23615265,0.0,0.0752298333552771,0.0,0.005905710743874542,0.004153209876003061,2.3776846680477197E-4,0.0039154414091982885,0.001689719510261567,25.71839402164871,0.7467304678777934,-24.971663553770917,29.374634037750077,0.0,28.363300204731168,-1.0113338330189094,0.014232526019668734,8.774706578527699E-4,0.15,0.013850778557783749,153.1999969482422,69.06877211121909,10.335005891185943,9.282000504434109,0.017624907209344107,0.015829153783768563,0.0,0.0,0.0,0.0,3.2311774304022206E-4,1.0,45,0,0,0,688.2898,0.0,0.0,0.0,101.903366,0.0,0.0,0.0,0.10884055,0.0,0.0,0.0,"718f4615-e576-4fa4-80aa-6236231db38b",0.0,0.0,0.0,0.0,0.0,0.0,0.0,0.0,0.0,0.0,0.0,0.0,1,0,0,0,3.2311774304022206E-4,0.0,0.0,0.0,0.0,0.0,0.0,0.0,0.0,0.0
2012-07-18T23:30:00,2012,200,23,0,1703.0,45,691.5055,0.0,102.21418,0.0,0.10880007,0.0,0.5,0.6620431,3.2402213,0.13100016045297622,0.2359621,0.0,0.07485326280217776,0.0,0.00589500862586318,0.004133770057067041,2.3447987534511231E-4,0.0038992901817219293,0.0012323721622806906,25.638527723741593,0.7942224439755448,-24.844305279766047,29.323218583808874,0.0,28.312909912394357,-1.010308671414517,0.014206373156406308,8.674929996419818E-4,0.15,0.013850127397868835,153.1999969482422,68.98996710171016,10.31431675671873,9.282000504434109,0.01750291603817838,0.015751123348971423,0.0,0.0,0.0,0.0,3.2402212412932686E-4,1.0,45,0,0,0,691.5055,0.0,0.0,0.0,102.21418,0.0,0.0,0.0,0.10880007,0.0,0.0,0.0,"718f4615-e576-4fa4-80aa-6236231db38b",0.0,0.0,0.0,0.0,0.0,0.0,0.0,0.0,0.0,0.0,0.0,0.0,1,0,0,0,3.2402212412932686E-4,0.0,0.0,0.0,0.0,0.0,0.0,0.0,0.0,0.0
2012-07-19T00:30:00,2012,201,0,0,1704.0,45,695.24194,0.0,102.52371,0.0,0.108662166,0.0,0.5,0.66520154,3.2506754,0.13045827851903796,0.23543654,0.0,0.07318363324066716,0.0,0.005870623933022196,0.004063778810421448,2.2833524074305226E-4,0.003835443569678396,6.403819038773281E-4,25.261235251844003,0.8502706612795583,-24.410964590564443,28.985922428293733,0.0,27.975828511340666,-1.0100939169530676,0.014180244574149512,8.576285800430028E-4,0.15,0.013849476279133913,153.1999969482422,68.91131324240013,10.30017324719895,9.282000504434109,0.017377857316572643,0.015660055079391586,0.0,0.0,0.0,0.0,3.250675553907593E-4,1.0,45,0,0,0,695.24194,0.0,0.0,0.0,102.52371,0.0,0.0,0.0,0.108662166,0.0,0.0,0.0,"718f4615-e576-4fa4-80aa-6236231db38b",0.0,0.0,0.0,0.0,0.0,0.0,0.0,0.0,0.0,0.0,0.0,0.0,1,0,0,0,3.250675553907593E-4,0.0,0.0,0.0,0.0,0.0,0.0,0.0,0.0,0.0
2012-07-19T01:30:00,2012,201,1,0,1705.0,45,699.0417,0.0,102.83181,0.0,0.10851182,0.0,0.5,0.6688919,3.2628052,0.12985692970712523,0.23525834,0.0,0.07294779548770272,0.0,0.0058435632300343505,0.004050175874887379,2.254330446716169E-4,0.003824742830215762,5.620557287425728E-4,25.14738248163507,0.8551834628758851,-24.292199018759185,28.948737990930454,0.0,27.938843942343095,-1.009894048587359,0.014154140473541412,8.478761187854969E-4,0.15,0.01384882520159969,153.1999969482422,68.8328139364681,10.286915033703004,9.282000504434109,0.01725384864705798,0.015568343990469639,0.0,0.0,0.0,0.0,3.2628051719410956E-4,1.0,45,0,0,0,699.0417,0.0,0.0,0.0,102.83181,0.0,0.0,0.0,0.10851182,0.0,0.0,0.0,"718f4615-e576-4fa4-80aa-6236231db38b",0.0,0.0,0.0,0.0,0.0,0.0,0.0,0.0,0.0,0.0,0.0,0.0,1,0,0,0,3.2628051719410956E-4,0.0,0.0,0.0,0.0,0.0,0.0,0.0,0.0,0.0
2012-07-19T02:30:00,2012,201,2,0,1706.0,45,702.85077,0.0,103.13941,0.0,0.10836065,0.0,0.5,0.67264736,3.275121,0.12964533859845287,0.23503396,0.0,0.07274505881793406,0.0,0.005834041627873968,0.004040804900474564,2.228158241035272E-4,0.003817989076371037,5.428069037342381E-4,25.05288421849059,0.8539941835076491,-24.19889003498294,28.913920777668572,0.0,27.90419829526702,-1.0097224824015534,0.014128061054409722,8.38234349963007E-4,0.15,0.013848174165286877,153.1999969482422,68.75446899744742,10.274114168710891,9.282000504434109,0.017131764610348967,0.015477446049741302,0.0,0.0,0.0,0.0,3.27512108158126E-4,1.0,45,0,0,0,702.85077,0.0,0.0,0.0,103.13941,0.0,0.0,0.0,0.10836065,0.0,0.0,0.0,"718f4615-e576-4fa4-80aa-6236231db38b",0.0,0.0,0.0,0.0,0.0,0.0,0.0,0.0,0.0,0.0,0.0,0.0,1,0,0,0,3.27512108158126E-4,0.0,0.0,0.0,0.0,0.0,0.0,0.0,0.0,0.0
2012-07-19T03:30:00,2012,201,3,0,1707.0,45,706.75946,0.0,103.446625,0.0,0.10819272,0.0,0.5,0.6764125,3.2874482,0.12948317929982578,0.23482528,0.0,0.07246829776201924,0.0,0.005826744457695968,0.0040258669625798955,2.1990402392365943E-4,0.0038059629386562365,4.27936491876936E-4,24.934785869311394,0.8626192648378846,-24.07216660447351,28.870497611783783,0.0,27.860906830103293,-1.0095907816804903,0.01410200651576135,8.287020218743082E-4,0.15,0.013847523170216171,153.1999969482422,68.67627468436837,10.262250135790035,9.282000504434109,0.017009833133384968,0.015385054703917968,0.0,0.0,0.0,0.0,3.2874481276639646E-4,1.0,45,0,0,0,706.75946,0.0,0.0,0.0,103.446625,0.0,0.0,0.0,0.10819272,0.0,0.0,0.0,"718f4615-e576-4fa4-80aa-6236231db38b",0.0,0.0,0.0,0.0,0.0,0.0,0.0,0.0,0.0,0.0,0.0,0.0,1,0,0,0,3.2874481276639646E-4,0.0,0.0,0.0,0.0,0.0,0.0,0.0,0.0,0.0
2012-07-19T04:30:00,2012,201,4,0,1708.0,45,710.6197,0.0,103.75201,0.0,0.10803222,0.0,0.5,0.6802795,3.3000774,0.12871013534156667,0.23397996,0.0,0.07146567988503133,0.0,0.0057919574712804464,0.0040103386503234535,2.171649772210543E-4,0.003793173673102399,4.589599170794223E-4,24.813769467607532,0.8551245696707478,-23.958644897936786,28.63166416389329,0.0,27.62215634567802,-1.009507818215269,0.014075977055776992,8.192778968664581E-4,0.15,0.013846872216408266,153.1999969482422,68.5982379254763,10.251315535124451,9.282000504434109,0.016892176394579482,0.015294933540797818,0.0,0.0,0.0,0.0,3.300077435491476E-4,1.0,45,0,0,0,710.6197,0.0,0.0,0.0,103.75201,0.0,0.0,0.0,0.10803222,0.0,0.0,0.0,"718f4615-e576-4fa4-80aa-6236231db38b",0.0,0.0,0.0,0.0,0.0,0.0,0.0,0.0,0.0,0.0,0.0,0.0,1,0,0,0,3.300077435491476E-4,0.0,0.0,0.0,0.0,0.0,0.0,0.0,0.0,0.0
2012-07-19T05:30:00,2012,201,5,0,1709.0,45,714.5037,0.0,104.05536,0.0,0.1078659,0.0,0.5,0.68409777,3.3125308,0.1278537466860249,0.23303482,0.0,0.07042819291818062,0.0,0.005753419972593013,0.003997628226778729,2.146419492198971E-4,0.003782986277558832,4.2038413697522315E-4,24.72219396181058,0.8555342666202165,-23.86665969519036,28.387332166183988,0.0,27.377853012631345,-1.0094791535526433,0.014049972871805774,8.099607511795234E-4,0.15,0.013846221303883853,153.1999969482422,68.52035851233194,10.240779232979897,9.282000504434109,0.016775832317964645,0.015205218323248618,0.0,0.0,0.0,0.0,3.312530706012076E-4,1.0,45,0,0,0,714.5037,0.0,0.0,0.0,104.05536,0.0,0.0,0.0,0.1078659,0.0,0.0,0.0,"718f4615-e576-4fa4-80aa-6236231db38b",0.0,0.0,0.0,0.0,0.0,0.0,0.0,0.0,0.0,0.0,0.0,0.0,1,0,0,0,3.312530706012076E-4,0.0,0.0,0.0,0.0,0.0,0.0,0.0,0.0,0.0
2012-07-19T06:30:00,2012,201,6,0,1710.0,45,718.34753,0.0,104.35818,0.0,0.10770767,0.0,0.5,0.6879411,3.3250413,0.12762991988712996,0.23277088,0.0,0.0702455726030373,0.0,0.00574334776424134,0.003989571462384988,2.1221195911380876E-4,0.0037773595032711787,4.520277662579815E-4,24.630878240944973,0.8490056992264396,-23.781872541718535,28.354190561830382,0.0,27.344683894138342,-1.0095066676920403,0.014023994160359956,8.007493747929699E-4,0.15,0.013845570432663615,153.1999969482422,68.4426256366421,10.23062259836193,9.282000504434109,0.016662540968513363,0.015117527031019465,0.0,0.0,0.0,0.0,3.325041238039764E-4,1.0,45,0,0,0,718.34753,0.0,0.0,0.0,104.35818,0.0,0.0,0.0,0.10770767,0.0,0.0,0.0,"718f4615-e576-4fa4-80aa-6236231db38b",0.0,0.0,0.0,0.0,0.0,0.0,0.0,0.0,0.0,0.0,0.0,0.0,1,0,0,0,3.325041238039764E-4,0.0,0.0,0.0,0.0,0.0,0.0,0.0,0.0,0.0
2012-07-19T07:30:00,2012,201,7,0,1711.0,45,722.1869,0.0,104.66021,0.0,0.107550696,0.0,0.5,0.6917436,3.337403,0.12729990441840838,0.23234227,0.0,0.07001773517257867,0.0,0.005728497064608188,0.003988861099610033,2.1027541626118628E-4,0.0037785856833488464,4.549671615468567E-4,24.641038824833945,0.846398861132857,-23.794639963701087,28.33733351727964,0.0,27.282284724467278,-1.0550487928123609,0.013998041117109707,7.916425712736971E-4,0.15,0.013844919602768227,153.1999969482422,68.36504973089222,10.218861473417117,9.282000504434109,0.016548048674753374,0.015030930456002995,0.0,0.0,0.0,0.0,3.337402988777761E-4,1.0,45,0,0,0,722.1869,0.0,0.0,0.0,104.66021,0.0,0.0,0.0,0.107550696,0.0,0.0,0.0,"718f4615-e576-4fa4-80aa-6236231db38b",0.0,0.0,0.0,0.0,0.0,0.0,0.0,0.0,0.0,0.0,0.0,0.0,1,0,0,0,3.337402988777761E-4,0.0,0.0,0.0,0.0,0.0,0.0,0.0,0.0,0.0
2012-07-19T08:30:00,2012,201,8,0,1712.0,45,725.47205,0.0,104.959305,0.0,0.10748646,0.0,0.5,0.6955419,3.3497314,0.12605934074823072,0.2308061,0.0,0.06678537753287296,0.0,0.005672671686140387,0.003882531460555885,2.030858337732414E-4,0.0036794456267826435,8.998387501533087E-4,24.80962121034932,0.7855259282381286,-24.02409528211119,28.096553394826667,0.0,26.20544347965931,-1.891109915167359,0.013972113936877913,7.826391576257011E-4,0.15,0.013844268814218363,153.1999969482422,68.2876270665309,10.20231100431892,9.282000504434109,0.016441742186026224,0.014958597047263704,0.0,0.0,0.0,0.0,3.3497315410403375E-4,1.0,45,0,0,0,725.47205,0.0,0.0,0.0,104.959305,0.0,0.0,0.0,0.10748646,0.0,0.0,0.0,"718f4615-e576-4fa4-80aa-6236231db38b",0.0,0.0,0.0,0.0,0.0,0.0,0.0,0.0,0.0,0.0,0.0,0.0,1,0,0,0,3.3497315410403375E-4,0.0,0.0,0.0,0.0,0.0,0.0,0.0,0.0,0.0
2012-07-19T09:30:00,2012,201,9,0,1713.0,45,728.07275,0.0,105.26246,0.0,0.107547745,0.0,0.5,0.6987759,3.3602657,0.12777325178407098,0.23352844,0.0,0.06850917118066743,0.0,0.005749797701141471,0.0038007439763181037,1.9621469759884566E-4,0.003604529278719258,0.0015066955775540436,25.03833427111875,0.711653145276679,-24.32668112584207,29.175886736003278,0.0,26.411548931260455,-2.764337804742823,0.013946212813635063,7.737379641413518E-4,0.15,0.013843618067034689,153.1999969482422,68.21035745488224,10.180204805169664,9.282000504434109,0.01634559561511757,0.01490341595757991,0.0,0.0,0.0,0.0,3.360265665991581E-4,1.0,45,0,0,0,728.07275,0.0,0.0,0.0,105.26246,0.0,0.0,0.0,0.107547745,0.0,0.0,0.0,"718f4615-e576-4fa4-80aa-6236231db38b",0.0,0.0,0.0,0.0,0.0,0.0,0.0,0.0,0.0,0.0,0.0,0.0,1,0,0,0,3.360265665991581E-4,0.0,0.0,0.0,0.0,0.0,0.0,0.0,0.0,0.0
2012-07-19T10:30:00,2012,201,10,0,1714.0,45,730.4048,0.0,105.56831,0.0,0.10765936,0.0,0.5,0.70130974,3.3685951,0.128909074457152,0.23536564,0.0,0.07111093014863969,0.0,0.005800909733616171,0.003815331370388184,1.9463586396085313E-4,0.003620695506427331,0.001792604334638104,25.15922295572242,0.682500963855415,-24.476721991867006,29.955182611446908,0.0,27.059872528218477,-2.8953100832284306,0.01392033794049417,7.649378342542631E-4,0.15,0.013842967361237864,153.1999969482422,68.13324421230799,10.155322008082427,9.282000504434109,0.016252767543382087,0.014855087452279472,0.0,0.0,0.0,0.0,3.368595108383694E-4,1.0,45,0,0,0,730.4048,0.0,0.0,0.0,105.56831,0.0,0.0,0.0,0.10765936,0.0,0.0,0.0,"718f4615-e576-4fa4-80aa-6236231db38b",0.0,0.0,0.0,0.0,0.0,0.0,0.0,0.0,0.0,0.0,0.0,0.0,1,0,0,0,3.368595108383694E-4,0.0,0.0,0.0,0.0,0.0,0.0,0.0,0.0,0.0
2012-07-19T11:30:00,2012,201,11,0,1715.0,45,732.5778,0.0,105.87555,0.0,0.10779992,0.0,0.5,0.70356846,3.3760571,0.12949345748819505,0.23574539,0.0,0.07122326488682844,0.0,0.005827206976282858,0.0037825356830438004,1.910030657034115E-4,0.003591532617340389,0.0019202419695860309,25.170486801433015,0.6649916193800317,-24.505495182052982,30.177124116303276,0.0,27.046535490814087,-3.130588625489189,0.013894489509705786,7.562376243937485E-4,0.15,0.013842316696848541,153.1999969482422,68.05627663350595,10.130112774355673,9.282000504434109,0.01616415531551067,0.0148108615505383,0.0,0.0,0.0,0.0,3.3760570334229846E-4,1.0,45,0,0,0,732.5778,0.0,0.0,0.0,105.87555,0.0,0.0,0.0,0.10779992,0.0,0.0,0.0,"718f4615-e576-4fa4-80aa-6236231db38b",0.0,0.0,0.0,0.0,0.0,0.0,0.0,0.0,0.0,0.0,0.0,0.0,1,0,0,0,3.3760570334229846E-4,0.0,0.0,0.0,0.0,0.0,0.0,0.0,0.0,0.0
2012-07-19T12:30:00,2012,201,12,0,1716.0,45,734.1751,0.0,106.186966,0.0,0.10804557,0.0,0.5,0.70566434,3.383004,0.13125263484223476,0.23780125,0.0,0.07209459665128001,0.0,0.005906369976088571,0.0036863481800458453,1.8368488078658647E-4,0.003502663299259259,0.002404001104293384,25.300692739043477,0.603979386100541,-24.696713352942936,31.104450882459012,0.0,27.15747103891624,-3.946979843542774,0.01386866771265303,7.476362038408359E-4,0.15,0.013841666073887373,153.1999969482422,67.97946504492222,10.102348327545704,9.282000504434109,0.016086845281172525,0.014780534304826592,0.0,0.0,0.0,0.0,3.3830039580794115E-4,1.0,45,0,0,0,734.1751,0.0,0.0,0.0,106.186966,0.0,0.0,0.0,0.10804557,0.0,0.0,0.0,"718f4615-e576-4fa4-80aa-6236231db38b",0.0,0.0,0.0,0.0,0.0,0.0,0.0,0.0,0.0,0.0,0.0,0.0,1,0,0,0,3.3830039580794115E-4,0.0,0.0,0.0,0.0,0.0,0.0,0.0,0.0,0.0
2012-07-19T13:30:00,2012,201,13,0,1717.0,45,735.53186,0.0,106.49774,0.0,0.10833057,0.0,0.5,0.70717114,3.3881066,0.13098369949394265,0.23822208,0.0,0.07428104138733457,0.0,0.005894267882530063,0.003756171741013515,1.8540057821019279E-4,0.003570771162803322,0.0027137463850200006,25.42688773931531,0.5788170602090968,-24.84807067910621,31.426666053431106,0.0,27.73119211109094,-3.695473942340165,0.013842872739846718,7.391324545858354E-4,0.15,0.013841015492374998,153.1999969482422,67.9028057513451,10.07264304498776,9.282000504434109,0.01601287233144219,0.014755957139953034,0.0,0.0,0.0,0.0,3.388106587432311E-4,1.0,45,0,0,0,735.53186,0.0,0.0,0.0,106.49774,0.0,0.0,0.0,0.10833057,0.0,0.0,0.0,"718f4615-e576-4fa4-80aa-6236231db38b",0.0,0.0,0.0,0.0,0.0,0.0,0.0,0.0,0.0,0.0,0.0,0.0,1,0,0,0,3.388106587432311E-4,0.0,0.0,0.0,0.0,0.0,0.0,0.0,0.0,0.0
2012-07-19T14:30:00,2012,201,14,0,1718.0,45,737.01135,0.0,106.80952,0.0,0.10859513,0.0,0.5,0.7084327,3.3924382,0.13140598817027646,0.23791021,0.0,0.07509897623649683,0.0,0.0059132708774957505,0.0038010779427681647,1.8602332849806195E-4,0.0036150546142701026,0.0026369202957086746,25.402211153642163,0.5912937748976521,-24.810917378744513,31.350424953833453,0.0,27.979927089579284,-3.370497864254169,0.01381710478092051,7.307252711874378E-4,0.15,0.013840364952332056,153.1999969482422,67.82629508498968,10.044201087619264,9.282000504434109,0.01593807045770782,0.01472861571942257,0.0,0.0,0.0,0.0,3.392438218915319E-4,1.0,45,0,0,0,737.01135,0.0,0.0,0.0,106.80952,0.0,0.0,0.0,0.10859513,0.0,0.0,0.0,"718f4615-e576-4fa4-80aa-6236231db38b",0.0,0.0,0.0,0.0,0.0,0.0,0.0,0.0,0.0,0.0,0.0,0.0,1,0,0,0,3.392438218915319E-4,0.0,0.0,0.0,0.0,0.0,0.0,0.0,0.0,0.0
2012-07-19T15:30:00,2012,201,15,0,1719.0,45,738.3483,0.0,107.12276,0.0,0.10888572,0.0,0.5,0.7098191,3.397159,0.13202213401363888,0.23802213,0.0,0.0751262325283293,0.0,0.005940997447057587,0.0037788702467095145,1.8316272511637236E-4,0.003595707521593142,0.002758692798021018,25.49264774232001,0.5760799057697809,-24.91656783655023,31.53039496732852,0.0,27.937757647945666,-3.5926373193828525,0.013791364024626164,7.224135606333326E-4,0.15,0.013839714453779177,153.1999969482422,67.74993981755946,10.014642842290957,9.282000504434109,0.015865394825029123,0.014704728375043948,0.0,0.0,0.0,0.0,3.397159127252648E-4,1.0,45,0,0,0,738.3483,0.0,0.0,0.0,107.12276,0.0,0.0,0.0,0.10888572,0.0,0.0,0.0,"718f4615-e576-4fa4-80aa-6236231db38b",0.0,0.0,0.0,0.0,0.0,0.0,0.0,0.0,0.0,0.0,0.0,0.0,1,0,0,0,3.397159127252648E-4,0.0,0.0,0.0,0.0,0.0,0.0,0.0,0.0,0.0
2012-07-19T16:30:00,2012,201,16,0,1720.0,45,739.8765,0.0,107.434746,0.0,0.10914029,0.0,0.5,0.71105945,3.401423,0.13149662951726407,0.23751599,0.0,0.07539241814280223,0.0,0.005917349739082669,0.0038077794619880037,1.830377989579652E-4,0.0036247416630300383,0.0025951151867752193,25.481520042291905,0.5958084506933418,-24.885711591598564,31.388993541365203,0.0,28.0308278464235,-3.358165694941704,0.013765650658828787,7.141962422023264E-4,0.15,0.013839063996736987,153.1999969482422,67.67373973759585,9.98610244444662,9.282000504434109,0.01578975762884527,0.014676450506207054,0.0,0.0,0.0,0.0,3.4014229869218555E-4,1.0,45,0,0,0,739.8765,0.0,0.0,0.0,107.434746,0.0,0.0,0.0,0.10914029,0.0,0.0,0.0,"718f4615-e576-4fa4-80aa-6236231db38b",0.0,0.0,0.0,0.0,0.0,0.0,0.0,0.0,0.0,0.0,0.0,0.0,1,0,0,0,3.4014229869218555E-4,0.0,0.0,0.0,0.0,0.0,0.0,0.0,0.0,0.0
2012-07-19T17:30:00,2012,201,17,0,1721.0,45,741.73145,0.0,107.74524,0.0,0.10933502,0.0,0.5,0.7124955,3.4062939,0.13086311863290503,0.23644057,0.0,0.07530852506001857,0.0,0.005888841742489677,0.003854954519602776,1.8394467056581133E-4,0.0036710098490369647,0.0023140739089518893,25.411694604950377,0.6294095531163593,-24.782285051834016,30.99742681263762,0.0,28.06697523869464,-2.9304515739429817,0.013739964870502216,7.06072247327951E-4,0.15,0.013838413581226106,153.1999969482422,67.59768771955896,9.959552226858092,9.282000504434109,0.015709414968049625,0.014640698129438,0.0,0.0,0.0,0.0,3.4062939868816707E-4,1.0,45,0,0,0,741.73145,0.0,0.0,0.0,107.74524,0.0,0.0,0.0,0.10933502,0.0,0.0,0.0,"718f4615-e576-4fa4-80aa-6236231db38b",0.0,0.0,0.0,0.0,0.0,0.0,0.0,0.0,0.0,0.0,0.0,0.0,1,0,0,0,3.4062939868816707E-4,0.0,0.0,0.0,0.0,0.0,0.0,0.0,0.0,0.0
2012-07-19T18:30:00,2012,201,18,0,1722.0,45,743.65173,0.0,108.05085,0.0,0.10950948,0.0,0.5,0.71426547,3.4122024,0.12880672671243057,0.23366201,0.0,0.07281646739849769,0.0,0.005796304084005635,0.0038839969636216753,1.8440922975969257E-4,0.0036995877338619827,0.002272809383240953,25.358504027659155,0.6358816833314884,-24.722622344327668,30.030743675848584,0.0,27.428837139567833,-2.601906536280751,0.013714306845724392,6.980405194635415E-4,0.15,0.013837763207267147,153.1999969482422,67.52178704286733,9.93437265128345,9.282000504434109,0.01562989175509677,0.014603505248649583,0.0,0.0,0.0,0.0,3.412202421378217E-4,1.0,45,0,0,0,743.65173,0.0,0.0,0.0,108.05085,0.0,0.0,0.0,0.10950948,0.0,0.0,0.0,"718f4615-e576-4fa4-80aa-6236231db38b",0.0,0.0,0.0,0.0,0.0,0.0,0.0,0.0,0.0,0.0,0.0,0.0,1,0,0,0,3.412202421378217E-4,0.0,0.0,0.0,0.0,0.0,0.0,0.0,0.0,0.0
2012-07-19T19:30:00,2012,201,19,0,1723.0,45,745.90735,0.0,108.36022,0.0,0.10963155,0.0,0.5,0.7161041,3.4183147,0.130392723125688,0.23496956,0.0,0.0750264862158568,0.0,0.005867673939618115,0.003898045208612707,1.8294354531953283E-4,0.0037151016632931745,0.0019552722593956635,25.224763386041918,0.6697919162180155,-24.5549714698239,30.49258015004314,0.0,28.09532328476765,-2.3972568652754873,0.01368867676967284,6.901000139487725E-4,0.15,0.01383711287488072,153.1999969482422,67.4460340727772,9.912042332188639,9.282000504434109,0.015547151717938265,0.014558923908121805,0.0,0.0,0.0,0.0,3.418314623659554E-4,1.0,45,0,0,0,745.90735,0.0,0.0,0.0,108.36022,0.0,0.0,0.0,0.10963155,0.0,0.0,0.0,"718f4615-e576-4fa4-80aa-6236231db38b",0.0,0.0,0.0,0.0,0.0,0.0,0.0,0.0,0.0,0.0,0.0,0.0,1,0,0,0,3.418314623659554E-4,0.0,0.0,0.0,0.0,0.0,0.0,0.0,0.0,0.0
2012-07-19T20:30:00,2012,201,20,0,1724.0,45,748.81146,0.0,108.66409,0.0,0.109632686,0.0,0.5,0.7182835,3.4254885,0.12807364003248772,0.23217729,0.0,0.0755088808113904,0.0,0.00576331517554304,0.0040872195141274026,1.909361430459439E-4,0.0038962833710814585,0.001490452445908694,25.08760046216326,0.7361206956111543,-24.351479766552103,29.513493788648162,0.0,28.504881818064455,-1.0086119705837078,0.01366307482662019,6.822496978776373E-4,0.15,0.013836462584087425,153.1999969482422,67.37043551064878,9.892369403539979,9.282000504434109,0.01545326861825182,0.014499786780954645,0.0,0.0,0.0,0.0,3.425488590366241E-4,1.0,45,0,0,0,748.81146,0.0,0.0,0.0,108.66409,0.0,0.0,0.0,0.109632686,0.0,0.0,0.0,"718f4615-e576-4fa4-80aa-6236231db38b",0.0,0.0,0.0,0.0,0.0,0.0,0.0,0.0,0.0,0.0,0.0,0.0,1,0,0,0,3.425488590366241E-4,0.0,0.0,0.0,0.0,0.0,0.0,0.0,0.0,0.0
2012-07-19T21:30:00,2012,201,21,0,1725.0,45,751.82544,0.0,108.97096,0.0,0.10961997,0.0,0.5,0.7211267,3.4347157,0.12933867255231135,0.23179549,0.0,0.07514759463494482,0.0,0.00582024165250743,0.004072570474663137,1.8849965187538024E-4,0.0038840708227877566,0.0013689454409029497,25.003174597119795,0.7458878467499649,-24.25728675036983,29.44321771277481,0.0,28.433477238395255,-1.009740474379555,0.013637501199929751,6.744885499678533E-4,0.15,0.013835812334907861,153.1999969482422,67.29498771432185,9.873764491669231,9.282000504434109,0.015359252446317796,0.014438726898412281,0.0,0.0,0.0,0.0,3.434715676726709E-4,1.0,45,0,0,0,751.82544,0.0,0.0,0.0,108.97096,0.0,0.0,0.0,0.10961997,0.0,0.0,0.0,"718f4615-e576-4fa4-80aa-6236231db38b",0.0,0.0,0.0,0.0,0.0,0.0,0.0,0.0,0.0,0.0,0.0,0.0,1,0,0,0,3.434715676726709E-4,0.0,0.0,0.0,0.0,0.0,0.0,0.0,0.0,0.0
2012-07-19T22:30:00,2012,201,22,0,1726.0,45,755.0113,0.0,109.27727,0.0,0.10957726,0.0,0.5,0.72408086,3.444281,0.12909844986608762,0.23149198,0.0,0.07481890820120021,0.0,0.005809431629050052,0.004054573025964987,1.8590799638278657E-4,0.0038686650295822003,0.0011785202995285452,24.8985365074979,0.7622188410443069,-24.136317666453593,29.387201625142765,0.0,28.37822483683059,-1.0089767883121752,0.013611956072051169,6.66815560431682E-4,0.15,0.013835162127362617,153.1999969482422,67.21969049141282,9.856557315186432,9.282000504434109,0.01526411307296841,0.014374339915290415,0.0,0.0,0.0,0.0,3.4442810737787095E-4,1.0,45,0,0,0,755.0113,0.0,0.0,0.0,109.27727,0.0,0.0,0.0,0.10957726,0.0,0.0,0.0,"718f4615-e576-4fa4-80aa-6236231db38b",0.0,0.0,0.0,0.0,0.0,0.0,0.0,0.0,0.0,0.0,0.0,0.0,1,0,0,0,3.4442810737787095E-4,0.0,0.0,0.0,0.0,0.0,0.0,0.0,0.0,0.0
2012-07-19T23:30:00,2012,201,23,0,1727.0,45,758.51654,0.0,109.58289,0.0,0.10947994,0.0,0.5,0.7272106,3.4543798,0.1288152950917516,0.23116657,0.0,0.0744962898710529,0.0,0.00579668966116701,0.004037929611469168,1.834148097150514E-4,0.0038545148017541165,8.418220505634716E-4,24.813741602709058,0.7933117206089455,-24.020429882100114,29.343926858089503,0.0,28.33576673544733,-1.008160122642174,0.013586439624516106,6.59229730848147E-4,0.15,0.01383451196147228,153.1999969482422,67.14454364927363,9.84023124094448,9.282000504434109,0.015163694623466839,0.014303466828955806,0.0,0.0,0.0,0.0,3.4543799155870914E-4,1.0,45,0,0,0,758.51654,0.0,0.0,0.0,109.58289,0.0,0.0,0.0,0.10947994,0.0,0.0,0.0,"718f4615-e576-4fa4-80aa-6236231db38b",0.0,0.0,0.0,0.0,0.0,0.0,0.0,0.0,0.0,0.0,0.0,0.0,1,0,0,0,3.4543799155870914E-4,0.0,0.0,0.0,0.0,0.0,0.0,0.0,0.0,0.0
2012-07-20T00:30:00,2012,202,0,0,1728.0,45,762.0722,0.0,109.88766,0.0,0.1093737,0.0,0.5,0.7306665,3.465477,0.1284486888047746,0.23073639,0.0,0.07449901172447765,0.0,0.005780192374319787,0.004045419233495988,1.821018523218212E-4,0.003863317381174167,7.979657516099039E-4,24.840448751850996,0.7968608339652363,-24.04358791788576,29.35222706433131,0.0,28.34508730221487,-1.007139762116438,0.01356095203793403,6.517300740366367E-4,0.15,0.013833861837257428,153.1999969482422,67.06954699499482,9.822372040431473,9.282000504434109,0.015060725024710788,0.014232168838757215,0.0,0.0,0.0,0.0,3.465477032687872E-4,1.0,45,0,0,0,762.0722,0.0,0.0,0.0,109.88766,0.0,0.0,0.0,0.1093737,0.0,0.0,0.0,"718f4615-e576-4fa4-80aa-6236231db38b",0.0,0.0,0.0,0.0,0.0,0.0,0.0,0.0,0.0,0.0,0.0,0.0,1,0,0,0,3.465477032687872E-4,0.0,0.0,0.0,0.0,0.0,0.0,0.0,0.0,0.0
2012-07-20T01:30:00,2012,202,1,0,1729.0,45,765.6206,0.0,110.19216,0.0,0.10926932,0.0,0.5,0.73417425,3.476719,0.12833923092769053,0.23037836,0.0,0.07426803527508308,0.0,0.005775266768676648,0.004034982295715141,1.79933278427078E-4,0.0038550490172880626,7.945311966761314E-4,24.75027762518434,0.7944803981148582,-23.955797227069482,29.30936878224518,0.0,28.303175844872666,-1.0061929373725143,0.013535493491988022,6.443156139318771E-4,0.15,0.013833211754738634,153.1999969482422,66.9947003354084,9.805205806801949,9.282000504434109,0.014959994027515234,0.014161729477763771,0.0,0.0,0.0,0.0,3.476718894125848E-4,1.0,45,0,0,0,765.6206,0.0,0.0,0.0,110.19216,0.0,0.0,0.0,0.10926932,0.0,0.0,0.0,"718f4615-e576-4fa4-80aa-6236231db38b",0.0,0.0,0.0,0.0,0.0,0.0,0.0,0.0,0.0,0.0,0.0,0.0,1,0,0,0,3.476718894125848E-4,0.0,0.0,0.0,0.0,0.0,0.0,0.0,0.0,0.0
2012-07-20T02:30:00,2012,202,2,0,1730.0,45,769.1517,0.0,110.49612,0.0,0.10916797,0.0,0.5,0.73767465,3.4879227,0.12810947687371296,0.23003678,0.0,0.074013208331543,0.0,0.005764927833782663,0.004021795437037105,1.7765565619639212E-4,0.0038441397808407127,7.981342459863701E-4,24.642765325801633,0.7911468348709009,-23.851618490930733,29.26139016809166,0.0,28.256007254789157,-1.0053829133025012,0.013510064165430654,6.369853854602604E-4,0.15,0.013832561713936467,153.1999969482422,66.92000347709066,9.78908849975795,9.282000504434109,0.014862226688847116,0.014092343288785678,0.0,0.0,0.0,0.0,3.487922787589394E-4,1.0,45,0,0,0,769.1517,0.0,0.0,0.0,110.49612,0.0,0.0,0.0,0.10916797,0.0,0.0,0.0,"718f4615-e576-4fa4-80aa-6236231db38b",0.0,0.0,0.0,0.0,0.0,0.0,0.0,0.0,0.0,0.0,0.0,0.0,1,0,0,0,3.487922787589394E-4,0.0,0.0,0.0,0.0,0.0,0.0,0.0,0.0,0.0
2012-07-20T03:30:00,2012,202,3,0,1731.0,45,772.72876,0.0,110.79944,0.0,0.10905903,0.0,0.5,0.7411576,3.499057,0.12784361535655564,0.22967575,0.0,0.07378111622314754,0.0,0.005752964062658198,0.004010720332841226,1.7550714817958333E-4,0.0038352131846616424,7.404009293135097E-4,24.55595781297126,0.7941680626196004,-23.76178975035166,29.222084850432367,0.0,28.217321681330546,-1.004763169101821,0.013484664236079944,6.297384344175168E-4,0.15,0.013831911714871487,153.1999969482422,66.8454562263652,9.77364458058829,9.282000504434109,0.014765389395775584,0.014022645359128215,0.0,0.0,0.0,0.0,3.499057141049115E-4,1.0,45,0,0,0,772.72876,0.0,0.0,0.0,110.79944,0.0,0.0,0.0,0.10905903,0.0,0.0,0.0,"718f4615-e576-4fa4-80aa-6236231db38b",0.0,0.0,0.0,0.0,0.0,0.0,0.0,0.0,0.0,0.0,0.0,0.0,1,0,0,0,3.499057141049115E-4,0.0,0.0,0.0,0.0,0.0,0.0,0.0,0.0,0.0
2012-07-20T04:30:00,2012,202,4,0,1732.0,45,776.3209,0.0,111.10214,0.0,0.10894772,0.0,0.5,0.7446878,3.5103216,0.1275825555912508,0.22929892,0.0,0.0735775746390016,0.0,0.0057412163704186146,0.004001822335496288,1.7348251468977052E-4,0.003828339820806518,7.158536037747121E-4,24.47879934661061,0.7940681647047622,-23.68473118190585,29.187082741602573,0.0,28.182708514328514,-1.0043742272740595,0.01345929388081536,6.225738173477146E-4,0.15,0.013831261757564254,153.1999969482422,66.77105838930576,9.75866076833959,9.282000504434109,0.014669851981236458,0.013953305348165997,0.0,0.0,0.0,0.0,3.510321656027558E-4,1.0,45,0,0,0,776.3209,0.0,0.0,0.0,111.10214,0.0,0.0,0.0,0.10894772,0.0,0.0,0.0,"718f4615-e576-4fa4-80aa-6236231db38b",0.0,0.0,0.0,0.0,0.0,0.0,0.0,0.0,0.0,0.0,0.0,0.0,1,0,0,0,3.510321656027558E-4,0.0,0.0,0.0,0.0,0.0,0.0,0.0,0.0,0.0
2012-07-20T05:30:00,2012,202,5,0,1733.0,45,779.9153,0.0,111.40426,0.0,0.10883621,0.0,0.5,0.7482335,3.5216184,0.1273329721024568,0.22891289,0.0,0.07338072191058373,0.0,0.005729985110745143,0.003993479654239699,1.7150516538079835E-4,0.003821974488858901,7.046805911675821E-4,24.404068955645872,0.7926980231531183,-23.611370932492754,29.15285582362963,0.0,28.148614487410892,-1.0042413362187368,0.013433953275573875,6.154906014235742E-4,0.15,0.013830611842035313,153.1999969482422,66.69680977173908,9.744087835288106,9.282000504434109,0.014575807812672068,0.013884589071518415,0.0,0.0,0.0,0.0,3.5216184241667296E-4,1.0,45,0,0,0,779.9153,0.0,0.0,0.0,111.40426,0.0,0.0,0.0,0.10883621,0.0,0.0,0.0,"718f4615-e576-4fa4-80aa-6236231db38b",0.0,0.0,0.0,0.0,0.0,0.0,0.0,0.0,0.0,0.0,0.0,0.0,1,0,0,0,3.5216184241667296E-4,0.0,0.0,0.0,0.0,0.0,0.0,0.0,0.0,0.0
2012-07-20T06:30:00,2012,202,6,0,1734.0,45,783.54016,0.0,111.705765,0.0,0.1087199,0.0,0.5,0.75178176,3.5329072,0.1270763302251019,0.22851124,0.0,0.07319215770730142,0.0,0.005718436223510705,0.003986209194330368,1.6960025366443207E-4,0.0038166089406659357,6.662689581923571E-4,24.339548396493186,0.7941177113984006,-23.545430685094786,29.122208311190306,0.0,28.117835241863837,-1.0043730693264692,0.013408642595346104,6.084878643280844E-4,0.15,0.013829961968305214,153.1999969482422,66.62271017924782,9.7297347938628,9.282000504434109,0.01448234153096452,0.013815906008105247,0.0,0.0,0.0,0.0,3.532907197717427E-4,1.0,45,0,0,0,783.54016,0.0,0.0,0.0,111.705765,0.0,0.0,0.0,0.1087199,0.0,0.0,0.0,"718f4615-e576-4fa4-80aa-6236231db38b",0.0,0.0,0.0,0.0,0.0,0.0,0.0,0.0,0.0,0.0,0.0,0.0,1,0,0,0,3.532907197717427E-4,0.0,0.0,0.0,0.0,0.0,0.0,0.0,0.0,0.0
2012-07-20T07:30:00,2012,202,7,0,1735.0,45,787.1498,0.0,112.0065,0.0,0.108606,0.0,0.5,0.7553614,3.5442767,0.12675320273664775,0.22802523,0.0,0.07235935049672249,0.0,0.005703895483063486,0.003948862495560718,1.664551667973044E-4,0.003782407328763414,6.433917956400299E-4,24.34383046827902,0.7910105475503999,-23.55281992072862,29.113234474330966,0.0,27.86628936723749,-1.2469451070934774,0.013383362014172484,6.015646941374057E-4,0.15,0.013829312136394493,153.1999969482422,66.54875941717334,9.714245054799385,9.282000504434109,0.014388420345102399,0.013748193930445227,0.0,0.0,0.0,0.0,3.5442767224909714E-4,1.0,45,0,0,0,787.1498,0.0,0.0,0.0,112.0065,0.0,0.0,0.0,0.108606,0.0,0.0,0.0,"718f4615-e576-4fa4-80aa-6236231db38b",0.0,0.0,0.0,0.0,0.0,0.0,0.0,0.0,0.0,0.0,0.0,0.0,1,0,0,0,3.5442767224909714E-4,0.0,0.0,0.0,0.0,0.0,0.0,0.0,0.0,0.0
2012-07-20T08:30:00,2012,202,8,0,1736.0,45,790.2919,0.0,112.30942,0.0,0.1085714,0.0,0.5,0.7589258,3.5555835,0.1276731169298972,0.2291283,0.0,0.07228991213419313,0.0,0.00574529163162932,0.003850646883754122,1.6040446600933407E-4,0.003690242417744788,0.0010148990820724733,24.480301294838704,0.7438258009350758,-23.736475493903626,29.736112974661225,0.0,27.67292749455177,-2.0631854801094534,0.013358111705139517,5.947201892050493E-4,0.15,0.01382866234632368,153.1999969482422,66.47495729061868,9.695050515793609,9.282000504434109,0.014299854531664956,0.013690620462474557,0.0,0.0,0.0,0.0,3.555583431237265E-4,1.0,45,0,0,0,790.2919,0.0,0.0,0.0,112.30942,0.0,0.0,0.0,0.1085714,0.0,0.0,0.0,"718f4615-e576-4fa4-80aa-6236231db38b",0.0,0.0,0.0,0.0,0.0,0.0,0.0,0.0,0.0,0.0,0.0,0.0,1,0,0,0,3.555583431237265E-4,0.0,0.0,0.0,0.0,0.0,0.0,0.0,0.0,0.0
2012-07-20T09:30:00,2012,202,9,0,1737.0,45,792.61597,0.0,112.6082,0.0,0.10866127,0.0,0.5,0.76201224,3.5654135,0.12592944545519494,0.2278703,0.0,0.07048447962056699,0.0,0.0056668263965601534,0.003809978930479334,1.5744511794110844E-4,0.003652533812538226,0.0017880439185314241,24.57000611048675,0.6636533355642869,-23.906352774922464,29.509607640328603,0.0,27.062195403883184,-2.4474122364454196,0.01333289184037609,5.879534580473158E-4,0.15,0.013828012598113306,153.1999969482422,66.4012969087078,9.673427319837728,9.282000504434109,0.01422546539588088,0.013649844322455845,0.0,0.0,0.0,0.0,3.565413589436251E-4,1.0,45,0,0,0,792.61597,0.0,0.0,0.0,112.6082,0.0,0.0,0.0,0.10866127,0.0,0.0,0.0,"718f4615-e576-4fa4-80aa-6236231db38b",0.0,0.0,0.0,0.0,0.0,0.0,0.0,0.0,0.0,0.0,0.0,0.0,1,0,0,0,3.565413589436251E-4,0.0,0.0,0.0,0.0,0.0,0.0,0.0,0.0,0.0
2012-07-20T10:30:00,2012,202,10,0,1738.0,45,794.6807,0.0,112.90449,0.0,0.10878814,0.0,0.5,0.76426566,3.5726774,0.12487574090720822,0.22685324,0.0,0.06924543053894244,0.0,0.005619409680595728,0.0037823332696538745,1.5500829931762683E-4,0.0036273249703362475,0.0020172814420389056,24.582589055108865,0.6380917820825219,-23.944497273026343,29.299854302230585,0.0,26.68187475684104,-2.617979545389545,0.013307702591049839,5.81263619229984E-4,0.15,0.013827362891783893,153.1999969482422,66.3277981633057,9.651478311035746,9.282000504434109,0.014156372849901433,0.013614438710751383,0.0,0.0,0.0,0.0,3.572677409677984E-4,1.0,45,0,0,0,794.6807,0.0,0.0,0.0,112.90449,0.0,0.0,0.0,0.10878814,0.0,0.0,0.0,"718f4615-e576-4fa4-80aa-6236231db38b",0.0,0.0,0.0,0.0,0.0,0.0,0.0,0.0,0.0,0.0,0.0,0.0,1,0,0,0,3.572677409677984E-4,0.0,0.0,0.0,0.0,0.0,0.0,0.0,0.0,0.0
2012-07-20T11:30:00,2012,202,11,0,1739.0,45,795.93494,0.0,113.20433,0.0,0.10904912,0.0,0.5,0.7662553,3.5791254,0.12637704031273259,0.22852823,0.0,0.07097745363544347,0.0,0.005686968169951519,0.0037465816300459435,1.516618914638479E-4,0.0035949197385820955,0.002795591917829766,24.755490747695564,0.5594220178611796,-24.196068729834384,30.12742216709524,0.0,26.999592750937982,-3.127829416157258,0.013282544127363573,5.746498012562331E-4,0.15,0.013826713227355954,153.1999969482422,66.25444077158691,9.626274276319915,9.282000504434109,0.014099666878138503,0.01359540683327244,0.0,0.0,0.0,0.0,3.579125332126882E-4,1.0,45,0,0,0,795.93494,0.0,0.0,0.0,113.20433,0.0,0.0,0.0,0.10904912,0.0,0.0,0.0,"718f4615-e576-4fa4-80aa-6236231db38b",0.0,0.0,0.0,0.0,0.0,0.0,0.0,0.0,0.0,0.0,0.0,0.0,1,0,0,0,3.579125332126882E-4,0.0,0.0,0.0,0.0,0.0,0.0,0.0,0.0,0.0
2012-07-20T12:30:00,2012,202,12,0,1740.0,45,796.75726,0.0,113.50863,0.0,0.109385304,0.0,0.5,0.7674166,3.58304,0.12825316230097833,0.23062271,0.0,0.07471397020374554,0.0,0.005771393679551183,0.003781808040750909,1.5115235950312106E-4,0.0036306556812477878,0.003267225907061571,24.96395986715914,0.5176514451176063,-24.446308422041533,31.18151208084346,0.0,27.95112621224676,-3.230385868596702,0.01325741661855178,5.681111424557894E-4,0.15,0.01382606360485,153.1999969482422,66.18122457811995,9.597775688338547,9.282000504434109,0.014047265971847205,0.013585098680210649,0.0,0.0,0.0,0.0,3.5830399012723896E-4,1.0,45,0,0,0,796.75726,0.0,0.0,0.0,113.50863,0.0,0.0,0.0,0.109385304,0.0,0.0,0.0,"718f4615-e576-4fa4-80aa-6236231db38b",0.0,0.0,0.0,0.0,0.0,0.0,0.0,0.0,0.0,0.0,0.0,0.0,1,0,0,0,3.5830399012723896E-4,0.0,0.0,0.0,0.0,0.0,0.0,0.0,0.0,0.0
2012-07-20T13:30:00,2012,202,13,0,1741.0,45,797.52905,0.0,113.81428,0.0,0.109731175,0.0,0.5,0.7681354,3.5856056,0.12882301473707497,0.23068793,0.0,0.07535300181899733,0.0,0.005797037045289385,0.003784636900733222,1.4982091570337822E-4,0.0036348159850298437,0.003321986034748072,25.05886543490811,0.5126453827450543,-24.546220052163058,31.385232886008794,0.0,28.094868925911904,-3.29036396009689,0.013232320232877163,5.616467908752811E-4,0.15,0.013825414024286532,153.1999969482422,66.10816935291606,9.568543260946988,9.282000504434109,0.013994933819902147,0.013575836909891082,0.0,0.0,0.0,0.0,3.5856055094420026E-4,1.0,45,0,0,0,797.52905,0.0,0.0,0.0,113.81428,0.0,0.0,0.0,0.109731175,0.0,0.0,0.0,"718f4615-e576-4fa4-80aa-6236231db38b",0.0,0.0,0.0,0.0,0.0,0.0,0.0,0.0,0.0,0.0,0.0,0.0,1,0,0,0,3.5856055094420026E-4,0.0,0.0,0.0,0.0,0.0,0.0,0.0,0.0,0.0
2012-07-20T14:30:00,2012,202,14,0,1742.0,45,798.1801,0.0,114.118996,0.0,0.11009456,0.0,0.5,0.7688021,3.5880127,0.12842978314584413,0.2300333,0.0,0.07566108548443308,0.0,0.00577934161946508,0.003817356916236568,1.4988869699245354E-4,0.0036674682192441143,0.003474479049053127,25.090510672669595,0.5010720337254143,-24.58943863894418,31.25438308697612,0.0,28.160747432117443,-3.0936356548586765,0.013207255137627268,5.552559041697913E-4,0.15,0.013824764485686054,153.1999969482422,66.03524830513469,9.539840019767169,9.282000504434109,0.013945888024000059,0.013568963358434749,0.0,0.0,0.0,0.0,3.5880126725845046E-4,1.0,45,0,0,0,798.1801,0.0,0.0,0.0,114.118996,0.0,0.0,0.0,0.11009456,0.0,0.0,0.0,"718f4615-e576-4fa4-80aa-6236231db38b",0.0,0.0,0.0,0.0,0.0,0.0,0.0,0.0,0.0,0.0,0.0,0.0,1,0,0,0,3.5880126725845046E-4,0.0,0.0,0.0,0.0,0.0,0.0,0.0,0.0,0.0
2012-07-20T15:30:00,2012,202,15,0,1743.0,45,798.30286,0.0,114.42675,0.0,0.110547595,0.0,0.5,0.76934594,3.5900428,0.12971125332137962,0.23084398,0.0,0.07503609695486875,0.0,0.00583700779111286,0.003707610570131537,1.4387679439594727E-4,0.00356373377573559,0.0038961636789016257,25.25981105884179,0.4500698009971708,-24.80974125784462,31.820427155931455,0.0,27.870001281404207,-3.950425874527248,0.013182221499111158,5.489376494955955E-4,0.15,0.01382411498906905,153.1999969482422,65.96248777918557,9.509128092447101,9.282000504434109,0.013904753045271431,0.013572635001389232,0.0,0.0,0.0,0.0,3.5900428021647845E-4,1.0,45,0,0,0,798.30286,0.0,0.0,0.0,114.42675,0.0,0.0,0.0,0.110547595,0.0,0.0,0.0,"718f4615-e576-4fa4-80aa-6236231db38b",0.0,0.0,0.0,0.0,0.0,0.0,0.0,0.0,0.0,0.0,0.0,0.0,1,0,0,0,3.5900428021647845E-4,0.0,0.0,0.0,0.0,0.0,0.0,0.0,0.0,0.0
2012-07-20T16:30:00,2012,202,16,0,1744.0,45,798.9195,0.0,114.73037,0.0,0.11091437,0.0,0.5,0.76934946,3.5904253,0.12796719651076344,0.22977538,0.0,0.07636030610770526,0.0,0.0057585252159234315,0.0038172643557597566,1.4713880488243555E-4,0.003670125550877321,0.0035076797998298877,25.24156377210606,0.49787396844951054,-24.743689803656547,31.461129068914325,0.0,28.292919978451362,-3.1682090904629625,0.013157219482656139,5.426912034040713E-4,0.15,0.013823465534456014,153.1999969482422,65.88986109107377,9.480394676170066,9.282000504434109,0.013856394844091924,0.013566425062005744,0.0,0.0,0.0,0.0,3.590425366728376E-4,1.0,45,0,0,0,798.9195,0.0,0.0,0.0,114.73037,0.0,0.0,0.0,0.11091437,0.0,0.0,0.0,"718f4615-e576-4fa4-80aa-6236231db38b",0.0,0.0,0.0,0.0,0.0,0.0,0.0,0.0,0.0,0.0,0.0,0.0,1,0,0,0,3.590425366728376E-4,0.0,0.0,0.0,0.0,0.0,0.0,0.0,0.0,0.0
2012-07-20T17:30:00,2012,202,17,0,1745.0,45,799.8169,0.0,115.03585,0.0,0.111238055,0.0,0.5,0.76985866,3.5923476,0.12875172173725777,0.22940288,0.0,0.07632370417428595,0.0,0.00579382885953272,0.0038129617132516506,1.4566008840996816E-4,0.0036673016248416823,0.003224496104369005,25.25813316673815,0.5245614835676989,-24.733571683170453,31.435194578168165,0.0,28.29455751472093,-3.1406370634472367,0.01313224925260457,5.365157517367682E-4,0.15,0.013822816121867424,153.1999969482422,65.8173878892508,9.452572086490903,9.282000504434109,0.013803787124972329,0.013554697904944407,0.0,0.0,0.0,0.0,3.592347696810987E-4,1.0,45,0,0,0,799.8169,0.0,0.0,0.0,115.03585,0.0,0.0,0.0,0.111238055,0.0,0.0,0.0,"718f4615-e576-4fa4-80aa-6236231db38b",0.0,0.0,0.0,0.0,0.0,0.0,0.0,0.0,0.0,0.0,0.0,0.0,1,0,0,0,3.592347696810987E-4,0.0,0.0,0.0,0.0,0.0,0.0,0.0,0.0,0.0
2012-07-20T18:30:00,2012,202,18,0,1746.0,45,800.8273,0.0,115.33493,0.0,0.11153298,0.0,0.5,0.7706536,3.5951445,0.12605681373842997,0.22639549,0.0,0.07332443519081534,0.0,0.005672557970672242,0.0038297955331760294,1.4566350895811502E-4,0.0036841320242179143,0.0031219022418765775,25.250314611198547,0.5355576083021636,-24.714757002896384,30.376653135765316,0.0,27.486896264190307,-2.8897568715750097,0.013107310972310717,5.30410489521626E-4,0.15,0.013822166751323754,153.1999969482422,65.74506793652135,9.42591031704951,9.282000504434109,0.013750569378377658,0.013540632958866209,0.0,0.0,0.0,0.0,3.595144500201864E-4,1.0,45,0,0,0,800.8273,0.0,0.0,0.0,115.33493,0.0,0.0,0.0,0.11153298,0.0,0.0,0.0,"718f4615-e576-4fa4-80aa-6236231db38b",0.0,0.0,0.0,0.0,0.0,0.0,0.0,0.0,0.0,0.0,0.0,0.0,1,0,0,0,3.595144500201864E-4,0.0,0.0,0.0,0.0,0.0,0.0,0.0,0.0,0.0
2012-07-20T19:30:00,2012,202,19,0,1747.0,45,801.9813,0.0,115.63848,0.0,0.11181072,0.0,0.5,0.77156633,3.5982924,0.12793845990130415,0.22798903,0.0,0.07647068058547535,0.0,0.005757232068189453,0.0038585211836138678,1.449681263170175E-4,0.00371355305729685,0.0030114834658265042,25.201400891565417,0.5490654327996801,-24.652335458765737,31.076816088657623,0.0,28.376090133407452,-2.700725955250171,0.013082404804137679,5.243746208703282E-4,0.15,0.013821517422845472,153.1999969482422,65.67288131039076,9.401046335223576,9.282000504434109,0.01369730338899508,0.013523853880996296,0.0,0.0,0.0,0.0,3.598292266267431E-4,1.0,45,0,0,0,801.9813,0.0,0.0,0.0,115.63848,0.0,0.0,0.0,0.11181072,0.0,0.0,0.0,"718f4615-e576-4fa4-80aa-6236231db38b",0.0,0.0,0.0,0.0,0.0,0.0,0.0,0.0,0.0,0.0,0.0,0.0,1,0,0,0,3.598292266267431E-4,0.0,0.0,0.0,0.0,0.0,0.0,0.0,0.0,0.0
2012-07-20T20:30:00,2012,202,20,0,1748.0,45,803.5181,0.0,115.93024,0.0,0.11200733,0.0,0.5,0.77262396,3.6018863,0.12296687599302628,0.22220598,0.0,0.06927263581237762,0.0,0.00553351073897764,0.0038270442078418045,1.4367831845658188E-4,0.0036833658893852227,0.002585308688218274,25.139494754901737,0.5858558885592369,-24.5536388663425,29.05344004780151,0.0,26.48457662521797,-2.56886342258354,0.013057530909454362,5.184073588767805E-4,0.15,0.013820868136453043,153.1999969482422,65.60085408691133,9.378129717029655,9.282000504434109,0.013639171881257536,0.013499365449382347,0.0,0.0,0.0,0.0,3.6018861971237956E-4,1.0,45,0,0,0,803.5181,0.0,0.0,0.0,115.93024,0.0,0.0,0.0,0.11200733,0.0,0.0,0.0,"718f4615-e576-4fa4-80aa-6236231db38b",0.0,0.0,0.0,0.0,0.0,0.0,0.0,0.0,0.0,0.0,0.0,0.0,1,0,0,0,3.6018861971237956E-4,0.0,0.0,0.0,0.0,0.0,0.0,0.0,0.0,0.0
2012-07-20T21:30:00,2012,202,21,0,1749.0,45,805.8349,0.0,116.2258,0.0,0.112082146,0.0,0.5,0.77407676,3.60667,0.12457249846621993,0.2239913,0.0,0.07655385203685007,0.0,0.005605763767497815,0.004074761746886028,1.512588197714337E-4,0.003923502927114595,0.0020569595459840793,25.05105212518156,0.660174826131094,-24.390877299050466,29.737848621115994,0.0,28.72703423334794,-1.010814387768054,0.013032689448632534,5.12507925516701E-4,0.15,0.013820218892166922,153.1999969482422,65.52895984799622,9.35729307518721,9.282000504434109,0.013568981873717726,0.01345980034872269,0.0,0.0,0.0,0.0,3.606669842146152E-4,1.0,45,0,0,0,805.8349,0.0,0.0,0.0,116.2258,0.0,0.0,0.0,0.112082146,0.0,0.0,0.0,"718f4615-e576-4fa4-80aa-6236231db38b",0.0,0.0,0.0,0.0,0.0,0.0,0.0,0.0,0.0,0.0,0.0,0.0,1,0,0,0,3.606669842146152E-4,0.0,0.0,0.0,0.0,0.0,0.0,0.0,0.0,0.0
2012-07-20T22:30:00,2012,202,22,0,1750.0,45,808.7414,0.0,116.52537,0.0,0.112067044,0.0,0.5,0.77632385,3.613876,0.12625851645254332,0.22345619,0.0,0.07594064277816204,0.0,0.005681634594971379,0.0040484056276121755,1.488916902740653E-4,0.0038995139373381106,0.0014448671676230802,24.95936473708089,0.7152195423704277,-24.244145194710462,29.640414400023374,0.0,28.62894244490145,-1.0114719551219231,0.013007880581043917,5.06675551548311E-4,0.15,0.013819569690007564,153.1999969482422,65.45721804099676,9.338042782306067,9.282000504434109,0.013490070216373013,0.013409109539579937,0.0,0.0,0.0,0.0,3.6138761864339266E-4,1.0,45,0,0,0,808.7414,0.0,0.0,0.0,116.52537,0.0,0.0,0.0,0.112067044,0.0,0.0,0.0,"718f4615-e576-4fa4-80aa-6236231db38b",0.0,0.0,0.0,0.0,0.0,0.0,0.0,0.0,0.0,0.0,0.0,0.0,1,0,0,0,3.6138761864339266E-4,0.0,0.0,0.0,0.0,0.0,0.0,0.0,0.0,0.0
2012-07-20T23:30:00,2012,202,23,0,1751.0,45,812.06024,0.0,116.82397,0.0,0.11198415,0.0,0.5,0.7791713,3.6229086,0.12585358027142157,0.22300442,0.0,0.07554601331202722,0.0,0.005663412462476406,0.004028192561270139,1.4675554101320034E-4,0.0038814370202569382,0.001011366042277122,24.869032002939168,0.7533807848822999,-24.11565121805687,29.586988658446757,0.0,28.576541872848278,-1.0104467855984787,0.01298310446505737,5.009094764141151E-4,0.15,0.01381892052999541,153.1999969482422,65.38562842797629,9.319951100759637,9.282000504434109,0.013405444707944828,0.013350858088854743,0.0,0.0,0.0,0.0,3.622908674985398E-4,1.0,45,0,0,0,812.06024,0.0,0.0,0.0,116.82397,0.0,0.0,0.0,0.11198415,0.0,0.0,0.0,"718f4615-e576-4fa4-80aa-6236231db38b",0.0,0.0,0.0,0.0,0.0,0.0,0.0,0.0,0.0,0.0,0.0,0.0,1,0,0,0,3.622908674985398E-4,0.0,0.0,0.0,0.0,0.0,0.0,0.0,0.0,0.0
2012-07-21T00:30:00,2012,203,0,0,1752.0,45,815.50146,0.0,117.121735,0.0,0.1118811,0.0,0.5,0.78243977,3.6332111,0.12550064521917687,0.22255269,0.0,0.07518926043781418,0.0,0.005647530381338812,0.004009570066026029,1.446899304132122E-4,0.0038648801356128163,8.694976199877E-4,24.75022989624671,0.7637130418939674,-23.986516854352743,29.526968809995182,0.0,28.517336022265017,-1.0096327877301654,0.012958361258036096,4.952089481437592E-4,0.15,0.013818271412150905,153.1999969482422,65.3141712847086,9.303248969603848,9.282000504434109,0.013321190225114542,0.013290764849265457,0.0,0.0,0.0,0.0,3.633211109855882E-4,1.0,45,0,0,0,815.50146,0.0,0.0,0.0,117.121735,0.0,0.0,0.0,0.1118811,0.0,0.0,0.0,"718f4615-e576-4fa4-80aa-6236231db38b",0.0,0.0,0.0,0.0,0.0,0.0,0.0,0.0,0.0,0.0,0.0,0.0,1,0,0,0,3.633211109855882E-4,0.0,0.0,0.0,0.0,0.0,0.0,0.0,0.0,0.0
2012-07-21T01:30:00,2012,203,1,0,1753.0,45,818.9805,0.0,117.41867,0.0,0.111771695,0.0,0.5,0.7858335,3.6438808,0.12515194641723235,0.2220889,0.0,0.07489266107574338,0.0,0.005631838931510176,0.0039945837976422165,1.4278357102832822E-4,0.0038518002266138885,8.157934292402382E-4,24.642857825664603,0.7659681018440753,-23.87688972382053,29.47537653561544,0.0,28.466499716871226,-1.0088768187442128,0.012933650833738541,4.895731591299559E-4,0.15,0.013817622336494478,153.1999969482422,65.24286593856522,9.287646644605019,9.282000504434109,0.013238528082914551,0.013230480125442343,0.0,0.0,0.0,0.0,3.643880731283102E-4,1.0,45,0,0,0,818.9805,0.0,0.0,0.0,117.41867,0.0,0.0,0.0,0.111771695,0.0,0.0,0.0,"718f4615-e576-4fa4-80aa-6236231db38b",0.0,0.0,0.0,0.0,0.0,0.0,0.0,0.0,0.0,0.0,0.0,0.0,1,0,0,0,3.643880731283102E-4,0.0,0.0,0.0,0.0,0.0,0.0,0.0,0.0,0.0
2012-07-21T02:30:00,2012,203,2,0,1754.0,45,822.49097,0.0,117.71483,0.0,0.11165715,0.0,0.5,0.78926617,3.6546547,0.12482315155893683,0.22161278,0.0,0.07462916435072713,0.0,0.005617043159359291,0.003981817915036764,1.4098316671010716E-4,0.0038408347483266567,7.709278915548145E-4,24.54806355064234,0.7675702791950145,-23.780493271447327,29.43067102166586,0.0,28.422441474343003,-1.0082295473228555,0.012908973630867104,4.840014398755294E-4,0.15,0.01381697330304656,153.1999969482422,65.17170568220283,9.272893990102508,9.282000504434109,0.013157218963838173,0.013170140108325113,0.0,0.0,0.0,0.0,3.654654658587605E-4,1.0,45,0,0,0,822.49097,0.0,0.0,0.0,117.71483,0.0,0.0,0.0,0.11165715,0.0,0.0,0.0,"718f4615-e576-4fa4-80aa-6236231db38b",0.0,0.0,0.0,0.0,0.0,0.0,0.0,0.0,0.0,0.0,0.0,0.0,1,0,0,0,3.654654658587605E-4,0.0,0.0,0.0,0.0,0.0,0.0,0.0,0.0,0.0
2012-07-21T03:30:00,2012,203,3,0,1755.0,45,826.0117,0.0,118.01024,0.0,0.111540906,0.0,0.5,0.7927311,3.6655123,0.12450610248923095,0.22112752,0.0,0.07438518188176896,0.0,0.00560277594782096,0.003970335443912895,1.3925080227672956E-4,0.0038310846416361654,7.483608050526559E-4,24.45890640435438,0.767188576233479,-23.6917178281209,29.389046856883247,0.0,28.381312898174436,-1.0077339587088119,0.012884329803757326,4.7849306357448923E-4,0.15,0.013816324311827572,153.1999969482422,65.10069031672356,9.25887337252747,9.282000504434109,0.013077477503571727,0.013110142876027148,0.0,0.0,0.0,0.0,3.6655122225918264E-4,1.0,45,0,0,0,826.0117,0.0,0.0,0.0,118.01024,0.0,0.0,0.0,0.111540906,0.0,0.0,0.0,"718f4615-e576-4fa4-80aa-6236231db38b",0.0,0.0,0.0,0.0,0.0,0.0,0.0,0.0,0.0,0.0,0.0,0.0,1,0,0,0,3.6655122225918264E-4,0.0,0.0,0.0,0.0,0.0,0.0,0.0,0.0,0.0
2012-07-21T04:30:00,2012,203,4,0,1756.0,45,829.5181,0.0,118.303734,0.0,0.11142513,0.0,0.5,0.7962069,3.6763883,0.123701119266853,0.22011489,0.0,0.07344091370271062,0.0,0.005566551694177419,0.003956456957581451,1.3755978775348068E-4,0.0038188971698279706,7.468501187595381E-4,24.371409772861718,0.7645573606131983,-23.606852412248518,29.167134138642517,0.0,28.159711424916797,-1.0074227137257203,0.012859719505728576,4.730473116303412E-4,0.15,0.013815675362857929,153.1999969482422,65.02981964304618,9.245555252499962,9.282000504434109,0.012999673461088001,0.013050917151857454,0.0,0.0,0.0,0.0,3.676388346874185E-4,1.0,45,0,0,0,829.5181,0.0,0.0,0.0,118.303734,0.0,0.0,0.0,0.11142513,0.0,0.0,0.0,"718f4615-e576-4fa4-80aa-6236231db38b",0.0,0.0,0.0,0.0,0.0,0.0,0.0,0.0,0.0,0.0,0.0,0.0,1,0,0,0,3.676388346874185E-4,0.0,0.0,0.0,0.0,0.0,0.0,0.0,0.0,0.0
2012-07-21T05:30:00,2012,203,5,0,1757.0,45,833.01794,0.0,118.59644,0.0,0.11131027,0.0,0.5,0.79966885,3.687207,0.1233681749937087,0.21961516,0.0,0.0732099863885217,0.0,0.005551569198313821,0.003945720795454493,1.3589379922343436E-4,0.0038098269962310587,7.41968547642866E-4,24.28643031355646,0.7626285781670212,-23.523801735389437,29.12746620947243,0.0,28.12015000586799,-1.0073162036044394,0.012835142889081594,4.676634735641592E-4,0.15,0.013815026456158045,153.1999969482422,64.95908703238868,9.2329050215354,9.282000504434109,0.012923610152809127,0.012992330764552331,0.0,0.0,0.0,0.0,3.687207060671301E-4,1.0,45,0,0,0,833.01794,0.0,0.0,0.0,118.59644,0.0,0.0,0.0,0.11131027,0.0,0.0,0.0,"718f4615-e576-4fa4-80aa-6236231db38b",0.0,0.0,0.0,0.0,0.0,0.0,0.0,0.0,0.0,0.0,0.0,0.0,1,0,0,0,3.687207060671301E-4,0.0,0.0,0.0,0.0,0.0,0.0,0.0,0.0,0.0
2012-07-21T06:30:00,2012,203,6,0,1758.0,45,836.5302,0.0,118.88839,0.0,0.111193396,0.0,0.5,0.8031243,3.697992,0.12305014010339851,0.21910134,0.0,0.07300113497626717,0.0,0.005537257624837718,0.00393676324609,1.3431291770427066E-4,0.00380245032838573,7.197526740675119E-4,24.214995010229504,0.7624771372867589,-23.452517872942746,29.093585966136253,0.0,28.086164612713358,-1.0074213534228953,0.012810600105096086,4.623408469236689E-4,0.15,0.013814377591748321,153.1999969482422,64.8885051574724,9.220684501832132,9.282000504434109,0.01284858826561362,0.012934029218654532,0.0,0.0,0.0,0.0,3.697992143724917E-4,1.0,45,0,0,0,836.5302,0.0,0.0,0.0,118.88839,0.0,0.0,0.0,0.111193396,0.0,0.0,0.0,"718f4615-e576-4fa4-80aa-6236231db38b",0.0,0.0,0.0,0.0,0.0,0.0,0.0,0.0,0.0,0.0,0.0,0.0,1,0,0,0,3.697992143724917E-4,0.0,0.0,0.0,0.0,0.0,0.0,0.0,0.0,0.0
2012-07-21T07:30:00,2012,203,7,0,1759.0,45,840.00793,0.0,119.17671,0.0,0.1110776,0.0,0.5,0.8065929,3.7088027,0.1215197825030737,0.21727382,0.0,0.07049730296652407,0.0,0.0054683915164041455,0.003889459038805922,1.3169778114500579E-4,0.003757761257660916,7.033812987880536E-4,24.246574589558364,0.7580643504091127,-23.48851023914925,28.68785174488366,0.0,27.39590071283795,-1.2919510320457093,0.012786091304028378,4.570787371933319E-4,0.15,0.01381372876964916,153.1999969482422,64.81806737602196,9.20698486987668,9.282000504434109,0.012772733630047939,0.012876801870827386,0.0,0.0,0.0,0.0,3.708802642765555E-4,1.0,45,0,0,0,840.00793,0.0,0.0,0.0,119.17671,0.0,0.0,0.0,0.1110776,0.0,0.0,0.0,"718f4615-e576-4fa4-80aa-6236231db38b",0.0,0.0,0.0,0.0,0.0,0.0,0.0,0.0,0.0,0.0,0.0,0.0,1,0,0,0,3.708802642765555E-4,0.0,0.0,0.0,0.0,0.0,0.0,0.0,0.0,0.0
2012-07-21T08:30:00,2012,203,8,0,1760.0,45,842.6953,0.0,119.46664,0.0,0.1110864,0.0,0.5,0.8100275,3.7194939,0.12219504206738792,0.21811995,0.0,0.07045821319626033,0.0,0.005498778204043035,0.0037997324856731485,1.2719728021255545E-4,0.003672535205460593,0.0014055242219902858,24.527362670612987,0.6846099218318723,-23.842752748781116,29.3612979758852,0.0,27.141060626072125,-2.2202373498130754,0.012761616635109127,4.5187645770541955E-4,0.15,0.013813079989880949,153.1999969482422,64.74777348824878,9.187195222179833,9.282000504434109,0.012703029024835921,0.012834115196737042,0.0,0.0,0.0,0.0,3.7194937790965447E-4,1.0,45,0,0,0,842.6953,0.0,0.0,0.0,119.46664,0.0,0.0,0.0,0.1110864,0.0,0.0,0.0,"718f4615-e576-4fa4-80aa-6236231db38b",0.0,0.0,0.0,0.0,0.0,0.0,0.0,0.0,0.0,0.0,0.0,0.0,1,0,0,0,3.7194937790965447E-4,0.0,0.0,0.0,0.0,0.0,0.0,0.0,0.0,0.0
2012-07-21T09:30:00,2012,203,9,0,1761.0,45,843.99646,0.0,119.7596,0.0,0.1113122,0.0,0.5,0.81265515,3.7277467,0.12347690445520915,0.21994473,0.0,0.07232268195844807,0.0,0.005556462025247882,0.003746742640816918,1.238128600543235E-4,0.0036229297807625948,0.0027419060603349086,24.90828658836211,0.5577795488745483,-24.35050703948756,30.492532482202435,0.0,27.384393844727892,-3.1081386374745428,0.012737176246541112,4.4673332955206635E-4,0.15,0.01381243125246408,153.1999969482422,64.6776169170526,9.160003420327463,9.282000504434109,0.012647800381789417,0.012816249529255572,0.0,0.0,0.0,0.0,3.7277468030709183E-4,1.0,45,0,0,0,843.99646,0.0,0.0,0.0,119.7596,0.0,0.0,0.0,0.1113122,0.0,0.0,0.0,"718f4615-e576-4fa4-80aa-6236231db38b",0.0,0.0,0.0,0.0,0.0,0.0,0.0,0.0,0.0,0.0,0.0,0.0,1,0,0,0,3.7277468030709183E-4,0.0,0.0,0.0,0.0,0.0,0.0,0.0,0.0,0.0
2012-07-21T10:30:00,2012,203,10,0,1762.0,45,844.1114,0.0,120.054665,0.0,0.11172317,0.0,0.5,0.813867,3.7317398,0.12436155089948019,0.22102517,0.0,0.07554050750573027,0.0,0.005596271124731305,0.0038061346552551627,1.24378675802267E-4,0.0036817559794528956,0.003989648467052959,25.172662437279982,0.3224617208160545,-24.850200716463927,31.28797570600414,0.0,27.999801450233942,-3.2881742557701976,0.01271277028549706,4.416486814982921E-4,0.15,0.013811782557418932,153.1999969482422,64.60761659373125,9.128553309323236,9.282000504434109,0.01260751136489678,0.012819438402042525,0.0,0.0,0.0,0.0,3.7317398318370163E-4,1.0,45,0,0,0,844.1114,0.0,0.0,0.0,120.054665,0.0,0.0,0.0,0.11172317,0.0,0.0,0.0,"718f4615-e576-4fa4-80aa-6236231db38b",0.0,0.0,0.0,0.0,0.0,0.0,0.0,0.0,0.0,0.0,0.0,0.0,1,0,0,0,3.7317398318370163E-4,0.0,0.0,0.0,0.0,0.0,0.0,0.0,0.0,0.0
2012-07-21T11:30:00,2012,203,11,0,1763.0,45,844.1489,0.0,120.352646,0.0,0.112150565,0.0,0.5,0.81386757,3.7320924,0.12559255037858374,0.22147542,0.0,0.07747566422018987,0.0,0.005651666114498157,0.003837938764834975,1.2412565337053443E-4,0.0037138131114644404,0.004101756658431051,25.236155182099733,0.0,-25.236155182099733,31.6723726490941,0.0,28.200063195301766,-3.4723094537923345,0.012688398898117556,4.366218498959833E-4,0.15,0.013811133904765882,153.1999969482422,64.53775318656884,9.097392988823483,9.282000504434109,0.012568996404332325,0.012824050924102253,0.0,0.0,0.0,0.0,3.7320923836451145E-4,1.0,45,0,0,0,844.1489,0.0,0.0,0.0,120.352646,0.0,0.0,0.0,0.112150565,0.0,0.0,0.0,"718f4615-e576-4fa4-80aa-6236231db38b",0.0,0.0,0.0,0.0,0.0,0.0,0.0,0.0,0.0,0.0,0.0,0.0,1,0,0,0,3.7320923836451145E-4,0.0,0.0,0.0,0.0,0.0,0.0,0.0,0.0,0.0
2012-07-21T12:30:00,2012,203,12,0,1764.0,45,844.2295,0.0,120.65079,0.0,0.11257181,0.0,0.5,0.81378806,3.7322075,0.12565797100576195,0.22097895,0.0,0.07777654509640755,0.0,0.005654610043423064,0.0038525630058264303,1.235130390659811E-4,0.0037290499667604494,0.0040735561049922864,25.25241072984155,0.0,-25.25241072984155,31.620933817581225,0.0,28.273611913543537,-3.3473219040376883,0.012664062229509002,4.316521785988222E-4,0.15,0.013810485294525297,153.1999969482422,64.46802653420298,9.06745119264428,9.282000504434109,0.01253139610068975,0.01282790747439858,0.0,0.0,0.0,0.0,3.732207611322195E-4,1.0,45,0,0,0,844.2295,0.0,0.0,0.0,120.65079,0.0,0.0,0.0,0.11257181,0.0,0.0,0.0,"718f4615-e576-4fa4-80aa-6236231db38b",0.0,0.0,0.0,0.0,0.0,0.0,0.0,0.0,0.0,0.0,0.0,0.0,1,0,0,0,3.732207611322195E-4,0.0,0.0,0.0,0.0,0.0,0.0,0.0,0.0,0.0
2012-07-21T13:30:00,2012,203,13,0,1765.0,45,843.994,0.0,120.95052,0.0,0.11304502,0.0,0.5,0.81375235,3.7324548,0.12633170747685143,0.22122547,0.0,0.07657704274642703,0.0,0.005684928191850499,0.0037419386380420166,1.186533814678786E-4,0.0036232852565741378,0.004280570751952579,25.40843383304231,0.0,-25.40843383304231,32.00006089588091,0.0,27.8757207237293,-4.124340172151605,0.01263976042374163,4.2673901887815504E-4,0.15,0.013809836726717541,153.1999969482422,64.39844912511316,9.036163951223028,9.282000504434109,0.012497400671047383,0.012837403123598315,0.0,0.0,0.0,0.0,3.7324547047572166E-4,1.0,45,0,0,0,843.994,0.0,0.0,0.0,120.95052,0.0,0.0,0.0,0.11304502,0.0,0.0,0.0,"718f4615-e576-4fa4-80aa-6236231db38b",0.0,0.0,0.0,0.0,0.0,0.0,0.0,0.0,0.0,0.0,0.0,0.0,1,0,0,0,3.7324547047572166E-4,0.0,0.0,0.0,0.0,0.0,0.0,0.0,0.0,0.0
2012-07-21T14:30:00,2012,203,14,0,1766.0,45,842.62335,0.0,121.248055,0.0,0.11369435,0.0,0.5,0.81339353,3.7317321,0.12540024435884015,0.22094968,0.0,0.07640524895149954,0.0,0.0056430123415464745,0.0037179157386445583,1.1681384752696527E-4,0.003601101891117593,0.005389502339372928,25.67701359114974,0.0,-25.67701359114974,32.233189962375334,0.0,27.75565014297262,-4.477539819402715,0.012615493623847595,4.2188172933978803E-4,0.15,0.013809188201362973,153.1999969482422,64.32900809538731,9.001756494680587,9.282000504434109,0.012478604235414411,0.012867089981404801,0.0,0.0,0.0,0.0,3.7317322228800856E-4,1.0,45,0,0,0,842.62335,0.0,0.0,0.0,121.248055,0.0,0.0,0.0,0.11369435,0.0,0.0,0.0,"718f4615-e576-4fa4-80aa-6236231db38b",0.0,0.0,0.0,0.0,0.0,0.0,0.0,0.0,0.0,0.0,0.0,0.0,1,0,0,0,3.7317322228800856E-4,0.0,0.0,0.0,0.0,0.0,0.0,0.0,0.0,0.0
2012-07-21T15:30:00,2012,203,15,0,1767.0,45,841.3959,0.0,121.54549,0.0,0.11432379,0.0,0.5,0.81187725,3.7275257,0.1253602052972297,0.22081554,0.0,0.07608939908175019,0.0,0.0056412105833444325,0.0036768627276177815,1.1441345914864267E-4,0.003562449268469139,0.005205102293715252,25.762578430162417,0.0,-25.762578430162417,32.36204404959619,0.0,27.626081471162877,-4.735962578433316,0.012591261971819109,4.170796758417025E-4,0.15,0.013808539718481946,153.1999969482422,64.25972218033517,8.968310466938078,9.282000504434109,0.012458575117849126,0.012894346260058424,0.0,0.0,0.0,0.0,3.727525736402661E-4,1.0,45,0,0,0,841.3959,0.0,0.0,0.0,121.54549,0.0,0.0,0.0,0.11432379,0.0,0.0,0.0,"718f4615-e576-4fa4-80aa-6236231db38b",0.0,0.0,0.0,0.0,0.0,0.0,0.0,0.0,0.0,0.0,0.0,0.0,1,0,0,0,3.727525736402661E-4,0.0,0.0,0.0,0.0,0.0,0.0,0.0,0.0,0.0
2012-07-21T16:30:00,2012,203,16,0,1768.0,45,841.7034,0.0,121.8388,0.0,0.114704736,0.0,0.5,0.8105072,3.7237573,0.12362198291472998,0.21913038,0.0,0.07736252355014313,0.0,0.0055629905574828414,0.00381891462150651,1.1818654576267662E-4,0.0037007280757438334,0.003808012539510199,25.591430253612362,0.4677235391567593,-25.123706714455604,31.613673900410966,0.0,28.48230212356185,-3.1313717768491145,0.012567065608606643,4.123322314126781E-4,0.15,0.013807891278094802,153.1999969482422,64.19057224264229,8.940253852559007,9.282000504434109,0.01241935382429329,0.012894091192817743,0.0,0.0,0.0,0.0,3.723757205437575E-4,1.0,45,0,0,0,841.7034,0.0,0.0,0.0,121.8388,0.0,0.0,0.0,0.114704736,0.0,0.0,0.0,"718f4615-e576-4fa4-80aa-6236231db38b",0.0,0.0,0.0,0.0,0.0,0.0,0.0,0.0,0.0,0.0,0.0,0.0,1,0,0,0,3.723757205437575E-4,0.0,0.0,0.0,0.0,0.0,0.0,0.0,0.0,0.0
2012-07-21T17:30:00,2012,203,17,0,1769.0,45,841.97705,0.0,122.13477,0.0,0.115095004,0.0,0.5,0.81070507,3.7247016,0.12474607945331959,0.21873906,0.0,0.07745584147554314,0.0,0.005613574913779621,0.003814016497910363,1.1696611615674568E-4,0.0036970503817536173,0.003839742978505858,25.704259476498734,0.46436453984807224,-25.23989493665066,31.70023849532862,0.0,28.470596601296513,-3.229641894032106,0.012542904674117197,4.076387761718153E-4,0.15,0.013807242880221884,153.1999969482422,64.12155811989801,8.911482623372418,9.282000504434109,0.012379770774970954,0.012894491683873521,0.0,0.0,0.0,0.0,3.724701614243889E-4,1.0,45,0,0,0,841.97705,0.0,0.0,0.0,122.13477,0.0,0.0,0.0,0.115095004,0.0,0.0,0.0,"718f4615-e576-4fa4-80aa-6236231db38b",0.0,0.0,0.0,0.0,0.0,0.0,0.0,0.0,0.0,0.0,0.0,0.0,1,0,0,0,3.724701614243889E-4,0.0,0.0,0.0,0.0,0.0,0.0,0.0,0.0,0.0
2012-07-21T18:30:00,2012,203,18,0,1770.0,45,842.1533,0.0,122.42323,0.0,0.11548989,0.0,0.5,0.8108672,3.7255418,0.12158066006700163,0.21528552,0.0,0.07376693576095746,0.0,0.005471131007434049,0.0038290803182214985,1.1701517893766738E-4,0.003712065139283831,0.00394457256926481,25.73404235065762,0.4557600361084749,-25.278282314549145,30.457075739696826,0.0,27.44678595875038,-3.0102897809464473,0.012518779307212615,4.0299869724894755E-4,0.15,0.013806594524883526,153.1999969482422,64.05269843051013,8.883490168860186,9.282000504434109,0.012342807854727028,0.012896502000452954,0.0,0.0,0.0,0.0,3.725541745090098E-4,1.0,45,0,0,0,842.1533,0.0,0.0,0.0,122.42323,0.0,0.0,0.0,0.11548989,0.0,0.0,0.0,"718f4615-e576-4fa4-80aa-6236231db38b",0.0,0.0,0.0,0.0,0.0,0.0,0.0,0.0,0.0,0.0,0.0,0.0,1,0,0,0,3.725541745090098E-4,0.0,0.0,0.0,0.0,0.0,0.0,0.0,0.0,0.0
2012-07-21T19:30:00,2012,203,19,0,1771.0,45,842.912,0.0,122.717064,0.0,0.11579906,0.0,0.5,0.810933,3.7260828,0.12384011776701502,0.21713845,0.0,0.07737212714298672,0.0,0.005572806628176002,0.0038469084237409404,1.1602394951534058E-4,0.0037308844742255996,0.0033854226446133552,25.672732749550097,0.5086681044653436,-25.164064645084753,31.33257179091695,0.0,28.498846905826934,-2.8337248850900174,0.012494689645707971,3.984113887059325E-4,0.15,0.013805946212100056,153.1999969482422,63.98396790570091,8.857876844573857,9.282000504434109,0.012299277104845352,0.012888178317954663,0.0,0.0,0.0,0.0,3.7260828896054713E-4,1.0,45,0,0,0,842.912,0.0,0.0,0.0,122.717064,0.0,0.0,0.0,0.11579906,0.0,0.0,0.0,"718f4615-e576-4fa4-80aa-6236231db38b",0.0,0.0,0.0,0.0,0.0,0.0,0.0,0.0,0.0,0.0,0.0,0.0,1,0,0,0,3.7260828896054713E-4,0.0,0.0,0.0,0.0,0.0,0.0,0.0,0.0,0.0
2012-07-21T20:30:00,2012,203,20,0,1772.0,45,844.0457,0.0,122.99915,0.0,0.11603023,0.0,0.5,0.81159097,3.7284117,0.11889429438264945,0.2116065,0.0,0.0702053036038849,0.0,0.005350244522816623,0.003816245934774831,1.1499904518535169E-4,0.0037012468895894794,0.0029678057354303807,25.584069255814946,0.5431211218093405,-25.040948134005607,29.28500507791518,0.0,26.617999131193013,-2.667005946722167,0.012470635826370008,3.938762514588146E-4,0.15,0.013805297941891795,153.1999969482422,63.91538512488357,8.834731211333215,9.282000504434109,0.012252649996544528,0.01287295569362528,0.0,0.0,0.0,0.0,3.728411759909431E-4,1.0,45,0,0,0,844.0457,0.0,0.0,0.0,122.99915,0.0,0.0,0.0,0.11603023,0.0,0.0,0.0,"718f4615-e576-4fa4-80aa-6236231db38b",0.0,0.0,0.0,0.0,0.0,0.0,0.0,0.0,0.0,0.0,0.0,0.0,1,0,0,0,3.728411759909431E-4,0.0,0.0,0.0,0.0,0.0,0.0,0.0,0.0,0.0
2012-07-21T21:30:00,2012,203,21,0,1773.0,45,845.8979,0.0,123.28433,0.0,0.11614979,0.0,0.5,0.8126363,3.731891,0.12019593647294347,0.21292818,0.0,0.07740567272099103,0.0,0.005408818430844959,0.004070992041328034,1.2132868100961406E-4,0.00394966336031842,0.002507254997283883,25.47351750244851,0.608556018480797,-24.86496148396771,29.871025026898067,0.0,28.861022805353144,-1.010002221544923,0.012446617984915647,3.8939269320084814E-4,0.15,0.01380464971427906,153.1999969482422,63.84694362589751,8.814103583669581,9.282000504434109,0.012197534350121006,0.012845040782189177,0.0,0.0,0.0,0.0,3.7318909218751566E-4,1.0,45,0,0,0,845.8979,0.0,0.0,0.0,123.28433,0.0,0.0,0.0,0.11614979,0.0,0.0,0.0,"718f4615-e576-4fa4-80aa-6236231db38b",0.0,0.0,0.0,0.0,0.0,0.0,0.0,0.0,0.0,0.0,0.0,0.0,1,0,0,0,3.7318909218751566E-4,0.0,0.0,0.0,0.0,0.0,0.0,0.0,0.0,0.0
2012-07-21T22:30:00,2012,203,22,0,1774.0,45,848.3766,0.0,123.5736,0.0,0.11617428,0.0,0.5,0.8144135,3.737572,0.12191777179054175,0.21228996,0.0,0.07675444210073948,0.0,0.00548630103861017,0.004042954979214762,1.1937832572851548E-4,0.003923576653486247,0.0018567997531860009,25.381157651701724,0.6646395849299087,-24.716518066771815,29.76537350558801,0.0,28.75451953984138,-1.0108539657466302,0.01242263625601054,3.849601283263726E-4,0.15,0.013804001529282163,153.1999969482422,63.77863699787264,8.795212019298319,9.282000504434109,0.012134624264971805,0.012806239156196324,0.0,0.0,0.0,0.0,3.737571841025251E-4,1.0,45,0,0,0,848.3766,0.0,0.0,0.0,123.5736,0.0,0.0,0.0,0.11617428,0.0,0.0,0.0,"718f4615-e576-4fa4-80aa-6236231db38b",0.0,0.0,0.0,0.0,0.0,0.0,0.0,0.0,0.0,0.0,0.0,0.0,1,0,0,0,3.737571841025251E-4,0.0,0.0,0.0,0.0,0.0,0.0,0.0,0.0,0.0
2012-07-21T23:30:00,2012,203,23,0,1775.0,45,851.33466,0.0,123.86175,0.0,0.116120435,0.0,0.5,0.8168284,3.745169,0.1214479967550506,0.21172707,0.0,0.07637802414538265,0.0,0.005465161156972928,0.004024210207862121,1.1771238748873859E-4,0.003906497820373382,0.0013575702117126472,25.313520828723973,0.7074479114641857,-24.606072917259787,29.718748557009846,0.0,28.708711467776034,-1.010037089233812,0.012398690773267695,3.8057797785553043E-4,0.15,0.013803353386921409,153.1999969482422,63.710483665527164,8.777240467680844,9.282000504434109,0.012065384552985108,0.012759238614843365,0.0,0.0,0.0,0.0,3.745168909308899E-4,1.0,45,0,0,0,851.33466,0.0,0.0,0.0,123.86175,0.0,0.0,0.0,0.116120435,0.0,0.0,0.0,"718f4615-e576-4fa4-80aa-6236231db38b",0.0,0.0,0.0,0.0,0.0,0.0,0.0,0.0,0.0,0.0,0.0,0.0,1,0,0,0,3.745168909308899E-4,0.0,0.0,0.0,0.0,0.0,0.0,0.0,0.0,0.0
2012-07-22T00:30:00,2012,204,0,0,1776.0,45,854.5912,0.0,124.148964,0.0,0.116018206,0.0,0.5,0.8197329,3.754227,0.12105228554821844,0.21116094,0.0,0.07601321673716917,0.0,0.005447354148419961,0.004005934129696564,1.1606961527094569E-4,0.0038898645144256182,0.0010398851851191715,25.220579183124254,0.7334990028621391,-24.487080180262115,29.667991036740418,0.0,28.658768719121614,-1.0092223176188035,0.012374781669246153,3.7624566935981864E-4,0.15,0.013802705287217096,153.1999969482422,63.64245861653468,8.76030624345035,9.282000504434109,0.011993154093134683,0.012707371095098525,0.0,0.0,0.0,0.0,3.7542268229289605E-4,1.0,45,0,0,0,854.5912,0.0,0.0,0.0,124.148964,0.0,0.0,0.0,0.116018206,0.0,0.0,0.0,"718f4615-e576-4fa4-80aa-6236231db38b",0.0,0.0,0.0,0.0,0.0,0.0,0.0,0.0,0.0,0.0,0.0,0.0,1,0,0,0,3.7542268229289605E-4,0.0,0.0,0.0,0.0,0.0,0.0,0.0,0.0,0.0
2012-07-22T01:30:00,2012,204,1,0,1777.0,45,857.9568,0.0,124.435234,0.0,0.11589821,0.0,0.5,0.8229423,3.7641883,0.12065608631459981,0.21058777,0.0,0.07571036042682575,0.0,0.005429525178656366,0.003991090052297177,1.1454312099481487E-4,0.003876546931302362,9.149967008153479E-4,25.12456367543582,0.7422450090705918,-24.38231866636523,29.621674178422417,0.0,28.61320855364812,-1.0084656247742956,0.012350909075449733,3.7196263688846546E-4,0.15,0.013802057230189516,153.1999969482422,63.574580236919175,8.744271231546339,9.282000504434109,0.011920946071937503,0.012654025078026805,0.0,0.0,0.0,0.0,3.7641881880697345E-4,1.0,45,0,0,0,857.9568,0.0,0.0,0.0,124.435234,0.0,0.0,0.0,0.11589821,0.0,0.0,0.0,"718f4615-e576-4fa4-80aa-6236231db38b",0.0,0.0,0.0,0.0,0.0,0.0,0.0,0.0,0.0,0.0,0.0,0.0,1,0,0,0,3.7641881880697345E-4,0.0,0.0,0.0,0.0,0.0,0.0,0.0,0.0,0.0
2012-07-22T02:30:00,2012,204,2,0,1778.0,45,861.368,0.0,124.72062,0.0,0.11577079,0.0,0.5,0.8262634,3.7744718,0.12028445611461719,0.21000905,0.0,0.07542912302627182,0.0,0.005412801815669988,0.003977451199184339,1.1306829268334494E-4,0.003864382906500994,8.549230215210478E-4,25.02800067669874,0.7451923645467974,-24.282808312151943,29.577110236469736,0.0,28.569292504637726,-1.0078177318320094,0.012327073122325824,3.6772832089562225E-4,0.15,0.013801409215858956,153.1999969482422,63.50684828589546,8.729079516797078,9.282000504434109,0.011849739791456584,0.012600330940973122,0.0,0.0,0.0,0.0,3.7744717920426226E-4,1.0,45,0,0,0,861.368,0.0,0.0,0.0,124.72062,0.0,0.0,0.0,0.11577079,0.0,0.0,0.0,"718f4615-e576-4fa4-80aa-6236231db38b",0.0,0.0,0.0,0.0,0.0,0.0,0.0,0.0,0.0,0.0,0.0,0.0,1,0,0,0,3.7744717920426226E-4,0.0,0.0,0.0,0.0,0.0,0.0,0.0,0.0,0.0
2012-07-22T03:30:00,2012,204,3,0,1779.0,45,864.8042,0.0,125.005135,0.0,0.115639284,0.0,0.5,0.8296314,3.7848828,0.11991530427954379,0.20942056,0.0,0.07517905909055277,0.0,0.005396189979131116,0.003965839392476768,1.1167084670629986E-4,0.0038541685457704677,8.173946215402382E-4,24.9416600769662,0.7462722042282267,-24.195387872737975,29.538332926334306,0.0,28.531011262009955,-1.0073216643243512,0.012303273939264244,3.635421681683629E-4,0.15,0.0138007612442457,153.1999969482422,63.439244087479594,8.714533230882449,9.282000504434109,0.01177959519998194,0.012546651173558057,0.0,0.0,0.0,0.0,3.784882717558475E-4,1.0,45,0,0,0,864.8042,0.0,0.0,0.0,125.005135,0.0,0.0,0.0,0.115639284,0.0,0.0,0.0,"718f4615-e576-4fa4-80aa-6236231db38b",0.0,0.0,0.0,0.0,0.0,0.0,0.0,0.0,0.0,0.0,0.0,0.0,1,0,0,0,3.784882717558475E-4,0.0,0.0,0.0,0.0,0.0,0.0,0.0,0.0,0.0
2012-07-22T04:30:00,2012,204,4,0,1780.0,45,868.2484,0.0,125.28881,0.0,0.11550644,0.0,0.5,0.8330252,3.795358,0.11956010850148624,0.20882736,0.0,0.07493346920101059,0.0,0.005380206165307689,0.003954489798253528,1.1029664389470291E-4,0.0038441931543588253,7.971333992086228E-4,24.855337457247437,0.7458248626112487,-24.10951259463619,29.499764682497286,0.0,28.49275456922266,-1.0070101132746245,0.012279511654596155,3.594036317554818E-4,0.15,0.013800113315370021,153.1999969482422,63.37178591235588,8.700621931211618,9.282000504434109,0.011710760094491849,0.012493277143148213,0.0,0.0,0.0,0.0,3.795358052245575E-4,1.0,45,0,0,0,868.2484,0.0,0.0,0.0,125.28881,0.0,0.0,0.0,0.11550644,0.0,0.0,0.0,"718f4615-e576-4fa4-80aa-6236231db38b",0.0,0.0,0.0,0.0,0.0,0.0,0.0,0.0,0.0,0.0,0.0,0.0,1,0,0,0,3.795358052245575E-4,0.0,0.0,0.0,0.0,0.0,0.0,0.0,0.0,0.0
2012-07-22T05:30:00,2012,204,5,0,1781.0,45,871.69543,0.0,125.57163,0.0,0.115373105,0.0,0.5,0.83642757,3.805846,0.11920431548495627,0.208229,0.0,0.0746953185314866,0.0,0.005364195475746595,0.003943598612226756,1.0895155941275655E-4,0.0038346470528139993,7.826371087436018E-4,24.77174826242475,0.7449091901051286,-24.02683907231962,29.462620196616307,0.0,28.455716708112757,-1.00690348850355,0.012255786395593037,3.553121708970811E-4,0.15,0.013799465429252186,153.1999969482422,63.304461280253015,8.6872998275032,9.282000504434109,0.01164324173530687,0.01244029535140697,0.0,0.0,0.0,0.0,3.805845945411366E-4,1.0,45,0,0,0,871.69543,0.0,0.0,0.0,125.57163,0.0,0.0,0.0,0.115373105,0.0,0.0,0.0,"718f4615-e576-4fa4-80aa-6236231db38b",0.0,0.0,0.0,0.0,0.0,0.0,0.0,0.0,0.0,0.0,0.0,0.0,1,0,0,0,3.805845945411366E-4,0.0,0.0,0.0,0.0,0.0,0.0,0.0,0.0,0.0
2012-07-22T06:30:00,2012,204,6,0,1782.0,45,875.1363,0.0,125.85362,0.0,0.115240656,0.0,0.5,0.83983314,3.8163302,0.1188492929131953,0.20762533,0.0,0.07446462967567338,0.0,0.005348219456208374,0.003933183020120556,1.0763562313042037E-4,0.003825547396990136,7.775228836761347E-4,24.690802743774032,0.7432157403877923,-23.94758700338624,29.426638629944264,0.0,28.41962990840057,-1.007008721543695,0.012232098288465717,3.5126725095493944E-4,0.15,0.013798817585912464,153.1999969482422,63.237282240187064,8.67452587572969,9.282000504434109,0.011577107247059718,0.012387848839987094,0.0,0.0,0.0,0.0,3.8163302381109533E-4,1.0,45,0,0,0,875.1363,0.0,0.0,0.0,125.85362,0.0,0.0,0.0,0.115240656,0.0,0.0,0.0,"718f4615-e576-4fa4-80aa-6236231db38b",0.0,0.0,0.0,0.0,0.0,0.0,0.0,0.0,0.0,0.0,0.0,0.0,1,0,0,0,3.8163302381109533E-4,0.0,0.0,0.0,0.0,0.0,0.0,0.0,0.0,0.0
2012-07-22T07:30:00,2012,204,7,0,1783.0,45,878.4946,0.0,126.13456,0.0,0.11512048,0.0,0.5,0.8432327,3.826784,0.11841001798005073,0.20693032,0.0,0.07317893618325529,0.0,0.005328452079503958,0.0038731465376686588,1.0498999238246554E-4,0.0037681565452861933,7.989212102335055E-4,24.700438408772474,0.7347988373467573,-23.965639571425715,29.419473059692066,0.0,28.026387992596774,-1.3930850670952921,0.012208447458363464,3.4726834334365404E-4,0.15,0.01379816978537111,153.1999969482422,63.17024245675206,8.660757955309496,9.282000504434109,0.011511453090056146,0.012337178101503985,0.0,0.0,0.0,0.0,3.8267839240157777E-4,1.0,45,0,0,0,878.4946,0.0,0.0,0.0,126.13456,0.0,0.0,0.0,0.11512048,0.0,0.0,0.0,"718f4615-e576-4fa4-80aa-6236231db38b",0.0,0.0,0.0,0.0,0.0,0.0,0.0,0.0,0.0,0.0,0.0,0.0,1,0,0,0,3.8267839240157777E-4,0.0,0.0,0.0,0.0,0.0,0.0,0.0,0.0,0.0
2012-07-22T08:30:00,2012,204,8,0,1784.0,45,881.1781,0.0,126.416794,0.0,0.11510591,0.0,0.5,0.8465485,3.8369756,0.11895270932415104,0.20762186,0.0,0.0732412358968359,0.0,0.005352873195810919,0.003786606147048168,1.014501890808245E-4,0.0036851559579673433,0.0013886021214384791,24.9508377716035,0.6746705628183196,-24.27616720878518,30.115690640241652,0.0,27.843596631415213,-2.272094008826439,0.012184834029373131,3.4331492546254666E-4,0.15,0.013797522027648373,153.1999969482422,63.103341726770864,8.641919360981827,9.282000504434109,0.011449870607298797,0.012297928308900382,0.0,0.0,0.0,0.0,3.8369755997291776E-4,1.0,45,0,0,0,881.1781,0.0,0.0,0.0,126.416794,0.0,0.0,0.0,0.11510591,0.0,0.0,0.0,"718f4615-e576-4fa4-80aa-6236231db38b",0.0,0.0,0.0,0.0,0.0,0.0,0.0,0.0,0.0,0.0,0.0,0.0,1,0,0,0,3.8369755997291776E-4,0.0,0.0,0.0,0.0,0.0,0.0,0.0,0.0,0.0
2012-07-22T09:30:00,2012,204,9,0,1785.0,45,882.15753,0.0,126.7007,0.0,0.11535338,0.0,0.5,0.8491751,3.8451111,0.11965785327249465,0.208683,0.0,0.07467543689908201,0.0,0.005384604681051755,0.0037437866051730634,9.909085950026801E-5,0.0036446957456727955,0.003051492773928268,25.33328717373286,0.5255716971805428,-24.807715476552318,31.08746391282935,0.0,27.973592899755495,-3.1138710130738545,0.012161258124518366,3.394064806283258E-4,0.15,0.0137968743127645,153.1999969482422,63.03657984695583,8.61617148160221,9.282000504434109,0.011405246554695986,0.012286606005919208,0.0,0.0,0.0,0.0,3.8451110321974555E-4,1.0,45,0,0,0,882.15753,0.0,0.0,0.0,126.7007,0.0,0.0,0.0,0.11535338,0.0,0.0,0.0,"718f4615-e576-4fa4-80aa-6236231db38b",0.0,0.0,0.0,0.0,0.0,0.0,0.0,0.0,0.0,0.0,0.0,0.0,1,0,0,0,3.8451110321974555E-4,0.0,0.0,0.0,0.0,0.0,0.0,0.0,0.0,0.0
2012-07-22T10:30:00,2012,204,10,0,1786.0,45,882.2749,0.0,126.98474,0.0,0.11573254,0.0,0.5,0.8500623,3.8480785,0.11971793627298827,0.2087449,0.0,0.07632967801872696,0.0,0.005387308416718589,0.003779658376841347,9.906521354055022E-5,0.0036805931633007967,0.003949589862574729,25.60633676366598,0.45057113200672777,-25.15576563165925,31.54400405834953,0.0,28.309303682691056,-3.2347003756584733,0.012137719865758869,3.3554249800849754E-4,0.15,0.013796226640739734,153.1999969482422,62.969956613911094,8.586480869146834,9.282000504434109,0.011368453583585705,0.012289317766565186,0.0,0.0,0.0,0.0,3.84807859743547E-4,1.0,45,0,0,0,882.2749,0.0,0.0,0.0,126.98474,0.0,0.0,0.0,0.11573254,0.0,0.0,0.0,"718f4615-e576-4fa4-80aa-6236231db38b",0.0,0.0,0.0,0.0,0.0,0.0,0.0,0.0,0.0,0.0,0.0,0.0,1,0,0,0,3.84807859743547E-4,0.0,0.0,0.0,0.0,0.0,0.0,0.0,0.0,0.0
2012-07-22T11:30:00,2012,204,11,0,1787.0,45,881.97314,0.0,127.27043,0.0,0.11617864,0.0,0.5,0.8500697,3.848434,0.12040980727964082,0.20876317,0.0,0.07773641497680445,0.0,0.005418442619440925,0.003804405878720422,9.872571584818012E-5,0.0037056801628722416,0.00439505923776077,25.658663857502564,0.0,-25.658663857502564,31.805641894169185,0.0,28.242450259450855,-3.5631916347183292,0.012114219373989718,3.317224725555158E-4,0.15,0.013795579011594304,153.1999969482422,62.90347182413501,8.557165189239864,9.282000504434109,0.011338457899900775,0.012298882821465403,0.0,0.0,0.0,0.0,3.8484340821906104E-4,1.0,45,0,0,0,881.97314,0.0,0.0,0.0,127.27043,0.0,0.0,0.0,0.11617864,0.0,0.0,0.0,"718f4615-e576-4fa4-80aa-6236231db38b",0.0,0.0,0.0,0.0,0.0,0.0,0.0,0.0,0.0,0.0,0.0,0.0,1,0,0,0,3.8484340821906104E-4,0.0,0.0,0.0,0.0,0.0,0.0,0.0,0.0,0.0
2012-07-22T12:30:00,2012,204,12,0,1788.0,45,881.0125,0.0,127.55849,0.0,0.11673075,0.0,0.5,0.8496489,3.84752,0.12140936613516562,0.20914762,0.0,0.07433181157686604,0.0,0.005463422778663643,0.0035693815737803344,9.146310367843059E-5,0.003477918470101904,0.004821354758250845,25.813922253740525,0.0,-25.813922253740525,32.3146520637919,0.0,27.21142955358041,-5.103222510211488,0.012090756769040738,3.279459049416649E-4,0.15,0.013794931425348444,153.1999969482422,62.83711924276464,8.526763005971805,9.282000504434109,0.011316898646237424,0.012319265689621864,0.0,0.0,0.0,0.0,3.847520053173594E-4,1.0,45,0,0,0,881.0125,0.0,0.0,0.0,127.55849,0.0,0.0,0.0,0.11673075,0.0,0.0,0.0,"718f4615-e576-4fa4-80aa-6236231db38b",0.0,0.0,0.0,0.0,0.0,0.0,0.0,0.0,0.0,0.0,0.0,0.0,1,0,0,0,3.847520053173594E-4,0.0,0.0,0.0,0.0,0.0,0.0,0.0,0.0,0.0
2012-07-22T13:30:00,2012,204,13,0,1789.0,45,879.69336,0.0,127.84177,0.0,0.1173339,0.0,0.5,0.84855473,3.8446093,0.11939442163040079,0.20883338,0.0,0.07520300914053221,0.0,0.005372750254331217,0.003591200493482495,9.11930052697435E-5,0.0035000074882127513,0.005196863137693658,25.96598380474183,0.0,-25.96598380474183,32.47921024936811,0.0,27.416378213315774,-5.062832036052335,0.012067332169675945,3.2421230149466625E-4,0.15,0.01379428388202237,153.1999969482422,62.77091074116136,8.495773194731958,9.282000504434109,0.011299800627955246,0.012345522028968731,0.0,0.0,0.0,0.0,3.844609258393524E-4,1.0,45,0,0,0,879.69336,0.0,0.0,0.0,127.84177,0.0,0.0,0.0,0.1173339,0.0,0.0,0.0,"718f4615-e576-4fa4-80aa-6236231db38b",0.0,0.0,0.0,0.0,0.0,0.0,0.0,0.0,0.0,0.0,0.0,0.0,1,0,0,0,3.844609258393524E-4,0.0,0.0,0.0,0.0,0.0,0.0,0.0,0.0,0.0
2012-07-22T14:30:00,2012,204,14,0,1790.0,45,878.08936,0.0,128.12482,0.0,0.1179841,0.0,0.5,0.8470966,3.8406105,0.11930040267886789,0.2081933,0.0,0.07692752780275026,0.0,0.005368519400503522,0.003675642411235385,9.261857914061361E-5,0.0035830238320947714,0.005565906433390367,26.18472718281185,0.0,-26.18472718281185,32.53298070471541,0.0,27.84501575672502,-4.687964947990395,0.012043945693593025,3.2052117413400045E-4,0.15,0.0137936363816363,153.1999969482422,62.70484007169173,8.463313675072655,9.282000504434109,0.011284951510238315,0.012376585535174232,0.0,0.0,0.0,0.0,3.840610620185559E-4,1.0,45,0,0,0,878.08936,0.0,0.0,0.0,128.12482,0.0,0.0,0.0,0.1179841,0.0,0.0,0.0,"718f4615-e576-4fa4-80aa-6236231db38b",0.0,0.0,0.0,0.0,0.0,0.0,0.0,0.0,0.0,0.0,0.0,0.0,1,0,0,0,3.840610620185559E-4,0.0,0.0,0.0,0.0,0.0,0.0,0.0,0.0,0.0
2012-07-22T15:30:00,2012,204,15,0,1791.0,45,876.19904,0.0,128.40923,0.0,0.118684925,0.0,0.5,0.845348,3.8357463,0.11987073310003282,0.20766014,0.0,0.07555619223567414,0.0,0.0053941842755749255,0.0036043253224633826,8.998631370178E-5,0.0035143390087616026,0.005782314653382405,26.354599977668244,0.0,-26.354599977668244,32.594123090472344,0.0,27.392651713718806,-5.201471376753538,0.012020597457422894,3.16872040307939E-4,0.15,0.013792988924210445,153.1999969482422,62.638907030454234,8.430401960828949,9.282000504434109,0.011273758879334041,0.012412579624442687,0.0,0.0,0.0,0.0,3.8357462891695196E-4,1.0,45,0,0,0,876.19904,0.0,0.0,0.0,128.40923,0.0,0.0,0.0,0.118684925,0.0,0.0,0.0,"718f4615-e576-4fa4-80aa-6236231db38b",0.0,0.0,0.0,0.0,0.0,0.0,0.0,0.0,0.0,0.0,0.0,0.0,1,0,0,0,3.8357462891695196E-4,0.0,0.0,0.0,0.0,0.0,0.0,0.0,0.0,0.0
2012-07-22T16:30:00,2012,204,16,0,1792.0,45,875.128,0.0,128.69055,0.0,0.11925441,0.0,0.5,0.8433066,3.8300102,0.1185681137191299,0.2066458,0.0,0.07880174095934184,0.0,0.005335566389458704,0.003788755981420104,9.398395463611758E-5,0.0036947720267839863,0.005144315337381911,26.339188360989134,0.0,-26.339188360989134,32.271664357227515,0.0,28.31322647267312,-3.958437884554396,0.011997287576729285,3.13264422931276E-4,0.15,0.013792341509765008,153.1999969482422,62.57311141345316,8.40026046182674,9.282000504434109,0.011253803635148545,0.01243506811401126,0.0,0.0,0.0,0.0,3.8300102548358296E-4,1.0,45,0,0,0,875.128,0.0,0.0,0.0,128.69055,0.0,0.0,0.0,0.11925441,0.0,0.0,0.0,"718f4615-e576-4fa4-80aa-6236231db38b",0.0,0.0,0.0,0.0,0.0,0.0,0.0,0.0,0.0,0.0,0.0,0.0,1,0,0,0,3.8300102548358296E-4,0.0,0.0,0.0,0.0,0.0,0.0,0.0,0.0,0.0
2012-07-22T17:30:00,2012,204,17,0,1793.0,45,874.24585,0.0,128.97374,0.0,0.11979825,0.0,0.5,0.84210247,3.8267586,0.11935551364707273,0.20549427,0.0,0.0799951307809796,0.0,0.0053709993946640154,0.0038862164568354094,9.572708744741552E-5,0.003790489369387994,0.005054777090865623,26.4074868418916,0.0,-26.4074868418916,31.97821203256354,0.0,28.648690478810458,-3.3295215537530822,0.011974016166008423,3.096978503237529E-4,0.15,0.013791694138320189,153.1999969482422,62.507447047918774,8.370984152793508,9.282000504434109,0.011232117832014577,0.012454512095549826,0.0,0.0,0.0,0.0,3.8267587250300357E-4,1.0,45,0,0,0,874.24585,0.0,0.0,0.0,128.97374,0.0,0.0,0.0,0.11979825,0.0,0.0,0.0,"718f4615-e576-4fa4-80aa-6236231db38b",0.0,0.0,0.0,0.0,0.0,0.0,0.0,0.0,0.0,0.0,0.0,0.0,1,0,0,0,3.8267587250300357E-4,0.0,0.0,0.0,0.0,0.0,0.0,0.0,0.0,0.0
2012-07-22T18:30:00,2012,204,18,0,1794.0,45,873.9898,0.0,129.25078,0.0,0.120233856,0.0,0.5,0.8410904,3.8240798,0.11676542239469749,0.20185228,0.0,0.07559905701950649,0.0,0.005254445260518467,0.00389277473435448,9.558316481226613E-5,0.003797191569542214,0.00442897700694445,26.38889697012877,0.0,-26.38889697012877,30.533935134450857,0.0,27.470010529188635,-3.0639246052622227,0.011950783338688726,3.0617185614916956E-4,0.15,0.01379104680989618,153.1999969482422,62.441931635720465,8.343851697991605,9.282000504434109,0.011203725096566936,0.012463426456022327,0.0,0.0,0.0,0.0,3.8240797734466426E-4,1.0,45,0,0,0,873.9898,0.0,0.0,0.0,129.25078,0.0,0.0,0.0,0.120233856,0.0,0.0,0.0,"718f4615-e576-4fa4-80aa-6236231db38b",0.0,0.0,0.0,0.0,0.0,0.0,0.0,0.0,0.0,0.0,0.0,0.0,1,0,0,0,3.8240797734466426E-4,0.0,0.0,0.0,0.0,0.0,0.0,0.0,0.0,0.0
2012-07-22T19:30:00,2012,204,19,0,1795.0,45,874.3925,0.0,129.5326,0.0,0.120570175,0.0,0.5,0.8407196,3.8233023,0.11877659731595877,0.20335928,0.0,0.07775332906988815,0.0,0.00534494815355279,0.003842959458400972,9.311936911763637E-5,0.003749840089283336,0.00372528467388529,26.311508297538893,0.4756663744486966,-25.835841923090197,31.34848039911695,0.0,28.50274795043671,-2.8457324486802413,0.011927589207130591,3.026859793551725E-4,0.15,0.013790399524513166,153.1999969482422,62.37654706654726,8.319361100638055,9.282000504434109,0.011169027401369705,0.012461403792846656,0.0,0.0,0.0,0.0,3.8233021703758377E-4,1.0,45,0,0,0,874.3925,0.0,0.0,0.0,129.5326,0.0,0.0,0.0,0.120570175,0.0,0.0,0.0,"718f4615-e576-4fa4-80aa-6236231db38b",0.0,0.0,0.0,0.0,0.0,0.0,0.0,0.0,0.0,0.0,0.0,0.0,1,0,0,0,3.8233021703758377E-4,0.0,0.0,0.0,0.0,0.0,0.0,0.0,0.0,0.0
2012-07-22T20:30:00,2012,204,20,0,1796.0,45,875.37805,0.0,129.80136,0.0,0.12079331,0.0,0.5,0.84101903,3.8245254,0.11328169070294332,0.19800127,0.0,0.070253585849652,0.0,0.005097677297013142,0.003800168885028561,9.1984110102388E-5,0.003708184774926173,0.0030864901279316886,26.18448049777561,0.5273701058467375,-25.65711039192887,29.249983407904992,0.0,26.55689283660228,-2.6930905713027116,0.0119044338826262,2.9923976411371477E-4,0.15,0.013789752282191328,153.1999969482422,62.311293173371425,8.297890906590823,9.282000504434109,0.011129493636774372,0.012449424403565487,0.0,0.0,0.0,0.0,3.8245252859647587E-4,1.0,45,0,0,0,875.37805,0.0,0.0,0.0,129.80136,0.0,0.0,0.0,0.12079331,0.0,0.0,0.0,"718f4615-e576-4fa4-80aa-6236231db38b",0.0,0.0,0.0,0.0,0.0,0.0,0.0,0.0,0.0,0.0,0.0,0.0,1,0,0,0,3.8245252859647587E-4,0.0,0.0,0.0,0.0,0.0,0.0,0.0,0.0,0.0
2012-07-22T21:30:00,2012,204,21,0,1797.0,45,877.16095,0.0,130.0735,0.0,0.12089164,0.0,0.5,0.8419184,3.827518,0.11470102939087062,0.19941537,0.0,0.07794753399789624,0.0,0.005161547553197723,0.0040565798253362935,9.705234742705027E-5,0.0039595274779092434,0.002548890655959651,26.09703069340376,0.59758543326985,-25.49944526013391,29.972492989209663,0.0,28.962241501699648,-1.0102514875100148,0.011881317475399413,2.958327597621789E-4,0.15,0.013789105082950842,153.1999969482422,62.246181626885054,8.278381871205267,9.282000504434109,0.011080873735430695,0.012424248748368482,0.0,0.0,0.0,0.0,3.82751793039046E-4,1.0,45,0,0,0,877.16095,0.0,0.0,0.0,130.0735,0.0,0.0,0.0,0.12089164,0.0,0.0,0.0,"718f4615-e576-4fa4-80aa-6236231db38b",0.0,0.0,0.0,0.0,0.0,0.0,0.0,0.0,0.0,0.0,0.0,0.0,1,0,0,0,3.82751793039046E-4,0.0,0.0,0.0,0.0,0.0,0.0,0.0,0.0,0.0
2012-07-22T22:30:00,2012,204,22,0,1798.0,45,879.00183,0.0,130.34969,0.0,0.12098594,0.0,0.5,0.84363014,3.8329296,0.11640502675771926,0.19868018,0.0,0.07758387542032803,0.0,0.00523822745298782,0.004045352910737455,9.589994717901342E-5,0.003949452963558442,0.002483818139088279,26.055595967473085,0.6019564848247166,-25.45363948264837,29.89654605803061,0.0,28.885443584684385,-1.0111024733462237,0.0118582400946057,2.92464520745156E-4,0.15,0.013788457926811874,153.1999969482422,62.181200372221774,8.259634784669947,9.282000504434109,0.011032673670580053,0.012398282157178099,0.0,0.0,0.0,0.0,3.8329295771967833E-4,1.0,45,0,0,0,879.00183,0.0,0.0,0.0,130.34969,0.0,0.0,0.0,0.12098594,0.0,0.0,0.0,"718f4615-e576-4fa4-80aa-6236231db38b",0.0,0.0,0.0,0.0,0.0,0.0,0.0,0.0,0.0,0.0,0.0,0.0,1,0,0,0,3.8329295771967833E-4,0.0,0.0,0.0,0.0,0.0,0.0,0.0,0.0,0.0
2012-07-22T23:30:00,2012,204,23,0,1799.0,45,881.32526,0.0,130.62502,0.0,0.12100079,0.0,0.5,0.8453993,3.8385139,0.11604109872312063,0.19804199,0.0,0.0771454751710904,0.0,0.005221850687526357,0.004023042602289915,9.44765922325988E-5,0.003928566010057317,0.0019780842484516266,25.975839703567274,0.6439076529361606,-25.331932050631114,29.833468822768275,0.0,28.823184056160507,-1.010284766607768,0.01183520184833213,2.891346065568744E-4,0.15,0.01378781081379459,153.1999969482422,62.116366924504206,8.242231732560326,9.282000504434109,0.010979391449542096,0.012364456652005857,0.0,0.0,0.0,0.0,3.838513749826368E-4,1.0,45,0,0,0,881.32526,0.0,0.0,0.0,130.62502,0.0,0.0,0.0,0.12100079,0.0,0.0,0.0,"718f4615-e576-4fa4-80aa-6236231db38b",0.0,0.0,0.0,0.0,0.0,0.0,0.0,0.0,0.0,0.0,0.0,0.0,1,0,0,0,3.838513749826368E-4,0.0,0.0,0.0,0.0,0.0,0.0,0.0,0.0,0.0
2012-07-23T00:30:00,2012,205,0,0,1800.0,45,884.11816,0.0,130.89923,0.0,0.120938584,0.0,0.5,0.8476613,3.845557,0.11557923003486681,0.19739358,0.0,0.07678042088458106,0.0,0.0052010665915996224,0.004005093436374458,9.317208148127771E-5,0.0039119213548931804,0.0014894993145192507,25.91137371008567,0.6844375501870626,-25.226936159898607,29.789954203253913,0.0,28.78064421709433,-1.0093099861595825,0.011812202843597417,2.8584258168426983E-4,0.15,0.013787163743919143,153.1999969482422,62.0516574774942,8.225639430920364,9.282000504434109,0.010920648562474496,0.012323110721897294,0.0,0.0,0.0,0.0,3.8455569141127125E-4,1.0,45,0,0,0,884.11816,0.0,0.0,0.0,130.89923,0.0,0.0,0.0,0.120938584,0.0,0.0,0.0,"718f4615-e576-4fa4-80aa-6236231db38b",0.0,0.0,0.0,0.0,0.0,0.0,0.0,0.0,0.0,0.0,0.0,0.0,1,0,0,0,3.8455569141127125E-4,0.0,0.0,0.0,0.0,0.0,0.0,0.0,0.0,0.0
2012-07-23T01:30:00,2012,205,1,0,1801.0,45,887.1952,0.0,131.17242,0.0,0.12082991,0.0,0.5,0.85040283,3.8540163,0.11514170143319474,0.19673263,0.0,0.07649238078261562,0.0,0.005181377799830206,0.003991851397210447,9.199040911862353E-5,0.003899860988091824,0.0011911299973006199,25.8496353349762,0.7084584371049101,-25.14117689787129,29.756432379668887,0.0,28.748027079907356,-1.008405299761531,0.011789243186352012,2.8258801555069074E-4,0.15,0.013786516717205686,153.1999969482422,61.987089509066124,8.209533628778347,9.282000504434109,0.010858844280215016,0.012277408516021384,0.0,0.0,0.0,0.0,3.85401632892162E-4,1.0,45,0,0,0,887.1952,0.0,0.0,0.0,131.17242,0.0,0.0,0.0,0.12082991,0.0,0.0,0.0,"718f4615-e576-4fa4-80aa-6236231db38b",0.0,0.0,0.0,0.0,0.0,0.0,0.0,0.0,0.0,0.0,0.0,0.0,1,0,0,0,3.85401632892162E-4,0.0,0.0,0.0,0.0,0.0,0.0,0.0,0.0,0.0
2012-07-23T02:30:00,2012,205,2,0,1802.0,45,890.38,0.0,131.44466,0.0,0.12070356,0.0,0.5,0.8534346,3.8633273,0.11473804824051144,0.19606571,0.0,0.07624855974767701,0.0,0.005163213401828729,0.0039811148837378945,9.087729060742577E-5,0.0038902375931304683,0.0010716613182845456,25.781777758969103,0.7169346132736906,-25.064843145695413,29.724823932282604,0.0,28.717192768624177,-1.0076311636584272,0.01176632298147826,2.793704824602323E-4,0.15,0.013785869733674364,153.1999969482422,61.92266277742098,8.193842471725915,9.282000504434109,0.010796496281920006,0.012230291744160664,0.0,0.0,0.0,0.0,3.863327273401427E-4,1.0,45,0,0,0,890.38,0.0,0.0,0.0,131.44466,0.0,0.0,0.0,0.12070356,0.0,0.0,0.0,"718f4615-e576-4fa4-80aa-6236231db38b",0.0,0.0,0.0,0.0,0.0,0.0,0.0,0.0,0.0,0.0,0.0,0.0,1,0,0,0,3.863327273401427E-4,0.0,0.0,0.0,0.0,0.0,0.0,0.0,0.0,0.0
2012-07-23T03:30:00,2012,205,3,0,1803.0,45,893.63684,0.0,131.71599,0.0,0.12056551,0.0,0.5,0.85657674,3.8729546,0.11435677203758422,0.19539897,0.0,0.07598885152613188,0.0,0.005146055968606355,0.003969288768572649,8.974865021352241E-5,0.0038795401183591262,9.86846028578093E-4,25.7015933309865,0.7222266631828981,-24.979366667803603,29.688887097250735,0.0,28.68184835477133,-1.0070387424794056,0.011743442332790604,2.761895615426904E-4,0.15,0.013785222793345313,153.1999969482422,61.85835950602166,8.17869751817826,9.282000504434109,0.010734313682581818,0.01218236825546172,0.0,0.0,0.0,0.0,3.8729545226191093E-4,1.0,45,0,0,0,893.63684,0.0,0.0,0.0,131.71599,0.0,0.0,0.0,0.12056551,0.0,0.0,0.0,"718f4615-e576-4fa4-80aa-6236231db38b",0.0,0.0,0.0,0.0,0.0,0.0,0.0,0.0,0.0,0.0,0.0,0.0,1,0,0,0,3.8729545226191093E-4,0.0,0.0,0.0,0.0,0.0,0.0,0.0,0.0,0.0
2012-07-23T04:30:00,2012,205,4,0,1804.0,45,896.92255,0.0,131.9864,0.0,0.12042274,0.0,0.5,0.85979277,3.8827894,0.113975729417482,0.19473907,0.0,0.07569689370885023,0.0,0.00512890904661361,0.003955015820835897,8.857262957480779E-5,0.003866443191261089,9.427930673838343E-4,25.600471341937922,0.723735360180432,-24.87673598175749,29.644529066030756,0.0,28.637862228975354,-1.006666837055402,0.011720601343035836,2.730448366991318E-4,0.15,0.01378457589623867,153.1999969482422,61.794197061574515,8.16438752375017,9.282000504434109,0.010673292681858354,0.012134346608216395,0.0,0.0,0.0,0.0,3.8827893984660715E-4,1.0,45,0,0,0,896.92255,0.0,0.0,0.0,131.9864,0.0,0.0,0.0,0.12042274,0.0,0.0,0.0,"718f4615-e576-4fa4-80aa-6236231db38b",0.0,0.0,0.0,0.0,0.0,0.0,0.0,0.0,0.0,0.0,0.0,0.0,1,0,0,0,3.8827893984660715E-4,0.0,0.0,0.0,0.0,0.0,0.0,0.0,0.0,0.0
2012-07-23T05:30:00,2012,205,5,0,1805.0,45,900.24805,0.0,132.25586,0.0,0.12027354,0.0,0.5,0.8630386,3.892701,0.11357022946283993,0.19407281,0.0,0.07542733959195803,0.0,0.0051106615443041745,0.003942176037871974,8.744437684696745E-5,0.003854731661025007,8.891947881978782E-4,25.509436588876518,0.7261660715433603,-24.783270517333158,29.605915364525202,0.0,28.599375725947716,-1.006539638577486,0.011697800113893422,2.699358965480703E-4,0.15,0.013783929042374559,153.1999969482422,61.730163561448634,8.150742789838736,9.282000504434109,0.01061305401945264,0.012086060780246374,0.0,0.0,0.0,0.0,3.8927009908115825E-4,1.0,45,0,0,0,900.24805,0.0,0.0,0.0,132.25586,0.0,0.0,0.0,0.12027354,0.0,0.0,0.0,"718f4615-e576-4fa4-80aa-6236231db38b",0.0,0.0,0.0,0.0,0.0,0.0,0.0,0.0,0.0,0.0,0.0,0.0,1,0,0,0,3.8927009908115825E-4,0.0,0.0,0.0,0.0,0.0,0.0,0.0,0.0,0.0
2012-07-23T06:30:00,2012,205,6,0,1806.0,45,903.60095,0.0,132.52437,0.0,0.12011994,0.0,0.5,0.86632544,3.902722,0.11316970913699348,0.19339848,0.0,0.07518281148762716,0.0,0.005092638125343968,0.00393103713715789,8.636883887702271E-5,0.0038446682982808678,8.497007442178998E-4,25.427939934678076,0.7275066450625411,-24.700433289615535,29.572309796626627,0.0,28.56564444021334,-1.0066653564132864,0.01167503874597585,2.668623343722451E-4,0.15,0.013783282231773103,153.1999969482422,61.666270453599935,8.137595641386492,9.282000504434109,0.010553550248273593,0.012037715198067522,0.0,0.0,0.0,0.0,3.9027219603602595E-4,1.0,45,0,0,0,903.60095,0.0,0.0,0.0,132.52437,0.0,0.0,0.0,0.12011994,0.0,0.0,0.0,"718f4615-e576-4fa4-80aa-6236231db38b",0.0,0.0,0.0,0.0,0.0,0.0,0.0,0.0,0.0,0.0,0.0,0.0,1,0,0,0,3.9027219603602595E-4,0.0,0.0,0.0,0.0,0.0,0.0,0.0,0.0,0.0
2012-07-23T07:30:00,2012,205,7,0,1807.0,45,906.68915,0.0,132.79044,0.0,0.12000525,0.0,0.5,0.8696406,3.9128146,0.11214101272123582,0.19210215,0.0,0.07247737452620243,0.0,0.005046346775598157,0.0038373333171597955,8.358098013221521E-5,0.0037537523370275803,0.001018241591991987,25.47386049434074,0.7039231639678347,-24.769937330372905,29.373349462297988,0.0,27.73663997136098,-1.6367094909370081,0.011652317338829049,2.6382374806599353E-4,0.15,0.013782635464454416,153.1999969482422,61.60251749618418,8.122940508595097,9.282000504434109,0.010496128636663452,0.011993818149600804,0.0,0.0,0.0,0.0,3.9128146941478525E-4,1.0,45,0,0,0,906.68915,0.0,0.0,0.0,132.79044,0.0,0.0,0.0,0.12000525,0.0,0.0,0.0,"718f4615-e576-4fa4-80aa-6236231db38b",0.0,0.0,0.0,0.0,0.0,0.0,0.0,0.0,0.0,0.0,0.0,0.0,1,0,0,0,3.9128146941478525E-4,0.0,0.0,0.0,0.0,0.0,0.0,0.0,0.0,0.0
2012-07-23T08:30:00,2012,205,8,0,1808.0,45,908.52203,0.0,133.05844,0.0,0.120088115,0.0,0.5,0.8726866,3.922101,0.11295269541845492,0.19322062,0.0,0.07316074935805805,0.0,0.005082872505681428,0.003740078493240268,8.043301649653697E-5,0.0036596454767437313,0.0021782788788605022,25.723767755577878,0.5964866245317262,-25.127281131046153,30.31114401073436,0.0,27.64889585408723,-2.6622481566471308,0.01162963599093287,2.608197400832114E-4,0.15,0.013781988740438606,153.1999969482422,61.538887096167436,8.103727045924572,9.282000504434109,0.010450171194832034,0.011969615184735898,0.0,0.0,0.0,0.0,3.9221010659616656E-4,1.0,45,0,0,0,908.52203,0.0,0.0,0.0,133.05844,0.0,0.0,0.0,0.120088115,0.0,0.0,0.0,"718f4615-e576-4fa4-80aa-6236231db38b",0.0,0.0,0.0,0.0,0.0,0.0,0.0,0.0,0.0,0.0,0.0,0.0,1,0,0,0,3.9221010659616656E-4,0.0,0.0,0.0,0.0,0.0,0.0,0.0,0.0,0.0
2012-07-23T09:30:00,2012,205,9,0,1809.0,45,909.192,0.0,133.32816,0.0,0.12035312,0.0,0.5,0.8744509,3.9276083,0.11368170833754167,0.19427766,0.0,0.0756688855312638,0.0,0.0051156780948617905,0.0037367298832296355,7.938148613614096E-5,0.0036573483970934947,0.0033395166947079464,26.054967573025152,0.4977867506649492,-25.557180822360202,31.32126459304397,0.0,28.15933863604466,-3.161925956999312,0.011606994799701592,2.578499173858952E-4,0.15,0.013781342059745778,153.1999969482422,61.475396436135455,8.07941721278691,9.282000504434109,0.010413447155490394,0.011963439837861616,0.0,0.0,0.0,0.0,3.927608232764151E-4,1.0,45,0,0,0,909.192,0.0,0.0,0.0,133.32816,0.0,0.0,0.0,0.12035312,0.0,0.0,0.0,"718f4615-e576-4fa4-80aa-6236231db38b",0.0,0.0,0.0,0.0,0.0,0.0,0.0,0.0,0.0,0.0,0.0,0.0,1,0,0,0,3.927608232764151E-4,0.0,0.0,0.0,0.0,0.0,0.0,0.0,0.0,0.0
2012-07-23T10:30:00,2012,205,10,0,1810.0,45,909.2672,0.0,133.59825,0.0,0.12071085,0.0,0.5,0.87502795,3.9296205,0.11383837336535291,0.19404301,0.0,0.07850289527076142,0.0,0.005122728022794131,0.003842693763657614,8.089327234281144E-5,0.0037618004913148027,0.004040654740266012,26.27746798784388,0.0,-26.27746798784388,31.65373710431585,0.0,28.449064816338193,-3.204672287977658,0.011584393861484493,2.549138913932597E-4,0.15,0.013780695422396027,153.1999969482422,61.41203951483578,8.052405699451574,9.282000504434109,0.010381240034168402,0.01196644565988092,0.0,0.0,0.0,0.0,3.92962061088242E-4,1.0,45,0,0,0,909.2672,0.0,0.0,0.0,133.59825,0.0,0.0,0.0,0.12071085,0.0,0.0,0.0,"718f4615-e576-4fa4-80aa-6236231db38b",0.0,0.0,0.0,0.0,0.0,0.0,0.0,0.0,0.0,0.0,0.0,0.0,1,0,0,0,3.92962061088242E-4,0.0,0.0,0.0,0.0,0.0,0.0,0.0,0.0,0.0
2012-07-23T11:30:00,2012,205,11,0,1811.0,45,908.49664,0.0,133.87129,0.0,0.12120497,0.0,0.5,0.87499785,3.9298465,0.11507754278939569,0.19392613,0.0,0.07811696258616914,0.0,0.0051784906601709015,0.003780559992038267,7.875733021090015E-5,0.0037018026618273665,0.004827254396132851,26.380759411958607,0.0,-26.380759411958607,31.94932590813376,0.0,28.289562583823994,-3.6597633243097647,0.011561833271566478,2.520112779314241E-4,0.15,0.013780048828409447,153.1999969482422,61.34881612690988,8.024905390838958,9.282000504434109,0.010359724370884126,0.011982567040119574,0.0,0.0,0.0,0.0,3.9298464742946006E-4,1.0,45,0,0,0,908.49664,0.0,0.0,0.0,133.87129,0.0,0.0,0.0,0.12120497,0.0,0.0,0.0,"718f4615-e576-4fa4-80aa-6236231db38b",0.0,0.0,0.0,0.0,0.0,0.0,0.0,0.0,0.0,0.0,0.0,0.0,1,0,0,0,3.9298464742946006E-4,0.0,0.0,0.0,0.0,0.0,0.0,0.0,0.0,0.0
2012-07-23T12:30:00,2012,205,12,0,1812.0,45,907.1546,0.0,134.14545,0.0,0.121791944,0.0,0.5,0.87410367,3.9275322,0.11554725477417965,0.19441746,0.0,0.0734277582640204,0.0,0.005199627704525643,0.0034686602376722856,7.128156915427793E-5,0.003397378668518008,0.005088018872147405,26.5460391197234,0.0,-26.5460391197234,32.59069663552889,0.0,26.858057429769136,-5.732639205759757,0.011539313124168747,2.491416971836607E-4,0.15,0.01377940227780612,153.1999969482422,61.28572606694925,7.996475154741378,9.282000504434109,0.010344606247124452,0.01200762067609861,0.0,0.0,0.0,0.0,3.9275321263866376E-4,1.0,45,0,0,0,907.1546,0.0,0.0,0.0,134.14545,0.0,0.0,0.0,0.121791944,0.0,0.0,0.0,"718f4615-e576-4fa4-80aa-6236231db38b",0.0,0.0,0.0,0.0,0.0,0.0,0.0,0.0,0.0,0.0,0.0,0.0,1,0,0,0,3.9275321263866376E-4,0.0,0.0,0.0,0.0,0.0,0.0,0.0,0.0,0.0
2012-07-23T13:30:00,2012,205,13,0,1813.0,45,905.233,0.0,134.41318,0.0,0.12246455,0.0,0.5,0.87262577,3.9234998,0.11284615331379198,0.1940792,0.0,0.07451362173348747,0.0,0.005078078109828524,0.003495355097944285,7.117669080173481E-5,0.00342417840714255,0.005687763477025877,26.760137377991676,0.0,-26.760137377991676,32.83438543593752,0.0,27.118004608942424,-5.7163808269950955,0.011516833512449528,2.4630477364120083E-4,0.15,0.013778755770606126,153.1999969482422,61.22276340646194,7.9667282652730345,9.282000504434109,0.010335396821286999,0.01204172595253251,0.0,0.0,0.0,0.0,3.923499819102853E-4,1.0,45,0,0,0,905.233,0.0,0.0,0.0,134.41318,0.0,0.0,0.0,0.12246455,0.0,0.0,0.0,"718f4615-e576-4fa4-80aa-6236231db38b",0.0,0.0,0.0,0.0,0.0,0.0,0.0,0.0,0.0,0.0,0.0,0.0,1,0,0,0,3.923499819102853E-4,0.0,0.0,0.0,0.0,0.0,0.0,0.0,0.0,0.0
2012-07-23T14:30:00,2012,205,14,0,1814.0,45,903.05316,0.0,134.68092,0.0,0.123182364,0.0,0.5,0.87055904,3.9177234,0.11284655789761469,0.19344042,0.0,0.07736226214335311,0.0,0.005078096316104885,0.0036256585282205835,7.327023222759137E-5,0.0035523882959929923,0.006076224505088899,26.93535298938187,0.0,-26.93535298938187,32.87881531797423,0.0,27.888005313865516,-4.990810004108713,0.011494394528504839,2.4350013605459037E-4,0.15,0.01377810930682954,153.1999969482422,61.15993939810326,7.936592786626714,9.282000504434109,0.0103290985739446,0.0120800828203324,0.0,0.0,0.0,0.0,3.9177233167329953E-4,1.0,45,0,0,0,903.05316,0.0,0.0,0.0,134.68092,0.0,0.0,0.0,0.123182364,0.0,0.0,0.0,"718f4615-e576-4fa4-80aa-6236231db38b",0.0,0.0,0.0,0.0,0.0,0.0,0.0,0.0,0.0,0.0,0.0,0.0,1,0,0,0,3.9177233167329953E-4,0.0,0.0,0.0,0.0,0.0,0.0,0.0,0.0,0.0
2012-07-23T15:30:00,2012,205,15,0,1815.0,45,900.958,0.0,134.9517,0.0,0.123895295,0.0,0.5,0.8682289,3.9111664,0.11412439650966971,0.193111,0.0,0.07709734132301774,0.0,0.005135599067357083,0.0035860025594873636,7.177128952311108E-5,0.0035142312699642524,0.005955063122081975,27.084098570193863,0.0,-27.084098570193863,33.065419675997475,0.0,27.760967781481337,-5.304451894516138,0.011471996263369314,2.4072741738559E-4,0.15,0.013777462886496427,153.1999969482422,61.09724810118706,7.906638098744092,9.282000504434109,0.010321897253550559,0.012117394816564535,0.0,0.0,0.0,0.0,3.9111665043318317E-4,1.0,45,0,0,0,900.958,0.0,0.0,0.0,134.9517,0.0,0.0,0.0,0.123895295,0.0,0.0,0.0,"718f4615-e576-4fa4-80aa-6236231db38b",0.0,0.0,0.0,0.0,0.0,0.0,0.0,0.0,0.0,0.0,0.0,0.0,1,0,0,0,3.9111665043318317E-4,0.0,0.0,0.0,0.0,0.0,0.0,0.0,0.0,0.0
2012-07-23T16:30:00,2012,205,16,0,1816.0,45,899.0498,0.0,135.22089,0.0,0.124579914,0.0,0.5,0.8659839,3.9048598,0.11345689434834241,0.19240874,0.0,0.0777589934481425,0.0,0.005105561462935833,0.0036183258275256447,7.1822133136738E-5,0.003546503694388907,0.0057987315902583575,27.203008511364008,0.0,-27.203008511364008,33.025046515890516,0.0,27.903759245190226,-5.121287270700289,0.011449638807017081,2.3798625475961364E-4,0.15,0.01377681650962685,153.1999969482422,61.03468931012607,7.877286022598881,9.282000504434109,0.010312892917517615,0.012151936211019036,0.0,0.0,0.0,0.0,3.9048597889378167E-4,1.0,45,0,0,0,899.0498,0.0,0.0,0.0,135.22089,0.0,0.0,0.0,0.124579914,0.0,0.0,0.0,"718f4615-e576-4fa4-80aa-6236231db38b",0.0,0.0,0.0,0.0,0.0,0.0,0.0,0.0,0.0,0.0,0.0,0.0,1,0,0,0,3.9048597889378167E-4,0.0,0.0,0.0,0.0,0.0,0.0,0.0,0.0,0.0
2012-07-23T17:30:00,2012,205,17,0,1817.0,45,897.5688,0.0,135.48865,0.0,0.12519623,0.0,0.5,0.86393034,3.8991125,0.11285019059673351,0.19117634,0.0,0.08184654573644076,0.0,0.005078259787604207,0.003853478477345527,7.604243267357996E-5,0.003777436044671947,0.00560533410582156,27.27950722138403,0.0,-27.27950722138403,32.67044487907414,0.0,29.074336156646297,-3.596108722427843,0.011427322248362688,2.3527628941869962E-4,0.15,0.013776170176240863,153.1999969482422,60.97225714449114,7.849051200868213,9.282000504434109,0.010299509093886003,0.012179822268747451,0.0,0.0,0.0,0.0,3.899112441521242E-4,1.0,45,0,0,0,897.5688,0.0,0.0,0.0,135.48865,0.0,0.0,0.0,0.12519623,0.0,0.0,0.0,"718f4615-e576-4fa4-80aa-6236231db38b",0.0,0.0,0.0,0.0,0.0,0.0,0.0,0.0,0.0,0.0,0.0,0.0,1,0,0,0,3.899112441521242E-4,0.0,0.0,0.0,0.0,0.0,0.0,0.0,0.0,0.0
2012-07-23T18:30:00,2012,205,18,0,1818.0,45,896.7464,0.0,135.75246,0.0,0.12570098,0.0,0.5,0.8623132,3.894649,0.11118898985814077,0.18739603,0.0,0.07737307812660751,0.0,0.005003505736544784,0.003888239443228996,7.655332838975022E-5,0.0038116861148392456,0.004977447198478806,27.271841764316736,0.0,-27.271841764316736,31.0032604517461,0.0,27.876199507229092,-3.127060944517009,0.01140504667526206,2.3259716667500802E-4,0.15,0.013775523886358517,153.1999969482422,60.90996842302519,7.822902084352015,9.282000504434109,0.010279848316531535,0.012197207152881735,0.0,0.0,0.0,0.0,3.894649079715733E-4,1.0,45,0,0,0,896.7464,0.0,0.0,0.0,135.75246,0.0,0.0,0.0,0.12570098,0.0,0.0,0.0,"718f4615-e576-4fa4-80aa-6236231db38b",0.0,0.0,0.0,0.0,0.0,0.0,0.0,0.0,0.0,0.0,0.0,0.0,1,0,0,0,3.894649079715733E-4,0.0,0.0,0.0,0.0,0.0,0.0,0.0,0.0,0.0
2012-07-23T19:30:00,2012,205,19,0,1819.0,45,896.6622,0.0,136.01999,0.0,0.12608992,0.0,0.5,0.8613697,3.8921697,0.11276281828064258,0.18812773,0.0,0.08010109630729513,0.0,0.005074328032442712,0.003907675295955528,7.603694447828153E-5,0.003831638351477246,0.00426247804521894,27.21387880127813,0.0,-27.21387880127813,31.579231441393745,0.0,28.63895176573849,-2.9402796756552547,0.011382812174513536,2.299485358648392E-4,0.15,0.013774877639999853,153.1999969482422,60.84780591562158,7.799151100754835,9.282000504434109,0.010253377310470768,0.012202847737971352,0.0,0.0,0.0,0.0,3.892169765965042E-4,1.0,45,0,0,0,896.6622,0.0,0.0,0.0,136.01999,0.0,0.0,0.0,0.12608992,0.0,0.0,0.0,"718f4615-e576-4fa4-80aa-6236231db38b",0.0,0.0,0.0,0.0,0.0,0.0,0.0,0.0,0.0,0.0,0.0,0.0,1,0,0,0,3.892169765965042E-4,0.0,0.0,0.0,0.0,0.0,0.0,0.0,0.0,0.0
2012-07-23T20:30:00,2012,205,20,0,1820.0,45,897.0267,0.0,136.27695,0.0,0.12638976,0.0,0.5,0.861178,3.8919158,0.10830027832298661,0.18346576,0.0,0.07164579832651168,0.0,0.004873513686470332,0.003796155612094438,7.370955943626001E-5,0.003722446052658178,0.0036915071012855625,27.101326120060143,0.4725584547571282,-26.628767665303016,29.613477650132012,0.0,26.78791673034132,-2.825560919790693,0.011360618831858927,2.2733005030316724E-4,0.15,0.01377423143718491,153.1999969482422,60.78576945252501,7.778154484668726,9.282000504434109,0.01022432754858728,0.012201122213572052,0.0,0.0,0.0,0.0,3.8919158445646797E-4,1.0,45,0,0,0,897.0267,0.0,0.0,0.0,136.27695,0.0,0.0,0.0,0.12638976,0.0,0.0,0.0,"718f4615-e576-4fa4-80aa-6236231db38b",0.0,0.0,0.0,0.0,0.0,0.0,0.0,0.0,0.0,0.0,0.0,0.0,1,0,0,0,3.8919158445646797E-4,0.0,0.0,0.0,0.0,0.0,0.0,0.0,0.0,0.0
2012-07-23T21:30:00,2012,205,21,0,1821.0,45,898.53827,0.0,136.53632,0.0,0.12650217,0.0,0.5,0.86144835,3.893015,0.1093146433605515,0.18485692,0.0,0.07989006539228397,0.0,0.004919160124043709,0.0040553849987864385,7.778883046115566E-5,0.0039775961683252824,0.002806090770371726,26.984898323168785,0.5715148016605699,-26.413383521508216,30.41923273533881,0.0,29.40856200184523,-1.0106707334935798,0.011338466731984638,2.2474136723868261E-4,0.15,0.013773585277933717,153.1999969482422,60.723870117575956,7.759647662207597,9.282000504434109,0.010183238164225752,0.012181071343930736,0.0,0.0,0.0,0.0,3.893014915766707E-4,1.0,45,0,0,0,898.53827,0.0,0.0,0.0,136.53632,0.0,0.0,0.0,0.12650217,0.0,0.0,0.0,"718f4615-e576-4fa4-80aa-6236231db38b",0.0,0.0,0.0,0.0,0.0,0.0,0.0,0.0,0.0,0.0,0.0,0.0,1,0,0,0,3.893014915766707E-4,0.0,0.0,0.0,0.0,0.0,0.0,0.0,0.0,0.0
2012-07-23T22:30:00,2012,205,22,0,1822.0,45,900.435,0.0,136.79987,0.0,0.1265562,0.0,0.5,0.8628883,3.897571,0.11107867132035136,0.18408003,0.0,0.07942119475273393,0.0,0.00499854140116067,0.004038860429387084,7.676059303095982E-5,0.003962099836356124,0.0024086888489663083,26.94135144417603,0.6039536658215021,-26.337397778354525,30.340211657604385,0.0,29.328840242741446,-1.0113714148629391,0.011316355958522826,2.2218214780933906E-4,0.15,0.013772939162266302,153.1999969482422,60.66209643925019,7.741945318327702,9.282000504434109,0.010138277806863587,0.012155019939837001,0.0,0.0,0.0,0.0,3.897571116312878E-4,1.0,45,0,0,0,900.435,0.0,0.0,0.0,136.79987,0.0,0.0,0.0,0.1265562,0.0,0.0,0.0,"718f4615-e576-4fa4-80aa-6236231db38b",0.0,0.0,0.0,0.0,0.0,0.0,0.0,0.0,0.0,0.0,0.0,0.0,1,0,0,0,3.897571116312878E-4,0.0,0.0,0.0,0.0,0.0,0.0,0.0,0.0,0.0
2012-07-23T23:30:00,2012,205,23,0,1823.0,45,902.5496,0.0,137.06236,0.0,0.12657252,0.0,0.5,0.8647195,3.903285,0.11063416586574318,0.18337755,0.0,0.0791693940728569,0.0,0.004978538650934276,0.004027488399781375,7.583106712584061E-5,0.003951657332655534,0.002178383459692738,26.903220797414384,0.622343433870493,-26.28087736354389,30.305788199630058,0.0,29.29539573972882,-1.0103924599012366,0.011294286594052624,2.196520569983983E-4,0.15,0.013772293090202684,153.1999969482422,60.60046505652372,7.724770457516995,9.282000504434109,0.010091311793979527,0.012125610939153755,0.0,0.0,0.0,0.0,3.903284973320481E-4,1.0,45,0,0,0,902.5496,0.0,0.0,0.0,137.06236,0.0,0.0,0.0,0.12657252,0.0,0.0,0.0,"718f4615-e576-4fa4-80aa-6236231db38b",0.0,0.0,0.0,0.0,0.0,0.0,0.0,0.0,0.0,0.0,0.0,0.0,1,0,0,0,3.903284973320481E-4,0.0,0.0,0.0,0.0,0.0,0.0,0.0,0.0,0.0
2012-07-24T00:30:00,2012,206,0,0,1824.0,45,904.70306,0.0,137.3239,0.0,0.12658101,0.0,0.5,0.8667734,3.909651,0.11023399288766045,0.18267514,0.0,0.07893211489869147,0.0,0.004960530862627163,0.004016663272018047,7.49185250432128E-5,0.003941744746974834,0.002127740639780236,26.847462734137306,0.6252976760367122,-26.222165058100593,30.266457878296023,0.0,29.257134749983827,-1.0093231283121966,0.011272258720101387,2.171507635909678E-4,0.15,0.013771647061762874,153.1999969482422,60.53895891875398,7.708247816079912,9.282000504434109,0.010044901381290315,0.012095716421263666,0.0,0.0,0.0,0.0,3.909651069242531E-4,1.0,45,0,0,0,904.70306,0.0,0.0,0.0,137.3239,0.0,0.0,0.0,0.12658101,0.0,0.0,0.0,"718f4615-e576-4fa4-80aa-6236231db38b",0.0,0.0,0.0,0.0,0.0,0.0,0.0,0.0,0.0,0.0,0.0,0.0,1,0,0,0,3.909651069242531E-4,0.0,0.0,0.0,0.0,0.0,0.0,0.0,0.0,0.0
2012-07-24T01:30:00,2012,206,1,0,1825.0,45,907.14307,0.0,137.58452,0.0,0.12654103,0.0,0.5,0.8688674,3.9161298,0.1098434950729931,0.18197607,0.0,0.07859873832471694,0.0,0.0049429584567775445,0.004000495720912677,7.391379842312572E-5,0.003926581922489552,0.0018240457688227392,26.777296071402592,0.6493503242213959,-26.127945747181197,30.221072247732373,0.0,29.21274116313847,-1.0083310845939017,0.011250272417146007,2.1467794013102542E-4,0.15,0.013771001076966882,153.1999969482422,60.47757785576853,7.692556390827627,9.282000504434109,0.009996063719971991,0.012061460947074464,0.0,0.0,0.0,0.0,3.916129735947104E-4,1.0,45,0,0,0,907.14307,0.0,0.0,0.0,137.58452,0.0,0.0,0.0,0.12654103,0.0,0.0,0.0,"718f4615-e576-4fa4-80aa-6236231db38b",0.0,0.0,0.0,0.0,0.0,0.0,0.0,0.0,0.0,0.0,0.0,0.0,1,0,0,0,3.916129735947104E-4,0.0,0.0,0.0,0.0,0.0,0.0,0.0,0.0,0.0
2012-07-24T02:30:00,2012,206,2,0,1826.0,45,909.8974,0.0,137.8441,0.0,0.12644835,0.0,0.5,0.8712542,3.9234653,0.10940562843277836,0.18127295,0.0,0.0782832613890531,0.0,0.004923254453270082,0.003985419006401656,7.293968621927136E-5,0.003912479320182384,0.0014936201631757168,26.71028188313703,0.6755816707573533,-26.034700212379676,30.184045749967282,0.0,29.17656324421466,-1.0074825057526233,0.01122832776461426,2.122332628789268E-4,0.15,0.013770355135834708,153.1999969482422,60.41633839938365,7.677491800064433,9.282000504434109,0.009944250850451504,0.012022486485669125,0.0,0.0,0.0,0.0,3.923465250482214E-4,1.0,45,0,0,0,909.8974,0.0,0.0,0.0,137.8441,0.0,0.0,0.0,0.12644835,0.0,0.0,0.0,"718f4615-e576-4fa4-80aa-6236231db38b",0.0,0.0,0.0,0.0,0.0,0.0,0.0,0.0,0.0,0.0,0.0,0.0,1,0,0,0,3.923465250482214E-4,0.0,0.0,0.0,0.0,0.0,0.0,0.0,0.0,0.0
2012-07-24T03:30:00,2012,206,3,0,1827.0,45,912.9122,0.0,138.10184,0.0,0.12631126,0.0,0.5,0.8739621,3.9317389,0.1086284955046167,0.180257,0.0,0.07734189687073122,0.0,0.004888283463165075,0.003964564562604234,7.190551471581173E-5,0.0038926590478884225,0.0012104596070066779,26.607916905451518,0.6970309664590809,-25.910885938992436,29.989018723554707,0.0,28.982185405277974,-1.0068333182767333,0.011206424840886204,2.098164117693884E-4,0.15,0.013769709238386347,153.1999969482422,60.355218050451626,7.663381848080489,9.282000504434109,0.009890654989921227,0.011979706404507004,0.0,0.0,0.0,0.0,3.9317388222633444E-4,1.0,45,0,0,0,912.9122,0.0,0.0,0.0,138.10184,0.0,0.0,0.0,0.12631126,0.0,0.0,0.0,"718f4615-e576-4fa4-80aa-6236231db38b",0.0,0.0,0.0,0.0,0.0,0.0,0.0,0.0,0.0,0.0,0.0,0.0,1,0,0,0,3.9317388222633444E-4,0.0,0.0,0.0,0.0,0.0,0.0,0.0,0.0,0.0
2012-07-24T04:30:00,2012,206,4,0,1828.0,45,916.0744,0.0,138.35759,0.0,0.12614849,0.0,0.5,0.8769365,3.9407864,0.10779468884907392,0.17922875,0.0,0.07642088690105282,0.0,0.004850762154719876,0.0039451771057863756,7.090905732803945E-5,0.003874268048458336,0.0010416059145108149,26.499952962603498,0.7087327808455793,-25.791220181757918,29.794187681377778,0.0,28.787761792115614,-1.0064258892621645,0.01118456372329563,2.074270703699426E-4,0.15,0.013769063384641789,153.1999969482422,60.29423330516792,7.650163151147876,9.282000504434109,0.009836694858000742,0.011934935873913678,0.0,0.0,0.0,0.0,3.9407864554415135E-4,1.0,45,0,0,0,916.0744,0.0,0.0,0.0,138.35759,0.0,0.0,0.0,0.12614849,0.0,0.0,0.0,"718f4615-e576-4fa4-80aa-6236231db38b",0.0,0.0,0.0,0.0,0.0,0.0,0.0,0.0,0.0,0.0,0.0,0.0,1,0,0,0,3.9407864554415135E-4,0.0,0.0,0.0,0.0,0.0,0.0,0.0,0.0,0.0
2012-07-24T05:30:00,2012,206,5,0,1829.0,45,919.2758,0.0,138.61226,0.0,0.12597916,0.0,0.5,0.8800621,3.9502673,0.10733959627267041,0.17852877,0.0,0.0761253700814666,0.0,0.004830282983899104,0.0039301615349266366,6.996098194733543E-5,0.003860200552979301,9.86324409765048E-4,26.39317972756641,0.7111660564591047,-25.682013671107303,29.753553528249014,0.0,28.747266928501297,-1.0062865997477175,0.011162744488131534,2.0506492583985893E-4,0.15,0.013768417574621017,153.1999969482422,60.23337839021619,7.6377392858915325,9.282000504434109,0.00978365024107706,0.011889885615843452,0.0,0.0,0.0,0.0,3.9502674058492144E-4,1.0,45,0,0,0,919.2758,0.0,0.0,0.0,138.61226,0.0,0.0,0.0,0.12597916,0.0,0.0,0.0,"718f4615-e576-4fa4-80aa-6236231db38b",0.0,0.0,0.0,0.0,0.0,0.0,0.0,0.0,0.0,0.0,0.0,0.0,1,0,0,0,3.9502674058492144E-4,0.0,0.0,0.0,0.0,0.0,0.0,0.0,0.0,0.0
2012-07-24T06:30:00,2012,206,6,0,1830.0,45,922.49945,0.0,138.86594,0.0,0.12580615,0.0,0.5,0.8832282,3.9598563,0.10691733679283547,0.1778248,0.0,0.07584255859493133,0.0,0.004811281302776179,0.003915984523272187,6.90396907640555E-5,0.0038469448325081316,9.489304507417243E-4,26.290199392495975,0.7121401546966212,-25.578059237799355,29.71507112332005,0.0,28.708646718607497,-1.0064244047125541,0.011140967210639677,2.027296688895256E-4,0.15,0.01376777180834401,153.1999969482422,60.17264757952604,7.62603954137713,9.282000504434109,0.009731640461996283,0.011844823408941966,0.0,0.0,0.0,0.0,3.959856209949551E-4,1.0,45,0,0,0,922.49945,0.0,0.0,0.0,138.86594,0.0,0.0,0.0,0.12580615,0.0,0.0,0.0,"718f4615-e576-4fa4-80aa-6236231db38b",0.0,0.0,0.0,0.0,0.0,0.0,0.0,0.0,0.0,0.0,0.0,0.0,1,0,0,0,3.959856209949551E-4,0.0,0.0,0.0,0.0,0.0,0.0,0.0,0.0,0.0
2012-07-24T07:30:00,2012,206,7,0,1831.0,45,925.64264,0.0,139.11739,0.0,0.1256443,0.0,0.5,0.88641727,3.9695017,0.1059818859177678,0.17664711,0.0,0.07353653293075162,0.0,0.004769186003361835,0.00383590644617808,6.703554242697177E-5,0.0037688709037511084,9.470570441447154E-4,26.345603032667437,0.7044884810489894,-25.641114551618447,29.56802493553809,0.0,28.0014424881089,-1.566582447429191,0.011119231965024142,2.0042099374028806E-4,0.15,0.013767126085830736,153.1999969482422,60.112057227474764,7.612813445602281,9.282000504434109,0.009679045599871173,0.011801275150429918,0.0,0.0,0.0,0.0,3.9695018048454015E-4,1.0,45,0,0,0,925.64264,0.0,0.0,0.0,139.11739,0.0,0.0,0.0,0.1256443,0.0,0.0,0.0,"718f4615-e576-4fa4-80aa-6236231db38b",0.0,0.0,0.0,0.0,0.0,0.0,0.0,0.0,0.0,0.0,0.0,0.0,1,0,0,0,3.9695018048454015E-4,0.0,0.0,0.0,0.0,0.0,0.0,0.0,0.0,0.0
2012-07-24T08:30:00,2012,206,8,0,1832.0,45,927.56775,0.0,139.37053,0.0,0.1256798,0.0,0.5,0.8895252,3.9788973,0.10668789385098962,0.17744383,0.0,0.07416095516142597,0.0,0.00480095636793146,0.0037452328694518905,6.465208609423004E-5,0.0036805807833576606,0.0020761265475577003,26.64148015756234,0.6020573977980035,-26.03942275976434,30.49043454792986,0.0,27.881571607978522,-2.6088629399513366,0.011097538824448968,1.981385980847374E-4,0.15,0.013766480407101161,153.1999969482422,60.051585071143435,7.594689872488466,9.282000504434109,0.009635519931972522,0.011776241343709942,0.0,0.0,0.0,0.0,3.978897337991728E-4,1.0,45,0,0,0,927.56775,0.0,0.0,0.0,139.37053,0.0,0.0,0.0,0.1256798,0.0,0.0,0.0,"718f4615-e576-4fa4-80aa-6236231db38b",0.0,0.0,0.0,0.0,0.0,0.0,0.0,0.0,0.0,0.0,0.0,0.0,1,0,0,0,3.978897337991728E-4,0.0,0.0,0.0,0.0,0.0,0.0,0.0,0.0,0.0
2012-07-24T09:30:00,2012,206,9,0,1833.0,45,928.0978,0.0,139.62428,0.0,0.12593846,0.0,0.5,0.8913895,3.9846473,0.10695387913541696,0.17791887,0.0,0.07611751476019313,0.0,0.004812925708584403,0.0037455196525290396,6.392761089630972E-5,0.00368159204163273,0.0034721250836428877,26.99132225264749,0.48581594943919537,-26.505506303208293,31.32191200612757,0.0,28.217468919013253,-3.1044430871143156,0.011075887861039808,1.9588218304744537E-4,0.15,0.013765834772175245,153.1999969482422,59.99124742958912,7.571564039459688,9.282000504434109,0.00960281375074391,0.01177211493079472,0.0,0.0,0.0,0.0,3.9846473484039216E-4,1.0,45,0,0,0,928.0978,0.0,0.0,0.0,139.62428,0.0,0.0,0.0,0.12593846,0.0,0.0,0.0,"718f4615-e576-4fa4-80aa-6236231db38b",0.0,0.0,0.0,0.0,0.0,0.0,0.0,0.0,0.0,0.0,0.0,0.0,1,0,0,0,3.9846473484039216E-4,0.0,0.0,0.0,0.0,0.0,0.0,0.0,0.0,0.0
2012-07-24T10:30:00,2012,206,10,0,1834.0,45,927.90656,0.0,139.87929,0.0,0.12631413,0.0,0.5,0.89182997,3.98623,0.10747981381574956,0.17792916,0.0,0.07942943820662171,0.0,0.004836592774842037,0.0038462825179669817,6.500303967509692E-5,0.0037812794782918846,0.004295431393968689,27.304352751405407,0.0,-27.304352751405407,31.887615911831148,0.0,28.642536451252656,-3.2450794605784914,0.011054279145885658,1.9365145314613995E-4,0.15,0.013765189181072942,153.1999969482422,59.93104406163142,7.544731675740872,9.282000504434109,0.009574201620699035,0.011778781286367715,0.0,0.0,0.0,0.0,3.986229898771549E-4,1.0,45,0,0,0,927.90656,0.0,0.0,0.0,139.87929,0.0,0.0,0.0,0.12631413,0.0,0.0,0.0,"718f4615-e576-4fa4-80aa-6236231db38b",0.0,0.0,0.0,0.0,0.0,0.0,0.0,0.0,0.0,0.0,0.0,0.0,1,0,0,0,3.986229898771549E-4,0.0,0.0,0.0,0.0,0.0,0.0,0.0,0.0,0.0
2012-07-24T11:30:00,2012,206,11,0,1835.0,45,927.19666,0.0,140.13737,0.0,0.12677787,0.0,0.5,0.89153403,3.985659,0.10877521027720699,0.17782722,0.0,0.07935728829172406,0.0,0.0048948856295057165,0.0037903394055720505,6.337984725312801E-5,0.0037269595583189225,0.004761261905416777,27.3850372813544,0.0,-27.3850372813544,32.224877296441285,0.0,28.571954575436546,-3.652922721004739,0.01103271274904059,1.9144611625331707E-4,0.15,0.013764543633814198,153.1999969482422,59.87095834180771,7.51787431567689,9.282000504434109,0.009551853021893743,0.011793267730296637,0.0,0.0,0.0,0.0,3.9856589512099244E-4,1.0,45,0,0,0,927.19666,0.0,0.0,0.0,140.13737,0.0,0.0,0.0,0.12677787,0.0,0.0,0.0,"718f4615-e576-4fa4-80aa-6236231db38b",0.0,0.0,0.0,0.0,0.0,0.0,0.0,0.0,0.0,0.0,0.0,0.0,1,0,0,0,3.9856589512099244E-4,0.0,0.0,0.0,0.0,0.0,0.0,0.0,0.0,0.0
2012-07-24T12:30:00,2012,206,12,0,1836.0,45,925.3504,0.0,140.3966,0.0,0.12742853,0.0,0.5,0.89070755,3.983539,0.10925647919124701,0.17818384,0.0,0.07492058249811118,0.0,0.004916542735800973,0.0034921331313829585,5.763256527930914E-5,0.0034345005661036493,0.005600562504927601,27.64631160191742,0.0,-27.64631160191742,32.95690044058105,0.0,27.15088182666412,-5.806018613916933,0.01101118873952556,1.8926588355828387E-4,0.15,0.013763898130418954,153.1999969482422,59.811006483591825,7.488778886005864,9.282000504434109,0.009540407506642385,0.01182490077983753,0.0,0.0,0.0,0.0,3.9835392113662097E-4,1.0,45,0,0,0,925.3504,0.0,0.0,0.0,140.3966,0.0,0.0,0.0,0.12742853,0.0,0.0,0.0,"718f4615-e576-4fa4-80aa-6236231db38b",0.0,0.0,0.0,0.0,0.0,0.0,0.0,0.0,0.0,0.0,0.0,0.0,1,0,0,0,3.9835392113662097E-4,0.0,0.0,0.0,0.0,0.0,0.0,0.0,0.0,0.0
2012-07-24T13:30:00,2012,206,13,0,1837.0,45,922.7517,0.0,140.65076,0.0,0.12819897,0.0,0.5,0.88872117,3.9780242,0.10711933621897991,0.17820874,0.0,0.0771002345689016,0.0,0.004820371279119898,0.0035328011143380233,5.771140627576659E-5,0.0034750897080622566,0.0063885456781426425,27.894070370149425,0.0,-27.894070370149425,33.480611746639944,0.0,27.739314102446635,-5.74129764419331,0.010989707185330249,1.8711046952962798E-4,0.15,0.013763252670907146,153.1999969482422,59.75117736969875,7.458290818997884,9.282000504434109,0.009536225572676263,0.011868034208388736,0.0,0.0,0.0,0.0,3.978024181735981E-4,1.0,45,0,0,0,922.7517,0.0,0.0,0.0,140.65076,0.0,0.0,0.0,0.12819897,0.0,0.0,0.0,"718f4615-e576-4fa4-80aa-6236231db38b",0.0,0.0,0.0,0.0,0.0,0.0,0.0,0.0,0.0,0.0,0.0,0.0,1,0,0,0,3.978024181735981E-4,0.0,0.0,0.0,0.0,0.0,0.0,0.0,0.0,0.0
2012-07-24T14:30:00,2012,206,14,0,1838.0,45,920.061,0.0,140.90462,0.0,0.12898988,0.0,0.5,0.8859689,3.970256,0.10699471689131278,0.17732127,0.0,0.07996335245810636,0.0,0.004814763408037856,0.0036783068293238844,5.966546627310565E-5,0.003618641363050779,0.006625749158752283,28.102634600534177,0.0,-28.102634600534177,33.404560094242456,0.0,28.513929682384607,-4.890630411857849,0.01096826815341494,1.8497959187810883E-4,0.15,0.013762607255298704,153.1999969482422,59.691481682038344,7.427373713017832,9.282000504434109,0.009532584222474973,0.011912885358992155,0.0,0.0,0.0,0.0,3.9702561207470024E-4,1.0,45,0,0,0,920.061,0.0,0.0,0.0,140.90462,0.0,0.0,0.0,0.12898988,0.0,0.0,0.0,"718f4615-e576-4fa4-80aa-6236231db38b",0.0,0.0,0.0,0.0,0.0,0.0,0.0,0.0,0.0,0.0,0.0,0.0,1,0,0,0,3.9702561207470024E-4,0.0,0.0,0.0,0.0,0.0,0.0,0.0,0.0,0.0
2012-07-24T15:30:00,2012,206,15,0,1839.0,45,917.44684,0.0,141.16159,0.0,0.1297783,0.0,0.5,0.8831229,3.9622064,0.1083072910253714,0.17683534,0.0,0.07934911063769996,0.0,0.004873829258152887,0.0036299133089487106,5.83254180151649E-5,0.003571587890933546,0.006503975781412803,28.23080464638001,0.0,-28.23080464638001,33.5136454868992,0.0,28.281535279422304,-5.232110207476897,0.010946871709712442,1.82872971519966E-4,0.15,0.013761961883613548,153.1999969482422,59.631913764832476,7.397191958351911,9.282000504434109,0.009528961340848073,0.01195694588844914,0.0,0.0,0.0,0.0,3.962206418919846E-4,1.0,45,0,0,0,917.44684,0.0,0.0,0.0,141.16159,0.0,0.0,0.0,0.1297783,0.0,0.0,0.0,"718f4615-e576-4fa4-80aa-6236231db38b",0.0,0.0,0.0,0.0,0.0,0.0,0.0,0.0,0.0,0.0,0.0,0.0,1,0,0,0,3.962206418919846E-4,0.0,0.0,0.0,0.0,0.0,0.0,0.0,0.0,0.0
2012-07-24T16:30:00,2012,206,16,0,1840.0,45,915.02814,0.0,141.4174,0.0,0.13053796,0.0,0.5,0.8803538,3.954379,0.10782061093683172,0.17633206,0.0,0.07971952922250965,0.0,0.004851928648947091,0.003628356564534509,5.7770804166826944E-5,0.0035705857603676823,0.006305752514620876,28.373715270299048,0.0,-28.373715270299048,33.62337906599372,0.0,28.337691852860612,-5.285687213133105,0.01092551791913006,1.8079033254064016E-4,0.15,0.013761316555871598,153.1999969482422,59.57247341209727,7.3675279824247255,9.282000504434109,0.00952355950929369,0.011998282786322007,0.0,0.0,0.0,0.0,3.9543791727291545E-4,1.0,45,0,0,0,915.02814,0.0,0.0,0.0,141.4174,0.0,0.0,0.0,0.13053796,0.0,0.0,0.0,"718f4615-e576-4fa4-80aa-6236231db38b",0.0,0.0,0.0,0.0,0.0,0.0,0.0,0.0,0.0,0.0,0.0,0.0,1,0,0,0,3.9543791727291545E-4,0.0,0.0,0.0,0.0,0.0,0.0,0.0,0.0,0.0
2012-07-24T17:30:00,2012,206,17,0,1841.0,45,913.13666,0.0,141.67111,0.0,0.13121024,0.0,0.5,0.8777846,3.9471316,0.10692792816489112,0.17513616,0.0,0.08401719649900304,0.0,0.004811757914632316,0.0038673343616636023,6.120091542621734E-5,0.003806133446237385,0.006015444504994727,28.468021448471607,0.0,-28.468021448471607,33.2696757517517,0.0,29.587708570209777,-3.6819671815419213,0.010904206845551594,1.7873140215890148E-4,0.15,0.013760671272092762,153.1999969482422,59.51316041785637,7.3389260095640525,9.282000504434109,0.009512966924352002,0.012031646548204598,0.0,0.0,0.0,0.0,3.947131559399713E-4,1.0,45,0,0,0,913.13666,0.0,0.0,0.0,141.67111,0.0,0.0,0.0,0.13121024,0.0,0.0,0.0,"718f4615-e576-4fa4-80aa-6236231db38b",0.0,0.0,0.0,0.0,0.0,0.0,0.0,0.0,0.0,0.0,0.0,0.0,1,0,0,0,3.947131559399713E-4,0.0,0.0,0.0,0.0,0.0,0.0,0.0,0.0,0.0
2012-07-24T18:30:00,2012,206,18,0,1842.0,45,911.9817,0.0,141.92029,0.0,0.13175382,0.0,0.5,0.8757542,3.9414597,0.10502383712737882,0.171298,0.0,0.07890180246775418,0.0,0.004726073797515582,0.0039052500732423678,6.169660046567752E-5,0.00384355347277669,0.005312186010176229,28.469203577657577,0.0,-28.469203577657577,31.371791808239074,0.0,28.213604758676674,-3.1581870495624003,0.010882938551839395,1.7669591069138183E-4,0.15,0.013760026032296948,153.1999969482422,59.453974576142755,7.312312616196721,9.282000504434109,0.009495752408783854,0.012053584587328034,0.0,0.0,0.0,0.0,3.941459704076936E-4,1.0,45,0,0,0,911.9817,0.0,0.0,0.0,141.92029,0.0,0.0,0.0,0.13175382,0.0,0.0,0.0,"718f4615-e576-4fa4-80aa-6236231db38b",0.0,0.0,0.0,0.0,0.0,0.0,0.0,0.0,0.0,0.0,0.0,0.0,1,0,0,0,3.941459704076936E-4,0.0,0.0,0.0,0.0,0.0,0.0,0.0,0.0,0.0
2012-07-24T19:30:00,2012,206,19,0,1843.0,45,911.4934,0.0,142.17216,0.0,0.1321885,0.0,0.5,0.87447715,3.937995,0.10616071749563775,0.17151976,0.0,0.08082010278848022,0.0,0.004777233426284637,0.003914643466738139,6.116626539819878E-5,0.0038534772013399405,0.004657679537249307,28.41442619410267,0.0,-28.41442619410267,31.767529716429678,0.0,28.75795383613067,-3.009575880299007,0.01086171309983644,1.7468359151750576E-4,0.15,0.013759380836504055,153.1999969482422,59.39491568100065,7.2879833323228524,9.282000504434109,0.009473263993670147,0.01206518143063016,0.0,0.0,0.0,0.0,3.9379949434941114E-4,1.0,45,0,0,0,911.4934,0.0,0.0,0.0,142.17216,0.0,0.0,0.0,0.1321885,0.0,0.0,0.0,"718f4615-e576-4fa4-80aa-6236231db38b",0.0,0.0,0.0,0.0,0.0,0.0,0.0,0.0,0.0,0.0,0.0,0.0,1,0,0,0,3.9379949434941114E-4,0.0,0.0,0.0,0.0,0.0,0.0,0.0,0.0,0.0
2012-07-24T20:30:00,2012,206,20,0,1844.0,45,911.6315,0.0,142.41379,0.0,0.13250174,0.0,0.5,0.8738793,3.9365296,0.10183963003831026,0.16728929,0.0,0.0726374168059812,0.0,0.004582784444344661,0.003812540136324712,5.942664642190039E-5,0.0037531134899028117,0.003918890561272256,28.310066766008408,0.45355089966073914,-27.856515866347667,29.831569287575995,0.0,26.95099842554768,-2.880570862028314,0.01084053055036847,1.726941810448157E-4,0.15,0.013758735684733972,153.1999969482422,59.33597816941681,7.266209872046055,9.282000504434109,0.009446233902836372,0.01206680640872274,0.0,0.0,0.0,0.0,3.936529690428325E-4,1.0,45,0,0,0,911.6315,0.0,0.0,0.0,142.41379,0.0,0.0,0.0,0.13250174,0.0,0.0,0.0,"718f4615-e576-4fa4-80aa-6236231db38b",0.0,0.0,0.0,0.0,0.0,0.0,0.0,0.0,0.0,0.0,0.0,0.0,1,0,0,0,3.936529690428325E-4,0.0,0.0,0.0,0.0,0.0,0.0,0.0,0.0,0.0
2012-07-24T21:30:00,2012,206,21,0,1845.0,45,912.8931,0.0,142.659,0.0,0.13262628,0.0,0.5,0.8739246,3.936944,0.10334571600281922,0.16889076,0.0,0.08178547477269126,0.0,0.004650558328906114,0.004072158426143366,6.263803224457038E-5,0.0040095203938987954,0.003058483094855835,28.18612376739612,0.5491828728864279,-27.636940894509692,30.869419809179,0.0,29.858578244344404,-1.010841564834596,0.010819390963246155,1.707274186746875E-4,0.15,0.013758090577006589,153.1999969482422,59.277172561109495,7.246850265306558,9.282000504434109,0.009408633155186885,0.012050882037754626,0.0,0.0,0.0,0.0,3.9369439010876895E-4,1.0,45,0,0,0,912.8931,0.0,0.0,0.0,142.659,0.0,0.0,0.0,0.13262628,0.0,0.0,0.0,"718f4615-e576-4fa4-80aa-6236231db38b",0.0,0.0,0.0,0.0,0.0,0.0,0.0,0.0,0.0,0.0,0.0,0.0,1,0,0,0,3.9369439010876895E-4,0.0,0.0,0.0,0.0,0.0,0.0,0.0,0.0,0.0
2012-07-24T22:30:00,2012,206,22,0,1846.0,45,914.463,0.0,142.90848,0.0,0.13270341,0.0,0.5,0.8751151,3.9407294,0.1051482585328965,0.1680969,0.0,0.0812601901989471,0.0,0.004731672762098775,0.004053113840886083,6.176893846696473E-5,0.003991344902419118,0.0027355223165813577,28.119824675769074,0.5747420196380518,-27.545082656131022,30.77405391902368,0.0,29.762600669611285,-1.0114532494123942,0.010798294397267295,1.687830467684317E-4,0.15,0.013757445513341788,153.1999969482422,59.218493281572925,7.228573707561541,9.282000504434109,0.009368843352068182,0.012030258283026668,0.0,0.0,0.0,0.0,3.94072926168829E-4,1.0,45,0,0,0,914.463,0.0,0.0,0.0,142.90848,0.0,0.0,0.0,0.13270341,0.0,0.0,0.0,"718f4615-e576-4fa4-80aa-6236231db38b",0.0,0.0,0.0,0.0,0.0,0.0,0.0,0.0,0.0,0.0,0.0,0.0,1,0,0,0,3.94072926168829E-4,0.0,0.0,0.0,0.0,0.0,0.0,0.0,0.0,0.0
2012-07-24T23:30:00,2012,206,23,0,1847.0,45,916.0655,0.0,143.15622,0.0,0.13277227,0.0,0.5,0.8766184,3.9454374,0.10441894506879328,0.16716297,0.0,0.08062208078796136,0.0,0.004698853648389445,0.0040420268723127,6.10495412462542E-5,0.003980977331066446,0.0026900977370841786,28.08279120892486,0.5773558935120686,-27.50543531541279,30.62922068398489,0.0,29.618841769246785,-1.010378914738105,0.01077724091021907,1.6686081061377612E-4,0.15,0.01375680049375944,153.1999969482422,59.15994012491426,7.210856472788481,9.282000504434109,0.009329498942240185,0.012009171755779454,0.0,0.0,0.0,0.0,3.9454373325225993E-4,1.0,45,0,0,0,916.0655,0.0,0.0,0.0,143.15622,0.0,0.0,0.0,0.13277227,0.0,0.0,0.0,"718f4615-e576-4fa4-80aa-6236231db38b",0.0,0.0,0.0,0.0,0.0,0.0,0.0,0.0,0.0,0.0,0.0,0.0,1,0,0,0,3.9454373325225993E-4,0.0,0.0,0.0,0.0,0.0,0.0,0.0,0.0,0.0
2012-07-25T00:30:00,2012,207,0,0,1848.0,45,917.90955,0.0,143.403,0.0,0.13279812,0.0,0.5,0.8781556,3.9502409,0.10401145168063182,0.16643824,0.0,0.08031541666739672,0.0,0.004680516441550249,0.004027727289567368,6.026333628524262E-5,0.003967463953282126,0.002433276815319358,28.029747270625958,0.5975713405293085,-27.432175930096648,30.584920679596436,0.0,29.575718665113914,-1.009202014482522,0.010756230558880323,1.6496045839172567E-4,0.15,0.013756155518279415,153.1999969482422,59.1015128852609,7.193877307789654,9.282000504434109,0.009288336232670261,0.011984405336416372,0.0,0.0,0.0,0.0,3.950240731565749E-4,1.0,45,0,0,0,917.90955,0.0,0.0,0.0,143.403,0.0,0.0,0.0,0.13279812,0.0,0.0,0.0,"718f4615-e576-4fa4-80aa-6236231db38b",0.0,0.0,0.0,0.0,0.0,0.0,0.0,0.0,0.0,0.0,0.0,0.0,1,0,0,0,3.950240731565749E-4,0.0,0.0,0.0,0.0,0.0,0.0,0.0,0.0,0.0
2012-07-25T01:30:00,2012,207,1,0,1849.0,45,920.0228,0.0,143.64806,0.0,0.13277543,0.0,0.5,0.87993973,3.9557652,0.10328437768348936,0.16547044,0.0,0.07951253321031483,0.0,0.004647798103878181,0.004011165562538627,5.947842896745747E-5,0.0039516871335711695,0.00214571703815091,27.97055732665438,0.6200314240662769,-27.350525902588103,30.41760102531947,0.0,29.40949035818506,-1.0081106671344102,0.01073526339902388,1.6308174114379548E-4,0.15,0.013755510586921578,153.1999969482422,59.04320605703201,7.177584372566052,9.282000504434109,0.009244999238733375,0.011955566544839867,0.0,0.0,0.0,0.0,3.955765151509966E-4,1.0,45,0,0,0,920.0228,0.0,0.0,0.0,143.64806,0.0,0.0,0.0,0.13277543,0.0,0.0,0.0,"718f4615-e576-4fa4-80aa-6236231db38b",0.0,0.0,0.0,0.0,0.0,0.0,0.0,0.0,0.0,0.0,0.0,0.0,1,0,0,0,3.955765151509966E-4,0.0,0.0,0.0,0.0,0.0,0.0,0.0,0.0,0.0
2012-07-25T02:30:00,2012,207,2,0,1850.0,45,922.3891,0.0,143.89204,0.0,0.13270822,0.0,0.5,0.88199925,3.9620922,0.10283477586881605,0.1647473,0.0,0.0791916370673401,0.0,0.004627566017394178,0.003995776045611526,5.8689464395102356E-5,0.003937086581216424,0.001876294174045778,27.89857976136171,0.6409555145906326,-27.257624246771076,30.376444453189336,0.0,29.36926692684493,-1.0071775263444067,0.01071433948541891,1.6122441273961247E-4,0.15,0.013754865699705783,153.1999969482422,58.98503533359158,7.161995256400116,9.282000504434109,0.00919977184505037,0.011922974513300303,0.0,0.0,0.0,0.0,3.9620922786655696E-4,1.0,45,0,0,0,922.3891,0.0,0.0,0.0,143.89204,0.0,0.0,0.0,0.13270822,0.0,0.0,0.0,"718f4615-e576-4fa4-80aa-6236231db38b",0.0,0.0,0.0,0.0,0.0,0.0,0.0,0.0,0.0,0.0,0.0,0.0,1,0,0,0,3.9620922786655696E-4,0.0,0.0,0.0,0.0,0.0,0.0,0.0,0.0,0.0
2012-07-25T03:30:00,2012,207,3,0,1851.0,45,925.02844,0.0,144.135,0.0,0.13259357,0.0,0.5,0.8843173,3.9691718,0.1023963908427272,0.16402462,0.0,0.07885497696941307,0.0,0.004607838686516819,0.003979471878711172,5.7894046333175535E-5,0.003921577832377996,0.001585831840166943,27.816141529361754,0.6634098748139317,-27.15273165454782,30.335687076288096,0.0,29.329223185692264,-1.0064638905958319,0.01069345887183332,1.59388229844882E-4,0.15,0.013754220856651882,153.1999969482422,58.926984609947596,7.147110839099716,9.282000504434109,0.009152478846453252,0.011886385307591328,0.0,0.0,0.0,0.0,3.9691717778447057E-4,1.0,45,0,0,0,925.02844,0.0,0.0,0.0,144.135,0.0,0.0,0.0,0.13259357,0.0,0.0,0.0,"718f4615-e576-4fa4-80aa-6236231db38b",0.0,0.0,0.0,0.0,0.0,0.0,0.0,0.0,0.0,0.0,0.0,0.0,1,0,0,0,3.9691717778447057E-4,0.0,0.0,0.0,0.0,0.0,0.0,0.0,0.0,0.0
2012-07-25T04:30:00,2012,207,4,0,1852.0,45,927.94147,0.0,144.37688,0.0,0.1324319,0.0,0.5,0.88691443,3.9770622,0.10194578434113905,0.16329765,0.0,0.07854133645678449,0.0,0.004587561389110868,0.0039646642003416995,5.712918624113098E-5,0.003907535014100568,0.0012962744388046012,27.738034652487354,0.685725314832641,-27.052309337654712,30.302703197405698,0.0,29.296687073423804,-1.0060161239818939,0.010672621611036194,1.575729518897153E-4,0.15,0.013753576057779719,153.1999969482422,58.869053714504865,7.13273680757855,9.282000504434109,0.009102933979539781,0.0118458650682504,0.0,0.0,0.0,0.0,3.9770622063389197E-4,1.0,45,0,0,0,927.94147,0.0,0.0,0.0,144.37688,0.0,0.0,0.0,0.1324319,0.0,0.0,0.0,"718f4615-e576-4fa4-80aa-6236231db38b",0.0,0.0,0.0,0.0,0.0,0.0,0.0,0.0,0.0,0.0,0.0,0.0,1,0,0,0,3.9770622063389197E-4,0.0,0.0,0.0,0.0,0.0,0.0,0.0,0.0,0.0
2012-07-25T05:30:00,2012,207,5,0,1853.0,45,931.0871,0.0,144.6177,0.0,0.13223076,0.0,0.5,0.8897913,3.9857633,0.10150690083365313,0.16256963,0.0,0.07822948080009115,0.0,0.004567811626565293,0.003949981862128117,5.6373074028873754E-5,0.0038936087880992436,0.0010479143304505736,27.651172761918662,0.7044068664368444,-26.946765895481818,30.27069903516893,0.0,29.264835958910954,-1.0058630762579774,0.010651827754800263,1.5577834103731322E-4,0.15,0.01375293130310913,153.1999969482422,58.81125298397707,7.11884699034344,9.282000504434109,0.00905165150995018,0.011802112616732337,0.0,0.0,0.0,0.0,3.985763250766046E-4,1.0,45,0,0,0,931.0871,0.0,0.0,0.0,144.6177,0.0,0.0,0.0,0.13223076,0.0,0.0,0.0,"718f4615-e576-4fa4-80aa-6236231db38b",0.0,0.0,0.0,0.0,0.0,0.0,0.0,0.0,0.0,0.0,0.0,0.0,1,0,0,0,3.985763250766046E-4,0.0,0.0,0.0,0.0,0.0,0.0,0.0,0.0,0.0
2012-07-25T06:30:00,2012,207,6,0,1854.0,45,934.33734,0.0,144.8575,0.0,0.13201222,0.0,0.5,0.8929059,3.9951503,0.10106665715090496,0.1618392,0.0,0.07795338703077624,0.0,0.004548000656118323,0.003937274077100761,5.565292223704472E-5,0.003881621154863716,9.295922832983885E-4,27.561950346994813,0.7122570219970741,-26.849693324997737,30.24188526848745,0.0,29.23587073670609,-1.0060145317813607,0.010631077353904405,1.5400416215300317E-4,0.15,0.01375228659265995,153.1999969482422,58.75357169286613,7.10535736843266,9.282000504434109,0.009000049420387542,0.011757109308971529,0.0,0.0,0.0,0.0,3.99515030186773E-4,1.0,45,0,0,0,934.33734,0.0,0.0,0.0,144.8575,0.0,0.0,0.0,0.13201222,0.0,0.0,0.0,"718f4615-e576-4fa4-80aa-6236231db38b",0.0,0.0,0.0,0.0,0.0,0.0,0.0,0.0,0.0,0.0,0.0,0.0,1,0,0,0,3.99515030186773E-4,0.0,0.0,0.0,0.0,0.0,0.0,0.0,0.0,0.0
2012-07-25T07:30:00,2012,207,7,0,1855.0,45,937.4403,0.0,145.09448,0.0,0.131816,0.0,0.5,0.89612764,4.00484,0.09988117002918614,0.16047142,0.0,0.07494619376788658,0.0,0.004494653722922079,0.003844458152389235,5.388513819850656E-5,0.0037905730141907287,9.811229977797946E-4,27.586992415241898,0.6991469479122868,-26.887845467329612,29.96037946987466,0.0,28.322335883116416,-1.6380435867582435,0.010610370458136191,1.522501827736246E-4,0.15,0.013751641926452006,153.1999969482422,58.69602536406544,7.09077006768804,9.282000504434109,0.008949084644400345,0.01171458211035056,0.0,0.0,0.0,0.0,4.0048397767290366E-4,1.0,45,0,0,0,937.4403,0.0,0.0,0.0,145.09448,0.0,0.0,0.0,0.131816,0.0,0.0,0.0,"718f4615-e576-4fa4-80aa-6236231db38b",0.0,0.0,0.0,0.0,0.0,0.0,0.0,0.0,0.0,0.0,0.0,0.0,1,0,0,0,4.0048397767290366E-4,0.0,0.0,0.0,0.0,0.0,0.0,0.0,0.0,0.0
2012-07-25T08:30:00,2012,207,8,0,1856.0,45,939.38196,0.0,145.33215,0.0,0.13181464,0.0,0.5,0.89920026,4.0140815,0.1001738750516066,0.16089657,0.0,0.07526493647197184,0.0,0.004507825452071384,0.0037563979638852384,5.202820344009462E-5,0.003704369760445144,0.002055169348425544,27.75755263795885,0.6024535894414261,-27.15509904851742,30.706681509127264,0.0,28.1553395329289,-2.5513419761983656,0.010589707116294467,1.5051617307725943E-4,0.15,0.013750997304505116,153.1999969482422,58.6385928431118,7.073306090378541,9.282000504434109,0.008907887454050615,0.011689444057059763,0.0,0.0,0.0,0.0,4.0140813892001586E-4,1.0,45,0,0,0,939.38196,0.0,0.0,0.0,145.33215,0.0,0.0,0.0,0.13181464,0.0,0.0,0.0,"718f4615-e576-4fa4-80aa-6236231db38b",0.0,0.0,0.0,0.0,0.0,0.0,0.0,0.0,0.0,0.0,0.0,0.0,1,0,0,0,4.0140813892001586E-4,0.0,0.0,0.0,0.0,0.0,0.0,0.0,0.0,0.0
2012-07-25T09:30:00,2012,207,9,0,1857.0,45,940.0704,0.0,145.56944,0.0,0.13202067,0.0,0.5,0.9010875,4.0198593,0.10000681809607237,0.16090801,0.0,0.07625271385910233,0.0,0.004500307887280017,0.0037384071297629556,5.12264167553903E-5,0.0036871807130075653,0.0032899350225166755,28.02574760749706,0.49902742583619364,-27.526720181660867,31.299124549957412,0.0,28.240859396937235,-3.0582651530201765,0.010569087376191968,1.4880190585330375E-4,0.15,0.013750352726839096,153.1999969482422,58.58128961901477,7.05231251561393,9.282000504434109,0.00887640534387468,0.011682805986971207,0.0,0.0,0.0,0.0,4.01985954230733E-4,1.0,45,0,0,0,940.0704,0.0,0.0,0.0,145.56944,0.0,0.0,0.0,0.13202067,0.0,0.0,0.0,"718f4615-e576-4fa4-80aa-6236231db38b",0.0,0.0,0.0,0.0,0.0,0.0,0.0,0.0,0.0,0.0,0.0,0.0,1,0,0,0,4.01985954230733E-4,0.0,0.0,0.0,0.0,0.0,0.0,0.0,0.0,0.0
2012-07-25T10:30:00,2012,207,10,0,1858.0,45,939.87476,0.0,145.80788,0.0,0.13237524,0.0,0.5,0.9016962,4.0219073,0.10049410858130153,0.16095924,0.0,0.07992630396651207,0.0,0.0045222359643433884,0.0038442730350304617,5.214174908471002E-5,0.0037921312859457517,0.004281047600626747,28.387893206473386,0.0,-28.387893206473386,31.97329294254773,0.0,28.76516381429121,-3.2081291282565196,0.01054851128465795,1.471071564728765E-4,0.15,0.013749708193473754,153.1999969482422,58.52411545235884,7.027246243973893,9.282000504434109,0.008849690505812961,0.011689192165349546,0.0,0.0,0.0,0.0,4.021907519849172E-4,1.0,45,0,0,0,939.87476,0.0,0.0,0.0,145.80788,0.0,0.0,0.0,0.13237524,0.0,0.0,0.0,"718f4615-e576-4fa4-80aa-6236231db38b",0.0,0.0,0.0,0.0,0.0,0.0,0.0,0.0,0.0,0.0,0.0,0.0,1,0,0,0,4.021907519849172E-4,0.0,0.0,0.0,0.0,0.0,0.0,0.0,0.0,0.0
2012-07-25T11:30:00,2012,207,11,0,1859.0,45,939.2267,0.0,146.0498,0.0,0.13281065,0.0,0.5,0.9014023,4.0213256,0.10196834135959565,0.16090575,0.0,0.08042305604442458,0.0,0.004588576455183426,0.003803693645527579,5.103858516490044E-5,0.0037526550603626785,0.004696457137855619,28.516812614248746,0.0,-28.516812614248746,32.424924261848574,0.0,28.842702066083834,-3.5822221957647393,0.010527978887540895,1.4543170285956193E-4,0.15,0.013749063704428889,153.1999969482422,58.4670545445143,7.0015189086684675,9.282000504434109,0.008827184782363415,0.011702308409278056,0.0,0.0,0.0,0.0,4.021325622031907E-4,1.0,45,0,0,0,939.2267,0.0,0.0,0.0,146.0498,0.0,0.0,0.0,0.13281065,0.0,0.0,0.0,"718f4615-e576-4fa4-80aa-6236231db38b",0.0,0.0,0.0,0.0,0.0,0.0,0.0,0.0,0.0,0.0,0.0,0.0,1,0,0,0,4.021325622031907E-4,0.0,0.0,0.0,0.0,0.0,0.0,0.0,0.0,0.0
2012-07-25T12:30:00,2012,207,12,0,1860.0,45,937.31836,0.0,146.29344,0.0,0.13346164,0.0,0.5,0.9006453,4.0193977,0.10268901528756631,0.16125445,0.0,0.07753758190367406,0.0,0.004621006789674099,0.0035685785999129815,4.7280655895082416E-5,0.003521297944017899,0.005723337065197395,28.790950624355172,0.0,-28.790950624355172,33.24909637941077,0.0,27.83414056237195,-5.414955817038823,0.010507490229711217,1.4377532546048168E-4,0.15,0.0137484192597243,153.1999969482422,58.41012228308328,6.973573508531857,9.282000504434109,0.008815871075007677,0.011734144576684147,0.0,0.0,0.0,0.0,4.019397641752659E-4,1.0,45,0,0,0,937.31836,0.0,0.0,0.0,146.29344,0.0,0.0,0.0,0.13346164,0.0,0.0,0.0,"718f4615-e576-4fa4-80aa-6236231db38b",0.0,0.0,0.0,0.0,0.0,0.0,0.0,0.0,0.0,0.0,0.0,0.0,1,0,0,0,4.019397641752659E-4,0.0,0.0,0.0,0.0,0.0,0.0,0.0,0.0,0.0
2012-07-25T13:30:00,2012,207,13,0,1861.0,45,934.5026,0.0,146.53282,0.0,0.13426483,0.0,0.5,0.8986017,4.013718,0.10089351331353316,0.16104877,0.0,0.07939273910500372,0.0,0.00454020918157896,0.0036053203714355325,4.730065730885869E-5,0.003558019714126674,0.006663173199107434,29.09149530058484,0.0,-29.09149530058484,33.7165939486839,0.0,28.31387482745766,-5.402719121226241,0.010487045355064005,1.4213780721769319E-4,0.15,0.013747774859379776,153.1999969482422,58.353308100892775,6.943765547822248,9.282000504434109,0.008812223293899194,0.011779640383280433,0.0,0.0,0.0,0.0,4.013718242514458E-4,1.0,45,0,0,0,934.5026,0.0,0.0,0.0,146.53282,0.0,0.0,0.0,0.13426483,0.0,0.0,0.0,"718f4615-e576-4fa4-80aa-6236231db38b",0.0,0.0,0.0,0.0,0.0,0.0,0.0,0.0,0.0,0.0,0.0,0.0,1,0,0,0,4.013718242514458E-4,0.0,0.0,0.0,0.0,0.0,0.0,0.0,0.0,0.0
2012-07-25T14:30:00,2012,207,14,0,1862.0,45,931.8338,0.0,146.77287,0.0,0.13504988,0.0,0.5,0.8956338,4.0053325,0.10117169972861534,0.16050698,0.0,0.08143614204087628,0.0,0.004552727573242274,0.0036799265062519406,4.7855953989436853E-5,0.003632070552262504,0.006591482901040447,29.1857053715517,0.0,-29.1857053715517,33.7852678472892,0.0,28.89331083077602,-4.891957016513178,0.010466644306521812,1.4051893353991032E-4,0.15,0.013747130503415103,153.1999969482422,58.29662213177167,6.915109780649033,9.282000504434109,0.00880837320413945,0.011823286559073623,0.0,0.0,0.0,0.0,4.00533224317324E-4,1.0,45,0,0,0,931.8338,0.0,0.0,0.0,146.77287,0.0,0.0,0.0,0.13504988,0.0,0.0,0.0,"718f4615-e576-4fa4-80aa-6236231db38b",0.0,0.0,0.0,0.0,0.0,0.0,0.0,0.0,0.0,0.0,0.0,0.0,1,0,0,0,4.00533224317324E-4,0.0,0.0,0.0,0.0,0.0,0.0,0.0,0.0,0.0
2012-07-25T15:30:00,2012,207,15,0,1863.0,45,928.39246,0.0,147.01439,0.0,0.1359771,0.0,0.5,0.89281565,3.9973772,0.10179484848149167,0.15995476,0.0,0.08194337320036903,0.0,0.00458076927380737,0.0036855853802601197,4.7505488420842514E-5,0.003638079891839277,0.007371185826200619,29.53319351484313,0.0,-29.53319351484313,34.03523452845261,0.0,28.944254653330333,-5.0909798751222795,0.010446287126037481,1.3891849227454331E-4,0.15,0.013746486191850054,153.1999969482422,58.24006413679848,6.884471232301283,9.282000504434109,0.008810678598751696,0.011879012990033671,0.0,0.0,0.0,0.0,3.99737721738803E-4,1.0,45,0,0,0,928.39246,0.0,0.0,0.0,147.01439,0.0,0.0,0.0,0.1359771,0.0,0.0,0.0,"718f4615-e576-4fa4-80aa-6236231db38b",0.0,0.0,0.0,0.0,0.0,0.0,0.0,0.0,0.0,0.0,0.0,0.0,1,0,0,0,3.99737721738803E-4,0.0,0.0,0.0,0.0,0.0,0.0,0.0,0.0,0.0
2012-07-25T16:30:00,2012,207,16,0,1864.0,45,925.1758,0.0,147.25536,0.0,0.13687281,0.0,0.5,0.8892086,3.9871097,0.10155722311856952,0.15923807,0.0,0.08261546362771142,0.0,0.00457007612992643,0.003714641192635668,4.7481718121207046E-5,0.0036671594745144613,0.007175054656964067,29.73950988207683,0.0,-29.73950988207683,34.03891808362287,0.0,29.07448005115402,-4.964438032468848,0.010425973854596971,1.373362736800534E-4,0.15,0.013745841924704405,153.1999969482422,58.18361848565546,6.854001133942705,9.282000504434109,0.00881067131235363,0.011931812377542738,0.0,0.0,0.0,0.0,3.987109705711705E-4,1.0,45,0,0,0,925.1758,0.0,0.0,0.0,147.25536,0.0,0.0,0.0,0.13687281,0.0,0.0,0.0,"718f4615-e576-4fa4-80aa-6236231db38b",0.0,0.0,0.0,0.0,0.0,0.0,0.0,0.0,0.0,0.0,0.0,0.0,1,0,0,0,3.987109705711705E-4,0.0,0.0,0.0,0.0,0.0,0.0,0.0,0.0,0.0
2012-07-25T17:30:00,2012,207,17,0,1865.0,45,922.4823,0.0,147.4951,0.0,0.13768181,0.0,0.5,0.88583094,3.9775023,0.10104799365783762,0.15815412,0.0,0.0857729778314932,0.0,0.004547160798730055,0.0038930547055674595,4.942238916014248E-5,0.003843632316407317,0.006829026074541529,29.887865285300833,0.0,-29.887865285300833,33.74343396330306,0.0,30.003346310542963,-3.7400876527600992,0.01040570453222226,1.3577207039861997E-4,0.15,0.013745197701997919,153.1999969482422,58.127300398084806,6.824294747178234,9.282000504434109,0.008805687297760989,0.011976973001276467,0.0,0.0,0.0,0.0,3.977502439969242E-4,1.0,45,0,0,0,922.4823,0.0,0.0,0.0,147.4951,0.0,0.0,0.0,0.13768181,0.0,0.0,0.0,"718f4615-e576-4fa4-80aa-6236231db38b",0.0,0.0,0.0,0.0,0.0,0.0,0.0,0.0,0.0,0.0,0.0,0.0,1,0,0,0,3.977502439969242E-4,0.0,0.0,0.0,0.0,0.0,0.0,0.0,0.0,0.0
2012-07-25T18:30:00,2012,207,18,0,1866.0,45,920.31836,0.0,147.7287,0.0,0.13839345,0.0,0.5,0.8829877,3.9694505,0.09845694747936383,0.15444824,0.0,0.08005841070037203,0.0,0.0044305636928998245,0.003925911221934679,4.97727042745332E-5,0.003876138517660146,0.0063261080846628865,29.997628516014796,0.0,-29.997628516014796,31.7345760658117,0.0,28.4274770467156,-3.3070990190961,0.010385479197974237,1.3422567742911554E-4,0.15,0.013744553523750355,153.1999969482422,58.07110452720592,6.795543422945904,9.282000504434109,0.00879579931801495,0.012014140536728913,0.0,0.0,0.0,0.0,3.969450457008294E-4,1.0,45,0,0,0,920.31836,0.0,0.0,0.0,147.7287,0.0,0.0,0.0,0.13839345,0.0,0.0,0.0,"718f4615-e576-4fa4-80aa-6236231db38b",0.0,0.0,0.0,0.0,0.0,0.0,0.0,0.0,0.0,0.0,0.0,0.0,1,0,0,0,3.969450457008294E-4,0.0,0.0,0.0,0.0,0.0,0.0,0.0,0.0,0.0
2012-07-25T19:30:00,2012,207,19,0,1867.0,45,919.21906,0.0,147.96385,0.0,0.13891964,0.0,0.5,0.88068724,3.9629767,0.09910850167247251,0.15425202,0.0,0.08119417122492316,0.0,0.004459883638580134,0.003928465584702322,4.92938373377272E-5,0.003879171747364595,0.005265596323920429,29.883691992961033,0.0,-29.883691992961033,31.880092129295903,0.0,28.778357028962116,-3.101735100333787,0.01036529788995566,1.3269689210038585E-4,0.15,0.013743909389981468,153.1999969482422,58.01503066785926,6.770049941102948,9.282000504434109,0.00877796360555845,0.012034927854819322,0.0,0.0,0.0,0.0,3.962976635326204E-4,1.0,45,0,0,0,919.21906,0.0,0.0,0.0,147.96385,0.0,0.0,0.0,0.13891964,0.0,0.0,0.0,"718f4615-e576-4fa4-80aa-6236231db38b",0.0,0.0,0.0,0.0,0.0,0.0,0.0,0.0,0.0,0.0,0.0,0.0,1,0,0,0,3.962976635326204E-4,0.0,0.0,0.0,0.0,0.0,0.0,0.0,0.0,0.0
2012-07-25T20:30:00,2012,207,20,0,1868.0,45,919.23737,0.0,148.18845,0.0,0.13923076,0.0,0.5,0.8794725,3.9596863,0.09466096930356532,0.15020187,0.0,0.07394303077997122,0.0,0.004259744634262465,0.00389281701261477,4.8731983482918956E-5,0.003844085029131851,0.004101650113986071,29.731863673059138,0.0,-29.731863673059138,29.810590633089113,0.0,26.882712943685053,-2.9278776894040597,0.010345160645314124,1.3118551404483136E-4,0.15,0.013743265300711004,153.1999969482422,57.95907861493945,6.747678873582991,9.282000504434109,0.008751298146106957,0.01203814753612978,0.0,0.0,0.0,0.0,3.959686172723194E-4,1.0,45,0,0,0,919.23737,0.0,0.0,0.0,148.18845,0.0,0.0,0.0,0.13923076,0.0,0.0,0.0,"718f4615-e576-4fa4-80aa-6236231db38b",0.0,0.0,0.0,0.0,0.0,0.0,0.0,0.0,0.0,0.0,0.0,0.0,1,0,0,0,3.959686172723194E-4,0.0,0.0,0.0,0.0,0.0,0.0,0.0,0.0,0.0
2012-07-25T21:30:00,2012,207,21,0,1869.0,45,920.38544,0.0,148.41887,0.0,0.13934599,0.0,0.5,0.8794024,3.959741,0.09711984994823633,0.15195745,0.0,0.08257540488669925,0.0,0.004370394289653587,0.0040836611733759765,5.0396101691275446E-5,0.004033265071684701,0.0031686225466600847,29.588698817613416,0.5395020947392662,-29.04919672287415,31.063196367037463,0.0,30.05226292228747,-1.0109334447499947,0.010325067500245063,1.2969134517228691E-4,0.15,0.013742621255958706,153.1999969482422,57.90324308834795,6.727705742315864,9.282000504434109,0.008715022151972668,0.012023837413394238,0.0,0.0,0.0,0.0,3.959741010960809E-4,1.0,45,0,0,0,920.38544,0.0,0.0,0.0,148.41887,0.0,0.0,0.0,0.13934599,0.0,0.0,0.0,"718f4615-e576-4fa4-80aa-6236231db38b",0.0,0.0,0.0,0.0,0.0,0.0,0.0,0.0,0.0,0.0,0.0,0.0,1,0,0,0,3.959741010960809E-4,0.0,0.0,0.0,0.0,0.0,0.0,0.0,0.0,0.0
2012-07-25T22:30:00,2012,207,22,0,1870.0,45,921.7952,0.0,148.65225,0.0,0.13941786,0.0,0.5,0.8804828,3.9631774,0.0983635688643881,0.1511781,0.0,0.08207866114491702,0.0,0.004426361654224073,0.004065517854146777,4.970607681308549E-5,0.0040158117773336915,0.0028917769327492064,29.521304309525828,0.5611472265999461,-28.960157082925882,30.973795439270845,0.0,29.962351713159475,-1.01144372611137,0.010305018489994787,1.2821418964419613E-4,0.15,0.013741977255744307,153.1999969482422,57.84753404422841,6.708711744703839,9.282000504434109,0.008677194321816236,0.012005542216917336,0.0,0.0,0.0,0.0,3.963177443775407E-4,1.0,45,0,0,0,921.7952,0.0,0.0,0.0,148.65225,0.0,0.0,0.0,0.13941786,0.0,0.0,0.0,"718f4615-e576-4fa4-80aa-6236231db38b",0.0,0.0,0.0,0.0,0.0,0.0,0.0,0.0,0.0,0.0,0.0,0.0,1,0,0,0,3.963177443775407E-4,0.0,0.0,0.0,0.0,0.0,0.0,0.0,0.0,0.0
2012-07-25T23:30:00,2012,207,23,0,1871.0,45,923.58405,0.0,148.8845,0.0,0.1394197,0.0,0.5,0.8818291,3.9673955,0.09789291400157843,0.15045233,0.0,0.08169950351462082,0.0,0.004405182180348059,0.0040480070040105915,4.9026176803640834E-5,0.003998980827206951,0.0024940831362054243,29.457569079112478,0.592940566061169,-28.864628513051308,30.922188192961023,0.0,29.91192739027406,-1.0102608026869646,0.010285013648863556,1.267538538480773E-4,0.15,0.013741333300087538,153.1999969482422,57.79194619154228,6.6905316929666725,9.282000504434109,0.008636292418648023,0.011981420052250953,0.0,0.0,0.0,0.0,3.9673954622565386E-4,1.0,45,0,0,0,923.58405,0.0,0.0,0.0,148.8845,0.0,0.0,0.0,0.1394197,0.0,0.0,0.0,"718f4615-e576-4fa4-80aa-6236231db38b",0.0,0.0,0.0,0.0,0.0,0.0,0.0,0.0,0.0,0.0,0.0,0.0,1,0,0,0,3.9673954622565386E-4,0.0,0.0,0.0,0.0,0.0,0.0,0.0,0.0,0.0
