timestamp,year,dayOfYear,hourOfDay,scenario,simuuid,plantAge_days,plantAge_Td,degreeDay,Ta,rh,incomingRadiation,cca,wind,rainfall,soilWaterContent,soilWaterPotential,meanSoilWaterPotential,totalSoilAvailableWater,soilNContent,leafArea,leafNumber,totalFruitNumber,AbsorbedTotRad,AbsorbedPAR,fabsTotRad,fabsPAR,fPARLow,fPARMid,fPARUp,meanPAnet,meanAnet,carbonAssimilation,waterFlux_optimized,WUE,waterFluxPotential,xylemWaterPotential,leaf_waterPotential,"potentialSupplyDemandRatio",phloemSugarConcentration,biomassPlant,biomassLeaf,biomassInternode,biomassFlower,biomassFruit,biomassFineRoot,biomassStructuralRoot,biomassCordon,biomassTrunk,leafNSC,fineRootNSC,structuralRootNSC,internodeNSC,cordonNSC,trunkNSC,totalUnloading,fraction_leafUnloading,fraction_fruitUnloading,"fraction_fineRootUnloading","fraction_structuralRootUnloading","fraction_internodeUnloading","fraction_perennielWoodUnloading",fraction_flowerUnloading,"fraction_petioleUnloading",fraction_leafLoading,"fraction_internodeLoading","fraction_perennielWoodLoading",fraction_fineRootLoading,"fraction_structuralRootLoading",totalLeakage,internodeLeakage,structuralRootLeakage,maintenanceDM,maintenanceLeaf,maintenanceInternode,maintenanceFruit,maintenanceFineRoot,"maintenanceStructuralRoot",growthCost,growthCostLeaf,growthCostInternode,growthCostFruit,growthCostFineRoot,growthCostStructuralRoot,"previousDailyNetCarbonBalance",cordonStructureDM_SEC,trunkStructureDM_SEC,"perennielWoodStructureDM_SEC","structuralRootStructureDM_SEC",cordonMaintenanceDM,trunkMaintenanceDM,"perennielWoodMaintenanceDM","structuralRootMaintenanceDM",cordonReserveDM,trunkReserveDM,perennielWoodReserveDM,structuralRootReserveDM,sumRootConductance,sumNuptakeCostRoot,totalNitrogen,plantNitrogenCommonPool,plantNitrogenContent,meanLeafNcontent,NDegradation,NSynthesis,Nuptake,fPAR_1,fPAR_2,fPAR_3,fPAR_4,fs_1,fs_2,fs_3,fs_4,cumLAI_1,cumLAI_2,cumLAI_3,cumLAI_4,intWaterPotential_1,intWaterPotential_2,intWaterPotential_3,intWaterPotential_4,meanAnet_1,meanAnet_2,meanAnet_3,meanAnet_4,meanLeafWaterPotential_1,meanLeafWaterPotential_2,meanLeafWaterPotential_3,meanLeafWaterPotential_4,meanGs_1,meanGs_2,meanGs_3,meanGs_4,sugarConcentration_1,sugarConcentration_2,sugarConcentration_3,sugarConcentration_4,pruneFlowersRemoved,pruneFruitsRemoved,pruneFruitBiomassRemoved,pruneLeafAreaRemoved,pruneLeafBiomassRemoved,"pruneInternodeBiomassRemoved",fruitCount_b1,fruitCount_b2,fruitCount_b3,fruitCount_b4,"fruitIncidentPAR_mean_b1_umol_m2_s","fruitIncidentPAR_mean_b2_umol_m2_s","fruitIncidentPAR_mean_b3_umol_m2_s","fruitIncidentPAR_mean_b4_umol_m2_s",flowerSelfAssimC,droppedFlowerCount,totalFlowerCount,reserveSeasonBeta,effectiveHydRate,reserveHydrolysisFlux,reserveSynthesisFlux,netReserveChange
2012-07-18T01:30:00,2012,200,1,0,"718f4615-e576-4fa4-80aa-6236231db38b",120.04166666790843,88.83681941069506,0.4084166807457805,19.802,0.8064000010490417,0.4382,400.0,1.61,0.0,[0.1956621639701276],[-0.050000000000000024],-0.050000000000000024,28.698650331420136,15.1,0.29530984003311755,12,45,0.0,0.0,0.0,0.0,0.0,0.0,0.0,-0.47765570878982544,-0.47765570878982544,0.0,0.29530984003311755,0.0,0.4429647757177188,-0.11857237992682829,-0.11857238,29.894548119456584,0.17139644275207516,38873.47498398378,14743.172544595185,17869.61452543973,0.0,4299.025446494166,374.325232184867,1493.0178188733414,3071.955484673941,12287.486470169013,833.4849842353767,31.35330757949921,138.6470274167231,1180.6235040270496,213.93871181819543,855.7548472727817,9.536939,0.285227,0.59143066,0.061694708,0.0024970148,0.057328645,0.040005248,0.0,0.001821981,0.9982034,0.0016235067,0.0014709665,3.184581E-5,1.4083572E-4,0.0,0.0,0.0,2.949765644504124,2.720192429588589,0.19438247902615946,0.0,0.0044303275222823645,0.013384287728760439,0.18297787200931925,0.0,0.06324537422562838,0.2538197514746157,0.11332009339663503,7.719654653977831E-4,0.0,0.06493554778705671,0.1623921106969327,0.22732765848398942,0.0038598273269889165,0.024955422268869626,0.0998216890754785,0.12477711134434813,0.013384287728760439,0.005884564977927285,0.02353825991170914,0.029422824889636427,0.006569760189485935,16.231829,0.005362962466953243,633.6450163782076,57.028053740129856,0.016300189695911543,1.6499999999999997,0.0,0.0,0.006236003142999315,0.0,0.0,0.0,0.0,0.0,0.0,0.0,0.0,7.382746000827938,7.382746000827938,6.072837221145148,3.6680981139284246,-0.003762265,-0.005405171,-0.0072625545,-0.00910898,0.0,0.0,0.0,0.0,0.0,-0.04,-0.04,-0.04,0.0,0.0,0.0,0.0,0.0,0.0,0.0,0.0,0.0,0.0,0.0,0.0,0.0,0.0,0,0,0,0,0.0,0.0,0.0,0.0,0.0,0,0,0.9163009524345398,1.7051426973147457E-4,0.016826318795210682,0.04270017742471117,0.025873858629500486
2012-07-18T02:30:00,2012,200,2,0,"718f4615-e576-4fa4-80aa-6236231db38b",120.08333333581686,88.87220522909027,0.7842208778129276,19.0193,0.8015000224113464,0.7762,400.0,1.59,0.0,[0.1956621639701276],[-0.050000000000000024],-0.050000000000000024,28.698650331420136,15.1,0.2854331377904564,12,45,0.0,0.0,0.0,0.0,0.0,0.0,0.0,-0.4538711607456207,-0.4538711607456207,0.0,0.29530984003311755,0.0,0.4429647757177188,-0.09570669160774753,-0.095706694,29.759004045284467,0.1712173272343642,38866.71986912679,14720.984478390157,17870.595923283025,0.0,4312.417514454386,375.36783571490093,1493.0347031861063,3072.1825148667144,12288.072313932165,823.7372119429943,31.3566954690707,138.65190066771407,1180.65641336383,213.9443166491373,855.7772596003199,9.47989,0.28418633,0.59540874,0.05993631,0.002447959,0.056197383,0.039051857,0.0,0.0018232643,0.99828863,0.0015473543,0.0014019668,3.0354611E-5,1.342307E-4,0.0,0.0,0.0,2.9224343787336724,2.6940550150727884,0.1933660414880924,0.0,0.004415095895113041,0.013313882105939708,0.17672040374094639,0.0,0.06107160935097123,0.2539984885389162,0.10926282335738947,7.415601761652363E-4,0.0,0.062379189479454936,0.15599911538344305,0.218378304862898,0.0037078008808261826,0.024825151227190874,0.09929874237239626,0.12412389359958714,0.013313882105939708,0.005541717605018459,0.022163372196558256,0.027705089801576717,0.006184700861321615,6.4609923,0.005168167694613268,633.6572618789344,57.02915583523905,0.01630333776589855,1.575,0.0,0.0,0.006009497583798183,0.0,0.0,0.0,0.0,0.0,0.0,0.0,0.0,7.135828444761409,7.135828444761409,5.8259196650786205,3.6680981139284246,-0.099468954,-0.10111186,-0.102969244,-0.10481567,0.0,0.0,0.0,0.0,0.0,-0.04,-0.04,-0.04,0.0,0.0,0.0,0.0,0.0,0.0,0.0,0.0,0.0,0.0,0.0,0.0,0.0,0.0,0,0,0,0,0.0,0.0,0.0,0.0,0.0,0,0,0.9163009524345398,1.705142383893985E-4,0.015941305384330917,0.040205624266130356,0.02426431888179944
2012-07-18T03:30:00,2012,200,3,0,"718f4615-e576-4fa4-80aa-6236231db38b",120.12500000372529,88.90621793402897,1.1314708729029945,18.334,0.8398000001907349,0.929,400.0,1.59,0.0,[0.1956621639701276],[-0.050000000000000024],-0.050000000000000024,28.698650331420136,15.1,0.2927069058655721,12,45,0.0,0.0,0.0,0.0,0.0,0.0,0.0,-0.41193370521068573,-0.41193370521068573,0.0,0.2854331377904564,0.0,0.42814972182970595,-0.09412440670244382,-0.09412441,29.923776233847235,0.17121837926936528,38860.022450913755,14699.05665070217,17871.5410318648,0.0,4325.681398871132,376.3731581125788,1493.0507995525047,3072.4005947486016,12288.6348417297,814.1037689383643,31.359931302944865,138.65652316397697,1180.6876413656605,213.94963658557316,855.7985263352075,9.368088,0.28500435,0.5967476,0.058510497,0.002421315,0.05547979,0.038401697,0.0,0.0018364887,0.99835724,0.001485357,0.0013457924,2.9140738E-5,1.2885345E-4,0.0,0.0,0.0,2.8972866235640335,2.66994585358384,0.19248131163848742,0.0,0.004402508410289016,0.013252562757145142,0.17068491192452065,0.0,0.058995982325534005,0.2515673161169681,0.10538575804094326,7.127867554440566E-4,0.0,0.059959945325554646,0.14994901815228223,0.20990896347783689,0.003563933777220284,0.024711771197239715,0.09884344166782325,0.12355521286506296,0.013252562757145142,0.005258559135502598,0.021027730901331924,0.026286290036834522,0.005866595141088092,6.468843,0.004999077281900389,633.6753202604774,57.03078108964251,0.016306612304738316,1.575,0.0,0.0,0.005812880816176536,0.0,0.0,0.0,0.0,0.0,0.0,0.0,0.0,7.3176726466393,7.3176726466393,6.007763866956511,3.632636138596594,-0.097886674,-0.09952958,-0.101386964,-0.10323339,0.0,0.0,0.0,0.0,0.0,-0.04,-0.04,-0.04,0.0,0.0,0.0,0.0,0.0,0.0,0.0,0.0,0.0,0.0,0.0,0.0,0.0,0.0,0,0,0,0,0.0,0.0,0.0,0.0,0.0,0,0,0.9163009524345398,1.7051420870558607E-4,0.01512207883206429,0.038144919496332426,0.023022840664268136
2012-07-18T04:30:00,2012,200,4,0,"718f4615-e576-4fa4-80aa-6236231db38b",120.16666667163372,88.93955705785872,1.4654334028194356,18.0151,0.8192999958992004,0.9488,400.0,1.59,0.0,[0.1956621639701276],[-0.050000000000000024],-0.050000000000000024,28.698650331420136,15.1,0.29530984003311755,12,45,0.0,0.0,0.0,0.0,0.0,0.0,0.0,-0.40337833762168884,-0.40337833762168884,0.0,0.2927069058655721,0.0,0.43906037432829853,-0.09521434641143783,-0.095214345,29.861678161362548,0.17098901458294755,38853.36558719031,14677.224031827936,17872.46869184938,0.0,4338.925664357327,377.3612893272833,1493.066500302822,3072.6140961748924,12289.185355685744,804.5121535462943,31.363105466419366,138.66102012274882,1180.7178836614553,213.9547856328228,855.8191038673185,9.327247,0.28440395,0.598474,0.05777514,0.002405355,0.055100974,0.038013395,0.0,0.0018405543,0.9983773,0.001466398,0.0013286127,2.8770995E-5,1.2720966E-4,0.0,0.0,0.0,2.8795737781935604,2.652705822896417,0.19207584384317622,0.0,0.0044005565930707235,0.013224251168367566,0.1679548407561209,0.0,0.058077302520858284,0.2511952168473422,0.10359717293042377,6.982493748979227E-4,0.0,0.05873812264098407,0.14689345644259633,0.2056315790835804,0.003491246874489614,0.024659905077686572,0.09863427110671674,0.12329417618440332,0.013224251168367566,0.00512877562203797,0.020505772771140022,0.02563454839317799,0.005719841631645433,6.473778,0.004926198992848055,633.6991067806362,57.03292187654186,0.016310018378164964,1.575,0.0,0.0,0.005728138615874516,0.0,0.0,0.0,0.0,0.0,0.0,0.0,0.0,7.382746000827938,7.382746000827938,6.072837221145148,3.6680981139284246,-0.09897661,-0.10061952,-0.1024769,-0.10432333,0.0,0.0,0.0,0.0,0.0,-0.04,-0.04,-0.04,0.0,0.0,0.0,0.0,0.0,0.0,0.0,0.0,0.0,0.0,0.0,0.0,0.0,0.0,0,0,0,0,0.0,0.0,0.0,0.0,0.0,0,0,0.9163009524345398,1.7051417932724855E-4,0.014863949581922498,0.03719783956065739,0.022333889978734894
2012-07-18T05:30:00,2012,200,5,0,"718f4615-e576-4fa4-80aa-6236231db38b",120.20833333954215,88.97210621459367,1.7843042746475604,17.6529,0.8313999772071838,1.0829,400.0,1.54,0.0,[0.1956621639701276],[-0.050000000000000024],-0.050000000000000024,28.698650331420136,15.1,0.2722658559944379,12,45,0.0,0.0,0.0,0.0,0.0,0.0,0.0,-0.39385460317134857,-0.39385460317134857,0.0,0.29530984003311755,0.0,0.4429647757177188,-0.09560456303311023,-0.09560456,29.83553396733036,0.1707657286547829,38846.75109297674,14655.492487317253,17873.375621159794,0.0,4352.153224459462,378.32859253072303,1493.081760265669,3072.8222967404517,12289.722014515242,794.9649426494778,31.366208097089448,138.6653802062413,1180.7470739958871,213.959752724912,855.8389484202453,9.283748,0.28380838,0.6005197,0.056838967,0.0023865798,0.054601718,0.03754472,0.0,0.0018446519,0.99840367,0.001442859,0.0013072834,2.8311293E-5,1.251685E-4,0.0,0.0,0.0,2.8611349901931993,2.6348054712078017,0.1916149287715056,0.0,0.004397176219228439,0.013192130722473038,0.16462545422429922,0.0,0.056940169691471275,0.2508783768854801,0.10142890638894513,6.813031019833476E-4,0.0,0.05731358043472524,0.1433309299035622,0.20064451033828742,0.0034065155099167388,0.024600909224264025,0.09839661886110829,0.12299752808537232,0.013192130722473038,0.004985119310936151,0.019928569117690163,0.024913688428626315,0.005557757389000478,6.475461,0.004840676002516406,633.728521994069,57.03556924585601,0.016313552720980142,1.575,0.0,0.0,0.005628693273902944,0.0,0.0,0.0,0.0,0.0,0.0,0.0,0.0,6.806646399860947,6.806646399860947,6.072837221145148,3.6680981139284246,-0.09936683,-0.101009734,-0.10286712,-0.104713544,0.0,0.0,0.0,0.0,0.0,-0.04,-0.04,-0.04,0.0,0.0,0.0,0.0,0.0,0.0,0.0,0.0,0.0,0.0,0.0,0.0,0.0,0.0,0,0,0,0,0.0,0.0,0.0,0.0,0.0,0,0,0.9163009524345398,1.7051415036481484E-4,0.014557264068571385,0.036150570867105436,0.02159330679853405
2012-07-18T06:30:00,2012,200,6,0,"718f4615-e576-4fa4-80aa-6236231db38b",120.25000000745058,89.0042240916237,2.0951334465086475,17.4599,0.8169000148773193,7.6599,400.0,1.54,0.0,[0.1956621639701276],[-0.050000000000000024],-0.050000000000000024,28.698650331420136,15.1,0.29530984003311755,12,45,0.0,0.0,0.0,0.0,0.0,0.0,0.0,-0.3888625353574753,-0.3888625353574753,0.0,0.2722658559944379,0.0,0.4083987984370712,-0.09205682374044803,-0.092056826,29.6857977251507,0.17050295499020868,38840.17077475861,14633.83593468937,17874.271725281935,0.0,4365.361375080461,379.2855669049127,1493.0967678415627,3073.0274891187396,12290.250750780313,785.4506775619329,31.369279628287455,138.669661081713,1180.7755781958144,213.96459944456132,855.8583063976348,9.251723,0.2831934,0.6017142,0.05643647,0.0023784768,0.054428805,0.03731447,0.0,0.0018486213,0.99840915,0.0014384909,0.0013033238,2.8227683E-5,1.2479043E-4,0.0,0.0,0.0,2.846077731012259,2.6200270986928103,0.19137388443195985,0.0,0.004398662591696082,0.013175153448382387,0.16300483025381535,0.0,0.05641309574265561,0.2505102501042725,0.10035303116620793,6.718088981902262E-4,0.0,0.05651586314284641,0.14133597957396662,0.19785184271681303,0.0033590444909511316,0.024570128598214724,0.09827187967637327,0.122842008274588,0.013175153448382387,0.004908746188262724,0.019620532711475902,0.024529278899738625,0.0054708099959911,6.473778,0.004800390164334083,633.7635190567756,57.038718981624775,0.016317217623271752,1.575,0.0,0.0,0.0055818492739548985,0.0,0.0,0.0,0.0,0.0,0.0,0.0,0.0,7.382746000827938,7.382746000827938,6.072837221145148,3.6680981139284246,-0.095819086,-0.09746199,-0.099319376,-0.1011658,0.0,0.0,0.0,0.0,0.0,-0.04,-0.04,-0.04,0.0,0.0,0.0,0.0,0.0,0.0,0.0,0.0,0.0,0.0,0.0,0.0,0.0,0.0,0,0,0,0,0.0,0.0,0.0,0.0,0.0,0,0,0.9163009524345398,1.7051412136124413E-4,0.014463040897680912,0.03559165580776018,0.021128614910079266
2012-07-18T07:30:00,2012,200,7,0,"718f4615-e576-4fa4-80aa-6236231db38b",120.29166667535901,89.03877710849527,2.4533626174935463,18.5975,0.8205000162124634,68.0897,400.0,1.48,0.0,[0.1956621639701276],[-0.050000000000000024],-0.050000000000000024,28.698650331420136,15.1,0.2930709946683095,12,45,1.2375676175602195,0.8958993715267433,0.4543887025351189,0.7309796827866959,0.0,0.040352074884891974,0.1622514669678471,-0.24741291192670664,-0.2334813146573076,-2.736263418495512,0.4761979437627313,0.0,0.5309006129003335,-0.12375774137949896,-0.12375774,27.396020215150735,0.16901696713395942,38827.07816727535,14605.582365493867,17875.232552134825,0.0,4378.515103073431,380.3158958232122,1493.1128481117305,3073.2469239579455,12290.815537181,773.0381781390477,31.37262940999948,138.67424769017816,1180.805076359979,213.96958565035573,855.8782139344128,9.411127,0.29073048,0.58908516,0.05966995,0.0024254636,0.056257598,0.038517594,0.0,0.00183135,0.9982078,0.0016200313,0.0014678036,3.1792417E-5,1.4054016E-4,0.0,0.0,0.0,2.963915086197179,2.736101535253104,0.1928614496947223,0.0,0.0044398502841144945,0.013277182838542685,0.175023872093649,0.0,0.06076391294985796,0.24947805214182522,0.10799611211969719,7.198903098311518E-4,0.0,0.06056172393360663,0.1514539441754034,0.21201566810901,0.0035994515491557595,0.02476127347907463,0.09903476802252946,0.12379604150160409,0.013277182838542685,0.005340183411986804,0.02134208887673743,0.026682272288724235,0.005949712606183934,6.4562597,0.0051145546004314445,633.8044632762562,57.04240396152446,0.01632377436555208,1.575,0.0,0.0,0.005947156773866372,0.0,0.037448412336407555,0.06269655609355082,0.17049795794660166,0.0,0.0,0.0,0.0,7.326774866707736,7.326774866707736,6.016866087024947,3.6680981139284246,-0.12887156,-0.13160421,-0.13436821,-0.13668846,0.0,-0.32981595857298246,-0.29084030470921934,-0.12979333626637327,0.0,-0.12375774137949896,-0.12375774137949896,-0.12375774137949898,0.0,0.023760000243782997,0.023760000243782997,0.023760000243782997,0.0,0.0,0.0,0.0,0.0,0.0,0.0,0.0,0.0,0.0,0,0,0,0,0.0,0.0,0.0,0.0,0.0,0,0,0.9163009524345398,1.7051408648629523E-4,0.01656893853942165,0.038716104361310795,0.022147165821889143
2012-07-18T08:30:00,2012,200,8,0,"718f4615-e576-4fa4-80aa-6236231db38b",120.33333334326744,89.0788483233573,2.957779336704192,22.106,0.6995000243186951,245.203,400.0,1.45,0.0,[0.1956621639701276],[-0.050000000000000024],-0.050000000000000024,28.698650331420136,15.1,0.29530984003311755,12,45,6.917179797648254,4.878021722925917,0.7052503229618166,1.1052116280356177,0.0,0.03768110923035741,0.26252732613878316,0.33928107966979343,0.3157439527686459,5.512583609036337,1.4576508887994792,0.001050507523096612,1.6053287320406693,-0.2303471765832154,-0.23034717,41.422754144350044,0.17469803567855058,38836.24731552185,14599.045438695099,17876.392014211313,0.0,4391.826934637582,381.5295906516847,1493.133936986715,3073.5097452212904,12291.498426432332,770.1663427416963,31.377148973242534,138.68065001793056,1180.851331141502,213.97755904622443,855.9100498130874,8.158472,0.15251435,0.6877013,0.08086589,0.0031519295,0.07360323,0.050461292,0.0,0.0021632877,0.9977553,0.0020284024,0.0018377985,3.9809776E-5,1.759684E-4,0.0,0.0,0.0,1.4775887639824932,1.2442841460670442,0.1975046250287609,0.0,0.004554457096978221,0.013596413030619554,0.2053641120641452,0.0,0.071915748636058,0.2524766979246647,0.1269904280412226,8.473420996497973E-4,0.0,0.07128509717208088,0.17827116171711965,0.24955625888920052,0.0042367104982489875,0.025357569991196986,0.10141792015907303,0.12677549015027,0.013596413030619554,0.007076831437904807,0.028278470752332762,0.03535530219023757,0.007881805436563888,8.082497,0.0061639108383793155,633.8525748342364,57.04673400191473,0.016321159191426352,1.575,0.0,0.0,0.007167338499599474,0.0,0.03448944793765415,0.078639392339712,0.27664493980860655,0.0,0.0,0.0,0.0,7.382746000827938,7.382746000827938,6.072837221145148,3.6680981139284246,-0.23837657,-0.24351315,-0.24853812,-0.25219557,0.0,-0.2685050200316,-0.09210200379523492,0.9925701016998982,0.0,-0.23034717658321538,-0.2303471765832154,-0.2303471765832154,0.0,0.023760000243782997,0.023760000243782997,0.04861004129052162,0.0,0.0,0.0,0.0,0.0,0.0,0.0,0.0,0.0,0.0,0,0,0,0,0.0,0.0,0.0,0.0,0.0,0,0,0.9163009524345398,1.705140563422711E-4,0.01798426394816488,0.05128834763519829,0.03330408368703341
2012-07-18T09:30:00,2012,200,9,0,"718f4615-e576-4fa4-80aa-6236231db38b",120.37500001117587,89.12025868371553,3.6288709927262133,26.1062,0.5649999976158142,785.3043,400.0,1.41,0.0,[0.1956621639701276],[-0.050000000000000024],-0.050000000000000024,28.698650331420136,15.1,0.29530984003311755,12,45,21.996612006636045,15.538344599113827,0.7002575946240216,1.098150312317271,0.0,0.03877561575797674,0.2594590635029142,1.8607593106959637,1.783310775210154,27.11143205296941,4.0509627569562,0.0018590527239765696,4.383108559421123,-0.2940817461895223,-0.31880432,77.85137462330684,0.18288611863107473,38897.40245760821,14644.121414340447,17877.67376312406,0.0,4405.315904527882,382.81041837271573,1493.1615591598268,3073.7968126149526,12292.258174932227,789.9693459591775,31.383442680232083,138.68990133608534,1180.9256815641547,213.9905801222589,855.9620419645576,7.1142726,0.006035378,0.7991331,0.09773236,0.004104397,0.09044586,0.06208573,0.0,0.0025488706,0.997371,0.002376297,0.0021529982,4.664251E-5,2.0615046E-4,0.0,0.0,0.0,0.28266590987031215,0.042937328498137674,0.20293633305921432,0.0,0.0046890640636803845,0.013969823548917354,0.21645929611329132,0.0,0.07625050167520123,0.2558363633055428,0.13363008465670925,8.934572634797112E-4,0.0,0.07516631549889846,0.18797738393849653,0.263143699437395,0.004467286317398557,0.026055144404704515,0.10420572197339716,0.13026086637810166,0.013969823548917354,0.009667264247288069,0.0386229769616588,0.048290241208946864,0.010762688872466234,16.596851,0.007411720656973954,633.9093046724296,57.051839687554995,0.016296957241895182,1.575,0.0,0.0,0.008618280212984658,0.0,0.03615537613560865,0.07877759028654141,0.2731663172024708,0.0,0.0,0.0,0.0,7.382746000827938,7.382746000827938,6.072837221145148,3.6680981139284246,-0.3099497,-0.32160833,-0.33294573,-0.34040815,0.0,0.0030490040479665,0.6824793655981949,3.732132965597034,0.0,-0.2940817461895223,-0.29947890714982217,-0.34349985729953836,0.0,0.023760000243782997,0.03443044004961848,0.08502857536077499,0.0,0.0,0.0,0.0,0.0,0.0,0.0,0.0,0.0,0.0,0,0,0,0,0.0,0.0,0.0,0.0,0.0,0,0,0.9163009524345398,1.7051404020122869E-4,0.018372210637608077,0.07003036418385278,0.0516581535462447
2012-07-18T10:30:00,2012,200,10,0,"718f4615-e576-4fa4-80aa-6236231db38b",120.4166666790843,89.15997206095031,4.378512671942886,27.9914,0.5227000117301941,845.743,400.0,1.35,0.0,[0.1956621639701276],[-0.050000000000000024],-0.050000000000000024,28.698650331420136,15.1,0.29530984003311755,12,45,23.497114146124673,16.849880554338547,0.6945701633393556,1.070724287898559,0.0,0.04897172733055224,0.2447737800849736,1.9821160914725624,1.8796936458777054,28.328197956909168,4.668046179707583,0.0016857039485012424,5.114510630718963,-0.3008773776124564,-0.40486088,83.59508177494813,0.18401096036834713,38961.42983343974,14692.116013067222,17878.942613272266,0.0,4418.811351295358,384.048576300519,1493.1918836937411,3074.078573070647,12293.011546442787,811.0545732759631,31.39070305803205,138.70054469898454,1181.0121872520897,214.0057560366713,856.0226241847329,7.0525618,1.7205151E-4,0.8065127,0.09531564,0.0043599335,0.09103546,0.062416248,0.0,0.0026041795,0.9970868,0.0026329742,0.0023855504,5.168774E-5,2.2841878E-4,0.0,0.0,0.0,0.24404570384726654,0.0012134039923745337,0.2055568367576537,0.0,0.004759653252031829,0.014149672666099065,0.20921210092391646,0.0,0.07374246506817123,0.25595920594777355,0.12892252668130358,8.591268200466207E-4,0.0,0.07227951376971402,0.1807580435537834,0.2530375573234974,0.004295634100233104,0.02639181351606245,0.10554989515482174,0.1319417086708842,0.014149672666099065,0.011055182953241385,0.044160008290691055,0.05521519124393244,0.012303396070551519,18.607018,0.007994003748459407,633.9753298642277,57.05778195505295,0.016271870220740732,1.575,0.0,0.0,0.009295353604975319,0.0,0.0455057294137282,0.08453906459092969,0.2575599195776503,0.0,0.0,0.0,0.0,7.382746000827938,7.382746000827938,6.072837221145148,3.6680981139284246,-0.31862316,-0.33180225,-0.34440324,-0.3525575,0.0,0.11984914431153333,0.7964668008805038,3.8021818228151703,0.0,-0.3466541379645072,-0.3747129736788857,-0.4415335893892733,0.0,0.023760000243782997,0.03346277354285121,0.07948637306690216,0.0,0.0,0.0,0.0,0.0,0.0,0.0,0.0,0.0,0.0,0,0,0,0,0.0,0.0,0.0,0.0,0.0,0,0,0.9163009524345398,1.7051402516497907E-4,0.02018013364431681,0.08006746105089735,0.05988732740658054
2012-07-18T11:30:00,2012,200,11,0,"718f4615-e576-4fa4-80aa-6236231db38b",120.45833334699273,89.19991982157168,5.1206626828709005,27.8116,0.5059999823570251,1078.0739,400.0,1.33,0.0,[0.1956621639701276],[-0.050000000000000024],-0.050000000000000024,28.698650331420136,15.1,0.29530984003311755,12,45,33.754551949472166,24.48755129692735,0.7827513482487647,1.2074651197806388,0.0,0.10035885320862181,0.24361793022265088,3.288299947977066,3.201126415513229,45.170451924530994,6.476825988016671,0.0019372680044251747,6.603102863794777,-0.31424487098696136,-0.4435583,93.3031830126183,0.1870958281288691,39063.799023190215,14778.294727376957,17880.23674186454,0.0,4432.4204498987465,385.305149616856,1493.222560854973,3074.365006879965,12293.778671066146,848.9150373551291,31.398003463154296,138.71130667248673,1181.102053922181,214.02158163568322,856.0857903647143,7.115372,0.0,0.8061254,0.09584919,0.0043183626,0.091129,0.062273987,0.0,0.0025780553,0.997427,0.0023260831,0.0021074929,4.5670397E-5,2.0179569E-4,0.0,0.0,0.0,0.2425639074153909,0.0,0.20532304097285212,0.0,0.004763973966082229,0.014133068643573086,0.21259026476529233,0.0,0.07513289124461181,0.25811476509123443,0.13085108391713376,8.704059348526068E-4,0.0,0.07322962791181478,0.1831341036912148,0.2563637316030296,0.004352029674263035,0.026361999182498486,0.10542844000120571,0.1317904391837042,0.014133068643573086,0.011003307314674304,0.04394511441771055,0.05494842173238485,0.012241658279612436,24.51093,0.008013473812391333,634.050673049241,57.064562841973604,0.016231157463021888,1.575,0.0,0.0,0.009317993215194869,0.0,0.09243160250105865,0.12599500769429234,0.25651717246145816,0.0,0.0,0.0,0.0,7.382746000827938,7.382746000827938,6.072837221145148,3.6680981139284246,-0.33750963,-0.35515752,-0.37144974,-0.38143334,0.0,1.4953002497671213,2.2233358380561743,5.006854576926536,0.0,-0.3735765499028691,-0.40817542238232457,-0.4850526944043927,0.0,0.047803288946549095,0.057048204354941845,0.09994622766971588,0.0,0.0,0.0,0.0,0.0,0.0,0.0,0.0,0.0,0.0,0,0,0,0,0.0,0.0,0.0,0.0,0.0,0,0,0.9163009524345398,1.7051401870833032E-4,0.017986825601838063,0.07967091405793203,0.061684088456093966
2012-07-18T12:30:00,2012,200,12,0,"718f4615-e576-4fa4-80aa-6236231db38b",120.50000001490116,89.23607716670908,5.950812676076467,29.9236,0.4219000041484833,2272.2758,400.0,1.34,0.0,[0.1956621639701276],[-0.050000000000000024],-0.050000000000000024,28.698650331420136,15.1,0.29530984003311755,12,45,72.55818803098504,53.64895636992853,0.7982986487708164,1.2509648173046637,0.0,0.1159250707738268,0.2438227453556423,7.022543668746948,6.790305814483301,93.53683893510703,11.456420659112572,0.0022679383057643923,11.679005637624781,-0.4981554450094897,-0.5314681,132.4242284646271,0.1944166499465942,39276.28645110003,14974.51380542186,17881.498313427765,0.0,4446.233960032455,386.46350320396317,1493.257477614723,3074.6407128467663,12294.533072933722,935.1189847622072,31.406666766195016,138.7243158196629,1181.2161436515291,214.04180363006554,856.166500482489,7.1358185,0.0,0.81588906,0.087998115,0.0045801625,0.088924974,0.060810477,0.0,0.002607671,0.99768776,0.0020898804,0.0018934828,4.103921E-5,1.8130458E-4,0.0,0.0,0.0,0.24608299001940168,0.0,0.2082950734458396,0.0,0.004842944936335241,0.014337103979195999,0.19634158841470195,0.0,0.06945253162299904,0.2619917032829463,0.12026628841776807,8.007305232027382E-4,0.0,0.06736875319773845,0.16847710829594362,0.23584586149368209,0.004003652616013692,0.026743791037988553,0.10695305196610322,0.13369684300409176,0.014337103979195999,0.012895750866865353,0.051494064769352615,0.06438981563621797,0.014342452648537162,25.56375,0.008754433781072121,634.1361958088664,57.07225989064574,0.01614552324335403,1.575,0.0,0.0,0.010179574612044565,0.0,0.10714140661455124,0.13845712635169993,0.2566468343052722,0.0,0.0,0.0,0.0,7.382746000827938,7.382746000827938,6.072837221145148,3.6680981139284246,-0.5385451,-0.570286,-0.59894407,-0.6159676,0.0,4.091663872202198,5.354208028334187,9.558369208771257,0.0,-0.49815544500948966,-0.5064088368957855,-0.5611259892309126,0.0,0.07104623069365819,0.08532235585153103,0.13450475484132768,0.0,0.0,0.0,0.0,0.0,0.0,0.0,0.0,0.0,0.0,0,0,0,0,0.0,0.0,0.0,0.0,0.0,0,0,0.9163009524345398,1.7051403081657808E-4,0.01620674829609925,0.09333722247747703,0.07713047418137778
2012-07-18T13:30:00,2012,200,13,0,"718f4615-e576-4fa4-80aa-6236231db38b",120.54166668280959,89.2692456702307,6.827741905880224,31.0463,0.41260001063346863,1923.0209,400.0,1.32,0.0,[0.1956621639701276],[-0.050000000000000024],-0.050000000000000024,28.698650331420136,15.1,0.29530984003311755,12,45,61.33677139897881,45.432751370008944,0.7974012580801748,1.2469632690023176,0.0,0.11538366899181648,0.24328812493196894,5.916301568349202,5.688853346313586,78.61976321586035,10.583235080902782,0.0020635300027422093,10.824555040769132,-0.46399792906080517,-0.74408257,138.44281365188755,0.1950882797309556,39454.8266470711,15137.08116888092,17882.70068472295,0.0,4459.897524023114,387.53383361893856,1493.294046613723,3074.9011871104285,12295.254781483662,1006.5388924967932,31.416058374829195,138.73835259564817,1181.3397101184971,214.06371867641474,856.2539511467169,7.0074873,0.0,0.82181215,0.08288938,0.004789615,0.08783319,0.06003715,0.0,0.0026756742,0.9975254,0.002236578,0.0020263896,4.3927794E-5,1.9403055E-4,0.0,0.0,0.0,0.247987444979372,0.0,0.2099009042731217,0.0,0.00488964084555107,0.014447146884052768,0.1814450555368042,0.0,0.06411034025117705,0.2591477740399059,0.11084026629512989,7.356095673883001E-4,0.0,0.06189048650488914,0.15477694724299138,0.2166674337478805,0.0036780478369415016,0.026950173727910372,0.10777629551087164,0.134726469238782,0.014447146884052768,0.013884087309325456,0.05543157782698842,0.06931566513631388,0.015437973947952172,25.56375,0.00912429887868723,634.2323282188177,57.080911807885144,0.016074898361412505,1.575,0.0,0.0,0.01060965032587366,0.0,0.10722751337227336,0.13810854538701137,0.2555828083755694,0.0,0.0,0.0,0.0,7.382746000827938,7.382746000827938,6.072837221145148,3.6680981139284246,-0.5012257,-0.53032774,-0.55651027,-0.572105,0.0,3.3589771864065434,4.400088964078245,8.117790548046083,0.0,-0.6446216553638778,-0.7055173249367452,-0.7877933675097231,0.0,0.06314172719915707,0.07111956924200058,0.11166892796754838,0.0,0.0,0.0,0.0,0.0,0.0,0.0,0.0,0.0,0.0,0,0,0,0,0.0,0.0,0.0,0.0,0.0,0,0,0.9163009524345398,1.7051404557287599E-4,0.01703246594115626,0.10047532740062064,0.08344286145946438
2012-07-18T14:30:00,2012,200,14,0,"718f4615-e576-4fa4-80aa-6236231db38b",120.58333335071802,89.30436590784275,7.675416936737797,30.3442,0.4203999936580658,1730.7438,400.0,1.31,0.0,[0.1956621639701276],[-0.050000000000000024],-0.050000000000000024,28.698650331420136,15.1,0.29530984003311755,12,45,50.37769047827714,36.722742786128386,0.7276884435217553,1.127372211901748,0.0,0.07192727089913502,0.24311352219904522,4.627690464258194,4.44222868679483,63.64137294683293,8.992674808537199,0.0019658399228575764,9.219700844475007,-0.40177795059751187,-0.68542445,157.85433311034808,0.19986542827302747,39599.270872801084,15265.1976155034,17883.972052040765,0.0,4473.773823813986,388.67750865010356,1493.3304857056496,3075.176817756039,12296.014860646208,1062.8236510262298,31.425204923548286,138.75212444434152,1181.4637571709618,214.08578435815554,856.3419954686965,7.156465,0.0,0.8172332,0.08670888,0.0046426277,0.08880776,0.060475424,0.0,0.0026075612,0.9980299,0.0017811009,0.0016137135,3.498874E-5,1.545159E-4,0.0,0.0,0.0,0.24683976236439842,0.0,0.20892384130018984,0.0,0.004875536607938344,0.01437946454491849,0.19411548503925655,0.0,0.06889890690600972,0.26318259314873427,0.11858131383892968,7.867622243452121E-4,0.0,0.06619459103704875,0.1655407328270375,0.23173532386408624,0.003933811121726061,0.026824907287137396,0.10727341186717566,0.13409831915431306,0.01437946454491849,0.013413165634281968,0.05354344816892228,0.06695661380320425,0.014911526001008023,25.56375,0.009009433455814644,634.3389367146436,57.090506572890746,0.016018954963899143,1.575,0.0,0.0,0.010476085874794754,0.0,0.06678672556659214,0.10213630609602915,0.2562678715010377,0.0,0.0,0.0,0.0,7.382746000827938,7.382746000827938,6.072837221145148,3.6680981139284246,-0.43340057,-0.4580635,-0.4812258,-0.4954788,0.0,1.6553320257424422,2.8131084276196128,7.417662890766437,0.0,-0.5797936583415081,-0.6377364767583071,-0.7384145994183535,0.0,0.0441607249279817,0.05635505635291338,0.10738960802555084,0.0,0.0,0.0,0.0,0.0,0.0,0.0,0.0,0.0,0.0,0,0,0,0,0.0,0.0,0.0,0.0,0.0,0,0,0.9163009524345398,1.7051407030633568E-4,0.013852132302417886,0.09704276823776815,0.08319063593535027
2012-07-18T15:30:00,2012,200,15,0,"718f4615-e576-4fa4-80aa-6236231db38b",120.62500001862645,89.33840087946143,8.53987115243686,30.7469,0.42089998722076416,2181.0558,400.0,1.3,0.0,[0.1956621639701276],[-0.050000000000000024],-0.050000000000000024,28.698650331420136,15.1,0.29530984003311755,12,45,62.45928508885875,45.03724668997913,0.7159294719655813,1.1084747451497876,0.0,0.036211312576962966,0.26383297882577583,5.229653728504975,5.0758526238648445,75.17417765614807,10.063149931587056,0.0020750675640885973,10.205229219017161,-0.4436530937523162,-0.6147792,190.94903639174842,0.20441098454247175,39724.20836968293,15373.66031650207,17885.242402332326,0.0,4487.820016841356,389.79802369729634,1493.3682253070654,3075.4507725640583,12296.775677764532,1110.4740276648329,31.434754197801123,138.76656914048462,1181.5961804880885,214.10939364404572,856.4361886019756,7.2134047,0.0,0.82070905,0.08425557,0.0046737655,0.0877676,0.059679978,0.0,0.002594039,0.9982813,0.0015535456,0.0014075408,3.0524225E-5,1.3477402E-4,0.0,0.0,0.0,0.24754203763557597,0.0,0.20951221149586396,0.0,0.004898503132728059,0.014419469577999913,0.19045986326085151,0.0,0.06770321552372696,0.2664048457098276,0.11606703102656754,7.695090281162847E-4,0.0,0.06474352479212044,0.16191187418146094,0.2266553989735814,0.0038475451405814245,0.02690064622774345,0.1075742293884038,0.13447487561614724,0.014419469577999913,0.013897515660379948,0.05546804460288057,0.06936556026326052,0.01544674808397778,25.56375,0.00921906393549882,634.456265052727,57.101066123737844,0.015971526962811344,1.575,0.0,0.0,0.010719842257248357,0.0,0.033709637117610644,0.07775841554401929,0.2776206349775047,0.0,0.0,0.0,0.0,7.382746000827938,7.382746000827938,6.072837221145148,3.6680981139284246,-0.4790172,-0.5070633,-0.53457975,-0.5518037,0.0,0.784170797875368,2.551971374874901,9.669966718650487,0.0,-0.49913974046560244,-0.5587202715745895,-0.675883024352494,0.0,0.03607302283247312,0.05447471421211958,0.13175290524959565,0.0,0.0,0.0,0.0,0.0,0.0,0.0,0.0,0.0,0.0,0,0,0,0,0.0,0.0,0.0,0.0,0.0,0,0,0.9163009524345398,1.70514104687562E-4,0.01217855170398252,0.1005216669074376,0.08834311520345509
2012-07-18T16:30:00,2012,200,16,0,"718f4615-e576-4fa4-80aa-6236231db38b",120.66666668653488,89.37304997659731,9.395004472981022,30.5232,0.41499999165534973,1507.8247,400.0,1.31,0.0,[0.1956621639701276],[-0.050000000000000024],-0.050000000000000024,28.698650331420136,15.1,0.29530984003311755,12,45,48.107352134204774,34.612480449982684,0.7976284002743285,1.2661750833380976,0.0,0.1231383519222943,0.24252230931068156,4.564262270927429,4.445180709869414,61.50310376508754,8.953375401047172,0.001908129026769497,9.128656972948354,-0.40024062546112266,-0.66354036,218.06777530924822,0.20863496947667337,39814.74576511794,15447.519764448121,17886.546813908786,0.0,4502.004515783064,390.94902836607315,1493.4062596472245,3075.7316197832565,12297.555162619383,1142.9223299894436,31.44431366516793,138.7810690985409,1181.7309139249346,214.13345666337028,856.5321808472252,7.298057,0.0,0.81917673,0.085549116,0.0046180952,0.088095985,0.059728943,0.0,0.0025600747,0.9985499,0.0013103252,0.0011871762,2.5750343E-5,1.1367312E-4,0.0,0.0,0.0,0.2471966764414918,0.0,0.209214059895919,0.0,0.004900581474529496,0.014398463984692026,0.19585206459872825,0.0,0.06982998780647856,0.26902800243977637,0.11925377092912601,7.899058089064952E-4,0.0,0.06646005982488006,0.16620464574455213,0.2326647055694322,0.003949529044532477,0.026862559389230458,0.1074198927965932,0.13428245218582366,0.014398463984692026,0.013817600546740541,0.055140473197607884,0.06895807374434842,0.015355129200433106,25.56375,0.009235175580208813,634.5843319675389,57.112592146528925,0.01593842481655387,1.575,0.0,0.0,0.010738576728665884,0.0,0.11358383815896135,0.14378972205292267,0.2556107129418561,0.0,0.0,0.0,0.0,7.382746000827938,7.382746000827938,6.072837221145148,3.6680981139284246,-0.43172365,-0.45603976,-0.47787026,-0.49100038,0.0,2.627095726224692,3.4374523630373295,6.342214377521913,0.0,-0.5699281635941482,-0.6246427870947641,-0.7083796024915456,0.0,0.05396919449170431,0.06227685324847698,0.09451942443847657,0.0,0.0,0.0,0.0,0.0,0.0,0.0,0.0,0.0,0.0,0,0,0,0,0.0,0.0,0.0,0.0,0.0,0,0,0.9163009524345398,1.7051414576876175E-4,0.010392424759629648,0.09992067800136188,0.08952825324173223
2012-07-18T17:30:00,2012,200,17,0,"718f4615-e576-4fa4-80aa-6236231db38b",120.70833335444331,89.4104944902214,10.200683659335475,29.3363,0.42080000042915344,460.7026,400.0,1.35,0.0,[0.1956621639701276],[-0.050000000000000024],-0.050000000000000024,28.698650331420136,15.1,0.29530984003311755,12,45,16.549520459339938,12.236385709476297,0.8980587725866934,1.4755705873637708,0.0,0.19637454283267183,0.24431265547057485,1.3839531938234966,1.3428212475216814,18.200301932645143,4.910096024575805,0.0010296416608617201,5.047522142417308,-0.3033158992981788,-0.5507998,182.75121371007884,0.20537992398493157,39846.86703535489,15462.9095562876,17887.90158950313,0.0,4516.105207181135,392.18924421039185,1493.4420572624342,3076.024313583873,12298.356682220683,1149.6834503634398,31.453152204509355,138.7942971647515,1181.852597296747,214.15516541158354,856.6187607465902,7.3294873,0.0,0.8108447,0.09180678,0.004452964,0.090366855,0.06091176,0.0,0.002528706,0.9985068,0.0013495828,0.0012227419,2.6526868E-5,1.1707768E-4,0.0,0.0,0.0,0.24524857217909588,0.0,0.2075593449550237,0.0,0.004871030188028453,0.014284078234408026,0.2109713950576445,0.0,0.07540914485480922,0.26743848023341577,0.12877092542916843,8.482474351466807E-4,0.0,0.07136925528164274,0.17848165577782213,0.2498509110594649,0.0042412371757334045,0.026650293453107484,0.10656900377177972,0.1332192972248872,0.014284078234408026,0.012701863047495135,0.05067988996797809,0.06338175301547323,0.014112625524606001,19.383436,0.008867406018975376,634.722709820036,57.12504615374854,0.015929049309117985,1.575,0.0,0.0,0.010310937685155272,0.0,0.18011540637217027,0.2041133275278093,0.2574647321183464,0.0,0.0,0.0,0.0,7.382746000827938,7.382746000827938,6.072837221145148,3.6680981139284246,-0.32179454,-0.33532575,-0.34703127,-0.35413918,0.0,0.9840440300758152,1.1960770055874184,1.6754829715366122,0.0,-0.49666494422540713,-0.532246901874849,-0.5747632815708259,0.0,0.03802721699078878,0.04017565306276083,0.045509304851293564,0.0,0.0,0.0,0.0,0.0,0.0,0.0,0.0,0.0,0.0,0,0,0,0,0.0,0.0,0.0,0.0,0.0,0,0,0.9163009524345398,1.7051417874782042E-4,0.01074988011532696,0.0918502923495398,0.08110041223421284
2012-07-18T18:30:00,2012,200,18,0,"718f4615-e576-4fa4-80aa-6236231db38b",120.75000002235174,89.45008833707905,10.953962811449045,28.0787,0.4242999851703644,217.7008,400.0,1.37,0.0,[0.1956621639701276],[-0.050000000000000024],-0.050000000000000024,28.698650331420136,15.1,0.29530984003311755,12,45,5.748780162712357,4.008075161570719,0.6601698481025744,1.0228296924470852,0.0,0.034333398933898134,0.2429223182688937,-0.05571863303581873,-0.06038731106924352,0.3883288229440396,3.017598458373442,3.574667702561046E-5,3.336433431504351,-0.27934858992097855,-0.3927484,65.71889917782944,0.19497698305635075,39841.11912677036,15440.559501125575,17889.255243312422,0.0,4530.026870693263,393.48369576915184,1493.4744371041209,3076.3176278701417,12299.147785814599,1139.8645122717444,31.461121210642197,138.8058194853645,1181.9539991775741,214.1731608767197,856.6904977085962,9.924146,0.265623,0.5912469,0.07077575,0.0031471823,0.067355454,0.045107994,0.0,0.00185175,0.99855703,0.0013042103,0.0011816316,2.563961E-5,1.13140704E-4,0.0,0.0,0.0,2.879280885445123,2.63608134320142,0.20581879468773495,0.0,0.004839973022978849,0.014163737185684491,0.2199687189945466,0.0,0.07854977363768527,0.2640429768226798,0.13467336320454878,8.779604451418233E-4,0.0,0.07387011680301,0.18473585589266633,0.2586059726956763,0.004389802225709117,0.02642699020061308,0.10567387614435887,0.13210086634497195,0.014163737185684491,0.01141479209174811,0.04553669528892158,0.05695148738066969,0.012679557956791524,13.157324,0.008392927946343033,634.8708468915049,57.13837849071052,0.015935065600728004,1.575,0.0,0.0,0.009759218971766532,0.0,0.03161064231975959,0.07272722791449443,0.2555586929198989,0.0,0.0,0.0,0.0,7.382746000827938,7.382746000827938,6.072837221145148,3.6680981139284246,-0.29207784,-0.30100554,-0.3091124,-0.3143346,0.0,-0.523064982429474,-0.34804412283936526,0.44734474116299217,0.0,-0.3578277795725365,-0.3788980142027827,-0.40962933549673447,0.0,0.023760000243782997,0.023760000243782997,0.030800879746675492,0.0,0.0,0.0,0.0,0.0,0.0,0.0,0.0,0.0,0.0,0,0,0,0,0.0,0.0,0.0,0.0,0.0,0,0,0.9163009524345398,1.7051419073357572E-4,0.014066014075069688,0.08255726485407812,0.06849125077900843
2012-07-18T19:30:00,2012,200,19,0,"718f4615-e576-4fa4-80aa-6236231db38b",120.79166669026017,89.4914481911904,11.629333683729172,26.2089,0.4781999886035919,130.7938,400.0,1.38,0.0,[0.1956621639701276],[-0.050000000000000024],-0.050000000000000024,28.698650331420136,15.1,0.29530984003311755,12,45,4.67090191389065,3.4564469445606916,0.8927988012219711,1.4681493331745978,0.0,0.19678961848602472,0.2423954080380202,-0.006385210435837507,-0.01014037147276204,0.09551876402875992,2.1715727725753435,1.2218328735316787E-5,2.7294741472647512,-0.25977841839616633,-0.34152997,125.73105719062053,0.20131898973995593,39839.72992880088,15422.23731014444,17890.66538516271,0.0,4544.151490248811,394.8513771542656,1493.5049893757018,3076.6235028773153,12299.96680829999,1131.8151156307158,31.468284888127926,138.8162876326897,1182.0488989143432,214.1900661835855,856.7578864113359,7.917763,0.062026545,0.7518741,0.09370073,0.0037789992,0.08632781,0.057454526,0.0,0.0022918144,0.9987193,0.0011579499,0.0010491157,2.2768076E-5,1.00452286E-4,0.0,0.0,0.0,0.7312827198570616,0.4911115032442197,0.20324923715704812,0.0,0.0047896062440182085,0.013986328648703757,0.2330482843350196,0.0,0.08361353072178682,0.26789230975778483,0.14255222545597848,9.293657181924176E-4,0.0,0.07819647886983548,0.19555534005578765,0.2737518189256231,0.004646828590962089,0.026097212076340776,0.10435293084041244,0.13045014291675322,0.013986328648703757,0.010165131269392596,0.04054424367306341,0.050709374942456004,0.011288064133763482,10.351787,0.007936729594747427,635.0282127187227,57.1525414157229,0.015939571223339267,1.575,0.0,0.0,0.009228755748890856,0.0,0.18322181324201536,0.20248932272957665,0.25509748569998336,0.0,0.0,0.0,0.0,7.382746000827938,7.382746000827938,6.072837221145148,3.6680981139284246,-0.26995203,-0.27675426,-0.28282064,-0.28684726,0.0,-0.07689167642547295,-0.03847707149723248,0.052579771518440864,0.0,-0.3202721518140148,-0.33462616413404594,-0.35038500486099194,0.0,0.023760000243782997,0.023760000243782997,0.023760000243782997,0.0,0.0,0.0,0.0,0.0,0.0,0.0,0.0,0.0,0.0,0,0,0,0,0.0,0.0,0.0,0.0,0.0,0,0,0.9163009524345398,1.705142117369637E-4,0.009963778717064997,0.0734943619844138,0.0635305832673488
2012-07-18T20:30:00,2012,200,20,0,"718f4615-e576-4fa4-80aa-6236231db38b",120.8333333581686,89.5330888697322,12.239408698859066,24.6418,0.5530999898910522,57.0069,400.0,1.41,0.0,[0.1956621639701276],[-0.050000000000000024],-0.050000000000000024,28.698650331420136,15.1,0.29530984003311755,12,45,0.975901836084154,0.7007254350647556,0.4279753135515849,0.6828855951986665,0.0,0.02260391627389051,0.1624429523776344,-0.47909797976414364,-0.4627942570979487,-5.69685960610046,1.682581392646345,0.0,1.7767859585910073,-0.24199637540990915,-0.3082058,36.902413089406316,0.18606495782875954,39812.92673534289,15379.073091822853,17891.997027544334,0.0,4557.805548574128,396.20054429193556,1493.5311485920397,3076.912785647999,12300.729979233365,1112.851995208704,31.474468604545844,138.82481254589905,1182.1195492245809,214.2025126312218,856.8074581080709,12.894748,0.44177315,0.4462927,0.05679098,0.00218045,0.05157033,0.034087252,0.0,0.0013923954,0.99882364,0.0010633363,9.633932E-4,2.0910828E-5,9.2244096E-5,0.0,0.0,0.0,5.9342196447017,5.696553446715628,0.2011223315751308,0.0,0.004749948522491328,0.013839330860673873,0.22952290437412382,0.0,0.08201784278961446,0.25896748637736033,0.1408449850420629,9.052435118384715E-4,0.0,0.07616834160038333,0.19048332890120848,0.2666516705015918,0.004526217559192358,0.02582426717111288,0.10325919196836836,0.12908345913948124,0.013839330860673873,0.008783693917285803,0.03502769794472542,0.043811391862011224,0.00975080420313956,8.763639,0.007321563100669926,635.194091991781,57.16747055089138,0.015954468663262174,1.575,0.0,0.0,0.008513445840575474,0.0,0.020983740186576658,0.048473969033673736,0.1706868230429449,0.0,0.0,0.0,0.0,7.382746000827938,7.382746000827938,6.072837221145148,3.6680981139284246,-0.2506982,-0.25632086,-0.26144236,-0.26496196,0.0,-0.5448924501736959,-0.516536603740135,-0.3705414639387511,0.0,-0.29151409860003175,-0.3026379445300853,-0.31507983398502704,0.0,0.023760000243782997,0.023760000243782997,0.023760000243782997,0.0,0.0,0.0,0.0,0.0,0.0,0.0,0.0,0.0,0.0,0,0,0,0,0.0,0.0,0.0,0.0,0.0,0,0,0.9163009524345398,1.7051420466167614E-4,0.014900904840033036,0.06352563626992776,0.04862473142989472
2012-07-18T21:30:00,2012,200,21,0,"718f4615-e576-4fa4-80aa-6236231db38b",120.87500002607703,89.57422550920776,12.795971218624835,23.3575,0.5713000297546387,13.4982,400.0,1.47,0.0,[0.1956621639701276],[-0.050000000000000024],-0.050000000000000024,28.698650331420136,15.1,0.29530984003311755,12,45,0.0,0.0,0.0,0.0,0.0,0.0,0.0,-0.5699286460876465,-0.5699286460876465,0.0,0.29530984003311755,0.0,0.4429647757177188,-0.0959917249935405,-0.3082058,56.32073214186324,0.19253162677880625,39805.13744263556,15354.73511331179,17893.33511636086,0.0,4571.639499066308,397.55189805634416,1493.5564434261364,3077.202787555005,12301.495100251514,1102.1597126821175,31.480255150839834,138.8329275876756,1182.1900166816695,214.2150031969349,856.8572105002404,10.391841,0.300202,0.56107974,0.07063596,0.0026242768,0.06374518,0.041933987,0.0,0.001712813,0.9989297,9.674857E-4,8.7655E-4,1.9028497E-5,8.392922E-5,0.0,0.0,0.0,3.3552887567184784,3.1196515803965505,0.19939835893633398,0.0,0.004719449950394358,0.013720086622814088,0.23054787111738312,0.0,0.08266389196814705,0.2623793820322194,0.14114594936128044,9.073768539061876E-4,0.0,0.07634945497670233,0.1909362920792354,0.2672857470559377,0.004536884269530939,0.025603009508533673,0.10237222419933609,0.12797523370786976,0.013720086622814088,0.00812306140765217,0.032387285200063023,0.04051034660771519,0.009014097314642176,6.42095,0.0070384795370473105,635.368155543731,57.183136271189376,0.015961963614857,1.575,0.0,0.0,0.0081842788916438,0.0,0.0,0.0,0.0,0.0,0.0,0.0,0.0,7.382746000827938,7.382746000827938,6.072837221145148,3.6680981139284246,-0.10093463,-0.103525445,-0.106146954,-0.10837663,0.0,0.0,0.0,0.0,0.0,-0.29151409860003175,-0.3026379445300853,-0.31507983398502704,0.0,0.023760000243782997,0.023760000243782997,0.023760000243782997,0.0,0.0,0.0,0.0,0.0,0.0,0.0,0.0,0.0,0.0,0,0,0,0,0.0,0.0,0.0,0.0,0.0,0,0,0.9163009524345398,1.7051420964179104E-4,0.010926117931376211,0.05872599066220295,0.04779987273082674
2012-07-18T22:30:00,2012,200,22,0,"718f4615-e576-4fa4-80aa-6236231db38b",120.91666669398546,89.61477664311543,13.320754607143627,22.5948,0.623199999332428,1.3653,400.0,1.55,0.0,[0.1956621639701276],[-0.050000000000000024],-0.050000000000000024,28.698650331420136,15.1,0.29530984003311755,12,45,0.0,0.0,0.0,0.0,0.0,0.0,0.0,-0.5429034233093262,-0.5429034233093262,0.0,0.29530984003311755,0.0,0.4429647757177188,-0.09605754961967353,-0.3082058,56.341589026441056,0.19213621244623424,39797.41741056452,15330.3270771372,17894.6506414646,0.0,4585.651533563301,398.8881665436775,1493.5806215390417,3077.4872319585147,12302.24393209844,1091.436652072166,31.485759693383315,138.84057886647685,1182.2563132195678,214.2267530577186,856.9040004416925,10.421283,0.29655132,0.566697,0.069661364,0.0025554444,0.06283569,0.0411514,0.0,0.0016991828,0.9989779,9.2427304E-4,8.3739765E-4,1.818085E-5,8.018044E-5,0.0,0.0,0.0,3.3248961638411436,3.0904451946804206,0.1983877087206391,0.0,0.004705687077228139,0.013649909927417837,0.22832791834480773,0.0,0.08189656351583814,0.2657569834743544,0.1396319516403704,8.93692444724589E-4,0.0,0.07519965585332951,0.18806084642279589,0.2632605022761254,0.004468462223622946,0.025473343615737824,0.10185149692899122,0.12732484054472903,0.013649909927417837,0.007673964608665013,0.030591081912441156,0.03826504652110617,0.008512635724431367,6.411773,0.0068313048164357305,635.5501624737241,57.19951689553967,0.015969633303517142,1.575,0.0,0.0,0.007943378043121214,0.0,0.0,0.0,0.0,0.0,0.0,0.0,0.0,7.382746000827938,7.382746000827938,6.072837221145148,3.6680981139284246,-0.10100039,-0.10359121,-0.10621274,-0.10844242,0.0,0.0,0.0,0.0,0.0,-0.29151409860003175,-0.3026379445300853,-0.31507983398502704,0.0,0.023760000243782997,0.023760000243782997,0.023760000243782997,0.0,0.0,0.0,0.0,0.0,0.0,0.0,0.0,0.0,0.0,0,0,0,0,0.0,0.0,0.0,0.0,0.0,0,0,0.9163009524345398,1.705142138126378E-4,0.01046764472630457,0.05547062544519592,0.04500298071889135
2012-07-18T23:30:00,2012,200,23,0,"718f4615-e576-4fa4-80aa-6236231db38b",120.95833336189389,89.65474556404214,13.82121715410203,22.0111,0.7163000106811523,1.2148,400.0,1.58,0.0,[0.1956621639701276],[-0.050000000000000024],-0.050000000000000024,28.698650331420136,15.1,0.29530984003311755,12,45,0.0,0.0,0.0,0.0,0.0,0.0,0.0,-0.5230009704828262,-0.5230009704828262,0.0,0.29530984003311755,0.0,0.4429647757177188,-0.09595514722916029,-0.3082058,56.29414941506297,0.1919663183465492,39789.75547208809,15306.037279514481,17895.94677741876,0.0,4599.638175952,400.2099028289487,1493.6039681487932,3077.7667464253973,12302.97875115473,1080.7655366145837,31.49106653873725,138.84789669525688,1182.3196701742957,214.23798248346958,856.9487069731047,10.370453,0.2955637,0.5684426,0.06925158,0.0025212632,0.06252008,0.04077482,0.0,0.0017007808,0.99901015,8.9453155E-4,8.104505E-4,1.7597913E-5,7.76003E-5,0.0,0.0,0.0,3.298682478352788,3.0651295366333273,0.1976210468366893,0.0,0.004697498633293132,0.013596528669458539,0.2260885414165558,0.0,0.08115725338463367,0.2652753881638431,0.13815574248081697,8.805369252418341E-4,0.0,0.07409430255207346,0.1852965864068636,0.2593908889589371,0.004402684626209172,0.02537499058872834,0.10145603601994521,0.12683102660867354,0.013596528669458539,0.007347409677288938,0.029284026163272265,0.0366314358405612,0.00814742681563782,6.4260607,0.006678785887431233,635.7399354341607,57.21659646265764,0.015977477817880097,1.575,0.0,0.0,0.007766030443450379,0.0,0.0,0.0,0.0,0.0,0.0,0.0,0.0,7.382746000827938,7.382746000827938,6.072837221145148,3.6680981139284246,-0.10089788,-0.103488676,-0.10611018,-0.108339846,0.0,0.0,0.0,0.0,0.0,-0.29151409860003175,-0.3026379445300853,-0.31507983398502704,0.0,0.023760000243782997,0.023760000243782997,0.023760000243782997,0.0,0.0,0.0,0.0,0.0,0.0,0.0,0.0,0.0,0.0,0,0,0,0,0.0,0.0,0.0,0.0,0.0,0,0,0.9163009524345398,1.7051421761790102E-4,0.010081411586725153,0.05310166170260355,0.0430202501158784
2012-07-19T00:30:00,2012,201,0,0,"718f4615-e576-4fa4-80aa-6236231db38b",121.00000002980232,89.68853567449193,14.164029702465612,18.2275,0.8198999762535095,0.0773,400.0,2.27,0.0,[0.1956621639701276],[-0.050000000000000024],-0.050000000000000024,28.698650331420136,15.1,0.29530984003311755,12,45,0.0,0.0,0.0,0.0,0.0,0.0,0.0,-0.40905867516994476,-0.40905867516994476,0.0,0.29530984003311755,0.0,0.4429647757177188,-0.09593375792459075,-0.3082058,56.47752530310754,0.19080872370452884,39782.32408996239,15282.459292892318,17897.028575376316,0.0,4613.56696261899,401.3277567224727,1493.62213617755,3077.999857546452,12303.588362323631,1070.4071375282485,31.495068354084417,138.8533681841475,1182.3668570656819,214.24634432556905,856.9819884893818,10.064335,0.29559016,0.58330953,0.060470976,0.0022906756,0.05663041,0.03672075,0.0,0.0017082177,0.99922556,7.0114253E-4,6.3523813E-4,1.3644186E-5,6.0158854E-5,0.0,0.0,0.0,3.2025932669665504,2.9749183206060867,0.19264085216661458,0.0,0.004588749517098719,0.013253270830964003,0.19240556513345972,0.0,0.06873260070315032,0.2641780769859988,0.11706133046119191,7.410100360952608E-4,0.0,0.06242069057951447,0.15610296910017496,0.21852365967968942,0.003705050180476305,0.02473559607639007,0.09889742985823377,0.12363302593462384,0.013253270830964003,0.005499231475412506,0.0219139778255983,0.027413209301010804,0.006095806458500104,6.4290533,0.005541810563800813,635.9361523606527,57.234255986743655,0.015985394692441004,1.575,0.0,0.0,0.006443966055462974,0.0,0.0,0.0,0.0,0.0,0.0,0.0,0.0,7.382746000827938,7.382746000827938,6.072837221145148,3.6680981139284246,-0.1008764,-0.103467196,-0.10608869,-0.10831836,0.0,0.0,0.0,0.0,0.0,-0.29151409860003175,-0.3026379445300853,-0.31507983398502704,0.0,0.023760000243782997,0.023760000243782997,0.023760000243782997,0.0,0.0,0.0,0.0,0.0,0.0,0.0,0.0,0.0,0.0,0,0,0,0,0.0,0.0,0.0,0.0,0.0,0,0,0.921142578125,1.661313151855753E-4,0.0076619965402642265,0.039739348118921804,0.03207735157865758
2012-07-19T01:30:00,2012,201,1,0,"718f4615-e576-4fa4-80aa-6236231db38b",121.04166669771075,89.72123994532616,14.485825572982186,17.7231,0.8378000259399414,0.3257,400.0,2.39,0.0,[0.1956621639701276],[-0.050000000000000024],-0.050000000000000024,28.698650331420136,15.1,0.29530984003311755,12,45,0.0,0.0,0.0,0.0,0.0,0.0,0.0,-0.3956845700740814,-0.3956845700740814,0.0,0.29530984003311755,0.0,0.4429647757177188,-0.09591384417977615,-0.3082058,56.66030991425773,0.1907259520597284,39774.94703171884,15259.0649844406,17898.078367347975,0.0,4627.431544396812,402.4130508543285,1493.63972055012,3078.225464174629,12304.178367295212,1060.1294328550289,31.498957282863778,138.858664450469,1182.4125684019486,214.25444707811005,857.0142326124158,9.9856825,0.2956691,0.58519405,0.059200488,0.002272467,0.055948067,0.03617331,0.0,0.0017158067,0.9992465,6.815091E-4,6.174495E-4,1.3263276E-5,5.8474252E-5,0.0,0.0,0.0,3.1793776645508145,2.952457740571108,0.19199650646451571,0.0,0.004581502706075566,0.013208414798255816,0.18705687862093892,0.0,0.06682512528675981,0.2629603453515458,0.113671123227437,7.170668767078006E-4,0.0,0.06040488228122646,0.15106179008546256,0.211466672366689,0.0035853343835390034,0.02465291144294372,0.09856505228367646,0.12321796372662018,0.013208414798255816,0.0053228037794324935,0.021207748969966682,0.026530552749399174,0.005898384151000946,6.4318414,0.005404728398898469,636.138653855327,57.25248112198854,0.01599345068512683,1.575,0.0,0.0,0.0062845681822822925,0.0,0.0,0.0,0.0,0.0,0.0,0.0,0.0,7.382746000827938,7.382746000827938,6.072837221145148,3.6680981139284246,-0.100856416,-0.1034472,-0.1060687,-0.10829836,0.0,0.0,0.0,0.0,0.0,-0.29151409860003175,-0.3026379445300853,-0.31507983398502704,0.0,0.023760000243782997,0.023760000243782997,0.023760000243782997,0.0,0.0,0.0,0.0,0.0,0.0,0.0,0.0,0.0,0.0,0,0,0,0,0.0,0.0,0.0,0.0,0.0,0,0,0.921142578125,1.6613131742929945E-4,0.007389273552689701,0.03845587571173067,0.031066602159040967
2012-07-19T02:30:00,2012,201,2,0,"718f4615-e576-4fa4-80aa-6236231db38b",121.08333336561918,89.75337223371456,14.796921376295515,17.4663,0.8416000008583069,1.045,400.0,2.43,0.0,[0.1956621639701276],[-0.050000000000000024],-0.050000000000000024,28.698650331420136,15.1,0.29530984003311755,12,45,0.0,0.0,0.0,0.0,0.0,0.0,0.0,-0.3890271335840225,-0.3890271335840225,0.0,0.29530984003311755,0.0,0.4429647757177188,-0.0958967576340145,-0.3082058,56.53196690398153,0.19053232974226902,39767.610859373235,15235.76685222046,17899.11170475669,0.0,4641.273534987267,403.48245103962006,1493.6569542823784,3078.446961463927,12304.757513189645,1049.893980805212,31.502789526756217,138.8638492866007,1182.4572727309423,214.2623712715802,857.0457598047494,9.944611,0.2951472,0.5866535,0.0585862,0.0022611069,0.055632114,0.035867754,0.0,0.0017199019,0.9992538,6.7521166E-4,6.1174337E-4,1.3141832E-5,5.793389E-5,0.0,0.0,0.0,3.161670132386254,2.9351241137510358,0.19167481753725585,0.0,0.004581676610160132,0.013185769243307822,0.18448796059453162,0.0,0.0659320060808871,0.2625318732543286,0.1120176895823873,7.042233033833409E-4,0.0,0.059323986909836465,0.1483586610045028,0.20768264791433927,0.0035211165169167055,0.024611645391946206,0.09839834159027228,0.12300998698221849,0.013185769243307822,0.005216602723027137,0.020781596966628648,0.025998199689655783,0.005778941539310374,6.434236,0.005352676631766291,636.3473793928703,57.27126642111389,0.016001649725529917,1.575,0.0,0.0,0.006224042868999737,0.0,0.0,0.0,0.0,0.0,0.0,0.0,0.0,7.382746000827938,7.382746000827938,6.072837221145148,3.6680981139284246,-0.10083926,-0.10343004,-0.106051534,-0.108281195,0.0,0.0,0.0,0.0,0.0,-0.29151409860003175,-0.3026379445300853,-0.31507983398502704,0.0,0.023760000243782997,0.023760000243782997,0.023760000243782997,0.0,0.0,0.0,0.0,0.0,0.0,0.0,0.0,0.0,0.0,0,0,0,0,0.0,0.0,0.0,0.0,0.0,0,0,0.921142578125,1.661313194598171E-4,0.007290840185305569,0.0376837896182012,0.03039294943289563
2012-07-19T03:30:00,2012,201,3,0,"718f4615-e576-4fa4-80aa-6236231db38b",121.12500003352761,89.78426768756556,15.085608852474145,16.9285,0.8712000250816345,1.2023,400.0,2.41,0.0,[0.1956621639701276],[-0.050000000000000024],-0.050000000000000024,28.698650331420136,15.1,0.29530984003311755,12,45,0.0,0.0,0.0,0.0,0.0,0.0,0.0,-0.3754091113805771,-0.3754091113805771,0.0,0.29530984003311755,0.0,0.4429647757177188,-0.09588365528695714,-0.3082058,56.80861935889574,0.19040719986751153,39760.33110019917,15212.619278156391,17900.107185355075,0.0,4655.098212132365,404.5135795484305,1493.6734849571112,3078.6598145898747,12305.313958979765,1039.7246727180352,31.506484119012562,138.86881686868145,1182.5000787507392,214.2699593106666,857.075943682139,9.880108,0.29476902,0.58974487,0.056886088,0.0022330259,0.054642145,0.03513445,0.0,0.0017248426,0.9992773,6.544836E-4,5.9296313E-4,1.2739464E-5,5.615538E-5,0.0,0.0,0.0,3.138092528206096,2.9123496852410784,0.19099003981295704,0.0,0.004573015607055852,0.013138156491139481,0.17819534047963587,0.0,0.06365795832263282,0.2622035005963186,0.10803370938138902,6.769283179180138E-4,0.0,0.05702562156079757,0.142610857860902,0.19963647942169957,0.0033846415895900698,0.024523749072051074,0.09804525137411282,0.1225690004461639,0.013138156491139481,0.0050021706941676255,0.019924519571314882,0.02492669026548251,0.005539737822047181,6.4360733,0.005202226683172014,636.5621540314742,57.29059613935634,0.016009981215379908,1.575,0.0,0.0,0.006049101060609458,0.0,0.0,0.0,0.0,0.0,0.0,0.0,0.0,7.382746000827938,7.382746000827938,6.072837221145148,3.6680981139284246,-0.100826085,-0.10341687,-0.106038354,-0.108268015,0.0,0.0,0.0,0.0,0.0,-0.29151409860003175,-0.3026379445300853,-0.31507983398502704,0.0,0.023760000243782997,0.023760000243782997,0.023760000243782997,0.0,0.0,0.0,0.0,0.0,0.0,0.0,0.0,0.0,0.0,0,0,0,0,0.0,0.0,0.0,0.0,0.0,0,0,0.921142578125,1.6613132131310291E-4,0.0070211882193689235,0.036130188110080244,0.02910899989071132
2012-07-19T04:30:00,2012,201,4,0,"718f4615-e576-4fa4-80aa-6236231db38b",121.16666670143604,89.81388346247293,15.351988057851422,16.3931,0.8587999939918518,1.1679,400.0,2.31,0.0,[0.1956621639701276],[-0.050000000000000024],-0.050000000000000024,28.698650331420136,15.1,0.29530984003311755,12,45,0.0,0.0,0.0,0.0,0.0,0.0,0.0,-0.3622778058052063,-0.3622778058052063,0.0,0.29530984003311755,0.0,0.4429647757177188,-0.09587542263598801,-0.3082058,53.46133640660981,0.1884059718513259,39753.106100341785,15189.69784896882,17901.057669124843,0.0,4668.840352818289,405.5016971257579,1493.6891743047343,3078.862579350916,12305.843519649881,1029.6547157298144,31.510025846530226,138.8735175988242,1182.5400444563675,214.2770328863524,857.1040721261934,9.783884,0.29536587,0.59198946,0.05508304,0.0022085616,0.05361756,0.03438721,0.0,0.0017355073,0.99925023,6.7780266E-4,6.140897E-4,1.3194438E-5,5.8156158E-5,0.0,0.0,0.0,3.114770865774585,2.88982548785049,0.19031032319312408,0.0,0.004564144076326418,0.013090909400808247,0.1710083080308825,0.0,0.06101448075119092,0.2606380862076201,0.10355588686176542,6.459829466456593E-4,0.0,0.05441960447959066,0.13609367316086932,0.19051327764045997,0.0032299147332282975,0.024436495586440458,0.09769479212349727,0.12213128770993772,0.013090909400808247,0.004775769858375425,0.019020124831058232,0.023795894689433657,0.005287485459713035,6.437228,0.005036123538716827,636.782784627939,57.31045289382721,0.016018440999820745,1.575,0.0,0.0,0.005855957860882186,0.0,0.0,0.0,0.0,0.0,0.0,0.0,0.0,7.382746000827938,7.382746000827938,6.072837221145148,3.6680981139284246,-0.10081779,-0.10340857,-0.106030054,-0.108259715,0.0,0.0,0.0,0.0,0.0,-0.29151409860003175,-0.3026379445300853,-0.31507983398502704,0.0,0.023760000243782997,0.023760000243782997,0.023760000243782997,0.0,0.0,0.0,0.0,0.0,0.0,0.0,0.0,0.0,0.0,0,0,0,0,0.0,0.0,0.0,0.0,0.0,0,0,0.921142578125,1.6613132108563613E-4,0.007200506282970309,0.034492743273751354,0.027292236990781045
2012-07-19T05:30:00,2012,201,5,0,"718f4615-e576-4fa4-80aa-6236231db38b",121.20833336934447,89.84294503046715,15.608938046562798,16.1668,0.8691999912261963,1.5258,400.0,2.37,0.0,[0.1956621639701276],[-0.050000000000000024],-0.050000000000000024,28.698650331420136,15.1,0.29530984003311755,12,45,0.0,0.0,0.0,0.0,0.0,0.0,0.0,-0.35685236752033234,-0.35685236752033234,0.0,0.29530984003311755,0.0,0.4429647757177188,-0.09587261530768597,-0.3082058,49.66041197496928,0.18617083332061762,39745.91787046978,15166.946691210833,17901.98576446936,0.0,4682.4910584874215,406.4706025453773,1493.7043978300505,3079.0601240397295,12306.358859437914,1019.6595632382143,31.513499868902613,138.8780633103111,1182.5780490517845,214.2837459528502,857.1307574313703,9.711626,0.2958872,0.5924259,0.054430984,0.0022026475,0.05330752,0.03410402,0.0,0.0017457438,0.99920124,7.22872E-4,6.549219E-4,1.4072885E-5,6.202315E-5,0.0,0.0,0.0,3.098164940108747,2.8735458143159853,0.19002949635808025,0.0,0.004564494120357552,0.01307112455538203,0.16776617772363958,0.0,0.05982533788012789,0.25890389876668557,0.10155675331065865,6.306665602600735E-4,0.0,0.053130102669330895,0.13286885731985934,0.18599895998919025,0.003153332801300368,0.024400454668133023,0.09754915334716327,0.12194960801529629,0.01307112455538203,0.004668084018310643,0.018588827895145172,0.023256911913455816,0.005166830420046874,6.4376225,0.004962168829416673,637.0091851884129,57.33082894507953,0.016027034204226912,1.575,0.0,0.0,0.005769964009074127,0.0,0.0,0.0,0.0,0.0,0.0,0.0,0.0,7.382746000827938,7.382746000827938,6.072837221145148,3.6680981139284246,-0.10081492,-0.1034057,-0.10602719,-0.10825685,0.0,0.0,0.0,0.0,0.0,-0.29151409860003175,-0.3026379445300853,-0.31507983398502704,0.0,0.023760000243782997,0.023760000243782997,0.023760000243782997,0.0,0.0,0.0,0.0,0.0,0.0,0.0,0.0,0.0,0.0,0,0,0,0,0.0,0.0,0.0,0.0,0.0,0,0,0.921142578125,1.661313185099351E-4,0.007622617747983895,0.03371332670478551,0.026090708956801614
2012-07-19T06:30:00,2012,201,6,0,"718f4615-e576-4fa4-80aa-6236231db38b",121.2500000372529,89.87147049369072,15.85688387921105,15.9507,0.8585000038146973,6.3798,400.0,2.25,0.0,[0.1956621639701276],[-0.050000000000000024],-0.050000000000000024,28.698650331420136,15.1,0.29530984003311755,12,45,0.0,0.0,0.0,0.0,0.0,0.0,0.0,-0.3517396003007889,-0.3517396003007889,0.0,0.29530984003311755,0.0,0.4429647757177188,-0.09587542263598801,-0.3082058,49.52297736351707,0.1859646947389724,39738.76759730969,15144.288636742434,17902.89840762311,0.0,4696.117866587403,407.42399404333423,1493.7193384585505,3079.253920715989,12306.864391029692,1009.7053133497643,31.516930639470985,138.88252538631139,1182.6153003745962,214.29032546473388,857.1569067305763,9.671857,0.29545474,0.59382045,0.053792812,0.0021942966,0.052987337,0.033821464,0.0,0.0017503607,0.99920535,7.185547E-4,6.5100985E-4,1.3989929E-5,6.165276E-5,0.0,0.0,0.0,3.0819046087590394,2.8575960520876196,0.18976204174287842,0.0,0.004565006979742673,0.013052270165458613,0.16523557883483164,0.0,0.05893370850552786,0.25845064939086027,0.09993978482215347,6.187377429088706E-4,0.0,0.05212593330403264,0.1303576068774543,0.18248354018148694,0.0030936887145443536,0.02436611719842708,0.09741038048710013,0.1217764976855272,0.013052270165458613,0.004588144881531514,0.018268177031142734,0.022856321912674248,0.005076963451337889,6.437228,0.004906977190081063,637.2412915365682,57.35171851724358,0.016035758783312377,1.575,0.0,0.0,0.00570578768144085,0.0,0.0,0.0,0.0,0.0,0.0,0.0,0.0,7.382746000827938,7.382746000827938,6.072837221145148,3.6680981139284246,-0.10081767,-0.103408456,-0.10602994,-0.1082596,0.0,0.0,0.0,0.0,0.0,-0.29151409860003175,-0.3026379445300853,-0.31507983398502704,0.0,0.023760000243782997,0.023760000243782997,0.023760000243782997,0.0,0.0,0.0,0.0,0.0,0.0,0.0,0.0,0.0,0.0,0,0,0,0,0.0,0.0,0.0,0.0,0.0,0,0,0.921142578125,1.661313157838668E-4,0.007546054857812123,0.033132335834718446,0.025586280976906323
2012-07-19T07:30:00,2012,201,7,0,"718f4615-e576-4fa4-80aa-6236231db38b",121.29166670516133,89.9022933595082,16.144283895024163,16.8976,0.8644999861717224,51.549,400.0,2.05,0.0,[0.1956621639701276],[-0.050000000000000024],-0.050000000000000024,28.698650331420136,15.1,0.29530984003311755,12,45,0.9332334604977796,0.6754908076878513,0.4525953270178759,0.7279921452165805,0.0,0.03988870097043052,0.16171835763425504,-0.24422072867552438,-0.2337871304407985,-2.7971972223976866,0.3262034428492012,0.0,0.35304096393380696,-0.10070211538838764,-0.11097036,48.09286963161768,0.1853013782863024,39725.38003038025,15115.27480905779,17903.884578083795,0.0,4709.709439552346,408.4564622784757,1493.735389645095,3079.462818309312,12307.409042597805,996.958813362475,31.520636888545614,138.8873078787801,1182.655017407987,214.2973365063449,857.1847644839156,9.667813,0.28931528,0.5925327,0.058214705,0.002268732,0.055906232,0.035584833,0.0,0.0017623468,0.9991254,7.916273E-4,7.1721285E-4,1.5413812E-5,6.792251E-5,0.0,0.0,0.0,3.0228139064122237,2.7970462766124027,0.19099173075573284,0.0,0.0046014602902951784,0.01313639786302851,0.1784410315742394,0.0,0.06386469305975093,0.25778236790736847,0.10818029806786933,6.675433820109547E-4,0.0,0.05623838344434988,0.14064210362998156,0.19688048707433142,0.0033377169100547743,0.024524015317465907,0.09804013277956715,0.12256414809703306,0.01313639786302851,0.004935231210543561,0.01964768600759206,0.02458291721813562,0.005459564251934564,6.4337406,0.0052059064841465585,637.4794512646226,57.373152893620215,0.01604715803290254,1.575,0.0,0.0,0.006053379899140265,0.0,0.03674498391820199,0.06228490097602323,0.1700535591938829,0.0,0.0,0.0,0.0,7.382746000827938,7.382746000827938,6.072837221145148,3.6680981139284246,-0.10538307,-0.10776646,-0.11023407,-0.11239969,0.0,-0.3068854978476356,-0.27890371931151686,-0.15383483890012165,0.0,-0.10599047230298063,-0.10897679869924552,-0.11343660570127465,0.0,0.023760000243782997,0.023760000243782997,0.023760000243782997,0.0,0.0,0.0,0.0,0.0,0.0,0.0,0.0,0.0,0.0,0,0,0,0,0.0,0.0,0.0,0.0,0.0,0,0,0.921142578125,1.6613131209577194E-4,0.00830997775119613,0.03563542146994901,0.02732544371875288
2012-07-19T08:30:00,2012,201,8,0,"718f4615-e576-4fa4-80aa-6236231db38b",121.33333337306976,89.93896550403312,16.54918390162339,19.7176,0.7714999914169312,184.9822,400.0,2.05,0.0,[0.1956621639701276],[-0.050000000000000024],-0.050000000000000024,28.698650331420136,15.1,0.29530984003311755,12,45,5.212662003138233,3.6771867634084647,0.7044815667586167,1.1043665472823463,0.0,0.03666889806042407,0.2625177772310957,0.21101093664765358,0.1623263914992131,3.1571002873603105,0.8555404229466259,0.0010250506913794788,1.0213881906100333,-0.1826951577885007,-0.18269515,53.20756444981766,0.18150929190826415,39729.16314025069,15103.188294715406,17905.04999368666,0.0,4723.168559851923,409.6823429350055,1493.75459947609,3079.708853697556,12308.050077581762,991.6489053907983,31.52521292327999,138.893078538809,1182.7012832847754,214.305467350372,857.2170516661793,8.232273,0.15076338,0.689077,0.080972075,0.0029215026,0.07415649,0.047055844,0.0,0.0021095292,0.9985509,0.0013110003,0.0011877625,2.552869E-5,1.12485395E-4,0.0,0.0,0.0,1.4712609090854372,1.2411253354155236,0.1946817178745385,0.0,0.0046979436530172084,0.013389690700407643,0.2104798996048493,0.0,0.07572218598234393,0.2552702258763174,0.12829789586596918,7.87146070395817E-4,0.0,0.06631557552640721,0.16584334865116562,0.23215892417757283,0.003935730351979086,0.024997814765006232,0.099932618770851,0.12493043353585723,0.013389690700407643,0.006081069620089205,0.024206135151675603,0.03028720477176481,0.006725186955287891,6.4474287,0.006053375308509306,637.7246498014852,57.39522076281474,0.01605180173441381,1.575,0.0,0.0,0.007038808808047471,0.0,0.034028177070614216,0.07796964272324004,0.2762313899288632,0.0,0.0,0.0,0.0,7.382746000827938,7.382746000827938,6.072837221145148,3.6680981139284246,-0.18892297,-0.19258411,-0.19625315,-0.1991267,0.0,-0.25555401829002194,-0.11311591454301854,0.6334084822065394,0.0,-0.18269515778850068,-0.1826951577885007,-0.1826951577885007,0.0,0.023760000243782997,0.023760000243782997,0.03804685100913048,0.0,0.0,0.0,0.0,0.0,0.0,0.0,0.0,0.0,0.0,0,0,0,0,0.0,0.0,0.0,0.0,0.0,0,0,0.921142578125,1.6613130157509568E-4,0.011718503694282845,0.04390904586443883,0.03219054217015598
2012-07-19T09:30:00,2012,201,9,0,"718f4615-e576-4fa4-80aa-6236231db38b",121.3750000409782,89.97985364413681,17.09087975097336,23.0007,0.6790000200271606,536.1153,400.0,1.96,0.0,[0.1956621639701276],[-0.050000000000000024],-0.050000000000000024,28.698650331420136,15.1,0.29530984003311755,12,45,15.027782681303236,10.60879914480062,0.7007719552726452,1.0993488346008797,0.0,0.03890417531860751,0.2595487748830733,1.2438416903217633,1.189668406520557,18.25976406150076,2.406147753774973,0.0021079988441244195,2.620069564136287,-0.2651742911679667,-0.2651743,94.70898256043057,0.19006406944803234,39769.869889752066,15127.47269446277,17906.411995252834,0.0,4736.810671230761,411.0759372257979,1493.7792441216504,3079.9946067626647,12308.80277463105,1002.317649426763,31.5312627690597,138.9009404550205,1182.7689774499581,214.31747343508238,857.2647574867706,7.3813853,0.020363806,0.778959,0.10244378,0.0036506457,0.092177264,0.05843389,0.0,0.0024055562,0.9984459,0.0014064168,0.0012742078,2.7389611E-5,1.20672536E-4,0.0,0.0,0.0,0.38564184565609705,0.15031309773189624,0.19906858902761632,0.0,0.004813019740229433,0.013690801855432868,0.2387755053016517,0.0,0.0865571789590584,0.25874089655136623,0.14557334204416303,8.951865972886897E-4,0.0,0.07541927823737582,0.18861007043500624,0.26402934867238204,0.00447593298644345,0.025561079346261773,0.10218238396709955,0.12774346331336134,0.013690801855432868,0.007941912550314768,0.03160834417633341,0.03955025672664818,0.008780089042852613,11.182368,0.007183663655268948,637.9782014359888,57.41804041082684,0.016041747262552235,1.575,0.0,0.0,0.008353097641191765,0.0,0.035756803223316654,0.07897546165271271,0.27350908898585685,0.0,0.0,0.0,0.0,7.382746000827938,7.382746000827938,6.072837221145148,3.6680981139284246,-0.27604696,-0.28357166,-0.29097572,-0.29610753,0.0,-0.06676709129767508,0.41534429869955775,2.5629889914682957,0.0,-0.2651742911679667,-0.2651742911679667,-0.2654596313123235,0.0,0.023760000243782997,0.03290539188310504,0.07679042220115662,0.0,0.0,0.0,0.0,0.0,0.0,0.0,0.0,0.0,0.0,0,0,0,0,0.0,0.0,0.0,0.0,0.0,0,0,0.921142578125,1.6613130431610858E-4,0.011272036215814296,0.057321520127173356,0.04604948391135906
2012-07-19T10:30:00,2012,201,10,0,"718f4615-e576-4fa4-80aa-6236231db38b",121.41666670888662,90.02149762193945,17.701938083825635,24.6654,0.6502000093460083,613.6582,400.0,1.86,0.0,[0.1956621639701276],[-0.050000000000000024],-0.050000000000000024,28.698650331420136,15.1,0.29530984003311755,12,45,17.09734559880502,12.246160452643842,0.6965337381137016,1.073055819988744,0.0,0.04915689087103517,0.24541425917771212,1.4554452278340857,1.3746561153165278,20.79622900529525,2.9090554006898786,0.001985775271890228,3.2192017125189447,-0.2766883589254102,-0.33602116,122.46227232663547,0.1964012398495259,39816.65609762628,15157.58923811673,17907.849618972286,0.0,4750.574052274385,412.51678294626714,1493.8070599391044,3080.2945599666646,12309.599424490381,1015.5486001125839,31.538259321023336,138.91015795128243,1182.8512663874278,214.33213335576716,857.3230192036717,7.3553624,0.0027698444,0.78866386,0.10622793,0.003877884,0.09601908,0.060792446,0.0,0.0024414149,0.99857765,0.0012872446,0.0011662366,2.5072137E-5,1.1044733E-4,0.0,0.0,0.0,0.2583959013704405,0.020373209270167315,0.20134030753664878,0.0,0.004878559880985544,0.013846334078797836,0.24690229671192362,0.0,0.08986484634087458,0.2610409380127277,0.15031215033188305,9.243903055499026E-4,0.0,0.07788138889639996,0.19476736259187397,0.27264875148827394,0.004621951527749514,0.025852751553732543,0.1033461000615428,0.12919885161527533,0.013846334078797836,0.009098379105375405,0.0362044879825427,0.04530286708791811,0.010054956013161937,12.832903,0.007807389195997677,638.2408314304223,57.441677111265086,0.016029493533196826,1.575,0.0,0.0,0.009078359929772167,0.0,0.04560118108549753,0.08472717104561472,0.25834293457070645,0.0,0.0,0.0,0.0,7.382746000827938,7.382746000827938,6.072837221145148,3.6680981139284246,-0.28907922,-0.29784724,-0.30635658,-0.31211194,0.0,0.0509264519881919,0.5569942442237682,2.8230234101877376,0.0,-0.29879390685809004,-0.31655653055687005,-0.3596330718881317,0.0,0.023760000243782997,0.03326760185882449,0.07840757668018342,0.0,0.0,0.0,0.0,0.0,0.0,0.0,0.0,0.0,0.0,0,0,0,0,0.0,0.0,0.0,0.0,0.0,0,0,0.921142578125,1.661313182324434E-4,0.010280570819304558,0.0656455593571104,0.055364988537805845
2012-07-19T11:30:00,2012,201,11,0,"718f4615-e576-4fa4-80aa-6236231db38b",121.45833337679505,90.06316200913685,18.32252974279312,24.8942,0.630299985408783,816.3242,400.0,1.78,0.0,[0.1956621639701276],[-0.050000000000000024],-0.050000000000000024,28.698650331420136,15.1,0.29530984003311755,12,45,25.56045317638567,18.560088499360806,0.7827911133954398,1.206836612013723,0.0,0.10103897948680297,0.24296286433705389,2.554835473497709,2.4617187149272812,34.806109299980974,4.197016966567558,0.0023036274981623975,4.328096258863395,-0.2961462969955396,-0.3703096,132.43307305546324,0.19830877542859165,39895.37919219271,15219.551688302512,17909.304078822315,0.0,4764.3998268024525,413.96880988816105,1493.8354450642084,3080.5969148408903,12310.40380772603,1042.7702538388664,31.54545721768642,138.91962307399794,1182.9365370487524,214.34734270317438,857.3834569091359,7.3735414,0.0,0.7902859,0.10676152,0.0039023915,0.09661105,0.060967386,0.0,0.0024391697,0.9986469,0.0012238253,0.0011087774,2.3840526E-5,1.0500552E-4,0.0,0.0,0.0,0.23842154829391682,0.0,0.2016703622127844,0.0,0.004897568208568757,0.013868299407582019,0.24898933684857913,0.0,0.09078866755770215,0.2622243139327286,0.1514448953494687,9.285669651253369E-4,0.0,0.07823494123326923,0.19565152901807847,0.2738864702513477,0.004642834825626685,0.025895105591883794,0.10351306506494538,0.1294081706568292,0.013868299407582019,0.009290161391429009,0.03696075644561065,0.04625091783703966,0.010263310772574804,17.051016,0.007932568179910145,638.51268534175,57.4661439642568,0.01600467769126263,1.575,0.0,0.0,0.009223916894215941,0.0,0.09390323915410385,0.12573784196100926,0.2558699955273585,0.0,0.0,0.0,0.0,7.382746000827938,7.382746000827938,6.072837221145148,3.6680981139284246,-0.31244007,-0.3243614,-0.33546886,-0.34262896,0.0,1.1428746893399175,1.6967773770916779,3.864978200548182,0.0,-0.32508782659311214,-0.3483423804054181,-0.3977938826908948,0.0,0.04832520087560018,0.057565437629818916,0.09481859654188156,0.0,0.0,0.0,0.0,0.0,0.0,0.0,0.0,0.0,0.0,0,0,0,0,0.0,0.0,0.0,0.0,0.0,0,0,0.921142578125,1.6613133534403333E-4,0.009798167786357226,0.06701523926576415,0.057217071479406925
2012-07-19T12:30:00,2012,201,12,0,"718f4615-e576-4fa4-80aa-6236231db38b",121.50000004470348,90.10438819004501,19.00772560659225,26.4447,0.5735999941825867,1616.4367,400.0,1.69,0.0,[0.1956621639701276],[-0.050000000000000024],-0.050000000000000024,28.698650331420136,15.1,0.29530984003311755,12,45,51.59404030845354,38.27593322007179,0.7979594918324598,1.248652723999718,0.0,0.11538885841172518,0.2435687704203835,5.374346653620402,5.194921749746616,71.81127652587374,8.056877760665945,0.002475844539944209,8.25928037762378,-0.3651711817902119,-0.45247364,175.45312144904102,0.2058278773356511,40051.54221019938,15358.709309407906,17910.8039442874,0.0,4778.413425410004,415.4291233576264,1493.867066433129,3080.9069048086776,12311.236682482793,1103.9056764011843,31.55369003754106,138.93057342960805,1183.0380379268472,214.36550887302826,857.4556524324162,7.4725475,0.0,0.79040897,0.10585954,0.0040575396,0.097241715,0.061347667,0.0,0.0024322385,0.9988455,0.0010440355,9.4588764E-4,2.0341338E-5,8.9579014E-5,0.0,0.0,0.0,0.24096707184309762,0.0,0.20381606093832227,0.0,0.004960891516218494,0.014015100779544414,0.25061798185957435,0.0,0.09169234000878455,0.2657866489239857,0.15208636108747595,9.329107872254094E-4,0.0,0.07860256567148,0.19657088720056531,0.2751734528720453,0.004664553936127048,0.02617058414943586,0.1046118798801274,0.13078246402956326,0.014015100779544414,0.010540411344903647,0.04192702407478385,0.0524674354196875,0.011640501350511177,25.56375,0.008549224576473237,638.794480212325,57.49150550361633,0.015949310437530465,1.575,0.0,0.0,0.009940959247358256,0.0,0.1067273320144039,0.13838653059855957,0.2560035309110404,0.0,0.0,0.0,0.0,7.382746000827938,7.382746000827938,6.072837221145148,3.6680981139284246,-0.39356184,-0.41513115,-0.4343096,-0.44586793,0.0,3.0781826931259944,4.063853551809489,7.369819742068691,0.0,-0.39907688093024357,-0.4222538005335157,-0.4886162999642066,0.0,0.0993537853161494,0.09803476557135582,0.14237665981054307,0.0,0.0,0.0,0.0,0.0,0.0,0.0,0.0,0.0,0.0,0,0,0,0,0.0,0.0,0.0,0.0,0.0,0,0,0.921142578125,1.6613136557224955E-4,0.008470987319014966,0.07600608723999722,0.06753509992098225
2012-07-19T13:30:00,2012,201,13,0,"718f4615-e576-4fa4-80aa-6236231db38b",121.54166671261191,90.14454189221708,19.74283392457664,27.6426,0.5478000044822693,1432.5037,400.0,1.7,0.0,[0.1956621639701276],[-0.050000000000000024],-0.050000000000000024,28.698650331420136,15.1,0.29530984003311755,12,45,45.67093832407943,33.88829177228382,0.7970474757600875,1.2441429018075711,0.0,0.11545204971118993,0.2421941254877699,4.701517701148987,4.503569104298566,62.483863792138266,7.466567822297779,0.002324579277150147,7.701852554229082,-0.3420792736808075,-0.5459386,189.42618753445834,0.20802514653778076,40151.8271582716,15442.04158551377,17912.303256761916,0.0,4792.39831029286,416.8638701416455,1493.900796261849,3081.215110604476,12312.071144673946,1140.5156290027257,31.562743159401215,138.94258419072167,1183.1501305131285,214.38558879259745,857.5354426473441,7.447993,0.0,0.79138994,0.10436747,0.004215792,0.09756667,0.061535113,0.0,0.0024601168,0.99883294,0.001056227,9.569316E-4,2.0582476E-5,9.0624424E-5,0.0,0.0,0.0,0.24296054746763746,0.0,0.205494702042413,0.0,0.005013148990920142,0.014129765032409812,0.24618981426509057,0.0,0.09018218999083136,0.2652420547138528,0.14920080422242024,9.125521693087248E-4,0.0,0.07688872073745645,0.1922848647239107,0.26917358546136716,0.004562760846543625,0.026386091538251607,0.1054709144098082,0.1318570059480598,0.014129765032409812,0.011509448617003846,0.04577301560697403,0.05728246422397787,0.012706661585977096,25.56375,0.00899776422115539,639.0867375998968,57.51780866954299,0.015916753553474085,1.575,0.0,0.0,0.01046251699668682,0.0,0.10721541855925223,0.1369749823873381,0.25526617319332995,0.0,0.0,0.0,0.0,7.382746000827938,7.382746000827938,6.072837221145148,3.6680981139284246,-0.36849564,-0.38872394,-0.40715122,-0.4184612,0.0,2.5814054170239205,3.426856716122773,6.518237227203987,0.0,-0.46500643724685714,-0.509781052014467,-0.5886906310665853,0.0,0.06416854510704677,0.07628738135099411,0.12180807590484619,0.0,0.0,0.0,0.0,0.0,0.0,0.0,0.0,0.0,0.0,0,0,0,0,0.0,0.0,0.0,0.0,0.0,0,0,0.921142578125,1.6613140151376164E-4,0.00854176723441924,0.08297685798249652,0.07443509074807728
2012-07-19T14:30:00,2012,201,14,0,"718f4615-e576-4fa4-80aa-6236231db38b",121.58333338052034,90.18540375145135,20.448754800818985,26.9421,0.5446000099182129,1299.4998,400.0,1.63,0.0,[0.1956621639701276],[-0.050000000000000024],-0.050000000000000024,28.698650331420136,15.1,0.29530984003311755,12,45,37.96444586767049,27.69799081320524,0.730366520019289,1.1303492862161162,0.0,0.07207689938903401,0.24366072280602497,3.6900595923264823,3.528424787943661,50.70737142686271,6.374413725407804,0.0022096747338132957,6.585298897665417,-0.3132297281806698,-0.5049207,185.3301414963123,0.20773947345754135,40213.87814924666,15487.051972106516,17913.816837280538,0.0,4806.42828214874,418.3283185794607,1493.933401831113,3081.5257181212305,12312.908440693822,1160.2898173093554,31.57142223411655,138.95401058841512,1183.2566985629037,214.40467996820405,857.6112872132273,7.4885216,0.0,0.7896444,0.105965525,0.0041129943,0.097841814,0.06136829,0.0,0.0024352325,0.99888337,0.0010106731,9.156588E-4,1.969856E-5,8.671517E-5,0.0,0.0,0.0,0.24184443794501648,0.0,0.20454341618014138,0.0,0.00500111981054205,0.014063609852477156,0.2514941952188536,0.0,0.0922483226697075,0.26609718948730876,0.15240445881620537,9.281428554448207E-4,0.0,0.07820364447359046,0.19557324809311516,0.2737768925667056,0.0046407142772241046,0.026263904291317593,0.10498015386699716,0.13124405815831475,0.014063609852477156,0.010959388761489608,0.043577437579766294,0.0545368263412559,0.012095924117822022,24.216389,0.008799428102551668,639.3892268810613,57.54503270592958,0.015899715628223714,1.575,0.0,0.0,0.010231893592811733,0.0,0.06627026687011975,0.10331451535488964,0.2564713742280872,0.0,0.0,0.0,0.0,7.382746000827938,7.382746000827938,6.072837221145148,3.6680981139284246,-0.33614758,-0.35362524,-0.3701823,-0.3806334,0.0,1.24735921494337,2.2198479061837277,5.943925637151782,0.0,-0.4226963895385267,-0.46425340318034636,-0.5527540619803067,0.0,0.04607162376244863,0.059852239675819874,0.11456351280212403,0.0,0.0,0.0,0.0,0.0,0.0,0.0,0.0,0.0,0.0,0,0,0,0,0.0,0.0,0.0,0.0,0.0,0,0,0.921142578125,1.6613143544093897E-4,0.008217815480747959,0.07900144979774668,0.07078363431699872
2012-07-19T15:30:00,2012,201,15,0,"718f4615-e576-4fa4-80aa-6236231db38b",121.62500004842877,90.2255405619634,21.18445900632317,27.6569,0.5408999919891357,1616.6878,400.0,1.64,0.0,[0.1956621639701276],[-0.050000000000000024],-0.050000000000000024,28.698650331420136,15.1,0.29530984003311755,12,45,46.548670462265655,33.59399504263331,0.7198153914173417,1.1124352258618684,0.0,0.036216280405469016,0.26509606294139987,4.18278506398201,4.012271875370741,59.66837887595774,7.225092713414535,0.0022940258824627607,7.348401245821113,-0.3326331833092736,-0.47926885,195.72814940311426,0.2089330408554077,40252.04360263128,15508.127695620957,17915.32883280193,0.0,4820.524038745195,419.77644561893527,1493.9672545404223,3081.8346301752495,12313.745100808692,1169.5489096438391,31.580628020043054,138.96607347256761,1183.3696053079736,214.42491732782753,857.6916716119331,7.507954,0.0,0.7912936,0.104497276,0.00418751,0.09758091,0.061119083,0.0,0.0024407054,0.9988764,0.0010169211,9.21318E-4,1.9824001E-5,8.725057E-5,0.0,0.0,0.0,0.24304992265055975,0.0,0.20555549036710768,0.0,0.005037307855053872,0.014132420263547482,0.24874821202714123,0.0,0.09132155349122428,0.2673448851175914,0.15057187612334022,9.137849655190164E-4,0.0,0.0769952707632253,0.19255131841656736,0.2695465891797927,0.004568924827595083,0.026393802443895976,0.10549696007277913,0.13189076251667511,0.014132420263547482,0.011544897896296775,0.04589701854209155,0.05744191643838832,0.01273828554422033,25.56375,0.009081872790861735,639.7022764798892,57.57320717094364,0.01589241735885608,1.575,0.0,0.0,0.010560317663440308,0.0,0.03371181914048364,0.07844645271858183,0.278590558357087,0.0,0.0,0.0,0.0,7.382746000827938,7.382746000827938,6.072837221145148,3.6680981139284246,-0.35824618,-0.37814337,-0.39776355,-0.41018656,0.0,0.5110994486117622,1.9742192457125154,7.74341743515271,0.0,-0.38215341273644743,-0.4279357667692383,-0.5362517494411295,0.0,0.03358073843022188,0.05684278625994921,0.13872595727443696,0.0,0.0,0.0,0.0,0.0,0.0,0.0,0.0,0.0,0.0,0,0,0,0,0.0,0.0,0.0,0.0,0.0,0,0,0.921142578125,1.6613147272475368E-4,0.008290064692118904,0.08320803144402641,0.07491796675190751
2012-07-19T16:30:00,2012,201,16,0,"718f4615-e576-4fa4-80aa-6236231db38b",121.6666667163372,90.26626371024166,21.896925664849828,27.0992,0.5554999709129333,1113.0016,400.0,1.71,0.0,[0.1956621639701276],[-0.050000000000000024],-0.050000000000000024,28.698650331420136,15.1,0.29530984003311755,12,45,35.622189451848634,25.681588350285146,0.8001378760787188,1.2677632688334592,0.0,0.12265725408795483,0.24323982492648516,3.5712405145168304,3.4306755976981034,47.62601915240529,6.138291100635845,0.0021552333618043355,6.297424006315301,-0.3127449865916145,-0.4910042,186.72689615581479,0.20799384715634894,40295.24686590931,15534.263580534001,17916.8510674679,0.0,4834.563688208352,421.2490708980634,1494.0001254960566,3082.145012534579,12314.582563291247,1181.031057409135,31.589529941840073,138.9776337919364,1183.477539442565,214.44426029753572,857.7684846141592,7.5020204,0.0,0.78876734,0.10635835,0.0041240416,0.098316856,0.061258942,0.0,0.002433436,0.998882,0.0010112999,9.162238E-4,1.9718285E-5,8.676752E-5,0.0,0.0,0.0,0.24216760815271934,0.0,0.20480193836639182,0.0,0.005030134996096479,0.014079849371382739,0.25307625628210584,0.0,0.09301854302326208,0.2662807382587201,0.15321489594650994,9.25467573250952E-4,0.0,0.07798093441230149,0.19501628141626084,0.27299721582856235,0.004627337866254761,0.026296979237230678,0.10510759610120063,0.1314045753384313,0.014079849371382739,0.011088705745550464,0.04407532806643509,0.055164033811985556,0.012231455447922012,23.362373,0.008920894748920901,640.0256992126027,57.60231521804451,0.015883404346483332,1.575,0.0,0.0,0.010373133885503628,0.0,0.11376770947745996,0.14357757338131075,0.2559538104258034,0.0,0.0,0.0,0.0,7.382746000827938,7.382746000827938,6.072837221145148,3.6680981139284246,-0.33494493,-0.3517333,-0.36704412,-0.37651542,0.0,1.8794210182020803,2.6411472875982964,4.993050993475562,0.0,-0.4174326674072673,-0.4593035627559012,-0.5307851746660834,0.0,0.05413242056965828,0.06642854120582342,0.10173777341842652,0.0,0.0,0.0,0.0,0.0,0.0,0.0,0.0,0.0,0.0,0,0,0,0,0.0,0.0,0.0,0.0,0.0,0,0,0.921142578125,1.6613150746526488E-4,0.008237717858719407,0.07991184086032033,0.07167412300160092
2012-07-19T17:30:00,2012,201,17,0,"718f4615-e576-4fa4-80aa-6236231db38b",121.70833338424563,90.30774108316473,22.561604814577226,25.9523,0.5795000195503235,329.6101,400.0,1.74,0.0,[0.1956621639701276],[-0.050000000000000024],-0.050000000000000024,28.698650331420136,15.1,0.29530984003311755,12,45,11.818551152025469,8.737235626554336,0.8964038990329384,1.4726550529034717,0.0,0.19541501331555014,0.24448137146205384,0.9637206767996153,0.909790074727361,12.484071065910735,3.047670340460088,0.0011378519101199855,3.1851984448504886,-0.27976852160267623,-0.4127177,166.35454873400664,0.20514383380877815,40317.85324518463,15539.84712350354,17918.372461874962,0.0,4848.535698897952,422.7477362159493,1494.0308933977485,3082.4548125667866,12315.412571225746,1183.4840474511177,31.597752573413885,138.98817000620653,1183.575074027852,214.46172481858383,857.8378149354241,7.4882674,0.0,0.7864089,0.10846516,0.0039898893,0.09871698,0.06109818,0.0,0.0024190587,0.99886143,0.0010305104,9.336269E-4,2.0096684E-5,8.841504E-5,0.0,0.0,0.0,0.24032848106063348,0.0,0.2032391571202972,0.0,0.005003130185920199,0.013971634871988093,0.257710600146647,0.0,0.09477694514180596,0.2649978784120355,0.1561074346791665,9.373785831849538E-4,0.0,0.07898597850390371,0.19752971130185015,0.27651568980575386,0.00468689291592477,0.02609623605280411,0.10430285771561124,0.13039909376841535,0.013971634871988093,0.010173734188100912,0.04043099373447874,0.050604727922579654,0.01121882977344864,13.264157,0.008542716301139461,640.3590553368011,57.632317270414546,0.015882766660282998,1.575,0.0,0.0,0.009933391485009177,0.0,0.18167060768953092,0.2019477286769199,0.25731511417787034,0.0,0.0,0.0,0.0,7.382746000827938,7.382746000827938,6.072837221145148,3.6680981139284246,-0.2925754,-0.30155158,-0.3095235,-0.31464756,0.0,0.595817423459545,0.8087709443900517,1.178988969757898,0.0,-0.3753116408746207,-0.4000905442105412,-0.42902857036747033,0.0,0.033811064437031746,0.041282378137111664,0.047136154025793076,0.0,0.0,0.0,0.0,0.0,0.0,0.0,0.0,0.0,0.0,0,0,0,0,0.0,0.0,0.0,0.0,0.0,0,0,0.921142578125,1.6613153605633859E-4,0.008378772781725274,0.07331410257476649,0.06493532979304122
2012-07-19T18:30:00,2012,201,18,0,"718f4615-e576-4fa4-80aa-6236231db38b",121.75000005215406,90.34940188784742,23.19365065873613,25.1691,0.5703999996185303,180.7662,400.0,1.77,0.0,[0.1956621639701276],[-0.050000000000000024],-0.050000000000000024,28.698650331420136,15.1,0.29530984003311755,12,45,4.799790339679559,3.346315128835332,0.6638119211002331,1.0284356038153555,0.0,0.034754695291104344,0.24404230595954002,-0.04135623822609583,-0.058263655129726644,0.20688322124377512,1.9019453057591367,3.0215149343459577E-5,2.1787030225030173,-0.2505156978991658,-0.33818427,72.56760450577768,0.19682313780540384,40312.62757426593,15517.862682138228,17919.857360349328,0.0,4862.288152464086,424.2405762806314,1494.05947382213,3082.7565409315444,12316.21543589802,1173.8257326424236,31.605438995058215,138.99773743778397,1183.6607967069594,214.47701912631527,857.8984875519036,9.588472,0.22995746,0.60450745,0.08441325,0.003019318,0.07622331,0.046911683,0.0,0.0018792135,0.99888307,0.0010100686,9.1510545E-4,1.9701536E-5,8.6660606E-5,0.0,0.0,0.0,2.4440310945645805,2.204940748320756,0.20218455893640436,0.0,0.004988659965299311,0.013898340794224792,0.2565353069368883,0.0,0.09419108917989176,0.26083368378025357,0.15562225425526274,9.256594177283696E-4,0.0,0.07800003337267669,0.19506403560594351,0.27306406897862023,0.004628297088641849,0.025960718978537644,0.10375883018455088,0.12971954916308853,0.013898340794224792,0.009456026062628024,0.0375717160104849,0.04702774207311293,0.010424008039359618,9.485304,0.008219196593930818,640.701968666762,57.66317947133738,0.01589333187191604,1.575,0.0,0.0,0.009557205762396529,0.0,0.032172020476882016,0.07299539238072535,0.25685687531006374,0.0,0.0,0.0,0.0,7.382746000827938,7.382746000827938,6.072837221145148,3.6680981139284246,-0.25986874,-0.2660606,-0.27184016,-0.27587435,0.0,-0.43748351694175297,-0.2911859273316305,0.3556060797190121,0.0,-0.3153742720389018,-0.3293328476359567,-0.34965616177076,0.0,0.023760000243782997,0.023760000243782997,0.029777482524514197,0.0,0.0,0.0,0.0,0.0,0.0,0.0,0.0,0.0,0.0,0,0,0,0,0.0,0.0,0.0,0.0,0.0,0,0,0.921142578125,1.661315516078905E-4,0.010515947637031786,0.06814905317168553,0.05763310553465374
2012-07-19T19:30:00,2012,201,19,0,"718f4615-e576-4fa4-80aa-6236231db38b",121.7916667200625,90.39061722586025,23.755596511232728,23.4867,0.597100019454956,104.057,400.0,1.89,0.0,[0.1956621639701276],[-0.050000000000000024],-0.050000000000000024,28.698650331420136,15.1,0.29530984003311755,12,45,3.723969420650234,2.7538628460434222,0.8946945954261207,1.4702747564867875,0.0,0.19525332101070467,0.2436329684145809,-0.03103946995300551,-0.028861193662471914,-0.1726470713424582,1.4472456306319608,0.0,1.8486736950233227,-0.23147105975576696,-0.2935525,123.95954301937535,0.20194996468266885,40310.47863867564,15498.79696048351,17921.333274119024,0.0,4876.209939904203,425.7329740453425,1494.0861629206934,3083.0559598194836,12317.009195762426,1165.4496843846434,31.61237214667449,139.0064272141272,1183.7403790599353,214.49125536998258,857.9549683691471,7.972405,0.06584474,0.7359978,0.101516694,0.0034740197,0.0909322,0.055614416,0.0,0.0022345658,0.999001,9.035737E-4,8.186216E-4,1.762735E-5,7.7523415E-5,0.0,0.0,0.0,0.7613567053771928,0.5249409344731729,0.19991535950391787,0.0,0.004943974442113655,0.013741572739911712,0.2572233125807997,0.0,0.0946758991882921,0.2640453272828152,0.15575420481925376,9.255346336356213E-4,0.0,0.0779911331085375,0.1950417732135621,0.2730329063220996,0.004627673168178107,0.025669220090681424,0.1025914562355662,0.12826067632624763,0.013741572739911712,0.008463839955212785,0.03362321692412375,0.04208705687933653,0.009327046359149688,7.9751015,0.007755770623025328,641.0539003350536,57.694853322742226,0.01590290966478375,1.575,0.0,0.0,0.009018338330651115,0.0,0.1794606545201778,0.20361621753630918,0.25609418056918865,0.0,0.0,0.0,0.0,7.382746000827938,7.382746000827938,6.072837221145148,3.6680981139284246,-0.23946208,-0.24451303,-0.24915585,-0.2524472,0.0,-0.09019240837014053,-0.04897003925057837,0.02402461163261446,0.0,-0.2787340145009056,-0.28863464876402684,-0.29986706610980823,0.0,0.023760000243782997,0.023760000243782997,0.023760000243782997,0.0,0.0,0.0,0.0,0.0,0.0,0.0,0.0,0.0,0.0,0,0,0,0,0.0,0.0,0.0,0.0,0.0,0,0,0.921142578125,1.6613157203679076E-4,0.007821704497473547,0.06098053418563196,0.05315882968815841
2012-07-19T20:30:00,2012,201,20,0,"718f4615-e576-4fa4-80aa-6236231db38b",121.83333338797092,90.43047228502998,24.251784053994715,21.9085,0.6665999889373779,44.203,400.0,1.92,0.0,[0.1956621639701276],[-0.050000000000000024],-0.050000000000000024,28.698650331420136,15.1,0.29530984003311755,12,45,0.0,0.0,0.0,0.0,0.0,0.0,0.0,-0.519570842385292,-0.519570842385292,0.0,0.29530984003311755,0.0,0.4429647757177188,-0.09600012437175238,-0.2935525,58.28054030703263,0.19379714558868405,40302.55336843642,15474.357371161974,17922.719089914885,0.0,4889.884123175118,427.16376495745743,1494.109694095114,3083.3365377946297,12317.747578161428,1154.7127616882572,31.618466186584982,139.01383352671138,1183.8057524747574,214.5029019156479,858.0011377776705,10.433386,0.30226052,0.5523915,0.074466616,0.0025062873,0.06668571,0.04056841,0.0,0.0016893474,0.99910414,8.09967E-4,7.338146E-4,1.5803627E-5,6.9491965E-5,0.0,0.0,0.0,3.3875354586147983,3.1536007088935833,0.19781001587132863,0.0,0.004903057444745868,0.013596063204115586,0.24666323618800393,0.0,0.0905535660366156,0.2593491828994368,0.14946651536996353,8.798396058817497E-4,0.0,0.07414222355393536,0.18541633961240156,0.2595585631663369,0.00439919802940875,0.025398758026206943,0.10150819261833757,0.12690695064454452,0.013596063204115586,0.0074017694372055486,0.029398612333509547,0.036800381770715096,0.008153801726018503,6.419778,0.007176197335445148,641.4141764192187,57.72727817160553,0.015914976169265554,1.575,0.0,0.0,0.0083444158735727,0.0,0.0,0.0,0.0,0.0,0.0,0.0,0.0,7.382746000827938,7.382746000827938,6.072837221145148,3.6680981139284246,-0.10073696,-0.10316342,-0.10565243,-0.10781563,0.0,0.0,0.0,0.0,0.0,-0.2787340145009056,-0.28863464876402684,-0.29986706610980823,0.0,0.023760000243782997,0.023760000243782997,0.023760000243782997,0.0,0.0,0.0,0.0,0.0,0.0,0.0,0.0,0.0,0.0,0,0,0,0,0.0,0.0,0.0,0.0,0.0,0,0,0.921142578125,1.661315804644117E-4,0.009175734248856315,0.0533336652099941,0.044157930961137785
2012-07-19T21:30:00,2012,201,21,0,"718f4615-e576-4fa4-80aa-6236231db38b",121.87500005587935,90.46956341675248,24.72196744050483,21.2844,0.6840999722480774,9.9035,400.0,2.09,0.0,[0.1956621639701276],[-0.050000000000000024],-0.050000000000000024,28.698650331420136,15.1,0.29530984003311755,12,45,0.0,0.0,0.0,0.0,0.0,0.0,0.0,-0.499135822057724,-0.499135822057724,0.0,0.29530984003311755,0.0,0.4429647757177188,-0.09611301380655936,-0.2935525,58.358200764181426,0.19347632179186317,40294.692135433725,15449.8978533205,17924.077618016745,0.0,4903.69337160476,428.5716530680125,1494.1323163564566,3083.610821006773,12318.468394774114,1143.9670838947536,31.62431654072053,139.02088766695235,1183.8679236997332,214.51397742055264,858.0450323589189,10.441564,0.29949775,0.5574108,0.0732322,0.0024542687,0.06572407,0.03983052,0.0,0.0016809113,0.99913645,7.8083447E-4,7.074202E-4,1.5237304E-5,6.6992376E-5,0.0,0.0,0.0,3.360202286048701,3.12722492906012,0.1969933904652803,0.0,0.004893444876100849,0.01353917886671992,0.24304029879499361,0.0,0.08923491418371648,0.2619108743628344,0.1471227637694433,8.623791893263749E-4,0.0,0.07267243795948372,0.1817406665866067,0.25441310454609045,0.004311895946631876,0.025293747209697296,0.1010863315120204,0.1263800787217177,0.01353917886671992,0.007060707635941478,0.028039032430358043,0.03509974006629952,0.007775329852308135,6.4040613,0.006993246182284437,641.782584185349,57.76043487187479,0.01592722391396529,1.575,0.0,0.0,0.008131681965186113,0.0,0.0,0.0,0.0,0.0,0.0,0.0,0.0,7.382746000827938,7.382746000827938,6.072837221145148,3.6680981139284246,-0.10084981,-0.10327629,-0.10576532,-0.10792853,0.0,0.0,0.0,0.0,0.0,-0.2787340145009056,-0.28863464876402684,-0.29986706610980823,0.0,0.023760000243782997,0.023760000243782997,0.023760000243782997,0.0,0.0,0.0,0.0,0.0,0.0,0.0,0.0,0.0,0.0,0,0,0,0,0.0,0.0,0.0,0.0,0.0,0,0,0.921142578125,1.661315881477407E-4,0.008852631559420843,0.050869414210895095,0.04201678265147425
2012-07-19T22:30:00,2012,201,22,0,"718f4615-e576-4fa4-80aa-6236231db38b",121.91666672378778,90.50746096002374,25.157646650800483,20.4563,0.7163000106811523,1.8804,400.0,2.17,0.0,[0.1956621639701276],[-0.050000000000000024],-0.050000000000000024,28.698650331420136,15.1,0.29530984003311755,12,45,0.0,0.0,0.0,0.0,0.0,0.0,0.0,-0.4731319099664688,-0.4731319099664688,0.0,0.29530984003311755,0.0,0.4429647757177188,-0.0960367297981087,-0.2935525,58.700009969054804,0.1933971715300017,40286.90536332619,15425.6196593327,17925.394403120248,0.0,4917.476971906994,429.9412253644757,1494.1537825876135,3083.875963451994,12319.164198597176,1133.3010662041386,31.629847902206617,139.0275109428299,1183.926287100191,214.5243756412566,858.0862333534151,10.36377,0.2988032,0.5605518,0.071797684,0.0024070523,0.064756155,0.03910387,0.0,0.0016840667,0.99918157,7.4108696E-4,6.714089E-4,1.4463583E-5,6.35821E-5,0.0,0.0,0.0,3.3284310396618215,3.096727756376186,0.1959091803200657,0.0,0.004876906735786585,0.013463915775444774,0.23676862017934852,0.0,0.08694479491461968,0.26142442330725235,0.14317848636135364,8.35907274324987E-4,0.0,0.0704431686613021,0.17616566194185376,0.24660883060315586,0.004179536371624936,0.02515437214481398,0.1005271922113812,0.12568156435619518,0.013463915775444774,0.0066338290375650075,0.026339294896571306,0.03297312393413632,0.007302685112198886,6.414673,0.006743718082151597,642.1588334844781,57.79429731014198,0.01593964162035254,1.575,0.0,0.0,0.007841532998773701,0.0,0.0,0.0,0.0,0.0,0.0,0.0,0.0,7.382746000827938,7.382746000827938,6.072837221145148,3.6680981139284246,-0.10077344,-0.10319991,-0.10568892,-0.10785213,0.0,0.0,0.0,0.0,0.0,-0.2787340145009056,-0.28863464876402684,-0.29986706610980823,0.0,0.023760000243782997,0.023760000243782997,0.023760000243782997,0.0,0.0,0.0,0.0,0.0,0.0,0.0,0.0,0.0,0.0,0,0,0,0,0.0,0.0,0.0,0.0,0.0,0,0,0.921142578125,1.6613159532289035E-4,0.00833933538524434,0.04778741023787859,0.03944807485263425
2012-07-19T23:30:00,2012,201,23,0,"718f4615-e576-4fa4-80aa-6236231db38b",121.95833339169621,90.54451414879652,25.571738329680887,19.9382,0.7911999821662903,1.809,400.0,2.17,0.0,[0.1956621639701276],[-0.050000000000000024],-0.050000000000000024,28.698650331420136,15.1,0.29530984003311755,12,45,0.0,0.0,0.0,0.0,0.0,0.0,0.0,-0.4574856758117676,-0.4574856758117676,0.0,0.29530984003311755,0.0,0.4429647757177188,-0.09595514722916029,-0.2935525,58.78377299775455,0.19327016020397247,40279.17531343951,15401.48306645932,17926.68322078053,0.0,4931.230340302979,431.2848422666169,1494.174524664209,3084.1347474810464,12319.842780902836,1122.6972574237964,31.635198199328915,139.03387337742308,1183.982326861112,214.53436052637272,858.1257876690506,10.303006,0.29826328,0.56262106,0.07086893,0.002379981,0.06417865,0.03862943,0.0,0.0016880708,0.99920404,7.198129E-4,6.521343E-4,1.4050148E-5,6.1756764E-5,0.0,0.0,0.0,3.3039274063771344,3.0730082563573706,0.19523948074637967,0.0,0.004870303834654684,0.013417161618509421,0.23252762959633944,0.0,0.08541491981611268,0.2608510347525154,0.14049895989322245,8.170602258374311E-4,0.0,0.06885634573289175,0.1721973000344796,0.24105364576737137,0.004085301129187156,0.025068213508684874,0.10018081432427575,0.12524902783296063,0.013417161618509421,0.006377856479246612,0.025318736315457693,0.031696592794704305,0.007018497560111275,6.4260607,0.00659362774251458,642.5427497929475,57.82884977927721,0.01595223201053367,1.575,0.0,0.0,0.007667009340352126,0.0,0.0,0.0,0.0,0.0,0.0,0.0,0.0,7.382746000827938,7.382746000827938,6.072837221145148,3.6680981139284246,-0.10069177,-0.103118226,-0.10560723,-0.10777043,0.0,0.0,0.0,0.0,0.0,-0.2787340145009056,-0.28863464876402684,-0.29986706610980823,0.0,0.023760000243782997,0.023760000243782997,0.023760000243782997,0.0,0.0,0.0,0.0,0.0,0.0,0.0,0.0,0.0,0.0,0,0,0,0,0.0,0.0,0.0,0.0,0.0,0,0,0.921142578125,1.6613160212282266E-4,0.008052516805037158,0.04593748356071568,0.037884966755678526
2012-07-20T00:30:00,2012,202,0,0,"718f4615-e576-4fa4-80aa-6236231db38b",122.00000005960464,90.5830608282236,26.025467495882513,20.8895,0.8115000128746033,0.107884615,400.0,1.1,0.0,[0.1956621639701276],[-0.050000000000000024],-0.050000000000000024,28.698650331420136,15.1,0.29530984003311755,12,45,0.0,0.0,0.0,0.0,0.0,0.0,0.0,-0.48657986521720886,-0.48657986521720886,0.0,0.29530984003311755,0.0,0.4429647757177188,-0.0958531991838083,-0.2935525,57.30511862605413,0.1928368393196292,40271.41815204276,15377.239220060112,17928.030811044835,0.0,4944.944566830622,432.6876656269025,1494.1965715806973,3084.4043270482007,12320.550759472775,1112.046329487705,31.64098361074741,139.04071870120373,1184.042657901101,214.5451131939023,858.1683757479011,10.349223,0.29760307,0.5585145,0.07362532,0.0024425217,0.06612323,0.039659243,0.0,0.0016913834,0.9991584,7.6206063E-4,6.90409E-4,1.470774E-5,6.463921E-5,0.0,0.0,0.0,3.3123968707068276,3.079960390561041,0.19651574989340984,0.0,0.00491207883577545,0.013504146664136345,0.24244489879101103,0.0,0.08920281552213297,0.26010865684439044,0.14661409164094136,8.477992536170213E-4,0.0,0.07150925400826734,0.1788317410246096,0.25034099503287693,0.004238996268085107,0.025231906262299836,0.10083296288106022,0.12606486914336007,0.013504146664136345,0.006849574269693459,0.027186916442125942,0.0340364907118194,0.007535061184463781,6.440348,0.006926099744140602,642.934719706125,57.86412707286498,0.015965037965108567,1.575,0.0,0.0,0.008053604708094278,0.0,0.0,0.0,0.0,0.0,0.0,0.0,0.0,7.382746000827938,7.382746000827938,6.072837221145148,3.6680981139284246,-0.10058974,-0.10301617,-0.10550515,-0.10766834,0.0,0.0,0.0,0.0,0.0,-0.2787340145009056,-0.28863464876402684,-0.29986706610980823,0.0,0.023760000243782997,0.023760000243782997,0.023760000243782997,0.0,0.0,0.0,0.0,0.0,0.0,0.0,0.0,0.0,0.0,0,0,0,0,0.0,0.0,0.0,0.0,0.0,0,0,0.9258702397346497,1.6185187300822638E-4,0.00855573286753497,0.0493292864912473,0.04077355362371233
2012-07-20T01:30:00,2012,202,1,0,"718f4615-e576-4fa4-80aa-6236231db38b",122.04166672751307,90.6210045609455,26.462384178113442,20.486,0.8088499903678894,0.0,400.0,1.1,0.0,[0.1956621639701276],[-0.050000000000000024],-0.050000000000000024,28.698650331420136,15.1,0.29530984003311755,12,45,0.0,0.0,0.0,0.0,0.0,0.0,0.0,-0.4740431308746338,-0.4740431308746338,0.0,0.29530984003311755,0.0,0.4429647757177188,-0.09575860503075126,-0.2935525,57.22764771699877,0.19265128592548153,40263.71141634868,15353.093703942743,17929.359812012583,0.0,4958.647106745224,434.07333848707987,1494.218140324485,3084.6694004153405,12321.246632787377,1101.438600503156,31.646654366439485,139.0473963921822,1184.1015195862587,214.55560613377997,858.2099261122607,10.307102,0.29675174,0.560319,0.07304065,0.0024245107,0.06577043,0.03931967,0.0,0.001693665,0.9991746,7.4689323E-4,6.766669E-4,1.4416913E-5,6.335258E-5,0.0,0.0,0.0,3.290480864400568,3.058650588740124,0.19599634375912892,0.0,0.004909450068918447,0.013467702435056034,0.23967786039364466,0.0,0.08822535621728547,0.25988700459044917,0.14484303459523457,8.34202812448156E-4,0.0,0.07036392331301496,0.17596747162458107,0.24633139493759604,0.004171014062240781,0.025165020886576357,0.10056357373481242,0.12572859462138877,0.013467702435056034,0.006684536402215825,0.026527362449815895,0.03321189885203172,0.007350962029485366,6.453662,0.006813387433942187,643.334612163179,57.90011739542997,0.01597802560997791,1.575,0.0,0.0,0.007922543876514126,0.0,0.0,0.0,0.0,0.0,0.0,0.0,0.0,7.382746000827938,7.382746000827938,6.072837221145148,3.6680981139284246,-0.100495055,-0.10292147,-0.105410434,-0.10757362,0.0,0.0,0.0,0.0,0.0,-0.2787340145009056,-0.28863464876402684,-0.29986706610980823,0.0,0.023760000243782997,0.023760000243782997,0.023760000243782997,0.0,0.0,0.0,0.0,0.0,0.0,0.0,0.0,0.0,0.0,0,0,0,0,0.0,0.0,0.0,0.0,0.0,0,0,0.9258702397346497,1.6185188034638725E-4,0.00835129985716776,0.04813043556798378,0.03977913571081602
2012-07-20T02:30:00,2012,202,2,0,"718f4615-e576-4fa4-80aa-6236231db38b",122.0833333954215,90.65792840786105,26.87332165857119,19.8625,0.802299976348877,0.0,400.0,1.1,0.0,[0.1956621639701276],[-0.050000000000000024],-0.050000000000000024,28.698650331420136,15.1,0.29530984003311755,12,45,0.0,0.0,0.0,0.0,0.0,0.0,0.0,-0.45523878931999207,-0.45523878931999207,0.0,0.29530984003311755,0.0,0.4429647757177188,-0.09567768611560967,-0.2935525,57.414611647469805,0.19253511193225986,40256.067358785345,15329.103705636933,17930.654083318208,0.0,4972.325116248724,435.4263022978735,1494.2388385013332,3084.9268335162633,12321.92182107447,1090.8991943819194,31.65209562986216,139.05376037720688,1184.1575942395725,214.56560295325562,858.2495030532405,10.240422,0.29617614,0.5629579,0.071801566,0.002390327,0.064976566,0.03872241,0.0,0.0016975171,0.9992058,7.1984646E-4,6.5216236E-4,1.3896642E-5,6.105832E-5,0.0,0.0,0.0,3.2638502527914723,3.03296882613244,0.1951873974573995,0.0,0.004899367009337,0.013411370167844335,0.2343044041077056,0.0,0.08626189726476079,0.2594217525202198,0.14146600212276092,8.115768864012287E-4,0.0,0.0684568590365861,0.17119824420389287,0.23965510324047898,0.004057884432006145,0.02506095206851648,0.10014565197280006,0.12520660404131656,0.013411370167844335,0.00637548025102029,0.025296667350861512,0.0316721476018818,0.007008701910011768,6.465095,0.0066431146577225,643.7422291725006,57.93680292772667,0.015991185215264516,1.575,0.0,0.0,0.007724552267544986,0.0,0.0,0.0,0.0,0.0,0.0,0.0,0.0,7.382746000827938,7.382746000827938,6.072837221145148,3.6680981139284246,-0.10041406,-0.10284045,-0.1053294,-0.10749258,0.0,0.0,0.0,0.0,0.0,-0.2787340145009056,-0.28863464876402684,-0.29986706610980823,0.0,0.023760000243782997,0.023760000243782997,0.023760000243782997,0.0,0.0,0.0,0.0,0.0,0.0,0.0,0.0,0.0,0.0,0,0,0,0,0.0,0.0,0.0,0.0,0.0,0,0,0.9258702397346497,1.61851887258932E-4,0.00799678724797559,0.045899283291936425,0.037902496043960836
2012-07-20T03:30:00,2012,202,3,0,"718f4615-e576-4fa4-80aa-6236231db38b",122.12500006332994,90.69415085433126,27.267738320462033,19.466,0.8130000233650208,0.035961539,400.0,1.1,0.0,[0.1956621639701276],[-0.050000000000000024],-0.050000000000000024,28.698650331420136,15.1,0.29530984003311755,12,45,0.0,0.0,0.0,0.0,0.0,0.0,0.0,-0.44363071024417877,-0.44363071024417877,0.0,0.29530984003311755,0.0,0.4429647757177188,-0.09561578864064524,-0.2935525,57.384668198767265,0.19237808388214112,40248.472897158455,15305.236268200277,17931.925629381774,0.0,4985.974740214738,436.7579690180607,1494.2589796125271,3085.179036263335,12322.58292659509,1080.4136323151124,31.65740515615298,139.0599284653511,1184.211908882074,214.57528638585785,858.2878307648239,10.187901,0.2956599,0.56468576,0.07104965,0.002370673,0.064532295,0.03834224,0.0,0.0017016968,0.9992212,7.057486E-4,6.393894E-4,1.362618E-5,5.9862432E-5,0.0,0.0,0.0,3.2424428436893407,3.012153691818731,0.19468010645044354,0.0,0.004896543644006073,0.013375783750868486,0.23082132647509726,0.0,0.08500869185596226,0.2588833828196189,0.1392637817141693,7.958888423076014E-4,0.0,0.06713492214145445,0.16789231490011622,0.23502723704157066,0.003979444211538008,0.024995610948079398,0.09988255160016726,0.12487816254824666,0.013375783750868486,0.0061849281616397364,0.024536617452857977,0.030721545614497713,0.006796954517109847,6.4738674,0.006529771217951108,644.1574389393866,57.97417180823131,0.016004518744979865,1.575,0.0,0.0,0.007592757564336053,0.0,0.0,0.0,0.0,0.0,0.0,0.0,0.0,7.382746000827938,7.382746000827938,6.072837221145148,3.6680981139284246,-0.100352086,-0.102778465,-0.105267406,-0.10743058,0.0,0.0,0.0,0.0,0.0,-0.2787340145009056,-0.28863464876402684,-0.29986706610980823,0.0,0.023760000243782997,0.023760000243782997,0.023760000243782997,0.0,0.0,0.0,0.0,0.0,0.0,0.0,0.0,0.0,0.0,0,0,0,0,0.0,0.0,0.0,0.0,0.0,0,0,0.9258702397346497,1.6185189383338705E-4,0.007799999279086478,0.04452197275085629,0.03672197347176981
2012-07-20T04:30:00,2012,202,4,0,"718f4615-e576-4fa4-80aa-6236231db38b",122.16666673123837,90.72987804469253,27.651009151866287,19.1985,0.8169999718666077,0.035961539,400.0,1.1,0.0,[0.1956621639701276],[-0.050000000000000024],-0.050000000000000024,28.698650331420136,15.1,0.29530984003311755,12,45,0.0,0.0,0.0,0.0,0.0,0.0,0.0,-0.4359496682882309,-0.4359496682882309,0.0,0.29530984003311755,0.0,0.4429647757177188,-0.0955769640611816,-0.2935525,57.21752549895092,0.1921918074348527,40240.920828702925,15281.4685839246,17933.181987496388,0.0,4999.5964913173375,438.0757176684159,1494.2787396148758,3085.4275250248074,12323.23405173973,1069.9718943062353,31.662635993213165,139.065964404102,1184.2650174338937,214.5847549481329,858.3252996593949,10.145311,0.29512203,0.56589836,0.07061181,0.002358858,0.064303204,0.03809384,0.0,0.0017057501,0.9992279,6.98756E-4,6.3305354E-4,1.3492814E-5,5.9269223E-5,0.0,0.0,0.0,3.224003630144953,2.994105112383006,0.19434340938536238,0.0,0.0048978080675795765,0.013351933146825354,0.22856574173621735,0.0,0.08421619069331976,0.2583547366688377,0.13782364628509558,7.846883873835747E-4,0.0,0.06619144942624915,0.16553285628447956,0.23172430571072872,0.003923441936917875,0.02495216761372833,0.09970700512187251,0.12465917273560084,0.013351933146825354,0.006058633620685111,0.02403176941897909,0.0300904030396642,0.006655976166203354,6.4793825,0.006458279683167568,644.5801583341415,58.01221655527102,0.016018027049579275,1.575,0.0,0.0,0.0075096278690687124,0.0,0.0,0.0,0.0,0.0,0.0,0.0,0.0,7.382746000827938,7.382746000827938,6.072837221145148,3.6680981139284246,-0.10031319,-0.102739565,-0.1052285,-0.10739166,0.0,0.0,0.0,0.0,0.0,-0.2787340145009056,-0.28863464876402684,-0.29986706610980823,0.0,0.023760000243782997,0.023760000243782997,0.023760000243782997,0.0,0.0,0.0,0.0,0.0,0.0,0.0,0.0,0.0,0.0,0,0,0,0,0.0,0.0,0.0,0.0,0.0,0,0,0.9258702397346497,1.618519001104726E-4,0.007690387323236791,0.04360766775028374,0.03591728042704695
2012-07-20T05:30:00,2012,202,5,0,"718f4615-e576-4fa4-80aa-6236231db38b",122.2083333991468,90.76514923526344,28.024342458178847,18.96,0.8180000185966492,0.035961539,400.0,1.1,0.0,[0.1956621639701276],[-0.050000000000000024],-0.050000000000000024,28.698650331420136,15.1,0.29530984003311755,12,45,0.0,0.0,0.0,0.0,0.0,0.0,0.0,-0.42920197546482086,-0.42920197546482086,0.0,0.29530984003311755,0.0,0.4429647757177188,-0.09556373683090769,-0.2935525,57.022514546707484,0.19199683989889513,40233.40922266532,15257.794779938276,17934.424552130193,0.0,5013.191594857126,439.38083014580076,1494.298158961442,3085.67259942371,12323.876021202674,1059.5714002559287,31.667799911787746,139.07188355487432,1184.3170536818507,214.59403240322035,858.3620041687168,10.105162,0.29457703,0.5670354,0.07022146,0.002348744,0.06410764,0.037869204,0.0,0.0017097662,0.9992345,6.9337996E-4,6.281823E-4,1.3390615E-5,5.8813133E-5,0.0,0.0,0.0,3.2063018033344544,2.9767484938937163,0.19404520702283495,0.0,0.004899906900564127,0.013330731987191166,0.2265197194505849,0.0,0.08350011765284421,0.25784932998353144,0.13651527345595588,7.74343231039821E-4,0.0,0.06532007277442364,0.16335369700154076,0.2286737697759644,0.0038717161551991056,0.024913659975169186,0.09955121632756321,0.1244648763027324,0.013330731987191166,0.005947704640888883,0.02358807420773967,0.02953577884862855,0.006531990204193732,6.481263,0.006395635245590893,645.010314514393,58.050930613032016,0.016031709143629547,1.575,0.0,0.0,0.007436785496587687,0.0,0.0,0.0,0.0,0.0,0.0,0.0,0.0,7.382746000827938,7.382746000827938,6.072837221145148,3.6680981139284246,-0.1002999,-0.10272627,-0.10521521,-0.10737837,0.0,0.0,0.0,0.0,0.0,-0.2787340145009056,-0.28863464876402684,-0.29986706610980823,0.0,0.023760000243782997,0.023760000243782997,0.023760000243782997,0.0,0.0,0.0,0.0,0.0,0.0,0.0,0.0,0.0,0.0,0,0,0,0,0.0,0.0,0.0,0.0,0.0,0,0,0.9258702397346497,1.6185190610116965E-4,0.007601025474286871,0.04280427375978752,0.03520324828550065
2012-07-20T06:30:00,2012,202,6,0,"718f4615-e576-4fa4-80aa-6236231db38b",122.25000006705523,90.80018204911707,28.392592441814887,18.838,0.8270000219345093,5.286346154,400.0,1.1,0.0,[0.1956621639701276],[-0.050000000000000024],-0.050000000000000024,28.698650331420136,15.1,0.29530984003311755,12,45,0.0,0.0,0.0,0.0,0.0,0.0,0.0,-0.4257866144180298,-0.4257866144180298,0.0,0.29530984003311755,0.0,0.4429647757177188,-0.0955769640611816,-0.2935525,56.68640913175699,0.1917726953462301,40225.93124755058,15234.192872080532,17935.661138407973,0.0,5026.759297223145,440.6812421350136,1494.317393120942,3085.9158117791453,12324.512974080932,1049.2024919726575,31.67294262514673,139.0777391652825,1184.368477889998,214.60320059968672,858.3982683206057,10.074481,0.2939926,0.5676158,0.070185594,0.0023456365,0.06414679,0.037782513,0.0,0.0017135578,0.9992334,6.9425127E-4,6.28971E-4,1.340904E-5,5.888696E-5,0.0,0.0,0.0,3.1912120554407197,2.9618229703342216,0.19390007524687075,0.0,0.004905754537458448,0.01332005039405136,0.22580105674777168,0.0,0.08328466645251455,0.2573296300579817,0.13602922162710115,7.687324446450851E-4,0.0,0.06484801041708341,0.1621731506797229,0.2270211610968063,0.0038436622232254267,0.024894800159831316,0.09947395922563351,0.12436875938546482,0.01332005039405136,0.005890743297056047,0.023358564870378424,0.02924930816743447,0.006467357795095759,6.4793825,0.0063713513518795385,645.4478792430542,58.09031144017637,0.016045567106227194,1.575,0.0,0.0,0.007408548409634084,0.0,0.0,0.0,0.0,0.0,0.0,0.0,0.0,7.382746000827938,7.382746000827938,6.072837221145148,3.6680981139284246,-0.100313075,-0.102739446,-0.10522838,-0.10739155,0.0,0.0,0.0,0.0,0.0,-0.2787340145009056,-0.28863464876402684,-0.29986706610980823,0.0,0.023760000243782997,0.023760000243782997,0.023760000243782997,0.0,0.0,0.0,0.0,0.0,0.0,0.0,0.0,0.0,0.0,0,0,0,0,0.0,0.0,0.0,0.0,0.0,0,0,0.9258702397346497,1.6185191183057995E-4,0.007587471678561997,0.042389545712853555,0.03480207403429156
2012-07-20T07:30:00,2012,202,7,0,"718f4615-e576-4fa4-80aa-6236231db38b",122.29166673496366,90.83655999186549,28.79059245558356,19.552,0.8389999866485596,73.00192308,400.0,1.1,0.0,[0.1956621639701276],[-0.050000000000000024],-0.050000000000000024,28.698650331420136,15.1,0.29530984003311755,12,45,1.3296583289124801,0.9627919398624805,0.4553504458558436,0.7326990693773259,0.0,0.04002754065803517,0.16282614803681483,-0.26305785216391087,-0.24613820921733406,-2.87882047317382,0.44934000811689345,0.0,0.5011526307374526,-0.11952532482131642,-0.11952533,55.888642894497,0.19130496848428946,40212.08494640882,15204.150570424737,17936.94918648452,0.0,5040.292499870909,442.03584198902763,1494.3375451207976,3086.1683646839538,12325.174712278807,1036.0041576530405,31.67839948561693,139.08390615384695,1184.422502436468,214.61283062602507,858.4363496188987,10.027079,0.28708962,0.5688491,0.07341439,0.0024130032,0.066503935,0.039028604,0.0,0.0017299954,0.999174,7.484699E-4,6.780907E-4,1.445796E-5,6.348574E-5,0.0,0.0,0.0,3.1091951270447087,2.8786699977341166,0.19485404424577918,0.0,0.0049394138756965,0.013384871877932374,0.23496691168736272,0.0,0.08681538289444185,0.2566752967378569,0.14165020565417877,7.974276556786365E-4,0.0,0.06726991381931739,0.16822992070395007,0.23549983452326745,0.003987138278393183,0.025017041585177837,0.09996052597888387,0.12497756756406171,0.013384871877932374,0.00621698968821285,0.02464845463020452,0.03086544431841737,0.006823362261360912,6.462985,0.006627671611064835,645.8931505669512,58.13038586091952,0.016062165178148353,1.575,0.0,0.0,0.007706595235757404,0.0,0.03699286810666403,0.0616817268558243,0.1718833240851621,0.0,0.0,0.0,0.0,7.382746000827938,7.382746000827938,6.072837221145148,3.6680981139284246,-0.12455758,-0.12722729,-0.12993746,-0.13223284,0.0,-0.34984227369936494,-0.3090096451240041,-0.13361862180277942,0.0,-0.11952532482131643,-0.11952532482131642,-0.11952532482131642,0.0,0.023760000243782997,0.023760000243782997,0.023760000243782997,0.0,0.0,0.0,0.0,0.0,0.0,0.0,0.0,0.0,0.0,0,0,0,0,0.0,0.0,0.0,0.0,0.0,0,0,0.9258702397346497,1.61851917370847E-4,0.008141545244143344,0.04473254949591795,0.036591004251774605
2012-07-20T08:30:00,2012,202,8,0,"718f4615-e576-4fa4-80aa-6236231db38b",122.33333340287209,90.87635491208914,29.284571606454374,21.8555,0.7764000296592712,219.3653846,400.0,1.1,0.0,[0.1956621639701276],[-0.050000000000000024],-0.050000000000000024,28.698650331420136,15.1,0.29530984003311755,12,45,6.181778584217595,4.359518946723102,0.7045070711007696,1.1040734502474112,0.0,0.0369374842463868,0.2622670192280734,0.25528737405935925,0.1953811475622029,3.7425511201931836,0.9685239170900851,0.0010733834395235688,1.2266479119304514,-0.19955322185047653,-0.19955322,81.1097191260253,0.19589470029824357,40216.82948345454,15192.295782125264,17938.39377421538,0.0,5053.923920038444,443.53534625530773,1494.3613603476476,3086.450539041704,12325.918271178392,1030.796052726281,31.6850057515982,139.09143949218333,1184.490152233654,214.62492422312124,858.4841868961125,8.698312,0.15752365,0.66050637,0.093531795,0.0030124462,0.08340013,0.048775118,0.0,0.002025599,0.9990293,8.795757E-4,7.9686765E-4,1.699264E-5,7.4606134E-5,0.0,0.0,0.0,1.6043628171047943,1.3701897084269237,0.19793086170736765,0.0,0.005027487345409776,0.013595469112073658,0.2596197688871242,0.0,0.0963869234100225,0.2585381234233194,0.15660649884910827,8.810549963640617E-4,0.0,0.07432607290767801,0.1858760976168899,0.2602021705245679,0.00440527498182031,0.025411809909148566,0.10153591129380497,0.12694772120295353,0.013595469112073658,0.007475988204986455,0.02963529178346538,0.03711127998845184,0.008202449828793111,6.4761314,0.007483079136250542,646.3471231460408,58.17124339466111,0.016071558386071983,1.575,0.0,0.0,0.008701255192539429,0.0,0.03443011113343346,0.07741139717169712,0.27645821975193446,0.0,0.0,0.0,0.0,7.382746000827938,7.382746000827938,6.072837221145148,3.6680981139284246,-0.206116,-0.21006225,-0.21395017,-0.21692553,0.0,-0.2822176512153501,-0.12518360251449104,0.7383922268900898,0.0,-0.19955322185047653,-0.19955322185047653,-0.19955322185047653,0.0,0.023760000243782997,0.023760000243782997,0.04033107534050941,0.0,0.0,0.0,0.0,0.0,0.0,0.0,0.0,0.0,0.0,0,0,0,0,0.0,0.0,0.0,0.0,0.0,0,0,0.9258702397346497,1.6185193022328964E-4,0.008299790915771155,0.053777280968906126,0.04547749005313497
2012-07-20T09:30:00,2012,202,9,0,"718f4615-e576-4fa4-80aa-6236231db38b",122.37500007078052,90.91750694068884,29.84215495513342,23.382,0.6388499736785889,204.1176924,400.0,1.1,0.0,[0.1956621639701276],[-0.050000000000000024],-0.050000000000000024,28.698650331420136,15.1,0.29530984003311755,12,45,5.705433717582105,4.030566599440563,0.6987921588885874,1.097015961736332,0.0,0.038771810738255245,0.259085669830436,0.14648417135079703,0.11328333113997772,2.6053382991580314,1.574379419037184,4.5967641240002803E-4,1.8342430660021314,-0.2360964042378776,-0.24138615,68.36252825115005,0.19297415143327937,40218.30974912304,15177.255499441548,17939.891868007868,0.0,5067.3691716602625,445.08688044643,1494.387031193435,3086.7419759703075,12326.68810922851,1024.188480463822,31.69239912184093,139.0997370494339,1184.5635802737356,214.63803065861572,858.5360034247935,8.954922,0.18457313,0.6328168,0.09394608,0.0030584575,0.083617546,0.04879554,0.0,0.0019879786,0.9988345,0.0010557867,9.56508E-4,2.0399973E-5,8.955219E-5,0.0,0.0,0.0,1.8894724954750646,1.6528378844207627,0.2000039703498222,0.0,0.005091432206185713,0.01373701603011846,0.268078306580131,0.0,0.09961390509968497,0.25500718784520693,0.16189218095534696,9.053941285389902E-4,0.0,0.07638096728551572,0.19101504885606344,0.26739601614157915,0.004526970642694952,0.025677674682296103,0.10259598808408629,0.12827366276638238,0.01373701603011846,0.008319058405503886,0.03297149345257963,0.041290551858083516,0.009124260394936691,8.460048,0.00799826010352371,646.8103960279855,58.21293795569292,0.01608248581461306,1.575,0.0,0.0,0.00930030285526791,0.0,0.035886184543688894,0.07909659005301764,0.27261999391380204,0.0,0.0,0.0,0.0,7.382746000827938,7.382746000827938,6.072837221145148,3.6680981139284246,-0.24446142,-0.24986914,-0.2550531,-0.2587527,0.0,-0.3373684293040764,-0.17733838948638694,0.616171763907502,0.0,-0.2360964042378776,-0.23676027626867102,-0.24783725120255787,0.0,0.023760000243782997,0.023760000243782997,0.03599709719419479,0.0,0.0,0.0,0.0,0.0,0.0,0.0,0.0,0.0,0.0,0,0,0,0,0.0,0.0,0.0,0.0,0.0,0,0,0.9258702397346497,1.6185194039206456E-4,0.010256425379338907,0.05983930952225192,0.049582884142913015
2012-07-20T10:30:00,2012,202,10,0,"718f4615-e576-4fa4-80aa-6236231db38b",122.41666673868895,90.95879385571327,30.40940498539023,23.614,0.5982000231742859,246.9838461,400.0,1.1,0.0,[0.1956621639701276],[-0.050000000000000024],-0.050000000000000024,28.698650331420136,15.1,0.29530984003311755,12,45,6.823473256475934,4.862066497381913,0.69068011574664,1.0702276897292873,0.0,0.04873587726802149,0.2449114133388351,0.2895635813474655,0.2770974151340957,4.860656064509516,1.9665343275882576,6.865795431078923E-4,2.2040475597607285,-0.25192822210148186,-0.28540322,69.98240225606513,0.19089939062699746,40226.13916969175,15168.667751025407,17941.39219717742,0.0,5080.701921216091,446.64523136768224,1494.412772658124,3087.0328459237403,12327.456133617115,1020.4156678495414,31.69993075961437,139.10807203222538,1184.63648305227,214.65102767800278,858.5873625771928,8.393337,0.13484368,0.6695082,0.10065935,0.0032784205,0.08958601,0.052106936,0.0,0.0021243214,0.9986431,0.0012286743,0.0011131368,2.3744584E-5,1.04216335E-4,0.0,0.0,0.0,1.3688266488070853,1.1317884356635006,0.20033738084914343,0.0,0.0051116407739189886,0.013759045025525576,0.269151677360817,0.0,0.10004619355945488,0.25287343562680775,0.162581839178304,9.042349424623015E-4,0.0,0.0762848210358349,0.19077460006384245,0.26705942109967734,0.004521174712311509,0.025720157969515173,0.10276344783437524,0.12848360580389043,0.013759045025525576,0.008424530380166013,0.03338350843808293,0.041808038818248947,0.009236668247365371,9.738815,0.008080624108218505,647.2830649848883,58.25547816350457,0.01609110589147918,1.575,0.0,0.0,0.009396074957965198,0.0,0.04483143732921327,0.08476137446883013,0.25766878675563587,0.0,0.0,0.0,0.0,7.382746000827938,7.382746000827938,6.072837221145148,3.6680981139284246,-0.26146778,-0.26784226,-0.27388132,-0.27801532,0.0,-0.24917349066631567,-0.07927057547572713,0.8779543511022009,0.0,-0.2631141675173731,-0.27656717065380915,-0.29649412552800836,0.0,0.023760000243782997,0.023760000243782997,0.043725695461034775,0.0,0.0,0.0,0.0,0.0,0.0,0.0,0.0,0.0,0.0,0,0,0,0,0.0,0.0,0.0,0.0,0.0,0,0,0.9258702397346497,1.6185194745792745E-4,0.011187402538780589,0.060593915174403615,0.049406512635623026
2012-07-20T11:30:00,2012,202,11,0,"718f4615-e576-4fa4-80aa-6236231db38b",122.45833340659738,91.00036783854816,31.062259209024656,25.6685,0.500249981880188,607.0307692,400.0,1.1,0.0,[0.1956621639701276],[-0.050000000000000024],-0.050000000000000024,28.698650331420136,15.1,0.29530984003311755,12,45,18.892189653961218,13.628254487405128,0.7780573330269177,1.2061564338150645,0.0,0.10055988198676831,0.24319069657337672,1.7192196448644002,1.6551327475836786,23.767860615202434,4.179413025599547,0.001579691565246964,4.311515805818026,-0.2959461304577643,-0.33730012,143.31277357850993,0.1974381642801623,40279.71796088777,15205.796098089517,17942.964291658074,0.0,5094.194961704624,448.0009862005675,1494.4423290730685,3087.336315904119,12328.265897258581,1036.7270791022947,31.70886439111293,139.11810139278117,1184.7272665441249,214.66727634324616,858.6516027803802,7.249886,0.0,0.78442156,0.101856895,0.0040604346,0.10716732,0.06237886,0.0,0.0024937987,0.998539,0.0013233129,0.0011988742,2.5578016E-5,1.1224341E-4,0.0,0.0,0.0,0.24038918743788384,0.0,0.20316165901460548,0.0,0.005195645095402261,0.01395212601102835,0.2502698165294466,0.0,0.10267163755299209,0.25591356764781836,0.14098774400738062,9.234667991224533E-4,0.0,0.07790896179826626,0.1948363154226378,0.272745277220904,0.0046173339956122675,0.026082409119305577,0.10420848127191701,0.13029089039122257,0.01395212601102835,0.009916166536975078,0.039287291551104185,0.049203458088079265,0.010868229140150546,16.993317,0.008901877184883911,647.7660849622289,58.29894996319264,0.016081693660100097,1.575,0.0,0.0,0.01035102043797577,0.0,0.09293186914380959,0.1265534071268342,0.2554988470844209,0.0,0.0,0.0,0.0,7.382746000827938,7.382746000827938,6.072837221145148,3.6680981139284246,-0.31216645,-0.32401288,-0.33491072,-0.34186885,0.0,0.623374938407994,1.0931206120523358,2.7237971415141633,0.0,-0.3020874285935821,-0.3184494279103106,-0.3611394494174595,0.0,0.03407211291293303,0.04294357914477587,0.06605766564607621,0.0,0.0,0.0,0.0,0.0,0.0,0.0,0.0,0.0,0.0,0,0,0,0,0.0,0.0,0.0,0.0,0.0,0,0,0.9258702397346497,1.6185196720626809E-4,0.01040758701856248,0.07129922936676202,0.060891642348199534
2012-07-20T12:30:00,2012,202,12,0,"718f4615-e576-4fa4-80aa-6236231db38b",122.5000000745058,91.04037624111582,31.802384251427153,27.763,0.4756999909877777,677.1557692,400.0,1.1,0.0,[0.1956621639701276],[-0.050000000000000024],-0.050000000000000024,28.698650331420136,15.1,0.29530984003311755,12,45,21.516247938764614,15.901332502438386,0.7943610952389938,1.2467638501538825,0.0,0.115581183231849,0.24297078246686754,1.993245432774226,1.9206124363960202,27.08188821850115,4.9980882584609825,0.0015051248274030767,5.126528519784184,-0.30361329665828,-0.4103982,275.3677324696202,0.2057863858796939,40341.09832181516,15251.572762137748,17944.558845368334,0.0,5107.888312232751,448.28299601073064,1494.4761139314724,3087.6427137028145,12329.095560676162,1056.837912255747,31.719450914926732,139.130172264424,1184.8399850150604,214.68752157177795,858.731677641433,6.777255,0.0,0.8515826,0.02567887,0.0046439883,0.11538879,0.067446895,0.0,0.0027057896,0.99863756,0.0012338303,0.0011178044,2.3853323E-5,1.0465303E-4,0.0,0.0,0.0,0.24385373891310447,0.0,0.206083152533966,0.0,0.005280921659190601,0.014151838228611284,0.1354872260738317,0.0,0.10095097174921146,0.25971271557980324,0.027860948451796663,9.03912193272368E-4,0.0,0.07626073743045834,0.19071439808869603,0.26697513551915436,0.004519560966361841,0.026457126749140043,0.10570320177059246,0.1321603285197325,0.014151838228611284,0.011684506893853058,0.046284867852656106,0.057969374746509164,0.012802096716710553,19.707666,0.009771058233340244,648.2604666356898,58.34344431557217,0.016069479850654725,1.575,0.0,0.0,0.011361696120195936,0.0,0.10694078621675973,0.13845594583249138,0.2553331304424109,0.0,0.0,0.0,0.0,7.382746000827938,7.382746000827938,6.072837221145148,3.6680981139284246,-0.32231572,-0.33617222,-0.34867302,-0.35645097,0.0,0.9271730450392227,1.3750080970379934,2.9531595426965205,0.0,-0.36084938106438597,-0.3892535607926032,-0.43767762932248616,0.0,0.04043449958165487,0.0454735504463315,0.06469200924038887,0.0,0.0,0.0,0.0,0.0,0.0,0.0,0.0,0.0,0.0,0,0,0,0,0.0,0.0,0.0,0.0,0.0,0,0,0.9258702397346497,1.6185200366802512E-4,0.009071234588191146,0.08398337152175614,0.074912136933565
2012-07-20T13:30:00,2012,202,13,0,"718f4615-e576-4fa4-80aa-6236231db38b",122.54166674241424,91.07968826008688,32.563821769669275,28.2745,0.4805000126361847,808.4153846,400.0,1.1,0.0,[0.1956621639701276],[-0.050000000000000024],-0.050000000000000024,28.698650331420136,15.1,0.29530984003311755,12,45,25.74977688046506,19.041035145153465,0.7963040217624606,1.2464215973818962,0.0,0.11519402752505757,0.24303982978533056,2.453712751468023,2.361223537760091,33.192982204817376,5.538641564540603,0.0016647173728846017,5.701860039361831,-0.30789861296377435,-0.43247682,322.9317396668876,0.20730893383479254,40416.4391018944,15311.468191008711,17946.149783408484,0.0,5121.6425048408455,448.3484566504357,1494.5108758716183,3087.9473831259174,12329.923890063468,1083.1514718329422,31.73045629071248,139.14274909975842,1184.9579797779495,214.708727302225,858.8155420505714,6.688068,0.0,0.86677283,0.008969331,0.0047773877,0.11672905,0.06817509,0.0,0.002751378,0.9986428,0.0012292021,0.0011136096,2.3769519E-5,1.042596E-4,0.0,0.0,0.0,0.2447255212763942,0.0,0.20682050975003038,0.0,0.00530204026458441,0.014201566986734351,0.11170054908923693,0.0,0.09998679205407598,0.2608666670380223,0.005025882433103047,8.908375567685014E-4,0.0,0.0751588640055958,0.18795880642530557,0.2631176704309014,0.004454187783842508,0.02655145040397987,0.10607767271139147,0.13262912311537134,0.014201566986734351,0.012138452747884675,0.048074417067755636,0.06021286981564031,0.013295740889827795,21.47622,0.009971994354919361,648.7664436519342,58.38898224884368,0.016052043625523784,1.575,0.0,0.0,0.011595342783477795,0.0,0.10660468302661376,0.1374279304836987,0.25597547456953856,0.0,0.0,0.0,0.0,7.382746000827938,7.382746000827938,6.072837221145148,3.6680981139284246,-0.32824314,-0.34346437,-0.3572648,-0.36584115,0.0,1.1862067009497113,1.6986229674125735,3.5963140961243325,0.0,-0.3756672734112431,-0.4071942883726469,-0.46453967637785476,0.0,0.04246690000096957,0.04859450180083513,0.07258369624614716,0.0,0.0,0.0,0.0,0.0,0.0,0.0,0.0,0.0,0.0,0,0,0,0,0.0,0.0,0.0,0.0,0.0,0,0,0.9258702397346497,1.6185204367729E-4,0.008918362622353015,0.08723310341324905,0.07831474079089604
2012-07-20T14:30:00,2012,202,14,0,"718f4615-e576-4fa4-80aa-6236231db38b",122.58333341032267,91.11939205495175,33.31375932635143,27.9985,0.4489000141620636,498.0673077,400.0,1.1,0.0,[0.1956621639701276],[-0.050000000000000024],-0.050000000000000024,28.698650331420136,15.1,0.29530984003311755,12,45,14.436257209422958,10.4929177234205,0.7246137713840034,1.1267527413373868,0.0,0.07186720043634459,0.24297837281436996,1.0411295425146818,0.9890174380145497,14.991643333409804,3.9531135167609204,0.001053434300010633,4.34658323228538,-0.2932441350940679,-0.41743252,307.19422304431225,0.20630326376983493,40450.2731375561,15329.93500474539,17947.749645687916,0.0,5135.354712846603,448.36940605402435,1494.5450801338968,3088.2529509453434,12330.752708683063,1091.2644048667453,31.74123518541706,139.15503850583735,1185.0729574274199,214.72938670631373,858.8972241865179,6.687587,0.005359215,0.8641892,0.005519474,0.004737914,0.11744774,0.06827393,0.0,0.002746442,0.99862105,0.0012487135,0.0011312842,2.4152787E-5,1.0591355E-4,0.0,0.0,0.0,0.2801339766380809,0.03584021540859476,0.20645765731702206,0.0,0.005293277559815379,0.014175757018544465,0.10839417140597224,0.0,0.10131319698140479,0.2600703728759286,4.036712622893457E-4,8.979615428130238E-4,0.0,0.0757610248635312,0.18946469817221984,0.26522572303575104,0.00448980771406512,0.02650452640380811,0.10588786832872227,0.13239239473253037,0.014175757018544465,0.011889518863935558,0.047080188410793734,0.05896970727472929,0.01301964770558379,16.251732,0.009855774405959396,649.2838808714805,58.43555160045335,0.016051409063753692,1.575,0.0,0.0,0.011460203301995408,0.0,0.06614695774217703,0.1032799172176936,0.2555025794813964,0.0,0.0,0.0,0.0,7.382746000827938,7.382746000827938,6.072837221145148,3.6680981139284246,-0.30877647,-0.32006752,-0.33047923,-0.33713338,0.0,0.038823330895443396,0.4172096304112884,2.0165801483686225,0.0,-0.36958424666648965,-0.3961327578725449,-0.44359894452046456,0.0,0.023760000243782997,0.028528513852506876,0.05151151716709137,0.0,0.0,0.0,0.0,0.0,0.0,0.0,0.0,0.0,0.0,0,0,0,0,0.0,0.0,0.0,0.0,0.0,0,0,0.9258702397346497,1.61852081587257E-4,0.00905917638738174,0.08543793181594825,0.07637875542856651
2012-07-20T15:30:00,2012,202,15,0,"718f4615-e576-4fa4-80aa-6236231db38b",122.6250000782311,91.15687776295934,34.11859268303488,29.316,0.4223499894142151,1609.032869,400.0,1.1,0.0,[0.1956621639701276],[-0.050000000000000024],-0.050000000000000024,28.698650331420136,15.1,0.29530984003311755,12,45,46.091026628214465,33.09530516475228,0.7161293519264718,1.1122777509162285,0.0,0.03631428909288771,0.2648819824880275,3.9837766562898955,3.862337391718214,57.61728711378046,8.06600472310541,0.001984229184766493,8.216303233301893,-0.3655282128416503,-0.44912782,375.4450535537508,0.21055466762353076,40551.527563648306,15415.71441707624,17949.319432714707,0.0,5149.20374102888,448.3888308411332,1494.5818559029942,3088.55157193223,12331.572304169942,1128.9494456021146,31.753106697130576,139.16869459173927,1185.2022375278991,214.75264759386846,858.989196102817,6.6955094,0.0,0.87177926,0.0051595606,0.004917243,0.11537618,0.067366235,0.0,0.0027677568,0.99869835,0.0011785756,0.0010677403,2.2801702E-5,9.9963705E-5,0.0,0.0,0.0,0.24650610721431476,0.0,0.20832973443384262,0.0,0.005341453112628189,0.014303377444722229,0.1035660110347153,0.0,0.09687421999400116,0.26266535060007873,0.0,8.547832496012852E-4,0.0,0.07211918665779059,0.1803571116830445,0.25247629834083507,0.004273916248006427,0.02674449620881143,0.10684418621288418,0.1335886824216956,0.014303377444722229,0.013104451438990259,0.05188184333979996,0.06498629477879023,0.014346153486378658,25.56375,0.010370939154885255,649.8133773231331,58.48320628299571,0.016024387152942833,1.575,0.0,0.0,0.012059232106179674,0.0,0.033764133464203865,0.07769673655129274,0.27901965657754174,0.0,0.0,0.0,0.0,7.382746000827938,7.382746000827938,6.072837221145148,3.6680981139284246,-0.39390513,-0.41611075,-0.43777734,-0.4514251,0.0,0.4338115747976499,1.8181375231279204,7.5548127767427875,0.0,-0.368848503714184,-0.40016107176387705,-0.5025743727587605,0.0,0.030969064061840374,0.04819459840655327,0.11318918466567993,0.0,0.0,0.0,0.0,0.0,0.0,0.0,0.0,0.0,0.0,0,0,0,0,0.0,0.0,0.0,0.0,0.0,0,0,0.9258702397346497,1.618521292731938E-4,0.008560485061025247,0.09414765770726725,0.08558717264624201
2012-07-20T16:30:00,2012,202,16,0,"718f4615-e576-4fa4-80aa-6236231db38b",122.66666674613953,91.19639961239382,34.87400933724666,28.13,0.44655001163482666,496.1613461,400.0,1.1,0.0,[0.1956621639701276],[-0.050000000000000024],-0.050000000000000024,28.698650331420136,15.1,0.29530984003311755,12,45,15.84059637428542,11.358760554098904,0.7981575196656284,1.2718488813481847,0.0,0.123560002986254,0.24377120319235185,1.2423658172289531,1.205701629925419,17.241731552822838,4.413193725471654,0.0010852389842170966,4.550395687405682,-0.29924532297502643,-0.5035643,337.7096711163737,0.20805905934704585,40584.2945484103,15433.153989041402,17950.93202654901,0.0,5162.866559523845,448.4062178795915,1494.6164713424453,3088.8578299845585,12332.40422585375,1136.6110856396992,31.76401387605659,139.18117904223934,1185.3196665545458,214.77376364299926,859.0726595502451,6.634649,0.0,0.86794704,0.005265924,0.004800997,0.1192152,0.06890522,0.0,0.0027708206,0.9986795,0.0011962529,0.0010837533,2.3149832E-5,1.0146195E-4,0.0,0.0,0.0,0.2445607541188533,0.0,0.20668796155697367,0.0,0.005299577956808975,0.014189793448474508,0.10884323122594783,0.0,0.10218777754124475,0.25913363471655443,0.0,8.969284687796623E-4,0.0,0.07567592136258355,0.18925186103527272,0.2649277823978563,0.004484642343898312,0.026533390094328046,0.10599856979556595,0.132531959889894,0.014189793448474508,0.012040545369904766,0.04766165272754108,0.05970219809744585,0.013178496316761908,17.706347,0.009911507474930146,650.3543987839847,58.5318982164072,0.016024780177174704,1.575,0.0,0.0,0.011525009198999576,0.0,0.11418723984766815,0.14454764578880394,0.256646986874683,0.0,0.0,0.0,0.0,7.382746000827938,7.382746000827938,6.072837221145148,3.6680981139284246,-0.3161739,-0.32854527,-0.3396039,-0.34651756,0.0,0.4987555150901269,0.8283387139899021,1.931759631575008,0.0,-0.44876681285363756,-0.481010192880693,-0.5316775448138676,0.0,0.03229663707315922,0.037855153903365135,0.050568252056837085,0.0,0.0,0.0,0.0,0.0,0.0,0.0,0.0,0.0,0.0,0,0,0,0,0.0,0.0,0.0,0.0,0.0,0,0,0.9258702397346497,1.6185217006983276E-4,0.008609937984147109,0.08650258109422797,0.07789264311008086
2012-07-20T17:30:00,2012,202,17,0,"718f4615-e576-4fa4-80aa-6236231db38b",122.70833341404796,91.23659319245041,35.60769683940298,27.6085,0.47690001130104065,444.8442308,400.0,1.1,0.0,[0.1956621639701276],[-0.050000000000000024],-0.050000000000000024,28.698650331420136,15.1,0.29530984003311755,12,45,15.927708179369732,11.776774772126954,0.895128399817933,1.4707738570455213,0.0,0.19470117415619034,0.24417724150529238,1.4056207338968914,1.3599160266740222,18.42262548299196,4.256718077360911,0.0012021928336561254,4.380593981163106,-0.29698666895659176,-0.40300354,339.9592505617689,0.208119464820118,40616.491070775584,15449.921748627834,17952.563896999054,0.0,5176.613140311544,448.4227259945594,1494.650276771922,3089.166984947422,12333.24107321214,1143.9775817007633,31.774536690749954,139.1932259528413,1185.4330175425546,214.79414910410617,859.1532192198406,6.677534,0.0,0.86765975,0.0052211215,0.0047049164,0.11967088,0.068761334,0.0,0.0027433292,0.9987367,0.0011445971,0.0010369535,2.2155606E-5,9.707978E-5,0.0,0.0,0.0,0.24372415693342742,0.0,0.20598332750689632,0.0,0.00528165791714232,0.014140498317179027,0.11117859349280669,0.0,0.10447247436038148,0.2607222986789724,0.0,9.122902728924811E-4,0.0,0.0769731973930213,0.19249611056956006,0.2694693079625814,0.004561451364462407,0.026442553625174184,0.10563333156052229,0.13207588518569646,0.014140498317179027,0.011620434859062521,0.04599049676601466,0.05761093162507718,0.012715291007534482,17.23472,0.009721427724883717,650.9067242310604,58.58160750861928,0.016025675952578814,1.575,0.0,0.0,0.011303986224101998,0.0,0.1803444384299761,0.20204398557050357,0.2568122472793907,0.0,0.0,0.0,0.0,7.382746000827938,7.382746000827938,6.072837221145148,3.6680981139284246,-0.31343713,-0.32535493,-0.33573908,-0.34215507,0.0,1.0148390300194883,1.2033043890617754,1.6922515347565406,0.0,-0.36559683724391506,-0.3898417208164597,-0.4205867160296193,0.0,0.040571981420119606,0.04283075034618378,0.04922932609915733,0.0,0.0,0.0,0.0,0.0,0.0,0.0,0.0,0.0,0.0,0,0,0,0,0.0,0.0,0.0,0.0,0.0,0,0,0.9258702397346497,1.6185220956670541E-4,0.008291337682749145,0.08347598787382648,0.07518465019107734
2012-07-20T18:30:00,2012,202,18,0,"718f4615-e576-4fa4-80aa-6236231db38b",122.75000008195639,91.27747071625885,36.31284269629443,26.9235,0.4752500057220459,261.9438461,400.0,1.1,0.0,[0.1956621639701276],[-0.050000000000000024],-0.050000000000000024,28.698650331420136,15.1,0.29530984003311755,12,45,6.912390228143873,4.819197032374639,0.6597206167524347,1.0221013871921525,0.0,0.03448733416645364,0.2426189707098193,0.13200614353020987,0.1272059332122144,3.033729610203118,2.859718118983725,2.946803266751138E-4,3.0588295789409528,-0.2763049816579289,-0.3792616,94.04756549847588,0.19902765840076841,40617.97103519432,15436.287977889338,17954.172180729758,0.0,5190.071990807006,448.43772096496554,1494.6818848181179,3089.470754369782,12334.056998459342,1137.9879253054128,31.78438541526281,139.20425741969748,1185.533677155576,214.81219450743305,859.2244659098205,8.73253,0.24971507,0.6495891,0.0039436338,0.0034962941,0.09116782,0.052049007,0.0,0.0020880462,0.998744,0.0011380101,0.0010309843,2.2033293E-5,9.652021E-5,0.0,0.0,0.0,2.423265789754567,2.18064441735324,0.20505376996199887,0.0,0.005257938371511214,0.014075737095221494,0.11154609834153778,0.0,0.10496245385118863,0.2552651086802509,0.0,9.110865196769102E-4,0.0,0.07687289598261819,0.19224530615403632,0.2691182021366545,0.004555432598384552,0.026322819199721112,0.1051526508108793,0.1314754700106004,0.014075737095221494,0.010878702038979818,0.04304713808478966,0.053925840123769476,0.011900325003910757,12.636629,0.009354503919812527,651.469927008754,58.63229576062587,0.016038957889951563,1.575,0.0,0.0,0.010877330618032633,0.0,0.031909406027181765,0.07299818429223619,0.2549833748014295,0.0,0.0,0.0,0.0,7.382746000827938,7.382746000827938,6.072837221145148,3.6680981139284246,-0.28853023,-0.29709008,-0.30498585,-0.31015652,0.0,-0.43959983856573664,-0.24326382946361066,0.7636652064196451,0.0,-0.34542351036233415,-0.364954498776259,-0.3967129915949403,0.0,0.023760000243782997,0.023760000243782997,0.038360749185085294,0.0,0.0,0.0,0.0,0.0,0.0,0.0,0.0,0.0,0.0,0,0,0,0,0.0,0.0,0.0,0.0,0.0,0,0,0.9258702397346497,1.6185223420875288E-4,0.01078056408005068,0.07816002421873294,0.06737946013868226
2012-07-20T19:30:00,2012,202,19,0,"718f4615-e576-4fa4-80aa-6236231db38b",122.79166674986482,91.31899502831283,36.97230103529393,25.827,0.46445000171661377,141.1130769,400.0,1.1,0.0,[0.1956621639701276],[-0.050000000000000024],-0.050000000000000024,28.698650331420136,15.1,0.29530984003311755,12,45,5.066452401719736,3.7473797262683934,0.8975873308520662,1.4753257964745452,0.0,0.19714630755578547,0.24407054029242742,0.06438227949547581,0.0446928531424331,0.8119378390324566,2.1650383038083607,1.0417288609785745E-4,2.757236127264309,-0.2595826147264602,-0.33733082,272.88627366300017,0.20592316987626966,40619.22376335827,15422.186447976032,17955.82224972852,0.0,5203.731741147867,448.45138362919283,1494.7126628929288,3089.7817852556527,12334.890108866986,1131.7927706083353,31.79363144010029,139.21479391800872,1185.6322248519841,214.82990993943275,859.2944349621455,6.8110304,0.023875108,0.8452804,0.0050447746,0.004380756,0.11876163,0.067297876,0.0,0.002657334,0.99882025,0.001068093,9.67641E-4,2.0684263E-5,9.0589696E-5,0.0,0.0,0.0,0.4034662914306182,0.16261408985031386,0.2035609514031564,0.0,0.005219742961043049,0.013972323800827148,0.11531966453045359,0.0,0.10862394402866402,0.2590754430685254,0.0,9.384884336001267E-4,0.0,0.07918634230312131,0.19803081540497502,0.27721715770809635,0.004692442168000635,0.026130754005529798,0.10438304876150688,0.13051380276703667,0.013972323800827148,0.010216685897588802,0.04042024499712449,0.050636930894713286,0.011172696226982342,10.330279,0.009053628696344442,652.0436572621393,58.68393148548237,0.016052587835278475,1.575,0.0,0.0,0.010527475691625971,0.0,0.1830484616845553,0.20375381308938842,0.2566280899356116,0.0,0.0,0.0,0.0,7.382746000827938,7.382746000827938,6.072837221145148,3.6680981139284246,-0.26971677,-0.27650365,-0.28255945,-0.2865806,0.0,-0.029860133483527434,0.01515759904677727,0.11305284839453408,0.0,-0.3163240484653205,-0.3304574305052499,-0.3461454921943621,0.0,0.023760000243782997,0.023760000243782997,0.023760000243782997,0.0,0.0,0.0,0.0,0.0,0.0,0.0,0.0,0.0,0.0,0,0,0,0,0.0,0.0,0.0,0.0,0.0,0,0,0.9258702397346497,1.6185226657023402E-4,0.007891822217061417,0.07338109325017908,0.06548927103311766
2012-07-20T20:30:00,2012,202,20,0,"718f4615-e576-4fa4-80aa-6236231db38b",122.83333341777325,91.36063337391292,37.581717697234446,24.626,0.5105999708175659,55.81230769,400.0,1.1,0.0,[0.1956621639701276],[-0.050000000000000024],-0.050000000000000024,28.698650331420136,15.1,0.29530984003311755,12,45,0.9568516548207331,0.6869608892872923,0.42860244201664416,0.6838006781814545,0.0,0.022589988921028672,0.16259784090427026,-0.479897399743398,-0.4650342215324869,-5.7322136616169885,1.8208641873243079,0.0,1.8958540610000865,-0.24747443619708337,-0.3099265,41.923448639692516,0.1880687959612063,40592.49380584917,15380.731812079357,17957.38010562596,0.0,5216.860684763072,448.4625147529201,1494.7394128168692,3090.07432976915,12335.663513739924,1113.5807124933806,31.80177416030703,139.22358905669415,1185.7078984981713,214.84339129468475,859.3475590902672,12.129551,0.47255737,0.45620066,0.0027144048,0.0023293623,0.06471812,0.036429793,0.0,0.0014800733,0.9988883,0.0010071744,9.124503E-4,1.950859E-5,8.542228E-5,0.0,0.0,0.0,5.9708346553923155,5.731908884383194,0.20193530330534115,0.0,0.005178087733002686,0.01385975508442706,0.11206012193549315,0.0,0.10562035674792457,0.2490079832539938,0.0,9.062544485909577E-4,0.0,0.07646805404471485,0.19123286050361582,0.26770091454833067,0.004531272242954789,0.025921626068417164,0.1035452487763926,0.12946687484480976,0.01385975508442706,0.009022035966872944,0.03568722227464696,0.0447092582415199,0.009863092781473265,9.220792,0.008402744216502247,652.6271581487646,58.736446567365405,0.016077532986030152,1.575,0.0,0.0,0.009770633239895873,0.0,0.02093139164488857,0.048226050051431706,0.17108572076228024,0.0,0.0,0.0,0.0,7.382746000827938,7.382746000827938,6.072837221145148,3.6680981139284246,-0.25657484,-0.2625288,-0.26790538,-0.2715554,0.0,-0.5439064701398214,-0.517319045553565,-0.37588301315122374,0.0,-0.29282928822815113,-0.304507914398185,-0.316845857101939,0.0,0.023760000243782997,0.023760000243782997,0.023760000243782997,0.0,0.0,0.0,0.0,0.0,0.0,0.0,0.0,0.0,0.0,0,0,0,0,0.0,0.0,0.0,0.0,0.0,0,0,0.9258702397346497,1.618522693945599E-4,0.01325269687367836,0.0648277952181965,0.051575098344518136
2012-07-20T21:30:00,2012,202,21,0,"718f4615-e576-4fa4-80aa-6236231db38b",122.87500008568168,91.40175312312934,38.13717602105463,23.331,0.5833500027656555,9.278076924,400.0,1.1,0.0,[0.1956621639701276],[-0.050000000000000024],-0.050000000000000024,28.698650331420136,15.1,0.29530984003311755,12,45,0.0,0.0,0.0,0.0,0.0,0.0,0.0,-0.5689698159694672,-0.5689698159694672,0.0,0.29530984003311755,0.0,0.4429647757177188,-0.0959917249935405,-0.3099265,69.83199129446461,0.19511603466089938,40584.940152580246,15358.277208908346,17958.94481615498,0.0,5230.161057690013,448.47256700835334,1494.7652290840977,3090.367518791812,12336.438403091206,1103.7158438471338,31.809314449171755,139.23193977799122,1185.7828131674569,214.85680094615333,859.4004447900934,9.587065,0.325438,0.58472145,0.0034439769,0.002858221,0.0816821,0.045707207,0.0,0.001856256,0.9989892,9.1491744E-4,8.2886865E-4,1.7725017E-5,7.759758E-5,0.0,0.0,0.0,3.3568585912291895,3.11999494559931,0.2001947901149896,0.0,0.005133452360809703,0.013739356687613549,0.11293174658466683,0.0,0.10641699967978234,0.2522593695374017,0.0,9.089831373866746E-4,0.0,0.07669989992435369,0.19181266103240868,0.26851256095676235,0.004544915686933374,0.02569772659806391,0.10264858524529238,0.1283463118433563,0.013739356687613549,0.008343146476449587,0.032995927506810116,0.0413390739832597,0.009117677431486053,6.42095,0.008041289227412485,653.2200093721123,58.7898031795869,0.016095132995547434,1.575,0.0,0.0,0.009350336722456866,0.0,0.0,0.0,0.0,0.0,0.0,0.0,0.0,7.382746000827938,7.382746000827938,6.072837221145148,3.6680981139284246,-0.10094773,-0.10355202,-0.10618441,-0.10841953,0.0,0.0,0.0,0.0,0.0,-0.29282928822815113,-0.304507914398185,-0.316845857101939,0.0,0.023760000243782997,0.023760000243782997,0.023760000243782997,0.0,0.0,0.0,0.0,0.0,0.0,0.0,0.0,0.0,0.0,0,0,0,0,0.0,0.0,0.0,0.0,0.0,0,0,0.9258702397346497,1.6185228332762144E-4,0.009515318521152949,0.059929457467119016,0.05041413894596607
2012-07-20T22:30:00,2012,202,22,0,"718f4615-e576-4fa4-80aa-6236231db38b",122.9166667535901,91.44206744264481,38.65148854210438,22.3435,0.691349983215332,0.404279615,400.0,1.1,0.0,[0.1956621639701276],[-0.050000000000000024],-0.050000000000000024,28.698650331420136,15.1,0.29530984003311755,12,45,0.0,0.0,0.0,0.0,0.0,0.0,0.0,-0.5342532992362976,-0.5342532992362976,0.0,0.29530984003311755,0.0,0.4429647757177188,-0.09605754961967353,-0.3099265,70.08250490837042,0.19474382065957663,40577.461279429,15335.755769551526,17960.47381879349,0.0,5243.641443607427,448.4813912920075,1494.7895845151777,3090.6531970324504,12337.19140124012,1093.8216123932345,31.81631691610301,139.2396862658848,1185.8521970169188,214.86921975421825,859.4494094714437,9.615021,0.32107136,0.5909122,0.003331217,0.00276331,0.08008338,0.044612966,0.0,0.0018385338,0.9990521,8.5888075E-4,7.7810104E-4,1.664229E-5,7.2844654E-5,0.0,0.0,0.0,3.322415714483342,3.0871078566292334,0.19888224769871327,0.0,0.0050997508871754174,0.013648318578226378,0.11135469432629815,0.0,0.10478258707618099,0.25567355677371206,0.0,8.904726551457734E-4,0.0,0.07513961272303217,0.1879106589813144,0.2630502717043466,0.004452363275728868,0.025528766627377898,0.10197139689064502,0.12750016351802293,0.013648318578226378,0.007751931845330447,0.030652252696761917,0.038404184542092365,0.008468602863173158,6.411773,0.00769052223420818,653.8218030635676,58.84396461397006,0.016112930243741656,1.575,0.0,0.0,0.008942468107757213,0.0,0.0,0.0,0.0,0.0,0.0,0.0,0.0,7.382746000827938,7.382746000827938,6.072837221145148,3.6680981139284246,-0.10101348,-0.103617795,-0.10625019,-0.10848532,0.0,0.0,0.0,0.0,0.0,-0.29282928822815113,-0.304507914398185,-0.316845857101939,0.0,0.023760000243782997,0.023760000243782997,0.023760000243782997,0.0,0.0,0.0,0.0,0.0,0.0,0.0,0.0,0.0,0.0,0,0,0,0,0.0,0.0,0.0,0.0,0.0,0,0,0.9258702397346497,1.618522958463504E-4,0.008958548845839687,0.0556768112991163,0.046718262453276614
2012-07-20T23:30:00,2012,202,23,0,"718f4615-e576-4fa4-80aa-6236231db38b",122.95833342149854,91.48158987953883,39.13584273465002,21.6245,0.7750499844551086,0.0,400.0,1.1,0.0,[0.1956621639701276],[-0.050000000000000024],-0.050000000000000024,28.698650331420136,15.1,0.29530984003311755,12,45,0.0,0.0,0.0,0.0,0.0,0.0,0.0,-0.5101807713508606,-0.5101807713508606,0.0,0.29530984003311755,0.0,0.4429647757177188,-0.09595514722916029,-0.3099265,70.17778450753426,0.19463408682098393,40570.0415681609,15313.369355159228,17961.97206608375,0.0,5257.078595245312,448.48937677079937,1494.812905289935,3090.932316485487,12337.925926717548,1083.9867007825233,31.822950989330998,139.24702312822674,1185.9178936820792,214.8809794514571,859.4957645778713,9.556982,0.3201888,0.5925941,0.0032686477,0.0027174167,0.079390325,0.04406349,0.0,0.0018407226,0.99909174,8.220828E-4,7.4476306E-4,1.5931842E-5,6.9723494E-5,0.0,0.0,0.0,3.294225235816398,3.0600385314193046,0.19793699995573183,0.0,0.005075444469163307,0.013582506860700805,0.10974681540646188,0.0,0.10321062324640999,0.2548535608114383,0.0,8.727796975754712E-4,0.0,0.07364825325190176,0.18418103296204855,0.2578292862139503,0.004363898487877357,0.025406953291480915,0.10148260881046586,0.12688956210194677,0.013582506860700805,0.007347435621595991,0.02904770623157955,0.03639514185317554,0.008023897042821991,6.4260607,0.007435804937973645,654.4322430402152,58.89890421405145,0.016130923650662692,1.575,0.0,0.0,0.008646285192123786,0.0,0.0,0.0,0.0,0.0,0.0,0.0,0.0,7.382746000827938,7.382746000827938,6.072837221145148,3.6680981139284246,-0.10091097,-0.10351525,-0.106147625,-0.10838275,0.0,0.0,0.0,0.0,0.0,-0.29282928822815113,-0.304507914398185,-0.316845857101939,0.0,0.023760000243782997,0.023760000243782997,0.023760000243782997,0.0,0.0,0.0,0.0,0.0,0.0,0.0,0.0,0.0,0.0,0,0,0,0,0.0,0.0,0.0,0.0,0.0,0,0,0.9258702397346497,1.6185230763478658E-4,0.008522980449924944,0.05276566307346065,0.04424268262353571
2012-07-21T00:30:00,2012,203,0,0,"718f4615-e576-4fa4-80aa-6236231db38b",123.00000008940697,91.5199370319525,39.583863603587815,20.7525,0.7976999878883362,0.367526924,400.0,1.1,0.0,[0.1956621639701276],[-0.050000000000000024],-0.050000000000000024,28.698650331420136,15.1,0.29530984003311755,12,45,0.0,0.0,0.0,0.0,0.0,0.0,0.0,-0.48229044675827026,-0.48229044675827026,0.0,0.29530984003311755,0.0,0.4429647757177188,-0.09587385329748535,-0.3099265,70.44098279280283,0.19454482326202388,40562.687219816755,15291.133245446092,17963.425198544144,0.0,5270.478064667043,448.49641323523514,1494.8350303577233,3091.2022152603313,12338.63525322479,1074.21782177571,31.829167100916735,139.25391374941267,1185.9797342487207,214.89205381245336,859.5394123061567,9.492103,0.31922254,0.5949713,0.0031814026,0.0026594067,0.07812293,0.04321441,0.0,0.0018424019,0.9991643,7.5820833E-4,6.868953E-4,1.4523141E-5,6.354861E-5,0.0,0.0,0.0,3.2629224245772503,3.0300931721355924,0.19679197534551604,0.0,0.005046001634078011,0.013503006412762652,0.10706434450064428,0.0,0.10057126768310917,0.25413886716024653,0.0,8.455464361963021E-4,0.0,0.07140082691714307,0.17856061993689223,0.24996144685403532,0.0042277321809815116,0.02525950024339171,0.10089147048635172,0.12615097072974343,0.013503006412762652,0.0068816545584605045,0.027201576832026602,0.034083231390487106,0.007512623252992724,6.4374485,0.007129153918554371,655.0509727310863,58.9545898884426,0.016149101985803927,1.575,0.0,0.0,0.008289714223617843,0.0,0.0,0.0,0.0,0.0,0.0,0.0,0.0,7.382746000827938,7.382746000827938,6.072837221145148,3.6680981139284246,-0.10082957,-0.10343383,-0.10606619,-0.108301304,0.0,0.0,0.0,0.0,0.0,-0.29282928822815113,-0.304507914398185,-0.316845857101939,0.0,0.023760000243782997,0.023760000243782997,0.023760000243782997,0.0,0.0,0.0,0.0,0.0,0.0,0.0,0.0,0.0,0.0,0,0,0,0,0.0,0.0,0.0,0.0,0.0,0,0,0.9304812550544739,1.5767817944042865E-4,0.007800223778758664,0.0494151832639091,0.041614959485150434
2012-07-21T01:30:00,2012,203,1,0,"718f4615-e576-4fa4-80aa-6236231db38b",123.0416667573154,91.55719934534982,40.00313444941639,20.0625,0.803600013256073,0.147010769,400.0,1.1,0.0,[0.1956621639701276],[-0.050000000000000024],-0.050000000000000024,28.698650331420136,15.1,0.29530984003311755,12,45,0.0,0.0,0.0,0.0,0.0,0.0,0.0,-0.4611966162919998,-0.4611966162919998,0.0,0.29530984003311755,0.0,0.4429647757177188,-0.09579835786997315,-0.3099265,70.58270261880796,0.1944354293378895,40555.38944061604,15269.031972526243,17964.838834614544,0.0,5283.840304169153,448.50278778123084,1494.856275996541,3091.464039849091,12339.322838393546,1064.508179943756,31.835089931766884,139.2604924903657,1186.0388056631266,214.90263459638084,859.5811063659385,9.434241,0.3184327,0.59695715,0.0031183183,0.0026201336,0.07702666,0.04249956,0.0,0.0018450676,0.9991986,7.267236E-4,6.58371E-4,1.3922058E-5,6.0909577E-5,0.0,0.0,0.0,3.2359350417303014,3.0041708228840824,0.19589403647234888,0.0,0.0050228816629924854,0.013440487690574349,0.1046109134031403,0.0,0.09815763906581804,0.25343275191795794,0.0,8.214354058120795E-4,0.0,0.06936625324531133,0.17347251336373057,0.2428387666090419,0.004107177029060398,0.025143768146106898,0.10042711911374153,0.1255708872598484,0.013440487690574349,0.006571233895452121,0.025970218790432546,0.03254145268588467,0.007171307331387293,6.4480605,0.006885261236961322,655.6777085400273,59.01099611348867,0.016167461774719616,1.575,0.0,0.0,0.008006118069749395,0.0,0.0,0.0,0.0,0.0,0.0,0.0,0.0,7.382746000827938,7.382746000827938,6.072837221145148,3.6680981139284246,-0.10075397,-0.10335822,-0.10599056,-0.108225666,0.0,0.0,0.0,0.0,0.0,-0.29282928822815113,-0.304507914398185,-0.316845857101939,0.0,0.023760000243782997,0.023760000243782997,0.023760000243782997,0.0,0.0,0.0,0.0,0.0,0.0,0.0,0.0,0.0,0.0,0,0,0,0,0.0,0.0,0.0,0.0,0.0,0,0,0.9304812550544739,1.576781906632275E-4,0.0074307266404503025,0.04717714821511791,0.03974642157466761
2012-07-21T02:30:00,2012,203,2,0,"718f4615-e576-4fa4-80aa-6236231db38b",123.08333342522383,91.59353858722605,40.400238645083824,19.5305,0.809499979019165,0.661548461,400.0,1.1,0.0,[0.1956621639701276],[-0.050000000000000024],-0.050000000000000024,28.698650331420136,15.1,0.29530984003311755,12,45,0.0,0.0,0.0,0.0,0.0,0.0,0.0,-0.44550082087516785,-0.44550082087516785,0.0,0.29530984003311755,0.0,0.4429647757177188,-0.095733726505743,-0.3099265,70.60286343458534,0.194304497285002,40548.14050890551,15247.049447050735,17966.218965066248,0.0,5297.167438858517,448.50862384602453,1494.876770586546,3091.7189525144126,12339.991780135044,1054.8507068333597,31.84077485448866,139.2668048038277,1186.0954631814725,214.91278352203915,859.6210899269861,9.383329,0.3177637,0.5986193,0.0030587518,0.0025876507,0.07612223,0.04189689,0.0,0.0018484133,0.9992234,7.0478395E-4,6.384942E-4,1.3503594E-5,5.9070582E-5,0.0,0.0,0.0,3.2126316762127898,2.981681397149293,0.1952082595223799,0.0,0.005005194720847974,0.013392554518765393,0.10254966818312303,0.0,0.09613176190685915,0.2527669421711681,0.0,8.008631169045677E-4,0.0,0.06763038394423176,0.16913141286924852,0.23676179681348028,0.0040043155845228395,0.025055273832789535,0.10007164437596863,0.12512691820875815,0.013392554518765393,0.006309973178850997,0.024933644934065944,0.03124361811291694,0.006883909566255932,6.457173,0.006706501157797169,656.3122426064716,59.06810418173793,0.01618600099460361,1.575,0.0,0.0,0.007798257503433747,0.0,0.0,0.0,0.0,0.0,0.0,0.0,0.0,7.382746000827938,7.382746000827938,6.072837221145148,3.6680981139284246,-0.10068925,-0.10329347,-0.105925806,-0.1081609,0.0,0.0,0.0,0.0,0.0,-0.29282928822815113,-0.304507914398185,-0.316845857101939,0.0,0.023760000243782997,0.023760000243782997,0.023760000243782997,0.0,0.0,0.0,0.0,0.0,0.0,0.0,0.0,0.0,0.0,0,0,0,0,0.0,0.0,0.0,0.0,0.0,0,0,0.9304812550544739,1.5767820135077816E-4,0.007167495907197008,0.04529684500836678,0.038129349101169774
2012-07-21T03:30:00,2012,203,3,0,"718f4615-e576-4fa4-80aa-6236231db38b",123.12500009313226,91.62902558447509,40.77823867732994,19.072,0.8109999895095825,0.404279615,400.0,1.1,0.0,[0.1956621639701276],[-0.050000000000000024],-0.050000000000000024,28.698650331420136,15.1,0.29530984003311755,12,45,0.0,0.0,0.0,0.0,0.0,0.0,0.0,-0.4323590099811554,-0.4323590099811554,0.0,0.29530984003311755,0.0,0.4429647757177188,-0.09568425667207832,-0.3099265,70.56648380069602,0.1941621527961666,40540.936678779864,15225.177474219967,17967.568588349957,0.0,5310.460722811041,448.51401082734753,1494.8966211010581,3091.967554069966,12340.643797812874,1045.241802264146,31.846261067410005,139.2728941502126,1186.1500950745617,214.92257000271167,859.6596372577894,9.335892,0.31714693,0.60013276,0.0030056927,0.0025605008,0.07530205,0.04135117,0.0,0.0018520509,0.99924225,6.872564E-4,6.226146E-4,1.3169491E-5,5.7601388E-5,0.0,0.0,0.0,3.191102442579133,2.960849245274793,0.1946212027184454,0.0,0.0049900347782560195,0.013351413094998882,0.10064599268911081,0.0,0.09426137392197675,0.25212491765194317,0.0,7.818428193130869E-4,0.0,0.06602548229988336,0.1651178390925929,0.23114332139247626,0.003909214096565436,0.024979454096320172,0.09976684559556483,0.124746299691885,0.013351413094998882,0.006091977408531352,0.024068438524494327,0.03016041593302568,0.006643931176364629,6.464165,0.00654209452435851,656.9543837599069,59.12589688784359,0.016204716456484174,1.575,0.0,0.0,0.007607086991021814,0.0,0.0,0.0,0.0,0.0,0.0,0.0,0.0,7.382746000827938,7.382746000827938,6.072837221145148,3.6680981139284246,-0.100639686,-0.1032439,-0.10587622,-0.108111314,0.0,0.0,0.0,0.0,0.0,-0.29282928822815113,-0.304507914398185,-0.316845857101939,0.0,0.023760000243782997,0.023760000243782997,0.023760000243782997,0.0,0.0,0.0,0.0,0.0,0.0,0.0,0.0,0.0,0.0,0,0,0,0,0.0,0.0,0.0,0.0,0.0,0,0,0.9304812550544739,1.5767821157009225E-4,0.006953962245461298,0.043727626136132715,0.03677366389067142
2012-07-21T04:30:00,2012,203,4,0,"718f4615-e576-4fa4-80aa-6236231db38b",123.16666676104069,91.66364520297644,41.137842887774354,18.6305,0.8075000047683716,0.294021539,400.0,1.1,0.0,[0.1956621639701276],[-0.050000000000000024],-0.050000000000000024,28.698650331420136,15.1,0.29530984003311755,12,45,0.0,0.0,0.0,0.0,0.0,0.0,0.0,-0.42003360390663147,-0.42003360390663147,0.0,0.29530984003311755,0.0,0.4429647757177188,-0.09565321338206442,-0.3099265,66.40316664741437,0.19230917463386138,40533.77530001822,15203.472552598956,17968.880788950453,0.0,5323.668060208832,448.51892760347664,1494.915711225598,3092.208584530762,12341.275231606307,1035.7062874684636,31.851540113372998,139.27871914278717,1186.20186591318,214.93183543700547,859.6961154737962,9.264917,0.3173814,0.6008203,0.0029539284,0.0025370857,0.07444659,0.04080033,0.0,0.0018606712,0.9992147,7.126012E-4,6.4557476E-4,1.36568815E-5,5.972548E-5,0.0,0.0,0.0,3.1700965938148387,2.9405124811506367,0.1940577583865783,0.0,0.004975476487105726,0.013311912995525981,0.0983210983561138,0.0,0.09199487884138928,0.25049482623798386,0.0,7.596678205471039E-4,0.0,0.06415406972150449,0.1604377696700744,0.2245918393915789,0.0037983391027355206,0.024906668213683876,0.0994742270016843,0.12438089521536819,0.013311912995525981,0.005866172775425478,0.023172747036004686,0.029038919811430162,0.006395636451015658,6.4685607,0.00636725489693565,657.6039286984321,59.18435593463381,0.016223604236986447,1.575,0.0,0.0,0.007403785089722252,0.0,0.0,0.0,0.0,0.0,0.0,0.0,0.0,7.382746000827938,7.382746000827938,6.072837221145148,3.6680981139284246,-0.100608565,-0.10321277,-0.10584509,-0.10808017,0.0,0.0,0.0,0.0,0.0,-0.29282928822815113,-0.304507914398185,-0.316845857101939,0.0,0.023760000243782997,0.023760000243782997,0.023760000243782997,0.0,0.0,0.0,0.0,0.0,0.0,0.0,0.0,0.0,0.0,0,0,0,0,0.0,0.0,0.0,0.0,0.0,0,0,0.9304812550544739,1.5767821954007057E-4,0.007155536066420609,0.042104991322106884,0.034949455255686275
2012-07-21T05:30:00,2012,203,5,0,"718f4615-e576-4fa4-80aa-6236231db38b",123.20833342894912,91.69739745274693,41.47990537126573,18.2095,0.8050000071525574,0.110258077,400.0,1.1,0.0,[0.1956621639701276],[-0.050000000000000024],-0.050000000000000024,28.698650331420136,15.1,0.29530984003311755,12,45,0.0,0.0,0.0,0.0,0.0,0.0,0.0,-0.40857449173927307,-0.40857449173927307,0.0,0.29530984003311755,0.0,0.4429647757177188,-0.09564263474073012,-0.3099265,66.34007400587899,0.19216087543393912,40526.65686187326,15181.877894695364,17970.162178476625,0.0,5336.839849768607,448.5234584974212,1494.9342230404663,3092.4433444628257,12341.890011366038,1026.2192142809668,31.856647890967437,139.2843527119481,1186.251907806035,214.94079166493407,859.7313688552279,9.217691,0.31686512,0.6022731,0.0029020498,0.0025131153,0.073581696,0.04025268,0.0,0.0018648844,0.9992317,6.968629E-4,6.313161E-4,1.3356891E-5,5.8406302E-5,0.0,0.0,0.0,3.14971330770177,2.920764978728606,0.19352239976061464,0.0,0.004961637088516179,0.013274362557896676,0.09632549867033924,0.0,0.09003353399468517,0.24982061392412194,0.0,7.403954773402696E-4,0.0,0.06252767020641029,0.15637043397347342,0.2188981041798837,0.0037019773867013484,0.024837492173228455,0.09919609240894497,0.12403358458217342,0.013274362557896676,0.005678211645320701,0.022426899318546224,0.028105110963866926,0.006188782003470801,6.47006,0.00621655231063058,658.2607021864737,59.24346555090636,0.016242659848060483,1.575,0.0,0.0,0.007228549516539052,0.0,0.0,0.0,0.0,0.0,0.0,0.0,0.0,7.382746000827938,7.382746000827938,6.072837221145148,3.6680981139284246,-0.10059792,-0.10320212,-0.10583443,-0.10806952,0.0,0.0,0.0,0.0,0.0,-0.29282928822815113,-0.304507914398185,-0.316845857101939,0.0,0.023760000243782997,0.023760000243782997,0.023760000243782997,0.0,0.0,0.0,0.0,0.0,0.0,0.0,0.0,0.0,0.0,0,0,0,0,0.0,0.0,0.0,0.0,0.0,0,0,0.9304812550544739,1.576782271455758E-4,0.006961834016692592,0.040752108012517024,0.03379027399582443
2012-07-21T06:30:00,2012,203,6,0,"718f4615-e576-4fa4-80aa-6236231db38b",123.25000009685755,91.73057815437608,41.81080120238065,17.9415,0.8084999918937683,6.041538461,400.0,1.1,0.0,[0.1956621639701276],[-0.050000000000000024],-0.050000000000000024,28.698650331420136,15.1,0.29530984003311755,12,45,0.0,0.0,0.0,0.0,0.0,0.0,0.0,-0.4014265388250351,-0.4014265388250351,0.0,0.29530984003311755,0.0,0.4429647757177188,-0.09565321338206442,-0.3099265,66.13461705353272,0.19198440869903566,40519.57468552758,15160.373526571428,17971.42411093827,0.0,5349.977683337316,448.5277469661468,1494.9523623543728,3092.673947674647,12342.493762828275,1016.771807651352,31.861647995342455,139.28986460056944,1186.300833784699,214.9495482088035,859.7658289210578,9.179089,0.31638962,0.60324687,0.0028703657,0.0024999739,0.073123865,0.03992206,0.0,0.0018693344,0.9992387,6.8954297E-4,6.2468403E-4,1.321815E-5,5.779269E-5,0.0,0.0,0.0,3.1327187248580506,2.9041683654745905,0.19318800630654193,0.0,0.0049529489954268455,0.013250618159363249,0.0950999221481489,0.0,0.08883508754089543,0.24917659311769733,0.0,7.275769824157434E-4,0.0,0.06144622828900539,0.15366593916635293,0.21511216745535833,0.0036378849120787178,0.024794114101742495,0.09902103794050653,0.12381515204224902,0.013250618159363249,0.005560807449457555,0.02195999229931806,0.027520799748775616,0.00605897704985932,6.4685607,0.00611802520047251,658.9245896576197,59.30321542568374,0.01626188317057949,1.575,0.0,0.0,0.007113983104336392,0.0,0.0,0.0,0.0,0.0,0.0,0.0,0.0,7.382746000827938,7.382746000827938,6.072837221145148,3.6680981139284246,-0.10060843,-0.10321263,-0.105844945,-0.10808004,0.0,0.0,0.0,0.0,0.0,-0.29282928822815113,-0.304507914398185,-0.316845857101939,0.0,0.023760000243782997,0.023760000243782997,0.023760000243782997,0.0,0.0,0.0,0.0,0.0,0.0,0.0,0.0,0.0,0.0,0,0,0,0,0.0,0.0,0.0,0.0,0.0,0,0,0.9304812550544739,1.5767823445693015E-4,0.006859853943751659,0.039905964884832903,0.033046110941081244
2012-07-21T07:30:00,2012,203,7,0,"718f4615-e576-4fa4-80aa-6236231db38b",123.29166676476598,91.76576084253351,42.182238683568556,18.9145,0.8220000267028809,68.61461539,400.0,1.1,0.0,[0.1956621639701276],[-0.050000000000000024],-0.050000000000000024,28.698650331420136,15.1,0.29530984003311755,12,45,1.2493157106112023,0.904888182648061,0.4551930020704012,0.7326655613666342,0.0,0.03973431292302145,0.1630428235777809,-0.25501029131313163,-0.24039406423731433,-2.81897739088173,0.4770553647310756,0.0,0.5221755137986616,-0.1239446318781939,-0.12394463,57.17557209457107,0.18760448469398963,40506.27351395202,15132.747871767455,17972.75013932577,0.0,5362.952123484151,448.53272623940353,1494.9713998702941,3092.9154948219516,12343.125315566987,1004.635166721551,31.866977561821244,139.2956480160994,1186.3508162997339,214.9584686373716,859.8008996358697,9.054809,0.3113072,0.6039211,0.0030360406,0.002609064,0.07721906,0.04195421,0.0,0.0019075054,0.99903727,8.7280234E-4,7.9070515E-4,1.6733065E-5,7.31521E-5,0.0,0.0,0.0,3.0489034709062244,2.81882713716735,0.1944798650911122,0.0,0.00498595147615461,0.013338420153026881,0.0999496407214399,0.0,0.09371729375073129,0.24607761823818655,0.0,7.639554543044716E-4,0.0,0.06451963627961418,0.16135197481335764,0.22587161109297182,0.003819777271522359,0.02495944636192137,0.09967955845104105,0.12463900481296242,0.013338420153026881,0.005936490162538452,0.02344023042355608,0.02937672058609453,0.006466379009931534,6.451537,0.006400139881927051,659.5959191522116,59.363635082597874,0.016283796605605295,1.575,0.0,0.0,0.007442023446046301,0.0,0.0367776565607383,0.06203473006789698,0.17163818581020227,0.0,0.0,0.0,0.0,7.382746000827938,7.382746000827938,6.072837221145148,3.6680981139284246,-0.12905474,-0.13178821,-0.13454644,-0.1368539,0.0,-0.33863826980286404,-0.2993563668884024,-0.13427769877711407,0.0,-0.12394463187819389,-0.1239446318781939,-0.1239446318781939,0.0,0.023760000243782997,0.023760000243782997,0.023760000243782997,0.0,0.0,0.0,0.0,0.0,0.0,0.0,0.0,0.0,0.0,0,0,0,0,0.0,0.0,0.0,0.0,0.0,0,0,0.9304812550544739,1.5767823713588603E-4,0.00856547300281818,0.04260387353539373,0.03403840053257555
2012-07-21T08:30:00,2012,203,8,0,"718f4615-e576-4fa4-80aa-6236231db38b",123.33333343267441,91.80656791351436,42.719592850990836,22.8965,0.7130500078201294,213.2519231,400.0,1.1,0.0,[0.1956621639701276],[-0.050000000000000024],-0.050000000000000024,28.698650331420136,15.1,0.29530984003311755,12,45,6.03360802685268,4.253274742685289,0.7073333664643373,1.1080464730416013,0.0,0.036955620623993164,0.26333496100359177,0.19914655139048895,0.11334934956438374,2.5152370269791016,1.1779808763486643,5.931140020747176E-4,1.458771362380909,-0.2146161100884076,-0.2146161,85.36004527797247,0.1918516577651977,40508.057777677765,15119.866954203357,17974.33459296114,0.0,5375.998659833105,448.5419530144446,1494.9963665049336,3093.203260827242,12343.884259046925,998.9762575506674,31.874249625690503,139.30366199077662,1186.421941842286,214.97119994283514,859.8509821393268,7.9461923,0.19764183,0.6920015,0.0040219654,0.0033964938,0.10070521,0.054439195,0.0,0.0022329919,0.9987153,0.0011644224,0.0010548937,2.2326698E-5,9.759356E-5,0.0,0.0,0.0,1.8068775754762467,1.5705000373245976,0.19980831329669685,0.0,0.005122439759701861,0.013703003600221746,0.11662436942046042,0.0,0.11023104385127205,0.2474450191819366,0.0,8.945473651453338E-4,0.0,0.07555015319014212,0.18893730407993178,0.2644874572700739,0.00447273682572667,0.02564277950957638,0.10240662524326327,0.12804940475283966,0.013703003600221746,0.008093814381661821,0.03195362499661264,0.04004743937827446,0.00881345113559952,7.1559467,0.007792150577825417,660.2763092874093,59.42487019719893,0.016299875765736143,1.575,0.0,0.0,0.009060640605536215,0.0,0.034274413748647,0.07806410968592635,0.27733276195517265,0.0,0.0,0.0,0.0,7.382746000827938,7.382746000827938,6.072837221145148,3.6680981139284246,-0.22179456,-0.22619556,-0.23040736,-0.23349167,0.0,-0.32093855930689236,-0.15859486478694024,0.5914774663682085,0.0,-0.2146161100884076,-0.2146161100884076,-0.21461611008840759,0.0,0.023760000243782997,0.023760000243782997,0.033626551181077956,0.0,0.0,0.0,0.0,0.0,0.0,0.0,0.0,0.0,0.0,0,0,0,0,0.0,0.0,0.0,0.0,0.0,0,0,0.9304812550544739,1.576782477273837E-4,0.010028223190602148,0.05807281163339435,0.048044588442792205
2012-07-21T09:30:00,2012,203,9,0,"718f4615-e576-4fa4-80aa-6236231db38b",123.37500010058284,91.84658187472037,43.45953033743885,27.7585,0.5664499998092651,740.4480769,400.0,1.1,0.0,[0.1956621639701276],[-0.050000000000000024],-0.050000000000000024,28.698650331420136,15.1,0.29530984003311755,12,45,20.77793699968216,14.723492365189898,0.7015325465720769,1.0968488621382342,0.0,0.03861231163442103,0.25913544811986783,1.6438510588680704,1.585787529300081,24.331341995305966,4.069484519209958,0.0016608261016604962,4.368221431616691,-0.29434339835536527,-0.306828,206.495810448618,0.19962480507124047,40562.71730636501,15159.627966514665,17976.00019326044,0.0,5389.18205823435,448.5583466730874,1495.0294926115746,3093.5049072128963,12344.699074333364,1016.4442644758248,31.8847239164569,139.3154753847332,1186.5306913518145,214.9907424956146,859.9279228285379,6.6745405,0.030663325,0.8324859,0.0051940214,0.0046900883,0.12421934,0.067970246,0.0,0.0027473378,0.9983365,0.0015086125,0.0013667062,2.8931085E-5,1.264408E-4,0.0,0.0,0.0,0.4489696263335138,0.20466359758735922,0.20651282378408758,0.0,0.005294237503391616,0.014161750923670412,0.11678920002134852,0.0,0.11034092201896302,0.2500407911361547,0.0,8.918159771376183E-4,0.0,0.07532109058741811,0.18836445556989626,0.2636855461573144,0.004459079885688093,0.02650258362216042,0.10583799629137877,0.1323405799135392,0.014161750923670412,0.011651818904330053,0.04599221010315021,0.057644029007480266,0.012683353732877356,16.654882,0.009547590065446592,660.9678012720087,59.48710447828584,0.01629495865081729,1.575,0.0,0.0,0.011101849401906895,0.0,0.03547758768603326,0.07948970045212213,0.27241899873182895,0.0,0.0,0.0,0.0,7.382746000827938,7.382746000827938,6.072837221145148,3.6680981139284246,-0.3102117,-0.3219002,-0.3331786,-0.3405501,0.0,-0.08850991206758473,0.5680935141932917,3.4045212062061125,0.0,-0.29434339835536527,-0.2952812922072515,-0.3236982517385091,0.0,0.023760000243782997,0.03326396690681577,0.07779818028211594,0.0,0.0,0.0,0.0,0.0,0.0,0.0,0.0,0.0,0.0,0,0,0,0,0.0,0.0,0.0,0.0,0.0,0,0,0.9304812550544739,1.5767827773046313E-4,0.010913204940152355,0.08357293804357238,0.07265973310342003
2012-07-21T10:30:00,2012,203,10,0,"718f4615-e576-4fa4-80aa-6236231db38b",123.41666676849127,91.88102195264051,44.317884534136944,30.6005,0.45590001344680786,874.225,400.0,1.1,0.0,[0.1956621639701276],[-0.050000000000000024],-0.050000000000000024,28.698650331420136,15.1,0.29530984003311755,12,45,24.25529432268949,17.391311780593686,0.6936227608078437,1.0679488408732254,0.0,0.04910808432092313,0.2441141287516975,1.8842141128455598,1.81549409443229,27.485042836219804,5.495579999044084,0.0013892499285789986,5.856755724528879,-0.3078374874560134,-0.41766998,296.2067606808879,0.20517516753486847,40624.94602682341,15206.973730889355,17977.545390845593,0.0,5402.459908683695,448.5800665654624,1495.0676828430978,3093.7840730302623,12345.473754574772,1037.2444426377533,31.89751978013928,139.33010233983836,1186.6679647545225,215.01546205327315,860.0252785514022,6.5012903,0.0059777414,0.8607937,0.0053111776,0.00520139,0.1198407,0.06689177,0.0,0.0028753139,0.9982918,0.00154919,0.0014034641,2.9716288E-5,1.2984082E-4,0.0,0.0,0.0,0.28793889066124384,0.03886303474008506,0.21054747135715915,0.0,0.0053977584647727376,0.014437376009106299,0.1027628926910371,0.0,0.09639036968652939,0.25183220061290873,0.0,7.762518797764053E-4,0.0,0.06556179501922962,0.16395821474747788,0.2295200097667075,0.0038812593988820274,0.027019737267813614,0.10790084417213064,0.13492058143994426,0.014437376009106299,0.014240760889260627,0.05620147449899373,0.07044223538825435,0.015497112066909574,21.314299,0.01059736857008936,661.6716157787436,59.550447786409016,0.016287322950333572,1.575,0.0,0.0,0.012322522135446368,0.0,0.045566728554693674,0.08432450172912177,0.25706701717103114,0.0,0.0,0.0,0.0,7.382746000827938,7.382746000827938,6.072837221145148,3.6680981139284246,-0.32802972,-0.343264,-0.35762087,-0.3666972,0.0,0.05130686484359832,0.7511291230920298,3.725498409257714,0.0,-0.35411167303948404,-0.3851333402568206,-0.4569549222157259,0.0,0.023760000243782997,0.03363446146249771,0.06850789785385132,0.0,0.0,0.0,0.0,0.0,0.0,0.0,0.0,0.0,0.0,0,0,0,0,0.0,0.0,0.0,0.0,0.0,0,0,0.9304812550544739,1.576783245432058E-4,0.01091582233493682,0.10211698004518774,0.09120115771025092
2012-07-21T11:30:00,2012,203,11,0,"718f4615-e576-4fa4-80aa-6236231db38b",123.4583334363997,91.91578373480692,45.17125959708069,30.481,0.43674999475479126,1060.505769,400.0,1.1,0.0,[0.1956621639701276],[-0.050000000000000024],-0.050000000000000024,28.698650331420136,15.1,0.29530984003311755,12,45,33.13639714774819,24.05242001483494,0.7811460841696793,1.204589183134193,0.0,0.10067071435408323,0.24259204559893796,3.010543723901113,2.922170835005159,41.37681866681594,6.943697164234262,0.0016552508654875495,7.047805164930496,-0.32162547406753356,-0.46250242,348.8642107496044,0.20861482254634192,40718.89110687862,15285.875988270089,17979.118806757622,0.0,5415.869190647594,448.60171085672965,1495.1061653879303,3094.067786171054,12346.261117629125,1071.9081772415423,31.910296828407162,139.3448148691016,1186.8074005762476,215.0405980502116,860.1242842726217,6.5273547,0.0,0.86584306,0.005303781,0.005185997,0.12080561,0.067166716,0.0,0.0028615203,0.99849814,0.0013614683,0.001233398,2.6122903E-5,1.1410627E-4,0.0,0.0,0.0,0.24890119222147944,0.0,0.2104022121848303,0.0,0.005394303104730041,0.014426519597073757,0.10476253846856981,0.0,0.0983220832907559,0.2543249751524171,0.0,7.887890633157434E-4,0.0,0.06662111460706388,0.1666074089825069,0.23322852358957077,0.003943945316578718,0.027000567204427586,0.10782218946624744,0.13482275667067503,0.014426519597073757,0.014227820848604989,0.05614185946451617,0.07036968031312116,0.015480377896534255,25.56375,0.010595035427440527,662.3877500946572,59.614899877402344,0.016267332731533066,1.575,0.0,0.0,0.01231980917875856,0.0,0.09368068869260887,0.12556089778918922,0.25525818049670873,0.0,0.0,0.0,0.0,7.382746000827938,7.382746000827938,6.072837221145148,3.6680981139284246,-0.34625298,-0.36505765,-0.38218823,-0.39270616,0.0,1.3359659169987526,2.0039260200813263,4.608489637748069,0.0,-0.3909056994099613,-0.42901202358838375,-0.5023633637575934,0.0,0.04167976602911949,0.048507953993976116,0.0771203264594078,0.0,0.0,0.0,0.0,0.0,0.0,0.0,0.0,0.0,0.0,0,0,0,0,0.0,0.0,0.0,0.0,0.0,0,0,0.9304812550544739,1.5767837662972715E-4,0.009631607284973143,0.10200882461905418,0.09237721733408104
2012-07-21T12:30:00,2012,203,12,0,"718f4615-e576-4fa4-80aa-6236231db38b",123.50000010430813,91.95234652865689,45.994072099350014,29.7475,0.4186500012874603,822.0807692,400.0,1.1,0.0,[0.1956621639701276],[-0.050000000000000024],-0.050000000000000024,28.698650331420136,15.1,0.29530984003311755,12,45,26.20076755097825,19.353936559487753,0.7967820356774453,1.2501149012014081,0.0,0.11586286329481736,0.2436517558045876,2.39669506251812,2.3163142250331377,32.595973320221276,6.137905381570816,0.0014751672550347434,6.2926843910721635,-0.3117207455269466,-0.4749188,344.90549570941477,0.20856928141517755,40785.80375658847,15337.685673781869,17980.747873982167,0.0,5429.285457449633,448.6219974631945,1495.1435109804156,3094.3608364570173,12347.068140464235,1094.6694675785238,31.922473887991114,139.35883627821687,1186.9402816955203,215.064554107403,860.2186255508709,6.5525117,0.0,0.8629681,0.0053260736,0.005075703,0.12379369,0.06814741,0.0,0.0028364223,0.9985709,0.0012952123,0.0011733721,2.485866E-5,1.0855197E-4,0.0,0.0,0.0,0.24769576322217224,0.0,0.2093856772900647,0.0,0.005368494543168857,0.014355900641118254,0.11034219996106691,0.0,0.1038579943333692,0.25445745195403785,0.0,8.295955842746568E-4,0.0,0.07006813615109633,0.17522778508237719,0.24529592123347352,0.004147977921373285,0.026869573369067153,0.10729696993938419,0.13416654330845135,0.014355900641118254,0.013563207538160392,0.053511065625238,0.0670742731633984,0.01475472245139316,23.452328,0.010329530659783627,663.1158954932621,59.68043296588083,0.01625849767362114,1.575,0.0,0.0,0.01201108269115173,0.0,0.1071109522606572,0.1383325898205292,0.2564848997064682,0.0,0.0,0.0,0.0,7.382746000827938,7.382746000827938,6.072837221145148,3.6680981139284246,-0.33386087,-0.3505735,-0.36563063,-0.37487423,0.0,1.1425984457478406,1.6617419550093855,3.544201508623318,0.0,-0.40877704128839043,-0.4463140764010961,-0.5108535856655672,0.0,0.03940016279617945,0.04465845040977001,0.06505853980779648,0.0,0.0,0.0,0.0,0.0,0.0,0.0,0.0,0.0,0.0,0,0,0,0,0.0,0.0,0.0,0.0,0.0,0,0,0.9304812550544739,1.5767842624084724E-4,0.009198160671076039,0.09723869360515146,0.08804053293407542
2012-07-21T13:30:00,2012,203,13,0,"718f4615-e576-4fa4-80aa-6236231db38b",123.54166677221656,91.9865042543448,46.856697088182834,30.703,0.41780000925064087,1449.609615,400.0,1.1,0.0,[0.1956621639701276],[-0.050000000000000024],-0.050000000000000024,28.698650331420136,15.1,0.29530984003311755,12,45,46.2731239264728,34.2274086237336,0.7980273352159158,1.248261394552998,0.0,0.11546378893722607,0.24351749584670254,4.464332501093547,4.207578452390151,58.451707309804654,8.474687938200994,0.0019158918277858532,8.679624532024674,-0.3815151963488758,-0.48874128,387.2022179964203,0.21134694002369386,40871.939364914426,15408.697342135518,17982.322423070058,0.0,5442.773657835974,448.64402047272176,1495.1826804841737,3094.6434990909693,12347.855358385561,1125.8666691199874,31.935490896988004,139.37390632694388,1187.0841049335363,215.09050327799355,860.3208172907828,6.5605145,0.0,0.86653674,0.005213355,0.005201578,0.12019701,0.06663628,0.0,0.002851338,0.99861956,0.0012515122,0.0011337808,2.4026414E-5,1.0488827E-4,0.0,0.0,0.0,0.24932973156340837,0.0,0.210769523323992,0.0,0.0054041733430627605,0.014449790942203545,0.10437710670783089,0.0,0.09791302949046835,0.25582176863327244,0.0,7.79149025512057E-4,0.0,0.06580803302713503,0.16457403094436143,0.23038206397149646,0.003895745127560286,0.027046564880175854,0.10800150131441912,0.13504806619459497,0.014449790942203545,0.014508179866043698,0.05722995748095512,0.07173813734699883,0.01577949353360248,25.56375,0.010689875181319633,663.8564709798341,59.74708476232081,0.016242353098363284,1.575,0.0,0.0,0.012430087967192329,0.0,0.10808158445099172,0.1370355317567238,0.25630016566474034,0.0,0.0,0.0,0.0,7.382746000827938,7.382746000827938,6.072837221145148,3.6680981139284246,-0.41123742,-0.43421793,-0.45485196,-0.46737394,0.0,2.4309483114308272,3.2395377231688522,6.047989120342784,0.0,-0.4127340749726754,-0.4578890689244989,-0.5261015397599615,0.0,0.051439462850491204,0.05996145028620958,0.08909011632204056,0.0,0.0,0.0,0.0,0.0,0.0,0.0,0.0,0.0,0.0,0,0,0,0,0.0,0.0,0.0,0.0,0.0,0,0,0.9304812550544739,1.5767848325062386E-4,0.008898640557163162,0.10399908764104404,0.09510044708388088
2012-07-21T14:30:00,2012,203,14,0,"718f4615-e576-4fa4-80aa-6236231db38b",123.58333344012499,92.01334856885155,47.80863463308314,32.8465,0.34314998984336853,1528.725,400.0,1.1,0.0,[0.1956621639701276],[-0.050000000000000024],-0.050000000000000024,28.698650331420136,15.1,0.29530984003311755,12,45,44.34634955940399,32.274777539095616,0.7252179031448426,1.125934215003675,0.0,0.07242904776721804,0.2424504659955387,3.7835432986418405,3.6539354610667814,52.55096882321769,9.301975882824351,0.0015692893126863778,9.4689922676561,-0.4138772759202789,-0.58409506,418.8283030172903,0.21217181239586178,40933.586646842574,15455.533627933135,17983.676024843182,0.0,5456.162407645422,448.670231348338,1495.2251161934332,3094.8861162899525,12348.554227352117,1146.443020603591,31.950367272171327,139.39115634351174,1187.2490588186263,215.12027291119307,860.4380409586788,6.4316583,0.0,0.87738043,0.0050728973,0.0055608414,0.109034896,0.062251206,0.0,0.0029509515,0.9984372,0.001416748,0.0012834701,2.720639E-5,1.1873501E-4,0.0,0.0,0.0,0.2529996667614481,0.0,0.21387438794549274,0.0,0.005484051972229294,0.014661715377001866,0.08356591897177748,0.0,0.07730961966987247,0.25393555536959134,0.0,6.132869603585338E-4,0.0,0.05179940317687907,0.12954096933821918,0.18134037251509824,0.0030664348017926694,0.027444427008582385,0.10958808479422581,0.1370325118028082,0.014661715377001866,0.016586672473901498,0.06541892283548054,0.08200559530938203,0.018037280520304174,25.56375,0.011437047142203676,664.6103453590172,59.81493345914336,0.01623630861114102,1.575,0.0,0.0,0.013298892611107895,0.0,0.06726620525816615,0.10269807146854276,0.25533723618557425,0.0,0.0,0.0,0.0,7.382746000827938,7.382746000827938,6.072837221145148,3.6680981139284246,-0.44643575,-0.47178409,-0.49466485,-0.508577,0.0,1.2899002182640689,2.241523030834897,6.202286550933917,0.0,-0.5087744324603509,-0.5410705150224339,-0.6320840649973786,0.0,0.05859070643782616,0.04427228029817343,0.07812149673700333,0.0,0.0,0.0,0.0,0.0,0.0,0.0,0.0,0.0,0.0,0,0,0,0,0.0,0.0,0.0,0.0,0.0,0,0,0.9304812550544739,1.57678549690919E-4,0.009875702577119227,0.11888999603603068,0.10901429345891145
2012-07-21T15:30:00,2012,203,15,0,"718f4615-e576-4fa4-80aa-6236231db38b",123.62500010803342,92.04234563581328,48.73750963024819,32.293,0.34584999084472656,1949.3628,400.0,1.1,0.0,[0.1956621639701276],[-0.050000000000000024],-0.050000000000000024,28.698650331420136,15.1,0.29530984003311755,12,45,55.701221056937584,39.97500523797359,0.7143516468168158,1.1098810576785838,0.0,0.036318935893033595,0.2642395445366864,4.478007486710946,4.341915750502947,64.66355700401402,9.906383148188578,0.0018131843781013172,10.031789340629217,-0.4375206471822115,-0.62827784,432.0282974256189,0.2135872710414779,40967.95829584711,15475.024033193435,17985.105887690024,0.0,5469.546882559065,448.6953087819055,1495.266946757544,3095.1419724263837,12349.283912486515,1155.0056429884403,31.964788298951216,139.40792161309713,1187.4098691953272,215.14930541025979,860.5523569891313,6.45942,0.0,0.8733306,0.005103117,0.0054834397,0.113155566,0.06385264,0.0,0.0029272863,0.99856657,0.001300034,0.0011777331,2.4973242E-5,1.0895177E-4,0.0,0.0,0.0,0.2520799735014379,0.0,0.21309892147057355,0.0,0.005464624411853743,0.01460785478050871,0.09031042990616062,0.0,0.08400498878334464,0.25385447625049945,0.0,6.642305394715371E-4,0.0,0.05610193776328747,0.14030082954047002,0.1964027673037575,0.0033211526973576863,0.027344501896287125,0.10918735615383374,0.13653185805012086,0.01460785478050871,0.016084736237572988,0.0634316394358687,0.07951637567344169,0.017490833764817918,25.56375,0.011253387201812322,665.3773050727318,59.88395983612054,0.016241407498703217,1.575,0.0,0.0,0.013085334531486612,0.0,0.03365188460950267,0.07786949994454836,0.2781834457943237,0.0,0.0,0.0,0.0,7.382746000827938,7.382746000827938,6.072837221145148,3.6680981139284246,-0.4721876,-0.4996959,-0.526355,-0.5429306,0.0,0.5233502256403083,2.0799279779493567,8.442645283463403,0.0,-0.5166133053780836,-0.5751216875411121,-0.6863844205464424,0.0,0.032028960064053535,0.044906157068908215,0.10131558179855346,0.0,0.0,0.0,0.0,0.0,0.0,0.0,0.0,0.0,0.0,0,0,0,0,0.0,0.0,0.0,0.0,0.0,0,0,0.9304812550544739,1.5767861605893468E-4,0.009101256862777518,0.1152863371567834,0.10618508029400588
2012-07-21T16:30:00,2012,203,16,0,"718f4615-e576-4fa4-80aa-6236231db38b",123.66666677594185,92.08085746298853,49.51961382785277,28.7705,0.4247500002384186,448.7503731,400.0,1.1,0.0,[0.1956621639701276],[-0.050000000000000024],-0.050000000000000024,28.698650331420136,15.1,0.29530984003311755,12,45,14.27709139625437,10.23036218433971,0.7953804749858585,1.2665247512983946,0.0,0.12307534453081664,0.242573961354672,1.0157006618877251,0.9191821905507149,13.255016069839627,4.1628334625434436,8.844814334799636E-4,4.349843729622558,-0.29637208085377376,-0.5870026,343.01075743847764,0.20904671837921135,40987.62544070481,15479.73838356864,17986.805383808824,0.0,5482.745770716388,448.71386116131606,1495.3028065960993,3095.445030117407,12350.111368081654,1157.0767749897302,31.97619544128816,139.42107285402295,1187.5346753611377,215.17181474822604,860.6409472521705,6.4902883,0.0,0.8571251,0.0054123886,0.0050022015,0.12961555,0.07007643,0.0,0.002844748,0.99866956,0.001206127,0.0010926579,2.3176635E-5,1.0108018E-4,0.0,0.0,0.0,0.24616902358802653,0.0,0.20810415362535717,0.0,0.005336930859233958,0.014264704018531641,0.1175994449307625,0.0,0.11116177794508147,0.25033457508672785,0.0,8.746764281981854E-4,0.0,0.07387639852224771,0.1847515807684886,0.25862797929073633,0.004373382140990928,0.02670312153942175,0.10662451700095599,0.13332763854037774,0.014264704018531641,0.012716891377950552,0.050143707535436885,0.06286059891338744,0.013827644530885697,16.89664,0.009956649859625756,666.1558422867927,59.954028188170284,0.016252608808736534,1.575,0.0,0.0,0.011577500346304628,0.0,0.11350634594885885,0.1442935089849541,0.25524055230530784,0.0,0.0,0.0,0.0,7.382746000827938,7.382746000827938,6.072837221145148,3.6680981139284246,-0.31252274,-0.32423645,-0.33451042,-0.34076923,0.0,0.33035908133010816,0.6537785205800863,1.4847989920595819,0.0,-0.5323187738289837,-0.5671557010796854,-0.6135985997135291,0.0,0.027507543563842773,0.03538136929273605,0.041868703067302705,0.0,0.0,0.0,0.0,0.0,0.0,0.0,0.0,0.0,0.0,0,0,0,0,0.0,0.0,0.0,0.0,0.0,0,0,0.9304812550544739,1.576786631756086E-4,0.008484157940984005,0.09115692618902388,0.08267276824803987
2012-07-21T17:30:00,2012,203,17,0,"718f4615-e576-4fa4-80aa-6236231db38b",123.70833344385028,92.11835732542104,50.32415551913243,29.309,0.43525001406669617,505.2596154,400.0,1.1,0.0,[0.1956621639701276],[-0.050000000000000024],-0.050000000000000024,28.698650331420136,15.1,0.29530984003311755,12,45,18.080740935646315,13.374072477182898,0.8946262666041642,1.470539112693472,0.0,0.19683610100193524,0.24312808800362376,1.579388419787089,1.522279917211878,20.544910953116165,4.967479523810679,0.0011488562120576216,5.0998049162882175,-0.30366172620651494,-0.40779212,352.84711847003985,0.2095070825352914,41017.12276187325,15494.182369309236,17988.483549647804,0.0,5496.064676561027,448.73337474558446,1495.3395587699488,3095.7435561890056,12350.93023275671,1163.422379094781,31.988027469414945,139.434727298184,1187.6644299696695,215.19522149891918,860.7330548451096,6.5332527,0.0,0.85923105,0.0053660716,0.0050395248,0.12752701,0.06904739,0.0,0.0028363555,0.99865127,0.0012228055,0.0011077654,2.3503042E-5,1.02476835E-4,0.0,0.0,0.0,0.24709519696888435,0.0,0.20888987203557008,0.0,0.00535720301674957,0.014317494087040231,0.11527411599295276,0.0,0.10880808624952318,0.25261087112008296,0.0,8.524548296499604E-4,0.0,0.0720004785959994,0.18006023847848807,0.25206071707448746,0.004262274148249803,0.026803273995575375,0.10702207966379254,0.13382535365936793,0.014317494087040231,0.013195603039268557,0.0520223772385715,0.06521798027784005,0.014344718940771854,19.583235,0.010138623335517747,666.9461685982742,60.02515755903005,0.016260189006192857,1.575,0.0,0.0,0.011789097420607787,0.0,0.1842122889988686,0.20198560312614977,0.2558411709064298,0.0,0.0,0.0,0.0,7.382746000827938,7.382746000827938,6.072837221145148,3.6680981139284246,-0.32224524,-0.33589303,-0.34770033,-0.35488474,0.0,1.1911577034155125,1.316366430484495,1.885684034871603,0.0,-0.37004505925556613,-0.3931187961058243,-0.42733406477908603,0.0,0.04313640917340914,0.0410856818780303,0.04839644432067871,0.0,0.0,0.0,0.0,0.0,0.0,0.0,0.0,0.0,0.0,0,0,0,0,0.0,0.0,0.0,0.0,0.0,0,0,0.9304812550544739,1.5767871272198754E-4,0.008658393442601664,0.09458068004098096,0.08592228659837929
2012-07-21T18:30:00,2012,203,18,0,"718f4615-e576-4fa4-80aa-6236231db38b",123.75000011175871,92.15673457025967,51.10944721428888,28.847,0.40560001134872437,267.1223077,400.0,1.1,0.0,[0.1956621639701276],[-0.050000000000000024],-0.050000000000000024,28.698650331420136,15.1,0.29530984003311755,12,45,7.057025303670994,4.920783582480127,0.6604676116751548,1.023414585053543,0.0,0.034533366277787116,0.2427914848535673,0.056866844495137535,0.05800959934614842,2.1686950133600136,3.4558599292684002,1.74317042304554E-4,3.6583693341212893,-0.28649693031022383,-0.40007383,84.76288209153206,0.1987220491906848,41015.758003196126,15478.127730558028,17990.139768381232,0.0,5509.045616491627,448.751519105168,1495.3741379358319,3096.0370036597546,12351.728303251717,1156.3691748480876,31.999254233272424,139.44736722467357,1187.780460766594,215.21608049205872,860.8150330927554,8.965507,0.28739548,0.6102421,0.0038774535,0.0035858983,0.09283863,0.04994274,0.0,0.0020604245,0.9986226,0.0012482305,0.0011307963,2.399798E-5,1.04606384E-4,0.0,0.0,0.0,2.822997224194462,2.5766462413688656,0.20826342333036368,0.0,0.005341290866526423,0.014273519411962542,0.11591148922723796,0.0,0.10958650925934998,0.24620089533453218,0.0,8.538489604539319E-4,0.0,0.07211906079131253,0.18035678712879274,0.25247584792010525,0.004269244802269661,0.026722235730837273,0.1066962210025319,0.13341845673336916,0.014273519411962542,0.012519399326353918,0.049348260872226775,0.06186766019858069,0.01360663131417576,14.612787,0.009820986391131877,667.7479146618759,60.09731470762147,0.016280277317070237,1.575,0.0,0.0,0.011419752120183136,0.0,0.03211980297818608,0.0725442050775009,0.25548257550871295,0.0,0.0,0.0,0.0,7.382746000827938,7.382746000827938,6.072837221145148,3.6680981139284246,-0.30050635,-0.31052265,-0.31960583,-0.32538864,0.0,-0.5137514885046934,-0.3123988360313795,0.6973930003586759,0.0,-0.3615181762541709,-0.3843272607954123,-0.4193775104511084,0.0,0.023760000243782997,0.023760000243782997,0.0356530599296093,0.0,0.0,0.0,0.0,0.0,0.0,0.0,0.0,0.0,0.0,0,0,0,0,0.0,0.0,0.0,0.0,0.0,0,0,0.9304812550544739,1.5767874353964906E-4,0.012128891190513968,0.0897560593424027,0.07762716815188873
2012-07-21T19:30:00,2012,203,19,0,"718f4615-e576-4fa4-80aa-6236231db38b",123.79166677966714,92.1972641167694,51.83025971542571,27.2995,0.4468500018119812,167.9763461,400.0,1.1,0.0,[0.1956621639701276],[-0.050000000000000024],-0.050000000000000024,28.698650331420136,15.1,0.29530984003311755,12,45,6.0163426869093914,4.450259867125834,0.8954151621037956,1.4718540141216259,0.0,0.19714118127347538,0.24306115920405652,0.12842209890368395,0.11290994941650125,1.7900199241467964,2.6245359169456073,1.8945359196535937E-4,3.1453178754696487,-0.27145272329929837,-0.3587234,296.58763608846624,0.20738275408782952,41019.362427389766,15466.704986265984,17991.895408023214,0.0,5522.267794499594,448.76752886737415,1495.407481015851,3096.3474387630727,12352.566739180738,1151.3508776569722,32.009531193467176,139.459178287657,1187.8921029383882,215.2362120765389,860.8942090252569,6.618288,0.014211918,0.84203124,0.005293918,0.004710035,0.13099077,0.06950747,0.0,0.0027621011,0.99875003,0.0011327972,0.0010262207,2.1784219E-5,9.4931966E-5,0.0,0.0,0.0,0.33787064767652203,0.09405856592391873,0.20611969891729193,0.0,0.005286436332646375,0.014125566591331934,0.12470928771422582,0.0,0.11821889684252843,0.2507762982679201,0.0,9.175842435214197E-4,0.0,0.07750335603150144,0.19382193578448645,0.27132529181598786,0.004587921217607099,0.0264464865538572,0.10559296313187409,0.13203944968573128,0.014125566591331934,0.011466246810393568,0.045189454836847845,0.056655701647241416,0.012458879519369373,11.851504,0.00939682528260464,668.5605872669848,60.170455244987615,0.01629865867492295,1.575,0.0,0.0,0.010926541507165998,0.0,0.18320984556908837,0.20292338417780084,0.2559781938893446,0.0,0.0,0.0,0.0,7.382746000827938,7.382746000827938,6.072837221145148,3.6680981139284246,-0.2829574,-0.2908619,-0.29783967,-0.30234465,0.0,0.006429307038760232,0.05557149342227072,0.22266909963853027,0.0,-0.33392274643345915,-0.35051496187633613,-0.3692565102486604,0.0,0.023760000243782997,0.023760000243782997,0.02795264534652233,0.0,0.0,0.0,0.0,0.0,0.0,0.0,0.0,0.0,0.0,0,0,0,0,0.0,0.0,0.0,0.0,0.0,0,0,0.9304812550544739,1.576787841893584E-4,0.008125461175950477,0.08217932152785727,0.0740538603519068
2012-07-21T20:30:00,2012,203,20,0,"718f4615-e576-4fa4-80aa-6236231db38b",123.83333344757557,92.23883542645355,52.48350971391324,25.678,0.47255000472068787,79.65480769,400.0,1.1,0.0,[0.1956621639701276],[-0.050000000000000024],-0.050000000000000024,28.698650331420136,15.1,0.29530984003311755,12,45,1.3605972941654527,0.976811497378187,0.4270292445688323,0.6812809795624185,0.0,0.02250093029272265,0.16202544873480632,-0.4685320556163788,-0.4503213995202972,-5.4482720932721564,2.086947676817707,0.0,2.2436265413862984,-0.25646613255804684,-0.3290534,44.640502623075704,0.18968009960074111,40993.910243913095,15426.830382267954,17993.582432533894,0.0,5534.961916184916,448.78019759358597,1495.4360887836397,3096.6441099572194,12353.355083047894,1133.8329670634998,32.01835126947042,139.46883280267463,1187.9768201838517,215.25137284105273,860.9536776943821,11.731268,0.46439865,0.45606694,0.0028733115,0.0024903638,0.07262949,0.03814822,0.0,0.0015412524,0.9988536,0.0010394407,9.4164605E-4,1.9993475E-5,8.7107604E-5,0.0,0.0,0.0,5.6891627540666025,5.447984873645665,0.20389559340741623,0.0,0.005229423728391168,0.013972019843191982,0.12389077891910116,0.0,0.11763347191004206,0.24076100352674804,0.0,9.070624862424805E-4,0.0,0.07661595047896815,0.1916026899791273,0.26821864045809546,0.004535312431212403,0.026160382770096715,0.10444825085776033,0.13060863362785705,0.013972019843191982,0.009857488584813853,0.03884221443582862,0.04869970302064248,0.01070779050251819,10.107982,0.008605525017386428,669.3832662969728,60.24449636062866,0.01632884646314912,1.575,0.0,0.0,0.010006424879208253,0.0,0.020781200004364366,0.04789109392750364,0.17065005968841324,0.0,0.0,0.0,0.0,7.382746000827938,7.382746000827938,6.072837221145148,3.6680981139284246,-0.2663549,-0.27294615,-0.27885216,-0.28278235,0.0,-0.5688744866171658,-0.5260655781470014,-0.3185942043608125,0.0,-0.30990802933800815,-0.3223425303732397,-0.33735471262957173,0.0,0.023760000243782997,0.023760000243782997,0.023760000243782997,0.0,0.0,0.0,0.0,0.0,0.0,0.0,0.0,0.0,0.0,0,0,0,0,0.0,0.0,0.0,0.0,0.0,0,0,0.9304812550544739,1.5767879332724162E-4,0.01321583850949537,0.07068084338557827,0.0574650048760829
2012-07-21T21:30:00,2012,203,21,0,"718f4615-e576-4fa4-80aa-6236231db38b",123.875000115484,92.28030611069671,53.06721809706737,24.009,0.5141500234603882,10.78846154,400.0,1.1,0.0,[0.1956621639701276],[-0.050000000000000024],-0.050000000000000024,28.698650331420136,15.1,0.29530984003311755,12,45,0.0,0.0,0.0,0.0,0.0,0.0,0.0,-0.5939591526985168,-0.5939591526985168,0.0,0.29530984003311755,0.0,0.4429647757177188,-0.09595149511805104,-0.3290534,70.3474435976009,0.19598038708870036,40986.22843247213,15404.57801675819,17995.281913069528,0.0,5547.795011764408,448.79116730003733,1495.4630991072609,3096.9422943514433,12354.145189366767,1124.0569464787538,32.02629030964739,139.47770427346708,1188.0573512397311,215.26583699988424,861.0104655559221,9.500828,0.33254847,0.5692996,0.003552601,0.002950242,0.08976742,0.046756405,0.0,0.0018817148,0.998984,9.205243E-4,8.33916E-4,1.7709752E-5,7.714195E-5,0.0,0.0,0.0,3.3979808597856476,3.1594858182345043,0.2016302226461072,0.0,0.005171290295359244,0.01381568057774938,0.12578844543414502,0.0,0.1194622292826553,0.24339682938802315,0.0,9.173977206447392E-4,0.0,0.07749044667478926,0.19378964304592244,0.2712800897207117,0.004586988603223697,0.02586895477569577,0.10328237464818646,0.12915132942388224,0.01381568057774938,0.008865585430909245,0.03492755214558644,0.04379313757649568,0.009627071670268118,6.4265714,0.008114747250081296,670.2153810799925,60.319386694076314,0.016352209186171456,1.575,0.0,0.0,0.009435753031644924,0.0,0.0,0.0,0.0,0.0,0.0,0.0,0.0,7.382746000827938,7.382746000827938,6.072837221145148,3.6680981139284246,-0.10086813,-0.10344209,-0.106050014,-0.10827287,0.0,0.0,0.0,0.0,0.0,-0.30990802933800815,-0.3223425303732397,-0.33735471262957173,0.0,0.023760000243782997,0.023760000243782997,0.023760000243782997,0.0,0.0,0.0,0.0,0.0,0.0,0.0,0.0,0.0,0.0,0,0,0,0,0.0,0.0,0.0,0.0,0.0,0,0,0.9304812550544739,1.5767881160892955E-4,0.009478606636548648,0.06355047455200452,0.05407186791545587
2012-07-21T22:30:00,2012,203,22,0,"718f4615-e576-4fa4-80aa-6236231db38b",123.91666678339243,92.32108388890609,53.603051471801095,22.86,0.6176499724388123,0.036752692,400.0,1.1,0.0,[0.1956621639701276],[-0.050000000000000024],-0.050000000000000024,28.698650331420136,15.1,0.29530984003311755,12,45,0.0,0.0,0.0,0.0,0.0,0.0,0.0,-0.5521675944328308,-0.5521675944328308,0.0,0.29530984003311755,0.0,0.4429647757177188,-0.0960367297981087,-0.3290534,70.68052993084727,0.19562361533355715,40978.63024500957,15382.264875522855,17996.94515705676,0.0,5560.811944483917,448.8006532052925,1495.4883923331552,3097.233209389345,12354.913357469546,1114.254225598079,32.03358039803753,139.48584251382238,1188.131124895913,215.27908672091388,861.0624710693764,9.526052,0.3278352,0.5759258,0.003432633,0.002840361,0.08810376,0.045657855,0.0,0.0018621986,0.99905705,8.5419236E-4,7.7382376E-4,1.6436567E-5,7.1582894E-5,0.0,0.0,0.0,3.359647944556219,3.122975261575873,0.20009234855094982,0.0,0.005131757191709511,0.013709175892847937,0.12431793426395377,0.0,0.11793024269068983,0.24688354673745763,0.0,9.013905346537755E-4,0.0,0.07613996563407038,0.19041232902127986,0.26655229465535024,0.004506952673268879,0.025670866457447622,0.10248917952062248,0.1281600459780701,0.013709175892847937,0.008144770169928262,0.03208201274133036,0.04022678291125862,0.008841299119799006,6.414673,0.007713757230489042,671.0564653485587,60.39508428125522,0.016375766133136696,1.575,0.0,0.0,0.008969485546482147,0.0,0.0,0.0,0.0,0.0,0.0,0.0,0.0,7.382746000827938,7.382746000827938,6.072837221145148,3.6680981139284246,-0.1009533,-0.10352728,-0.10613523,-0.10835809,0.0,0.0,0.0,0.0,0.0,-0.30990802933800815,-0.3223425303732397,-0.33735471262957173,0.0,0.023760000243782997,0.023760000243782997,0.023760000243782997,0.0,0.0,0.0,0.0,0.0,0.0,0.0,0.0,0.0,0.0,0,0,0,0,0.0,0.0,0.0,0.0,0.0,0,0,0.9304812550544739,1.5767882800384292E-4,0.008818965136015322,0.05837874260092985,0.04955977746491453
2012-07-21T23:30:00,2012,203,23,0,"718f4615-e576-4fa4-80aa-6236231db38b",123.95833345130086,92.36131485428183,54.11388482989519,22.26,0.7110000252723694,0.0,400.0,1.1,0.0,[0.1956621639701276],[-0.050000000000000024],-0.050000000000000024,28.698650331420136,15.1,0.29530984003311755,12,45,0.0,0.0,0.0,0.0,0.0,0.0,0.0,-0.5314064919948578,-0.5314064919948578,0.0,0.29530984003311755,0.0,0.4429647757177188,-0.09595514722916029,-0.3290534,70.6737384725528,0.19551529449146143,40971.08626466747,15360.08043995428,17998.5856687621,0.0,5573.77872020055,448.8094093533304,1495.5128060463414,3097.5192893150383,12355.667608706059,1104.5080483350737,32.04055050334973,139.49362154273695,1188.2016268418706,215.2917495968823,861.1121615802854,9.47073,0.3271443,0.5770579,0.0033873322,0.0028037587,0.08774122,0.04530235,0.0,0.0018654878,0.9990905,8.2488585E-4,7.472735E-4,1.587527E-5,6.912669E-5,0.0,0.0,0.0,3.3340328023011185,3.098295262170098,0.19930449964883684,0.0,0.0051114305738410365,0.013654078485168312,0.12321161535867263,0.0,0.11685735161542936,0.24593225206378178,0.0,8.89102586270335E-4,0.0,0.07510363583079346,0.18782065074828683,0.2629242865790803,0.004445512931351676,0.02556901218996422,0.10208025751588343,0.12764926970584764,0.013654078485168312,0.007790732891034287,0.030682060076439952,0.03847279296747424,0.008454050569868785,6.4260607,0.007501677255144919,671.9062724980381,60.47156692774751,0.016399523023568813,1.575,0.0,0.0,0.00872288091313581,0.0,0.0,0.0,0.0,0.0,0.0,0.0,0.0,7.382746000827938,7.382746000827938,6.072837221145148,3.6680981139284246,-0.100871615,-0.103445575,-0.1060535,-0.10827636,0.0,0.0,0.0,0.0,0.0,-0.30990802933800815,-0.3223425303732397,-0.33735471262957173,0.0,0.023760000243782997,0.023760000243782997,0.023760000243782997,0.0,0.0,0.0,0.0,0.0,0.0,0.0,0.0,0.0,0.0,0,0,0,0,0.0,0.0,0.0,0.0,0.0,0,0,0.9304812550544739,1.576788436163855E-4,0.008466984207188943,0.055836167334477896,0.04736918312728895
2012-07-22T00:30:00,2012,204,0,0,"718f4615-e576-4fa4-80aa-6236231db38b",124.00000011920929,92.40077795908259,54.59621818650414,21.576,0.7702000141143799,0.0,400.0,1.1,0.0,[0.1956621639701276],[-0.050000000000000024],-0.050000000000000024,28.698650331420136,15.1,0.29530984003311755,12,45,0.0,0.0,0.0,0.0,0.0,0.0,0.0,-0.5085924565792084,-0.5085924565792084,0.0,0.29530984003311755,0.0,0.4429647757177188,-0.09587377395643847,-0.3290534,70.76053957882574,0.19541348964193828,40963.600378941905,15338.02950861663,18000.19475175401,0.0,5586.703246570923,448.8173826984467,1495.536271000636,3097.79902338012,12356.404230017757,1094.8205228189615,32.04717654124527,139.5010323812968,1188.268928475723,215.30384222364796,861.1596087404982,9.413207,0.32635918,0.57869256,0.003327206,0.0027596839,0.08699318,0.044761367,0.0,0.0018682216,0.9991495,7.7172584E-4,6.991142E-4,1.4673198E-5,6.388209E-5,0.0,0.0,0.0,3.306759006424071,3.0720867119109085,0.1984066079544412,0.0,0.0050882700960756975,0.013591459195874239,0.12140917153379502,0.0,0.11509079587776999,0.24513093667889824,0.0,8.710215076050666E-4,0.0,0.07361852742575739,0.18410669242130043,0.2577252198470578,0.004355107538025334,0.025453039843149002,0.10161502709795747,0.12706806694110648,0.013591459195874239,0.007403353356311016,0.029151384580941513,0.03655473793725253,0.008030910233905656,6.43746,0.007261843495295173,672.7645236519534,60.54880953466923,0.016423471507104156,1.575,0.0,0.0,0.008444004435920778,0.0,0.0,0.0,0.0,0.0,0.0,0.0,0.0,7.382746000827938,7.382746000827938,6.072837221145148,3.6680981139284246,-0.100790136,-0.10336408,-0.10597199,-0.108194835,0.0,0.0,0.0,0.0,0.0,-0.30990802933800815,-0.3223425303732397,-0.33735471262957173,0.0,0.023760000243782997,0.023760000243782997,0.023760000243782997,0.0,0.0,0.0,0.0,0.0,0.0,0.0,0.0,0.0,0.0,0,0,0,0,0.0,0.0,0.0,0.0,0.0,0,0,0.9349725246429443,1.536131227888168E-4,0.007865759016567608,0.0530551594048874,0.04518940038831979
2012-07-22T01:30:00,2012,204,1,0,"718f4615-e576-4fa4-80aa-6236231db38b",124.04166678711772,92.43945699225876,55.05382236998739,20.9825,0.7914999723434448,0.0,400.0,1.1,0.0,[0.1956621639701276],[-0.050000000000000024],-0.050000000000000024,28.698650331420136,15.1,0.29530984003311755,12,45,0.0,0.0,0.0,0.0,0.0,0.0,0.0,-0.4895111322402954,-0.4895111322402954,0.0,0.29530984003311755,0.0,0.4429647757177188,-0.09579820509916741,-0.3290534,70.7972587835836,0.19530356537918236,40956.16775122115,15316.105894758493,18001.773433229304,0.0,5599.585471489327,448.8247575911327,1495.5589778930864,3098.072690976863,12357.124274718517,1085.1889310551503,32.0535380042197,139.50816125813472,1188.3337005964863,215.3154826169477,861.2052723865124,9.358588,0.32568923,0.58016485,0.0032825174,0.0027278864,0.086263925,0.044267822,0.0,0.0018715943,0.99917877,7.451935E-4,6.7507743E-4,1.4170854E-5,6.168558E-5,0.0,0.0,0.0,3.2817456097603124,3.0479911670573965,0.1976332776238119,0.0,0.005068292240563571,0.013537392709346252,0.11955541026301647,0.0,0.11327236635648853,0.24432863303953647,0.0,8.535187278715705E-4,0.0,0.07214073641973717,0.18041099890738116,0.25255173532711833,0.004267593639357853,0.025353055575212807,0.1012136968446531,0.12656675241986592,0.013537392709346252,0.007123023966304288,0.028042784925420235,0.03516580889172452,0.007724179002781502,6.448082,0.007052869233378934,673.630975816966,60.626790232619044,0.016447607596218057,1.575,0.0,0.0,0.008201011097416963,0.0,0.0,0.0,0.0,0.0,0.0,0.0,0.0,7.382746000827938,7.382746000827938,6.072837221145148,3.6680981139284246,-0.10071447,-0.10328839,-0.10589629,-0.10811913,0.0,0.0,0.0,0.0,0.0,-0.30990802933800815,-0.3223425303732397,-0.33735471262957173,0.0,0.023760000243782997,0.023760000243782997,0.023760000243782997,0.0,0.0,0.0,0.0,0.0,0.0,0.0,0.0,0.0,0.0,0,0,0,0,0.0,0.0,0.0,0.0,0.0,0,0,0.9349725246429443,1.5361313776356903E-4,0.007551253322162665,0.05103758129091865,0.04348632796875598
2012-07-22T02:30:00,2012,204,2,0,"718f4615-e576-4fa4-80aa-6236231db38b",124.08333345502615,92.47730402282968,55.4881557073639,20.424,0.7997000217437744,0.287692308,400.0,1.1,0.0,[0.1956621639701276],[-0.050000000000000024],-0.050000000000000024,28.698650331420136,15.1,0.29530984003311755,12,45,0.0,0.0,0.0,0.0,0.0,0.0,0.0,-0.47214262187480927,-0.47214262187480927,0.0,0.29530984003311755,0.0,0.4429647757177188,-0.09573351106485292,-0.3290534,70.82406070221805,0.1951905601423785,40948.78613766853,15294.30728312771,18003.319211464455,0.0,5612.4280181455815,448.8315301723259,1495.5808805323825,3098.3399017626957,12357.826648667435,1075.612255895473,32.059634102608236,139.51499094774312,1188.3957397363565,215.3266324312205,861.2490018511121,9.304998,0.32507512,0.5817089,0.0032257868,0.0026936233,0.0854213,0.043726116,0.0,0.0018752737,0.99920547,7.2131195E-4,6.534421E-4,1.3718689E-5,5.9708513E-5,0.0,0.0,0.0,3.2577182893462795,3.024823416669242,0.19690916178923518,0.0,0.005049570206109813,0.013486722574019795,0.11753039519333133,0.0,0.11128263278101805,0.24357608170514947,0.0,8.349605966432996E-4,0.0,0.07057363733241666,0.17649196212759827,0.24706559946001494,0.004174802983216499,0.02525939837321973,0.10083765995497178,0.1260970583281915,0.013486722574019795,0.006828802636168527,0.026879974062106793,0.03370877669827532,0.007402634990103304,6.4572034,0.0068617589628590225,674.5054067718215,60.70548902168325,0.016471926774682785,1.575,0.0,0.0,0.00797878984284632,0.0,0.0,0.0,0.0,0.0,0.0,0.0,0.0,7.382746000827938,7.382746000827938,6.072837221145148,3.6680981139284246,-0.100649685,-0.103223585,-0.10583147,-0.1080543,0.0,0.0,0.0,0.0,0.0,-0.30990802933800815,-0.3223425303732397,-0.33735471262957173,0.0,0.023760000243782997,0.023760000243782997,0.023760000243782997,0.0,0.0,0.0,0.0,0.0,0.0,0.0,0.0,0.0,0.0,0,0,0,0,0.0,0.0,0.0,0.0,0.0,0,0,0.9349725246429443,1.536131520543274E-4,0.00726738366211066,0.04892537420238879,0.04165799054027813
2012-07-22T03:30:00,2012,204,3,0,"718f4615-e576-4fa4-80aa-6236231db38b",124.12500012293458,92.51445917053516,55.904759920778616,19.9985,0.8044999837875366,0.4675,400.0,1.1,0.0,[0.1956621639701276],[-0.050000000000000024],-0.050000000000000024,28.698650331420136,15.1,0.29530984003311755,12,45,0.0,0.0,0.0,0.0,0.0,0.0,0.0,-0.4592825919389725,-0.4592825919389725,0.0,0.29530984003311755,0.0,0.4429647757177188,-0.09568399338275402,-0.3290534,70.74649898892491,0.19505904239654542,40941.44902630163,15272.620109376634,18004.838524897135,0.0,5625.231151150078,448.8378575101616,1495.6021711717494,3098.6018172868394,12358.514640306574,1066.0845381828349,32.06553377116838,139.52159845015632,1188.4557410925026,215.33741643854103,861.2912872820921,9.257244,0.32456267,0.58291525,0.0031819486,0.0026693062,0.0847913,0.04330237,0.0,0.0018795284,0.9992228,7.0515205E-4,6.3880195E-4,1.3413192E-5,5.8370642E-5,0.0,0.0,0.0,3.236802643980205,3.0045557619769934,0.1963638810017718,0.0,0.005035427226464808,0.013448320990500152,0.11588958241251211,0.0,0.10967392388372957,0.2428285490609002,0.0,8.194685496514257E-4,0.0,0.06926562729077124,0.1732208605725254,0.24248648786329663,0.004097342748257129,0.025188685802782922,0.10055330474000297,0.1257419905427859,0.013448320990500152,0.006611551941113725,0.02602057309470438,0.03263212503581811,0.007164754381636977,6.4642024,0.0067096830341888646,675.3876396840369,60.78488998693774,0.016496427355322817,1.575,0.0,0.0,0.007801957359865993,0.0,0.0,0.0,0.0,0.0,0.0,0.0,0.0,7.382746000827938,7.382746000827938,6.072837221145148,3.6680981139284246,-0.10060008,-0.10317397,-0.10578184,-0.108004674,0.0,0.0,0.0,0.0,0.0,-0.30990802933800815,-0.3223425303732397,-0.33735471262957173,0.0,0.023760000243782997,0.023760000243782997,0.023760000243782997,0.0,0.0,0.0,0.0,0.0,0.0,0.0,0.0,0.0,0.0,0,0,0,0,0.0,0.0,0.0,0.0,0.0,0,0,0.9349725246429443,1.5361316580666666E-4,0.007068124712532153,0.04736506420340996,0.04029693949087781
2012-07-22T04:30:00,2012,204,4,0,"718f4615-e576-4fa4-80aa-6236231db38b",124.16666679084301,92.5508837592952,56.30384322913015,19.578,0.8054999709129333,0.899038461,400.0,1.1,0.0,[0.1956621639701276],[-0.050000000000000024],-0.050000000000000024,28.698650331420136,15.1,0.29530984003311755,12,45,0.0,0.0,0.0,0.0,0.0,0.0,0.0,-0.4468824863433838,-0.4468824863433838,0.0,0.29530984003311755,0.0,0.4429647757177188,-0.09565292012013651,-0.3290534,70.67326638162073,0.19492634677087842,40934.15584914376,15251.043787048182,18006.32987211179,0.0,5637.996360564953,448.84375776161545,1495.6228614881577,3098.8582216934788,12359.18775556355,1056.6055202719742,32.071244784046975,139.52799257369716,1188.513785267373,215.3478490642886,861.3321859937746,9.209724,0.32406393,0.5841874,0.0031363762,0.0026452898,0.084083185,0.04285104,0.0,0.0018838586,0.99923986,6.8955304E-4,6.2466995E-4,1.3118226E-5,5.707922E-5,0.0,0.0,0.0,3.2161477547005526,2.984539618868198,0.19582636375451157,0.0,0.005021480279351455,0.013410472582082065,0.11410871908606247,0.0,0.107925383076211,0.242109277438846,0.0,8.03129844543809E-4,0.0,0.06788596188552744,0.16977056200940133,0.23765652389492875,0.004015649222719046,0.02511898086760667,0.10027300241684788,0.12539198328445456,0.013410472582082065,0.006402799162071721,0.0251949692343484,0.03159776839642012,0.00693626937265246,6.468602,0.006559602174161778,676.2775000409765,60.8649774222447,0.016521105321758395,1.575,0.0,0.0,0.007627444724247147,0.0,0.0,0.0,0.0,0.0,0.0,0.0,0.0,7.382746000827938,7.382746000827938,6.072837221145148,3.6680981139284246,-0.10056892,-0.103142805,-0.10575067,-0.1079735,0.0,0.0,0.0,0.0,0.0,-0.30990802933800815,-0.3223425303732397,-0.33735471262957173,0.0,0.023760000243782997,0.023760000243782997,0.023760000243782997,0.0,0.0,0.0,0.0,0.0,0.0,0.0,0.0,0.0,0.0,0,0,0,0,0.0,0.0,0.0,0.0,0.0,0,0,0.9349725246429443,1.5361317904134616E-4,0.006876321032905253,0.04586597450420233,0.03898965347129708
2012-07-22T05:30:00,2012,204,5,0,"718f4615-e576-4fa4-80aa-6236231db38b",124.20833345875144,92.58658927195435,56.68663491864899,19.187,0.8054999709129333,0.4675,400.0,1.1,0.0,[0.1956621639701276],[-0.050000000000000024],-0.050000000000000024,28.698650331420136,15.1,0.29530984003311755,12,45,0.0,0.0,0.0,0.0,0.0,0.0,0.0,-0.4356221705675125,-0.4356221705675125,0.0,0.29530984003311755,0.0,0.4429647757177188,-0.09564233127439593,-0.3290534,70.5800763125813,0.1947905535588874,40926.90525655034,15229.576351363285,18007.793845796405,0.0,5650.723582624167,448.84927177932144,1495.6429968395937,3099.109259652099,12359.846457476711,1047.1743389863186,32.07678498045467,139.5341933523105,1188.5700541856315,215.35796294023163,861.3718266012484,9.163175,0.32360655,0.5854078,0.0030927167,0.0026235487,0.083380945,0.0424123,0.0,0.0018884263,0.999255,6.7576586E-4,6.1217934E-4,1.2857597E-5,5.593779E-5,0.0,0.0,0.0,3.1962802717595444,2.96526341337285,0.19532893077016272,0.0,0.0050085591280400145,0.01337538818825779,0.11233637097022381,0.0,0.10618512784233233,0.24138879640859678,0.0,7.870476521448621E-4,0.0,0.06652788346528853,0.16637424876272228,0.23290213222801082,0.003935238260724312,0.025054420277461496,0.10001331472508777,0.12506773500254928,0.01337538818825779,0.006213844792328603,0.02444760300573917,0.030661447798067773,0.006729409516650991,6.470103,0.006419696541046093,677.1748251616646,60.945736686315705,0.0165459572600663,1.575,0.0,0.0,0.007464763748348324,0.0,0.0,0.0,0.0,0.0,0.0,0.0,0.0,7.382746000827938,7.382746000827938,6.072837221145148,3.6680981139284246,-0.10055826,-0.10313214,-0.10574,-0.10796283,0.0,0.0,0.0,0.0,0.0,-0.30990802933800815,-0.3223425303732397,-0.33735471262957173,0.0,0.023760000243782997,0.023760000243782997,0.023760000243782997,0.0,0.0,0.0,0.0,0.0,0.0,0.0,0.0,0.0,0.0,0,0,0,0,0.0,0.0,0.0,0.0,0.0,0,0,0.9349725246429443,1.5361319180019528E-4,0.006704721279675141,0.044509032368643134,0.03780431108896799
2012-07-22T06:30:00,2012,204,6,0,"718f4615-e576-4fa4-80aa-6236231db38b",124.25000012665987,92.62159155789148,57.05423910580786,18.8225,0.8034999966621399,5.322307692,400.0,1.1,0.0,[0.1956621639701276],[-0.050000000000000024],-0.050000000000000024,28.698650331420136,15.1,0.29530984003311755,12,45,0.0,0.0,0.0,0.0,0.0,0.0,0.0,-0.425354465842247,-0.425354465842247,0.0,0.29530984003311755,0.0,0.4429647757177188,-0.09565292012013651,-0.3290534,70.46759846896491,0.19465087142181398,40919.69563307753,15208.215316917736,18009.23115790209,0.0,5663.412899586669,448.8544349254465,1495.6626176168475,3099.355094015876,12360.491240803458,1037.7899024256526,32.082169823997155,139.5402181338633,1188.6247050867119,215.36778626423597,861.4103202446413,9.117628,0.32318202,0.58658,0.0030509601,0.0026038196,0.082690045,0.041987687,0.0,0.0018931851,0.99926853,6.6355866E-4,6.011201E-4,1.2626916E-5,5.4927154E-5,0.0,0.0,0.0,3.1771215309866703,2.9466535070801974,0.19486733492591896,0.0,0.004996554346611896,0.013342777248272005,0.11058668665372529,0.0,0.1044671502805414,0.2406698755293768,0.0,7.713169169755045E-4,0.0,0.06519943996979087,0.16305204727536046,0.22825148724515132,0.0038565845848775233,0.02499446947495908,0.09977205873402574,0.12476652820898482,0.013342777248272005,0.00604205133757913,0.023768053822768892,0.029810105160348023,0.006541296391178108,6.468602,0.006288920538588243,678.079462980975,61.02715409328888,0.016570980123147543,1.575,0.0,0.0,0.007312698622518841,0.0,0.0,0.0,0.0,0.0,0.0,0.0,0.0,7.382746000827938,7.382746000827938,6.072837221145148,3.6680981139284246,-0.10056878,-0.103142664,-0.10575053,-0.10797336,0.0,0.0,0.0,0.0,0.0,-0.30990802933800815,-0.3223425303732397,-0.33735471262957173,0.0,0.023760000243782997,0.023760000243782997,0.023760000243782997,0.0,0.0,0.0,0.0,0.0,0.0,0.0,0.0,0.0,0.0,0,0,0,0,0.0,0.0,0.0,0.0,0.0,0,0,0.9349725246429443,1.5361320411834916E-4,0.006550884445459815,0.04327530649937933,0.036724422053919514
2012-07-22T07:30:00,2012,204,7,0,"718f4615-e576-4fa4-80aa-6236231db38b",124.2916667945683,92.65791727269263,57.451030814181635,19.523,0.8054999709129333,72.28269231,400.0,1.1,0.0,[0.1956621639701276],[-0.050000000000000024],-0.050000000000000024,28.698650331420136,15.1,0.29530984003311755,12,45,1.314951214247238,0.9523388125697408,0.45479463071456455,0.7319554670504502,0.0,0.04005843547770215,0.16259598870718595,-0.263591514279445,-0.2475528014023206,-2.8997044318308114,0.5407570242817424,0.0,0.6048767330014033,-0.1338682316807642,-0.13386823,69.58366316402386,0.19420350348494636,40905.99621512534,15180.351346909682,18010.726989326387,0.0,5676.055315985242,448.86019342955075,1495.6831653788415,3099.6102724603306,12361.160884363158,1025.54856366767,32.08784503044381,139.54655974333002,1188.6821238861571,215.37810581115644,861.4507477755717,9.076567,0.31945506,0.58705574,0.0031533896,0.0026772162,0.085747816,0.043348096,0.0,0.0019107839,0.9992127,7.1405934E-4,6.4686814E-4,1.3589554E-5,5.9107268E-5,0.0,0.0,0.0,3.131137967681225,2.8995551268491004,0.1958123768011128,0.0,0.005020614166433093,0.013406491616321386,0.11487865234716407,0.0,0.10875048913044111,0.2397803435776781,0.0,7.997111372190092E-4,0.0,0.0676008724732082,0.1690575932977492,0.2366584657709574,0.003998555686095047,0.025114939927211036,0.1002510424407693,0.12536598236798033,0.013406491616321386,0.006370628997832474,0.025056835378360526,0.031427464376193,0.006894884497912058,6.447714,0.0065107649896120395,678.9916714575834,61.109252859445945,0.016598829860706838,1.575,0.0,0.0,0.007570657297852865,0.0,0.03690421515663724,0.06217527184515804,0.17130256245175698,0.0,0.0,0.0,0.0,7.382746000827938,7.382746000827938,6.072837221145148,3.6680981139284246,-0.13916025,-0.14204423,-0.14493524,-0.14732243,0.0,-0.3501730726912555,-0.30884781950552626,-0.13694462414639513,0.0,-0.1338682316807642,-0.1338682316807642,-0.1338682316807642,0.0,0.023760000243782997,0.023760000243782997,0.023760000243782997,0.0,0.0,0.0,0.0,0.0,0.0,0.0,0.0,0.0,0.0,0,0,0,0,0.0,0.0,0.0,0.0,0.0,0,0,0.9349725246429443,1.5361321669090484E-4,0.007017684263701085,0.045625857954010925,0.03860817369030984
2012-07-22T08:30:00,2012,204,8,0,"718f4615-e576-4fa4-80aa-6236231db38b",124.33333346247673,92.69884318403291,57.99482252185009,23.051,0.7201499938964844,218.9698077,400.0,1.1,0.0,[0.1956621639701276],[-0.050000000000000024],-0.050000000000000024,28.698650331420136,15.1,0.29530984003311755,12,45,6.179335649908758,4.35727999322975,0.7055008764467162,1.1054999466713515,0.0,0.0366178681630583,0.26287372105534135,0.2109800303975741,0.16119303852029795,3.3116483320736476,1.2583049393645496,7.310646932129643E-4,1.499030735276554,-0.21955865988053333,-0.21955866,106.45155361016297,0.19874659540267148,40909.550750743125,15169.436106447629,18012.4606797291,0.0,5688.755674524733,448.8698771083284,1495.7092108717447,3099.905560732827,12361.942325814056,1020.7532255991093,32.095315035399985,139.5550140366911,1188.760219675288,215.39217042293313,861.5058761298455,7.8787565,0.20000339,0.6794057,0.004120063,0.0034715836,0.11074482,0.05571634,0.0,0.0022544605,0.9989872,9.193521E-4,8.3284243E-4,1.7498816E-5,7.6100456E-5,0.0,0.0,0.0,1.8129767733290423,1.5757779599309683,0.20056349125040307,0.0,0.0051422549283433655,0.013730722655085412,0.13046214823521737,0.0,0.12419957719048094,0.24087929381149134,0.0,9.096978489254939E-4,0.0,0.07689973397388664,0.19231236494298432,0.2692120989168709,0.00454848924462747,0.025723519054846235,0.1026782735599956,0.12840179261484183,0.013730722655085412,0.008385401774104717,0.032976162755384154,0.04136156452948887,0.009072548990006554,7.421081,0.007729561766515835,679.9128677971065,61.19216053329748,0.01661990550665619,1.575,0.0,0.0,0.008987862914763958,0.0,0.03393608657386222,0.07770146263985798,0.2768670850058758,0.0,0.0,0.0,0.0,7.382746000827938,7.382746000827938,6.072837221145148,3.6680981139284246,-0.22697,-0.23161377,-0.23616092,-0.23952937,0.0,-0.3225479180804749,-0.15745744034847792,0.7063579955757824,0.0,-0.21955865988053333,-0.21955865988053333,-0.21955865988053333,0.0,0.023760000243782997,0.023760000243782997,0.03880210742354393,0.0,0.0,0.0,0.0,0.0,0.0,0.0,0.0,0.0,0.0,0,0,0,0,0.0,0.0,0.0,0.0,0.0,0,0,0.9349725246429443,1.5361323917434275E-4,0.007842934795917245,0.06004260458510277,0.05219966978918553
2012-07-22T09:30:00,2012,204,9,0,"718f4615-e576-4fa4-80aa-6236231db38b",124.37500013038516,92.73870816829032,58.739676676382864,27.8765,0.5233500003814697,660.9730769,400.0,1.1,0.0,[0.1956621639701276],[-0.050000000000000024],-0.050000000000000024,28.698650331420136,15.1,0.29530984003311755,12,45,18.566051548725262,13.113759886238629,0.7022241978372651,1.1012896122482236,0.0,0.03904399233039381,0.25998622131792626,1.3931829337961972,1.3541790351521417,20.946007170403426,4.108920670218069,0.001416025227083119,4.390282122530751,-0.2948106732389829,-0.31027713,207.10356620114695,0.20488794115998252,40955.922942453544,15201.184099950344,18014.258271576655,0.0,5701.531319966194,448.8867262133142,1495.7433247247168,3100.2118684180514,12362.772198879225,1034.70091299759,32.10598205517669,139.56726436762733,1188.8758190453286,215.4130343373701,861.5877002724037,6.8036046,0.064554706,0.79143393,0.0051442925,0.004649152,0.13152055,0.06721273,0.0,0.0026973728,0.9986574,0.0012186186,0.0011039468,2.3198885E-5,1.00872065E-4,0.0,0.0,0.0,0.6843020325091584,0.43920467204695823,0.20724517949661486,0.0,0.005313415586550885,0.01418690804085356,0.12923453893313505,0.0,0.12295269832476055,0.242307210647329,0.0,8.972359273227388E-4,0.0,0.07584790858567265,0.18968193507419231,0.265529843659865,0.004486179636613695,0.026579541214473045,0.10609280324467749,0.13267234445915052,0.01418690804085356,0.011980571722163887,0.04710606743249505,0.059086639154658935,0.012957905211265469,16.784184,0.009417238924516068,680.8450144149308,61.27605373223528,0.01662384743158088,1.575,0.0,0.0,0.010950278301130928,0.0,0.03608693638160102,0.0792836858774414,0.27375714584707034,0.0,0.0,0.0,0.0,7.382746000827938,7.382746000827938,6.072837221145148,3.6680981139284246,-0.3107798,-0.3225473,-0.3338064,-0.34113857,0.0,-0.13973695196920644,0.43577771444449986,2.9852496839910643,0.0,-0.2948106732389829,-0.29689135158667446,-0.3289608611726772,0.0,0.023760000243782997,0.031454171519726515,0.06848219856619835,0.0,0.0,0.0,0.0,0.0,0.0,0.0,0.0,0.0,0.0,0,0,0,0,0.0,0.0,0.0,0.0,0.0,0,0,0.9349725246429443,1.5361328076153108E-4,0.008977285251603462,0.08576308375352748,0.07678579850192402
2012-07-22T10:30:00,2012,204,10,0,"718f4615-e576-4fa4-80aa-6236231db38b",124.41666679829359,92.77294222610517,59.601155904963235,30.6755,0.46604999899864197,776.4096154,400.0,1.1,0.0,[0.1956621639701276],[-0.050000000000000024],-0.050000000000000024,28.698650331420136,15.1,0.29530984003311755,12,45,21.60860664380711,15.50693540321492,0.6957862903550764,1.0706610953425308,0.0,0.04916890767522445,0.2447444329465313,1.601532973504315,1.5039043196993263,22.95040365340018,5.01508672983394,0.0012711868147802874,5.418205034356982,-0.304033842737758,-0.41034067,298.65794679225655,0.20738413120853075,41007.68878893605,15238.461915715196,18015.9035032292,0.0,5714.313380357367,448.90871241083323,1495.7820792540633,3100.4925142505094,12363.552329050248,1051.0779895880166,32.118885336006834,139.58216116425706,1189.017417019435,215.43861040731076,861.6880098966285,6.391973,0.013383826,0.8428238,0.005426941,0.0053206636,0.13011879,0.068190865,0.0,0.0029259701,0.998419,0.0014344861,0.0012994987,2.7314782E-5,1.1873954E-4,0.0,0.0,0.0,0.3353618611112177,0.08554905961670847,0.21123550615753156,0.0,0.005415744704275387,0.014458828965983618,0.11263573755118153,0.0,0.10647413588632448,0.24242887875233649,0.0,7.742932481384571E-4,0.0,0.06545596249022201,0.1636935490856217,0.2291495115758437,0.003871466240692286,0.027090370079901567,0.10812936122324075,0.13521973130314233,0.014458828965983618,0.014500553962230753,0.05700436463081163,0.07150491859304238,0.01567924316340005,19.741955,0.010385053903890775,681.7892366773608,61.36103373923079,0.0166258878959623,1.575,0.0,0.0,0.012075644605745624,0.0,0.04613544126855895,0.08409446650761147,0.25773917077888236,0.0,0.0,0.0,0.0,7.382746000827938,7.382746000827938,6.072837221145148,3.6680981139284246,-0.3227449,-0.33674893,-0.34986615,-0.35812926,0.0,-0.018289989824577524,0.5763077082286746,3.15929819459019,0.0,-0.35304285196905044,-0.3824156660874914,-0.44521171220871236,0.0,0.023760000243782997,0.03061951557174325,0.061888934671878816,0.0,0.0,0.0,0.0,0.0,0.0,0.0,0.0,0.0,0.0,0,0,0,0,0.0,0.0,0.0,0.0,0.0,0,0,0.9349725246429443,1.5361333511274802E-4,0.009928176175890258,0.1037888280138565,0.09386065183796624
2012-07-22T11:30:00,2012,204,11,0,"718f4615-e576-4fa4-80aa-6236231db38b",124.45833346620202,92.8076933704025,60.45469762249874,30.485,0.39989998936653137,1065.540385,400.0,1.1,0.0,[0.1956621639701276],[-0.050000000000000024],-0.050000000000000024,28.698650331420136,15.1,0.29530984003311755,12,45,33.362825132183744,24.13115377545102,0.7827677299200569,1.210329490203756,0.0,0.10106670944488083,0.2438078616567229,3.011770178874334,2.926558223074643,41.44688787963192,7.158136890603824,0.001608382821809613,7.261612616811256,-0.33001398683765637,-0.45733047,352.8441987139345,0.20977632938627877,41101.759663751895,15317.940406473701,18017.579509053336,0.0,5727.1693105233235,448.9303873465394,1495.8208544130646,3100.777814669384,12364.34437378821,1085.9948779232702,32.13168335936402,139.59700619587812,1189.1593982981835,215.4642726757097,861.7886624465227,6.3489857,0.0,0.85343415,0.0054627475,0.0053467574,0.13281436,0.06925487,0.0,0.002941988,0.9985512,0.0013146144,0.0011909045,2.5039322E-5,1.0881582E-4,0.0,0.0,0.0,0.24952001669346419,0.0,0.21099066867118624,0.0,0.005409682267332804,0.014441025289689475,0.11517107748952453,0.0,0.10896300575048143,0.2438299178748416,0.0,7.896291196021726E-4,0.0,0.06675280938887018,0.1669367253675946,0.23368953475646478,0.003948145598010864,0.027058177650945574,0.10799873627364998,0.13505691392459554,0.014441025289689475,0.014390097723867267,0.05656163777985491,0.07095173550372218,0.015557318146461017,25.56375,0.010340424948379275,682.7454826902599,61.44709588381151,0.01661110103985112,1.575,0.0,0.0,0.012023750469146045,0.0,0.09354641822259069,0.12623931025272273,0.2567301861861919,0.0,0.0,0.0,0.0,7.382746000827938,7.382746000827938,6.072837221145148,3.6680981139284246,-0.35531107,-0.37469408,-0.39232418,-0.403144,0.0,1.3307601012391932,2.0107012739041386,4.616722655512317,0.0,-0.38644924559596744,-0.42438727831424866,-0.4967347253046778,0.0,0.04041810209552447,0.046920967288315296,0.07402707636356354,0.0,0.0,0.0,0.0,0.0,0.0,0.0,0.0,0.0,0.0,0,0,0,0,0.0,0.0,0.0,0.0,0.0,0,0,0.9349725246429443,1.536133924978055E-4,0.009037363186507719,0.10298813158913894,0.09395076840263122
2012-07-22T12:30:00,2012,204,12,0,"718f4615-e576-4fa4-80aa-6236231db38b",124.50000013411045,92.84003403728697,61.34290595877878,31.317,0.36864998936653137,1969.613461,400.0,1.1,0.0,[0.1956621639701276],[-0.050000000000000024],-0.050000000000000024,28.698650331420136,15.1,0.29530984003311755,12,45,62.78265068311484,46.34661708195989,0.7968905057548602,1.2517947906531517,0.0,0.11640373018777714,0.24369641464565345,5.942768414815267,5.742155263046604,79.36059039533224,10.765176688757498,0.0020477702392167796,10.962691394601023,-0.47111517140551745,-0.5397336,414.3495233752792,0.21372495144389533,41231.02036654361,15432.557364917717,18019.197034940342,0.0,5740.131961720844,448.9534067158875,1495.8614043075454,3101.0531449995783,12365.117753494585,1136.348973743688,32.14526524193309,139.61287239344068,1189.3125051840402,215.4919714920112,861.8973184794822,6.367761,0.0,0.8579815,0.0052382946,0.005456743,0.12837356,0.06757336,0.0,0.0029498748,0.9986702,0.001207003,0.0010934173,2.2996073E-5,9.990709E-5,0.0,0.0,0.0,0.2509582304149926,0.0,0.2122096258319111,0.0,0.005441132132586212,0.014523374246504493,0.10868110104603361,0.0,0.10247733544580748,0.24585402503986392,0.0,7.403428215624741E-4,0.0,0.06258673298666732,0.15651811686018016,0.21910484984684747,0.0037017141078123715,0.027213676646931327,0.10861722299226327,0.1358308996391946,0.014523374246504493,0.015285069657436916,0.060070195745384206,0.07535526540282111,0.016522145904709334,25.56375,0.010663518333727855,683.7141281436277,61.53427397807876,0.016582517775825378,1.575,0.0,0.0,0.012399440468643778,0.0,0.10813293082831406,0.1390880148456609,0.25597000342659953,0.0,0.0,0.0,0.0,7.382746000827938,7.382746000827938,6.072837221145148,3.6680981139284246,-0.5087828,-0.53842014,-0.5651159,-0.581013,0.0,3.3880453138439925,4.473720186721124,8.169369293628556,0.0,-0.4789761222210873,-0.5066608882345222,-0.5776189415814544,0.0,0.057312668611605964,0.06787222065031528,0.10534715354442596,0.0,0.0,0.0,0.0,0.0,0.0,0.0,0.0,0.0,0.0,0,0,0,0,0.0,0.0,0.0,0.0,0.0,0,0,0.9349725246429443,1.536134588375227E-4,0.008322075304022292,0.10937800498774776,0.10105592968372547
2012-07-22T13:30:00,2012,204,13,0,"718f4615-e576-4fa4-80aa-6236231db38b",124.54166680201888,92.87076881582965,62.25151013090734,31.8065,0.3353999853134155,1895.892308,400.0,1.1,0.0,[0.1956621639701276],[-0.050000000000000024],-0.050000000000000024,28.698650331420136,15.1,0.29530984003311755,12,45,60.14232014138514,44.27560126617554,0.7930608701718665,1.246622074930637,0.0,0.11518029868463082,0.24322156779105653,5.5929655234018965,5.3901480968139355,74.56958041590467,10.6708160630621,0.001941161033545851,10.899232096807589,-0.46742394624382105,-0.7113092,429.783805008415,0.2148652346648393,41311.55379674191,15498.70644339353,18020.768383651517,0.0,5752.879481058038,448.9774634731471,1495.90283322148,3101.3204284891444,12365.874157802325,1165.4099179636523,32.1592897138598,139.6292878041665,1189.4712836218528,215.52070439253276,862.0100223494619,6.258308,0.0,0.85849863,0.0052990876,0.0056186975,0.12757215,0.067557484,0.0,0.0030114236,0.99865866,0.0012176088,0.0011030226,2.3204957E-5,1.0078344E-4,0.0,0.0,0.0,0.2518201790144725,0.0,0.21294118439053739,0.0,0.005460149739882533,0.014572428329768508,0.10398300635840453,0.0,0.09790518301996329,0.24177376144490476,0.0,7.050730841100261E-4,0.0,0.05960530642515313,0.1490621040765324,0.20866741050168552,0.003525365420550131,0.02730672378696605,0.10898654315340076,0.1362932669403668,0.014572428329768508,0.015789844571684742,0.062045035327783375,0.07783487989946812,0.017065745161969403,25.56375,0.010831888672840425,684.6953688169368,61.62258564218577,0.016573943749144004,1.575,0.0,0.0,0.012595219941344497,0.0,0.1074898268000019,0.13662957955819088,0.25628468004427096,0.0,0.0,0.0,0.0,7.382746000827938,7.382746000827938,6.072837221145148,3.6680981139284246,-0.5047583,-0.5341085,-0.56052506,-0.57627285,0.0,3.170944342319206,4.125643052143688,7.733274385246972,0.0,-0.6128025759661336,-0.6741502675179081,-0.7537490984781453,0.0,0.05274613946676254,0.061082201078534126,0.09502158313989639,0.0,0.0,0.0,0.0,0.0,0.0,0.0,0.0,0.0,0.0,0,0,0,0,0.0,0.0,0.0,0.0,0.0,0,0,0.9349725246429443,1.5361352882937738E-4,0.008250909442722332,0.11298448867548709,0.10473357923276476
2012-07-22T14:30:00,2012,204,14,0,"718f4615-e576-4fa4-80aa-6236231db38b",124.58333346992731,92.89729653484709,63.20667681713923,32.924,0.32659998536109924,1789.086539,400.0,1.1,0.0,[0.1956621639701276],[-0.050000000000000024],-0.050000000000000024,28.698650331420136,15.1,0.29530984003311755,12,45,52.036443902798176,37.79723843201969,0.7271370440789808,1.130421790623844,0.0,0.07221809628465575,0.2436440648662891,4.428952147563298,4.263532293237446,61.18438986896658,9.795179977994149,0.001735104805697616,9.994713602544506,-0.4331705706873065,-0.6971126,441.29066355770317,0.21469997120593948,41349.98858769279,15522.905449785036,18022.19722479004,0.0,5765.616962167431,449.0038904667526,1495.9458705515497,3101.563800526605,12366.576770729143,1176.0411465631444,32.17428551664648,139.646836759844,1189.6409762885423,215.55141289591091,862.1304558638378,6.1968174,0.0,0.8663347,0.005256192,0.005805335,0.11953939,0.06464952,0.0,0.0030643875,0.9985417,0.0013233118,0.0011987756,2.522706E-5,1.0953092E-4,0.0,0.0,0.0,0.2537606544385993,0.0,0.21458467826990157,0.0,0.005502596784525716,0.014683928934934708,0.09069713876980293,0.0,0.08472023311308012,0.2415833730226585,0.0,6.083862562192904E-4,0.0,0.0514316569473149,0.12862128034856848,0.1800529372958834,0.003041931281096453,0.027516741168556038,0.109822790718539,0.13733953188709502,0.014683928934934708,0.016885921015831116,0.06634290607808062,0.08322882709391173,0.018248742260187974,25.56375,0.011195480972577073,685.6896274919498,61.71206892649268,0.016582583234280145,1.575,0.0,0.0,0.013018001703831118,0.0,0.06687589367811649,0.10207465644997456,0.25724933201428424,0.0,0.0,0.0,0.0,7.382746000827938,7.382746000827938,6.072837221145148,3.6680981139284246,-0.4674046,-0.49435407,-0.5194336,-0.5347305,0.0,1.5474990684289416,2.673195621058093,7.165421565866032,0.0,-0.5913258743452454,-0.6519044321677597,-0.747621781352995,0.0,0.03801832968990008,0.04678958281874657,0.08477685451507569,0.0,0.0,0.0,0.0,0.0,0.0,0.0,0.0,0.0,0.0,0,0,0,0,0.0,0.0,0.0,0.0,0.0,0,0,0.9349725246429443,1.536136034492575E-4,0.008879030185198644,0.12082669312765745,0.11194766294245881
2012-07-22T15:30:00,2012,204,15,0,"718f4615-e576-4fa4-80aa-6236231db38b",124.62500013783574,92.92209294088138,64.17886436518617,33.3325,0.31345000863075256,1964.063877,400.0,1.1,0.0,[0.1956621639701276],[-0.050000000000000024],-0.050000000000000024,28.698650331420136,15.1,0.29530984003311755,12,45,56.2281635500346,40.29432437505163,0.7157120016371367,1.1132852783650156,0.0,0.03621618644040293,0.2651262806633164,4.366293203085661,4.1419498767455964,61.70581650061176,10.994387805929811,0.0015590231021556794,11.07594477766406,-0.480081515543359,-0.6544819,454.67485251998534,0.2149939887170478,41370.56638421849,15529.242779877193,18023.568584339628,0.0,5778.415336390362,449.0309844708691,1495.9895112236502,3101.797389763297,12367.257294786983,1178.8252941364024,32.189646812955985,139.66482340449562,1189.8149954497271,215.58290728737302,862.2539580069681,6.1988745,0.0,0.87018746,0.005142251,0.005850541,0.11574788,0.063138895,0.0,0.0030718488,0.9985224,0.0013414655,0.001215218,2.558141E-5,1.11031615E-4,0.0,0.0,0.0,0.2544910550363073,0.0,0.21520460868539704,0.0,0.005518911750687886,0.014725529183384281,0.08540437348913191,0.0,0.07944119133406657,0.24273829240087164,0.0,5.68997879490417E-4,0.0,0.04810159227247837,0.12029338762924187,0.16839497990172025,0.0028449893974520856,0.02759561109900107,0.11013583419822769,0.13773144529722875,0.014725529183384281,0.01730038610569189,0.06796328008726805,0.08526366619295994,0.01869625052209193,25.56375,0.011323601902851475,686.697053146499,61.80273723900495,0.01659868629230204,1.575,0.0,0.0,0.013166979536288159,0.0,0.03341318083004774,0.07778484749978004,0.27933517402661046,0.0,0.0,0.0,0.0,7.382746000827938,7.382746000827938,6.072837221145148,3.6680981139284246,-0.51857233,-0.54852897,-0.57583475,-0.5927052,0.0,0.5158088852961858,2.0432563544699365,7.996589289435771,0.0,-0.5876429496787662,-0.6035903371517586,-0.7112172554904508,0.0,0.06449851579964161,0.042683602310717106,0.08831607550382614,0.0,0.0,0.0,0.0,0.0,0.0,0.0,0.0,0.0,0.0,0,0,0,0,0.0,0.0,0.0,0.0,0.0,0,0,0.9349725246429443,1.536136802563389E-4,0.009003870123706292,0.12379221949033584,0.11478834936662954
2012-07-22T16:30:00,2012,204,16,0,"718f4615-e576-4fa4-80aa-6236231db38b",124.66666680574417,92.95400481302723,65.07269771117059,31.452,0.3253999948501587,1233.052827,400.0,1.1,0.0,[0.1956621639701276],[-0.050000000000000024],-0.050000000000000024,28.698650331420136,15.1,0.29530984003311755,12,45,39.13518633146309,28.05411689058539,0.7934612669166502,1.2639864370360556,0.0,0.1225751320935716,0.2422436377585388,3.5152562260627747,3.2602201809654354,44.99298574339171,8.086468483143612,0.0015455512652326536,8.216300432745362,-0.3663287198900008,-0.6939986,400.91946349105797,0.21327898884225444,41409.10815527037,15553.448688321085,18025.18090483242,0.0,5791.074632375631,449.05456820414827,1496.0301756279011,3102.0700015376233,12368.02416749401,1189.4595549800933,32.203315903701395,139.68078424584914,1189.9688696018807,215.6107472676876,862.3631024879048,6.240648,0.0,0.85496974,0.0054612015,0.0055800416,0.13097629,0.0685638,0.0,0.0030127089,0.9986091,0.0012619152,0.0011431515,2.4072371E-5,1.0444549E-4,0.0,0.0,0.0,0.2513007328711766,0.0,0.21250892183803727,0.0,0.005450234385980717,0.014540322101832174,0.10833848387394802,0.0,0.10227294371061102,0.24010048752564167,0.0,7.299737738783006E-4,0.0,0.061709603953174326,0.15432456164111322,0.21603416559428754,0.003649868869391504,0.027249369905213133,0.10875234466110077,0.1360017145663139,0.014540322101832174,0.015390975313598313,0.06045564009946576,0.07584661541306408,0.016632883235364427,25.56375,0.01064722583999642,687.716859296756,61.89451979617518,0.016607864548013124,1.575,0.0,0.0,0.01238049570765718,0.0,0.1130764753526092,0.1440294380248887,0.254713088191056,0.0,0.0,0.0,0.0,7.382746000827938,7.382746000827938,6.072837221145148,3.6680981139284246,-0.39470342,-0.41654494,-0.4358956,-0.44725096,0.0,1.9351370882894738,2.622663952213002,4.56531501957296,0.0,-0.6078489638835883,-0.6609141610393204,-0.7345300670390206,0.0,0.0425125223894914,0.048026515170931816,0.0663887195289135,0.0,0.0,0.0,0.0,0.0,0.0,0.0,0.0,0.0,0.0,0,0,0,0,0.0,0.0,0.0,0.0,0.0,0,0,0.9349725246429443,1.5361374637926404E-4,0.008526955385605106,0.11013617257176332,0.10160921718615822
2012-07-22T17:30:00,2012,204,17,0,"718f4615-e576-4fa4-80aa-6236231db38b",124.7083334736526,92.98757123247849,65.94398937455776,30.911,0.3172000050544739,525.7576924,400.0,1.1,0.0,[0.1956621639701276],[-0.050000000000000024],-0.050000000000000024,28.698650331420136,15.1,0.29530984003311755,12,45,18.815281392036493,13.913888693150396,0.8946745651094391,1.4702472782804936,0.0,0.19686416132978865,0.24250551695150016,1.5571084717909496,1.5214635092169961,20.575152110504494,5.920438251040711,9.653542167576933E-4,6.043337255366036,-0.31065922296069876,-0.52423555,369.0411425996284,0.21104165187044333,41436.979572184355,15566.853259906762,18026.842284194587,0.0,5803.817997580137,449.0771256648077,1496.0697209494904,3102.349930909013,12368.805322872744,1195.3485184565275,32.21647188269722,139.6960869008212,1190.1156817782944,215.63729823799582,862.467158081143,6.2980976,0.0,0.8527969,0.005503858,0.0054485067,0.13327639,0.06903419,0.0,0.0029743193,0.99856216,0.0013050984,0.0011822679,2.490349E-5,1.0801804E-4,0.0,0.0,0.0,0.25041173868731853,0.0,0.21175983784909003,0.0,0.005431289007726802,0.01448805990972244,0.11366416677267904,0.0,0.10752854627319416,0.2416949727598807,0.0,7.646211048208757E-4,0.0,0.06463873892212453,0.16164982491137006,0.2262885638334946,0.003823105524104379,0.02715253506607466,0.10836385064111552,0.13551638570719018,0.01448805990972244,0.014810769024341523,0.05816835206113583,0.07297912108547736,0.016004058687925485,22.713526,0.010419773976815143,688.7487814637982,61.98739279489943,0.016621597147639076,1.575,0.0,0.0,0.012116016785341452,0.0,0.18175076163608578,0.20338473466234774,0.25548536922601695,0.0,0.0,0.0,0.0,7.382746000827938,7.382746000827938,6.072837221145148,3.6680981139284246,-0.33210912,-0.34813765,-0.36193508,-0.3700693,0.0,1.1430855453182807,1.356446550785949,1.880503854301064,0.0,-0.46713935699226755,-0.5040092523801749,-0.5496376987375534,0.0,0.03604610885183016,0.037727235816419125,0.0436817929148674,0.0,0.0,0.0,0.0,0.0,0.0,0.0,0.0,0.0,0.0,0,0,0,0,0.0,0.0,0.0,0.0,0.0,0,0,0.9349725246429443,1.5361380711329624E-4,0.008899943466531113,0.10598921190386612,0.09708926843733501
2012-07-22T18:30:00,2012,204,18,0,"718f4615-e576-4fa4-80aa-6236231db38b",124.75000014156103,93.0247862122995,66.75430190824369,29.4475,0.3536500036716461,256.4417308,400.0,1.1,0.0,[0.1956621639701276],[-0.050000000000000024],-0.050000000000000024,28.698650331420136,15.1,0.29530984003311755,12,45,6.797628421636185,4.736569580010148,0.6626874261484457,1.0261307846585792,0.0,0.03461900226934946,0.2435597200025828,-0.0012002699077129364,0.002834452332376706,1.4065145564478316,3.7672162124906796,1.037101312653002E-4,3.9589706559728386,-0.29089625308202816,-0.41887325,81.70869056068544,0.1990919857805597,41433.412985902614,15549.039252567856,18028.568011085146,0.0,5816.284823580599,449.0963270143152,1496.1053898876135,3102.6387258147925,12369.594777242171,1187.522379596569,32.22816004190347,139.70933649986176,1190.2383258926716,215.65940216756923,862.5536515262431,8.975996,0.3075705,0.5853884,0.0038750172,0.0036424084,0.097457275,0.049466427,0.0,0.0020663922,0.99862015,0.0012522271,0.0011343702,2.390143E-5,1.03640654E-4,0.0,0.0,0.0,3.008724464016773,2.7607513999088127,0.20970035712414842,0.0,0.0053786816236004965,0.014346096932043785,0.12311089665193875,0.0,0.11702852355718601,0.236450036723331,0.0,8.279278342342704E-4,0.0,0.06999084119183262,0.1750344631999047,0.2450253043917373,0.004139639171171353,0.02688762349838035,0.10730454033004501,0.13419216382842536,0.014346096932043785,0.01315098706348156,0.051642001189039444,0.064792988252521,0.014208505636336488,15.638429,0.009751951971187018,689.7920431103757,62.0812863468224,0.016648207169056333,1.575,0.0,0.0,0.011339479535319077,0.0,0.032030556923272516,0.07253077247208795,0.2565715145946849,0.0,0.0,0.0,0.0,7.382746000827938,7.382746000827938,6.072837221145148,3.6680981139284246,-0.30582947,-0.3166023,-0.32627067,-0.3323249,0.0,-0.5491910751308314,-0.35098683379549034,0.6171067977125952,0.0,-0.376762891360175,-0.40230067088497296,-0.43907110856679854,0.0,0.023760000243782997,0.023760000243782997,0.033758164197206494,0.0,0.0,0.0,0.0,0.0,0.0,0.0,0.0,0.0,0.0,0,0,0,0,0.0,0.0,0.0,0.0,0.0,0,0,0.9349725246429443,1.5361384317689436E-4,0.012170259295089636,0.09414164655284625,0.08197138725775661
2012-07-22T19:30:00,2012,204,19,0,"718f4615-e576-4fa4-80aa-6236231db38b",124.79166680946946,93.06497688713743,67.48809359932218,27.611,0.40149998664855957,150.6788461,400.0,1.1,0.0,[0.1956621639701276],[-0.050000000000000024],-0.050000000000000024,28.698650331420136,15.1,0.29530984003311755,12,45,5.402057280536221,3.9980660231871266,0.896286608962859,1.4740939741371661,0.0,0.1953667018771339,0.24461719992704034,0.030217078087540965,0.01843480333326018,0.5121178799040438,2.671517179312893,5.3248756078222094E-5,3.310300990228277,-0.2725176778742046,-0.3661068,237.95329398716052,0.20735100903808418,41433.47244437336,15534.510097877062,18030.42463354821,0.0,5828.966378969999,449.1128308437787,1496.139323378,3102.948410617416,12370.432729413662,1181.1393586420634,32.23865116793711,139.7214556717103,1190.3535585913082,215.68022610922287,862.6352055690111,6.7025776,0.05208394,0.7974465,0.0052513676,0.004695772,0.13778932,0.06859765,0.0,0.0027331158,0.99876773,0.0011179858,0.0010127609,2.134469E-5,9.25294E-5,0.0,0.0,0.0,0.5940367860997806,0.34909665083559743,0.20713845322744312,0.0,0.005313075956768215,0.014169684834993151,0.13518069718253478,0.0,0.12892665919799012,0.24052266690987553,0.0,9.090898309918328E-4,0.0,0.07685290199120524,0.19219523459345358,0.2690481365846588,0.004545449154959165,0.02655819870179312,0.10598763782533356,0.13254583652712668,0.014169684834993151,0.011811705777974853,0.04637540449790085,0.0581871102758757,0.01275864383613923,12.00592,0.00923656427437384,690.8460449484427,62.17614651601783,0.0166736216926047,1.575,0.0,0.0,0.01074019148939396,0.0,0.18091026866062168,0.20222127738371226,0.25765749906166624,0.0,0.0,0.0,0.0,7.382746000827938,7.382746000827938,6.072837221145148,3.6680981139284246,-0.2841521,-0.29216984,-0.29922646,-0.30375943,0.0,-0.06629898685082623,-0.016010423634645714,0.09683125901803674,0.0,-0.3403854467124414,-0.3578316587903936,-0.376677242038698,0.0,0.023760000243782997,0.023760000243782997,0.023760000243782997,0.0,0.0,0.0,0.0,0.0,0.0,0.0,0.0,0.0,0.0,0,0,0,0,0.0,0.0,0.0,0.0,0.0,0,0,0.9349725246429443,1.536138874268123E-4,0.00811354152392596,0.08453049915100798,0.07641695762708202
2012-07-22T20:30:00,2012,204,20,0,"718f4615-e576-4fa4-80aa-6236231db38b",124.83333347737789,93.10659507344509,68.13328115542568,25.4845,0.44620001316070557,63.54403846,400.0,1.1,0.0,[0.1956621639701276],[-0.050000000000000024],-0.050000000000000024,28.698650331420136,15.1,0.29530984003311755,12,45,1.0861897364974271,0.7797828224465236,0.4273373879050695,0.6817518836321022,0.0,0.02250189179360986,0.1622123260109722,-0.49466225256522495,-0.47946266849971586,-5.889800820887544,2.164355180853077,0.0,2.276729996708691,-0.25884194620508855,-0.33183953,42.295333234885014,0.18945542168047427,41405.940689005634,15493.048931352158,18032.218366086672,0.0,5841.061253446263,449.1252058851975,1496.167754649731,3103.245293384961,12371.221050243848,1162.9244314588293,32.247343780626814,139.7310290311314,1190.4381588987258,215.6954050260568,862.694463322247,11.978871,0.49165648,0.42555562,0.0028113008,0.0024280832,0.076041095,0.03734324,0.0,0.0015074174,0.9989107,9.88497E-4,8.9545804E-4,1.8876794E-5,8.181152E-5,0.0,0.0,0.0,6.13095969099556,5.889489956740415,0.20420684483147863,0.0,0.005237862135544686,0.013967867352778641,0.13542266786277227,0.0,0.1294181262353834,0.22939547836559138,0.0,9.068643303757372E-4,0.0,0.07666600205896963,0.19172782728006943,0.26839382933903905,0.004534321651878687,0.026181295673039902,0.1044811294547944,0.1306624251278343,0.013967867352778641,0.009800693990865236,0.03847292828930988,0.048273622280175114,0.010583508207471599,10.363646,0.008295134913007414,691.9096922926469,62.27187478080011,0.01671039664306835,1.575,0.0,0.0,0.009645506137301961,0.0,0.021085423193620105,0.04760385697659268,0.17092272186805227,0.0,0.0,0.0,0.0,7.382746000827938,7.382746000827938,6.072837221145148,3.6680981139284246,-0.26895338,-0.27574286,-0.2818138,-0.28581306,0.0,-0.5691145857175192,-0.5394173682035504,-0.37770775840596615,0.0,-0.3114146983880814,-0.32520193521258123,-0.34004164863977443,0.0,0.023760000243782997,0.023760000243782997,0.023760000243782997,0.0,0.0,0.0,0.0,0.0,0.0,0.0,0.0,0.0,0.0,0,0,0,0,0.0,0.0,0.0,0.0,0.0,0,0,0.9349725246429443,1.5361389865128358E-4,0.012821108372008894,0.07017258930263381,0.05735148093062492
2012-07-22T21:30:00,2012,204,21,0,"718f4615-e576-4fa4-80aa-6236231db38b",124.87500014528632,93.14810205554497,68.72105203234304,24.1065,0.5085499882698059,13.62942308,400.0,1.1,0.0,[0.1956621639701276],[-0.050000000000000024],-0.050000000000000024,28.698650331420136,15.1,0.29530984003311755,12,45,0.0,0.0,0.0,0.0,0.0,0.0,0.0,-0.5976322293281555,-0.5976322293281555,0.0,0.29530984003311755,0.0,0.4429647757177188,-0.09595164945383367,-0.33183953,70.65023922273713,0.196860655751821,41398.13067873872,15471.138218189284,18034.03416780555,0.0,5853.307668062538,449.13633772830804,1496.1951114354806,3103.5452024854676,12372.016329232267,1153.298507293027,32.25535131762737,139.7400543961445,1190.521001586615,215.7103261361188,862.7527930559843,9.35459,0.34183377,0.55176616,0.0036320663,0.0030116471,0.097843975,0.04766841,0.0,0.0019123898,0.9990159,8.9305284E-4,8.089955E-4,1.7057533E-5,7.391203E-5,0.0,0.0,0.0,3.436971321862043,3.197714777920221,0.202338294418409,0.0,0.0051898336314217435,0.013838793325588157,0.13770462381925472,0.0,0.13162393596892186,0.2322696398938975,0.0,9.191402971351224E-4,0.0,0.07770534708158826,0.19432703712382096,0.2720323842054092,0.004595701485675613,0.025940659560619903,0.10351850256834444,0.12945916212896436,0.013838793325588157,0.009020972596006024,0.035405894498327005,0.04442686709433303,0.009738228419270908,6.42655,0.007924029346518122,692.982553624869,62.368432304536945,0.016739464856580382,1.575,0.0,0.0,0.00921398801774173,0.0,0.0,0.0,0.0,0.0,0.0,0.0,0.0,7.382746000827938,7.382746000827938,6.072837221145148,3.6680981139284246,-0.10089196,-0.103486426,-0.106110886,-0.10834204,0.0,0.0,0.0,0.0,0.0,-0.3114146983880814,-0.32520193521258123,-0.34004164863977443,0.0,0.023760000243782997,0.023760000243782997,0.023760000243782997,0.0,0.0,0.0,0.0,0.0,0.0,0.0,0.0,0.0,0.0,0,0,0,0,0.0,0.0,0.0,0.0,0.0,0,0,0.9349725246429443,1.5361392062057918E-4,0.009045574977790238,0.06457055445227047,0.055524979474480235
2012-07-22T22:30:00,2012,204,22,0,"718f4615-e576-4fa4-80aa-6236231db38b",124.91666681319475,93.18937456091888,69.28719786665425,23.5875,0.5083500146865845,0.107884615,400.0,1.1,0.0,[0.1956621639701276],[-0.050000000000000024],-0.050000000000000024,28.698650331420136,15.1,0.29530984003311755,12,45,0.0,0.0,0.0,0.0,0.0,0.0,0.0,-0.578311026096344,-0.578311026096344,0.0,0.29530984003311755,0.0,0.4429647757177188,-0.09603680970383965,-0.33183953,70.55873711060572,0.1964420384882472,41390.37451819632,15449.113825860708,18035.83708272183,0.0,5865.736015294155,449.1467681792619,1496.2216526883767,3103.8420586184106,12372.802090469226,1143.6226410272052,32.26305260227423,139.7487250831211,1190.6004686824185,215.72463803899387,862.8087250693591,9.402936,0.33761665,0.55708414,0.0035648157,0.0029483787,0.09689014,0.047008667,0.0,0.0018958877,0.99904346,8.677166E-4,7.860427E-4,1.6576565E-5,7.181476E-5,0.0,0.0,0.0,3.4130329091571,3.1745878520480812,0.20165521244769796,0.0,0.005172160726440243,0.01379077434871812,0.13747883635422573,0.0,0.13132746334219708,0.2357202353844519,0.0,9.131455590408105E-4,0.0,0.07720015665097203,0.19306364275900006,0.2702637994099721,0.004565727795204053,0.02585200308186839,0.1031623493884898,0.1290143524703582,0.01379077434871812,0.008679952264673519,0.03406137300948014,0.042741325274153655,0.009366912711901166,6.414662,0.007737643329973156,694.064412217173,62.465799581713334,0.01676873959939753,1.575,0.0,0.0,0.00899726008198837,0.0,0.0,0.0,0.0,0.0,0.0,0.0,0.0,7.382746000827938,7.382746000827938,6.072837221145148,3.6680981139284246,-0.100977056,-0.10357154,-0.10619602,-0.108427174,0.0,0.0,0.0,0.0,0.0,-0.3114146983880814,-0.32520193521258123,-0.34004164863977443,0.0,0.023760000243782997,0.023760000243782997,0.023760000243782997,0.0,0.0,0.0,0.0,0.0,0.0,0.0,0.0,0.0,0.0,0,0,0,0,0.0,0.0,0.0,0.0,0.0,0,0,0.9349725246429443,1.536139412805336E-4,0.008834303356707096,0.06212612451786906,0.05329182116116196
2012-07-22T23:30:00,2012,204,23,0,"718f4615-e576-4fa4-80aa-6236231db38b",124.95833348110318,93.22996779482266,69.81394789061781,22.642,0.5885000228881836,0.0,400.0,1.1,0.0,[0.1956621639701276],[-0.050000000000000024],-0.050000000000000024,28.698650331420136,15.1,0.29530984003311755,12,45,0.0,0.0,0.0,0.0,0.0,0.0,0.0,-0.544541984796524,-0.544541984796524,0.0,0.29530984003311755,0.0,0.4429647757177188,-0.09595514722916029,-0.33183953,70.787146651366,0.1963705300704956,41382.690150593466,15427.236510217494,18037.606152857654,0.0,5878.125506609431,449.15601028401727,1496.2467992253096,3104.1324185982457,12373.56864584771,1134.0113892268869,32.2702335346416,139.75680883156986,1190.67455508724,215.73798171421566,862.8608613095178,9.339589,0.33646464,0.5591091,0.0034924496,0.0028832161,0.09615402,0.04645261,0.0,0.0018965749,0.9991002,8.1688835E-4,7.399975E-4,1.5608244E-5,6.760775E-5,0.0,0.0,0.0,3.379392975200445,3.1424416427064177,0.2003951212576573,0.0,0.0051396744938641175,0.01370330593715219,0.13580563649594965,0.0,0.12968579944699948,0.23498328093868606,0.0,8.979863614237679E-4,0.0,0.07592017118820842,0.18986262611512966,0.2657827973033381,0.0044899318071188405,0.025689377748282068,0.102511065787572,0.12820044353585408,0.01370330593715219,0.008096982138550375,0.03176809280958262,0.039865074948132996,0.008734815712670542,6.4260607,0.007416055842965094,695.154894130604,62.56394295782199,0.01679820455366493,1.575,0.0,0.0,0.008623321127149697,0.0,0.0,0.0,0.0,0.0,0.0,0.0,0.0,7.382746000827938,7.382746000827938,6.072837221145148,3.6680981139284246,-0.10089529,-0.10348975,-0.106114216,-0.10834536,0.0,0.0,0.0,0.0,0.0,-0.3114146983880814,-0.32520193521258123,-0.34004164863977443,0.0,0.023760000243782997,0.023760000243782997,0.023760000243782997,0.0,0.0,0.0,0.0,0.0,0.0,0.0,0.0,0.0,0.0,0,0,0,0,0.0,0.0,0.0,0.0,0.0,0,0,0.9349725246429443,1.5361396053440013E-4,0.008260804894234752,0.05794972739413688,0.04968892249990213
2012-07-23T00:30:00,2012,205,0,0,"718f4615-e576-4fa4-80aa-6236231db38b",125.00000014901161,93.27000966740815,70.31721877010315,22.0785,0.680400013923645,1.078846154,400.0,1.1,0.0,[0.1956621639701276],[-0.050000000000000024],-0.050000000000000024,28.698650331420136,15.1,0.29530984003311755,12,45,0.0,0.0,0.0,0.0,0.0,0.0,0.0,-0.5252652913331985,-0.5252652913331985,0.0,0.29530984003311755,0.0,0.4429647757177188,-0.09585778107890658,-0.33183953,70.77832983795358,0.1962728742111206,41375.058567876986,15405.486447538677,18039.35151859404,0.0,5890.465685067756,449.16458816855817,1496.271159155481,3104.4180232323392,12374.321820987268,1124.4560428357659,32.27712283594683,139.764579864676,1190.745911013848,215.75083780974887,862.9110873299499,9.284748,0.3358955,0.560173,0.003448733,0.00284878,0.09573347,0.046093572,0.0,0.0019005174,0.99915147,7.710842E-4,6.9850363E-4,1.4549151E-5,6.300986E-5,0.0,0.0,0.0,3.3547809414378063,3.1187052822631114,0.1996576598956973,0.0,0.005120572048247281,0.013651601194933105,0.13448680281125716,0.0,0.1284008776285898,0.234047996621983,0.0,8.848585910677569E-4,0.0,0.07484494806924995,0.18717368321748906,0.262018631286739,0.004424292955338785,0.025593763080161848,0.1021272586349517,0.12772102171511354,0.013651601194933105,0.007765464737619754,0.03046210142842405,0.03822756616604381,0.008374310933914653,6.439705,0.007220006019376273,696.2537714002411,62.662841916019225,0.016827861893126184,1.575,0.0,0.0,0.008395356205967076,0.0,0.0,0.0,0.0,0.0,0.0,0.0,0.0,7.382746000827938,7.382746000827938,6.072837221145148,3.6680981139284246,-0.10079781,-0.10339225,-0.106016695,-0.10824783,0.0,0.0,0.0,0.0,0.0,-0.3114146983880814,-0.32520193521258123,-0.34004164863977443,0.0,0.023760000243782997,0.023760000243782997,0.023760000243782997,0.0,0.0,0.0,0.0,0.0,0.0,0.0,0.0,0.0,0.0,0,0,0,0,0.0,0.0,0.0,0.0,0.0,0,0,0.9393413662910461,1.4965907562804943E-4,0.0077443619338737335,0.05557346250733107,0.04782910057345734
2012-07-23T01:30:00,2012,205,1,0,"718f4615-e576-4fa4-80aa-6236231db38b",125.04166681692004,93.30967987143222,70.80671875099489,21.748,0.7396000027656555,0.719230769,400.0,1.1,0.0,[0.1956621639701276],[-0.050000000000000024],-0.050000000000000024,28.698650331420136,15.1,0.29530984003311755,12,45,0.0,0.0,0.0,0.0,0.0,0.0,0.0,-0.5142452716827393,-0.5142452716827393,0.0,0.29530984003311755,0.0,0.4429647757177188,-0.09576742090626006,-0.33183953,70.60019626937819,0.19614125996405948,41367.46837130012,15383.838612499929,18041.083470175192,0.0,5902.759149414697,449.17284303285646,1496.2951288674283,3104.7006585279114,12375.06683108343,1114.9456076031108,32.28386901507646,139.7722035323278,1190.815939629023,215.7634567981055,862.9603770947258,9.241001,0.33546752,0.56069434,0.0034364327,0.0028371904,0.095659286,0.045933604,0.0,0.0019052494,0.9991646,7.592826E-4,6.8781193E-4,1.4328674E-5,6.204521E-5,0.0,0.0,0.0,3.335629517294345,3.1000556096017995,0.19923639590302994,0.0,0.005109569323586585,0.013621531717975085,0.13374572156251305,0.0,0.12768793899669134,0.23316200099235926,0.0,8.764047659914756E-4,0.0,0.07413146356073182,0.18538941765202838,0.2595208812127602,0.0043820238299573785,0.025538688458650656,0.10190525406140441,0.12744394252005506,0.013621531717975085,0.0076202586351545275,0.02988736727522542,0.03750762591037995,0.008214922699549059,6.452419,0.007100199090285556,697.3609047156955,62.76248391836953,0.016857712888215075,1.575,0.0,0.0,0.008256045817172344,0.0,0.0,0.0,0.0,0.0,0.0,0.0,0.0,7.382746000827938,7.382746000827938,6.072837221145148,3.6680981139284246,-0.100707345,-0.10330176,-0.105926186,-0.108157314,0.0,0.0,0.0,0.0,0.0,-0.3114146983880814,-0.32520193521258123,-0.34004164863977443,0.0,0.023760000243782997,0.023760000243782997,0.023760000243782997,0.0,0.0,0.0,0.0,0.0,0.0,0.0,0.0,0.0,0.0,0,0,0,0,0.0,0.0,0.0,0.0,0.0,0,0,0.9393413662910461,1.4965909445531592E-4,0.007589889999508159,0.0545263452282749,0.046936455228766744
2012-07-23T02:30:00,2012,205,2,0,"718f4615-e576-4fa4-80aa-6236231db38b",125.08333348482847,93.34900824181014,71.2845521157349,21.468,0.7623000144958496,0.719230769,400.0,1.1,0.0,[0.1956621639701276],[-0.050000000000000024],-0.050000000000000024,28.698650331420136,15.1,0.29530984003311755,12,45,0.0,0.0,0.0,0.0,0.0,0.0,0.0,-0.5050714910030365,-0.5050714910030365,0.0,0.29530984003311755,0.0,0.4429647757177188,-0.095690110575883,-0.33183953,70.38626410626527,0.1959997095502519,41359.91682537508,15362.286087974153,18042.802605601,0.0,5915.009516464388,449.18077220634166,1496.3186778601291,3104.9804305217817,12375.803824195878,1105.4770446620262,32.2904720937061,139.77966309381077,1190.884439905049,215.7758007229438,863.0085813580688,9.200279,0.335053,0.56120163,0.0034159704,0.0028238834,0.09559542,0.0457755,0.0,0.00191006,0.99917465,7.504587E-4,6.7981763E-4,1.416428E-5,6.1323895E-5,0.0,0.0,0.0,3.317734723837505,3.0825813780361613,0.1988837729067453,0.0,0.005100321574109669,0.013596165146354216,0.13308640883478,0.0,0.12705459976711408,0.2323446030822928,0.0,8.685956658371552E-4,0.0,0.07347247273850423,0.1837413963439089,0.2572138690824131,0.004342978329185777,0.025492414323150966,0.10171840673147806,0.12721082105462903,0.013596165146354216,0.007461795792248002,0.029260894526444346,0.036722690318692346,0.008041374318997402,6.463337,0.007003313823909945,698.4761814196754,62.862858825716266,0.016887755949043574,1.575,0.0,0.0,0.008143388525730983,0.0,0.0,0.0,0.0,0.0,0.0,0.0,0.0,7.382746000827938,7.382746000827938,6.072837221145148,3.6680981139284246,-0.10062993,-0.10322433,-0.10584874,-0.10807986,0.0,0.0,0.0,0.0,0.0,-0.3114146983880814,-0.32520193521258123,-0.34004164863977443,0.0,0.023760000243782997,0.023760000243782997,0.023760000243782997,0.0,0.0,0.0,0.0,0.0,0.0,0.0,0.0,0.0,0.0,0,0,0,0,0.0,0.0,0.0,0.0,0.0,0,0,0.9393413662910461,1.496591127976493E-4,0.007468578311090823,0.05338921990318066,0.045920641592089834
2012-07-23T03:30:00,2012,205,3,0,"718f4615-e576-4fa4-80aa-6236231db38b",125.1250001527369,93.38783711133517,71.74663546919722,21.09,0.7768999934196472,1.258653846,400.0,1.1,0.0,[0.1956621639701276],[-0.050000000000000024],-0.050000000000000024,28.698650331420136,15.1,0.29530984003311755,12,45,0.0,0.0,0.0,0.0,0.0,0.0,0.0,-0.49291904270648956,-0.49291904270648956,0.0,0.29530984003311755,0.0,0.4429647757177188,-0.0956309651430772,-0.33183953,70.25725226200562,0.19587073048797637,41352.40825875419,15340.838448774628,18044.501528375065,0.0,5927.2191753662155,449.18827449044403,1496.3416685169298,3105.256155483215,12376.52959345597,1096.0545604674026,32.29688743128908,139.7869084698444,1190.950956335074,215.78778753004264,863.0553804322628,9.155366,0.33457774,0.56208074,0.0033829869,0.0028029382,0.095241055,0.0454888,0.0,0.0019145274,0.9991902,7.362764E-4,6.669694E-4,1.3898646E-5,6.0164748E-5,0.0,0.0,0.0,3.29775937148363,3.063181616136429,0.19840000842679018,0.0,0.005087706351219482,0.01356184254839162,0.13190138500584642,0.0,0.1258979967190529,0.23157251858728597,0.0,8.573323181871494E-4,0.0,0.07252125732884333,0.18136257416553017,0.2538838314943735,0.004286661590935748,0.02542933448390877,0.10146452284090088,0.12689385732480965,0.01356184254839162,0.00725271167253623,0.028436205106564888,0.03568891677910112,0.007813419823455368,6.4717145,0.006868543687744369,699.5994448027136,62.96395253420681,0.016917985536056664,1.575,0.0,0.0,0.007986679058176488,0.0,0.0,0.0,0.0,0.0,0.0,0.0,0.0,7.382746000827938,7.382746000827938,6.072837221145148,3.6680981139284246,-0.10057069,-0.103165075,-0.10578947,-0.10802058,0.0,0.0,0.0,0.0,0.0,-0.3114146983880814,-0.32520193521258123,-0.34004164863977443,0.0,0.023760000243782997,0.023760000243782997,0.023760000243782997,0.0,0.0,0.0,0.0,0.0,0.0,0.0,0.0,0.0,0.0,0,0,0,0,0.0,0.0,0.0,0.0,0.0,0,0,0.9393413662910461,1.4965913054826733E-4,0.007291661800991278,0.05189009858683787,0.044598436785846594
2012-07-23T04:30:00,2012,205,4,0,"718f4615-e576-4fa4-80aa-6236231db38b",125.16666682064533,93.42579943611513,72.18405211520343,20.498,0.7805500030517578,1.006923077,400.0,1.1,0.0,[0.1956621639701276],[-0.050000000000000024],-0.050000000000000024,28.698650331420136,15.1,0.29530984003311755,12,45,0.0,0.0,0.0,0.0,0.0,0.0,0.0,-0.474411740899086,-0.474411740899086,0.0,0.29530984003311755,0.0,0.4429647757177188,-0.09559386309137125,-0.33183953,70.32138662240831,0.1957791029643874,41344.952482833476,15319.522908988309,18046.16332358242,0.0,5939.388151059384,449.19513519874045,1496.363802803714,3105.5251184949734,12377.236827050489,1086.6901108481209,32.303020193450706,139.79383340082282,1191.014524545799,215.79924356833703,863.10009754216,9.098727,0.3340591,0.56369513,0.0033225527,0.0027661135,0.09423838,0.044918012,0.0,0.0019187442,0.9992169,7.10725E-4,6.4382236E-4,1.3418229E-5,5.8076585E-5,0.0,0.0,0.0,3.273177180501547,3.039512503227609,0.19763075935538735,0.0,0.005067766234847838,0.013508022910432472,0.1295001716858533,0.0,0.12353322354181201,0.23080090709761245,0.0,8.380390974276671E-4,0.0,0.07089072820871055,0.17728491116271988,0.24817563937143045,0.0041901954871383365,0.02532966882508306,0.10106471288082992,0.126394381705913,0.013508022910432472,0.006936153458431547,0.02719054347824899,0.03412669693668054,0.0074698933913487945,6.4769807,0.006664921939527276,700.7304580953249,63.06574373458665,0.016948391907966757,1.575,0.0,0.0,0.00774990957308513,0.0,0.0,0.0,0.0,0.0,0.0,0.0,0.0,7.382746000827938,7.382746000827938,6.072837221145148,3.6680981139284246,-0.1005335,-0.103127874,-0.10575226,-0.10798337,0.0,0.0,0.0,0.0,0.0,-0.3114146983880814,-0.32520193521258123,-0.34004164863977443,0.0,0.023760000243782997,0.023760000243782997,0.023760000243782997,0.0,0.0,0.0,0.0,0.0,0.0,0.0,0.0,0.0,0.0,0,0,0,0,0.0,0.0,0.0,0.0,0.0,0,0,0.9393413662910461,1.4965914748839423E-4,0.006995074483711505,0.04962227886170184,0.042627204377990335
2012-07-23T05:30:00,2012,205,5,0,"718f4615-e576-4fa4-80aa-6236231db38b",125.20833348855376,93.46300327675581,72.60186463401304,20.0275,0.7881500124931335,0.215769231,400.0,1.1,0.0,[0.1956621639701276],[-0.050000000000000024],-0.050000000000000024,28.698650331420136,15.1,0.29530984003311755,12,45,0.0,0.0,0.0,0.0,0.0,0.0,0.0,-0.46014899015426636,-0.46014899015426636,0.0,0.29530984003311755,0.0,0.4429647757177188,-0.09558122206773423,-0.33183953,70.29569800203069,0.1956746423963604,41337.54322348712,15298.32998417336,18047.793485301565,0.0,5951.513832279976,449.20150311783823,1496.3852594369953,3105.788270314356,12377.928269771408,1077.3795290517266,32.308935596322456,139.80051138848725,1191.0758161474532,215.81028974210005,863.1432055031778,9.046128,0.33368248,0.56495553,0.0032736347,0.0027389384,0.09342565,0.044449456,0.0,0.0019237668,0.9992383,6.922627E-4,6.2709715E-4,1.30714525E-5,5.6567726E-5,0.0,0.0,0.0,3.2514804930639842,3.0185344754144188,0.19702587410320155,0.0,0.0050520359309537,0.013465466069282643,0.12741972943950514,0.0,0.12148795265597206,0.22997976949368784,0.0,8.211152392288897E-4,0.0,0.06946053550653175,0.17370825354166172,0.24316878904819347,0.004105576196144449,0.025251090876585742,0.10074908985859124,0.126000180735177,0.013465466069282643,0.006693080837628285,0.02623341857456955,0.032926499412197836,0.00720574696113033,6.478777,0.0065011953505449355,701.8690309177463,63.16821529267642,0.01697897301547807,1.575,0.0,0.0,0.007559529810075809,0.0,0.0,0.0,0.0,0.0,0.0,0.0,0.0,7.382746000827938,7.382746000827938,6.072837221145148,3.6680981139284246,-0.10052078,-0.10311515,-0.105739534,-0.10797065,0.0,0.0,0.0,0.0,0.0,-0.3114146983880814,-0.32520193521258123,-0.34004164863977443,0.0,0.023760000243782997,0.023760000243782997,0.023760000243782997,0.0,0.0,0.0,0.0,0.0,0.0,0.0,0.0,0.0,0.0,0,0,0,0,0.0,0.0,0.0,0.0,0.0,0,0,0.9393413662910461,1.4965916378653984E-4,0.0067740250706265215,0.047880524954796486,0.041106499884169964
2012-07-23T06:30:00,2012,205,6,0,"718f4615-e576-4fa4-80aa-6236231db38b",125.25000015646219,93.49960569804868,73.00511462505,19.678,0.7940999865531921,6.545,400.0,1.1,0.0,[0.1956621639701276],[-0.050000000000000024],-0.050000000000000024,28.698650331420136,15.1,0.29530984003311755,12,45,0.0,0.0,0.0,0.0,0.0,0.0,0.0,-0.4498039036989212,-0.4498039036989212,0.0,0.29530984003311755,0.0,0.4429647757177188,-0.09559386309137125,-0.33183953,70.16932762879165,0.1955507993666707,41330.17478854529,15277.245767138602,18049.399387788573,0.0,5963.596750693655,449.2075135634159,1496.4062122047942,3106.0468495957107,12378.607351841092,1068.1167053013894,32.31469316158209,139.80700936633426,1191.1354408068355,215.82103578629255,863.1851331574508,8.999628,0.33336696,0.5658719,0.0032378058,0.0027208065,0.09287337,0.044107046,0.0,0.0019291394,0.99925166,6.8044226E-4,6.163886E-4,1.2849948E-5,5.5601624E-5,0.0,0.0,0.0,3.2325980819885545,3.0001788143275903,0.1965832425207245,0.0,0.005040464210543075,0.013434023928582665,0.12582772754516636,0.0,0.11992745869755568,0.22916871564047855,0.0,8.076307222667162E-4,0.0,0.06832120528942975,0.17085899060660578,0.23918019589603554,0.004038153611333582,0.025193319349034717,0.10051655841792405,0.12570987776695877,0.013434023928582665,0.006517150287051928,0.025539808287027944,0.03205695857407987,0.00701407008321289,6.4769807,0.00637695644762644,703.0150188061307,63.27135420672939,0.017009727696602243,1.575,0.0,0.0,0.007415065963114995,0.0,0.0,0.0,0.0,0.0,0.0,0.0,0.0,7.382746000827938,7.382746000827938,6.072837221145148,3.6680981139284246,-0.10053335,-0.103127725,-0.10575211,-0.107983224,0.0,0.0,0.0,0.0,0.0,-0.3114146983880814,-0.32520193521258123,-0.34004164863977443,0.0,0.023760000243782997,0.023760000243782997,0.023760000243782997,0.0,0.0,0.0,0.0,0.0,0.0,0.0,0.0,0.0,0.0,0,0,0,0,0.0,0.0,0.0,0.0,0.0,0,0,0.9393413662910461,1.496591795889562E-4,0.0066241149797861,0.046619366194245726,0.039995251214459626
2012-07-23T07:30:00,2012,205,7,0,"718f4615-e576-4fa4-80aa-6236231db38b",125.29166682437062,93.53803067937112,73.4553438064061,20.8055,0.7680000066757202,66.16923077,400.0,1.1,0.0,[0.1956621639701276],[-0.050000000000000024],-0.050000000000000024,28.698650331420136,15.1,0.29530984003311755,12,45,1.1977663077380618,0.8672424447338741,0.45253900256957064,0.7281350449126364,0.0,0.04003391159821832,0.16160288272987025,-0.31784352536002797,-0.2994082795533913,-3.5852081235968187,0.6947394304598706,0.0,0.772183424239224,-0.15776538848867125,-0.15776539,59.01228018781577,0.19307975865050464,41313.27214179977,15246.656693876452,18051.08342334561,0.0,5975.5698371129,449.2145032158479,1496.4285291554288,3106.317291148373,12379.3180585403,1054.6781605431768,32.32092918188012,139.81399788664257,1191.1988570155274,215.8324533723158,863.2296499066526,9.574178,0.37444705,0.52707875,0.0031572422,0.0026481124,0.0908416,0.042946875,0.0,0.001827256,0.99916595,7.573871E-4,6.8608933E-4,1.4304859E-5,6.1888866E-5,0.0,0.0,0.0,3.8192446484246156,3.585022447874911,0.19811107244723378,0.0,0.005079411461282211,0.013537242241435968,0.13162855359416753,0.0,0.12573886206243864,0.22708560490191707,0.0,8.433447561307378E-4,0.0,0.07134382072862971,0.17841800170013467,0.24976182242876438,0.00421672378065369,0.025388078890479903,0.1012915810967459,0.1266796599872258,0.013537242241435968,0.007063389051722934,0.02767612413794506,0.034739513189667996,0.007599530753804387,6.446793,0.006707206099054714,704.1688057717178,63.37519503775849,0.017044614702868253,1.575,0.0,0.0,0.0077990772026065025,0.0,0.037265039333064125,0.061653512132449184,0.17028231988790846,0.0,0.0,0.0,0.0,7.382746000827938,7.382746000827938,6.072837221145148,3.6680981139284246,-0.16350338,-0.16675116,-0.16994274,-0.1724831,0.0,-0.39117715754079346,-0.356116492869131,-0.19898038210835825,0.0,-0.15776538848867125,-0.15776538848867125,-0.15776538848867125,0.0,0.023760000243782997,0.023760000243782997,0.023760000243782997,0.0,0.0,0.0,0.0,0.0,0.0,0.0,0.0,0.0,0.0,0,0,0,0,0.0,0.0,0.0,0.0,0.0,0,0,0.9393413662910461,1.496591939523103E-4,0.007843871535442304,0.05052771076751595,0.042683839232073646
2012-07-23T08:30:00,2012,205,8,0,"718f4615-e576-4fa4-80aa-6236231db38b",125.33333349227905,93.57956649545363,74.04667713383859,24.192,0.5866000056266785,248.9976924,400.0,1.1,0.0,[0.1956621639701276],[-0.050000000000000024],-0.050000000000000024,28.698650331420136,15.1,0.29530984003311755,12,45,7.022012601367549,4.953247526856083,0.7050278793434661,1.105152483568443,0.0,0.03692904773203881,0.2626313895340812,0.270758477350076,0.25620271663604166,4.745347470599808,2.1030837551019372,6.267710793585213E-4,2.2805960358369637,-0.2559559947010223,-0.255956,105.63386125701889,0.19991208084564205,41319.92698416574,15239.324469283805,18052.971651642714,0.0,5987.62958537729,449.2256290241602,1496.4564957818786,3106.6206576558416,12380.124027169864,1051.4569309386993,32.329063056057926,139.8232833235579,1191.2856014201977,215.84811537746907,863.2907812173667,7.7426186,0.21047665,0.6564796,0.004308925,0.003666023,0.12275692,0.057971567,0.0,0.002311876,0.99894893,9.552986E-4,8.65369E-4,1.8045359E-5,7.8060686E-5,0.0,0.0,0.0,1.869316745213514,1.6296404372381046,0.20272738148482594,0.0,0.005197540238938405,0.013851410738212631,0.1443590555156631,0.0,0.13835127247847545,0.22872926275566424,0.0,9.249105315062191E-4,0.0,0.07824559740571758,0.1956780934117547,0.2739236908174723,0.004624552657531096,0.02597853231692914,0.10364516931149878,0.12962370162842793,0.013851410738212631,0.00921267253865437,0.03609168145230828,0.04530435399096265,0.009908654239201502,10.211366,0.007865792584590579,705.3317390081546,63.47985903319678,0.01707001416721878,1.575,0.0,0.0,0.009146270849729443,0.0,0.03441807963679529,0.07827572059955092,0.27620110045762614,0.0,0.0,0.0,0.0,7.382746000827938,7.382746000827938,6.072837221145148,3.6680981139284246,-0.26587713,-0.2725892,-0.2789598,-0.2833409,0.0,-0.33358038547133245,-0.14835759806527088,0.9337208296615161,0.0,-0.2559559947010223,-0.2559559947010223,-0.2559559947010223,0.0,0.023760000243782997,0.023760000243782997,0.04424796774983406,0.0,0.0,0.0,0.0,0.0,0.0,0.0,0.0,0.0,0.0,0,0,0,0,0.0,0.0,0.0,0.0,0.0,0,0,0.9393413662910461,1.4965922224511883E-4,0.0080008877448563,0.06588493172601181,0.057884043981155514
2012-07-23T09:30:00,2012,205,9,0,"718f4615-e576-4fa4-80aa-6236231db38b",125.37500016018748,93.6192696150399,74.7966355124106,27.999,0.47999998927116394,696.9346154,400.0,1.1,0.0,[0.1956621639701276],[-0.050000000000000024],-0.050000000000000024,28.698650331420136,15.1,0.29530984003311755,12,45,19.450998252629965,13.738293750084551,0.6977339704050365,1.095136508943969,0.0,0.038926124303480795,0.2585049501925624,1.4786916927235627,1.4362325804755194,22.143814029354765,4.453143649419532,0.0013812847590039762,4.75176857997333,-0.2985505617507363,-0.3477219,229.65024451122576,0.2068954381838929,41369.232997213534,15274.530498541142,18054.882278194586,0.0,5999.767168989062,449.2427505162487,1496.4911499376483,3106.928566427626,12380.959435919913,1066.923819911734,32.33984959366091,139.8357871810169,1191.40500407591,215.8697198103469,863.3751684720162,6.4908485,0.05158566,0.78813684,0.0054170527,0.004905811,0.14712493,0.070664465,0.0,0.002829685,0.9987069,0.0011753802,0.0010647308,2.2206617E-5,9.6043674E-5,0.0,0.0,0.0,0.5807947964577567,0.3348347041204458,0.20804595469753806,0.0,0.0053337078469801276,0.014213372354629722,0.140541186941552,0.0,0.13452893806058905,0.23020551426878058,0.0,8.96570786101145E-4,0.0,0.07584970610590747,0.18968639814557717,0.26553610425148466,0.004482853930505726,0.026658814834591704,0.10635680734714179,0.1330156221817335,0.014213372354629722,0.012227302063351384,0.04789328584077304,0.060120587904124424,0.013146649591754262,17.916573,0.009178137295686341,706.5053444977304,63.58548353145574,0.01707803827412797,1.575,0.0,0.0,0.010672253139092917,0.0,0.03597526966054207,0.07871197931301215,0.2723625441485169,0.0,0.0,0.0,0.0,7.382746000827938,7.382746000827938,6.072837221145148,3.6680981139284246,-0.3155406,-0.32817033,-0.3402162,-0.3479973,0.0,-0.12192083003340293,0.4766958737656916,3.138753992148735,0.0,-0.3024688622998711,-0.3212934280504539,-0.3797933029617539,0.0,0.023760000243782997,0.031209171283990145,0.06735370829701423,0.0,0.0,0.0,0.0,0.0,0.0,0.0,0.0,0.0,0.0,0,0,0,0,0.0,0.0,0.0,0.0,0.0,0,0,0.9393413662910461,1.496592699431758E-4,0.00825259466728312,0.08742158450690672,0.0791689898396236
2012-07-23T10:30:00,2012,205,10,0,"718f4615-e576-4fa4-80aa-6236231db38b",125.41666682809591,93.65510250985477,75.63244802651144,30.0595,0.4341000020503998,779.2865385,400.0,1.1,0.0,[0.1956621639701276],[-0.050000000000000024],-0.050000000000000024,28.698650331420136,15.1,0.29530984003311755,12,45,21.56674135622258,15.413762493279812,0.6918745638072694,1.069267349208448,0.0,0.04915249706784834,0.24440614526894325,1.6225617789508153,1.3934111000529965,20.944938441817424,4.7700072605976995,0.0012197127044480376,5.176243033821534,-0.30182643755549554,-0.4189345,304.8678415081648,0.20868432358856204,41416.44681132538,15307.731069000074,18056.68223876907,0.0,6011.921479433161,449.2636229133205,1496.529252206636,3107.2193231868673,12381.762492403635,1081.5096606884986,32.35226541001615,139.85023033230627,1191.5435879590318,215.89480730555448,863.4731608214609,6.182913,0.010539338,0.8285297,0.0056697563,0.00543605,0.14681283,0.071910374,0.0,0.0030123203,0.9985344,0.0013321241,0.0012067166,2.5173877E-5,1.088505E-4,0.0,0.0,0.0,0.31460900008903286,0.06516380446458422,0.2109973380069096,0.0,0.005409337276404414,0.014413607658620037,0.1281739117130779,0.0,0.1222391912449855,0.2305227610257359,0.0,8.119924452982781E-4,0.0,0.06869542566722199,0.17179486453501241,0.2404902902022344,0.004059962226491391,0.027035766216798436,0.10785825026966059,0.13489401648645902,0.014413607658620037,0.014082168448142885,0.05514910581100218,0.06923127425914506,0.01513704858873978,18.941784,0.009861844502179046,707.6904172488601,63.69214008329556,0.017087183274624638,1.575,0.0,0.0,0.011467261553724241,0.0,0.045585630120316495,0.08452343402395526,0.2573002455127958,0.0,0.0,0.0,0.0,7.382746000827938,7.382746000827938,6.072837221145148,3.6680981139284246,-0.319774,-0.333127,-0.34545353,-0.35287064,0.0,-0.0015698277324602966,0.6066031448028153,2.859846020924415,0.0,-0.3594568507755575,-0.3889598615321877,-0.4427973546717672,0.0,0.023760000243782997,0.030444197822362185,0.055029769986867906,0.0,0.0,0.0,0.0,0.0,0.0,0.0,0.0,0.0,0.0,0,0,0,0,0.0,0.0,0.0,0.0,0.0,0,0,0.9393413662910461,1.4965932748171946E-4,0.008909459789720131,0.10067465718986877,0.09176519740014864
2012-07-23T11:30:00,2012,205,11,0,"718f4615-e576-4fa4-80aa-6236231db38b",125.45833349600434,93.68983768306767,76.48623968619816,30.491,0.33880001306533813,1084.6,400.0,1.1,0.0,[0.1956621639701276],[-0.050000000000000024],-0.050000000000000024,28.698650331420136,15.1,0.29530984003311755,12,45,33.837634378416546,24.33810000151737,0.7799565364746576,1.2122708706249359,0.0,0.10074593650586135,0.2445252180989594,3.0189575850963593,2.88390061171683,40.7424159584239,7.3858952853485205,0.0015322905794073719,7.47705233966391,-0.33892350297612567,-0.45580715,357.1917143417828,0.21102407031366383,41508.88071719192,15386.040957073776,18058.45888562201,0.0,6024.208093681571,449.2853205345927,1496.5683132917193,3107.5061920838302,12382.559117496761,1115.913152643623,32.36508190869838,139.86520404355588,1191.688072230102,215.9209778850547,863.5753900167488,6.162913,0.0,0.8402665,0.0056366227,0.005523717,0.14554222,0.07155246,0.0,0.0030309327,0.9986036,0.0012685971,0.0011491674,2.3979783E-5,1.03658225E-4,0.0,0.0,0.0,0.2502062869220447,0.0,0.21164433427294005,0.0,0.005426029125638702,0.014456548183845288,0.12536364759298074,0.0,0.11939450840466424,0.23303207970769058,0.0,7.906485281456092E-4,0.0,0.06689027379806836,0.16728050166066422,0.23417077545873258,0.003953242640728047,0.027117554278001794,0.10818230306849762,0.1352998573464994,0.014456548183845288,0.0145456523674003,0.05695531742385756,0.07150096979125786,0.01563239674056916,25.56375,0.010018504209610415,708.8871394240019,63.79984508333814,0.017077963249690783,1.575,0.0,0.0,0.011649424012242877,0.0,0.09310558622126071,0.12555247357760937,0.25802005493094093,0.0,0.0,0.0,0.0,7.382746000827938,7.382746000827938,6.072837221145148,3.6680981139284246,-0.36493608,-0.38491857,-0.40296727,-0.41387844,0.0,1.3359772123833917,2.020747738141847,4.503176950176879,0.0,-0.385899777628317,-0.42500752432372924,-0.49330960974625826,0.0,0.0386215349038442,0.04462983179837465,0.06722645610570907,0.0,0.0,0.0,0.0,0.0,0.0,0.0,0.0,0.0,0.0,0,0,0,0,0.0,0.0,0.0,0.0,0.0,0,0,0.9393413662910461,1.49659390119487E-4,0.00845707330154255,0.10397959487342512,0.09552252157188257
2012-07-23T12:30:00,2012,205,12,0,"718f4615-e576-4fa4-80aa-6236231db38b",125.50000016391277,93.72236705625448,77.37192722276623,31.2565,0.3289499878883362,2392.521154,400.0,1.1,0.0,[0.1956621639701276],[-0.050000000000000024],-0.050000000000000024,28.698650331420136,15.1,0.29530984003311755,12,45,76.02188634913274,55.92011883543451,0.7943700541793907,1.2528741385683189,0.0,0.11670758208283127,0.24362407442321776,7.00489467382431,6.774957744724953,93.26134836406851,12.232927782142404,0.0021177211672047595,12.43951861676425,-0.5285310662989955,-0.5666325,434.48487747213954,0.2161305828659058,41654.94856934622,15517.984411243802,18060.182894084573,0.0,6036.54485820105,449.30808072110284,1496.60918008433,3107.784977993357,12383.341913447077,1173.8792112823164,32.37864878867472,139.8811887722892,1191.8439235041355,215.94923624784116,863.6858049589291,6.1584773,0.0,0.8443039,0.005357415,0.0056564445,0.14163336,0.07033809,0.0,0.0030488693,0.99876845,0.0011185715,0.0010132634,2.1149723E-5,9.139821E-5,0.0,0.0,0.0,0.25153760001046,0.0,0.21277363352110684,0.0,0.005455119058869512,0.01453245526572623,0.11911760515720815,0.0,0.11317048297938598,0.23398324670365392,0.0,7.474944732965322E-4,0.0,0.06323979582797985,0.15815131158096324,0.22139110740894308,0.003737472366482662,0.027261158134117783,0.10875299305267457,0.13601415118679236,0.01453245526572623,0.015416037954966062,0.06035423730177145,0.07577027525673752,0.01656515800670418,25.56375,0.010320793050348874,710.0958625218235,63.90863016646482,0.01704709492894156,1.575,0.0,0.0,0.012000922679733942,0.0,0.10799165832306926,0.13872195368112736,0.25662542986851544,0.0,0.0,0.0,0.0,7.382746000827938,7.382746000827938,6.072837221145148,3.6680981139284246,-0.5714946,-0.6055964,-0.6362656,-0.65439266,0.0,4.128312928836614,5.372369079582719,9.485015566371747,0.0,-0.5285310662989955,-0.5404354514943535,-0.5974994340601724,0.0,0.06188962856928507,0.07356682233512402,0.1135395273566246,0.0,0.0,0.0,0.0,0.0,0.0,0.0,0.0,0.0,0.0,0,0,0,0,0.0,0.0,0.0,0.0,0.0,0,0,0.9393413662910461,1.4965946293968811E-4,0.007451530880643986,0.11018494415018308,0.1027334132695391
2012-07-23T13:30:00,2012,205,13,0,"718f4615-e576-4fa4-80aa-6236231db38b",125.5416668318212,93.7512634818932,78.30192723776673,32.32,0.2885499894618988,2323.475,400.0,1.1,0.0,[0.1956621639701276],[-0.050000000000000024],-0.050000000000000024,28.698650331420136,15.1,0.29530984003311755,12,45,73.65282243185584,54.046274376742936,0.7924856350063572,1.2507545019521529,0.0,0.114973030118863,0.24426520090143403,6.5992575486501055,6.32723278010229,87.31098144447756,12.194887042684694,0.0019887884419390635,12.408776665623936,-0.5270429780882506,-0.79444146,459.7799281878438,0.2176101756191518,41736.41342260492,15585.732957144122,18061.78320946607,0.0,6048.5932311639735,449.33304194355856,1496.6518398542219,3108.0445553763984,12384.083140734678,1203.6428415362557,32.39316617945141,139.89833275668147,1192.0115241010437,215.97963371354086,863.8045727320068,5.985067,0.0,0.8484578,0.0054263766,0.0059649115,0.13699101,0.06939231,0.0,0.003159863,0.9987142,0.0011682302,0.0010582445,2.2095028E-5,9.545422E-5,0.0,0.0,0.0,0.253386050803209,0.0,0.21434029324540882,0.0,0.005495481509258738,0.014638284883688703,0.10680999715112198,0.0,0.10106611584993527,0.22851351494228356,0.0,6.658031913581965E-4,0.0,0.05632870737039604,0.14086792396213738,0.1971966313325334,0.0033290159567909835,0.02746084985746591,0.109547528119009,0.13700837797647492,0.014638284883688703,0.016504865067862102,0.06460773033092236,0.08111259539878446,0.01773309653928635,25.56375,0.01067447435229507,711.3169977996708,64.0185323458382,0.01704307915961014,1.575,0.0,0.0,0.012412180025677958,0.0,0.10608528256433007,0.13723543355402493,0.25764636084253845,0.0,0.0,0.0,0.0,7.382746000827938,7.382746000827938,6.072837221145148,3.6680981139284246,-0.5698748,-0.60385686,-0.6344333,-0.652589,0.0,3.784354393873548,4.961916127355389,8.94521313403706,0.0,-0.6898243184439375,-0.7583313160368894,-0.8360000379090374,0.0,0.05430463328957558,0.06394672114402056,0.09842721223831177,0.0,0.0,0.0,0.0,0.0,0.0,0.0,0.0,0.0,0.0,0,0,0,0,0.0,0.0,0.0,0.0,0.0,0,0,0.9393413662910461,1.4965954267415595E-4,0.007563242768810596,0.11796262436991617,0.11039938160110557
2012-07-23T14:30:00,2012,205,14,0,"718f4615-e576-4fa4-80aa-6236231db38b",125.58333349972963,93.77871190441743,79.24759389701262,32.696,0.2528499960899353,1969.973077,400.0,1.1,0.0,[0.1956621639701276],[-0.050000000000000024],-0.050000000000000024,28.698650331420136,15.1,0.29530984003311755,12,45,56.7656115730298,40.87922799984774,0.7203856265319634,1.128804746415436,0.0,0.07229689942070919,0.24310500998632437,4.744951039552689,4.571166031697055,65.37220323441082,10.503840794963327,0.001728790991538947,10.716745076458606,-0.4608921613341195,-0.7768054,467.253202240132,0.21777531017227245,41775.11890831373,15610.771378072226,18063.332639843444,0.0,6060.641647323556,449.3590343788824,1496.6950676434217,3108.296000441339,12384.806158514792,1214.6428459310819,32.40801449449444,139.91587313370653,1192.183049068782,216.01074474598687,863.9261130325385,5.964615,0.0,0.85137016,0.0054871063,0.006032126,0.13393182,0.06835495,0.0,0.0031787741,0.99868715,0.0011924083,0.0010801436,2.2559256E-5,9.742803E-5,0.0,0.0,0.0,0.2540623338482779,0.0,0.21491513876511273,0.0,0.0055105214040565694,0.01467651070488158,0.1019910863814929,0.0,0.09628035130556342,0.22851433422471984,0.0,6.326387598246087E-4,0.0,0.05352279940282889,0.1338508518862411,0.18737365128907,0.0031631937991230437,0.02753358376757776,0.10983579656376749,0.13736938033134524,0.01467651070488158,0.016884105116734254,0.06608379186499519,0.08296789698172945,0.018139605478985778,25.56375,0.010783385868217577,712.5506718988469,64.129563019176,0.017056819717562576,1.575,0.0,0.0,0.012538821328835803,0.0,0.06651020688327126,0.10298241055337798,0.2561902387157751,0.0,0.0,0.0,0.0,7.382746000827938,7.382746000827938,6.072837221145148,3.6680981139284246,-0.4975817,-0.52662235,-0.553575,-0.5699279,0.0,1.7326184299015264,2.9679792521041604,7.556844016448686,0.0,-0.6650515464575367,-0.730946044910473,-0.8280497453780656,0.0,0.037301987409591675,0.04615832585841417,0.08161106705665588,0.0,0.0,0.0,0.0,0.0,0.0,0.0,0.0,0.0,0.0,0,0,0,0,0.0,0.0,0.0,0.0,0.0,0,0,0.9393413662910461,1.4965962441155638E-4,0.007693380088312551,0.12067440234865656,0.11298102226034401
2012-07-23T15:30:00,2012,205,15,0,"718f4615-e576-4fa4-80aa-6236231db38b",125.62500016763806,93.80635987311942,80.19115643276237,32.6455,0.2637999951839447,2380.104354,400.0,1.1,0.0,[0.1956621639701276],[-0.050000000000000024],-0.050000000000000024,28.698650331420136,15.1,0.29530984003311755,12,45,67.53069668907057,48.04372531251484,0.7093249564412855,1.1110318653426108,0.0,0.03612353546033357,0.26462501708254316,5.069877301653226,4.920995528603036,72.77787609900292,11.235719496209121,0.0017992685471534145,11.369705276090917,-0.4895219956261141,-0.69656414,498.328306462299,0.2193860324905395,41797.618961156026,15619.452267472669,18064.897762106957,0.0,6072.826495924408,449.3848879423165,1496.738408624806,3108.5496217504383,12385.53503229155,1218.4565777087387,32.42285000408672,139.93344027889856,1192.3552874532265,216.04199390847418,864.0481908147324,6.0280137,0.0,0.85195524,0.005408481,0.005972167,0.13351986,0.06794047,0.0,0.003144268,0.9987754,0.0011129664,0.0010081787,2.106291E-5,9.093539E-5,0.0,0.0,0.0,0.2540059874882166,0.0,0.21487013074007122,0.0,0.0055097088572886215,0.014672458065106822,0.1032735699273904,0.0,0.09749888518271072,0.23110195803106873,0.0,6.390856773225928E-4,0.0,0.05406799546004322,0.13521428569449997,0.1892822811545432,0.003195428386612965,0.027526951159819332,0.10980752267569634,0.13733447383551567,0.014672458065106822,0.016877897795984736,0.06605146637270548,0.08292936416869022,0.01813241836209275,25.56375,0.0107703895490315,713.7968697073521,64.24172082639822,0.017077452913542953,1.575,0.0,0.0,0.012523709329117142,0.0,0.033253886199605495,0.07824021277031251,0.27835376111543875,0.0,0.0,0.0,0.0,7.382746000827938,7.382746000827938,6.072837221145148,3.6680981139284246,-0.528833,-0.5603459,-0.5908199,-0.60953516,0.0,0.751833064893538,2.546055558938785,9.322444982560134,0.0,-0.5777156791402746,-0.642166790581743,-0.7557890433500967,0.0,0.0318950725098451,0.04490339104086161,0.09757325351238251,0.0,0.0,0.0,0.0,0.0,0.0,0.0,0.0,0.0,0.0,0,0,0,0,0.0,0.0,0.0,0.0,0.0,0,0,0.9393413662910461,1.4965970792278385E-4,0.0072571341806906275,0.12062736844613178,0.11337023426544116
2012-07-23T16:30:00,2012,205,16,0,"718f4615-e576-4fa4-80aa-6236231db38b",125.6666668355465,93.83542749779662,81.11923972127549,32.274,0.2673499882221222,2032.791411,400.0,1.1,0.0,[0.1956621639701276],[-0.050000000000000024],-0.050000000000000024,28.698650331420136,15.1,0.29530984003311755,12,45,64.53368177838857,46.24316610031974,0.7936584323061734,1.2638113135706752,0.0,0.12319335440749911,0.24185504705427988,5.7174573342005415,5.260410922518867,71.421624012291,10.808514931908878,0.001835528759352916,10.959238743270802,-0.4728104888369691,-0.74293107,488.3649660887814,0.21925531246949206,41854.26582865056,15662.297620588153,18066.51779326435,0.0,6084.940076566564,449.4100311345372,1496.7811699744327,3108.811221426457,12386.281648618207,1237.2796126725445,32.43734946004851,139.9506076103757,1192.5235681076717,216.0725252671662,864.1674474322779,6.021555,0.0,0.8478807,0.0054816813,0.005931698,0.13756615,0.06925283,0.0,0.0031397387,0.9987951,0.0010945837,9.915241E-4,2.0721503E-5,8.943173E-5,0.0,0.0,0.0,0.2533989084728613,0.0,0.21435927632428572,0.0,0.005496941788674557,0.014636581963099068,0.1085408330744034,0.0,0.10276351416525017,0.22975026583211247,0.0,6.717574462173823E-4,0.0,0.05683187627451656,0.1421262489434197,0.19895812521793624,0.0033587872310869124,0.027460628368188883,0.10954112143145547,0.13700174979964436,0.014636581963099068,0.016496991980595493,0.06455286353115797,0.08104985551175346,0.017722671389211114,25.56375,0.010628560922931466,715.0554263081721,64.35499092497297,0.01708440972864214,1.575,0.0,0.0,0.012358792314766014,0.0,0.11470909088854889,0.14323769393200889,0.25464247207539836,0.0,0.0,0.0,0.0,7.382746000827938,7.382746000827938,6.072837221145148,3.6680981139284246,-0.5105826,-0.5402294,-0.56630445,-0.5810095,0.0,3.4671831345887316,4.412233381466946,7.0148896281184845,0.0,-0.6417143031034426,-0.7068292670937958,-0.7781031575119218,0.0,0.050969887524843216,0.05836676340550184,0.07766442373394966,0.0,0.0,0.0,0.0,0.0,0.0,0.0,0.0,0.0,0.0,0,0,0,0,0.0,0.0,0.0,0.0,0.0,0,0,0.9393413662910461,1.4965978937071065E-4,0.007129597699531587,0.11790792768023008,0.11077832998069849
2012-07-23T17:30:00,2012,205,17,0,"718f4615-e576-4fa4-80aa-6236231db38b",125.70833350345492,93.8671648572475,82.01532310293081,31.506,0.26144999265670776,789.4478308,400.0,1.1,0.0,[0.1956621639701276],[-0.050000000000000024],-0.050000000000000024,28.698650331420136,15.1,0.29530984003311755,12,45,28.34581165618193,20.965955679655426,0.8976467649375016,1.4754303832288296,0.0,0.19624932025336586,0.2443187612699537,2.598678787549337,2.4837486480163187,33.38125552471078,7.236366065002758,0.0012813850067551543,7.411660071649669,-0.3330741774075263,-0.6725278,435.7683032043672,0.21667217678029488,41890.133217227674,15684.339816916852,18068.228983699544,0.0,6096.988880582645,449.4339568297328,1496.8224440515298,3109.085990931673,12387.055735148993,1246.9633006808062,32.45111945985766,139.96685111524945,1192.6821026634686,216.10127739405232,864.2797170113438,6.03517,0.0,0.84144413,0.005709356,0.005805068,0.14392501,0.07116015,0.0,0.0031164181,0.9987471,0.0011387917,0.0010315672,2.1565002E-5,9.304197E-5,0.0,0.0,0.0,0.2521164503999959,0.0,0.21327720612602158,0.0,0.005469483280549132,0.0145616479052216,0.11785277724393468,0.0,0.11204444083652436,0.22852169044218928,0.0,7.300766198061196E-4,0.0,0.061765667287148864,0.15446476490640276,0.21623043219355162,0.0036503830990305985,0.027321076090721,0.10898253997361886,0.13630361606433986,0.0145616479052216,0.015659956218016063,0.061269618629694815,0.07692957484771087,0.016822544682473742,25.56375,0.010325450054336086,716.3259892467929,64.46934159399272,0.017100112466393345,1.575,0.0,0.0,0.012006337800887626,0.0,0.18165558062388965,0.20309567562714748,0.2572118089519317,0.0,0.0,0.0,0.0,7.382746000827938,7.382746000827938,6.072837221145148,3.6680981139284246,-0.35859177,-0.37794852,-0.39459124,-0.40443864,0.0,1.9868561085173333,2.1446720270261324,3.05314546850786,0.0,-0.6029759033828406,-0.6450674195687829,-0.7073889776267268,0.0,0.04041175668438276,0.03983096592128277,0.048680756241083145,0.0,0.0,0.0,0.0,0.0,0.0,0.0,0.0,0.0,0.0,0,0,0,0,0.0,0.0,0.0,0.0,0.0,0,0,0.9393413662910461,1.4965986385922727E-4,0.007434298466250766,0.11193505048547836,0.1045007520192276
2012-07-23T18:30:00,2012,205,18,0,"718f4615-e576-4fa4-80aa-6236231db38b",125.75000017136335,93.903167324801,82.84819814110386,29.989,0.28929999470710754,259.2167389,400.0,1.1,0.0,[0.1956621639701276],[-0.050000000000000024],-0.050000000000000024,28.698650331420136,15.1,0.29530984003311755,12,45,6.859357414102494,4.780218281721167,0.6615465346885526,1.0245005142985484,0.0,0.03461984852037791,0.24315828843380874,-0.01956484094262123,-0.01504038382829917,1.1860584631109796,4.172087303797728,7.896783077803669E-5,4.428436707751282,-0.2959530162996585,-0.45787847,89.59830668431144,0.20298907107479125,41885.69596186273,15666.16933661089,18070.033220612313,0.0,6108.860321299427,449.4543302371025,1496.8596200419556,3109.372844697178,12387.845252681058,1238.9805543328803,32.46331672067693,139.98088473869026,1192.8146702538725,216.1252471462417,864.3731598626146,8.887193,0.32400545,0.5630017,0.0039238795,0.0037493722,0.10322488,0.04972426,0.0,0.0020946995,0.99876463,0.0011218351,0.0010162047,2.125009E-5,9.165503E-5,0.0,0.0,0.0,3.129071566203661,2.8794988815970513,0.21112831220440506,0.0,0.005414587992309591,0.014413786642875783,0.13023241674239064,0.0,0.12442205582637075,0.22515775814451527,0.0,8.068551794751103E-4,0.0,0.0682613998487327,0.170709413597721,0.23897081344645368,0.004034275897375553,0.027044770704033813,0.1078783474951049,0.13492311819913871,0.014413786642875783,0.013846857633274838,0.05416825732411071,0.06801511495738555,0.014873328144757001,16.963055,0.009636605775626163,717.60775754146,64.58470074509674,0.017132525580924998,1.575,0.0,0.0,0.01120535604620595,0.0,0.03215230199260361,0.07251485547229725,0.25603049877162404,0.0,0.0,0.0,0.0,7.382746000827938,7.382746000827938,6.072837221145148,3.6680981139284246,-0.31209055,-0.3238535,-0.3342197,-0.34059337,0.0,-0.5703689375240439,-0.3697483223680869,0.6019230992209778,0.0,-0.40960304693248323,-0.4413383707373957,-0.47830852790394224,0.0,0.023760000243782997,0.023760000243782997,0.03236939013004303,0.0,0.0,0.0,0.0,0.0,0.0,0.0,0.0,0.0,0.0,0,0,0,0,0.0,0.0,0.0,0.0,0.0,0,0,0.9393413662910461,1.4965991191755583E-4,0.010784546175273135,0.0990141057085241,0.08822955953325097
2012-07-23T19:30:00,2012,205,19,0,"718f4615-e576-4fa4-80aa-6236231db38b",125.79166683927178,93.94256481651718,83.60721896908333,28.2165,0.3319999873638153,133.3094231,400.0,1.1,0.0,[0.1956621639701276],[-0.050000000000000024],-0.050000000000000024,28.698650331420136,15.1,0.29530984003311755,12,45,4.777836474900094,3.533882071221445,0.8960050167113981,1.4727149601964233,0.0,0.19635192225996492,0.24407676439901776,-0.07884389309523006,-0.07063228167451527,-0.6587893658824125,3.0720128714706076,0.0,3.627733897327932,-0.28072933767315755,-0.3799584,175.9079658789378,0.209051775419343,41881.526783929134,15647.958581354984,18071.98257662205,0.0,6120.899796736553,449.47189214088803,1496.894806017672,3109.681175930959,12388.683289879003,1230.980114192375,32.474273442074264,139.99364768394568,1192.9372948301518,216.14745532096998,864.4597868430774,7.1356964,0.14017442,0.71111864,0.0049593095,0.0044957134,0.13667415,0.06434036,0.0,0.0025777584,0.99888897,0.0010092455,9.1421424E-4,1.912245E-5,8.245546E-5,0.0,0.0,0.0,1.2468712081974227,1.0002420674016708,0.20864140722859637,0.0,0.005350893051227652,0.014242738911495268,0.14416568594167042,0.0,0.1381978272428847,0.22834476145992205,0.0,8.935306663430139E-4,0.0,0.07559496228627069,0.18904932248058315,0.26464428476685387,0.004467653331715071,0.026725028954625144,0.10660075090908698,0.13332577986371213,0.014242738911495268,0.012449377424180093,0.048693840932896366,0.06114321835707646,0.013369655113292243,13.314425,0.009126495909153029,718.9001380411397,64.70101499468981,0.01716508907972757,1.575,0.0,0.0,0.010612205012574233,0.0,0.18385651881490475,0.2017287406416267,0.25681752018853504,0.0,0.0,0.0,0.0,7.382746000827938,7.382746000827938,6.072837221145148,3.6680981139284246,-0.293555,-0.30254582,-0.3103735,-0.3152844,0.0,-0.14049233773868675,-0.10466448414320137,-0.0014904860610634979,0.0,-0.35175940739824235,-0.37104873491197676,-0.3912988652288783,0.0,0.023760000243782997,0.023760000243782997,0.023760000243782997,0.0,0.0,0.0,0.0,0.0,0.0,0.0,0.0,0.0,0.0,0,0,0,0,0.0,0.0,0.0,0.0,0.0,0,0,0.9393413662910461,1.4965996324006007E-4,0.007790048020979157,0.08900435507191173,0.08121430705093258
2012-07-23T20:30:00,2012,205,20,0,"718f4615-e576-4fa4-80aa-6236231db38b",125.83333350718021,93.98395273830542,84.28026065072194,26.153,0.3559499979019165,60.53168424,400.0,1.1,0.0,[0.1956621639701276],[-0.050000000000000024],-0.050000000000000024,28.698650331420136,15.1,0.29530984003311755,12,45,1.0374170105381866,0.7447599387401738,0.42846032766285147,0.6835354520813159,0.0,0.022301961660397256,0.16278408500715078,-0.5247035895784696,-0.5115900633727598,-6.318687313219159,2.6121975938078,0.0,2.720062953300568,-0.27069954007192687,-0.34965694,44.9721228346773,0.19246963625030516,41851.97929460039,15604.885973274906,18073.90126550906,0.0,6132.462815119601,449.48535967112616,1496.9247521147613,3109.981810227179,12389.485244330468,1212.0572404401537,32.48345066479405,140.00392251755602,1193.0303749921738,216.16421983434356,864.5249840415506,12.248816,0.51583433,0.39787623,0.0027902469,0.0024313305,0.079587005,0.036856007,0.0,0.0014808782,0.9990149,8.952715E-4,8.1097044E-4,1.6966937E-5,7.3142925E-5,0.0,0.0,0.0,6.561600042149129,6.318359035003515,0.20577867199009825,0.0,0.005277426526947259,0.014045904774930161,0.14691341068382657,0.0,0.14113256549949446,0.21930811589116495,0.0,9.073314978617918E-4,0.0,0.0767636655689863,0.19197203361134046,0.26873569918032675,0.00453665748930896,0.026357039440589567,0.10513054488210094,0.1314875843226905,0.014045904774930161,0.010430159592445334,0.04078896370774706,0.05121912330019239,0.011198355502845385,11.836044,0.008247950776879651,720.2021091816797,64.81819240199462,0.01720831657953625,1.575,0.0,0.0,0.009590640860320153,0.0,0.02069544124758864,0.04784881560797999,0.17140693876612045,0.0,0.0,0.0,0.0,7.382746000827938,7.382746000827938,6.072837221145148,3.6680981139284246,-0.28214264,-0.29001886,-0.29696232,-0.30139866,0.0,-0.593305230140686,-0.5663931338178062,-0.4187185069559667,0.0,-0.3261823690381156,-0.34218025250882056,-0.3589112159043727,0.0,0.023760000243782997,0.023760000243782997,0.023760000243782997,0.0,0.0,0.0,0.0,0.0,0.0,0.0,0.0,0.0,0.0,0,0,0,0,0.0,0.0,0.0,0.0,0.0,0,0,0.9393413662910461,1.4965998368322798E-4,0.01186193639296107,0.07460335544740175,0.06274141905444068
2012-07-23T21:30:00,2012,205,21,0,"718f4615-e576-4fa4-80aa-6236231db38b",125.87500017508864,94.02551413833177,84.87509396299993,24.276,0.459850013256073,13.62942308,400.0,1.1,0.0,[0.1956621639701276],[-0.050000000000000024],-0.050000000000000024,28.698650331420136,15.1,0.29530984003311755,12,45,0.0,0.0,0.0,0.0,0.0,0.0,0.0,-0.6040660738945007,-0.6040660738945007,0.0,0.29530984003311755,0.0,0.4429647757177188,-0.09598279121594533,-0.34965694,78.62965598881917,0.2008500757792565,41843.98166006725,15583.228407408684,18075.850231742763,0.0,6144.134135362609,449.4968696554495,1496.9528890159042,3110.286378422948,12390.294551697418,1202.5425302116714,32.49161903786542,140.01327690673267,1193.118171422719,216.1800868798158,864.5867830156419,9.245389,0.3528786,0.53206617,0.0037188036,0.0030792658,0.106319964,0.048684705,0.0,0.0019371972,0.9991397,7.8085746E-4,7.073284E-4,1.480162E-5,6.3795094E-5,0.0,0.0,0.0,3.5027022349592034,3.262500035751612,0.20321137071356404,0.0,0.005211444941215356,0.013869241394312283,0.1505163289866459,0.0,0.14466973149598045,0.2213622055819669,0.0,9.274373666217741E-4,0.0,0.07846616681346613,0.19622967666780847,0.2746958434812746,0.0046371868331088716,0.02602685113255669,0.10381116929360419,0.12983802042616088,0.013869241394312283,0.00928212386767093,0.036293054726804046,0.04557517859447498,0.009962583785634886,6.4221973,0.007737621886641863,721.5130775573675,64.93617956049492,0.017242935517437274,1.575,0.0,0.0,0.008997235147881116,0.0,0.0,0.0,0.0,0.0,0.0,0.0,0.0,7.382746000827938,7.382746000827938,6.072837221145148,3.6680981139284246,-0.100933366,-0.10353756,-0.10616986,-0.10840494,0.0,0.0,0.0,0.0,0.0,-0.3261823690381156,-0.34218025250882056,-0.3589112159043727,0.0,0.023760000243782997,0.023760000243782997,0.023760000243782997,0.0,0.0,0.0,0.0,0.0,0.0,0.0,0.0,0.0,0.0,0,0,0,0,0.0,0.0,0.0,0.0,0.0,0,0,0.9393413662910461,1.4966001359478063E-4,0.007809132941474672,0.06637202495624193,0.05856289201476726
2012-07-23T22:30:00,2012,205,22,0,"718f4615-e576-4fa4-80aa-6236231db38b",125.91666684299707,94.0668399164459,85.44542730188643,23.688,0.5217499732971191,1.150769231,400.0,1.1,0.0,[0.1956621639701276],[-0.050000000000000024],-0.050000000000000024,28.698650331420136,15.1,0.29530984003311755,12,45,0.0,0.0,0.0,0.0,0.0,0.0,0.0,-0.5820082128047943,-0.5820082128047943,0.0,0.29530984003311755,0.0,0.4429647757177188,-0.09605292771965947,-0.34965694,78.62029216521778,0.20045223981781002,41836.04164321845,15561.456763355338,18077.784287379764,0.0,6155.993797575216,449.50757690962723,1496.9800931425707,3110.587670136716,12391.093494447927,1192.9777025830829,32.499437033646686,140.0222222119365,1193.20203663045,216.19524255632774,864.6457951091413,9.293837,0.34837696,0.5378339,0.003645156,0.0030082143,0.10521631,0.047976688,0.0,0.0019194471,0.9991698,7.5440906E-4,6.833693E-4,1.4302816E-5,6.163387E-5,0.0,0.0,0.0,3.4770371463947436,3.2377585529663815,0.20243359724870458,0.0,0.005191285092194108,0.013814684006477614,0.15020326889447985,0.0,0.14428329238492366,0.22493436305223016,0.0,9.214351083955284E-4,0.0,0.07795996552419526,0.19496375451249412,0.2729237200366894,0.004607175541977643,0.025925851666086745,0.10340593472231344,0.12933178638840018,0.013814684006477614,0.00888761917393436,0.03474434691703224,0.0436319660909666,0.009535991565326342,6.412417,0.0075328828701263315,722.832805099569,65.05495504401276,0.017277753265090245,1.575,0.0,0.0,0.00875916651354835,0.0,0.0,0.0,0.0,0.0,0.0,0.0,0.0,7.382746000827938,7.382746000827938,6.072837221145148,3.6680981139284246,-0.10100344,-0.10360764,-0.10623995,-0.108475044,0.0,0.0,0.0,0.0,0.0,-0.3261823690381156,-0.34218025250882056,-0.3589112159043727,0.0,0.023760000243782997,0.023760000243782997,0.023760000243782997,0.0,0.0,0.0,0.0,0.0,0.0,0.0,0.0,0.0,0.0,0,0,0,0,0.0,0.0,0.0,0.0,0.0,0,0,0.9393413662910461,1.496600418547847E-4,0.00758413831499638,0.06354907840699167,0.05596494009199529
2012-07-23T23:30:00,2012,205,23,0,"718f4615-e576-4fa4-80aa-6236231db38b",125.9583335109055,94.10794642596251,86.0000314513851,23.3105,0.558899998664856,2.769038461,400.0,1.1,0.0,[0.1956621639701276],[-0.050000000000000024],-0.050000000000000024,28.698650331420136,15.1,0.29530984003311755,12,45,0.0,0.0,0.0,0.0,0.0,0.0,0.0,-0.568229079246521,-0.568229079246521,0.0,0.29530984003311755,0.0,0.4429647757177188,-0.09595514722916029,-0.34965694,78.47050662043493,0.20034474496054544,41828.14594003283,15539.787834377508,18079.708476327665,0.0,6167.806000770887,449.51778922608224,1497.0067164954553,3110.8865738288728,12391.885168150447,1183.458000255539,32.50703857159097,140.03091820047644,1193.283558064018,216.20997519320446,864.7031470410673,9.24979,0.3478652,0.5382325,0.003625258,0.00298757,0.10536585,0.04787891,0.0,0.0019236676,0.9991856,7.4006495E-4,6.703748E-4,1.4033258E-5,6.04616E-5,0.0,0.0,0.0,3.4563778758091233,3.217679930278934,0.20194594354020623,0.0,0.0051785483557884975,0.01377993213810977,0.14992008542224078,0.0,0.14402519671897496,0.22403423929204244,0.0,9.163500523315337E-4,0.0,0.07753138196876709,0.19389194030554244,0.27142332227430954,0.004581750261657669,0.025862010133579607,0.10314893700453559,0.1290109471381152,0.01377993213810977,0.008645141589422126,0.03379044505780168,0.04243558664722381,0.009272712254508183,6.4260607,0.007398793614513808,724.1611358905379,65.17450481995046,0.01731277157081588,1.575,0.0,0.0,0.008603248767602018,0.0,0.0,0.0,0.0,0.0,0.0,0.0,0.0,7.382746000827938,7.382746000827938,6.072837221145148,3.6680981139284246,-0.100905545,-0.103509724,-0.106142014,-0.10837709,0.0,0.0,0.0,0.0,0.0,-0.3261823690381156,-0.34218025250882056,-0.3589112159043727,0.0,0.023760000243782997,0.023760000243782997,0.023760000243782997,0.0,0.0,0.0,0.0,0.0,0.0,0.0,0.0,0.0,0.0,0,0,0,0,0.0,0.0,0.0,0.0,0.0,0,0,0.9393413662910461,1.4966006929989273E-4,0.007404716350720264,0.06181276327930602,0.05440804692858576
2012-07-24T00:30:00,2012,206,0,0,"718f4615-e576-4fa4-80aa-6236231db38b",126.00000017881393,94.14870264570472,86.53476063017324,22.8335,0.5587499737739563,3.128653846,400.0,1.1,0.0,[0.1956621639701276],[-0.050000000000000024],-0.050000000000000024,28.698650331420136,15.1,0.29530984003311755,12,45,0.0,0.0,0.0,0.0,0.0,0.0,0.0,-0.551235556602478,-0.551235556602478,0.0,0.29530984003311755,0.0,0.4429647757177188,-0.09584833156870617,-0.34965694,78.41035200315466,0.20024660146086398,41820.29969488814,15518.228619222216,18081.616415474346,0.0,6179.575478245318,449.52740708697274,1497.0326540406559,3111.1820875527114,12392.666985894244,1173.9864979536105,32.51437965179093,140.03933016757634,1193.3625390719494,216.22425228263745,864.7587197456405,9.2026,0.3472482,0.53903574,0.0035935084,0.0029583536,0.105236925,0.0476546,0.0,0.0019273019,0.9992266,7.0282497E-4,6.366406E-4,1.3155028E-5,5.6668054E-5,0.0,0.0,0.0,3.433544346433693,3.1955861240224954,0.20132367902256781,0.0,0.005162350544456018,0.013736005371438582,0.14914858907727502,0.0,0.14328030899830713,0.22322388881822233,0.0,9.077492163407499E-4,0.0,0.07683235947874456,0.19214384296944062,0.2689762024481852,0.00453874608170375,0.0257809326064425,0.10282321881388887,0.12860415142033138,0.013736005371438582,0.008346886375406412,0.0326189403470938,0.04096582672250021,0.0089497909918688,6.441032,0.007233679015493326,725.4978779365463,65.29481160887177,0.017347983711968155,1.575,0.0,0.0,0.008411255039361038,0.0,0.0,0.0,0.0,0.0,0.0,0.0,0.0,7.382746000827938,7.382746000827938,6.072837221145148,3.6680981139284246,-0.10079861,-0.10340276,-0.10603503,-0.1082701,0.0,0.0,0.0,0.0,0.0,-0.3261823690381156,-0.34218025250882056,-0.3589112159043727,0.0,0.023760000243782997,0.023760000243782997,0.023760000243782997,0.0,0.0,0.0,0.0,0.0,0.0,0.0,0.0,0.0,0.0,0,0,0,0,0.0,0.0,0.0,0.0,0.0,0,0,0.9435848593711853,1.4581866907296192E-4,0.006989306377363391,0.0596778033386216,0.052688496961258206
2012-07-24T01:30:00,2012,206,1,0,"718f4615-e576-4fa4-80aa-6236231db38b",126.04166684672236,94.1888867082543,87.04367734125282,22.214,0.6093000173568726,2.948846154,400.0,1.1,0.0,[0.1956621639701276],[-0.050000000000000024],-0.050000000000000024,28.698650331420136,15.1,0.29530984003311755,12,45,0.0,0.0,0.0,0.0,0.0,0.0,0.0,-0.5298439860343933,-0.5298439860343933,0.0,0.29530984003311755,0.0,0.4429647757177188,-0.09574924120135292,-0.34965694,78.48432724297909,0.20017084579918043,41812.50959221872,15496.79544285133,18083.497669792036,0.0,6191.303262997629,449.536334235041,1497.0577635322136,3111.4726536508842,12393.434742594096,1164.5703676412459,32.52141671907162,140.0474091741667,1193.4384334264148,216.237973514021,864.8121186417263,9.148529,0.3465696,0.5403007,0.0035557125,0.0029236877,0.10471966,0.047284804,0.0,0.0019305835,0.9992553,6.7703647E-4,6.132796E-4,1.2674358E-5,5.4588418E-5,0.0,0.0,0.0,3.407594045287686,3.1706021622567953,0.2005096491502504,0.0,0.00514122631224055,0.01367900729245039,0.14759728007924178,0.0,0.14175944989608735,0.2224331305549895,0.0,8.948717263768773E-4,0.0,0.07574401235562452,0.18942207928767363,0.26516609164329813,0.004474358631884387,0.02567530492701526,0.10239962782164047,0.12807493274865572,0.01367900729245039,0.008017831555528968,0.03132755732490018,0.03934538888042915,0.008594075993169779,6.454983,0.007024250429614968,726.8427877159718,65.41585349382983,0.01738338106955524,1.575,0.0,0.0,0.00816773341715709,0.0,0.0,0.0,0.0,0.0,0.0,0.0,0.0,7.382746000827938,7.382746000827938,6.072837221145148,3.6680981139284246,-0.10069941,-0.10330354,-0.10593578,-0.108170845,0.0,0.0,0.0,0.0,0.0,-0.3261823690381156,-0.34218025250882056,-0.3589112159043727,0.0,0.023760000243782997,0.023760000243782997,0.023760000243782997,0.0,0.0,0.0,0.0,0.0,0.0,0.0,0.0,0.0,0.0,0,0,0,0,0.0,0.0,0.0,0.0,0.0,0,0,0.9435848593711853,1.458186952622311E-4,0.006693294384604087,0.05731809082350234,0.05062479643889825
2012-07-24T02:30:00,2012,206,2,0,"718f4615-e576-4fa4-80aa-6236231db38b",126.0833335146308,94.22855926686697,87.53326068917687,21.75,0.671999990940094,1.941923077,400.0,1.1,0.0,[0.1956621639701276],[-0.050000000000000024],-0.050000000000000024,28.698650331420136,15.1,0.29530984003311755,12,45,0.0,0.0,0.0,0.0,0.0,0.0,0.0,-0.514311358332634,-0.514311358332634,0.0,0.29530984003311755,0.0,0.4429647757177188,-0.09566449156700449,-0.34965694,78.44796777303193,0.20008603034515382,41804.76736771494,15475.481434905267,18085.355633849686,0.0,6202.984297546815,449.5447107694134,1497.082173835175,3111.758841997803,12394.190112611364,1155.2065909976932,32.528212123746336,140.05520970416208,1193.5117124793103,216.25122244608758,864.8636684034782,9.097498,0.34615567,0.54116565,0.0035184803,0.0028967082,0.10432814,0.0469842,0.0,0.0019353278,0.99927396,6.596225E-4,5.975046E-4,1.235025E-5,5.318404E-5,0.0,0.0,0.0,3.385427885880574,3.149150405054172,0.19990871576354102,0.0,0.005125556087239146,0.013636569685340065,0.14623571147995532,0.0,0.14042912555783785,0.2215464503971537,0.0,8.833314688473972E-4,0.0,0.07476881367600256,0.1869832795210984,0.26175209319710097,0.004416657344236987,0.025596978481475834,0.10208498100838476,0.12768195948986058,0.013636569685340065,0.007745664103916038,0.030258934264218343,0.038004598368134385,0.008299568444934383,6.466963,0.006871324564628506,728.1956874080335,65.53761447095373,0.017418962794430132,1.575,0.0,0.0,0.007989912636091053,0.0,0.0,0.0,0.0,0.0,0.0,0.0,0.0,7.382746000827938,7.382746000827938,6.072837221145148,3.6680981139284246,-0.10061455,-0.10321865,-0.10585089,-0.10808594,0.0,0.0,0.0,0.0,0.0,-0.3261823690381156,-0.34218025250882056,-0.3589112159043727,0.0,0.023760000243782997,0.023760000243782997,0.023760000243782997,0.0,0.0,0.0,0.0,0.0,0.0,0.0,0.0,0.0,0.0,0,0,0,0,0.0,0.0,0.0,0.0,0.0,0,0,0.9435848593711853,1.4581872054829877E-4,0.006484755183919333,0.05537020649061001,0.048885451306690676
2012-07-24T03:30:00,2012,206,3,0,"718f4615-e576-4fa4-80aa-6236231db38b",126.12500018253922,94.26730073773125,87.99271905400505,21.027,0.723800003528595,1.618269231,400.0,1.1,0.0,[0.1956621639701276],[-0.050000000000000024],-0.050000000000000024,28.698650331420136,15.1,0.29530984003311755,12,45,0.0,0.0,0.0,0.0,0.0,0.0,0.0,-0.490919291973114,-0.490919291973114,0.0,0.29530984003311755,0.0,0.4429647757177188,-0.09559967349028109,-0.34965694,74.96691129037657,0.1986865028135648,41797.08418397454,15454.361700704361,18087.16338684627,0.0,6214.58235906515,449.55222510728356,1497.1053974492236,3112.036450096307,12394.92145936028,1145.9281636681676,32.534629340356496,140.06255213086493,1193.580364541523,216.2636298826202,864.9119225107506,9.014587,0.34637067,0.54226357,0.0034498672,0.00285195,0.10312032,0.04635182,0.0,0.001943596,0.9992734,6.61269E-4,5.9899513E-4,1.2382903E-5,5.3316493E-5,0.0,0.0,0.0,3.357540926568048,3.1223886048829566,0.19896019230717876,0.0,0.005100968604352097,0.013570445241278766,0.1429795404455844,0.0,0.13723114645581047,0.21997275584242837,0.0,8.60110526608823E-4,0.0,0.07280483411020283,0.18207171776561704,0.25487655187581987,0.004300552633044116,0.02547416586882787,0.10159294839284257,0.12706711426167044,0.013570445241278766,0.007317481650322902,0.028581365236261404,0.035898846886584304,0.007838154202542365,6.4761553,0.0066177560257773445,729.55628216558,65.66006800399879,0.017454717150946618,1.575,0.0,0.0,0.007695065484915684,0.0,0.0,0.0,0.0,0.0,0.0,0.0,0.0,7.382746000827938,7.382746000827938,6.072837221145148,3.6680981139284246,-0.10054963,-0.10315372,-0.10578594,-0.10802098,0.0,0.0,0.0,0.0,0.0,-0.3261823690381156,-0.34218025250882056,-0.3589112159043727,0.0,0.023760000243782997,0.023760000243782997,0.023760000243782997,0.0,0.0,0.0,0.0,0.0,0.0,0.0,0.0,0.0,0.0,0,0,0,0,0.0,0.0,0.0,0.0,0.0,0,0,0.9435848593711853,1.4581874314461494E-4,0.006441686917241896,0.052309351317127585,0.04586766439988569
2012-07-24T04:30:00,2012,206,4,0,"718f4615-e576-4fa4-80aa-6236231db38b",126.16666685044765,94.30503016990727,88.423948260862,20.3495,0.7537999749183655,0.4675,400.0,1.1,0.0,[0.1956621639701276],[-0.050000000000000024],-0.050000000000000024,28.698650331420136,15.1,0.29530984003311755,12,45,0.0,0.0,0.0,0.0,0.0,0.0,0.0,-0.469868004322052,-0.469868004322052,0.0,0.29530984003311755,0.0,0.4429647757177188,-0.09555902125506113,-0.34965694,71.52779840555293,0.19725241145876155,41789.45737951082,15433.442254230238,18088.91813162246,0.0,6226.091396604644,449.5589669849967,1497.1275172800176,3112.3051360006193,12395.628167584018,1136.7377277451735,32.540707148078425,140.06948196376243,1193.6448257586458,216.27527476967964,864.9571897743422,8.929154,0.34682673,0.5432498,0.0033810115,0.0028119988,0.10177726,0.04569133,0.0,0.0019532172,0.9992682,6.6592166E-4,6.032088E-4,1.2471773E-5,5.369135E-5,0.0,0.0,0.0,3.330972993017697,3.0968692658368355,0.19807633918858739,0.0,0.005078035013380417,0.01350877494644689,0.139399660348017,0.0,0.13371376257722722,0.2182842969623944,0.0,8.351356160699038E-4,0.0,0.07069228353348245,0.17678860702238033,0.24748089055586278,0.00417567808034952,0.025359663692208764,0.10113415752619163,0.1264938212184004,0.01350877494644689,0.006933419096572273,0.027076786708599185,0.03401020580517146,0.007424317652942044,6.481934,0.006379733403452653,730.9242952181082,65.78318918361872,0.017490638573748916,1.575,0.0,0.0,0.0074182949816596795,0.0,0.0,0.0,0.0,0.0,0.0,0.0,0.0,7.382746000827938,7.382746000827938,6.072837221145148,3.6680981139284246,-0.10050889,-0.103112966,-0.10574518,-0.10798022,0.0,0.0,0.0,0.0,0.0,-0.3261823690381156,-0.34218025250882056,-0.3589112159043727,0.0,0.023760000243782997,0.023760000243782997,0.023760000243782997,0.0,0.0,0.0,0.0,0.0,0.0,0.0,0.0,0.0,0.0,0,0,0,0,0.0,0.0,0.0,0.0,0.0,0,0,0.9435848593711853,1.4581876323142067E-4,0.006425522442441434,0.049563989427341776,0.04313846698490034
2012-07-24T05:30:00,2012,206,5,0,"718f4615-e576-4fa4-80aa-6236231db38b",126.20833351835608,94.34174857375383,88.82994825134513,19.744,0.7597500085830688,0.647307692,400.0,1.1,0.0,[0.1956621639701276],[-0.050000000000000024],-0.050000000000000024,28.698650331420136,15.1,0.29530984003311755,12,45,0.0,0.0,0.0,0.0,0.0,0.0,0.0,-0.45174138247966766,-0.45174138247966766,0.0,0.29530984003311755,0.0,0.4429647757177188,-0.09554517210722682,-0.34965694,71.65945312307336,0.19720569885155576,41781.88430928779,15412.672539772335,18090.62696024211,0.0,6237.551844759987,449.5650860113833,1497.1487677190448,3112.566144469787,12396.314087920477,1127.6130728409275,32.546510036621655,140.0760979567963,1193.7063748039466,216.2863940955201,865.0004053869952,8.865001,0.34665784,0.54487103,0.0033143174,0.0027756738,0.10042184,0.04504186,0.0,0.0019593087,0.99929523,6.4161484E-4,5.811903E-4,1.2018135E-5,5.1731327E-5,0.0,0.0,0.0,3.306294590051957,3.0731219977554143,0.19729175083030914,0.0,0.005057646541142561,0.013453920803505236,0.13618252101481557,0.0,0.13053955845348877,0.21736273427545966,0.0,8.126795774277072E-4,0.0,0.06879283366475016,0.1720384228085955,0.24083125647334563,0.004063397887138537,0.025257908517731426,0.10072627260841291,0.12598418112614435,0.013453920803505236,0.006622447009031783,0.025858220701820023,0.032480667710851806,0.007089030592770032,6.4839053,0.00617832658206704,732.2994923716294,65.90695693235371,0.017526722513298544,1.575,0.0,0.0,0.007184100992997342,0.0,0.0,0.0,0.0,0.0,0.0,0.0,0.0,7.382746000827938,7.382746000827938,6.072837221145148,3.6680981139284246,-0.10049496,-0.10309903,-0.10573125,-0.10796628,0.0,0.0,0.0,0.0,0.0,-0.3261823690381156,-0.34218025250882056,-0.3589112159043727,0.0,0.023760000243782997,0.023760000243782997,0.023760000243782997,0.0,0.0,0.0,0.0,0.0,0.0,0.0,0.0,0.0,0.0,0,0,0,0,0.0,0.0,0.0,0.0,0.0,0,0,0.9435848593711853,1.458187824331322E-4,0.006146502735646209,0.04733915348921595,0.04119265075356974
2012-07-24T06:30:00,2012,206,6,0,"718f4615-e576-4fa4-80aa-6236231db38b",126.25000018626451,94.37746162990736,89.21290659545573,19.191,0.762499988079071,5.825769231,400.0,1.1,0.0,[0.1956621639701276],[-0.050000000000000024],-0.050000000000000024,28.698650331420136,15.1,0.29530984003311755,12,45,0.0,0.0,0.0,0.0,0.0,0.0,0.0,-0.4357360601425171,-0.4357360601425171,0.0,0.29530984003311755,0.0,0.4429647757177188,-0.09555902125506113,-0.34965694,71.76210292107777,0.19715006755757586,41774.36219353568,15392.04545423105,18092.290531839717,0.0,6248.967209059562,449.5706584677212,1497.1692311527247,3112.819643958303,12396.979831226467,1118.5510783861605,32.552071257324805,140.08243790346344,1193.7653602527926,216.29705072915903,865.041814596789,8.803938,0.34651306,0.5464918,0.003249859,0.0027430942,0.09903662,0.044397455,0.0,0.0019655302,0.99931777,6.2052754E-4,5.6208816E-4,1.1624622E-5,5.0030914E-5,0.0,0.0,0.0,3.283006628495033,3.0506796485843815,0.19657943040201498,0.0,0.005039109433179735,0.013404033122438331,0.13295029713919043,0.0,0.1273486775398378,0.21650765862492805,0.0,7.903382965764524E-4,0.0,0.06690297470463454,0.1673122239346948,0.23421519863932933,0.003951691482882263,0.025165441828055544,0.10035548947914617,0.1255209313072017,0.013404033122438331,0.006349136171959531,0.02478718233677781,0.03113631850873734,0.006794308170146339,6.481934,0.0059939152855782475,733.681659194394,66.03135195134554,0.01756296495432614,1.575,0.0,0.0,0.006969669243456868,0.0,0.0,0.0,0.0,0.0,0.0,0.0,0.0,7.382746000827938,7.382746000827938,6.072837221145148,3.6680981139284246,-0.10050874,-0.10311282,-0.10574503,-0.10798007,0.0,0.0,0.0,0.0,0.0,-0.3261823690381156,-0.34218025250882056,-0.3589112159043727,0.0,0.023760000243782997,0.023760000243782997,0.023760000243782997,0.0,0.0,0.0,0.0,0.0,0.0,0.0,0.0,0.0,0.0,0,0,0,0,0.0,0.0,0.0,0.0,0.0,0,0,0.9435848593711853,1.45818800848478E-4,0.005903535282413941,0.04538376608124732,0.03948023079883338
2012-07-24T07:30:00,2012,206,7,0,"718f4615-e576-4fa4-80aa-6236231db38b",126.29166685417295,94.41528038744111,89.64648994743291,20.406,0.7773500084877014,64.47903846,400.0,1.1,0.0,[0.1956621639701276],[-0.050000000000000024],-0.050000000000000024,28.698650331420136,15.1,0.29530984003311755,12,45,1.1729473081812982,0.8489758031080855,0.45477853586051215,0.7314830295453763,0.0,0.04044007847874005,0.16224072980495416,-0.3088272958993912,-0.29126496901078364,-3.4867084397348784,0.6510821649152436,0.0,0.7194576533239168,-0.15088872311996673,-0.15088873,62.567048392629914,0.19511551351566697,41757.878511608236,15362.45631459394,18094.05185198287,0.0,6260.282697016874,449.57729774725885,1497.1912435182048,3113.087451940452,12397.68373938166,1105.5518294725837,32.55814440583658,140.08932505514775,1193.8289209183206,216.30852561521442,865.0863760440354,9.242332,0.37723485,0.5160153,0.0032386119,0.0027160558,0.09890744,0.044094905,0.0,0.0018877523,0.99923664,6.946626E-4,6.2924065E-4,1.3015007E-5,5.600792E-5,0.0,0.0,0.0,3.7207990281475927,3.4865297491941676,0.19822599171572183,0.0,0.005081039746181394,0.013515013506797546,0.14035129656153522,0.0,0.13474877884265843,0.21461337015128257,0.0,8.333317155149638E-4,0.0,0.07054376870203,0.17641718643630594,0.24696095513833594,0.00416665857757482,0.025374967221244465,0.10118906894323816,0.12656403616448264,0.013515013506797546,0.006936933074455438,0.02707785683021768,0.03401478990467312,0.007421018918530028,6.453484,0.006342702417371389,735.0712012528522,66.15641074157617,0.017603173998614666,1.575,0.0,0.0,0.0073752356936236186,0.0,0.037504809973665496,0.06238474537020442,0.1708062876600702,0.0,0.0,0.0,0.0,7.382746000827938,7.382746000827938,6.072837221145148,3.6680981139284246,-0.15649618,-0.15963776,-0.16273175,-0.1652209,0.0,-0.3814046329135185,-0.3462819629070442,-0.19316757555213435,0.0,-0.15088872311996673,-0.15088872311996673,-0.15088872311996673,0.0,0.023760000243782997,0.023760000243782997,0.023760000243782997,0.0,0.0,0.0,0.0,0.0,0.0,0.0,0.0,0.0,0.0,0,0,0,0,0.0,0.0,0.0,0.0,0.0,0,0,0.9435848593711853,1.4581881893508406E-4,0.00693796509585809,0.04958660669310516,0.04264864159724707
2012-07-24T08:30:00,2012,206,8,0,"718f4615-e576-4fa4-80aa-6236231db38b",126.33333352208138,94.45684408193253,90.24165664836728,24.284,0.6036999821662903,243.0280769,400.0,1.1,0.0,[0.1956621639701276],[-0.050000000000000024],-0.050000000000000024,28.698650331420136,15.1,0.29530984003311755,12,45,6.878138005519408,4.850968213162818,0.7075456150226616,1.1089181032177313,0.0,0.036791096224217064,0.2635837429229805,0.24820573131243387,0.21827921779926288,4.21319276789706,1.95788099722591,5.977540647639329E-4,2.1198003394445597,-0.2510787652504425,-0.25107875,106.91659655113033,0.20149249442248884,41763.176321569554,15354.317817126674,18096.057630982345,0.0,6271.6735641222085,449.5886051395833,1497.2195994739695,3113.3930400018844,12398.496264019175,1101.976384033582,32.56635012055553,140.09877839975596,1193.918310427614,216.3247001969649,865.1492537160952,7.5692863,0.22132243,0.63426787,0.0044426806,0.003770788,0.13382992,0.05957808,0.0,0.0023662867,0.998998,9.112348E-4,8.2541537E-4,1.707492E-5,7.3469E-5,0.0,0.0,0.0,1.9157775969212174,1.6752528576036094,0.20352240503698016,0.0,0.00521651191181578,0.013874721363335105,0.15622844256000987,0.0,0.15049936057665142,0.2160430365569157,0.0,9.281256154270085E-4,0.0,0.07856991288134636,0.1964891146767674,0.2750590275581138,0.004640628077135044,0.026051584376211755,0.10388510676381514,0.1299366911400269,0.013874721363335105,0.009375807868216129,0.03659200889074236,0.04596781675895849,0.010026824463202615,9.736922,0.007604250137576359,736.4695854630224,66.2822653254925,0.01763442463744444,1.575,0.0,0.0,0.008842151711909897,0.0,0.03398023774367564,0.07829265722666244,0.2774275385491017,0.0,0.0,0.0,0.0,7.382746000827938,7.382746000827938,6.072837221145148,3.6680981139284246,-0.2605573,-0.26690367,-0.2729056,-0.27712092,0.0,-0.34411611587254903,-0.15887294058323076,0.857438144708345,0.0,-0.2510787652504425,-0.2510787652504425,-0.2510787652504425,0.0,0.023760000243782997,0.023760000243782997,0.041436294093728065,0.0,0.0,0.0,0.0,0.0,0.0,0.0,0.0,0.0,0.0,0,0,0,0,0.0,0.0,0.0,0.0,0.0,0,0,0.9435848593711853,1.45818851727531E-4,0.007453507492755307,0.06700462904238667,0.05955112154963137
2012-07-24T09:30:00,2012,206,9,0,"718f4615-e576-4fa4-80aa-6236231db38b",126.3750001899898,94.4961627916328,91.00290669012779,28.27,0.46160000562667847,616.3807692,400.0,1.1,0.0,[0.1956621639701276],[-0.050000000000000024],-0.050000000000000024,28.698650331420136,15.1,0.29530984003311755,12,45,17.17341231388419,12.122176545080308,0.6965423473615806,1.092594522990289,0.0,0.03896361080646958,0.2577730623868335,1.2152889085312684,1.0724142738910365,16.726509725685197,4.0553643451534995,0.0011457053685279557,4.3216530255490255,-0.2940728950206187,-0.33389428,179.2642993413887,0.20675158642508257,41799.26377907682,15376.931453864867,18098.059461010307,0.0,6283.0928299794305,449.6061668498074,1497.2547646723872,3113.69977521391,12399.32987983557,1111.9111201024969,32.577321278820335,140.11155680648707,1194.0410450493418,216.34694088840786,865.235762392836,6.60233,0.105551235,0.7289736,0.005347146,0.004862501,0.1524785,0.069362395,0.0,0.0027870063,0.9987284,0.0011562092,0.0010473162,2.166914E-5,9.321953E-5,0.0,0.0,0.0,0.9440164595263651,0.696884110448877,0.20911740298935239,0.0,0.005359664700612354,0.014254544587606449,0.1499728287433175,0.0,0.144272649494703,0.21658165688629813,0.0,8.872535400300703E-4,0.0,0.0751114875567056,0.18784021541724122,0.2629517029739468,0.0044362677001503524,0.026766190237482716,0.10673225016993206,0.13349844040741476,0.014254544587606449,0.01254626863398864,0.048957028787770314,0.06150329742175895,0.013413025181379762,16.615488,0.008900446676885578,737.8783190302491,66.40905135158093,0.017652902283881947,1.575,0.0,0.0,0.010349357056509152,0.0,0.03598338672790457,0.07871880550406134,0.2715189313919719,0.0,0.0,0.0,0.0,7.382746000827938,7.382746000827938,6.072837221145148,3.6680981139284246,-0.309844,-0.32142746,-0.33225828,-0.33917537,0.0,-0.18880252809123668,0.3428688123528406,2.412780724310957,0.0,-0.29793731628403003,-0.31530819986254655,-0.3599853360391036,0.0,0.023760000243782997,0.02997531881555915,0.05376172438263893,0.0,0.0,0.0,0.0,0.0,0.0,0.0,0.0,0.0,0.0,0,0,0,0,0.0,0.0,0.0,0.0,0.0,0,0,0.9435848593711853,1.4581890311669572E-4,0.008249125337897567,0.08964574734370488,0.08139662200580731
2012-07-24T10:30:00,2012,206,10,0,"718f4615-e576-4fa4-80aa-6236231db38b",126.41666685789824,94.52867199177102,91.88886507020979,31.263,0.42879998683929443,740.0884615,400.0,1.1,0.0,[0.1956621639701276],[-0.050000000000000024],-0.050000000000000024,28.698650331420136,15.1,0.29530984003311755,12,45,20.53592151011453,14.708938303002558,0.6936982056338452,1.0698839299681306,0.0,0.04870169029772823,0.24481485099393815,1.437320342908303,1.3320088152729084,20.5095337479702,5.112752012742087,0.0011142908346759453,5.468973836968341,-0.3048089951792128,-0.41033226,276.4370243560424,0.21005964455218906,41845.12165649089,15409.473256543302,18099.836671374433,0.0,6294.5682488998855,449.6293688865739,1497.2950101223157,3113.974668967647,12400.100040064815,1126.2075477209241,32.59074667100408,140.1272898379415,1194.1934092071374,216.37457232593567,865.3432621026395,6.041236,0.03444333,0.8005964,0.005731105,0.005737397,0.1503836,0.07123728,0.0,0.0031081664,0.99849063,0.0013731761,0.0012438463,2.574146E-5,1.10711255E-4,0.0,0.0,0.0,0.4603030115949628,0.2080802861004864,0.21342861128391755,0.0,0.0054700783372267315,0.014546869715277161,0.12591907304244945,0.0,0.12034418479499054,0.21764667486789166,0.0,7.382954726168866E-4,0.0,0.06250215398809872,0.15630655426714607,0.2188087082552448,0.003691477363084434,0.027316486173588086,0.108924143229365,0.1362406294029531,0.014546869715277161,0.015365200463881292,0.05994667763071425,0.07531187809459554,0.01642262342705712,20.065193,0.009867827295718263,739.2985268157665,66.53687005735655,0.01766749617517455,1.575,0.0,0.0,0.011474218290703919,0.0,0.04516361015790462,0.08460089740813545,0.2574409655287485,0.0,0.0,0.0,0.0,7.382746000827938,7.382746000827938,6.072837221145148,3.6680981139284246,-0.32377014,-0.33798775,-0.351147,-0.35938373,0.0,-0.08754571975478659,0.49626820651828973,2.85233402329322,0.0,-0.35487904079246385,-0.38419643796040603,-0.4424146267463488,0.0,0.023760000243782997,0.02965477155521512,0.054555893689393994,0.0,0.0,0.0,0.0,0.0,0.0,0.0,0.0,0.0,0.0,0,0,0,0,0.0,0.0,0.0,0.0,0.0,0,0,0.9435848593711853,1.4581897101834164E-4,0.008964535260020057,0.10977593978545665,0.10081140452543659
2012-07-24T11:30:00,2012,206,11,0,"718f4615-e576-4fa4-80aa-6236231db38b",126.45833352580667,94.56088197897726,92.77880257702273,31.3585,0.3696500062942505,1052.953846,400.0,1.1,0.0,[0.1956621639701276],[-0.050000000000000024],-0.050000000000000024,28.698650331420136,15.1,0.29530984003311755,12,45,32.82301669764847,23.721859194708472,0.7793080585235941,1.2066218173624248,0.0,0.10027645733837733,0.24341316243093955,2.871486102541288,2.7979610582369805,39.7141196558293,7.370596920797759,0.0014967172975188295,7.4841794190646675,-0.33832505730298157,-0.46216398,372.0303351181849,0.21292764568265515,41935.18517574948,15486.077368401277,18101.618167198074,0.0,6306.181974880387,449.65280910363305,1497.3357575105863,3114.250076051901,12400.873375875903,1159.8616495318586,32.60431403153072,140.14326720946954,1194.34910113216,216.40282398192136,865.4531912628511,5.891836,0.0,0.830791,0.005847656,0.0059133917,0.1542589,0.07306177,0.0,0.0031890424,0.99858814,0.0012839016,0.0011629768,2.4074774E-5,1.03511986E-4,0.0,0.0,0.0,0.25241895288153615,0.0,0.21359792051996868,0.0,0.0054745734024004705,0.014557142666601524,0.12580381728846662,0.0,0.12017345792926866,0.22026985332775725,0.0,7.354737296922417E-4,0.0,0.062263481551889086,0.15570967429189678,0.21797315584378585,0.003677368648461209,0.027336908007879794,0.1090034984251637,0.1363404064330435,0.014557142666601524,0.01553883916128647,0.06061559707036347,0.07615443623164994,0.016606226580959945,25.56375,0.009916271359215266,740.7302651498835,66.66572651254738,0.017663693675024888,1.575,0.0,0.0,0.011530548599574903,0.0,0.09240647746885924,0.12580807611133024,0.25633719635280056,0.0,0.0,0.0,0.0,7.382746000827938,7.382746000827938,6.072837221145148,3.6680981139284246,-0.36425418,-0.3842335,-0.40236473,-0.41340014,0.0,1.2029977125605569,1.9190851691098327,4.4580397769445534,0.0,-0.3884484241508434,-0.42958462838600464,-0.5008699361900266,0.0,0.03745722149809202,0.04451167304068804,0.06815263330936432,0.0,0.0,0.0,0.0,0.0,0.0,0.0,0.0,0.0,0.0,0,0,0,0,0.0,0.0,0.0,0.0,0.0,0,0,0.9435848593711853,1.458190435267662E-4,0.008174406622856623,0.11100924240728213,0.10283483578442551
2012-07-24T12:30:00,2012,206,12,0,"718f4615-e576-4fa4-80aa-6236231db38b",126.5000001937151,94.58616143121664,93.74634430049883,33.221,0.3255000114440918,2368.426924,400.0,1.1,0.0,[0.1956621639701276],[-0.050000000000000024],-0.050000000000000024,28.698650331420136,15.1,0.29530984003311755,12,45,75.19346107553706,55.47827227030905,0.7937067881805697,1.2469104344659687,0.0,0.11602409979242496,0.24248374454263055,6.713620086510976,6.4896019324889584,89.51838255296532,12.404990761565767,0.002004533324834582,12.59610814733633,-0.5352618737132467,-0.5690268,471.06916239596853,0.21814108367636903,42071.52926134843,15609.152431641134,18103.15116020605,0.0,6317.847085043705,449.67956852399607,1497.3799192632816,3114.4900198826413,12401.570745764897,1213.9316022824448,32.61962408550621,140.16144075406316,1194.5278863117287,216.43529528974972,865.5795795637462,5.803619,0.0,0.847151,0.00547387,0.0062751365,0.13782144,0.06837723,0.0,0.0032785758,0.99865925,0.0012197731,0.0011048854,2.2878821E-5,9.834013E-5,0.0,0.0,0.0,0.25565383531529334,0.0,0.2163386082315057,0.0,0.005544981046553435,0.014742641088067955,0.10087285540683835,0.0,0.09537355453475643,0.2212444231110438,0.0,5.827581362809387E-4,0.0,0.0493350680683577,0.12337805430345022,0.17271312237180791,0.0029137906814046943,0.027686408916244236,0.11039499761367459,0.13808140652991882,0.014742641088067955,0.01755805733448889,0.06848278303006734,0.08604084036455623,0.018762071200524016,25.56375,0.010554290749933321,742.1742759156452,66.79568748663011,0.017640772487856504,1.575,0.0,0.0,0.012272431644688333,0.0,0.10716661875810361,0.1380920781687469,0.2554357794122069,0.0,0.0,0.0,0.0,7.382746000827938,7.382746000827938,6.072837221145148,3.6680981139284246,-0.5788051,-0.61343485,-0.64457595,-0.66295004,0.0,3.893331912186801,5.095188229633464,9.16289490695465,0.0,-0.5352618737132467,-0.544624400088161,-0.5980229790905573,0.0,0.05585147812962532,0.0657931687310338,0.1015043944120407,0.0,0.0,0.0,0.0,0.0,0.0,0.0,0.0,0.0,0.0,0,0,0,0,0.0,0.0,0.0,0.0,0.0,0,0,0.9435848593711853,1.4581913226223127E-4,0.007649829665751895,0.12541883754564104,0.11776900787988914
2012-07-24T13:30:00,2012,206,13,0,"718f4615-e576-4fa4-80aa-6236231db38b",126.54166686162353,94.60578930649213,94.76413591993254,34.427,0.2754499912261963,2269.173077,400.0,1.1,0.0,[0.1956621639701276],[-0.050000000000000024],-0.050000000000000024,28.698650331420136,15.1,0.29530984003311755,12,45,71.8301114192014,52.827714015847924,0.7913688046458498,1.2455032534180863,0.0,0.11539224911977368,0.24269946975931705,6.134139875570933,5.917163387197669,81.65087798695575,12.25419675991755,0.0018508597409671137,12.47876946291537,-0.529363072078404,-0.8037509,553.3421570647106,0.22186540683626257,42146.33663042431,15671.129494805904,18104.46877969116,0.0,6329.284016444621,449.709057328544,1497.4261874515612,3114.6990165713455,12402.199379377333,1241.1596758557926,32.6361027955574,140.18110147540284,1194.722384508595,216.47063937547142,865.717171622093,5.613786,0.0,0.8586665,0.0054579535,0.0066544805,0.12580387,0.06535835,0.0,0.0034172144,0.99869406,0.0011876617,0.0010757953,2.2283644E-5,9.574935E-5,0.0,0.0,0.0,0.2577800883604132,0.0,0.21814060848923722,0.0,0.005591530252065918,0.014864437858893426,0.07991348801839672,0.0,0.07463764499547763,0.21691670756039538,0.0,4.554717437991831E-4,0.0,0.0385589875023561,0.09642902977098385,0.13498801727333995,0.002277358718995916,0.027916048627744338,0.11130892213760038,0.1392249707653447,0.014864437858893426,0.018917582350959222,0.07377724208295305,0.09269482443391228,0.02021503438046676,25.56375,0.010965978871001682,743.6310378201902,66.92679606324894,0.017644025490067928,1.575,0.0,0.0,0.012751138783277776,0.0,0.10617070782953557,0.1379282376611986,0.2556650478282287,0.0,0.0,0.0,0.0,7.382746000827938,7.382746000827938,6.072837221145148,3.6680981139284246,-0.57235706,-0.60650504,-0.63710815,-0.6551533,0.0,3.5272120409039065,4.645728104897595,8.368282420813985,0.0,-0.699227381830974,-0.7683900873078486,-0.8444954914716144,0.0,0.048254704723755516,0.0560135543346405,0.0841394230723381,0.0,0.0,0.0,0.0,0.0,0.0,0.0,0.0,0.0,0.0,0,0,0,0,0.0,0.0,0.0,0.0,0.0,0,0,0.9435848593711853,1.4581923224788024E-4,0.007204810517578153,0.13512230309187348,0.12791749257429533
2012-07-24T14:30:00,2012,206,14,0,"718f4615-e576-4fa4-80aa-6236231db38b",126.58333352953196,94.62308912313142,95.80046935281557,34.872,0.2634499967098236,1906.321154,400.0,1.1,0.0,[0.1956621639701276],[-0.050000000000000024],-0.050000000000000024,28.698650331420136,15.1,0.29530984003311755,12,45,55.094144982038145,39.8728187472979,0.7225191944499365,1.1262787625878115,0.0,0.07196775855600906,0.2427804470050958,4.341706961393356,4.077447728144725,58.35235774579231,10.270968053811163,0.0015781363721315005,10.487945087956318,-0.4517825807725314,-0.7782402,547.7453343614048,0.22097613025655571,42180.54624775605,15692.618603740078,18105.68828497653,0.0,6340.707642472743,449.7397242410358,1497.4728996046215,3114.893598018432,12402.7940405184,1250.6003787417912,32.65295571085612,140.2011868889195,1194.9208062747425,216.50669215281914,865.8575005571222,5.5672507,0.0,0.8648366,0.0054630935,0.0067511783,0.119492985,0.06344584,0.0,0.0034561676,0.9986087,0.0012652675,0.0011460881,2.3747858E-5,1.0200363E-4,0.0,0.0,0.0,0.25858656228764015,0.0,0.21882527563151477,0.0,0.005609599803367778,0.014910334250132586,0.07100078303460974,0.0,0.06578518702304587,0.2166643533617035,0.0,4.0083260352603454E-4,0.0,0.03393287613167502,0.0848599629173146,0.11879283904898962,0.002004163017630173,0.028002933891158134,0.11165395252365269,0.13965688641481083,0.014910334250132586,0.01934225636117757,0.07542691771426742,0.094769174075445,0.020671006337770026,25.56375,0.011074553700864433,745.100677113326,67.05906360488702,0.017664557323104,1.575,0.0,0.0,0.012877388591000072,0.0,0.06618450794575993,0.10335456221966478,0.25530349213013803,0.0,0.0,0.0,0.0,7.382746000827938,7.382746000827938,6.072837221145148,3.6680981139284246,-0.48759925,-0.5158886,-0.5418754,-0.55732167,0.0,1.5203074601848037,2.6917217230317334,6.7203126930110715,0.0,-0.6698702984165313,-0.7347332333818282,-0.827576944624649,0.0,0.034823209047317505,0.041798355989158154,0.06808695048093796,0.0,0.0,0.0,0.0,0.0,0.0,0.0,0.0,0.0,0.0,0,0,0,0,0.0,0.0,0.0,0.0,0.0,0,0,0.9435848593711853,1.4581933332937362E-4,0.007611966029799078,0.13816722589179242,0.13055525986199334
2012-07-24T15:30:00,2012,206,15,0,"718f4615-e576-4fa4-80aa-6236231db38b",126.62500019744039,94.64294753586319,96.81636522659748,34.3815,0.2563000023365021,2271.683911,400.0,1.1,0.0,[0.1956621639701276],[-0.050000000000000024],-0.050000000000000024,28.698650331420136,15.1,0.29530984003311755,12,45,64.54811469793202,46.03785399098878,0.7103553710242835,1.1105454639473882,0.0,0.03626186699939475,0.26449346809197627,4.681392428775628,4.447225015456676,66.00611599446037,11.068226664054169,0.0016565465071500004,11.13192707549985,-0.48296996450192553,-0.6845226,563.2301847357236,0.22216755476333877,42199.63730595214,15698.740261800514,18107.018123271562,0.0,6352.271409588925,449.76930044583645,1497.5191200888023,3115.104066728787,12403.426086095882,1253.2897761986746,32.66938828777085,140.2208030144502,1195.1148874945109,216.5419616802891,865.9947811309346,5.6729646,0.0,0.8591325,0.005458731,0.006580497,0.12544774,0.06491784,0.0,0.0033805268,0.99872375,0.0011605594,0.0010512394,2.1790218E-5,9.356011E-5,0.0,0.0,0.0,0.2577578193975413,0.0,0.21812592904539274,0.0,0.005592252337311463,0.01486203047824102,0.0811223766273554,0.0,0.07578746400079878,0.2193223166168799,0.0,4.61083368403741E-4,0.0,0.039032754428845046,0.09761383050885851,0.13664658493770354,0.0023054168420187054,0.027912807619630844,0.1112933579477763,0.13920616556740714,0.01486203047824102,0.018864720072113067,0.0735591359238682,0.09242385599598127,0.0201634793627504,25.56375,0.010913166703369653,746.5830061357453,67.19247322220598,0.01769169248358544,1.575,0.0,0.0,0.012689729283328574,0.0,0.033706425856959994,0.07769247864920903,0.278528563676102,0.0,0.0,0.0,0.0,7.382746000827938,7.382746000827938,6.072837221145148,3.6680981139284246,-0.5216248,-0.5525547,-0.58212656,-0.6000547,0.0,0.5981566608250898,2.2403497552249894,8.522166236420976,0.0,-0.5708568482202551,-0.633501364050846,-0.7408870074718165,0.0,0.030573899547259014,0.04066281020641327,0.08274854570627213,0.0,0.0,0.0,0.0,0.0,0.0,0.0,0.0,0.0,0.0,0,0,0,0,0.0,0.0,0.0,0.0,0.0,0,0,0.9435848593711853,1.4581943311354093E-4,0.00711455917917192,0.1347607776421773,0.1276462184630054
2012-07-24T16:30:00,2012,206,16,0,"718f4615-e576-4fa4-80aa-6236231db38b",126.66666686534882,94.66439098795627,97.8189069574745,34.061,0.26475000381469727,1944.217424,400.0,1.1,0.0,[0.1956621639701276],[-0.050000000000000024],-0.050000000000000024,28.698650331420136,15.1,0.29530984003311755,12,45,61.60421960099376,44.16865925000437,0.7921467378150828,1.262109048343772,0.0,0.12263294980903634,0.24174582078450862,5.232348283131917,5.093010570024495,70.23604624773218,11.193167809835206,0.0017430287098393385,11.32728034224103,-0.4878574469411251,-0.73298794,574.7313681215336,0.2232673256151284,42250.415843780436,15736.5323505149,18108.417923129356,0.0,6363.7832147813,449.7982346017933,1497.5650319464353,3115.324522048416,12404.081671118187,1269.8927857551307,32.68555068092616,140.2401247926536,1195.306317124495,216.5767542345224,866.1302024888976,5.68067,0.0,0.8541119,0.005521522,0.0065423064,0.13045566,0.066484384,0.0,0.0033686294,0.9987948,0.0010962941,9.930248E-4,2.0590614E-5,8.83773E-5,0.0,0.0,0.0,0.25722875462433953,0.0,0.21768043820538116,0.0,0.005581340362351138,0.014830905710387855,0.08748040429968137,0.0,0.0821296297581359,0.2183367892026191,0.0,4.988458925983812E-4,0.0,0.042228890798877546,0.10560678479463782,0.14783567559351538,0.0024942294629919067,0.027855055768928244,0.11106167249315513,0.13891672826208337,0.014830905710387855,0.018559763393103768,0.07236367945582002,0.09092344284892379,0.01983954489688588,25.56375,0.010804381356133291,748.0778983928525,67.32701353069177,0.01770581149210097,1.575,0.0,0.0,0.012563234687951775,0.0,0.11353937624540553,0.14358164183202587,0.25426558549938993,0.0,0.0,0.0,0.0,7.382746000827938,7.382746000827938,6.072837221145148,3.6680981139284246,-0.5269631,-0.557831,-0.5853482,-0.6016095,0.0,3.0876545110497506,4.0226793769327704,7.152489159882721,0.0,-0.6329220680564343,-0.6976898152455437,-0.7736890071011503,0.0,0.045249223709106445,0.05172586627304554,0.07530120462179184,0.0,0.0,0.0,0.0,0.0,0.0,0.0,0.0,0.0,0.0,0,0,0,0,0.0,0.0,0.0,0.0,0.0,0,0,0.9435848593711853,1.4581953233613174E-4,0.006729712891683448,0.13258647039145952,0.12585675749977607
2012-07-24T17:30:00,2012,206,17,0,"718f4615-e576-4fa4-80aa-6236231db38b",126.70833353325725,94.68935942876902,98.78944862254798,33.293,0.2682499885559082,769.9689039,400.0,1.1,0.0,[0.1956621639701276],[-0.050000000000000024],-0.050000000000000024,28.698650331420136,15.1,0.29530984003311755,12,45,27.613944156147006,20.41262784877508,0.896592836940509,1.4728320517146334,0.0,0.1965316078086628,0.2439068041674518,2.3711586197217307,2.3098115297565265,31.009048177961983,7.438893375821622,0.0011579174560929848,7.592784480161633,-0.3409966969978321,-0.69541717,506.93104596356176,0.22074155039946822,42283.67941496818,15756.770545452277,18109.95458445538,0.0,6375.199709901881,449.8259312467429,1497.6095570682737,3115.564144888018,12404.779531771404,1278.7839308434616,32.70095736739469,140.25848484218304,1195.4875585562552,216.60968428871672,866.2583386354693,5.701521,0.0,0.84394264,0.005792118,0.006410119,0.14051622,0.069490224,0.0,0.003338913,0.9987453,0.0011408381,0.0010333698,2.1434407E-5,9.196613E-5,0.0,0.0,0.0,0.25592543792970385,0.0,0.21657988709926954,0.0,0.0055535848809595235,0.01475508350510543,0.1008217663719217,0.0,0.09543169791523573,0.21652910615845422,0.0,5.783105420536488E-4,0.0,0.04895520272269865,0.12242806631133009,0.17138326903402873,0.0028915527102682443,0.027713410510488687,0.11049540455335186,0.13820881506384053,0.01475508350510543,0.01768018697779793,0.06892770565240237,0.0866078926302003,0.018900795078911032,25.56375,0.010508221511561654,749.5850095127203,67.46265353686972,0.017727525605242656,1.575,0.0,0.0,0.012218862760503223,0.0,0.18343603058017496,0.20214781027941947,0.25674622779969697,0.0,0.0,0.0,0.0,7.382746000827938,7.382746000827938,6.072837221145148,3.6680981139284246,-0.36714897,-0.38706416,-0.4040554,-0.41397706,0.0,1.8157877255489616,2.0657352781899596,2.8014868135343187,0.0,-0.6213646548164246,-0.6699004252224448,-0.7284023800812834,0.0,0.03770953789353371,0.039263282902538776,0.04458690583705902,0.0,0.0,0.0,0.0,0.0,0.0,0.0,0.0,0.0,0.0,0,0,0,0,0.0,0.0,0.0,0.0,0.0,0,0,0.9435848593711853,1.4581962414348513E-4,0.00702885763530503,0.12631858416172512,0.11928972652642009
2012-07-24T18:30:00,2012,206,18,0,"718f4615-e576-4fa4-80aa-6236231db38b",126.75000020116568,94.72025964967423,99.69603195873985,31.758,0.29884999990463257,262.9655135,400.0,1.1,0.0,[0.1956621639701276],[-0.050000000000000024],-0.050000000000000024,28.698650331420136,15.1,0.29530984003311755,12,45,6.92521733241881,4.828097037503375,0.6583769521947987,1.0200106075682502,0.0,0.0344703856864583,0.24202301181203983,-0.11106665494541328,-0.10493972964510606,0.02541714749581292,4.391922796973313,1.607568956745444E-6,4.574032290255984,-0.29839173732557683,-0.46978524,88.9148122498565,0.20528343719540493,42275.63609696154,15735.740228746492,18111.66430641304,0.0,6386.412908779732,449.84975413145514,1497.6498141356228,3115.826365649677,12405.517436551638,1269.5447868554108,32.71464782734456,140.27439488043183,1195.6397136454605,216.6372494862395,866.3654115174143,9.005659,0.36710316,0.5247892,0.0037900175,0.003867432,0.098358154,0.046593778,0.0,0.0020920325,0.9987693,0.0011200343,0.0010145226,2.1050264E-5,9.02872E-5,0.0,0.0,0.0,3.5593176460486666,3.306006106528339,0.2143705364114662,0.0,0.005497295374190623,0.014603576767346789,0.12065622671184051,0.0,0.11523476063013843,0.2126733208882012,0.0,6.953922841864819E-4,0.0,0.05886596071514314,0.14721306786593424,0.20607902858107738,0.0034769614209324102,0.02742973461623618,0.10936268395623493,0.1367924185724711,0.014603576767346789,0.015666353659756268,0.061069875301050264,0.07673622896080654,0.016748237079903156,17.681557,0.00980737039970282,751.1035245521592,67.59931989584986,0.017766817815099485,1.575,0.0,0.0,0.011403919571313018,0.0,0.0318977902199317,0.07237322752962055,0.2547548208425423,0.0,0.0,0.0,0.0,7.382746000827938,7.382746000827938,6.072837221145148,3.6680981139284246,-0.31517458,-0.32746226,-0.33826834,-0.34489998,0.0,-0.6526193568923647,-0.44880533959857605,0.4987605346660251,0.0,-0.4223426612625089,-0.4528749013551755,-0.49123400557342106,0.0,0.023760000243782997,0.023760000243782997,0.030455120652914048,0.0,0.0,0.0,0.0,0.0,0.0,0.0,0.0,0.0,0.0,0,0,0,0,0.0,0.0,0.0,0.0,0.0,0,0,0.9435848593711853,1.458196855033344E-4,0.010899726883508265,0.11198396044947301,0.10108423356596474
2012-07-24T19:30:00,2012,206,19,0,"718f4615-e576-4fa4-80aa-6236231db38b",126.7916668690741,94.7563239705259,100.52782362285717,29.963,0.32440000772476196,132.7340385,400.0,1.1,0.0,[0.1956621639701276],[-0.050000000000000024],-0.050000000000000024,28.698650331420136,15.1,0.29530984003311755,12,45,4.748808641087361,3.51244288202059,0.894421787876092,1.470125657841794,0.0,0.1953699843207901,0.24351468232988627,-0.17083058040589094,-0.15088844022445913,-1.6714567743044448,3.4169693807709023,0.0,3.937972459045984,-0.2865905697787547,-0.3891541,136.2533684227596,0.20973287896454668,42267.25955430399,15714.040418281314,18113.59421626943,0.0,6397.747490250508,449.87041763730406,1497.6879291305074,3116.1196645967857,12406.326402046405,1260.0115175182896,32.72695397354117,140.28881725973142,1195.779211461999,216.66254836771674,866.4637243987631,7.641245,0.2354459,0.6251903,0.0046174335,0.0043953853,0.12791516,0.058470238,0.0,0.0024358234,0.9988879,0.0010113964,9.161163E-4,1.901403E-5,8.152866E-5,0.0,0.0,0.0,2.049385810025081,1.7990998426548828,0.21181317007179123,0.0,0.005431908098752929,0.014428166058087178,0.141587036606286,0.0,0.13599114055892236,0.21497550418280864,0.0,8.186626210789722E-4,0.0,0.0693010302975521,0.17330927626487827,0.24261030656243038,0.004093313105394862,0.027101293700524668,0.10805122949510437,0.13515252319562904,0.014428166058087178,0.014093032399131466,0.05492956784683603,0.0690226002459675,0.01506473693529479,14.442623,0.009289799418355145,752.6328416844206,67.73695844322265,0.017806520924723197,1.575,0.0,0.0,0.010802092822329083,0.0,0.17946738592395234,0.20360720334236748,0.25609540575254625,0.0,0.0,0.0,0.0,7.382746000827938,7.382746000827938,6.072837221145148,3.6680981139284246,-0.30043992,-0.31027338,-0.3187719,-0.32399833,0.0,-0.22844949242509463,-0.1775106382465726,-0.08305405048638707,0.0,-0.3587004456943481,-0.37996778026653827,-0.4010037528394239,0.0,0.023760000243782997,0.023760000243782997,0.023760000243782997,0.0,0.0,0.0,0.0,0.0,0.0,0.0,0.0,0.0,0.0,0,0,0,0,0.0,0.0,0.0,0.0,0.0,0,0,0.9435848593711853,1.4581974693332123E-4,0.008351305707037682,0.10072694641055942,0.09237564070352174
2012-07-24T20:30:00,2012,206,20,0,"718f4615-e576-4fa4-80aa-6236231db38b",126.83333353698254,94.79612509093397,101.27471951468937,27.9255,0.3677000105381012,60.42142615,400.0,1.1,0.0,[0.1956621639701276],[-0.050000000000000024],-0.050000000000000024,28.698650331420136,15.1,0.29530984003311755,12,45,1.030514192034369,0.7401891368162754,0.4263860759741306,0.6805800745240318,0.0,0.02242640185689037,0.1618513163135172,-0.6013673022389412,-0.5858177121032289,-7.27456348718368,2.832111005518562,0.0,2.9483744529836144,-0.2755238110585894,-0.36131954,43.50891486722937,0.19353905122935716,42233.26347155896,15667.14371028144,18115.57252225189,0.0,6408.620717286399,449.8866784431276,1497.72076272074,3116.4165411481436,12407.126315953063,1239.4086210503867,32.737349772579556,140.30056522206175,1195.8868999717631,216.68198254867184,866.539013909294,12.952645,0.5615986,0.3538106,0.0026890251,0.0024182277,0.07806622,0.03479388,0.0,0.0014173031,0.99900705,9.031785E-4,8.1809104E-4,1.698396E-5,7.28042E-5,0.0,0.0,0.0,7.521079959803518,7.274187636036014,0.20894477598616648,0.0,0.005358370226975603,0.014231352558374238,0.15142348298427277,0.0,0.14596647895435144,0.20622529999550976,0.0,8.742195855766705E-4,0.0,0.0740046580991374,0.18507219002752034,0.25907684812665777,0.0043710979278833535,0.026732849776052472,0.10658004042708524,0.13331289020313772,0.014231352558374238,0.011901711619292266,0.04638134247281685,0.05828305409210911,0.012719993428582184,12.557985,0.008445527907168114,754.1719791984016,67.87548082498532,0.017857298186446845,1.575,0.0,0.0,0.009820381719603775,0.0,0.020878123042760686,0.047869573587860835,0.170310729108544,0.0,0.0,0.0,0.0,7.382746000827938,7.382746000827938,6.072837221145148,3.6680981139284246,-0.2876152,-0.29602617,-0.30339772,-0.308047,0.0,-0.6630226066970418,-0.6377578000486883,-0.49794270499057386,0.0,-0.3359982533314188,-0.3533754216643285,-0.37115185929748296,0.0,0.023760000243782997,0.023760000243782997,0.023760000243782997,0.0,0.0,0.0,0.0,0.0,0.0,0.0,0.0,0.0,0.0,0,0,0,0,0.0,0.0,0.0,0.0,0.0,0,0,0.9435848593711853,1.4581977493383633E-4,0.012641537883609999,0.0851069416877652,0.0724654038041552
2012-07-24T21:30:00,2012,206,21,0,"718f4615-e576-4fa4-80aa-6236231db38b",126.87500020489097,94.83758867483195,101.94080287041666,25.986,0.4537999927997589,13.30576924,400.0,1.1,0.0,[0.1956621639701276],[-0.050000000000000024],-0.050000000000000024,28.698650331420136,15.1,0.29530984003311755,12,45,0.0,0.0,0.0,0.0,0.0,0.0,0.0,-0.6725208163261414,-0.6725208163261414,0.0,0.29530984003311755,0.0,0.4429647757177188,-0.09600122162885792,-0.36131954,84.41476412265688,0.2039781583065305,42225.06450973203,15645.782644681258,18117.6553542283,0.0,6419.654746306954,449.90074108296267,1497.7519448779149,3116.728044097575,12407.960546040336,1230.0241708027097,32.74662712392455,140.3113203390951,1195.989417170018,216.7005508620856,866.6110878907457,9.118819,0.3657145,0.5099956,0.0039157956,0.0032955478,0.11509168,0.05038317,0.0,0.00198694,0.9991355,7.865637E-4,7.1246055E-4,1.4794425E-5,6.340362E-5,0.0,0.0,0.0,3.57859133414513,3.334884155142988,0.20625290818429703,0.0,0.005289229168348492,0.014046495400323362,0.16131198389835028,0.0,0.15573068732604442,0.20927512480077515,0.0,9.307382433997351E-4,0.0,0.0787902802036395,0.1970401560966682,0.2758304363003077,0.004653691216998677,0.026386878447346804,0.10519837434738429,0.1315852527947311,0.014046495400323362,0.010624027526987798,0.04139528995712353,0.05201931748411133,0.011351318184171653,6.4196243,0.007962210148357636,755.7203750966835,68.01483646136819,0.017897435655130974,1.575,0.0,0.0,0.009258384300904365,0.0,0.0,0.0,0.0,0.0,0.0,0.0,0.0,7.382746000827938,7.382746000827938,6.072837221145148,3.6680981139284246,-0.10095044,-0.10355485,-0.10618734,-0.10842252,0.0,0.0,0.0,0.0,0.0,-0.3359982533314188,-0.3533754216643285,-0.37115185929748296,0.0,0.023760000243782997,0.023760000243782997,0.023760000243782997,0.0,0.0,0.0,0.0,0.0,0.0,0.0,0.0,0.0,0.0,0,0,0,0,0.0,0.0,0.0,0.0,0.0,0,0,0.9435848593711853,1.4581981513134786E-4,0.007750716406007996,0.07594520590037275,0.06819448949436475
2012-07-24T22:30:00,2012,206,22,0,"718f4615-e576-4fa4-80aa-6236231db38b",126.9166668727994,94.87925177307726,102.57130288793546,25.132,0.489300012588501,0.0,400.0,1.1,0.0,[0.1956621639701276],[-0.050000000000000024],-0.050000000000000024,28.698650331420136,15.1,0.29530984003311755,12,45,0.0,0.0,0.0,0.0,0.0,0.0,0.0,-0.6375132501125336,-0.6375132501125336,0.0,0.29530984003311755,0.0,0.4429647757177188,-0.09606246176305401,-0.36131954,84.52380675350895,0.20359096017303463,42216.936861027825,15624.304378240424,18119.73689710759,0.0,6430.88122942582,449.9135253692128,1497.7817543440922,3117.0381896208187,12408.787945320018,1220.5882312951512,32.75534816458581,140.3214230518861,1196.085631788634,216.71797670932,866.678709361872,9.168443,0.36035886,0.51608235,0.0038398139,0.0031968232,0.11455733,0.04981207,0.0,0.0019647998,0.99918,7.4594835E-4,6.756703E-4,1.4033269E-5,6.0129136E-5,0.0,0.0,0.0,3.546266501615809,3.3039296700158354,0.20509715252110683,0.0,0.005259372871258241,0.013966150975869536,0.1625601400090455,0.0,0.15689396519031648,0.21292527429444486,0.0,9.345020566302682E-4,0.0,0.07911040816357377,0.19784073345230158,0.27695114161587536,0.004672510283151342,0.026237357629275385,0.10459982919434123,0.1308371868236166,0.013966150975869536,0.009990578758824144,0.03892021326542902,0.048910792024253164,0.010671229515121,6.4110894,0.007680735330278583,757.2777020829517,68.15499589570176,0.017937769966016308,1.575,0.0,0.0,0.008931087986408001,0.0,0.0,0.0,0.0,0.0,0.0,0.0,0.0,7.382746000827938,7.382746000827938,6.072837221145148,3.6680981139284246,-0.101011604,-0.10361604,-0.106248535,-0.10848371,0.0,0.0,0.0,0.0,0.0,-0.3359982533314188,-0.3533754216643285,-0.37115185929748296,0.0,0.023760000243782997,0.023760000243782997,0.023760000243782997,0.0,0.0,0.0,0.0,0.0,0.0,0.0,0.0,0.0,0.0,0,0,0,0,0.0,0.0,0.0,0.0,0.0,0,0,0.9435848593711853,1.4581985257328624E-4,0.007390494476567255,0.0714166415045296,0.06402614702796235
2012-07-24T23:30:00,2012,206,23,0,"718f4615-e576-4fa4-80aa-6236231db38b",126.95833354070783,94.92090090658156,103.18405288012974,24.706,0.4867999851703644,0.143846154,400.0,1.1,0.0,[0.1956621639701276],[-0.050000000000000024],-0.050000000000000024,28.698650331420136,15.1,0.29530984003311755,12,45,0.0,0.0,0.0,0.0,0.0,0.0,0.0,-0.6206665635108948,-0.6206665635108948,0.0,0.29530984003311755,0.0,0.4429647757177188,-0.09595514722916029,-0.36131954,81.49400565257,0.20251827159271235,42208.85528277503,15602.958981736214,18121.81092866504,0.0,6442.029845108674,449.9256603485741,1497.8107923938362,3117.3462516121326,12409.608130780205,1211.2106648731378,32.76378673540496,140.33117686019165,1196.178246889567,216.73474648938003,866.7437599975947,9.111831,0.36026227,0.515687,0.0038271039,0.0031731443,0.11507915,0.049833667,0.0,0.0019713168,0.99917036,7.5508683E-4,6.839465E-4,1.4207827E-5,6.086525E-5,0.0,0.0,0.0,3.524321447350458,3.2826487678997816,0.20453906519390663,0.0,0.0052448100622564395,0.013926501035547033,0.16267924354120525,0.0,0.1570482050798096,0.21144841417752502,0.0,9.321848130062156E-4,0.0,0.0789158271065138,0.19735411722228213,0.2762699443287959,0.004660924065031079,0.026164286567408473,0.1043060698957053,0.13047035646311378,0.013926501035547033,0.009670204501442388,0.037665414019715515,0.047335618521157904,0.010325727949972835,6.4260607,0.007523829117338961,758.8437777081135,68.29594270756705,0.01797830745762464,1.575,0.0,0.0,0.008748638893564828,0.0,0.0,0.0,0.0,0.0,0.0,0.0,0.0,7.382746000827938,7.382746000827938,6.072837221145148,3.6680981139284246,-0.100904174,-0.10350858,-0.10614105,-0.10837622,0.0,0.0,0.0,0.0,0.0,-0.3359982533314188,-0.3533754216643285,-0.37115185929748296,0.0,0.023760000243782997,0.023760000243782997,0.023760000243782997,0.0,0.0,0.0,0.0,0.0,0.0,0.0,0.0,0.0,0.0,0,0,0,0,0.0,0.0,0.0,0.0,0.0,0,0,0.9435848593711853,1.4581988769099473E-4,0.007434821207425557,0.06912735464233281,0.06169253343490726
2012-07-25T00:30:00,2012,207,0,0,"718f4615-e576-4fa4-80aa-6236231db38b",127.00000020861626,94.9624154035681,103.77271957514836,24.128,0.5216500163078308,0.755192308,400.0,1.1,0.0,[0.1956621639701276],[-0.050000000000000024],-0.050000000000000024,28.698650331420136,15.1,0.29530984003311755,12,45,0.0,0.0,0.0,0.0,0.0,0.0,0.0,-0.598444938659668,-0.598444938659668,0.0,0.29530984003311755,0.0,0.4429647757177188,-0.09583757937177118,-0.36131954,81.47617346537564,0.20243511152496335,42200.828494315894,15581.723032843442,18123.87545572088,0.0,6453.134953483777,449.93700725484825,1497.8389725026982,3117.651962228358,12410.420541501444,1201.8811815235465,32.77188115783155,140.34054696636204,1196.2673443002905,216.75088268403238,866.8063465289006,9.06471,0.35943615,0.5163448,0.0037980909,0.0031346572,0.115312494,0.049712352,0.0,0.00197383,0.99921733,7.120814E-4,6.449916E-4,1.322007E-5,5.662313E-5,0.0,0.0,0.0,3.498946623537158,3.2581841701013095,0.2037726879448279,0.0,0.005224892743851203,0.013872678554929466,0.16263043162088553,0.0,0.15702139165781806,0.2106232398697612,0.0,9.285235215172356E-4,0.0,0.07862946916425223,0.1966380201262809,0.27526748929053313,0.004642617607586179,0.02606456866659801,0.10390611801876226,0.12997068668536027,0.013872678554929466,0.009274011305260153,0.036115819240685784,0.04538983054594593,0.009899460612620889,6.442543,0.007331816476392594,760.4183787016464,68.43765680261622,0.018019039100241087,1.575,0.0,0.0,0.008525368371010268,0.0,0.0,0.0,0.0,0.0,0.0,0.0,0.0,7.382746000827938,7.382746000827938,6.072837221145148,3.6680981139284246,-0.100786485,-0.10339086,-0.106023304,-0.10825846,0.0,0.0,0.0,0.0,0.0,-0.3359982533314188,-0.3533754216643285,-0.37115185929748296,0.0,0.023760000243782997,0.023760000243782997,0.023760000243782997,0.0,0.0,0.0,0.0,0.0,0.0,0.0,0.0,0.0,0.0,0,0,0,0,0.0,0.0,0.0,0.0,0.0,0,0,0.9476998448371887,1.4209483179995037E-4,0.006968067129491828,0.066294014413906,0.05932594728441418
2012-07-25T01:30:00,2012,207,1,0,"718f4615-e576-4fa4-80aa-6236231db38b",127.04166687652469,95.00368873206442,104.33892795460203,23.589,0.5661500096321106,2.193653846,400.0,1.1,0.0,[0.1956621639701276],[-0.050000000000000024],-0.050000000000000024,28.698650331420136,15.1,0.29530984003311755,12,45,0.0,0.0,0.0,0.0,0.0,0.0,0.0,-0.5783660709857941,-0.5783660709857941,0.0,0.29530984003311755,0.0,0.4429647757177188,-0.09572856373969293,-0.36131954,78.20857718715493,0.20121157068021736,42192.85308676298,15560.636158374946,18125.921440046583,0.0,6464.162433526573,449.9476634750206,1497.8663208468606,3117.9540091473677,12411.221770568292,1192.6171902961203,32.77967326262431,140.34956158523175,1196.3527943267725,216.7663552950342,866.8663359389077,9.001133,0.3593739,0.5163569,0.0037807024,0.0031076262,0.11540033,0.049580228,0.0,0.0019805348,0.99921006,7.18828E-4,6.511013E-4,1.3347627E-5,5.715916E-5,0.0,0.0,0.0,3.4746909236589225,3.2347723210167705,0.20306246430732083,0.0,0.00520639788985438,0.013822684407944055,0.1618241992240552,0.0,0.15625555415761588,0.20915091467451816,0.0,9.208469625611315E-4,0.0,0.07798103553229488,0.1950164010281516,0.2729974365604465,0.004604234812805658,0.025972036675474583,0.10353485027786581,0.1295068869533404,0.013822684407944055,0.008945108169961602,0.03482879929163062,0.043773907461592224,0.009545237203943254,6.457902,0.007140881947666903,762.0012830466467,68.58011819932715,0.018059961043158438,1.575,0.0,0.0,0.008303351467372131,0.0,0.0,0.0,0.0,0.0,0.0,0.0,0.0,7.382746000827938,7.382746000827938,6.072837221145148,3.6680981139284246,-0.100677356,-0.1032817,-0.10591412,-0.10814927,0.0,0.0,0.0,0.0,0.0,-0.3359982533314188,-0.3533754216643285,-0.37115185929748296,0.0,0.023760000243782997,0.023760000243782997,0.023760000243782997,0.0,0.0,0.0,0.0,0.0,0.0,0.0,0.0,0.0,0.0,0,0,0,0,0.0,0.0,0.0,0.0,0.0,0,0,0.9476998448371887,1.4209486384376765E-4,0.006984753596043447,0.0639387100082778,0.05695395641223436
2012-07-25T02:30:00,2012,207,2,0,"718f4615-e576-4fa4-80aa-6236231db38b",127.08333354443312,95.04460010585139,104.8819071317287,23.0315,0.6094499826431274,1.582307692,400.0,1.1,0.0,[0.1956621639701276],[-0.050000000000000024],-0.050000000000000024,28.698650331420136,15.1,0.29530984003311755,12,45,0.0,0.0,0.0,0.0,0.0,0.0,0.0,-0.5582335293292999,-0.5582335293292999,0.0,0.29530984003311755,0.0,0.4429647757177188,-0.09563536288084676,-0.36131954,78.21324932983852,0.20114269726104733,42184.93050136193,15539.671197333915,18127.947913785323,0.0,6475.141910423591,449.9575994342885,1497.8928119014863,3118.2523230668335,12412.01178429966,1183.4067586858002,32.787150271566865,140.35821094985823,1196.4347892751402,216.78120276246318,866.9238891908954,8.948866,0.35883516,0.5171119,0.0037443119,0.003072381,0.11525163,0.04934886,0.0,0.0019846023,0.9992361,6.956939E-4,6.301458E-4,1.2920207E-5,5.53192E-5,0.0,0.0,0.0,3.4502150278911516,3.2111675638311596,0.20232909289165452,0.0,0.00518729918740465,0.01377113337450788,0.1609052502407221,0.0,0.15536503491926096,0.208240470782738,0.0,9.126493040669755E-4,0.0,0.07728846591214047,0.1932844059188561,0.27057287183099654,0.0045632465203348785,0.02587655620211398,0.10315185556016614,0.1290284117622801,0.01377113337450788,0.008586883786453338,0.03342814148462274,0.042015025271076076,0.009159943682561893,6.471091,0.006963948922588802,763.5922850070295,68.72330838145147,0.01810106774935607,1.575,0.0,0.0,0.008097615382645392,0.0,0.0,0.0,0.0,0.0,0.0,0.0,0.0,7.382746000827938,7.382746000827938,6.072837221145148,3.6680981139284246,-0.10058404,-0.10318836,-0.10582077,-0.108055905,0.0,0.0,0.0,0.0,0.0,-0.3359982533314188,-0.3533754216643285,-0.37115185929748296,0.0,0.023760000243782997,0.023760000243782997,0.023760000243782997,0.0,0.0,0.0,0.0,0.0,0.0,0.0,0.0,0.0,0.0,0,0,0,0,0.0,0.0,0.0,0.0,0.0,0,0,0.9476998448371887,1.4209489461171855E-4,0.006720701770973392,0.06137701973204256,0.05465631796106917
2012-07-25T03:30:00,2012,207,3,0,"718f4615-e576-4fa4-80aa-6236231db38b",127.12500021234155,95.08503581353197,105.40146963004673,22.4695,0.6600000262260437,0.4675,400.0,1.1,0.0,[0.1956621639701276],[-0.050000000000000024],-0.050000000000000024,28.698650331420136,15.1,0.29530984003311755,12,45,0.0,0.0,0.0,0.0,0.0,0.0,0.0,-0.5385748445987701,-0.5385748445987701,0.0,0.29530984003311755,0.0,0.4429647757177188,-0.09556410454720028,-0.36131954,78.24445488834368,0.20107967960690065,42177.06070023863,15518.831957871756,18129.949812788243,0.0,6486.074581770393,449.96683567084995,1497.9184456561118,3118.5462049896573,12412.788889126441,1174.2515597087245,32.79432077208499,140.36650515067373,1196.5134258819617,216.79544257944326,866.9790752779315,8.894969,0.35836703,0.51802737,0.0037026657,0.003037007,0.114876874,0.049044702,0.0,0.0019890496,0.99926174,6.7291205E-4,6.0950936E-4,1.2499103E-5,5.3507298E-5,0.0,0.0,0.0,3.4258354166821317,3.1876635612190674,0.20159189005437944,0.0,0.005168091533706902,0.013719339299431286,0.15953688443313344,0.0,0.1540271179236881,0.20735274089325684,0.0,9.019278229285052E-4,0.0,0.07638212014569136,0.19101783095620367,0.267399951101895,0.004509639114642527,0.02578060081814632,0.10276700590082462,0.12854760671897095,0.013719339299431286,0.008238238659860758,0.032065311474286526,0.040303550134147284,0.008785106488752538,6.481211,0.0067792116044162205,765.1911697719505,68.86720801601241,0.018142354091726008,1.575,0.0,0.0,0.007882804538107082,0.0,0.0,0.0,0.0,0.0,0.0,0.0,0.0,7.382746000827938,7.382746000827938,6.072837221145148,3.6680981139284246,-0.100512676,-0.10311698,-0.105749376,-0.1079845,0.0,0.0,0.0,0.0,0.0,-0.3359982533314188,-0.3533754216643285,-0.37115185929748296,0.0,0.023760000243782997,0.023760000243782997,0.023760000243782997,0.0,0.0,0.0,0.0,0.0,0.0,0.0,0.0,0.0,0.0,0,0,0,0,0.0,0.0,0.0,0.0,0.0,0,0,0.9476998448371887,1.4209492414423442E-4,0.006461467517510755,0.058883874918456654,0.0524224074009459
2012-07-25T04:30:00,2012,207,4,0,"718f4615-e576-4fa4-80aa-6236231db38b",127.16666688024998,95.1250653415445,105.90426128817379,22.067,0.7159000039100647,0.251730769,400.0,1.1,0.0,[0.1956621639701276],[-0.050000000000000024],-0.050000000000000024,28.698650331420136,15.1,0.29530984003311755,12,45,0.0,0.0,0.0,0.0,0.0,0.0,0.0,-0.5248782783746719,-0.5248782783746719,0.0,0.29530984003311755,0.0,0.4429647757177188,-0.09551942349034873,-0.36131954,78.16125793551865,0.2009996601054946,42169.23555063854,15498.106031293213,18131.932261638678,0.0,6496.959142702871,449.9755846261205,1497.943465895355,3118.8364926366485,12413.55572325721,1165.1461419147893,32.80127758635713,140.37455129519415,1196.5897149847876,216.80925767397042,867.0326039476172,8.846509,0.35808203,0.5185729,0.0036734715,0.003014753,0.11466228,0.048832532,0.0,0.0019945062,0.9992774,6.5849203E-4,5.9644703E-4,1.22331285E-5,5.236033E-5,0.0,0.0,0.0,3.4053310808768056,3.167775885349194,0.20107380591440588,0.0,0.005154491538785827,0.013682480045425004,0.15841224940623383,0.0,0.15293196087480282,0.20644026250998906,0.0,8.927271423201361E-4,0.0,0.07560454375330836,0.18907324917681917,0.2646777929301275,0.004463635711600682,0.02571268419394965,0.10249396857244514,0.12820665276639479,0.013682480045425004,0.007995976279868497,0.031117016823436726,0.039112993103305224,0.008523924424662958,6.4875727,0.006643036139244122,766.7977789978385,69.01180285208801,0.018183819767779198,1.575,0.0,0.0,0.007724460966984714,0.0,0.0,0.0,0.0,0.0,0.0,0.0,0.0,7.382746000827938,7.382746000827938,6.072837221145148,3.6680981139284246,-0.100467905,-0.10307219,-0.105704576,-0.1079397,0.0,0.0,0.0,0.0,0.0,-0.3359982533314188,-0.3533754216643285,-0.37115185929748296,0.0,0.023760000243782997,0.023760000243782997,0.023760000243782997,0.0,0.0,0.0,0.0,0.0,0.0,0.0,0.0,0.0,0.0,0,0,0,0,0.0,0.0,0.0,0.0,0.0,0,0,0.9476998448371887,1.420949528058339E-4,0.006288520467933267,0.05715122573415477,0.050862705266221504
2012-07-25T05:30:00,2012,207,5,0,"718f4615-e576-4fa4-80aa-6236231db38b",127.20833354815841,95.16465956632409,106.39109463665167,21.684,0.7653499841690063,0.035961539,400.0,1.1,0.0,[0.1956621639701276],[-0.050000000000000024],-0.050000000000000024,28.698650331420136,15.1,0.29530984003311755,12,45,0.0,0.0,0.0,0.0,0.0,0.0,0.0,-0.5121354013681412,-0.5121354013681412,0.0,0.29530984003311755,0.0,0.4429647757177188,-0.09550420364910363,-0.36131954,78.07144590369666,0.20091763102264404,42161.45365821288,15477.49181707945,18133.894146820334,0.0,6507.7968448632055,449.9838817045297,1497.967905256911,3119.1230612568193,12414.31206602841,1156.089802156048,32.808036058367335,140.38236714014275,1196.663824187399,216.82267835454155,867.0845933944581,8.798651,0.35783318,0.519149,0.0036438596,0.0029940256,0.114379786,0.0486045,0.0,0.0020001652,0.999292,6.4524903E-4,5.844509E-4,1.1988886E-5,5.1306983E-5,0.0,0.0,0.0,3.3854200380068558,3.1484489784906717,0.2005832078440469,0.0,0.005141590930206934,0.013647507551499127,0.1571592438272351,0.0,0.15170855644842324,0.2055515231954382,0.0,8.828757522465792E-4,0.0,0.0747718228870449,0.18699076116266322,0.2617625840497081,0.004414378761232897,0.02564829523360662,0.10223503444950863,0.12788332968311525,0.013647507551499127,0.007771145501751864,0.030236927383391458,0.038008072885143324,0.008281498825319596,6.4897428,0.006513203658967105,768.4119617166864,69.1570793025571,0.01822546176765902,1.575,0.0,0.0,0.007573492960018438,0.0,0.0,0.0,0.0,0.0,0.0,0.0,0.0,7.382746000827938,7.382746000827938,6.072837221145148,3.6680981139284246,-0.100452594,-0.103056885,-0.105689265,-0.10792439,0.0,0.0,0.0,0.0,0.0,-0.3359982533314188,-0.3533754216643285,-0.37115185929748296,0.0,0.023760000243782997,0.023760000243782997,0.023760000243782997,0.0,0.0,0.0,0.0,0.0,0.0,0.0,0.0,0.0,0.0,0,0,0,0,0.0,0.0,0.0,0.0,0.0,0,0,0.9476998448371887,1.4209498065727728E-4,0.006128745782916667,0.0555432546164303,0.049414508833513636
2012-07-25T06:30:00,2012,207,6,0,"718f4615-e576-4fa4-80aa-6236231db38b",127.25000021606684,95.20386193191871,106.86482378437586,21.3695,0.788349986076355,5.538076924,400.0,1.1,0.0,[0.1956621639701276],[-0.050000000000000024],-0.050000000000000024,28.698650331420136,15.1,0.29530984003311755,12,45,0.0,0.0,0.0,0.0,0.0,0.0,0.0,-0.5018792003393173,-0.5018792003393173,0.0,0.29530984003311755,0.0,0.4429647757177188,-0.09551942349034873,-0.36131954,77.92880827683659,0.20082684159088132,42153.71151204468,15456.983039647526,18135.838185626868,0.0,6518.587543028024,449.99181523303673,1497.9918680103463,3119.40635350299,12415.05925073371,1147.0797834119967,32.81463483688172,140.38999727536083,1196.7361739873097,216.83578070401677,867.135338959913,8.753554,0.35765028,0.51956034,0.0036200173,0.0029788143,0.11418437,0.04842265,0.0,0.0020061957,0.9993017,6.3546706E-4,5.7558966E-4,1.1808835E-5,5.0528844E-5,0.0,0.0,0.0,3.3672087574924605,3.130711202731418,0.20018620354534783,0.0,0.0051310860189590374,0.013618921721400029,0.15605551205595933,0.0,0.1506335312455583,0.20466002952532453,0.0,8.739801542826768E-4,0.0,0.0740200042734971,0.1851105950918073,0.2591305993653044,0.004369900771413385,0.025595888019510966,0.10202389320863126,0.12761978122814222,0.013618921721400029,0.007590568386970271,0.029529352337725516,0.03711992072469579,0.008086389516700225,6.4875727,0.0064043025592731085,770.0335912993031,69.303025970792,0.01826727857828793,1.575,0.0,0.0,0.007446863768754742,0.0,0.0,0.0,0.0,0.0,0.0,0.0,0.0,7.382746000827938,7.382746000827938,6.072837221145148,3.6680981139284246,-0.10046774,-0.10307203,-0.10570442,-0.10793954,0.0,0.0,0.0,0.0,0.0,-0.3359982533314188,-0.3533754216643285,-0.37115185929748296,0.0,0.023760000243782997,0.023760000243782997,0.023760000243782997,0.0,0.0,0.0,0.0,0.0,0.0,0.0,0.0,0.0,0.0,0,0,0,0,0.0,0.0,0.0,0.0,0.0,0,0,0.9476998448371887,1.4209500784917274E-4,0.006004901511914795,0.05425167246197492,0.04824677095006012
2012-07-25T07:30:00,2012,207,7,0,"718f4615-e576-4fa4-80aa-6236231db38b",127.29166688397527,95.24415104155922,107.37807383273261,22.318,0.7875499725341797,72.39057692,400.0,1.1,0.0,[0.1956621639701276],[-0.050000000000000024],-0.050000000000000024,28.698650331420136,15.1,0.29530984003311755,12,45,1.3119796007516682,0.9493173772930901,0.45309060121235045,0.7285458486170682,0.0,0.039867908788852734,0.1618585819060077,-0.35318153103192645,-0.32877593211621414,-3.9386958149556524,0.6966106453803048,0.0,0.7765002857845894,-0.15789890919246877,-0.1578989,63.08537544180692,0.19771728109826975,42135.10606702834,15425.685431565435,18137.83230712514,0.0,6529.25166894766,450.00064169845484,1498.016959228686,3119.6963645646006,12415.824961076838,1133.3299615906012,32.82167265012263,140.3980774973392,1196.8119887889964,216.849497716599,867.1884216831027,9.532445,0.4131675,0.471511,0.0033921453,0.002810784,0.10726444,0.045387972,0.0,0.0018541296,0.99923515,6.961478E-4,6.305518E-4,1.2938281E-5,5.535351E-5,0.0,0.0,0.0,4.176546708961576,3.9384966165600854,0.2015041638427099,0.0,0.005164531553314522,0.013707008785077657,0.15973270197839198,0.0,0.154345601468381,0.20225941753149357,0.0,8.924467870889249E-4,0.0,0.075585582270781,0.1890258522317027,0.2646114345024837,0.004462233935444626,0.02576275067792957,0.10268678459923325,0.12844953527716282,0.013707008785077657,0.008098253200270187,0.031499144203517675,0.039597397403787864,0.008624400198636738,6.4561577,0.006644546282871567,771.6629470988679,69.44966799857987,0.01831401458611045,1.575,0.0,0.0,0.00772621694802414,0.0,0.03700474773680252,0.061979369981798794,0.17028544420631198,0.0,0.0,0.0,0.0,7.382746000827938,7.382746000827938,6.072837221145148,3.6680981139284246,-0.16363655,-0.16688843,-0.17008075,-0.17262273,0.0,-0.42927206592081424,-0.38978986504052804,-0.21966710549400298,0.0,-0.15789890919246877,-0.15789890919246877,-0.15789890919246877,0.0,0.023760000243782997,0.023760000243782997,0.023760000243782997,0.0,0.0,0.0,0.0,0.0,0.0,0.0,0.0,0.0,0.0,0,0,0,0,0.0,0.0,0.0,0.0,0.0,0,0,0.9476998448371887,1.420950336547997E-4,0.007163658618082991,0.057884608950927174,0.050720950332844184
2012-07-25T08:30:00,2012,207,8,0,"718f4615-e576-4fa4-80aa-6236231db38b",127.3333335518837,95.28580764996136,107.99380302410727,24.7775,0.6116499900817871,207.1025,400.0,1.1,0.0,[0.1956621639701276],[-0.050000000000000024],-0.050000000000000024,28.698650331420136,15.1,0.29530984003311755,12,45,5.853052577648715,4.130284799562772,0.7065405508925187,1.1079550784871075,0.0,0.03689921052383908,0.26325144295379044,0.10605441778898239,0.07891524667775364,2.2100783432795166,1.8148605159802782,3.3826877906337574E-4,2.095479859508417,-0.24577887457921727,-0.24577887,102.80704373030564,0.2031787497868069,42135.19568488133,15412.916395319331,18139.954192733014,0.0,6539.947046435689,450.0126776450993,1498.046316299323,3120.0056424618037,12416.649084627606,1127.7202046802859,32.830188933723605,140.4079756025265,1196.906593929988,216.8666431839747,867.2548283690812,7.599258,0.2548613,0.5931927,0.0044991677,0.003821754,0.14126022,0.05990542,0.0,0.0023648343,0.9990462,8.684871E-4,7.866507E-4,1.6143738E-5,6.905651E-5,0.0,0.0,0.0,2.1788331724832997,1.936756728241485,0.20491632936140705,0.0,0.005251652063013095,0.01393747650467003,0.16722488027123986,0.0,0.16178391337917725,0.20285214534321228,0.0,9.331414399912136E-4,0.0,0.0790338679628489,0.19764938581907235,0.27668325378192127,0.004665707199956069,0.02619727845162426,0.10441641685543915,0.1306136953070634,0.01393747650467003,0.009805716510517237,0.0381340654880558,0.04793978199857304,0.010439310615475835,9.269984,0.007418443907387565,773.3009289963791,69.59708637521375,0.0183528500681403,1.575,0.0,0.0,0.008626097946367801,0.0,0.033924799732880886,0.07798929468856693,0.27743446858257337,0.0,0.0,0.0,0.0,7.382746000827938,7.382746000827938,6.072837221145148,3.6680981139284246,-0.25482357,-0.2608175,-0.2665062,-0.2704826,0.0,-0.39199629757382154,-0.22300221590400954,0.6029961432941093,0.0,-0.24577887457921724,-0.24577887457921727,-0.24577887457921727,0.0,0.023760000243782997,0.023760000243782997,0.035437367111444476,0.0,0.0,0.0,0.0,0.0,0.0,0.0,0.0,0.0,0.0,0,0,0,0,0.0,0.0,0.0,0.0,0.0,0,0,0.9476998448371887,1.4209507171098328E-4,0.007124608600861393,0.07007628785068745,0.06295167924982606
2012-07-25T09:30:00,2012,207,9,0,"718f4615-e576-4fa4-80aa-6236231db38b",127.37500021979213,95.3257599410281,108.73580306974455,27.808,0.469650000333786,462.4653846,400.0,1.1,0.0,[0.1956621639701276],[-0.050000000000000024],-0.050000000000000024,28.698650331420136,15.1,0.29530984003311755,12,45,12.899153740475134,9.105291676001332,0.6973037426158929,1.0938105951284414,0.0,0.03875886875490769,0.2582213363390046,0.7787282305459181,0.7696407699002391,12.418708590742987,3.76835561844762,9.154234962111858E-4,3.977206834994809,-0.29037253151077674,-0.32434928,138.06417129265654,0.20680488645551265,42160.09652060987,15424.973173670423,18142.069448184335,0.0,6550.624587564684,450.02942258411497,1498.0808341758313,3120.3155994378785,12417.48860307714,1133.0170488874446,32.840799900458,140.42039679424775,1197.026534148772,216.88840038004548,867.3391275978147,6.9223213,0.1834031,0.65011525,0.005107677,0.004586181,0.15413791,0.06650693,0.0,0.0026498744,0.9988548,0.0010429708,9.446911E-4,1.9390598E-5,8.2929604E-5,0.0,0.0,0.0,1.5167016231013788,1.2695752299528293,0.2091953279162377,0.0,0.005361018844968671,0.014226763824908424,0.16208939356031585,0.0,0.15668766728017264,0.20251385492760077,0.0,9.014183928631945E-4,0.0,0.07634860037493317,0.19093401377833352,0.2672826141532667,0.004507091964315974,0.026742480244884067,0.10658697220366826,0.13332945244855232,0.014226763824908424,0.012227277752579209,0.04754299957418169,0.0597702773267609,0.013013165126940961,15.677242,0.008349219920421827,774.9486192895738,69.74537850749387,0.018381092152166725,1.575,0.0,0.0,0.00970839568357489,0.0,0.03580939595678911,0.0786763386194145,0.27194953764308966,0.0,0.0,0.0,0.0,7.382746000827938,7.382746000827938,6.072837221145148,3.6680981139284246,-0.30526346,-0.3161284,-0.32632485,-0.33293116,0.0,-0.28559681368436224,0.12066480041284752,1.9219640956409136,0.0,-0.29249387960419954,-0.3047219371373202,-0.3483545425287026,0.0,0.023760000243782997,0.028514715377241373,0.05178593173623085,0.0,0.0,0.0,0.0,0.0,0.0,0.0,0.0,0.0,0.0,0,0,0,0,0.0,0.0,0.0,0.0,0.0,0,0,0.9476998448371887,1.420951239963744E-4,0.0077938196627656,0.08737163586676941,0.07957781620400381
2012-07-25T10:30:00,2012,207,10,0,"718f4615-e576-4fa4-80aa-6236231db38b",127.41666688770056,95.35807235075515,109.62438643846069,31.326,0.42410001158714294,686.8653846,400.0,1.1,0.0,[0.1956621639701276],[-0.050000000000000024],-0.050000000000000024,28.698650331420136,15.1,0.29530984003311755,12,45,19.061491275695886,13.64530175531003,0.6937855547487101,1.0705132834546343,0.0,0.049122538772703436,0.24471724110336696,1.2743237139754153,1.1071008850465494,17.157065135808054,4.804389691728108,9.919785305548565E-4,5.156679592747294,-0.30210554626367425,-0.39799616,246.88192323020417,0.2107687794466711,42197.99760680998,15450.231159505078,18143.91914763566,0.0,6561.354155788398,450.0527339656036,1498.121357513575,3120.5905379425103,12418.259388223214,1144.1135136358987,32.854267695034395,140.43627351127873,1197.1813013689373,216.91649940737568,867.4480348508926,5.892798,0.05665066,0.76741725,0.0058862106,0.0059007118,0.16095734,0.07302282,0.0,0.0031878147,0.9985184,0.001348892,0.0012217823,2.5083784E-5,1.0725303E-4,0.0,0.0,0.0,0.586947257729092,0.33383090216723216,0.21427014163547703,0.0,0.005490901666842227,0.014570164248938913,0.13320835491808067,0.0,0.1279514886139858,0.20350061839545247,0.0,7.346303397514456E-4,0.0,0.06222289668621839,0.15560818520736855,0.21783108189358694,0.003673151698757229,0.02738940033378558,0.10916290320287184,0.13655230353665743,0.014570164248938913,0.015534247004829787,0.06039107398898064,0.07592532099381043,0.01652838886197797,19.057196,0.009434604296211716,776.6072800533632,69.89465798216675,0.018403889380950937,1.575,0.0,0.0,0.010970470594688956,0.0,0.04538482293476001,0.08451319661726397,0.25776628479661723,0.0,0.0,0.0,0.0,7.382746000827938,7.382746000827938,6.072837221145148,3.6680981139284246,-0.32011524,-0.33353418,-0.34582338,-0.3532851,0.0,-0.13190281454893552,0.4051401189516139,2.4120717176797886,0.0,-0.3491079141561026,-0.37762827446238983,-0.4270274225810814,0.0,0.023760000243782997,0.029013241175562143,0.04844849333167076,0.0,0.0,0.0,0.0,0.0,0.0,0.0,0.0,0.0,0.0,0,0,0,0,0.0,0.0,0.0,0.0,0.0,0,0,0.9476998448371887,1.42095196242842E-4,0.008580761852499563,0.11098983910448827,0.10240907725198871
2012-07-25T11:30:00,2012,207,11,0,"718f4615-e576-4fa4-80aa-6236231db38b",127.45833355560899,95.38825137084812,110.53965727109677,31.9665,0.3882499933242798,969.5230769,400.0,1.1,0.0,[0.1956621639701276],[-0.050000000000000024],-0.050000000000000024,28.698650331420136,15.1,0.29530984003311755,12,45,30.315445353711954,21.972547501924616,0.7817102572391578,1.2071444272965537,0.0,0.10063298948422936,0.2433381352542519,2.5779497673114142,2.521066147355945,35.8995474097046,7.20512036358626,0.0013840291347655205,7.305525233987476,-0.331851899381989,-0.45525894,377.0560932517199,0.214309705954607,42279.351865099976,15518.850678491799,18145.70031379911,0.0,6572.241125091594,450.07740837207064,1498.1632889480916,3120.8563134976016,12419.01235312944,1174.259784145215,32.86835873716018,140.45297976533902,1197.3453228845838,216.9462980987372,867.5635581320716,5.593771,0.0,0.82030094,0.0061104926,0.0063275103,0.16388828,0.075344905,0.0,0.0033728133,0.99856144,0.0013095551,0.0011861487,2.435912E-5,1.0412358E-4,0.0,0.0,0.0,0.2542508375704982,0.0,0.21523405171012971,0.0,0.005515716178069963,0.014634324038500545,0.1258000162234106,0.0,0.12052074665786808,0.20648594048325417,0.0,6.906931103590894E-4,0.0,0.058501597538401916,0.14630188734619576,0.20480348488459768,0.0034534655517954476,0.02751115302260013,0.10964605442806241,0.13715720745066254,0.014634324038500545,0.016267718871297222,0.06323374108266988,0.0795014599539671,0.017306851736886734,25.56375,0.009650380884678175,778.2771621907681,70.04494738050515,0.018407972872290096,1.575,0.0,0.0,0.01122137361557602,0.0,0.09254838189559719,0.1263122948035099,0.2561864847060113,0.0,0.0,0.0,0.0,7.382746000827938,7.382746000827938,6.072837221145148,3.6680981139284246,-0.35720754,-0.3767197,-0.3944395,-0.40508023,0.0,1.049141841038969,1.6932190303749939,4.066498424730892,0.0,-0.3837048493066173,-0.4212201953148305,-0.49451930344878664,0.0,0.036830026656389236,0.04232130013406277,0.06735953614115715,0.0,0.0,0.0,0.0,0.0,0.0,0.0,0.0,0.0,0.0,0,0,0,0,0.0,0.0,0.0,0.0,0.0,0,0,0.9476998448371887,1.420952765873204E-4,0.007907769242592622,0.11622251173616385,0.10831474249357123
2012-07-25T12:30:00,2012,207,12,0,"718f4615-e576-4fa4-80aa-6236231db38b",127.50000022351742,95.4102375112159,111.53749071173337,33.948,0.32615000009536743,2056.280769,400.0,1.1,0.0,[0.1956621639701276],[-0.050000000000000024],-0.050000000000000024,28.698650331420136,15.1,0.29530984003311755,12,45,65.40830059190804,48.328645439818885,0.7952257976876022,1.247551809856948,0.0,0.11529282586221656,0.2432886193861174,5.788798272609711,5.60424505249982,77.55984297900959,11.495770989231815,0.0018741153462158808,11.686601947613614,-0.4996947621514308,-0.5494784,495.17606138012485,0.22019598432374654,42410.06878301301,15637.068850013382,18147.161178179154,0.0,6583.205039403671,450.1058612464667,1498.2088057499059,3121.0789104602504,12419.671184329483,1226.195982918279,32.8843344027621,140.47207923205343,1197.53467973372,216.98073040799915,867.6970990255463,5.483159,0.0,0.8427634,0.005720918,0.00675275,0.14127561,0.06931881,0.0,0.003487298,0.9986528,0.0012262599,0.0011106996,2.2816397E-5,9.7498974E-5,0.0,0.0,0.0,0.25771764621620147,0.0,0.218172262203697,0.0,0.0055911902866866035,0.01483278415060288,0.09396132850850701,0.0,0.08883175467399518,0.20794530553533447,0.0,5.085670448377488E-4,0.0,0.04307553028613981,0.1077240879527446,0.1507996182388844,0.002542835224188744,0.02788532546509454,0.11113532325963836,0.1390206487247329,0.01483278415060288,0.018472246117325387,0.07179351219281832,0.0902657583101437,0.019650780485734452,25.56375,0.010300924971989917,779.959022148435,70.19631478270998,0.01839089264719233,1.575,0.0,0.0,0.011977820262020733,0.0,0.10736413234046001,0.1377282473430252,0.2556966570193046,0.0,0.0,0.0,0.0,7.382746000827938,7.382746000827938,6.072837221145148,3.6680981139284246,-0.5398428,-0.57167083,-0.60026354,-0.6172228,0.0,3.2756997350233283,4.348827939207948,8.005705933619215,0.0,-0.5017440477767899,-0.5198000184977253,-0.5839854887188266,0.0,0.04966433842976888,0.05823733564466238,0.0886678233742714,0.0,0.0,0.0,0.0,0.0,0.0,0.0,0.0,0.0,0.0,0,0,0,0,0.0,0.0,0.0,0.0,0.0,0,0,0.9476998448371887,1.4209537525165238E-4,0.007258376626850804,0.13195642411440273,0.12469804748755192
2012-07-25T13:30:00,2012,207,13,0,"718f4615-e576-4fa4-80aa-6236231db38b",127.54166689142585,95.42316329534009,112.60609489498813,35.6465,0.27970001101493835,2104.469231,400.0,1.1,0.0,[0.1956621639701276],[-0.050000000000000024],-0.050000000000000024,28.698650331420136,15.1,0.29530984003311755,12,45,66.81632715899337,49.27720708887414,0.7937432177048703,1.24577122162279,0.0,0.11598623833747031,0.24229649587046,5.52001424630483,5.0633686119577535,69.07687078139307,11.46707829914791,0.0016733137387684785,11.670832087631346,-0.4985723535322219,-0.75795805,588.3028421376267,0.22313739077606198,42486.09204904637,15701.16396011992,18148.23698343388,0.0,6593.9772513244525,450.1380027848473,1498.2568049363883,3121.2488494773734,12420.209473648094,1254.3545674745192,32.901903621586015,140.49316341175268,1197.7445455922068,217.0189061701925,867.8451768166483,5.2337337,0.0,0.8674893,0.0055533745,0.007286935,0.11597467,0.062879704,0.0,0.003695722,0.9986031,0.0012717239,0.0011518754,2.3670078E-5,1.0111153E-4,0.0,0.0,0.0,0.26072820905741956,0.0,0.2207235034916483,0.0,0.005656994678295697,0.015005285798111289,0.05737125983847621,0.0,0.05253051518824799,0.2043094131710532,0.0,3.0053546864925487E-4,0.0,0.02545498942478796,0.06365830995672996,0.08911329938151791,0.0015026773432462747,0.028210416910081235,0.1124293858878394,0.14063980279792065,0.015005285798111289,0.020331295245665206,0.07901124106734392,0.09934253631300913,0.021629917808529867,25.56375,0.010830412673572508,781.6534756097651,70.34881560028953,0.018397867111604817,1.575,0.0,0.0,0.012593503663050456,0.0,0.10732036273429656,0.13805581195897695,0.2551024138417569,0.0,0.0,0.0,0.0,7.382746000827938,7.382746000827938,6.072837221145148,3.6680981139284246,-0.53862363,-0.5702961,-0.5981939,-0.61366177,0.0,3.158856595453335,4.255974977859672,6.851990729138871,0.0,-0.6557991905745006,-0.7259066755723815,-0.7896015277383098,0.0,0.04419615988930067,0.05657065473496914,0.0667717732489109,0.0,0.0,0.0,0.0,0.0,0.0,0.0,0.0,0.0,0.0,0,0,0,0,0.0,0.0,0.0,0.0,0.0,0,0,0.9476998448371887,1.4209548722603067E-4,0.007185042974015232,0.14523442008188808,0.13804937710787285
2012-07-25T14:30:00,2012,207,14,0,"718f4615-e576-4fa4-80aa-6236231db38b",127.58333355933428,95.44105631551533,113.63780332519019,34.761,0.25209999084472656,1838.713461,400.0,1.1,0.0,[0.1956621639701276],[-0.050000000000000024],-0.050000000000000024,28.698650331420136,15.1,0.29530984003311755,12,45,52.92356836510476,38.22948559805733,0.7195733523417212,1.1235899431193828,0.0,0.07215944977089375,0.2419661437498277,4.171803668141365,4.024626085605455,57.76618291505545,10.275148818995067,0.0015616476416560638,10.459936073478493,-0.45194612510607357,-0.73908734,582.7069970895016,0.22421405340576422,42519.51201705322,15722.406563173314,18149.5348540563,0.0,6604.779164689046,450.1685354241253,1498.3038552148544,3121.4492892834633,12420.819313691882,1263.6869741632584,32.918695247391796,140.51334191377038,1197.9456263465597,217.05548785125603,867.9870736926302,5.3425922,0.0,0.8521569,0.005743146,0.0070530274,0.13144818,0.06707546,0.0,0.0035987948,0.99874103,0.0011461155,0.0010381007,2.133984E-5,9.1122434E-5,0.0,0.0,0.0,0.25919763968484144,0.0,0.21942944611679277,0.0,0.005624499775048793,0.01491680056533248,0.07790681547894046,0.0,0.0729372789938879,0.20487274079590234,0.0,4.1680891181028023E-4,0.0,0.03530235669329924,0.08828478680828052,0.12358714350157976,0.0020840445590514017,0.028044502225643766,0.11176712025780475,0.13981162248344853,0.01491680056533248,0.019434841977438142,0.07552321197832434,0.09495805395576248,0.020680602797042348,25.56375,0.010551194999278599,783.3601979030295,70.50242061278703,0.018423546290673533,1.575,0.0,0.0,0.012268831934466278,0.0,0.06683721303865459,0.10270233576341298,0.2546865157909426,0.0,0.0,0.0,0.0,7.382746000827938,7.382746000827938,6.072837221145148,3.6680981139284246,-0.4877313,-0.5160453,-0.5421337,-0.55788505,0.0,1.452201200426743,2.555407225130913,6.743456105092315,0.0,-0.6335771323729796,-0.6960394017715413,-0.7872065294795552,0.0,0.034131436298290886,0.04066267888993025,0.0686823733150959,0.0,0.0,0.0,0.0,0.0,0.0,0.0,0.0,0.0,0.0,0,0,0,0,0.0,0.0,0.0,0.0,0.0,0,0,0.9476998448371887,1.42095595208223E-4,0.006610065021959599,0.1388387967118039,0.1322287316898443
2012-07-25T15:30:00,2012,207,15,0,"718f4615-e576-4fa4-80aa-6236231db38b",127.62500022724271,95.44812454939688,114.74547000960911,36.584,0.23634999990463257,2006.329474,400.0,1.1,0.0,[0.1956621639701276],[-0.050000000000000024],-0.050000000000000024,28.698650331420136,15.1,0.29530984003311755,12,45,57.449087088097194,41.0232688851299,0.7158481175771382,1.116750294225971,0.0,0.036346550082939084,0.2659778390710224,3.8321179106909162,3.688833110630167,55.34884966925959,10.74003615408282,0.001431529674864134,10.815523632886531,-0.47013171698810785,-0.68384475,681.6062911062036,0.22523792655114042,42533.61985311784,15724.741772731531,18150.355574715562,0.0,6615.647610481778,450.20279788589266,1498.3530547751106,3121.584152065822,12421.276087671295,1264.7128901136682,32.93713219061469,140.53552580559176,1198.1669347889638,217.09575370026914,868.1432589512831,5.1626573,0.0,0.88728887,0.0053161155,0.007485151,0.096139416,0.057091873,0.0,0.0037704443,0.99862146,0.0012558976,0.0011375328,2.3391913E-5,9.98483E-5,0.0,0.0,0.0,0.2624444639634751,0.0,0.22218035519205354,0.0,0.005695554413532228,0.015103043071996948,0.03362240268022166,0.0,0.028876690711344608,0.20613461732133165,0.0,1.6494269506968451E-4,0.0,0.013969863592257176,0.03493609257399438,0.048905956166251555,8.247134753484228E-4,0.028395295473900923,0.11316380399993592,0.14155909947383685,0.015103043071996948,0.021344222812695376,0.08293649462456812,0.1042807174372635,0.022715509938706257,25.56375,0.011092869488716156,785.0798188823137,70.65718650707245,0.01845786513335674,1.575,0.0,0.0,0.012898686019671942,0.0,0.03362053630099188,0.07822952054254317,0.28003332877012405,0.0,0.0,0.0,0.0,7.382746000827938,7.382746000827938,6.072837221145148,3.6680981139284246,-0.5075625,-0.53740436,-0.565532,-0.58278495,0.0,0.2763381492431009,1.7118650315060213,7.317904550761722,0.0,-0.5747890631782367,-0.6362428660254369,-0.7368341395359459,0.0,0.028285049522916477,0.03519847709685564,0.06573592573404312,0.0,0.0,0.0,0.0,0.0,0.0,0.0,0.0,0.0,0.0,0,0,0,0,0.0,0.0,0.0,0.0,0.0,0,0,0.9476998448371887,1.420957147866206E-4,0.006999258846917655,0.1524865517920372,0.14548729294511956
2012-07-25T16:30:00,2012,207,16,0,"718f4615-e576-4fa4-80aa-6236231db38b",127.66666689515114,95.45538013084149,115.85194921052299,36.5555,0.2528499960899353,1669.674811,400.0,1.1,0.0,[0.1956621639701276],[-0.050000000000000024],-0.050000000000000024,28.698650331420136,15.1,0.29530984003311755,12,45,52.97444633824834,37.970728996735346,0.7931850859407906,1.2634106535988667,0.0,0.12314122366974867,0.24164247939903388,4.109786252180736,4.0175318436761716,55.60062037758095,10.44454187197313,0.0014787261098540214,10.556765748685983,-0.45857248959614805,-0.71079075,679.8377855268026,0.22528457795427903,42574.198435201804,15753.564821873297,18151.18463662253,0.0,6626.490685458459,450.2370335560525,1498.4022171306856,3121.720133934961,12421.735429078846,1277.3755763166894,32.95553794245296,140.5576748656237,1198.3878391472645,217.135945066977,868.2991505946925,5.155677,0.0,0.88641614,0.0053382027,0.0074921665,0.096978694,0.05737931,0.0,0.003774821,0.99862313,0.0012541133,0.0011359123,2.336744E-5,9.970375E-5,0.0,0.0,0.0,0.2624176394772081,0.0,0.2221587072740806,0.0,0.00569583571282675,0.015101338966181058,0.034399334673431134,0.0,0.02965992649243457,0.20565342584668936,0.0,1.693320510701385E-4,0.0,0.014341164389289339,0.035864647659551156,0.0502058120488405,8.466602553506927E-4,0.02839230073449102,0.11315119176721831,0.14154349250170933,0.015101338966181058,0.021303625165149647,0.08277623749753131,0.10407986266268096,0.022679190658108868,25.56375,0.011059752304368762,786.812300039262,70.81310981739364,0.018480965677763618,1.575,0.0,0.0,0.012860177664084855,0.0,0.11378738383712164,0.14366706595118228,0.2545343606193203,0.0,0.0,0.0,0.0,7.382746000827938,7.382746000827938,6.072837221145148,3.6680981139284246,-0.49495357,-0.523534,-0.54875165,-0.5635571,0.0,2.3688098867394483,3.1300008712509744,5.716789795778363,0.0,-0.6166383951493518,-0.6766619883906351,-0.7501314193476333,0.0,0.038181912153959274,0.041513169184327126,0.05722169354557991,0.0,0.0,0.0,0.0,0.0,0.0,0.0,0.0,0.0,0.0,0,0,0,0,0.0,0.0,0.0,0.0,0.0,0,0,0.9476998448371887,1.4209583392360342E-4,0.00697982656856766,0.15221166619929477,0.1452318396307271
2012-07-25T17:30:00,2012,207,17,0,"718f4615-e576-4fa4-80aa-6236231db38b",127.70833356305957,95.4661398308251,116.93549095398652,36.005,0.26589998602867126,725.1306192,400.0,1.1,0.0,[0.1956621639701276],[-0.050000000000000024],-0.050000000000000024,28.698650331420136,15.1,0.29530984003311755,12,45,26.013547301242596,19.235830356471187,0.8968572906886082,1.4737444726926197,0.0,0.1966814991386425,0.243927015108514,1.9501386384169261,1.9017880173885506,25.633723930580548,7.5762002596578615,9.39848291434586E-4,7.691693244781066,-0.3463679058124762,-0.66085213,603.3618655159182,0.22315599928410662,42602.33321033116,15769.849005591277,18152.164830240785,0.0,6637.279390956991,450.270395482844,1498.4505494768357,3121.8766735066706,12422.241929846577,1284.5296254070142,32.97339848608119,140.57911506325905,1198.601038752132,217.17472390004798,868.4495356495479,5.1999774,0.0,0.8744576,0.0055455216,0.0073641133,0.10890403,0.06079274,0.0,0.0037287462,0.9985692,0.0013033136,0.0011804713,2.4293266E-5,1.0361248E-4,0.0,0.0,0.0,0.26146574003372414,0.0,0.22135392184475802,0.0,0.005676030079852685,0.015046392590565281,0.04866465512407301,0.0,0.04386729131299388,0.20462223594285248,0.0,2.502030123490761E-4,0.0,0.021189666342244933,0.05299150611985203,0.07418117246209696,0.0012510150617453808,0.02828920896244748,0.11273965183340966,0.14102886079585714,0.015046392590565281,0.020655484569731316,0.08025535588823918,0.1009108404579705,0.021995817931803396,25.56375,0.010841276799092147,788.557387332578,70.97016768003299,0.018509723010695363,1.575,0.0,0.0,0.012606136367699028,0.0,0.18273267922114758,0.202991485154151,0.25669742144057844,0.0,0.0,0.0,0.0,7.382746000827938,7.382746000827938,6.072837221145148,3.6680981139284246,-0.3729415,-0.3932118,-0.4103942,-0.42030612,0.0,1.4586524387963757,1.7053916236677509,2.3247864795204953,0.0,-0.5900733668255147,-0.6377831301777012,-0.6911019774829963,0.0,0.03359835967421532,0.034805542789399624,0.038101707398891446,0.0,0.0,0.0,0.0,0.0,0.0,0.0,0.0,0.0,0.0,0,0,0,0,0.0,0.0,0.0,0.0,0.0,0,0,0.9476998448371887,1.4209594684830092E-4,0.007315984406886855,0.14760391596851075,0.1402879315616239
2012-07-25T18:30:00,2012,207,18,0,"718f4615-e576-4fa4-80aa-6236231db38b",127.750000230968,95.48119552095922,117.98876180217941,35.2785,0.29179999232292175,427.4338115,400.0,1.1,0.0,[0.1956621639701276],[-0.050000000000000024],-0.050000000000000024,28.698650331420136,15.1,0.29530984003311755,12,45,11.304416476838783,7.8810236635154025,0.6611793552999482,1.024333209477692,0.0,0.03462906837109064,0.2430522089440408,0.12917210161685944,0.14146643833747255,3.928504632152073,5.681019816501845,1.920872170766093E-4,5.851918519587329,-0.30924616045634357,-0.49601,86.97018945121997,0.20654162557731787,42597.29885836289,15753.111721591747,18153.279631522637,0.0,6647.7914552958055,450.30128468348994,1498.4957288124604,3122.0496427081066,12422.775703698675,1277.176518033314,32.990155917711455,140.59873379778793,1198.7901364529994,217.20902167110353,868.5823002566494,8.751919,0.4111859,0.506239,0.00340838,0.004254834,0.07270733,0.038317487,0.0,0.0022045737,0.99854934,0.0013213106,0.0011967676,2.4637688E-5,1.0504056E-4,0.0,0.0,0.0,3.8588740632290395,3.5986657268822233,0.22029085578852858,0.0,0.005649504066365635,0.014973724787523521,0.06448008523258075,0.0,0.059709943362410985,0.1993753661804921,0.0,3.395781772699418E-4,0.0,0.02875806730518298,0.07191870042240246,0.10067676772758544,0.0016978908863497092,0.028152926286874998,0.11219564761806809,0.1403485739049431,0.014973724787523521,0.01930838888879648,0.07501781906714823,0.09432620795594471,0.02056634433371253,21.913797,0.010377858045606859,790.3145419032222,71.12831159767505,0.01855316095349234,1.575,0.0,0.0,0.012067277328303056,0.0,0.032339115505649524,0.07217701115570363,0.2560724545502051,0.0,0.0,0.0,0.0,7.382746000827938,7.382746000827938,6.072837221145148,3.6680981139284246,-0.32989806,-0.34540772,-0.35907406,-0.36725596,0.0,-0.7173926714901525,-0.3926183159975281,1.084049707702048,0.0,-0.43809829134483086,-0.4735323942069294,-0.5235484036285933,0.0,0.023760000243782997,0.025354356970638037,0.033133527636528014,0.0,0.0,0.0,0.0,0.0,0.0,0.0,0.0,0.0,0.0,0,0,0,0,0.0,0.0,0.0,0.0,0.0,0,0,0.9476998448371887,1.4209602790183872E-4,0.012483298844017554,0.13805443476596113,0.12557113592194358
2012-07-25T19:30:00,2012,207,19,0,"718f4615-e576-4fa4-80aa-6236231db38b",127.79166689887643,95.50937497719252,118.92663678308233,32.509,0.3183499872684479,150.2450061,400.0,1.1,0.0,[0.1956621639701276],[-0.050000000000000024],-0.050000000000000024,28.698650331420136,15.1,0.29530984003311755,12,45,5.375617058836632,3.975047208285995,0.8944751639962545,1.469838910112624,0.0,0.19538108179342673,0.24345837117241778,-0.22894876659847796,-0.20262100018801654,-2.305751878254239,3.957320831751782,0.0,4.538531899612283,-0.2941257425238725,-0.41802827,115.30785648110626,0.2093079673655452,42586.162525907086,15729.641647803135,18154.964265714152,0.0,6658.373084858544,450.3267674681454,1498.5377256668708,3122.300373866757,12423.490847904653,1266.8655277530984,33.004555319197465,140.61567717099808,1198.9545165618065,217.23885388282326,868.697815754038,7.781849,0.30247435,0.5731135,0.004334034,0.004571264,0.1130735,0.05246538,0.0,0.0024333664,0.9987295,0.0011565932,0.0010475719,2.1573858E-5,9.1944305E-5,0.0,0.0,0.0,2.6092138621678123,2.3538096470682164,0.21622546083972322,0.0,0.005545848980627064,0.014696815106138135,0.11764056769865378,0.0,0.11254167702101896,0.200694763736106,0.0,6.39007039054691E-4,0.0,0.054114892893136715,0.13533151037253993,0.18944640326567663,0.003195035195273456,0.02763273608991886,0.11012145021193864,0.1377541863018575,0.014696815106138135,0.01659714114059201,0.06447990760712423,0.08107704874771623,0.0176810374103578,16.210276,0.009576406587175377,792.0828318308534,71.28745769748575,0.01859953526803439,1.575,0.0,0.0,0.011135356986787139,0.0,0.17964860584525202,0.20357500391518313,0.2559581769197157,0.0,0.0,0.0,0.0,7.382746000827938,7.382746000827938,6.072837221145148,3.6680981139284246,-0.30958575,-0.32074472,-0.33032468,-0.33610126,0.0,-0.2870525934908151,-0.23192409367047429,-0.1285195694203711,0.0,-0.3812104709620383,-0.4069796165077925,-0.43200340834184126,0.0,0.023760000243782997,0.023760000243782997,0.023760000243782997,0.0,0.0,0.0,0.0,0.0,0.0,0.0,0.0,0.0,0.0,0,0,0,0,0.0,0.0,0.0,0.0,0.0,0,0,0.9476998448371887,1.4209610185216535E-4,0.00971593617941835,0.1186680743809171,0.10895213820149875
2012-07-25T20:30:00,2012,207,20,0,"718f4615-e576-4fa4-80aa-6236231db38b",127.83333356678486,95.54575796429482,119.75274097182569,29.8265,0.3889999985694885,66.385,400.0,1.1,0.0,[0.1956621639701276],[-0.050000000000000024],-0.050000000000000024,28.698650331420136,15.1,0.29530984003311755,12,45,1.1366091384525814,0.8158541128520009,0.4280368827493339,0.6827631014804221,0.0,0.022588113075635113,0.1624005597696253,-0.6781935046116511,-0.6568210860395475,-8.166491548273083,3.039912560241185,0.0,3.191291818161076,-0.2796157645351064,-0.37589148,39.38474013767032,0.19235530892179067,42548.018039653165,15679.408254666683,18156.891459870116,0.0,6668.479859699417,450.34615331330673,1498.5732799075065,3122.58039528757,12424.255565102023,1244.7967420715004,33.01631200826146,140.62899763048088,1199.0765784919674,217.26089212042166,868.7828467379661,13.511807,0.6043653,0.31526083,0.0025697576,0.0024309515,0.073996946,0.032394156,0.0,0.0013762359,0.99890083,0.0010010581,9.066947E-4,1.8678262E-5,7.9578596E-5,0.0,0.0,0.0,8.416909261679423,8.16606701791531,0.21236637844618858,0.0,0.005447099393993949,0.014433333017396823,0.1460558148711137,0.0,0.1409991712027806,0.1916885085418109,0.0,7.968990340706218E-4,0.0,0.06748590881652924,0.16876998691416262,0.23625589573069186,0.0039844951703531094,0.027138284519830577,0.10814914389837003,0.1352874284182006,0.014433333017396823,0.013544852478043852,0.052615412784573955,0.06616026526261781,0.01442871838703982,13.239196,0.00855724721297935,793.8610720463793,71.44749932324257,0.018658003559802253,1.575,0.0,0.0,0.009950287894868947,0.0,0.020933333345064344,0.04855982673263655,0.17057854602116468,0.0,0.0,0.0,0.0,7.382746000827938,7.382746000827938,6.072837221145148,3.6680981139284246,-0.29231903,-0.3012363,-0.30898777,-0.31382462,0.0,-0.7398866694095965,-0.7119107332860548,-0.5629100182203122,0.0,-0.34850986929395655,-0.36789252727469757,-0.38600702887509264,0.0,0.023760000243782997,0.023760000243782997,0.023760000243782997,0.0,0.0,0.0,0.0,0.0,0.0,0.0,0.0,0.0,0.0,0,0,0,0,0.0,0.0,0.0,0.0,0.0,0,0,0.9476998448371887,1.4209613335703795E-4,0.014601360278902575,0.09689897063835087,0.0822976103594483
2012-07-25T21:30:00,2012,207,21,0,"718f4615-e576-4fa4-80aa-6236231db38b",127.87500023469329,95.58577007293027,120.49274100341614,27.76,0.47404998540878296,13.70134615,400.0,1.1,0.0,[0.1956621639701276],[-0.050000000000000024],-0.050000000000000024,28.698650331420136,15.1,0.29530984003311755,12,45,0.0,0.0,0.0,0.0,0.0,0.0,0.0,-0.7507781684398651,-0.7507781684398651,0.0,0.29530984003311755,0.0,0.4429647757177188,-0.09602222004677707,-0.37589148,83.70169050816763,0.20473583384636385,42539.681155910934,15658.518426666787,18159.02412148338,0.0,6678.849164632884,450.36301580807555,1498.607397161333,3122.888698643287,12425.089289949545,1235.6193182848392,33.026804023708834,140.64124125847619,1199.1940216856694,217.28218478166207,868.8652144194655,8.918425,0.37921667,0.49004096,0.004081109,0.003544129,0.12106102,0.051476955,0.0,0.0020561148,0.9990472,8.6752314E-4,7.857447E-4,1.6190812E-5,6.8962814E-5,0.0,0.0,0.0,3.629409279181504,3.382015091776322,0.20945089105495232,0.0,0.005372295853408438,0.01423369674989497,0.1645957618164049,0.0,0.1593260611047289,0.19666774303441142,0.0,8.993064220223839E-4,0.0,0.07615906824187298,0.19045997733731587,0.26661904557918886,0.004496532110111921,0.02676407094312278,0.10665567071994769,0.13341974166307047,0.01423369674989497,0.012091556219709582,0.04696299116036901,0.05905454738007859,0.012877816350955204,6.4166956,0.008089451622443436,795.648718601415,71.6083875195889,0.018703683172549092,1.575,0.0,0.0,0.009406339509841283,0.0,0.0,0.0,0.0,0.0,0.0,0.0,0.0,7.382746000827938,7.382746000827938,6.072837221145148,3.6680981139284246,-0.10096005,-0.10355646,-0.10618249,-0.10841443,0.0,0.0,0.0,0.0,0.0,-0.34850986929395655,-0.36789252727469757,-0.38600702887509264,0.0,0.023760000243782997,0.023760000243782997,0.023760000243782997,0.0,0.0,0.0,0.0,0.0,0.0,0.0,0.0,0.0,0.0,0,0,0,0,0.0,0.0,0.0,0.0,0.0,0,0,0.9476998448371887,1.4209618179496987E-4,0.008352009746886324,0.08647014588223251,0.07811813613534618
2012-07-25T22:30:00,2012,207,22,0,"718f4615-e576-4fa4-80aa-6236231db38b",127.91666690260172,95.62663413116968,121.1985535581475,26.9395,0.499099999666214,0.251730769,400.0,1.1,0.0,[0.1956621639701276],[-0.050000000000000024],-0.050000000000000024,28.698650331420136,15.1,0.29530984003311755,12,45,0.0,0.0,0.0,0.0,0.0,0.0,0.0,-0.7136266231536865,-0.7136266231536865,0.0,0.29530984003311755,0.0,0.4429647757177188,-0.09607331973361824,-0.37589148,83.65768299600504,0.20438867574285585,42531.41246987947,15637.538248111241,18161.18523055205,0.0,6689.351259111433,450.37852317447005,1498.640180803169,3123.1997817939027,12425.926326777615,1226.4022012398818,33.03670802332831,140.65279157958847,1199.30473378276,217.30225600543992,868.9428375420175,8.956619,0.3742114,0.49419993,0.0040415237,0.0034501238,0.12206099,0.05142145,0.0,0.002036012,0.9990926,8.259466E-4,7.480856E-4,1.5418247E-5,6.565702E-5,0.0,0.0,0.0,3.597730041784278,3.351669142372554,0.20832628172134957,0.0,0.005343269365870296,0.014155563290469011,0.16843075396257617,0.0,0.16308656025621612,0.19918627444008327,0.0,9.178320521359588E-4,0.0,0.07772913922142385,0.19438643494199137,0.27211557416341525,0.004589160260679795,0.02661852316396609,0.10607324867985615,0.13269177184382225,0.014155563290469011,0.011417515643838614,0.044337482296766685,0.0557549979406053,0.012156721015254501,6.409579,0.007828194421695307,797.4454677085046,71.77009494565264,0.01874956464879344,1.575,0.0,0.0,0.009102552053741091,0.0,0.0,0.0,0.0,0.0,0.0,0.0,0.0,7.382746000827938,7.382746000827938,6.072837221145148,3.6680981139284246,-0.10101108,-0.1036075,-0.10623354,-0.10846548,0.0,0.0,0.0,0.0,0.0,-0.34850986929395655,-0.36789252727469757,-0.38600702887509264,0.0,0.023760000243782997,0.023760000243782997,0.023760000243782997,0.0,0.0,0.0,0.0,0.0,0.0,0.0,0.0,0.0,0.0,0,0,0,0,0.0,0.0,0.0,0.0,0.0,0,0,0.9476998448371887,1.4209622718166124E-4,0.007985760432347888,0.08165146350988245,0.07366570307753456
2012-07-25T23:30:00,2012,207,23,0,"718f4615-e576-4fa4-80aa-6236231db38b",127.95833357051015,95.66796738666189,121.87603276598546,26.2595,0.5522500276565552,0.215769231,400.0,1.1,0.0,[0.1956621639701276],[-0.050000000000000024],-0.050000000000000024,28.698650331420136,15.1,0.29530984003311755,12,45,0.0,0.0,0.0,0.0,0.0,0.0,0.0,-0.6840896308422089,-0.6840896308422089,0.0,0.29530984003311755,0.0,0.4429647757177188,-0.09595514722916029,-0.37589148,83.59716180548624,0.2043007733754007,42523.20293247953,15616.654783433454,18163.361176032675,0.0,6699.803102649588,450.3929607545295,1498.6718835041681,3123.5118679832653,12426.76306033854,1217.227573019738,33.046147040874466,140.66379847003546,1199.4102388787514,217.32138349014178,869.0167950691998,8.914996,0.37292945,0.49413157,0.0040315315,0.0034009176,0.12347039,0.051648013,0.0,0.0020361284,0.99912786,7.936088E-4,7.187945E-4,1.48176605E-5,6.308575E-5,0.0,0.0,0.0,3.569632476905128,3.3246648031112214,0.2074049710621904,0.0,0.005319410868162176,0.014091214546247628,0.17074801304847728,0.0,0.16541461304232757,0.19823319811566265,0.0,9.282178258016627E-4,0.0,0.0786100493590587,0.19658942653203293,0.2751994758910916,0.004641089129008315,0.026498918699692696,0.10559418266241462,0.1320931013621073,0.014091214546247628,0.010885425164915858,0.042263857880666854,0.05314928304558271,0.01158686336115648,6.4260607,0.007611680611621107,799.2510676073924,71.93259894300988,0.018795645964780294,1.575,0.0,0.0,0.008850791798388694,0.0,0.0,0.0,0.0,0.0,0.0,0.0,0.0,7.382746000827938,7.382746000827938,6.072837221145148,3.6680981139284246,-0.10089279,-0.103489175,-0.10611519,-0.10834712,0.0,0.0,0.0,0.0,0.0,-0.34850986929395655,-0.36789252727469757,-0.38600702887509264,0.0,0.023760000243782997,0.023760000243782997,0.023760000243782997,0.0,0.0,0.0,0.0,0.0,0.0,0.0,0.0,0.0,0.0,0,0,0,0,0.0,0.0,0.0,0.0,0.0,0,0,0.9476998448371887,1.4209627043225903E-4,0.007637451268237783,0.07784689697648915,0.07020944570825137
