timestamp,step,year,dayOfYear,hourOfDay,stage,status,elapsedMs
2026-08-31T11:18:27.172+1200,0,2012,200,0,initialized,ok,13
2026-08-31T11:18:27.256+1200,1,2012,200,0,architecture_complete,ok,97
2026-08-31T11:18:27.256+1200,1,2012,200,0,step_start,started,97
2026-08-31T11:18:27.300+1200,1,2012,200,1,water_start,started,141
2026-08-31T11:18:27.301+1200,1,2012,200,1,water_topology_complete,ok,142
2026-08-31T11:18:27.301+1200,1,2012,200,1,water_flux_fold_complete,ok,142
2026-08-31T11:18:27.301+1200,1,2012,200,1,water_potential_unfold_complete,ok,142
2026-08-31T11:18:27.545+1200,1,2012,200,1,carbon_complete,ok,386
2026-08-31T11:18:27.572+1200,1,2012,200,1,output_complete,ok,413
2026-08-31T11:18:27.573+1200,1,2012,200,1,step_complete,ok,414
2026-08-31T11:18:27.573+1200,2,2012,200,1,step_start,started,414
2026-08-31T11:18:27.575+1200,2,2012,200,2,water_start,started,416
2026-08-31T11:18:27.575+1200,2,2012,200,2,water_topology_complete,ok,416
2026-08-31T11:18:27.575+1200,2,2012,200,2,water_flux_fold_complete,ok,416
2026-08-31T11:18:27.575+1200,2,2012,200,2,water_potential_unfold_complete,ok,416
2026-08-31T11:18:27.711+1200,2,2012,200,2,carbon_complete,ok,552
2026-08-31T11:18:27.712+1200,2,2012,200,2,output_complete,ok,553
2026-08-31T11:18:27.713+1200,2,2012,200,2,step_complete,ok,554
2026-08-31T11:18:27.713+1200,3,2012,200,2,step_start,started,554
2026-08-31T11:18:27.714+1200,3,2012,200,3,water_start,started,555
2026-08-31T11:18:27.715+1200,3,2012,200,3,water_topology_complete,ok,556
2026-08-31T11:18:27.715+1200,3,2012,200,3,water_flux_fold_complete,ok,556
2026-08-31T11:18:27.715+1200,3,2012,200,3,water_potential_unfold_complete,ok,556
2026-08-31T11:18:27.828+1200,3,2012,200,3,carbon_complete,ok,669
2026-08-31T11:18:27.831+1200,3,2012,200,3,output_complete,ok,672
2026-08-31T11:18:27.834+1200,3,2012,200,3,step_complete,ok,675
2026-08-31T11:18:27.834+1200,4,2012,200,3,step_start,started,675
2026-08-31T11:18:27.835+1200,4,2012,200,4,water_start,started,676
2026-08-31T11:18:27.836+1200,4,2012,200,4,water_topology_complete,ok,677
2026-08-31T11:18:27.836+1200,4,2012,200,4,water_flux_fold_complete,ok,677
2026-08-31T11:18:27.836+1200,4,2012,200,4,water_potential_unfold_complete,ok,677
2026-08-31T11:18:27.932+1200,4,2012,200,4,carbon_complete,ok,773
2026-08-31T11:18:27.933+1200,4,2012,200,4,output_complete,ok,774
2026-08-31T11:18:27.934+1200,4,2012,200,4,step_complete,ok,775
2026-08-31T11:18:27.934+1200,5,2012,200,4,step_start,started,775
2026-08-31T11:18:27.935+1200,5,2012,200,5,water_start,started,776
2026-08-31T11:18:27.936+1200,5,2012,200,5,water_topology_complete,ok,777
2026-08-31T11:18:27.936+1200,5,2012,200,5,water_flux_fold_complete,ok,777
2026-08-31T11:18:27.936+1200,5,2012,200,5,water_potential_unfold_complete,ok,777
2026-08-31T11:18:28.029+1200,5,2012,200,5,carbon_complete,ok,870
2026-08-31T11:18:28.030+1200,5,2012,200,5,output_complete,ok,871
2026-08-31T11:18:28.031+1200,5,2012,200,5,step_complete,ok,872
2026-08-31T11:18:28.031+1200,6,2012,200,5,step_start,started,872
2026-08-31T11:18:28.032+1200,6,2012,200,6,water_start,started,873
2026-08-31T11:18:28.033+1200,6,2012,200,6,water_topology_complete,ok,874
2026-08-31T11:18:28.033+1200,6,2012,200,6,water_flux_fold_complete,ok,874
2026-08-31T11:18:28.033+1200,6,2012,200,6,water_potential_unfold_complete,ok,874
2026-08-31T11:18:28.131+1200,6,2012,200,6,carbon_complete,ok,972
2026-08-31T11:18:28.132+1200,6,2012,200,6,output_complete,ok,973
2026-08-31T11:18:28.133+1200,6,2012,200,6,step_complete,ok,974
2026-08-31T11:18:28.133+1200,7,2012,200,6,step_start,started,974
2026-08-31T11:18:28.586+1200,7,2012,200,7,water_start,started,1427
2026-08-31T11:18:28.586+1200,7,2012,200,7,water_topology_complete,ok,1427
2026-08-31T11:18:28.586+1200,7,2012,200,7,water_flux_fold_complete,ok,1427
2026-08-31T11:18:28.586+1200,7,2012,200,7,water_potential_unfold_complete,ok,1427
2026-08-31T11:18:28.709+1200,7,2012,200,7,carbon_complete,ok,1550
2026-08-31T11:18:28.711+1200,7,2012,200,7,output_complete,ok,1552
2026-08-31T11:18:28.712+1200,7,2012,200,7,step_complete,ok,1553
2026-08-31T11:18:28.713+1200,8,2012,200,7,step_start,started,1554
2026-08-31T11:18:29.010+1200,8,2012,200,8,water_start,started,1851
2026-08-31T11:18:29.014+1200,8,2012,200,8,water_topology_complete,ok,1855
2026-08-31T11:18:29.014+1200,8,2012,200,8,water_flux_fold_complete,ok,1855
2026-08-31T11:18:29.014+1200,8,2012,200,8,water_potential_unfold_complete,ok,1855
2026-08-31T11:18:29.147+1200,8,2012,200,8,carbon_complete,ok,1988
2026-08-31T11:18:29.148+1200,8,2012,200,8,output_complete,ok,1989
2026-08-31T11:18:29.149+1200,8,2012,200,8,step_complete,ok,1990
2026-08-31T11:18:29.149+1200,9,2012,200,8,step_start,started,1990
2026-08-31T11:18:29.462+1200,9,2012,200,9,water_start,started,2303
2026-08-31T11:18:29.463+1200,9,2012,200,9,water_topology_complete,ok,2304
2026-08-31T11:18:29.463+1200,9,2012,200,9,water_flux_fold_complete,ok,2304
2026-08-31T11:18:29.463+1200,9,2012,200,9,water_potential_unfold_complete,ok,2304
2026-08-31T11:18:29.556+1200,9,2012,200,9,carbon_complete,ok,2397
2026-08-31T11:18:29.557+1200,9,2012,200,9,output_complete,ok,2398
2026-08-31T11:18:29.558+1200,9,2012,200,9,step_complete,ok,2399
2026-08-31T11:18:29.558+1200,10,2012,200,9,step_start,started,2399
2026-08-31T11:18:29.804+1200,10,2012,200,10,water_start,started,2645
2026-08-31T11:18:29.804+1200,10,2012,200,10,water_topology_complete,ok,2645
2026-08-31T11:18:29.804+1200,10,2012,200,10,water_flux_fold_complete,ok,2645
2026-08-31T11:18:29.805+1200,10,2012,200,10,water_potential_unfold_complete,ok,2646
2026-08-31T11:18:29.966+1200,10,2012,200,10,carbon_complete,ok,2807
2026-08-31T11:18:30.058+1200,10,2012,200,10,output_complete,ok,2899
2026-08-31T11:18:30.059+1200,10,2012,200,10,step_complete,ok,2900
2026-08-31T11:18:30.060+1200,11,2012,200,10,step_start,started,2901
2026-08-31T11:18:30.360+1200,11,2012,200,11,water_start,started,3201
2026-08-31T11:18:30.360+1200,11,2012,200,11,water_topology_complete,ok,3201
2026-08-31T11:18:30.360+1200,11,2012,200,11,water_flux_fold_complete,ok,3201
2026-08-31T11:18:30.360+1200,11,2012,200,11,water_potential_unfold_complete,ok,3201
2026-08-31T11:18:30.453+1200,11,2012,200,11,carbon_complete,ok,3294
2026-08-31T11:18:30.455+1200,11,2012,200,11,output_complete,ok,3296
2026-08-31T11:18:30.456+1200,11,2012,200,11,step_complete,ok,3297
2026-08-31T11:18:30.456+1200,12,2012,200,11,step_start,started,3297
2026-08-31T11:18:30.732+1200,12,2012,200,12,water_start,started,3573
2026-08-31T11:18:30.732+1200,12,2012,200,12,water_topology_complete,ok,3573
2026-08-31T11:18:30.732+1200,12,2012,200,12,water_flux_fold_complete,ok,3573
2026-08-31T11:18:30.732+1200,12,2012,200,12,water_potential_unfold_complete,ok,3573
2026-08-31T11:18:30.828+1200,12,2012,200,12,carbon_complete,ok,3669
2026-08-31T11:18:30.830+1200,12,2012,200,12,output_complete,ok,3671
2026-08-31T11:18:30.831+1200,12,2012,200,12,step_complete,ok,3672
2026-08-31T11:18:30.831+1200,13,2012,200,12,step_start,started,3672
2026-08-31T11:18:31.113+1200,13,2012,200,13,water_start,started,3954
2026-08-31T11:18:31.114+1200,13,2012,200,13,water_topology_complete,ok,3955
2026-08-31T11:18:31.114+1200,13,2012,200,13,water_flux_fold_complete,ok,3955
2026-08-31T11:18:31.114+1200,13,2012,200,13,water_potential_unfold_complete,ok,3955
2026-08-31T11:18:31.212+1200,13,2012,200,13,carbon_complete,ok,4053
2026-08-31T11:18:31.213+1200,13,2012,200,13,output_complete,ok,4054
2026-08-31T11:18:31.217+1200,13,2012,200,13,step_complete,ok,4058
2026-08-31T11:18:31.217+1200,14,2012,200,13,step_start,started,4058
2026-08-31T11:18:31.479+1200,14,2012,200,14,water_start,started,4320
2026-08-31T11:18:31.479+1200,14,2012,200,14,water_topology_complete,ok,4320
2026-08-31T11:18:31.479+1200,14,2012,200,14,water_flux_fold_complete,ok,4320
2026-08-31T11:18:31.479+1200,14,2012,200,14,water_potential_unfold_complete,ok,4320
2026-08-31T11:18:31.580+1200,14,2012,200,14,carbon_complete,ok,4421
2026-08-31T11:18:31.581+1200,14,2012,200,14,output_complete,ok,4422
2026-08-31T11:18:31.582+1200,14,2012,200,14,step_complete,ok,4423
2026-08-31T11:18:31.582+1200,15,2012,200,14,step_start,started,4423
2026-08-31T11:18:32.072+1200,15,2012,200,15,water_start,started,4913
2026-08-31T11:18:32.072+1200,15,2012,200,15,water_topology_complete,ok,4913
2026-08-31T11:18:32.072+1200,15,2012,200,15,water_flux_fold_complete,ok,4913
2026-08-31T11:18:32.072+1200,15,2012,200,15,water_potential_unfold_complete,ok,4913
2026-08-31T11:18:32.176+1200,15,2012,200,15,carbon_complete,ok,5017
2026-08-31T11:18:32.179+1200,15,2012,200,15,output_complete,ok,5020
2026-08-31T11:18:32.181+1200,15,2012,200,15,step_complete,ok,5022
2026-08-31T11:18:32.181+1200,16,2012,200,15,step_start,started,5022
2026-08-31T11:18:32.467+1200,16,2012,200,16,water_start,started,5308
2026-08-31T11:18:32.468+1200,16,2012,200,16,water_topology_complete,ok,5309
2026-08-31T11:18:32.468+1200,16,2012,200,16,water_flux_fold_complete,ok,5309
2026-08-31T11:18:32.468+1200,16,2012,200,16,water_potential_unfold_complete,ok,5309
2026-08-31T11:18:32.574+1200,16,2012,200,16,carbon_complete,ok,5415
2026-08-31T11:18:32.576+1200,16,2012,200,16,output_complete,ok,5417
2026-08-31T11:18:32.578+1200,16,2012,200,16,step_complete,ok,5419
2026-08-31T11:18:32.578+1200,17,2012,200,16,step_start,started,5419
2026-08-31T11:18:32.797+1200,17,2012,200,17,water_start,started,5638
2026-08-31T11:18:32.797+1200,17,2012,200,17,water_topology_complete,ok,5638
2026-08-31T11:18:32.797+1200,17,2012,200,17,water_flux_fold_complete,ok,5638
2026-08-31T11:18:32.797+1200,17,2012,200,17,water_potential_unfold_complete,ok,5638
2026-08-31T11:18:32.889+1200,17,2012,200,17,carbon_complete,ok,5730
2026-08-31T11:18:32.890+1200,17,2012,200,17,output_complete,ok,5731
2026-08-31T11:18:32.891+1200,17,2012,200,17,step_complete,ok,5732
2026-08-31T11:18:32.891+1200,18,2012,200,17,step_start,started,5732
2026-08-31T11:18:33.098+1200,18,2012,200,18,water_start,started,5939
2026-08-31T11:18:33.098+1200,18,2012,200,18,water_topology_complete,ok,5939
2026-08-31T11:18:33.098+1200,18,2012,200,18,water_flux_fold_complete,ok,5939
2026-08-31T11:18:33.099+1200,18,2012,200,18,water_potential_unfold_complete,ok,5940
2026-08-31T11:18:33.191+1200,18,2012,200,18,carbon_complete,ok,6032
2026-08-31T11:18:33.194+1200,18,2012,200,18,output_complete,ok,6035
2026-08-31T11:18:33.196+1200,18,2012,200,18,step_complete,ok,6037
2026-08-31T11:18:33.196+1200,19,2012,200,18,step_start,started,6037
2026-08-31T11:18:33.407+1200,19,2012,200,19,water_start,started,6248
2026-08-31T11:18:33.407+1200,19,2012,200,19,water_topology_complete,ok,6248
2026-08-31T11:18:33.407+1200,19,2012,200,19,water_flux_fold_complete,ok,6248
2026-08-31T11:18:33.408+1200,19,2012,200,19,water_potential_unfold_complete,ok,6249
2026-08-31T11:18:33.503+1200,19,2012,200,19,carbon_complete,ok,6344
2026-08-31T11:18:33.506+1200,19,2012,200,19,output_complete,ok,6347
2026-08-31T11:18:33.507+1200,19,2012,200,19,step_complete,ok,6348
2026-08-31T11:18:33.507+1200,20,2012,200,19,step_start,started,6348
2026-08-31T11:18:33.719+1200,20,2012,200,20,water_start,started,6560
2026-08-31T11:18:33.719+1200,20,2012,200,20,water_topology_complete,ok,6560
2026-08-31T11:18:33.719+1200,20,2012,200,20,water_flux_fold_complete,ok,6560
2026-08-31T11:18:33.719+1200,20,2012,200,20,water_potential_unfold_complete,ok,6560
2026-08-31T11:18:33.814+1200,20,2012,200,20,carbon_complete,ok,6655
2026-08-31T11:18:33.917+1200,20,2012,200,20,output_complete,ok,6758
2026-08-31T11:18:33.918+1200,20,2012,200,20,step_complete,ok,6759
2026-08-31T11:18:33.919+1200,21,2012,200,20,step_start,started,6760
2026-08-31T11:18:33.920+1200,21,2012,200,21,water_start,started,6761
2026-08-31T11:18:33.921+1200,21,2012,200,21,water_topology_complete,ok,6762
2026-08-31T11:18:33.921+1200,21,2012,200,21,water_flux_fold_complete,ok,6762
2026-08-31T11:18:33.921+1200,21,2012,200,21,water_potential_unfold_complete,ok,6762
2026-08-31T11:18:34.016+1200,21,2012,200,21,carbon_complete,ok,6857
2026-08-31T11:18:34.017+1200,21,2012,200,21,output_complete,ok,6858
2026-08-31T11:18:34.018+1200,21,2012,200,21,step_complete,ok,6859
2026-08-31T11:18:34.018+1200,22,2012,200,21,step_start,started,6859
2026-08-31T11:18:34.019+1200,22,2012,200,22,water_start,started,6860
2026-08-31T11:18:34.019+1200,22,2012,200,22,water_topology_complete,ok,6860
2026-08-31T11:18:34.019+1200,22,2012,200,22,water_flux_fold_complete,ok,6860
2026-08-31T11:18:34.019+1200,22,2012,200,22,water_potential_unfold_complete,ok,6860
2026-08-31T11:18:34.113+1200,22,2012,200,22,carbon_complete,ok,6954
2026-08-31T11:18:34.114+1200,22,2012,200,22,output_complete,ok,6955
2026-08-31T11:18:34.115+1200,22,2012,200,22,step_complete,ok,6956
2026-08-31T11:18:34.115+1200,23,2012,200,22,step_start,started,6956
2026-08-31T11:18:34.115+1200,23,2012,200,23,water_start,started,6956
2026-08-31T11:18:34.116+1200,23,2012,200,23,water_topology_complete,ok,6957
2026-08-31T11:18:34.116+1200,23,2012,200,23,water_flux_fold_complete,ok,6957
2026-08-31T11:18:34.116+1200,23,2012,200,23,water_potential_unfold_complete,ok,6957
2026-08-31T11:18:34.215+1200,23,2012,200,23,carbon_complete,ok,7056
2026-08-31T11:18:34.217+1200,23,2012,200,23,output_complete,ok,7058
2026-08-31T11:18:34.218+1200,23,2012,200,23,step_complete,ok,7059
2026-08-31T11:18:34.219+1200,24,2012,200,23,step_start,started,7060
2026-08-31T11:18:34.220+1200,24,2012,201,0,water_start,started,7061
2026-08-31T11:18:34.220+1200,24,2012,201,0,water_topology_complete,ok,7061
2026-08-31T11:18:34.220+1200,24,2012,201,0,water_flux_fold_complete,ok,7061
2026-08-31T11:18:34.221+1200,24,2012,201,0,water_potential_unfold_complete,ok,7062
2026-08-31T11:18:34.364+1200,24,2012,201,0,carbon_complete,ok,7205
2026-08-31T11:18:34.365+1200,24,2012,201,0,output_complete,ok,7206
2026-08-31T11:18:34.366+1200,24,2012,201,0,step_complete,ok,7207
2026-08-31T11:18:34.366+1200,25,2012,201,0,step_start,started,7207
2026-08-31T11:18:34.367+1200,25,2012,201,1,water_start,started,7208
2026-08-31T11:18:34.367+1200,25,2012,201,1,water_topology_complete,ok,7208
2026-08-31T11:18:34.367+1200,25,2012,201,1,water_flux_fold_complete,ok,7208
2026-08-31T11:18:34.367+1200,25,2012,201,1,water_potential_unfold_complete,ok,7208
2026-08-31T11:18:34.463+1200,25,2012,201,1,carbon_complete,ok,7304
2026-08-31T11:18:34.465+1200,25,2012,201,1,output_complete,ok,7306
2026-08-31T11:18:34.466+1200,25,2012,201,1,step_complete,ok,7307
2026-08-31T11:18:34.466+1200,26,2012,201,1,step_start,started,7307
2026-08-31T11:18:34.467+1200,26,2012,201,2,water_start,started,7308
2026-08-31T11:18:34.467+1200,26,2012,201,2,water_topology_complete,ok,7308
2026-08-31T11:18:34.467+1200,26,2012,201,2,water_flux_fold_complete,ok,7308
2026-08-31T11:18:34.467+1200,26,2012,201,2,water_potential_unfold_complete,ok,7308
2026-08-31T11:18:34.599+1200,26,2012,201,2,carbon_complete,ok,7440
2026-08-31T11:18:34.600+1200,26,2012,201,2,output_complete,ok,7441
2026-08-31T11:18:34.601+1200,26,2012,201,2,step_complete,ok,7442
2026-08-31T11:18:34.601+1200,27,2012,201,2,step_start,started,7442
2026-08-31T11:18:34.602+1200,27,2012,201,3,water_start,started,7443
2026-08-31T11:18:34.602+1200,27,2012,201,3,water_topology_complete,ok,7443
2026-08-31T11:18:34.602+1200,27,2012,201,3,water_flux_fold_complete,ok,7443
2026-08-31T11:18:34.602+1200,27,2012,201,3,water_potential_unfold_complete,ok,7443
2026-08-31T11:18:34.698+1200,27,2012,201,3,carbon_complete,ok,7539
2026-08-31T11:18:34.699+1200,27,2012,201,3,output_complete,ok,7540
2026-08-31T11:18:34.699+1200,27,2012,201,3,step_complete,ok,7540
2026-08-31T11:18:34.700+1200,28,2012,201,3,step_start,started,7541
2026-08-31T11:18:34.700+1200,28,2012,201,4,water_start,started,7541
2026-08-31T11:18:34.701+1200,28,2012,201,4,water_topology_complete,ok,7542
2026-08-31T11:18:34.701+1200,28,2012,201,4,water_flux_fold_complete,ok,7542
2026-08-31T11:18:34.701+1200,28,2012,201,4,water_potential_unfold_complete,ok,7542
2026-08-31T11:18:34.795+1200,28,2012,201,4,carbon_complete,ok,7636
2026-08-31T11:18:34.797+1200,28,2012,201,4,output_complete,ok,7638
2026-08-31T11:18:34.797+1200,28,2012,201,4,step_complete,ok,7638
2026-08-31T11:18:34.797+1200,29,2012,201,4,step_start,started,7638
2026-08-31T11:18:34.798+1200,29,2012,201,5,water_start,started,7639
2026-08-31T11:18:34.798+1200,29,2012,201,5,water_topology_complete,ok,7639
2026-08-31T11:18:34.798+1200,29,2012,201,5,water_flux_fold_complete,ok,7639
2026-08-31T11:18:34.798+1200,29,2012,201,5,water_potential_unfold_complete,ok,7639
2026-08-31T11:18:34.892+1200,29,2012,201,5,carbon_complete,ok,7733
2026-08-31T11:18:34.893+1200,29,2012,201,5,output_complete,ok,7734
2026-08-31T11:18:34.894+1200,29,2012,201,5,step_complete,ok,7735
2026-08-31T11:18:34.894+1200,30,2012,201,5,step_start,started,7735
2026-08-31T11:18:34.895+1200,30,2012,201,6,water_start,started,7736
2026-08-31T11:18:34.895+1200,30,2012,201,6,water_topology_complete,ok,7736
2026-08-31T11:18:34.895+1200,30,2012,201,6,water_flux_fold_complete,ok,7736
2026-08-31T11:18:34.895+1200,30,2012,201,6,water_potential_unfold_complete,ok,7736
2026-08-31T11:18:34.991+1200,30,2012,201,6,carbon_complete,ok,7832
2026-08-31T11:18:35.094+1200,30,2012,201,6,output_complete,ok,7935
2026-08-31T11:18:35.095+1200,30,2012,201,6,step_complete,ok,7936
2026-08-31T11:18:35.095+1200,31,2012,201,6,step_start,started,7936
2026-08-31T11:18:35.389+1200,31,2012,201,7,water_start,started,8230
2026-08-31T11:18:35.389+1200,31,2012,201,7,water_topology_complete,ok,8230
2026-08-31T11:18:35.389+1200,31,2012,201,7,water_flux_fold_complete,ok,8230
2026-08-31T11:18:35.389+1200,31,2012,201,7,water_potential_unfold_complete,ok,8230
2026-08-31T11:18:35.488+1200,31,2012,201,7,carbon_complete,ok,8329
2026-08-31T11:18:35.489+1200,31,2012,201,7,output_complete,ok,8330
2026-08-31T11:18:35.490+1200,31,2012,201,7,step_complete,ok,8331
2026-08-31T11:18:35.490+1200,32,2012,201,7,step_start,started,8331
2026-08-31T11:18:35.761+1200,32,2012,201,8,water_start,started,8602
2026-08-31T11:18:35.762+1200,32,2012,201,8,water_topology_complete,ok,8603
2026-08-31T11:18:35.762+1200,32,2012,201,8,water_flux_fold_complete,ok,8603
2026-08-31T11:18:35.762+1200,32,2012,201,8,water_potential_unfold_complete,ok,8603
2026-08-31T11:18:35.859+1200,32,2012,201,8,carbon_complete,ok,8700
2026-08-31T11:18:35.860+1200,32,2012,201,8,output_complete,ok,8701
2026-08-31T11:18:35.864+1200,32,2012,201,8,step_complete,ok,8705
2026-08-31T11:18:35.865+1200,33,2012,201,8,step_start,started,8706
2026-08-31T11:18:36.140+1200,33,2012,201,9,water_start,started,8981
2026-08-31T11:18:36.140+1200,33,2012,201,9,water_topology_complete,ok,8981
2026-08-31T11:18:36.140+1200,33,2012,201,9,water_flux_fold_complete,ok,8981
2026-08-31T11:18:36.140+1200,33,2012,201,9,water_potential_unfold_complete,ok,8981
2026-08-31T11:18:36.238+1200,33,2012,201,9,carbon_complete,ok,9079
2026-08-31T11:18:36.239+1200,33,2012,201,9,output_complete,ok,9080
2026-08-31T11:18:36.243+1200,33,2012,201,9,step_complete,ok,9084
2026-08-31T11:18:36.243+1200,34,2012,201,9,step_start,started,9084
2026-08-31T11:18:36.508+1200,34,2012,201,10,water_start,started,9349
2026-08-31T11:18:36.508+1200,34,2012,201,10,water_topology_complete,ok,9349
2026-08-31T11:18:36.508+1200,34,2012,201,10,water_flux_fold_complete,ok,9349
2026-08-31T11:18:36.509+1200,34,2012,201,10,water_potential_unfold_complete,ok,9350
2026-08-31T11:18:36.641+1200,34,2012,201,10,carbon_complete,ok,9482
2026-08-31T11:18:36.642+1200,34,2012,201,10,output_complete,ok,9483
2026-08-31T11:18:36.643+1200,34,2012,201,10,step_complete,ok,9484
2026-08-31T11:18:36.643+1200,35,2012,201,10,step_start,started,9484
2026-08-31T11:18:36.861+1200,35,2012,201,11,water_start,started,9702
2026-08-31T11:18:36.861+1200,35,2012,201,11,water_topology_complete,ok,9702
2026-08-31T11:18:36.861+1200,35,2012,201,11,water_flux_fold_complete,ok,9702
2026-08-31T11:18:36.861+1200,35,2012,201,11,water_potential_unfold_complete,ok,9702
2026-08-31T11:18:36.960+1200,35,2012,201,11,carbon_complete,ok,9801
2026-08-31T11:18:36.961+1200,35,2012,201,11,output_complete,ok,9802
2026-08-31T11:18:36.961+1200,35,2012,201,11,step_complete,ok,9802
2026-08-31T11:18:36.961+1200,36,2012,201,11,step_start,started,9802
2026-08-31T11:18:37.217+1200,36,2012,201,12,water_start,started,10058
2026-08-31T11:18:37.218+1200,36,2012,201,12,water_topology_complete,ok,10059
2026-08-31T11:18:37.218+1200,36,2012,201,12,water_flux_fold_complete,ok,10059
2026-08-31T11:18:37.218+1200,36,2012,201,12,water_potential_unfold_complete,ok,10059
2026-08-31T11:18:37.311+1200,36,2012,201,12,carbon_complete,ok,10152
2026-08-31T11:18:37.312+1200,36,2012,201,12,output_complete,ok,10153
2026-08-31T11:18:37.313+1200,36,2012,201,12,step_complete,ok,10154
2026-08-31T11:18:37.313+1200,37,2012,201,12,step_start,started,10154
2026-08-31T11:18:37.576+1200,37,2012,201,13,water_start,started,10417
2026-08-31T11:18:37.576+1200,37,2012,201,13,water_topology_complete,ok,10417
2026-08-31T11:18:37.576+1200,37,2012,201,13,water_flux_fold_complete,ok,10417
2026-08-31T11:18:37.576+1200,37,2012,201,13,water_potential_unfold_complete,ok,10417
2026-08-31T11:18:37.713+1200,37,2012,201,13,carbon_complete,ok,10554
2026-08-31T11:18:37.715+1200,37,2012,201,13,output_complete,ok,10556
2026-08-31T11:18:37.716+1200,37,2012,201,13,step_complete,ok,10557
2026-08-31T11:18:37.717+1200,38,2012,201,13,step_start,started,10558
2026-08-31T11:18:37.965+1200,38,2012,201,14,water_start,started,10806
2026-08-31T11:18:37.965+1200,38,2012,201,14,water_topology_complete,ok,10806
2026-08-31T11:18:37.965+1200,38,2012,201,14,water_flux_fold_complete,ok,10806
2026-08-31T11:18:37.965+1200,38,2012,201,14,water_potential_unfold_complete,ok,10806
2026-08-31T11:18:38.058+1200,38,2012,201,14,carbon_complete,ok,10899
2026-08-31T11:18:38.059+1200,38,2012,201,14,output_complete,ok,10900
2026-08-31T11:18:38.060+1200,38,2012,201,14,step_complete,ok,10901
2026-08-31T11:18:38.060+1200,39,2012,201,14,step_start,started,10901
2026-08-31T11:18:38.307+1200,39,2012,201,15,water_start,started,11148
2026-08-31T11:18:38.307+1200,39,2012,201,15,water_topology_complete,ok,11148
2026-08-31T11:18:38.307+1200,39,2012,201,15,water_flux_fold_complete,ok,11148
2026-08-31T11:18:38.308+1200,39,2012,201,15,water_potential_unfold_complete,ok,11149
2026-08-31T11:18:38.459+1200,39,2012,201,15,carbon_complete,ok,11300
2026-08-31T11:18:38.460+1200,39,2012,201,15,output_complete,ok,11301
2026-08-31T11:18:38.461+1200,39,2012,201,15,step_complete,ok,11302
2026-08-31T11:18:38.461+1200,40,2012,201,15,step_start,started,11302
2026-08-31T11:18:38.679+1200,40,2012,201,16,water_start,started,11520
2026-08-31T11:18:38.679+1200,40,2012,201,16,water_topology_complete,ok,11520
2026-08-31T11:18:38.679+1200,40,2012,201,16,water_flux_fold_complete,ok,11520
2026-08-31T11:18:38.679+1200,40,2012,201,16,water_potential_unfold_complete,ok,11520
2026-08-31T11:18:38.788+1200,40,2012,201,16,carbon_complete,ok,11629
2026-08-31T11:18:38.875+1200,40,2012,201,16,output_complete,ok,11716
2026-08-31T11:18:38.876+1200,40,2012,201,16,step_complete,ok,11717
2026-08-31T11:18:38.877+1200,41,2012,201,16,step_start,started,11718
2026-08-31T11:18:39.090+1200,41,2012,201,17,water_start,started,11931
2026-08-31T11:18:39.090+1200,41,2012,201,17,water_topology_complete,ok,11931
2026-08-31T11:18:39.090+1200,41,2012,201,17,water_flux_fold_complete,ok,11931
2026-08-31T11:18:39.090+1200,41,2012,201,17,water_potential_unfold_complete,ok,11931
2026-08-31T11:18:39.189+1200,41,2012,201,17,carbon_complete,ok,12030
2026-08-31T11:18:39.191+1200,41,2012,201,17,output_complete,ok,12032
2026-08-31T11:18:39.192+1200,41,2012,201,17,step_complete,ok,12033
2026-08-31T11:18:39.192+1200,42,2012,201,17,step_start,started,12033
2026-08-31T11:18:39.394+1200,42,2012,201,18,water_start,started,12235
2026-08-31T11:18:39.395+1200,42,2012,201,18,water_topology_complete,ok,12236
2026-08-31T11:18:39.395+1200,42,2012,201,18,water_flux_fold_complete,ok,12236
2026-08-31T11:18:39.395+1200,42,2012,201,18,water_potential_unfold_complete,ok,12236
2026-08-31T11:18:39.488+1200,42,2012,201,18,carbon_complete,ok,12329
2026-08-31T11:18:39.489+1200,42,2012,201,18,output_complete,ok,12330
2026-08-31T11:18:39.490+1200,42,2012,201,18,step_complete,ok,12331
2026-08-31T11:18:39.490+1200,43,2012,201,18,step_start,started,12331
2026-08-31T11:18:39.701+1200,43,2012,201,19,water_start,started,12542
2026-08-31T11:18:39.701+1200,43,2012,201,19,water_topology_complete,ok,12542
2026-08-31T11:18:39.701+1200,43,2012,201,19,water_flux_fold_complete,ok,12542
2026-08-31T11:18:39.701+1200,43,2012,201,19,water_potential_unfold_complete,ok,12542
2026-08-31T11:18:39.797+1200,43,2012,201,19,carbon_complete,ok,12638
2026-08-31T11:18:39.798+1200,43,2012,201,19,output_complete,ok,12639
2026-08-31T11:18:39.799+1200,43,2012,201,19,step_complete,ok,12640
2026-08-31T11:18:39.799+1200,44,2012,201,19,step_start,started,12640
2026-08-31T11:18:39.800+1200,44,2012,201,20,water_start,started,12641
2026-08-31T11:18:39.800+1200,44,2012,201,20,water_topology_complete,ok,12641
2026-08-31T11:18:39.800+1200,44,2012,201,20,water_flux_fold_complete,ok,12641
2026-08-31T11:18:39.800+1200,44,2012,201,20,water_potential_unfold_complete,ok,12641
2026-08-31T11:18:39.894+1200,44,2012,201,20,carbon_complete,ok,12735
2026-08-31T11:18:39.895+1200,44,2012,201,20,output_complete,ok,12736
2026-08-31T11:18:39.895+1200,44,2012,201,20,step_complete,ok,12736
2026-08-31T11:18:39.896+1200,45,2012,201,20,step_start,started,12737
2026-08-31T11:18:39.896+1200,45,2012,201,21,water_start,started,12737
2026-08-31T11:18:39.896+1200,45,2012,201,21,water_topology_complete,ok,12737
2026-08-31T11:18:39.896+1200,45,2012,201,21,water_flux_fold_complete,ok,12737
2026-08-31T11:18:39.897+1200,45,2012,201,21,water_potential_unfold_complete,ok,12738
2026-08-31T11:18:39.990+1200,45,2012,201,21,carbon_complete,ok,12831
2026-08-31T11:18:39.992+1200,45,2012,201,21,output_complete,ok,12833
2026-08-31T11:18:39.993+1200,45,2012,201,21,step_complete,ok,12834
2026-08-31T11:18:39.993+1200,46,2012,201,21,step_start,started,12834
2026-08-31T11:18:39.995+1200,46,2012,201,22,water_start,started,12836
2026-08-31T11:18:39.995+1200,46,2012,201,22,water_topology_complete,ok,12836
2026-08-31T11:18:39.995+1200,46,2012,201,22,water_flux_fold_complete,ok,12836
2026-08-31T11:18:39.995+1200,46,2012,201,22,water_potential_unfold_complete,ok,12836
2026-08-31T11:18:40.094+1200,46,2012,201,22,carbon_complete,ok,12935
2026-08-31T11:18:40.095+1200,46,2012,201,22,output_complete,ok,12936
2026-08-31T11:18:40.096+1200,46,2012,201,22,step_complete,ok,12937
2026-08-31T11:18:40.096+1200,47,2012,201,22,step_start,started,12937
2026-08-31T11:18:40.097+1200,47,2012,201,23,water_start,started,12938
2026-08-31T11:18:40.097+1200,47,2012,201,23,water_topology_complete,ok,12938
2026-08-31T11:18:40.097+1200,47,2012,201,23,water_flux_fold_complete,ok,12938
2026-08-31T11:18:40.097+1200,47,2012,201,23,water_potential_unfold_complete,ok,12938
2026-08-31T11:18:40.192+1200,47,2012,201,23,carbon_complete,ok,13033
2026-08-31T11:18:40.193+1200,47,2012,201,23,output_complete,ok,13034
2026-08-31T11:18:40.194+1200,47,2012,201,23,step_complete,ok,13035
2026-08-31T11:18:40.194+1200,48,2012,201,23,step_start,started,13035
2026-08-31T11:18:40.194+1200,48,2012,202,0,water_start,started,13035
2026-08-31T11:18:40.195+1200,48,2012,202,0,water_topology_complete,ok,13036
2026-08-31T11:18:40.195+1200,48,2012,202,0,water_flux_fold_complete,ok,13036
2026-08-31T11:18:40.195+1200,48,2012,202,0,water_potential_unfold_complete,ok,13036
2026-08-31T11:18:40.289+1200,48,2012,202,0,carbon_complete,ok,13130
2026-08-31T11:18:40.291+1200,48,2012,202,0,output_complete,ok,13132
2026-08-31T11:18:40.292+1200,48,2012,202,0,step_complete,ok,13133
2026-08-31T11:18:40.292+1200,49,2012,202,0,step_start,started,13133
2026-08-31T11:18:40.293+1200,49,2012,202,1,water_start,started,13134
2026-08-31T11:18:40.294+1200,49,2012,202,1,water_topology_complete,ok,13135
2026-08-31T11:18:40.294+1200,49,2012,202,1,water_flux_fold_complete,ok,13135
2026-08-31T11:18:40.294+1200,49,2012,202,1,water_potential_unfold_complete,ok,13135
2026-08-31T11:18:40.392+1200,49,2012,202,1,carbon_complete,ok,13233
2026-08-31T11:18:40.393+1200,49,2012,202,1,output_complete,ok,13234
2026-08-31T11:18:40.394+1200,49,2012,202,1,step_complete,ok,13235
2026-08-31T11:18:40.394+1200,50,2012,202,1,step_start,started,13235
2026-08-31T11:18:40.395+1200,50,2012,202,2,water_start,started,13236
2026-08-31T11:18:40.395+1200,50,2012,202,2,water_topology_complete,ok,13236
2026-08-31T11:18:40.395+1200,50,2012,202,2,water_flux_fold_complete,ok,13236
2026-08-31T11:18:40.395+1200,50,2012,202,2,water_potential_unfold_complete,ok,13236
2026-08-31T11:18:40.517+1200,50,2012,202,2,carbon_complete,ok,13358
2026-08-31T11:18:40.642+1200,50,2012,202,2,output_complete,ok,13483
2026-08-31T11:18:40.643+1200,50,2012,202,2,step_complete,ok,13484
2026-08-31T11:18:40.643+1200,51,2012,202,2,step_start,started,13484
2026-08-31T11:18:40.647+1200,51,2012,202,3,water_start,started,13488
2026-08-31T11:18:40.647+1200,51,2012,202,3,water_topology_complete,ok,13488
2026-08-31T11:18:40.647+1200,51,2012,202,3,water_flux_fold_complete,ok,13488
2026-08-31T11:18:40.647+1200,51,2012,202,3,water_potential_unfold_complete,ok,13488
2026-08-31T11:18:40.814+1200,51,2012,202,3,carbon_complete,ok,13655
2026-08-31T11:18:40.815+1200,51,2012,202,3,output_complete,ok,13656
2026-08-31T11:18:40.816+1200,51,2012,202,3,step_complete,ok,13657
2026-08-31T11:18:40.816+1200,52,2012,202,3,step_start,started,13657
2026-08-31T11:18:40.817+1200,52,2012,202,4,water_start,started,13658
2026-08-31T11:18:40.817+1200,52,2012,202,4,water_topology_complete,ok,13658
2026-08-31T11:18:40.817+1200,52,2012,202,4,water_flux_fold_complete,ok,13658
2026-08-31T11:18:40.817+1200,52,2012,202,4,water_potential_unfold_complete,ok,13658
2026-08-31T11:18:40.914+1200,52,2012,202,4,carbon_complete,ok,13755
2026-08-31T11:18:40.915+1200,52,2012,202,4,output_complete,ok,13756
2026-08-31T11:18:40.916+1200,52,2012,202,4,step_complete,ok,13757
2026-08-31T11:18:40.916+1200,53,2012,202,4,step_start,started,13757
2026-08-31T11:18:40.917+1200,53,2012,202,5,water_start,started,13758
2026-08-31T11:18:40.918+1200,53,2012,202,5,water_topology_complete,ok,13759
2026-08-31T11:18:40.918+1200,53,2012,202,5,water_flux_fold_complete,ok,13759
2026-08-31T11:18:40.918+1200,53,2012,202,5,water_potential_unfold_complete,ok,13759
2026-08-31T11:18:41.013+1200,53,2012,202,5,carbon_complete,ok,13854
2026-08-31T11:18:41.014+1200,53,2012,202,5,output_complete,ok,13855
2026-08-31T11:18:41.015+1200,53,2012,202,5,step_complete,ok,13856
2026-08-31T11:18:41.015+1200,54,2012,202,5,step_start,started,13856
2026-08-31T11:18:41.016+1200,54,2012,202,6,water_start,started,13857
2026-08-31T11:18:41.016+1200,54,2012,202,6,water_topology_complete,ok,13857
2026-08-31T11:18:41.016+1200,54,2012,202,6,water_flux_fold_complete,ok,13857
2026-08-31T11:18:41.016+1200,54,2012,202,6,water_potential_unfold_complete,ok,13857
2026-08-31T11:18:41.109+1200,54,2012,202,6,carbon_complete,ok,13950
2026-08-31T11:18:41.110+1200,54,2012,202,6,output_complete,ok,13951
2026-08-31T11:18:41.111+1200,54,2012,202,6,step_complete,ok,13952
2026-08-31T11:18:41.111+1200,55,2012,202,6,step_start,started,13952
2026-08-31T11:18:41.352+1200,55,2012,202,7,water_start,started,14193
2026-08-31T11:18:41.352+1200,55,2012,202,7,water_topology_complete,ok,14193
2026-08-31T11:18:41.352+1200,55,2012,202,7,water_flux_fold_complete,ok,14193
2026-08-31T11:18:41.352+1200,55,2012,202,7,water_potential_unfold_complete,ok,14193
2026-08-31T11:18:41.481+1200,55,2012,202,7,carbon_complete,ok,14322
2026-08-31T11:18:41.482+1200,55,2012,202,7,output_complete,ok,14323
2026-08-31T11:18:41.482+1200,55,2012,202,7,step_complete,ok,14323
2026-08-31T11:18:41.482+1200,56,2012,202,7,step_start,started,14323
2026-08-31T11:18:41.687+1200,56,2012,202,8,water_start,started,14528
2026-08-31T11:18:41.687+1200,56,2012,202,8,water_topology_complete,ok,14528
2026-08-31T11:18:41.687+1200,56,2012,202,8,water_flux_fold_complete,ok,14528
2026-08-31T11:18:41.687+1200,56,2012,202,8,water_potential_unfold_complete,ok,14528
2026-08-31T11:18:41.803+1200,56,2012,202,8,carbon_complete,ok,14644
2026-08-31T11:18:41.804+1200,56,2012,202,8,output_complete,ok,14645
2026-08-31T11:18:41.805+1200,56,2012,202,8,step_complete,ok,14646
2026-08-31T11:18:41.805+1200,57,2012,202,8,step_start,started,14646
2026-08-31T11:18:42.060+1200,57,2012,202,9,water_start,started,14901
2026-08-31T11:18:42.060+1200,57,2012,202,9,water_topology_complete,ok,14901
2026-08-31T11:18:42.060+1200,57,2012,202,9,water_flux_fold_complete,ok,14901
2026-08-31T11:18:42.060+1200,57,2012,202,9,water_potential_unfold_complete,ok,14901
2026-08-31T11:18:42.159+1200,57,2012,202,9,carbon_complete,ok,15000
2026-08-31T11:18:42.160+1200,57,2012,202,9,output_complete,ok,15001
2026-08-31T11:18:42.161+1200,57,2012,202,9,step_complete,ok,15002
2026-08-31T11:18:42.161+1200,58,2012,202,9,step_start,started,15002
2026-08-31T11:18:42.404+1200,58,2012,202,10,water_start,started,15245
2026-08-31T11:18:42.404+1200,58,2012,202,10,water_topology_complete,ok,15245
2026-08-31T11:18:42.404+1200,58,2012,202,10,water_flux_fold_complete,ok,15245
2026-08-31T11:18:42.404+1200,58,2012,202,10,water_potential_unfold_complete,ok,15245
2026-08-31T11:18:42.501+1200,58,2012,202,10,carbon_complete,ok,15342
2026-08-31T11:18:42.502+1200,58,2012,202,10,output_complete,ok,15343
2026-08-31T11:18:42.503+1200,58,2012,202,10,step_complete,ok,15344
2026-08-31T11:18:42.503+1200,59,2012,202,10,step_start,started,15344
2026-08-31T11:18:42.760+1200,59,2012,202,11,water_start,started,15601
2026-08-31T11:18:42.761+1200,59,2012,202,11,water_topology_complete,ok,15602
2026-08-31T11:18:42.761+1200,59,2012,202,11,water_flux_fold_complete,ok,15602
2026-08-31T11:18:42.761+1200,59,2012,202,11,water_potential_unfold_complete,ok,15602
2026-08-31T11:18:42.857+1200,59,2012,202,11,carbon_complete,ok,15698
2026-08-31T11:18:42.858+1200,59,2012,202,11,output_complete,ok,15699
2026-08-31T11:18:42.858+1200,59,2012,202,11,step_complete,ok,15699
2026-08-31T11:18:42.858+1200,60,2012,202,11,step_start,started,15699
2026-08-31T11:18:43.148+1200,60,2012,202,12,water_start,started,15989
2026-08-31T11:18:43.149+1200,60,2012,202,12,water_topology_complete,ok,15990
2026-08-31T11:18:43.149+1200,60,2012,202,12,water_flux_fold_complete,ok,15990
2026-08-31T11:18:43.149+1200,60,2012,202,12,water_potential_unfold_complete,ok,15990
2026-08-31T11:18:43.242+1200,60,2012,202,12,carbon_complete,ok,16083
2026-08-31T11:18:43.358+1200,60,2012,202,12,output_complete,ok,16199
2026-08-31T11:18:43.358+1200,60,2012,202,12,step_complete,ok,16199
2026-08-31T11:18:43.358+1200,61,2012,202,12,step_start,started,16199
2026-08-31T11:18:43.588+1200,61,2012,202,13,water_start,started,16429
2026-08-31T11:18:43.588+1200,61,2012,202,13,water_topology_complete,ok,16429
2026-08-31T11:18:43.588+1200,61,2012,202,13,water_flux_fold_complete,ok,16429
2026-08-31T11:18:43.589+1200,61,2012,202,13,water_potential_unfold_complete,ok,16430
2026-08-31T11:18:43.724+1200,61,2012,202,13,carbon_complete,ok,16565
2026-08-31T11:18:43.725+1200,61,2012,202,13,output_complete,ok,16566
2026-08-31T11:18:43.726+1200,61,2012,202,13,step_complete,ok,16567
2026-08-31T11:18:43.727+1200,62,2012,202,13,step_start,started,16568
2026-08-31T11:18:44.000+1200,62,2012,202,14,water_start,started,16841
2026-08-31T11:18:44.000+1200,62,2012,202,14,water_topology_complete,ok,16841
2026-08-31T11:18:44.000+1200,62,2012,202,14,water_flux_fold_complete,ok,16841
2026-08-31T11:18:44.000+1200,62,2012,202,14,water_potential_unfold_complete,ok,16841
2026-08-31T11:18:44.096+1200,62,2012,202,14,carbon_complete,ok,16937
2026-08-31T11:18:44.097+1200,62,2012,202,14,output_complete,ok,16938
2026-08-31T11:18:44.097+1200,62,2012,202,14,step_complete,ok,16938
2026-08-31T11:18:44.097+1200,63,2012,202,14,step_start,started,16938
2026-08-31T11:18:44.331+1200,63,2012,202,15,water_start,started,17172
2026-08-31T11:18:44.331+1200,63,2012,202,15,water_topology_complete,ok,17172
2026-08-31T11:18:44.331+1200,63,2012,202,15,water_flux_fold_complete,ok,17172
2026-08-31T11:18:44.332+1200,63,2012,202,15,water_potential_unfold_complete,ok,17173
2026-08-31T11:18:44.463+1200,63,2012,202,15,carbon_complete,ok,17304
2026-08-31T11:18:44.464+1200,63,2012,202,15,output_complete,ok,17305
2026-08-31T11:18:44.464+1200,63,2012,202,15,step_complete,ok,17305
2026-08-31T11:18:44.464+1200,64,2012,202,15,step_start,started,17305
2026-08-31T11:18:44.676+1200,64,2012,202,16,water_start,started,17517
2026-08-31T11:18:44.676+1200,64,2012,202,16,water_topology_complete,ok,17517
2026-08-31T11:18:44.676+1200,64,2012,202,16,water_flux_fold_complete,ok,17517
2026-08-31T11:18:44.676+1200,64,2012,202,16,water_potential_unfold_complete,ok,17517
2026-08-31T11:18:44.768+1200,64,2012,202,16,carbon_complete,ok,17609
2026-08-31T11:18:44.769+1200,64,2012,202,16,output_complete,ok,17610
2026-08-31T11:18:44.770+1200,64,2012,202,16,step_complete,ok,17611
2026-08-31T11:18:44.770+1200,65,2012,202,16,step_start,started,17611
2026-08-31T11:18:44.973+1200,65,2012,202,17,water_start,started,17814
2026-08-31T11:18:44.973+1200,65,2012,202,17,water_topology_complete,ok,17814
2026-08-31T11:18:44.973+1200,65,2012,202,17,water_flux_fold_complete,ok,17814
2026-08-31T11:18:44.973+1200,65,2012,202,17,water_potential_unfold_complete,ok,17814
2026-08-31T11:18:45.067+1200,65,2012,202,17,carbon_complete,ok,17908
2026-08-31T11:18:45.068+1200,65,2012,202,17,output_complete,ok,17909
2026-08-31T11:18:45.069+1200,65,2012,202,17,step_complete,ok,17910
2026-08-31T11:18:45.069+1200,66,2012,202,17,step_start,started,17910
2026-08-31T11:18:45.273+1200,66,2012,202,18,water_start,started,18114
2026-08-31T11:18:45.273+1200,66,2012,202,18,water_topology_complete,ok,18114
2026-08-31T11:18:45.273+1200,66,2012,202,18,water_flux_fold_complete,ok,18114
2026-08-31T11:18:45.273+1200,66,2012,202,18,water_potential_unfold_complete,ok,18114
2026-08-31T11:18:45.367+1200,66,2012,202,18,carbon_complete,ok,18208
2026-08-31T11:18:45.368+1200,66,2012,202,18,output_complete,ok,18209
2026-08-31T11:18:45.369+1200,66,2012,202,18,step_complete,ok,18210
2026-08-31T11:18:45.369+1200,67,2012,202,18,step_start,started,18210
2026-08-31T11:18:45.578+1200,67,2012,202,19,water_start,started,18419
2026-08-31T11:18:45.578+1200,67,2012,202,19,water_topology_complete,ok,18419
2026-08-31T11:18:45.578+1200,67,2012,202,19,water_flux_fold_complete,ok,18419
2026-08-31T11:18:45.578+1200,67,2012,202,19,water_potential_unfold_complete,ok,18419
2026-08-31T11:18:45.671+1200,67,2012,202,19,carbon_complete,ok,18512
2026-08-31T11:18:45.672+1200,67,2012,202,19,output_complete,ok,18513
2026-08-31T11:18:45.673+1200,67,2012,202,19,step_complete,ok,18514
2026-08-31T11:18:45.673+1200,68,2012,202,19,step_start,started,18514
2026-08-31T11:18:45.875+1200,68,2012,202,20,water_start,started,18716
2026-08-31T11:18:45.875+1200,68,2012,202,20,water_topology_complete,ok,18716
2026-08-31T11:18:45.875+1200,68,2012,202,20,water_flux_fold_complete,ok,18716
2026-08-31T11:18:45.875+1200,68,2012,202,20,water_potential_unfold_complete,ok,18716
2026-08-31T11:18:45.967+1200,68,2012,202,20,carbon_complete,ok,18808
2026-08-31T11:18:45.969+1200,68,2012,202,20,output_complete,ok,18810
2026-08-31T11:18:45.970+1200,68,2012,202,20,step_complete,ok,18811
2026-08-31T11:18:45.970+1200,69,2012,202,20,step_start,started,18811
2026-08-31T11:18:45.972+1200,69,2012,202,21,water_start,started,18813
2026-08-31T11:18:45.972+1200,69,2012,202,21,water_topology_complete,ok,18813
2026-08-31T11:18:45.972+1200,69,2012,202,21,water_flux_fold_complete,ok,18813
2026-08-31T11:18:45.972+1200,69,2012,202,21,water_potential_unfold_complete,ok,18813
2026-08-31T11:18:46.064+1200,69,2012,202,21,carbon_complete,ok,18905
2026-08-31T11:18:46.065+1200,69,2012,202,21,output_complete,ok,18906
2026-08-31T11:18:46.065+1200,69,2012,202,21,step_complete,ok,18906
2026-08-31T11:18:46.066+1200,70,2012,202,21,step_start,started,18907
2026-08-31T11:18:46.066+1200,70,2012,202,22,water_start,started,18907
2026-08-31T11:18:46.066+1200,70,2012,202,22,water_topology_complete,ok,18907
2026-08-31T11:18:46.066+1200,70,2012,202,22,water_flux_fold_complete,ok,18907
2026-08-31T11:18:46.067+1200,70,2012,202,22,water_potential_unfold_complete,ok,18908
2026-08-31T11:18:46.158+1200,70,2012,202,22,carbon_complete,ok,18999
2026-08-31T11:18:46.226+1200,70,2012,202,22,output_complete,ok,19067
2026-08-31T11:18:46.227+1200,70,2012,202,22,step_complete,ok,19068
2026-08-31T11:18:46.227+1200,71,2012,202,22,step_start,started,19068
2026-08-31T11:18:46.229+1200,71,2012,202,23,water_start,started,19070
2026-08-31T11:18:46.229+1200,71,2012,202,23,water_topology_complete,ok,19070
2026-08-31T11:18:46.229+1200,71,2012,202,23,water_flux_fold_complete,ok,19070
2026-08-31T11:18:46.230+1200,71,2012,202,23,water_potential_unfold_complete,ok,19071
2026-08-31T11:18:46.318+1200,71,2012,202,23,carbon_complete,ok,19159
2026-08-31T11:18:46.319+1200,71,2012,202,23,output_complete,ok,19160
2026-08-31T11:18:46.320+1200,71,2012,202,23,step_complete,ok,19161
2026-08-31T11:18:46.320+1200,72,2012,202,23,step_start,started,19161
2026-08-31T11:18:46.320+1200,72,2012,203,0,water_start,started,19161
2026-08-31T11:18:46.320+1200,72,2012,203,0,water_topology_complete,ok,19161
2026-08-31T11:18:46.320+1200,72,2012,203,0,water_flux_fold_complete,ok,19161
2026-08-31T11:18:46.321+1200,72,2012,203,0,water_potential_unfold_complete,ok,19162
2026-08-31T11:18:46.408+1200,72,2012,203,0,carbon_complete,ok,19249
2026-08-31T11:18:46.409+1200,72,2012,203,0,output_complete,ok,19250
2026-08-31T11:18:46.409+1200,72,2012,203,0,step_complete,ok,19250
2026-08-31T11:18:46.409+1200,73,2012,203,0,step_start,started,19250
2026-08-31T11:18:46.410+1200,73,2012,203,1,water_start,started,19251
2026-08-31T11:18:46.410+1200,73,2012,203,1,water_topology_complete,ok,19251
2026-08-31T11:18:46.410+1200,73,2012,203,1,water_flux_fold_complete,ok,19251
2026-08-31T11:18:46.410+1200,73,2012,203,1,water_potential_unfold_complete,ok,19251
2026-08-31T11:18:46.499+1200,73,2012,203,1,carbon_complete,ok,19340
2026-08-31T11:18:46.501+1200,73,2012,203,1,output_complete,ok,19342
2026-08-31T11:18:46.502+1200,73,2012,203,1,step_complete,ok,19343
2026-08-31T11:18:46.502+1200,74,2012,203,1,step_start,started,19343
2026-08-31T11:18:46.504+1200,74,2012,203,2,water_start,started,19345
2026-08-31T11:18:46.504+1200,74,2012,203,2,water_topology_complete,ok,19345
2026-08-31T11:18:46.504+1200,74,2012,203,2,water_flux_fold_complete,ok,19345
2026-08-31T11:18:46.504+1200,74,2012,203,2,water_potential_unfold_complete,ok,19345
2026-08-31T11:18:46.597+1200,74,2012,203,2,carbon_complete,ok,19438
2026-08-31T11:18:46.599+1200,74,2012,203,2,output_complete,ok,19440
2026-08-31T11:18:46.600+1200,74,2012,203,2,step_complete,ok,19441
2026-08-31T11:18:46.600+1200,75,2012,203,2,step_start,started,19441
2026-08-31T11:18:46.601+1200,75,2012,203,3,water_start,started,19442
2026-08-31T11:18:46.601+1200,75,2012,203,3,water_topology_complete,ok,19442
2026-08-31T11:18:46.602+1200,75,2012,203,3,water_flux_fold_complete,ok,19443
2026-08-31T11:18:46.602+1200,75,2012,203,3,water_potential_unfold_complete,ok,19443
2026-08-31T11:18:46.691+1200,75,2012,203,3,carbon_complete,ok,19532
2026-08-31T11:18:46.692+1200,75,2012,203,3,output_complete,ok,19533
2026-08-31T11:18:46.693+1200,75,2012,203,3,step_complete,ok,19534
2026-08-31T11:18:46.693+1200,76,2012,203,3,step_start,started,19534
2026-08-31T11:18:46.693+1200,76,2012,203,4,water_start,started,19534
2026-08-31T11:18:46.693+1200,76,2012,203,4,water_topology_complete,ok,19534
2026-08-31T11:18:46.693+1200,76,2012,203,4,water_flux_fold_complete,ok,19534
2026-08-31T11:18:46.693+1200,76,2012,203,4,water_potential_unfold_complete,ok,19534
2026-08-31T11:18:46.782+1200,76,2012,203,4,carbon_complete,ok,19623
2026-08-31T11:18:46.783+1200,76,2012,203,4,output_complete,ok,19624
2026-08-31T11:18:46.784+1200,76,2012,203,4,step_complete,ok,19625
2026-08-31T11:18:46.784+1200,77,2012,203,4,step_start,started,19625
2026-08-31T11:18:46.784+1200,77,2012,203,5,water_start,started,19625
2026-08-31T11:18:46.784+1200,77,2012,203,5,water_topology_complete,ok,19625
2026-08-31T11:18:46.784+1200,77,2012,203,5,water_flux_fold_complete,ok,19625
2026-08-31T11:18:46.784+1200,77,2012,203,5,water_potential_unfold_complete,ok,19625
2026-08-31T11:18:46.875+1200,77,2012,203,5,carbon_complete,ok,19716
2026-08-31T11:18:46.876+1200,77,2012,203,5,output_complete,ok,19717
2026-08-31T11:18:46.877+1200,77,2012,203,5,step_complete,ok,19718
2026-08-31T11:18:46.877+1200,78,2012,203,5,step_start,started,19718
2026-08-31T11:18:46.877+1200,78,2012,203,6,water_start,started,19718
2026-08-31T11:18:46.877+1200,78,2012,203,6,water_topology_complete,ok,19718
2026-08-31T11:18:46.877+1200,78,2012,203,6,water_flux_fold_complete,ok,19718
2026-08-31T11:18:46.878+1200,78,2012,203,6,water_potential_unfold_complete,ok,19719
2026-08-31T11:18:46.967+1200,78,2012,203,6,carbon_complete,ok,19808
2026-08-31T11:18:46.967+1200,78,2012,203,6,output_complete,ok,19808
2026-08-31T11:18:46.968+1200,78,2012,203,6,step_complete,ok,19809
2026-08-31T11:18:46.968+1200,79,2012,203,6,step_start,started,19809
2026-08-31T11:18:47.170+1200,79,2012,203,7,water_start,started,20011
2026-08-31T11:18:47.170+1200,79,2012,203,7,water_topology_complete,ok,20011
2026-08-31T11:18:47.170+1200,79,2012,203,7,water_flux_fold_complete,ok,20011
2026-08-31T11:18:47.170+1200,79,2012,203,7,water_potential_unfold_complete,ok,20011
2026-08-31T11:18:47.258+1200,79,2012,203,7,carbon_complete,ok,20099
2026-08-31T11:18:47.259+1200,79,2012,203,7,output_complete,ok,20100
2026-08-31T11:18:47.259+1200,79,2012,203,7,step_complete,ok,20100
2026-08-31T11:18:47.259+1200,80,2012,203,7,step_start,started,20100
2026-08-31T11:18:47.458+1200,80,2012,203,8,water_start,started,20299
2026-08-31T11:18:47.458+1200,80,2012,203,8,water_topology_complete,ok,20299
2026-08-31T11:18:47.458+1200,80,2012,203,8,water_flux_fold_complete,ok,20299
2026-08-31T11:18:47.458+1200,80,2012,203,8,water_potential_unfold_complete,ok,20299
2026-08-31T11:18:47.550+1200,80,2012,203,8,carbon_complete,ok,20391
2026-08-31T11:18:47.653+1200,80,2012,203,8,output_complete,ok,20494
2026-08-31T11:18:47.653+1200,80,2012,203,8,step_complete,ok,20494
2026-08-31T11:18:47.653+1200,81,2012,203,8,step_start,started,20494
2026-08-31T11:18:47.857+1200,81,2012,203,9,water_start,started,20698
2026-08-31T11:18:47.858+1200,81,2012,203,9,water_topology_complete,ok,20699
2026-08-31T11:18:47.858+1200,81,2012,203,9,water_flux_fold_complete,ok,20699
2026-08-31T11:18:47.858+1200,81,2012,203,9,water_potential_unfold_complete,ok,20699
2026-08-31T11:18:47.968+1200,81,2012,203,9,carbon_complete,ok,20809
2026-08-31T11:18:47.970+1200,81,2012,203,9,output_complete,ok,20811
2026-08-31T11:18:47.971+1200,81,2012,203,9,step_complete,ok,20812
2026-08-31T11:18:47.971+1200,82,2012,203,9,step_start,started,20812
2026-08-31T11:18:48.179+1200,82,2012,203,10,water_start,started,21020
2026-08-31T11:18:48.179+1200,82,2012,203,10,water_topology_complete,ok,21020
2026-08-31T11:18:48.179+1200,82,2012,203,10,water_flux_fold_complete,ok,21020
2026-08-31T11:18:48.179+1200,82,2012,203,10,water_potential_unfold_complete,ok,21020
2026-08-31T11:18:48.269+1200,82,2012,203,10,carbon_complete,ok,21110
2026-08-31T11:18:48.271+1200,82,2012,203,10,output_complete,ok,21112
2026-08-31T11:18:48.271+1200,82,2012,203,10,step_complete,ok,21112
2026-08-31T11:18:48.271+1200,83,2012,203,10,step_start,started,21112
2026-08-31T11:18:48.478+1200,83,2012,203,11,water_start,started,21319
2026-08-31T11:18:48.478+1200,83,2012,203,11,water_topology_complete,ok,21319
2026-08-31T11:18:48.478+1200,83,2012,203,11,water_flux_fold_complete,ok,21319
2026-08-31T11:18:48.478+1200,83,2012,203,11,water_potential_unfold_complete,ok,21319
2026-08-31T11:18:48.569+1200,83,2012,203,11,carbon_complete,ok,21410
2026-08-31T11:18:48.571+1200,83,2012,203,11,output_complete,ok,21412
2026-08-31T11:18:48.572+1200,83,2012,203,11,step_complete,ok,21413
2026-08-31T11:18:48.572+1200,84,2012,203,11,step_start,started,21413
2026-08-31T11:18:48.781+1200,84,2012,203,12,water_start,started,21622
2026-08-31T11:18:48.782+1200,84,2012,203,12,water_topology_complete,ok,21623
2026-08-31T11:18:48.782+1200,84,2012,203,12,water_flux_fold_complete,ok,21623
2026-08-31T11:18:48.782+1200,84,2012,203,12,water_potential_unfold_complete,ok,21623
2026-08-31T11:18:48.871+1200,84,2012,203,12,carbon_complete,ok,21712
2026-08-31T11:18:48.873+1200,84,2012,203,12,output_complete,ok,21714
2026-08-31T11:18:48.873+1200,84,2012,203,12,step_complete,ok,21714
2026-08-31T11:18:48.874+1200,85,2012,203,12,step_start,started,21715
2026-08-31T11:18:49.083+1200,85,2012,203,13,water_start,started,21924
2026-08-31T11:18:49.084+1200,85,2012,203,13,water_topology_complete,ok,21925
2026-08-31T11:18:49.084+1200,85,2012,203,13,water_flux_fold_complete,ok,21925
2026-08-31T11:18:49.084+1200,85,2012,203,13,water_potential_unfold_complete,ok,21925
2026-08-31T11:18:49.173+1200,85,2012,203,13,carbon_complete,ok,22014
2026-08-31T11:18:49.174+1200,85,2012,203,13,output_complete,ok,22015
2026-08-31T11:18:49.174+1200,85,2012,203,13,step_complete,ok,22015
2026-08-31T11:18:49.174+1200,86,2012,203,13,step_start,started,22015
2026-08-31T11:18:49.371+1200,86,2012,203,14,water_start,started,22212
2026-08-31T11:18:49.372+1200,86,2012,203,14,water_topology_complete,ok,22213
2026-08-31T11:18:49.372+1200,86,2012,203,14,water_flux_fold_complete,ok,22213
2026-08-31T11:18:49.372+1200,86,2012,203,14,water_potential_unfold_complete,ok,22213
2026-08-31T11:18:49.461+1200,86,2012,203,14,carbon_complete,ok,22302
2026-08-31T11:18:49.463+1200,86,2012,203,14,output_complete,ok,22304
2026-08-31T11:18:49.463+1200,86,2012,203,14,step_complete,ok,22304
2026-08-31T11:18:49.463+1200,87,2012,203,14,step_start,started,22304
2026-08-31T11:18:49.654+1200,87,2012,203,15,water_start,started,22495
2026-08-31T11:18:49.655+1200,87,2012,203,15,water_topology_complete,ok,22496
2026-08-31T11:18:49.655+1200,87,2012,203,15,water_flux_fold_complete,ok,22496
2026-08-31T11:18:49.655+1200,87,2012,203,15,water_potential_unfold_complete,ok,22496
2026-08-31T11:18:49.744+1200,87,2012,203,15,carbon_complete,ok,22585
2026-08-31T11:18:49.745+1200,87,2012,203,15,output_complete,ok,22586
2026-08-31T11:18:49.745+1200,87,2012,203,15,step_complete,ok,22586
2026-08-31T11:18:49.746+1200,88,2012,203,15,step_start,started,22587
2026-08-31T11:18:49.943+1200,88,2012,203,16,water_start,started,22784
2026-08-31T11:18:49.943+1200,88,2012,203,16,water_topology_complete,ok,22784
2026-08-31T11:18:49.943+1200,88,2012,203,16,water_flux_fold_complete,ok,22784
2026-08-31T11:18:49.943+1200,88,2012,203,16,water_potential_unfold_complete,ok,22784
2026-08-31T11:18:50.033+1200,88,2012,203,16,carbon_complete,ok,22874
2026-08-31T11:18:50.035+1200,88,2012,203,16,output_complete,ok,22876
2026-08-31T11:18:50.036+1200,88,2012,203,16,step_complete,ok,22877
2026-08-31T11:18:50.036+1200,89,2012,203,16,step_start,started,22877
2026-08-31T11:18:50.235+1200,89,2012,203,17,water_start,started,23076
2026-08-31T11:18:50.236+1200,89,2012,203,17,water_topology_complete,ok,23077
2026-08-31T11:18:50.236+1200,89,2012,203,17,water_flux_fold_complete,ok,23077
2026-08-31T11:18:50.236+1200,89,2012,203,17,water_potential_unfold_complete,ok,23077
2026-08-31T11:18:50.328+1200,89,2012,203,17,carbon_complete,ok,23169
2026-08-31T11:18:50.330+1200,89,2012,203,17,output_complete,ok,23171
2026-08-31T11:18:50.331+1200,89,2012,203,17,step_complete,ok,23172
2026-08-31T11:18:50.331+1200,90,2012,203,17,step_start,started,23172
2026-08-31T11:18:50.529+1200,90,2012,203,18,water_start,started,23370
2026-08-31T11:18:50.530+1200,90,2012,203,18,water_topology_complete,ok,23371
2026-08-31T11:18:50.530+1200,90,2012,203,18,water_flux_fold_complete,ok,23371
2026-08-31T11:18:50.530+1200,90,2012,203,18,water_potential_unfold_complete,ok,23371
2026-08-31T11:18:50.620+1200,90,2012,203,18,carbon_complete,ok,23461
2026-08-31T11:18:50.695+1200,90,2012,203,18,output_complete,ok,23536
2026-08-31T11:18:50.696+1200,90,2012,203,18,step_complete,ok,23537
2026-08-31T11:18:50.696+1200,91,2012,203,18,step_start,started,23537
2026-08-31T11:18:50.908+1200,91,2012,203,19,water_start,started,23749
2026-08-31T11:18:50.908+1200,91,2012,203,19,water_topology_complete,ok,23749
2026-08-31T11:18:50.908+1200,91,2012,203,19,water_flux_fold_complete,ok,23749
2026-08-31T11:18:50.908+1200,91,2012,203,19,water_potential_unfold_complete,ok,23749
2026-08-31T11:18:51.021+1200,91,2012,203,19,carbon_complete,ok,23862
2026-08-31T11:18:51.022+1200,91,2012,203,19,output_complete,ok,23863
2026-08-31T11:18:51.023+1200,91,2012,203,19,step_complete,ok,23864
2026-08-31T11:18:51.023+1200,92,2012,203,19,step_start,started,23864
2026-08-31T11:18:51.220+1200,92,2012,203,20,water_start,started,24061
2026-08-31T11:18:51.220+1200,92,2012,203,20,water_topology_complete,ok,24061
2026-08-31T11:18:51.220+1200,92,2012,203,20,water_flux_fold_complete,ok,24061
2026-08-31T11:18:51.220+1200,92,2012,203,20,water_potential_unfold_complete,ok,24061
2026-08-31T11:18:51.309+1200,92,2012,203,20,carbon_complete,ok,24150
2026-08-31T11:18:51.310+1200,92,2012,203,20,output_complete,ok,24151
2026-08-31T11:18:51.310+1200,92,2012,203,20,step_complete,ok,24151
2026-08-31T11:18:51.310+1200,93,2012,203,20,step_start,started,24151
2026-08-31T11:18:51.310+1200,93,2012,203,21,water_start,started,24151
2026-08-31T11:18:51.311+1200,93,2012,203,21,water_topology_complete,ok,24152
2026-08-31T11:18:51.311+1200,93,2012,203,21,water_flux_fold_complete,ok,24152
2026-08-31T11:18:51.311+1200,93,2012,203,21,water_potential_unfold_complete,ok,24152
2026-08-31T11:18:51.400+1200,93,2012,203,21,carbon_complete,ok,24241
2026-08-31T11:18:51.401+1200,93,2012,203,21,output_complete,ok,24242
2026-08-31T11:18:51.401+1200,93,2012,203,21,step_complete,ok,24242
2026-08-31T11:18:51.401+1200,94,2012,203,21,step_start,started,24242
2026-08-31T11:18:51.402+1200,94,2012,203,22,water_start,started,24243
2026-08-31T11:18:51.402+1200,94,2012,203,22,water_topology_complete,ok,24243
2026-08-31T11:18:51.402+1200,94,2012,203,22,water_flux_fold_complete,ok,24243
2026-08-31T11:18:51.402+1200,94,2012,203,22,water_potential_unfold_complete,ok,24243
2026-08-31T11:18:51.490+1200,94,2012,203,22,carbon_complete,ok,24331
2026-08-31T11:18:51.491+1200,94,2012,203,22,output_complete,ok,24332
2026-08-31T11:18:51.492+1200,94,2012,203,22,step_complete,ok,24333
2026-08-31T11:18:51.492+1200,95,2012,203,22,step_start,started,24333
2026-08-31T11:18:51.492+1200,95,2012,203,23,water_start,started,24333
2026-08-31T11:18:51.492+1200,95,2012,203,23,water_topology_complete,ok,24333
2026-08-31T11:18:51.492+1200,95,2012,203,23,water_flux_fold_complete,ok,24333
2026-08-31T11:18:51.492+1200,95,2012,203,23,water_potential_unfold_complete,ok,24333
2026-08-31T11:18:51.581+1200,95,2012,203,23,carbon_complete,ok,24422
2026-08-31T11:18:51.582+1200,95,2012,203,23,output_complete,ok,24423
2026-08-31T11:18:51.582+1200,95,2012,203,23,step_complete,ok,24423
2026-08-31T11:18:51.582+1200,96,2012,203,23,step_start,started,24423
2026-08-31T11:18:51.583+1200,96,2012,204,0,water_start,started,24424
2026-08-31T11:18:51.583+1200,96,2012,204,0,water_topology_complete,ok,24424
2026-08-31T11:18:51.583+1200,96,2012,204,0,water_flux_fold_complete,ok,24424
2026-08-31T11:18:51.583+1200,96,2012,204,0,water_potential_unfold_complete,ok,24424
2026-08-31T11:18:51.672+1200,96,2012,204,0,carbon_complete,ok,24513
2026-08-31T11:18:51.673+1200,96,2012,204,0,output_complete,ok,24514
2026-08-31T11:18:51.673+1200,96,2012,204,0,step_complete,ok,24514
2026-08-31T11:18:51.673+1200,97,2012,204,0,step_start,started,24514
2026-08-31T11:18:51.674+1200,97,2012,204,1,water_start,started,24515
2026-08-31T11:18:51.674+1200,97,2012,204,1,water_topology_complete,ok,24515
2026-08-31T11:18:51.674+1200,97,2012,204,1,water_flux_fold_complete,ok,24515
2026-08-31T11:18:51.674+1200,97,2012,204,1,water_potential_unfold_complete,ok,24515
2026-08-31T11:18:51.763+1200,97,2012,204,1,carbon_complete,ok,24604
2026-08-31T11:18:51.764+1200,97,2012,204,1,output_complete,ok,24605
2026-08-31T11:18:51.764+1200,97,2012,204,1,step_complete,ok,24605
2026-08-31T11:18:51.764+1200,98,2012,204,1,step_start,started,24605
2026-08-31T11:18:51.765+1200,98,2012,204,2,water_start,started,24606
2026-08-31T11:18:51.765+1200,98,2012,204,2,water_topology_complete,ok,24606
2026-08-31T11:18:51.765+1200,98,2012,204,2,water_flux_fold_complete,ok,24606
2026-08-31T11:18:51.765+1200,98,2012,204,2,water_potential_unfold_complete,ok,24606
2026-08-31T11:18:51.853+1200,98,2012,204,2,carbon_complete,ok,24694
2026-08-31T11:18:51.854+1200,98,2012,204,2,output_complete,ok,24695
2026-08-31T11:18:51.854+1200,98,2012,204,2,step_complete,ok,24695
2026-08-31T11:18:51.854+1200,99,2012,204,2,step_start,started,24695
2026-08-31T11:18:51.855+1200,99,2012,204,3,water_start,started,24696
2026-08-31T11:18:51.855+1200,99,2012,204,3,water_topology_complete,ok,24696
2026-08-31T11:18:51.855+1200,99,2012,204,3,water_flux_fold_complete,ok,24696
2026-08-31T11:18:51.855+1200,99,2012,204,3,water_potential_unfold_complete,ok,24696
2026-08-31T11:18:51.943+1200,99,2012,204,3,carbon_complete,ok,24784
2026-08-31T11:18:51.944+1200,99,2012,204,3,output_complete,ok,24785
2026-08-31T11:18:51.944+1200,99,2012,204,3,step_complete,ok,24785
2026-08-31T11:18:51.944+1200,100,2012,204,3,step_start,started,24785
2026-08-31T11:18:51.945+1200,100,2012,204,4,water_start,started,24786
2026-08-31T11:18:51.945+1200,100,2012,204,4,water_topology_complete,ok,24786
2026-08-31T11:18:51.945+1200,100,2012,204,4,water_flux_fold_complete,ok,24786
2026-08-31T11:18:51.945+1200,100,2012,204,4,water_potential_unfold_complete,ok,24786
2026-08-31T11:18:52.033+1200,100,2012,204,4,carbon_complete,ok,24874
2026-08-31T11:18:52.140+1200,100,2012,204,4,output_complete,ok,24981
2026-08-31T11:18:52.140+1200,100,2012,204,4,step_complete,ok,24981
2026-08-31T11:18:52.140+1200,101,2012,204,4,step_start,started,24981
2026-08-31T11:18:52.142+1200,101,2012,204,5,water_start,started,24983
2026-08-31T11:18:52.142+1200,101,2012,204,5,water_topology_complete,ok,24983
2026-08-31T11:18:52.142+1200,101,2012,204,5,water_flux_fold_complete,ok,24983
2026-08-31T11:18:52.142+1200,101,2012,204,5,water_potential_unfold_complete,ok,24983
2026-08-31T11:18:52.234+1200,101,2012,204,5,carbon_complete,ok,25075
2026-08-31T11:18:52.235+1200,101,2012,204,5,output_complete,ok,25076
2026-08-31T11:18:52.235+1200,101,2012,204,5,step_complete,ok,25076
2026-08-31T11:18:52.235+1200,102,2012,204,5,step_start,started,25076
2026-08-31T11:18:52.236+1200,102,2012,204,6,water_start,started,25077
2026-08-31T11:18:52.236+1200,102,2012,204,6,water_topology_complete,ok,25077
2026-08-31T11:18:52.236+1200,102,2012,204,6,water_flux_fold_complete,ok,25077
2026-08-31T11:18:52.236+1200,102,2012,204,6,water_potential_unfold_complete,ok,25077
2026-08-31T11:18:52.326+1200,102,2012,204,6,carbon_complete,ok,25167
2026-08-31T11:18:52.326+1200,102,2012,204,6,output_complete,ok,25167
2026-08-31T11:18:52.327+1200,102,2012,204,6,step_complete,ok,25168
2026-08-31T11:18:52.327+1200,103,2012,204,6,step_start,started,25168
2026-08-31T11:18:52.532+1200,103,2012,204,7,water_start,started,25373
2026-08-31T11:18:52.532+1200,103,2012,204,7,water_topology_complete,ok,25373
2026-08-31T11:18:52.532+1200,103,2012,204,7,water_flux_fold_complete,ok,25373
2026-08-31T11:18:52.532+1200,103,2012,204,7,water_potential_unfold_complete,ok,25373
2026-08-31T11:18:52.625+1200,103,2012,204,7,carbon_complete,ok,25466
2026-08-31T11:18:52.627+1200,103,2012,204,7,output_complete,ok,25468
2026-08-31T11:18:52.627+1200,103,2012,204,7,step_complete,ok,25468
2026-08-31T11:18:52.628+1200,104,2012,204,7,step_start,started,25469
2026-08-31T11:18:52.839+1200,104,2012,204,8,water_start,started,25680
2026-08-31T11:18:52.839+1200,104,2012,204,8,water_topology_complete,ok,25680
2026-08-31T11:18:52.839+1200,104,2012,204,8,water_flux_fold_complete,ok,25680
2026-08-31T11:18:52.839+1200,104,2012,204,8,water_potential_unfold_complete,ok,25680
2026-08-31T11:18:52.930+1200,104,2012,204,8,carbon_complete,ok,25771
2026-08-31T11:18:52.931+1200,104,2012,204,8,output_complete,ok,25772
2026-08-31T11:18:52.931+1200,104,2012,204,8,step_complete,ok,25772
2026-08-31T11:18:52.931+1200,105,2012,204,8,step_start,started,25772
2026-08-31T11:18:53.128+1200,105,2012,204,9,water_start,started,25969
2026-08-31T11:18:53.129+1200,105,2012,204,9,water_topology_complete,ok,25970
2026-08-31T11:18:53.129+1200,105,2012,204,9,water_flux_fold_complete,ok,25970
2026-08-31T11:18:53.129+1200,105,2012,204,9,water_potential_unfold_complete,ok,25970
2026-08-31T11:18:53.219+1200,105,2012,204,9,carbon_complete,ok,26060
2026-08-31T11:18:53.220+1200,105,2012,204,9,output_complete,ok,26061
2026-08-31T11:18:53.220+1200,105,2012,204,9,step_complete,ok,26061
2026-08-31T11:18:53.220+1200,106,2012,204,9,step_start,started,26061
2026-08-31T11:18:53.419+1200,106,2012,204,10,water_start,started,26260
2026-08-31T11:18:53.419+1200,106,2012,204,10,water_topology_complete,ok,26260
2026-08-31T11:18:53.419+1200,106,2012,204,10,water_flux_fold_complete,ok,26260
2026-08-31T11:18:53.419+1200,106,2012,204,10,water_potential_unfold_complete,ok,26260
2026-08-31T11:18:53.508+1200,106,2012,204,10,carbon_complete,ok,26349
2026-08-31T11:18:53.509+1200,106,2012,204,10,output_complete,ok,26350
2026-08-31T11:18:53.509+1200,106,2012,204,10,step_complete,ok,26350
2026-08-31T11:18:53.509+1200,107,2012,204,10,step_start,started,26350
2026-08-31T11:18:53.705+1200,107,2012,204,11,water_start,started,26546
2026-08-31T11:18:53.705+1200,107,2012,204,11,water_topology_complete,ok,26546
2026-08-31T11:18:53.705+1200,107,2012,204,11,water_flux_fold_complete,ok,26546
2026-08-31T11:18:53.705+1200,107,2012,204,11,water_potential_unfold_complete,ok,26546
2026-08-31T11:18:53.795+1200,107,2012,204,11,carbon_complete,ok,26636
2026-08-31T11:18:53.797+1200,107,2012,204,11,output_complete,ok,26638
2026-08-31T11:18:53.797+1200,107,2012,204,11,step_complete,ok,26638
2026-08-31T11:18:53.797+1200,108,2012,204,11,step_start,started,26638
2026-08-31T11:18:54.001+1200,108,2012,204,12,water_start,started,26842
2026-08-31T11:18:54.001+1200,108,2012,204,12,water_topology_complete,ok,26842
2026-08-31T11:18:54.001+1200,108,2012,204,12,water_flux_fold_complete,ok,26842
2026-08-31T11:18:54.001+1200,108,2012,204,12,water_potential_unfold_complete,ok,26842
2026-08-31T11:18:54.092+1200,108,2012,204,12,carbon_complete,ok,26933
2026-08-31T11:18:54.094+1200,108,2012,204,12,output_complete,ok,26935
2026-08-31T11:18:54.094+1200,108,2012,204,12,step_complete,ok,26935
2026-08-31T11:18:54.094+1200,109,2012,204,12,step_start,started,26935
2026-08-31T11:18:54.299+1200,109,2012,204,13,water_start,started,27140
2026-08-31T11:18:54.299+1200,109,2012,204,13,water_topology_complete,ok,27140
2026-08-31T11:18:54.299+1200,109,2012,204,13,water_flux_fold_complete,ok,27140
2026-08-31T11:18:54.299+1200,109,2012,204,13,water_potential_unfold_complete,ok,27140
2026-08-31T11:18:54.388+1200,109,2012,204,13,carbon_complete,ok,27229
2026-08-31T11:18:54.389+1200,109,2012,204,13,output_complete,ok,27230
2026-08-31T11:18:54.389+1200,109,2012,204,13,step_complete,ok,27230
2026-08-31T11:18:54.389+1200,110,2012,204,13,step_start,started,27230
2026-08-31T11:18:54.586+1200,110,2012,204,14,water_start,started,27427
2026-08-31T11:18:54.587+1200,110,2012,204,14,water_topology_complete,ok,27428
2026-08-31T11:18:54.587+1200,110,2012,204,14,water_flux_fold_complete,ok,27428
2026-08-31T11:18:54.587+1200,110,2012,204,14,water_potential_unfold_complete,ok,27428
2026-08-31T11:18:54.678+1200,110,2012,204,14,carbon_complete,ok,27519
2026-08-31T11:18:54.745+1200,110,2012,204,14,output_complete,ok,27586
2026-08-31T11:18:54.746+1200,110,2012,204,14,step_complete,ok,27587
2026-08-31T11:18:54.746+1200,111,2012,204,14,step_start,started,27587
2026-08-31T11:18:54.944+1200,111,2012,204,15,water_start,started,27785
2026-08-31T11:18:54.944+1200,111,2012,204,15,water_topology_complete,ok,27785
2026-08-31T11:18:54.944+1200,111,2012,204,15,water_flux_fold_complete,ok,27785
2026-08-31T11:18:54.944+1200,111,2012,204,15,water_potential_unfold_complete,ok,27785
2026-08-31T11:18:55.035+1200,111,2012,204,15,carbon_complete,ok,27876
2026-08-31T11:18:55.036+1200,111,2012,204,15,output_complete,ok,27877
2026-08-31T11:18:55.037+1200,111,2012,204,15,step_complete,ok,27878
2026-08-31T11:18:55.037+1200,112,2012,204,15,step_start,started,27878
2026-08-31T11:18:55.234+1200,112,2012,204,16,water_start,started,28075
2026-08-31T11:18:55.235+1200,112,2012,204,16,water_topology_complete,ok,28076
2026-08-31T11:18:55.235+1200,112,2012,204,16,water_flux_fold_complete,ok,28076
2026-08-31T11:18:55.235+1200,112,2012,204,16,water_potential_unfold_complete,ok,28076
2026-08-31T11:18:55.325+1200,112,2012,204,16,carbon_complete,ok,28166
2026-08-31T11:18:55.326+1200,112,2012,204,16,output_complete,ok,28167
2026-08-31T11:18:55.327+1200,112,2012,204,16,step_complete,ok,28168
2026-08-31T11:18:55.327+1200,113,2012,204,16,step_start,started,28168
2026-08-31T11:18:55.527+1200,113,2012,204,17,water_start,started,28368
2026-08-31T11:18:55.528+1200,113,2012,204,17,water_topology_complete,ok,28369
2026-08-31T11:18:55.528+1200,113,2012,204,17,water_flux_fold_complete,ok,28369
2026-08-31T11:18:55.528+1200,113,2012,204,17,water_potential_unfold_complete,ok,28369
2026-08-31T11:18:55.618+1200,113,2012,204,17,carbon_complete,ok,28459
2026-08-31T11:18:55.618+1200,113,2012,204,17,output_complete,ok,28459
2026-08-31T11:18:55.619+1200,113,2012,204,17,step_complete,ok,28460
2026-08-31T11:18:55.619+1200,114,2012,204,17,step_start,started,28460
2026-08-31T11:18:55.817+1200,114,2012,204,18,water_start,started,28658
2026-08-31T11:18:55.818+1200,114,2012,204,18,water_topology_complete,ok,28659
2026-08-31T11:18:55.818+1200,114,2012,204,18,water_flux_fold_complete,ok,28659
2026-08-31T11:18:55.818+1200,114,2012,204,18,water_potential_unfold_complete,ok,28659
2026-08-31T11:18:55.910+1200,114,2012,204,18,carbon_complete,ok,28751
2026-08-31T11:18:55.911+1200,114,2012,204,18,output_complete,ok,28752
2026-08-31T11:18:55.911+1200,114,2012,204,18,step_complete,ok,28752
2026-08-31T11:18:55.912+1200,115,2012,204,18,step_start,started,28753
2026-08-31T11:18:56.105+1200,115,2012,204,19,water_start,started,28946
2026-08-31T11:18:56.105+1200,115,2012,204,19,water_topology_complete,ok,28946
2026-08-31T11:18:56.105+1200,115,2012,204,19,water_flux_fold_complete,ok,28946
2026-08-31T11:18:56.105+1200,115,2012,204,19,water_potential_unfold_complete,ok,28946
2026-08-31T11:18:56.196+1200,115,2012,204,19,carbon_complete,ok,29037
2026-08-31T11:18:56.197+1200,115,2012,204,19,output_complete,ok,29038
2026-08-31T11:18:56.197+1200,115,2012,204,19,step_complete,ok,29038
2026-08-31T11:18:56.197+1200,116,2012,204,19,step_start,started,29038
2026-08-31T11:18:56.403+1200,116,2012,204,20,water_start,started,29244
2026-08-31T11:18:56.403+1200,116,2012,204,20,water_topology_complete,ok,29244
2026-08-31T11:18:56.403+1200,116,2012,204,20,water_flux_fold_complete,ok,29244
2026-08-31T11:18:56.404+1200,116,2012,204,20,water_potential_unfold_complete,ok,29245
2026-08-31T11:18:56.497+1200,116,2012,204,20,carbon_complete,ok,29338
2026-08-31T11:18:56.498+1200,116,2012,204,20,output_complete,ok,29339
2026-08-31T11:18:56.499+1200,116,2012,204,20,step_complete,ok,29340
2026-08-31T11:18:56.499+1200,117,2012,204,20,step_start,started,29340
2026-08-31T11:18:56.499+1200,117,2012,204,21,water_start,started,29340
2026-08-31T11:18:56.499+1200,117,2012,204,21,water_topology_complete,ok,29340
2026-08-31T11:18:56.499+1200,117,2012,204,21,water_flux_fold_complete,ok,29340
2026-08-31T11:18:56.499+1200,117,2012,204,21,water_potential_unfold_complete,ok,29340
2026-08-31T11:18:56.593+1200,117,2012,204,21,carbon_complete,ok,29434
2026-08-31T11:18:56.594+1200,117,2012,204,21,output_complete,ok,29435
2026-08-31T11:18:56.594+1200,117,2012,204,21,step_complete,ok,29435
2026-08-31T11:18:56.594+1200,118,2012,204,21,step_start,started,29435
2026-08-31T11:18:56.595+1200,118,2012,204,22,water_start,started,29436
2026-08-31T11:18:56.595+1200,118,2012,204,22,water_topology_complete,ok,29436
2026-08-31T11:18:56.595+1200,118,2012,204,22,water_flux_fold_complete,ok,29436
2026-08-31T11:18:56.595+1200,118,2012,204,22,water_potential_unfold_complete,ok,29436
2026-08-31T11:18:56.688+1200,118,2012,204,22,carbon_complete,ok,29529
2026-08-31T11:18:56.689+1200,118,2012,204,22,output_complete,ok,29530
2026-08-31T11:18:56.689+1200,118,2012,204,22,step_complete,ok,29530
2026-08-31T11:18:56.689+1200,119,2012,204,22,step_start,started,29530
2026-08-31T11:18:56.690+1200,119,2012,204,23,water_start,started,29531
2026-08-31T11:18:56.690+1200,119,2012,204,23,water_topology_complete,ok,29531
2026-08-31T11:18:56.690+1200,119,2012,204,23,water_flux_fold_complete,ok,29531
2026-08-31T11:18:56.690+1200,119,2012,204,23,water_potential_unfold_complete,ok,29531
2026-08-31T11:18:56.783+1200,119,2012,204,23,carbon_complete,ok,29624
2026-08-31T11:18:56.784+1200,119,2012,204,23,output_complete,ok,29625
2026-08-31T11:18:56.784+1200,119,2012,204,23,step_complete,ok,29625
2026-08-31T11:18:56.784+1200,120,2012,204,23,step_start,started,29625
2026-08-31T11:18:56.785+1200,120,2012,205,0,water_start,started,29626
2026-08-31T11:18:56.785+1200,120,2012,205,0,water_topology_complete,ok,29626
2026-08-31T11:18:56.785+1200,120,2012,205,0,water_flux_fold_complete,ok,29626
2026-08-31T11:18:56.785+1200,120,2012,205,0,water_potential_unfold_complete,ok,29626
2026-08-31T11:18:56.876+1200,120,2012,205,0,carbon_complete,ok,29717
2026-08-31T11:18:57.017+1200,120,2012,205,0,output_complete,ok,29858
2026-08-31T11:18:57.018+1200,120,2012,205,0,step_complete,ok,29859
2026-08-31T11:18:57.018+1200,121,2012,205,0,step_start,started,29859
2026-08-31T11:18:57.019+1200,121,2012,205,1,water_start,started,29860
2026-08-31T11:18:57.019+1200,121,2012,205,1,water_topology_complete,ok,29860
2026-08-31T11:18:57.019+1200,121,2012,205,1,water_flux_fold_complete,ok,29860
2026-08-31T11:18:57.020+1200,121,2012,205,1,water_potential_unfold_complete,ok,29861
2026-08-31T11:18:57.113+1200,121,2012,205,1,carbon_complete,ok,29954
2026-08-31T11:18:57.114+1200,121,2012,205,1,output_complete,ok,29955
2026-08-31T11:18:57.114+1200,121,2012,205,1,step_complete,ok,29955
2026-08-31T11:18:57.114+1200,122,2012,205,1,step_start,started,29955
2026-08-31T11:18:57.114+1200,122,2012,205,2,water_start,started,29955
2026-08-31T11:18:57.115+1200,122,2012,205,2,water_topology_complete,ok,29956
2026-08-31T11:18:57.115+1200,122,2012,205,2,water_flux_fold_complete,ok,29956
2026-08-31T11:18:57.115+1200,122,2012,205,2,water_potential_unfold_complete,ok,29956
2026-08-31T11:18:57.206+1200,122,2012,205,2,carbon_complete,ok,30047
2026-08-31T11:18:57.206+1200,122,2012,205,2,output_complete,ok,30047
2026-08-31T11:18:57.207+1200,122,2012,205,2,step_complete,ok,30048
2026-08-31T11:18:57.207+1200,123,2012,205,2,step_start,started,30048
2026-08-31T11:18:57.207+1200,123,2012,205,3,water_start,started,30048
2026-08-31T11:18:57.207+1200,123,2012,205,3,water_topology_complete,ok,30048
2026-08-31T11:18:57.207+1200,123,2012,205,3,water_flux_fold_complete,ok,30048
2026-08-31T11:18:57.207+1200,123,2012,205,3,water_potential_unfold_complete,ok,30048
2026-08-31T11:18:57.296+1200,123,2012,205,3,carbon_complete,ok,30137
2026-08-31T11:18:57.297+1200,123,2012,205,3,output_complete,ok,30138
2026-08-31T11:18:57.297+1200,123,2012,205,3,step_complete,ok,30138
2026-08-31T11:18:57.297+1200,124,2012,205,3,step_start,started,30138
2026-08-31T11:18:57.298+1200,124,2012,205,4,water_start,started,30139
2026-08-31T11:18:57.298+1200,124,2012,205,4,water_topology_complete,ok,30139
2026-08-31T11:18:57.298+1200,124,2012,205,4,water_flux_fold_complete,ok,30139
2026-08-31T11:18:57.298+1200,124,2012,205,4,water_potential_unfold_complete,ok,30139
2026-08-31T11:18:57.386+1200,124,2012,205,4,carbon_complete,ok,30227
2026-08-31T11:18:57.387+1200,124,2012,205,4,output_complete,ok,30228
2026-08-31T11:18:57.387+1200,124,2012,205,4,step_complete,ok,30228
2026-08-31T11:18:57.387+1200,125,2012,205,4,step_start,started,30228
2026-08-31T11:18:57.388+1200,125,2012,205,5,water_start,started,30229
2026-08-31T11:18:57.388+1200,125,2012,205,5,water_topology_complete,ok,30229
2026-08-31T11:18:57.388+1200,125,2012,205,5,water_flux_fold_complete,ok,30229
2026-08-31T11:18:57.388+1200,125,2012,205,5,water_potential_unfold_complete,ok,30229
2026-08-31T11:18:57.476+1200,125,2012,205,5,carbon_complete,ok,30317
2026-08-31T11:18:57.477+1200,125,2012,205,5,output_complete,ok,30318
2026-08-31T11:18:57.477+1200,125,2012,205,5,step_complete,ok,30318
2026-08-31T11:18:57.477+1200,126,2012,205,5,step_start,started,30318
2026-08-31T11:18:57.478+1200,126,2012,205,6,water_start,started,30319
2026-08-31T11:18:57.478+1200,126,2012,205,6,water_topology_complete,ok,30319
2026-08-31T11:18:57.478+1200,126,2012,205,6,water_flux_fold_complete,ok,30319
2026-08-31T11:18:57.478+1200,126,2012,205,6,water_potential_unfold_complete,ok,30319
2026-08-31T11:18:57.568+1200,126,2012,205,6,carbon_complete,ok,30409
2026-08-31T11:18:57.569+1200,126,2012,205,6,output_complete,ok,30410
2026-08-31T11:18:57.569+1200,126,2012,205,6,step_complete,ok,30410
2026-08-31T11:18:57.569+1200,127,2012,205,6,step_start,started,30410
2026-08-31T11:18:57.869+1200,127,2012,205,7,water_start,started,30710
2026-08-31T11:18:57.870+1200,127,2012,205,7,water_topology_complete,ok,30711
2026-08-31T11:18:57.870+1200,127,2012,205,7,water_flux_fold_complete,ok,30711
2026-08-31T11:18:57.870+1200,127,2012,205,7,water_potential_unfold_complete,ok,30711
2026-08-31T11:18:57.959+1200,127,2012,205,7,carbon_complete,ok,30800
2026-08-31T11:18:57.959+1200,127,2012,205,7,output_complete,ok,30800
2026-08-31T11:18:57.960+1200,127,2012,205,7,step_complete,ok,30801
2026-08-31T11:18:57.960+1200,128,2012,205,7,step_start,started,30801
2026-08-31T11:18:58.151+1200,128,2012,205,8,water_start,started,30992
2026-08-31T11:18:58.151+1200,128,2012,205,8,water_topology_complete,ok,30992
2026-08-31T11:18:58.151+1200,128,2012,205,8,water_flux_fold_complete,ok,30992
2026-08-31T11:18:58.151+1200,128,2012,205,8,water_potential_unfold_complete,ok,30992
2026-08-31T11:18:58.242+1200,128,2012,205,8,carbon_complete,ok,31083
2026-08-31T11:18:58.270+1200,128,2012,205,8,output_complete,ok,31111
2026-08-31T11:18:58.270+1200,128,2012,205,8,step_complete,ok,31111
2026-08-31T11:18:58.270+1200,129,2012,205,8,step_start,started,31111
2026-08-31T11:18:58.474+1200,129,2012,205,9,water_start,started,31315
2026-08-31T11:18:58.474+1200,129,2012,205,9,water_topology_complete,ok,31315
2026-08-31T11:18:58.474+1200,129,2012,205,9,water_flux_fold_complete,ok,31315
2026-08-31T11:18:58.474+1200,129,2012,205,9,water_potential_unfold_complete,ok,31315
2026-08-31T11:18:58.564+1200,129,2012,205,9,carbon_complete,ok,31405
2026-08-31T11:18:58.566+1200,129,2012,205,9,output_complete,ok,31407
2026-08-31T11:18:58.567+1200,129,2012,205,9,step_complete,ok,31408
2026-08-31T11:18:58.567+1200,130,2012,205,9,step_start,started,31408
2026-08-31T11:18:58.765+1200,130,2012,205,10,water_start,started,31606
2026-08-31T11:18:58.766+1200,130,2012,205,10,water_topology_complete,ok,31607
2026-08-31T11:18:58.766+1200,130,2012,205,10,water_flux_fold_complete,ok,31607
2026-08-31T11:18:58.766+1200,130,2012,205,10,water_potential_unfold_complete,ok,31607
2026-08-31T11:18:58.857+1200,130,2012,205,10,carbon_complete,ok,31698
2026-08-31T11:18:58.990+1200,130,2012,205,10,output_complete,ok,31831
2026-08-31T11:18:58.990+1200,130,2012,205,10,step_complete,ok,31831
2026-08-31T11:18:58.990+1200,131,2012,205,10,step_start,started,31831
2026-08-31T11:18:59.193+1200,131,2012,205,11,water_start,started,32034
2026-08-31T11:18:59.193+1200,131,2012,205,11,water_topology_complete,ok,32034
2026-08-31T11:18:59.193+1200,131,2012,205,11,water_flux_fold_complete,ok,32034
2026-08-31T11:18:59.193+1200,131,2012,205,11,water_potential_unfold_complete,ok,32034
2026-08-31T11:18:59.304+1200,131,2012,205,11,carbon_complete,ok,32145
2026-08-31T11:18:59.304+1200,131,2012,205,11,output_complete,ok,32145
2026-08-31T11:18:59.305+1200,131,2012,205,11,step_complete,ok,32146
2026-08-31T11:18:59.305+1200,132,2012,205,11,step_start,started,32146
2026-08-31T11:18:59.502+1200,132,2012,205,12,water_start,started,32343
2026-08-31T11:18:59.503+1200,132,2012,205,12,water_topology_complete,ok,32344
2026-08-31T11:18:59.503+1200,132,2012,205,12,water_flux_fold_complete,ok,32344
2026-08-31T11:18:59.503+1200,132,2012,205,12,water_potential_unfold_complete,ok,32344
2026-08-31T11:18:59.593+1200,132,2012,205,12,carbon_complete,ok,32434
2026-08-31T11:18:59.595+1200,132,2012,205,12,output_complete,ok,32436
2026-08-31T11:18:59.595+1200,132,2012,205,12,step_complete,ok,32436
2026-08-31T11:18:59.596+1200,133,2012,205,12,step_start,started,32437
2026-08-31T11:18:59.808+1200,133,2012,205,13,water_start,started,32649
2026-08-31T11:18:59.808+1200,133,2012,205,13,water_topology_complete,ok,32649
2026-08-31T11:18:59.808+1200,133,2012,205,13,water_flux_fold_complete,ok,32649
2026-08-31T11:18:59.808+1200,133,2012,205,13,water_potential_unfold_complete,ok,32649
2026-08-31T11:18:59.898+1200,133,2012,205,13,carbon_complete,ok,32739
2026-08-31T11:18:59.900+1200,133,2012,205,13,output_complete,ok,32741
2026-08-31T11:18:59.900+1200,133,2012,205,13,step_complete,ok,32741
2026-08-31T11:18:59.901+1200,134,2012,205,13,step_start,started,32742
2026-08-31T11:19:00.104+1200,134,2012,205,14,water_start,started,32945
2026-08-31T11:19:00.104+1200,134,2012,205,14,water_topology_complete,ok,32945
2026-08-31T11:19:00.104+1200,134,2012,205,14,water_flux_fold_complete,ok,32945
2026-08-31T11:19:00.104+1200,134,2012,205,14,water_potential_unfold_complete,ok,32945
2026-08-31T11:19:00.196+1200,134,2012,205,14,carbon_complete,ok,33037
2026-08-31T11:19:00.198+1200,134,2012,205,14,output_complete,ok,33039
2026-08-31T11:19:00.198+1200,134,2012,205,14,step_complete,ok,33039
2026-08-31T11:19:00.198+1200,135,2012,205,14,step_start,started,33039
2026-08-31T11:19:00.396+1200,135,2012,205,15,water_start,started,33237
2026-08-31T11:19:00.396+1200,135,2012,205,15,water_topology_complete,ok,33237
2026-08-31T11:19:00.396+1200,135,2012,205,15,water_flux_fold_complete,ok,33237
2026-08-31T11:19:00.396+1200,135,2012,205,15,water_potential_unfold_complete,ok,33237
2026-08-31T11:19:00.489+1200,135,2012,205,15,carbon_complete,ok,33330
2026-08-31T11:19:00.490+1200,135,2012,205,15,output_complete,ok,33331
2026-08-31T11:19:00.490+1200,135,2012,205,15,step_complete,ok,33331
2026-08-31T11:19:00.490+1200,136,2012,205,15,step_start,started,33331
2026-08-31T11:19:00.691+1200,136,2012,205,16,water_start,started,33532
2026-08-31T11:19:00.691+1200,136,2012,205,16,water_topology_complete,ok,33532
2026-08-31T11:19:00.691+1200,136,2012,205,16,water_flux_fold_complete,ok,33532
2026-08-31T11:19:00.691+1200,136,2012,205,16,water_potential_unfold_complete,ok,33532
2026-08-31T11:19:00.781+1200,136,2012,205,16,carbon_complete,ok,33622
2026-08-31T11:19:00.782+1200,136,2012,205,16,output_complete,ok,33623
2026-08-31T11:19:00.782+1200,136,2012,205,16,step_complete,ok,33623
2026-08-31T11:19:00.782+1200,137,2012,205,16,step_start,started,33623
2026-08-31T11:19:00.990+1200,137,2012,205,17,water_start,started,33831
2026-08-31T11:19:00.990+1200,137,2012,205,17,water_topology_complete,ok,33831
2026-08-31T11:19:00.990+1200,137,2012,205,17,water_flux_fold_complete,ok,33831
2026-08-31T11:19:00.990+1200,137,2012,205,17,water_potential_unfold_complete,ok,33831
2026-08-31T11:19:01.080+1200,137,2012,205,17,carbon_complete,ok,33921
2026-08-31T11:19:01.082+1200,137,2012,205,17,output_complete,ok,33923
2026-08-31T11:19:01.082+1200,137,2012,205,17,step_complete,ok,33923
2026-08-31T11:19:01.082+1200,138,2012,205,17,step_start,started,33923
2026-08-31T11:19:01.291+1200,138,2012,205,18,water_start,started,34132
2026-08-31T11:19:01.291+1200,138,2012,205,18,water_topology_complete,ok,34132
2026-08-31T11:19:01.291+1200,138,2012,205,18,water_flux_fold_complete,ok,34132
2026-08-31T11:19:01.291+1200,138,2012,205,18,water_potential_unfold_complete,ok,34132
2026-08-31T11:19:01.380+1200,138,2012,205,18,carbon_complete,ok,34221
2026-08-31T11:19:01.381+1200,138,2012,205,18,output_complete,ok,34222
2026-08-31T11:19:01.381+1200,138,2012,205,18,step_complete,ok,34222
2026-08-31T11:19:01.381+1200,139,2012,205,18,step_start,started,34222
2026-08-31T11:19:01.572+1200,139,2012,205,19,water_start,started,34413
2026-08-31T11:19:01.572+1200,139,2012,205,19,water_topology_complete,ok,34413
2026-08-31T11:19:01.572+1200,139,2012,205,19,water_flux_fold_complete,ok,34413
2026-08-31T11:19:01.572+1200,139,2012,205,19,water_potential_unfold_complete,ok,34413
2026-08-31T11:19:01.663+1200,139,2012,205,19,carbon_complete,ok,34504
2026-08-31T11:19:01.664+1200,139,2012,205,19,output_complete,ok,34505
2026-08-31T11:19:01.665+1200,139,2012,205,19,step_complete,ok,34506
2026-08-31T11:19:01.665+1200,140,2012,205,19,step_start,started,34506
2026-08-31T11:19:01.862+1200,140,2012,205,20,water_start,started,34703
2026-08-31T11:19:01.862+1200,140,2012,205,20,water_topology_complete,ok,34703
2026-08-31T11:19:01.862+1200,140,2012,205,20,water_flux_fold_complete,ok,34703
2026-08-31T11:19:01.862+1200,140,2012,205,20,water_potential_unfold_complete,ok,34703
2026-08-31T11:19:01.952+1200,140,2012,205,20,carbon_complete,ok,34793
2026-08-31T11:19:02.028+1200,140,2012,205,20,output_complete,ok,34869
2026-08-31T11:19:02.029+1200,140,2012,205,20,step_complete,ok,34870
2026-08-31T11:19:02.029+1200,141,2012,205,20,step_start,started,34870
2026-08-31T11:19:02.030+1200,141,2012,205,21,water_start,started,34871
2026-08-31T11:19:02.031+1200,141,2012,205,21,water_topology_complete,ok,34872
2026-08-31T11:19:02.031+1200,141,2012,205,21,water_flux_fold_complete,ok,34872
2026-08-31T11:19:02.031+1200,141,2012,205,21,water_potential_unfold_complete,ok,34872
2026-08-31T11:19:02.123+1200,141,2012,205,21,carbon_complete,ok,34964
2026-08-31T11:19:02.124+1200,141,2012,205,21,output_complete,ok,34965
2026-08-31T11:19:02.124+1200,141,2012,205,21,step_complete,ok,34965
2026-08-31T11:19:02.124+1200,142,2012,205,21,step_start,started,34965
2026-08-31T11:19:02.125+1200,142,2012,205,22,water_start,started,34966
2026-08-31T11:19:02.125+1200,142,2012,205,22,water_topology_complete,ok,34966
2026-08-31T11:19:02.125+1200,142,2012,205,22,water_flux_fold_complete,ok,34966
2026-08-31T11:19:02.125+1200,142,2012,205,22,water_potential_unfold_complete,ok,34966
2026-08-31T11:19:02.216+1200,142,2012,205,22,carbon_complete,ok,35057
2026-08-31T11:19:02.218+1200,142,2012,205,22,output_complete,ok,35059
2026-08-31T11:19:02.219+1200,142,2012,205,22,step_complete,ok,35060
2026-08-31T11:19:02.219+1200,143,2012,205,22,step_start,started,35060
2026-08-31T11:19:02.220+1200,143,2012,205,23,water_start,started,35061
2026-08-31T11:19:02.220+1200,143,2012,205,23,water_topology_complete,ok,35061
2026-08-31T11:19:02.220+1200,143,2012,205,23,water_flux_fold_complete,ok,35061
2026-08-31T11:19:02.220+1200,143,2012,205,23,water_potential_unfold_complete,ok,35061
2026-08-31T11:19:02.311+1200,143,2012,205,23,carbon_complete,ok,35152
2026-08-31T11:19:02.312+1200,143,2012,205,23,output_complete,ok,35153
2026-08-31T11:19:02.312+1200,143,2012,205,23,step_complete,ok,35153
2026-08-31T11:19:02.312+1200,144,2012,205,23,step_start,started,35153
2026-08-31T11:19:02.312+1200,144,2012,206,0,water_start,started,35153
2026-08-31T11:19:02.312+1200,144,2012,206,0,water_topology_complete,ok,35153
2026-08-31T11:19:02.312+1200,144,2012,206,0,water_flux_fold_complete,ok,35153
2026-08-31T11:19:02.312+1200,144,2012,206,0,water_potential_unfold_complete,ok,35153
2026-08-31T11:19:02.402+1200,144,2012,206,0,carbon_complete,ok,35243
2026-08-31T11:19:02.404+1200,144,2012,206,0,output_complete,ok,35245
2026-08-31T11:19:02.404+1200,144,2012,206,0,step_complete,ok,35245
2026-08-31T11:19:02.404+1200,145,2012,206,0,step_start,started,35245
2026-08-31T11:19:02.405+1200,145,2012,206,1,water_start,started,35246
2026-08-31T11:19:02.405+1200,145,2012,206,1,water_topology_complete,ok,35246
2026-08-31T11:19:02.406+1200,145,2012,206,1,water_flux_fold_complete,ok,35247
2026-08-31T11:19:02.406+1200,145,2012,206,1,water_potential_unfold_complete,ok,35247
2026-08-31T11:19:02.497+1200,145,2012,206,1,carbon_complete,ok,35338
2026-08-31T11:19:02.498+1200,145,2012,206,1,output_complete,ok,35339
2026-08-31T11:19:02.498+1200,145,2012,206,1,step_complete,ok,35339
2026-08-31T11:19:02.498+1200,146,2012,206,1,step_start,started,35339
2026-08-31T11:19:02.498+1200,146,2012,206,2,water_start,started,35339
2026-08-31T11:19:02.498+1200,146,2012,206,2,water_topology_complete,ok,35339
2026-08-31T11:19:02.498+1200,146,2012,206,2,water_flux_fold_complete,ok,35339
2026-08-31T11:19:02.498+1200,146,2012,206,2,water_potential_unfold_complete,ok,35339
2026-08-31T11:19:02.587+1200,146,2012,206,2,carbon_complete,ok,35428
2026-08-31T11:19:02.588+1200,146,2012,206,2,output_complete,ok,35429
2026-08-31T11:19:02.588+1200,146,2012,206,2,step_complete,ok,35429
2026-08-31T11:19:02.588+1200,147,2012,206,2,step_start,started,35429
2026-08-31T11:19:02.588+1200,147,2012,206,3,water_start,started,35429
2026-08-31T11:19:02.589+1200,147,2012,206,3,water_topology_complete,ok,35430
2026-08-31T11:19:02.589+1200,147,2012,206,3,water_flux_fold_complete,ok,35430
2026-08-31T11:19:02.589+1200,147,2012,206,3,water_potential_unfold_complete,ok,35430
2026-08-31T11:19:02.679+1200,147,2012,206,3,carbon_complete,ok,35520
2026-08-31T11:19:02.680+1200,147,2012,206,3,output_complete,ok,35521
2026-08-31T11:19:02.680+1200,147,2012,206,3,step_complete,ok,35521
2026-08-31T11:19:02.680+1200,148,2012,206,3,step_start,started,35521
2026-08-31T11:19:02.681+1200,148,2012,206,4,water_start,started,35522
2026-08-31T11:19:02.681+1200,148,2012,206,4,water_topology_complete,ok,35522
2026-08-31T11:19:02.681+1200,148,2012,206,4,water_flux_fold_complete,ok,35522
2026-08-31T11:19:02.681+1200,148,2012,206,4,water_potential_unfold_complete,ok,35522
2026-08-31T11:19:02.770+1200,148,2012,206,4,carbon_complete,ok,35611
2026-08-31T11:19:02.771+1200,148,2012,206,4,output_complete,ok,35612
2026-08-31T11:19:02.771+1200,148,2012,206,4,step_complete,ok,35612
2026-08-31T11:19:02.771+1200,149,2012,206,4,step_start,started,35612
2026-08-31T11:19:02.772+1200,149,2012,206,5,water_start,started,35613
2026-08-31T11:19:02.772+1200,149,2012,206,5,water_topology_complete,ok,35613
2026-08-31T11:19:02.772+1200,149,2012,206,5,water_flux_fold_complete,ok,35613
2026-08-31T11:19:02.772+1200,149,2012,206,5,water_potential_unfold_complete,ok,35613
2026-08-31T11:19:02.860+1200,149,2012,206,5,carbon_complete,ok,35701
2026-08-31T11:19:02.861+1200,149,2012,206,5,output_complete,ok,35702
2026-08-31T11:19:02.861+1200,149,2012,206,5,step_complete,ok,35702
2026-08-31T11:19:02.861+1200,150,2012,206,5,step_start,started,35702
2026-08-31T11:19:02.862+1200,150,2012,206,6,water_start,started,35703
2026-08-31T11:19:02.862+1200,150,2012,206,6,water_topology_complete,ok,35703
2026-08-31T11:19:02.862+1200,150,2012,206,6,water_flux_fold_complete,ok,35703
2026-08-31T11:19:02.862+1200,150,2012,206,6,water_potential_unfold_complete,ok,35703
2026-08-31T11:19:02.950+1200,150,2012,206,6,carbon_complete,ok,35791
2026-08-31T11:19:03.052+1200,150,2012,206,6,output_complete,ok,35893
2026-08-31T11:19:03.052+1200,150,2012,206,6,step_complete,ok,35893
2026-08-31T11:19:03.052+1200,151,2012,206,6,step_start,started,35893
2026-08-31T11:19:03.251+1200,151,2012,206,7,water_start,started,36092
2026-08-31T11:19:03.252+1200,151,2012,206,7,water_topology_complete,ok,36093
2026-08-31T11:19:03.252+1200,151,2012,206,7,water_flux_fold_complete,ok,36093
2026-08-31T11:19:03.252+1200,151,2012,206,7,water_potential_unfold_complete,ok,36093
2026-08-31T11:19:03.363+1200,151,2012,206,7,carbon_complete,ok,36204
2026-08-31T11:19:03.365+1200,151,2012,206,7,output_complete,ok,36206
2026-08-31T11:19:03.365+1200,151,2012,206,7,step_complete,ok,36206
2026-08-31T11:19:03.365+1200,152,2012,206,7,step_start,started,36206
2026-08-31T11:19:03.569+1200,152,2012,206,8,water_start,started,36410
2026-08-31T11:19:03.570+1200,152,2012,206,8,water_topology_complete,ok,36411
2026-08-31T11:19:03.570+1200,152,2012,206,8,water_flux_fold_complete,ok,36411
2026-08-31T11:19:03.570+1200,152,2012,206,8,water_potential_unfold_complete,ok,36411
2026-08-31T11:19:03.661+1200,152,2012,206,8,carbon_complete,ok,36502
2026-08-31T11:19:03.663+1200,152,2012,206,8,output_complete,ok,36504
2026-08-31T11:19:03.663+1200,152,2012,206,8,step_complete,ok,36504
2026-08-31T11:19:03.664+1200,153,2012,206,8,step_start,started,36505
2026-08-31T11:19:03.859+1200,153,2012,206,9,water_start,started,36700
2026-08-31T11:19:03.859+1200,153,2012,206,9,water_topology_complete,ok,36700
2026-08-31T11:19:03.859+1200,153,2012,206,9,water_flux_fold_complete,ok,36700
2026-08-31T11:19:03.860+1200,153,2012,206,9,water_potential_unfold_complete,ok,36701
2026-08-31T11:19:03.948+1200,153,2012,206,9,carbon_complete,ok,36789
2026-08-31T11:19:03.949+1200,153,2012,206,9,output_complete,ok,36790
2026-08-31T11:19:03.949+1200,153,2012,206,9,step_complete,ok,36790
2026-08-31T11:19:03.950+1200,154,2012,206,9,step_start,started,36791
2026-08-31T11:19:04.144+1200,154,2012,206,10,water_start,started,36985
2026-08-31T11:19:04.144+1200,154,2012,206,10,water_topology_complete,ok,36985
2026-08-31T11:19:04.144+1200,154,2012,206,10,water_flux_fold_complete,ok,36985
2026-08-31T11:19:04.144+1200,154,2012,206,10,water_potential_unfold_complete,ok,36985
2026-08-31T11:19:04.235+1200,154,2012,206,10,carbon_complete,ok,37076
2026-08-31T11:19:04.236+1200,154,2012,206,10,output_complete,ok,37077
2026-08-31T11:19:04.236+1200,154,2012,206,10,step_complete,ok,37077
2026-08-31T11:19:04.236+1200,155,2012,206,10,step_start,started,37077
2026-08-31T11:19:04.427+1200,155,2012,206,11,water_start,started,37268
2026-08-31T11:19:04.428+1200,155,2012,206,11,water_topology_complete,ok,37269
2026-08-31T11:19:04.428+1200,155,2012,206,11,water_flux_fold_complete,ok,37269
2026-08-31T11:19:04.428+1200,155,2012,206,11,water_potential_unfold_complete,ok,37269
2026-08-31T11:19:04.518+1200,155,2012,206,11,carbon_complete,ok,37359
2026-08-31T11:19:04.519+1200,155,2012,206,11,output_complete,ok,37360
2026-08-31T11:19:04.519+1200,155,2012,206,11,step_complete,ok,37360
2026-08-31T11:19:04.519+1200,156,2012,206,11,step_start,started,37360
2026-08-31T11:19:04.710+1200,156,2012,206,12,water_start,started,37551
2026-08-31T11:19:04.710+1200,156,2012,206,12,water_topology_complete,ok,37551
2026-08-31T11:19:04.710+1200,156,2012,206,12,water_flux_fold_complete,ok,37551
2026-08-31T11:19:04.710+1200,156,2012,206,12,water_potential_unfold_complete,ok,37551
2026-08-31T11:19:04.800+1200,156,2012,206,12,carbon_complete,ok,37641
2026-08-31T11:19:04.801+1200,156,2012,206,12,output_complete,ok,37642
2026-08-31T11:19:04.801+1200,156,2012,206,12,step_complete,ok,37642
2026-08-31T11:19:04.801+1200,157,2012,206,12,step_start,started,37642
2026-08-31T11:19:04.990+1200,157,2012,206,13,water_start,started,37831
2026-08-31T11:19:04.990+1200,157,2012,206,13,water_topology_complete,ok,37831
2026-08-31T11:19:04.991+1200,157,2012,206,13,water_flux_fold_complete,ok,37832
2026-08-31T11:19:04.991+1200,157,2012,206,13,water_potential_unfold_complete,ok,37832
2026-08-31T11:19:05.081+1200,157,2012,206,13,carbon_complete,ok,37922
2026-08-31T11:19:05.081+1200,157,2012,206,13,output_complete,ok,37922
2026-08-31T11:19:05.082+1200,157,2012,206,13,step_complete,ok,37923
2026-08-31T11:19:05.082+1200,158,2012,206,13,step_start,started,37923
2026-08-31T11:19:05.277+1200,158,2012,206,14,water_start,started,38118
2026-08-31T11:19:05.277+1200,158,2012,206,14,water_topology_complete,ok,38118
2026-08-31T11:19:05.277+1200,158,2012,206,14,water_flux_fold_complete,ok,38118
2026-08-31T11:19:05.277+1200,158,2012,206,14,water_potential_unfold_complete,ok,38118
2026-08-31T11:19:05.367+1200,158,2012,206,14,carbon_complete,ok,38208
2026-08-31T11:19:05.369+1200,158,2012,206,14,output_complete,ok,38210
2026-08-31T11:19:05.369+1200,158,2012,206,14,step_complete,ok,38210
2026-08-31T11:19:05.369+1200,159,2012,206,14,step_start,started,38210
2026-08-31T11:19:05.569+1200,159,2012,206,15,water_start,started,38410
2026-08-31T11:19:05.569+1200,159,2012,206,15,water_topology_complete,ok,38410
2026-08-31T11:19:05.569+1200,159,2012,206,15,water_flux_fold_complete,ok,38410
2026-08-31T11:19:05.570+1200,159,2012,206,15,water_potential_unfold_complete,ok,38411
2026-08-31T11:19:05.660+1200,159,2012,206,15,carbon_complete,ok,38501
2026-08-31T11:19:05.662+1200,159,2012,206,15,output_complete,ok,38503
2026-08-31T11:19:05.662+1200,159,2012,206,15,step_complete,ok,38503
2026-08-31T11:19:05.662+1200,160,2012,206,15,step_start,started,38503
2026-08-31T11:19:05.854+1200,160,2012,206,16,water_start,started,38695
2026-08-31T11:19:05.854+1200,160,2012,206,16,water_topology_complete,ok,38695
2026-08-31T11:19:05.854+1200,160,2012,206,16,water_flux_fold_complete,ok,38695
2026-08-31T11:19:05.854+1200,160,2012,206,16,water_potential_unfold_complete,ok,38695
2026-08-31T11:19:05.944+1200,160,2012,206,16,carbon_complete,ok,38785
2026-08-31T11:19:06.022+1200,160,2012,206,16,output_complete,ok,38863
2026-08-31T11:19:06.022+1200,160,2012,206,16,step_complete,ok,38863
2026-08-31T11:19:06.023+1200,161,2012,206,16,step_start,started,38864
2026-08-31T11:19:06.219+1200,161,2012,206,17,water_start,started,39060
2026-08-31T11:19:06.219+1200,161,2012,206,17,water_topology_complete,ok,39060
2026-08-31T11:19:06.219+1200,161,2012,206,17,water_flux_fold_complete,ok,39060
2026-08-31T11:19:06.219+1200,161,2012,206,17,water_potential_unfold_complete,ok,39060
2026-08-31T11:19:06.309+1200,161,2012,206,17,carbon_complete,ok,39150
2026-08-31T11:19:06.310+1200,161,2012,206,17,output_complete,ok,39151
2026-08-31T11:19:06.311+1200,161,2012,206,17,step_complete,ok,39152
2026-08-31T11:19:06.311+1200,162,2012,206,17,step_start,started,39152
2026-08-31T11:19:06.509+1200,162,2012,206,18,water_start,started,39350
2026-08-31T11:19:06.510+1200,162,2012,206,18,water_topology_complete,ok,39351
2026-08-31T11:19:06.510+1200,162,2012,206,18,water_flux_fold_complete,ok,39351
2026-08-31T11:19:06.510+1200,162,2012,206,18,water_potential_unfold_complete,ok,39351
2026-08-31T11:19:06.600+1200,162,2012,206,18,carbon_complete,ok,39441
2026-08-31T11:19:06.602+1200,162,2012,206,18,output_complete,ok,39443
2026-08-31T11:19:06.602+1200,162,2012,206,18,step_complete,ok,39443
2026-08-31T11:19:06.602+1200,163,2012,206,18,step_start,started,39443
2026-08-31T11:19:06.798+1200,163,2012,206,19,water_start,started,39639
2026-08-31T11:19:06.798+1200,163,2012,206,19,water_topology_complete,ok,39639
2026-08-31T11:19:06.798+1200,163,2012,206,19,water_flux_fold_complete,ok,39639
2026-08-31T11:19:06.798+1200,163,2012,206,19,water_potential_unfold_complete,ok,39639
2026-08-31T11:19:06.887+1200,163,2012,206,19,carbon_complete,ok,39728
2026-08-31T11:19:06.888+1200,163,2012,206,19,output_complete,ok,39729
2026-08-31T11:19:06.888+1200,163,2012,206,19,step_complete,ok,39729
2026-08-31T11:19:06.888+1200,164,2012,206,19,step_start,started,39729
2026-08-31T11:19:07.088+1200,164,2012,206,20,water_start,started,39929
2026-08-31T11:19:07.088+1200,164,2012,206,20,water_topology_complete,ok,39929
2026-08-31T11:19:07.088+1200,164,2012,206,20,water_flux_fold_complete,ok,39929
2026-08-31T11:19:07.088+1200,164,2012,206,20,water_potential_unfold_complete,ok,39929
2026-08-31T11:19:07.179+1200,164,2012,206,20,carbon_complete,ok,40020
2026-08-31T11:19:07.181+1200,164,2012,206,20,output_complete,ok,40022
2026-08-31T11:19:07.181+1200,164,2012,206,20,step_complete,ok,40022
2026-08-31T11:19:07.181+1200,165,2012,206,20,step_start,started,40022
2026-08-31T11:19:07.182+1200,165,2012,206,21,water_start,started,40023
2026-08-31T11:19:07.183+1200,165,2012,206,21,water_topology_complete,ok,40024
2026-08-31T11:19:07.183+1200,165,2012,206,21,water_flux_fold_complete,ok,40024
2026-08-31T11:19:07.183+1200,165,2012,206,21,water_potential_unfold_complete,ok,40024
2026-08-31T11:19:07.274+1200,165,2012,206,21,carbon_complete,ok,40115
2026-08-31T11:19:07.275+1200,165,2012,206,21,output_complete,ok,40116
2026-08-31T11:19:07.275+1200,165,2012,206,21,step_complete,ok,40116
2026-08-31T11:19:07.275+1200,166,2012,206,21,step_start,started,40116
2026-08-31T11:19:07.276+1200,166,2012,206,22,water_start,started,40117
2026-08-31T11:19:07.276+1200,166,2012,206,22,water_topology_complete,ok,40117
2026-08-31T11:19:07.276+1200,166,2012,206,22,water_flux_fold_complete,ok,40117
2026-08-31T11:19:07.276+1200,166,2012,206,22,water_potential_unfold_complete,ok,40117
2026-08-31T11:19:07.365+1200,166,2012,206,22,carbon_complete,ok,40206
2026-08-31T11:19:07.366+1200,166,2012,206,22,output_complete,ok,40207
2026-08-31T11:19:07.366+1200,166,2012,206,22,step_complete,ok,40207
2026-08-31T11:19:07.366+1200,167,2012,206,22,step_start,started,40207
2026-08-31T11:19:07.367+1200,167,2012,206,23,water_start,started,40208
2026-08-31T11:19:07.367+1200,167,2012,206,23,water_topology_complete,ok,40208
2026-08-31T11:19:07.367+1200,167,2012,206,23,water_flux_fold_complete,ok,40208
2026-08-31T11:19:07.367+1200,167,2012,206,23,water_potential_unfold_complete,ok,40208
2026-08-31T11:19:07.455+1200,167,2012,206,23,carbon_complete,ok,40296
2026-08-31T11:19:07.456+1200,167,2012,206,23,output_complete,ok,40297
2026-08-31T11:19:07.457+1200,167,2012,206,23,step_complete,ok,40298
2026-08-31T11:19:07.457+1200,168,2012,206,23,step_start,started,40298
2026-08-31T11:19:07.458+1200,168,2012,207,0,water_start,started,40299
2026-08-31T11:19:07.458+1200,168,2012,207,0,water_topology_complete,ok,40299
2026-08-31T11:19:07.458+1200,168,2012,207,0,water_flux_fold_complete,ok,40299
2026-08-31T11:19:07.458+1200,168,2012,207,0,water_potential_unfold_complete,ok,40299
2026-08-31T11:19:07.550+1200,168,2012,207,0,carbon_complete,ok,40391
2026-08-31T11:19:07.551+1200,168,2012,207,0,output_complete,ok,40392
2026-08-31T11:19:07.552+1200,168,2012,207,0,step_complete,ok,40393
2026-08-31T11:19:07.552+1200,169,2012,207,0,step_start,started,40393
2026-08-31T11:19:07.553+1200,169,2012,207,1,water_start,started,40394
2026-08-31T11:19:07.553+1200,169,2012,207,1,water_topology_complete,ok,40394
2026-08-31T11:19:07.553+1200,169,2012,207,1,water_flux_fold_complete,ok,40394
2026-08-31T11:19:07.553+1200,169,2012,207,1,water_potential_unfold_complete,ok,40394
2026-08-31T11:19:07.643+1200,169,2012,207,1,carbon_complete,ok,40484
2026-08-31T11:19:07.644+1200,169,2012,207,1,output_complete,ok,40485
2026-08-31T11:19:07.644+1200,169,2012,207,1,step_complete,ok,40485
2026-08-31T11:19:07.644+1200,170,2012,207,1,step_start,started,40485
2026-08-31T11:19:07.644+1200,170,2012,207,2,water_start,started,40485
2026-08-31T11:19:07.645+1200,170,2012,207,2,water_topology_complete,ok,40486
2026-08-31T11:19:07.645+1200,170,2012,207,2,water_flux_fold_complete,ok,40486
2026-08-31T11:19:07.645+1200,170,2012,207,2,water_potential_unfold_complete,ok,40486
2026-08-31T11:19:07.733+1200,170,2012,207,2,carbon_complete,ok,40574
2026-08-31T11:19:07.849+1200,170,2012,207,2,output_complete,ok,40690
2026-08-31T11:19:07.849+1200,170,2012,207,2,step_complete,ok,40690
2026-08-31T11:19:07.849+1200,171,2012,207,2,step_start,started,40690
2026-08-31T11:19:07.851+1200,171,2012,207,3,water_start,started,40692
2026-08-31T11:19:07.851+1200,171,2012,207,3,water_topology_complete,ok,40692
2026-08-31T11:19:07.851+1200,171,2012,207,3,water_flux_fold_complete,ok,40692
2026-08-31T11:19:07.851+1200,171,2012,207,3,water_potential_unfold_complete,ok,40692
2026-08-31T11:19:07.942+1200,171,2012,207,3,carbon_complete,ok,40783
2026-08-31T11:19:07.943+1200,171,2012,207,3,output_complete,ok,40784
2026-08-31T11:19:07.943+1200,171,2012,207,3,step_complete,ok,40784
2026-08-31T11:19:07.943+1200,172,2012,207,3,step_start,started,40784
2026-08-31T11:19:07.944+1200,172,2012,207,4,water_start,started,40785
2026-08-31T11:19:07.944+1200,172,2012,207,4,water_topology_complete,ok,40785
2026-08-31T11:19:07.944+1200,172,2012,207,4,water_flux_fold_complete,ok,40785
2026-08-31T11:19:07.944+1200,172,2012,207,4,water_potential_unfold_complete,ok,40785
2026-08-31T11:19:08.034+1200,172,2012,207,4,carbon_complete,ok,40875
2026-08-31T11:19:08.034+1200,172,2012,207,4,output_complete,ok,40875
2026-08-31T11:19:08.035+1200,172,2012,207,4,step_complete,ok,40876
2026-08-31T11:19:08.035+1200,173,2012,207,4,step_start,started,40876
2026-08-31T11:19:08.035+1200,173,2012,207,5,water_start,started,40876
2026-08-31T11:19:08.035+1200,173,2012,207,5,water_topology_complete,ok,40876
2026-08-31T11:19:08.035+1200,173,2012,207,5,water_flux_fold_complete,ok,40876
2026-08-31T11:19:08.035+1200,173,2012,207,5,water_potential_unfold_complete,ok,40876
2026-08-31T11:19:08.124+1200,173,2012,207,5,carbon_complete,ok,40965
2026-08-31T11:19:08.125+1200,173,2012,207,5,output_complete,ok,40966
2026-08-31T11:19:08.125+1200,173,2012,207,5,step_complete,ok,40966
2026-08-31T11:19:08.125+1200,174,2012,207,5,step_start,started,40966
2026-08-31T11:19:08.125+1200,174,2012,207,6,water_start,started,40966
2026-08-31T11:19:08.125+1200,174,2012,207,6,water_topology_complete,ok,40966
2026-08-31T11:19:08.125+1200,174,2012,207,6,water_flux_fold_complete,ok,40966
2026-08-31T11:19:08.125+1200,174,2012,207,6,water_potential_unfold_complete,ok,40966
2026-08-31T11:19:08.213+1200,174,2012,207,6,carbon_complete,ok,41054
2026-08-31T11:19:08.214+1200,174,2012,207,6,output_complete,ok,41055
2026-08-31T11:19:08.214+1200,174,2012,207,6,step_complete,ok,41055
2026-08-31T11:19:08.214+1200,175,2012,207,6,step_start,started,41055
2026-08-31T11:19:08.410+1200,175,2012,207,7,water_start,started,41251
2026-08-31T11:19:08.410+1200,175,2012,207,7,water_topology_complete,ok,41251
2026-08-31T11:19:08.410+1200,175,2012,207,7,water_flux_fold_complete,ok,41251
2026-08-31T11:19:08.410+1200,175,2012,207,7,water_potential_unfold_complete,ok,41251
2026-08-31T11:19:08.502+1200,175,2012,207,7,carbon_complete,ok,41343
2026-08-31T11:19:08.503+1200,175,2012,207,7,output_complete,ok,41344
2026-08-31T11:19:08.503+1200,175,2012,207,7,step_complete,ok,41344
2026-08-31T11:19:08.503+1200,176,2012,207,7,step_start,started,41344
2026-08-31T11:19:08.723+1200,176,2012,207,8,water_start,started,41564
2026-08-31T11:19:08.723+1200,176,2012,207,8,water_topology_complete,ok,41564
2026-08-31T11:19:08.723+1200,176,2012,207,8,water_flux_fold_complete,ok,41564
2026-08-31T11:19:08.723+1200,176,2012,207,8,water_potential_unfold_complete,ok,41564
2026-08-31T11:19:08.814+1200,176,2012,207,8,carbon_complete,ok,41655
2026-08-31T11:19:08.815+1200,176,2012,207,8,output_complete,ok,41656
2026-08-31T11:19:08.815+1200,176,2012,207,8,step_complete,ok,41656
2026-08-31T11:19:08.815+1200,177,2012,207,8,step_start,started,41656
2026-08-31T11:19:09.009+1200,177,2012,207,9,water_start,started,41850
2026-08-31T11:19:09.009+1200,177,2012,207,9,water_topology_complete,ok,41850
2026-08-31T11:19:09.009+1200,177,2012,207,9,water_flux_fold_complete,ok,41850
2026-08-31T11:19:09.009+1200,177,2012,207,9,water_potential_unfold_complete,ok,41850
2026-08-31T11:19:09.099+1200,177,2012,207,9,carbon_complete,ok,41940
2026-08-31T11:19:09.100+1200,177,2012,207,9,output_complete,ok,41941
2026-08-31T11:19:09.100+1200,177,2012,207,9,step_complete,ok,41941
2026-08-31T11:19:09.100+1200,178,2012,207,9,step_start,started,41941
2026-08-31T11:19:09.294+1200,178,2012,207,10,water_start,started,42135
2026-08-31T11:19:09.294+1200,178,2012,207,10,water_topology_complete,ok,42135
2026-08-31T11:19:09.294+1200,178,2012,207,10,water_flux_fold_complete,ok,42135
2026-08-31T11:19:09.294+1200,178,2012,207,10,water_potential_unfold_complete,ok,42135
2026-08-31T11:19:09.385+1200,178,2012,207,10,carbon_complete,ok,42226
2026-08-31T11:19:09.387+1200,178,2012,207,10,output_complete,ok,42228
2026-08-31T11:19:09.387+1200,178,2012,207,10,step_complete,ok,42228
2026-08-31T11:19:09.387+1200,179,2012,207,10,step_start,started,42228
2026-08-31T11:19:09.590+1200,179,2012,207,11,water_start,started,42431
2026-08-31T11:19:09.590+1200,179,2012,207,11,water_topology_complete,ok,42431
2026-08-31T11:19:09.590+1200,179,2012,207,11,water_flux_fold_complete,ok,42431
2026-08-31T11:19:09.590+1200,179,2012,207,11,water_potential_unfold_complete,ok,42431
2026-08-31T11:19:09.680+1200,179,2012,207,11,carbon_complete,ok,42521
2026-08-31T11:19:09.681+1200,179,2012,207,11,output_complete,ok,42522
2026-08-31T11:19:09.682+1200,179,2012,207,11,step_complete,ok,42523
2026-08-31T11:19:09.682+1200,180,2012,207,11,step_start,started,42523
2026-08-31T11:19:09.881+1200,180,2012,207,12,water_start,started,42722
2026-08-31T11:19:09.881+1200,180,2012,207,12,water_topology_complete,ok,42722
2026-08-31T11:19:09.881+1200,180,2012,207,12,water_flux_fold_complete,ok,42722
2026-08-31T11:19:09.882+1200,180,2012,207,12,water_potential_unfold_complete,ok,42723
2026-08-31T11:19:09.971+1200,180,2012,207,12,carbon_complete,ok,42812
2026-08-31T11:19:10.100+1200,180,2012,207,12,output_complete,ok,42941
2026-08-31T11:19:10.101+1200,180,2012,207,12,step_complete,ok,42942
2026-08-31T11:19:10.101+1200,181,2012,207,12,step_start,started,42942
2026-08-31T11:19:10.301+1200,181,2012,207,13,water_start,started,43142
2026-08-31T11:19:10.302+1200,181,2012,207,13,water_topology_complete,ok,43143
2026-08-31T11:19:10.302+1200,181,2012,207,13,water_flux_fold_complete,ok,43143
2026-08-31T11:19:10.302+1200,181,2012,207,13,water_potential_unfold_complete,ok,43143
2026-08-31T11:19:10.413+1200,181,2012,207,13,carbon_complete,ok,43254
2026-08-31T11:19:10.415+1200,181,2012,207,13,output_complete,ok,43256
2026-08-31T11:19:10.415+1200,181,2012,207,13,step_complete,ok,43256
2026-08-31T11:19:10.415+1200,182,2012,207,13,step_start,started,43256
2026-08-31T11:19:10.609+1200,182,2012,207,14,water_start,started,43450
2026-08-31T11:19:10.609+1200,182,2012,207,14,water_topology_complete,ok,43450
2026-08-31T11:19:10.609+1200,182,2012,207,14,water_flux_fold_complete,ok,43450
2026-08-31T11:19:10.609+1200,182,2012,207,14,water_potential_unfold_complete,ok,43450
2026-08-31T11:19:10.701+1200,182,2012,207,14,carbon_complete,ok,43542
2026-08-31T11:19:10.703+1200,182,2012,207,14,output_complete,ok,43544
2026-08-31T11:19:10.703+1200,182,2012,207,14,step_complete,ok,43544
2026-08-31T11:19:10.703+1200,183,2012,207,14,step_start,started,43544
2026-08-31T11:19:10.895+1200,183,2012,207,15,water_start,started,43736
2026-08-31T11:19:10.896+1200,183,2012,207,15,water_topology_complete,ok,43737
2026-08-31T11:19:10.896+1200,183,2012,207,15,water_flux_fold_complete,ok,43737
2026-08-31T11:19:10.896+1200,183,2012,207,15,water_potential_unfold_complete,ok,43737
2026-08-31T11:19:10.987+1200,183,2012,207,15,carbon_complete,ok,43828
2026-08-31T11:19:10.988+1200,183,2012,207,15,output_complete,ok,43829
2026-08-31T11:19:10.989+1200,183,2012,207,15,step_complete,ok,43830
2026-08-31T11:19:10.989+1200,184,2012,207,15,step_start,started,43830
2026-08-31T11:19:11.186+1200,184,2012,207,16,water_start,started,44027
2026-08-31T11:19:11.186+1200,184,2012,207,16,water_topology_complete,ok,44027
2026-08-31T11:19:11.186+1200,184,2012,207,16,water_flux_fold_complete,ok,44027
2026-08-31T11:19:11.187+1200,184,2012,207,16,water_potential_unfold_complete,ok,44028
2026-08-31T11:19:11.277+1200,184,2012,207,16,carbon_complete,ok,44118
2026-08-31T11:19:11.278+1200,184,2012,207,16,output_complete,ok,44119
2026-08-31T11:19:11.279+1200,184,2012,207,16,step_complete,ok,44120
2026-08-31T11:19:11.279+1200,185,2012,207,16,step_start,started,44120
2026-08-31T11:19:11.482+1200,185,2012,207,17,water_start,started,44323
2026-08-31T11:19:11.482+1200,185,2012,207,17,water_topology_complete,ok,44323
2026-08-31T11:19:11.482+1200,185,2012,207,17,water_flux_fold_complete,ok,44323
2026-08-31T11:19:11.482+1200,185,2012,207,17,water_potential_unfold_complete,ok,44323
2026-08-31T11:19:11.573+1200,185,2012,207,17,carbon_complete,ok,44414
2026-08-31T11:19:11.575+1200,185,2012,207,17,output_complete,ok,44416
2026-08-31T11:19:11.576+1200,185,2012,207,17,step_complete,ok,44417
2026-08-31T11:19:11.576+1200,186,2012,207,17,step_start,started,44417
2026-08-31T11:19:11.775+1200,186,2012,207,18,water_start,started,44616
2026-08-31T11:19:11.775+1200,186,2012,207,18,water_topology_complete,ok,44616
2026-08-31T11:19:11.775+1200,186,2012,207,18,water_flux_fold_complete,ok,44616
2026-08-31T11:19:11.776+1200,186,2012,207,18,water_potential_unfold_complete,ok,44617
2026-08-31T11:19:11.866+1200,186,2012,207,18,carbon_complete,ok,44707
2026-08-31T11:19:11.868+1200,186,2012,207,18,output_complete,ok,44709
2026-08-31T11:19:11.868+1200,186,2012,207,18,step_complete,ok,44709
2026-08-31T11:19:11.868+1200,187,2012,207,18,step_start,started,44709
2026-08-31T11:19:12.060+1200,187,2012,207,19,water_start,started,44901
2026-08-31T11:19:12.060+1200,187,2012,207,19,water_topology_complete,ok,44901
2026-08-31T11:19:12.060+1200,187,2012,207,19,water_flux_fold_complete,ok,44901
2026-08-31T11:19:12.060+1200,187,2012,207,19,water_potential_unfold_complete,ok,44901
2026-08-31T11:19:12.170+1200,187,2012,207,19,carbon_complete,ok,45011
2026-08-31T11:19:12.172+1200,187,2012,207,19,output_complete,ok,45013
2026-08-31T11:19:12.172+1200,187,2012,207,19,step_complete,ok,45013
2026-08-31T11:19:12.173+1200,188,2012,207,19,step_start,started,45014
2026-08-31T11:19:12.368+1200,188,2012,207,20,water_start,started,45209
2026-08-31T11:19:12.368+1200,188,2012,207,20,water_topology_complete,ok,45209
2026-08-31T11:19:12.368+1200,188,2012,207,20,water_flux_fold_complete,ok,45209
2026-08-31T11:19:12.368+1200,188,2012,207,20,water_potential_unfold_complete,ok,45209
2026-08-31T11:19:12.458+1200,188,2012,207,20,carbon_complete,ok,45299
2026-08-31T11:19:12.460+1200,188,2012,207,20,output_complete,ok,45301
2026-08-31T11:19:12.460+1200,188,2012,207,20,step_complete,ok,45301
2026-08-31T11:19:12.460+1200,189,2012,207,20,step_start,started,45301
2026-08-31T11:19:12.461+1200,189,2012,207,21,water_start,started,45302
2026-08-31T11:19:12.461+1200,189,2012,207,21,water_topology_complete,ok,45302
2026-08-31T11:19:12.461+1200,189,2012,207,21,water_flux_fold_complete,ok,45302
2026-08-31T11:19:12.461+1200,189,2012,207,21,water_potential_unfold_complete,ok,45302
2026-08-31T11:19:12.552+1200,189,2012,207,21,carbon_complete,ok,45393
2026-08-31T11:19:12.553+1200,189,2012,207,21,output_complete,ok,45394
2026-08-31T11:19:12.553+1200,189,2012,207,21,step_complete,ok,45394
2026-08-31T11:19:12.553+1200,190,2012,207,21,step_start,started,45394
2026-08-31T11:19:12.554+1200,190,2012,207,22,water_start,started,45395
2026-08-31T11:19:12.554+1200,190,2012,207,22,water_topology_complete,ok,45395
2026-08-31T11:19:12.554+1200,190,2012,207,22,water_flux_fold_complete,ok,45395
2026-08-31T11:19:12.554+1200,190,2012,207,22,water_potential_unfold_complete,ok,45395
2026-08-31T11:19:12.644+1200,190,2012,207,22,carbon_complete,ok,45485
2026-08-31T11:19:12.710+1200,190,2012,207,22,output_complete,ok,45551
2026-08-31T11:19:12.711+1200,190,2012,207,22,step_complete,ok,45552
2026-08-31T11:19:12.711+1200,191,2012,207,22,step_start,started,45552
2026-08-31T11:19:12.712+1200,191,2012,207,23,water_start,started,45553
2026-08-31T11:19:12.713+1200,191,2012,207,23,water_topology_complete,ok,45554
2026-08-31T11:19:12.713+1200,191,2012,207,23,water_flux_fold_complete,ok,45554
2026-08-31T11:19:12.713+1200,191,2012,207,23,water_potential_unfold_complete,ok,45554
2026-08-31T11:19:12.803+1200,191,2012,207,23,carbon_complete,ok,45644
2026-08-31T11:19:12.804+1200,191,2012,207,23,output_complete,ok,45645
2026-08-31T11:19:12.804+1200,191,2012,207,23,step_complete,ok,45645
