uuid,baseScenarioFile,Tmax,Tmin,cca,inputPAR,ENDING_LEAF_NUMBER
2a91a5e9-63fa-4d0e-856a-f3a70242326c,model.options.HGU.cane.20.json,25,15,400,800,6
59f0794b-aab0-4e4c-9f1b-eba1782bfc25,model.options.HGU.cane.20.json,25,15,400,800,9
ddad4b36-24eb-4c2d-8703-8a0092145a66,model.options.HGU.cane.20.json,25,15,400,800,12
d744b3d0-313b-40e6-846a-422eda82404a,model.options.HGU.cane.20.json,25,15,400,1000,6
0ee1b4cd-2e9b-406c-9508-31e9354b3317,model.options.HGU.cane.20.json,25,15,400,1000,9
e2057d07-68ea-4f76-80c4-1f6836d6cfe8,model.options.HGU.cane.20.json,25,15,400,1000,12
203c1d6c-b564-408e-88b9-6291b3690fe3,model.options.HGU.cane.20.json,25,15,400,1200,6
27dce424-ab90-436f-89f7-cb32e7d4d0cb,model.options.HGU.cane.20.json,25,15,400,1200,9
73265c5b-15cc-4763-86f1-29bf6fe45502,model.options.HGU.cane.20.json,25,15,400,1200,12
63c37fc1-b225-4904-9d45-73f78fbc9c26,model.options.HGU.cane.20.json,25,15,650,800,6
b8813781-a284-4144-abef-ccf410a72bad,model.options.HGU.cane.20.json,25,15,650,800,9
c36d58da-0b6d-4737-85eb-dff637ca7406,model.options.HGU.cane.20.json,25,15,650,800,12
eb3b6cae-f33a-48c6-8be2-8231061c1da1,model.options.HGU.cane.20.json,25,15,650,1000,6
54369acb-6400-4efc-827a-c3541c169d77,model.options.HGU.cane.20.json,25,15,650,1000,9
f0a97d39-d240-45ab-9613-25b1be1b8119,model.options.HGU.cane.20.json,25,15,650,1000,12
0426023b-6bcc-4d7a-a2fb-229241202b79,model.options.HGU.cane.20.json,25,15,650,1200,6
88513d8e-1735-4d45-888a-81bd48cf9cbd,model.options.HGU.cane.20.json,25,15,650,1200,9
332fdccb-0837-499a-813a-3e2a798db4db,model.options.HGU.cane.20.json,25,15,650,1200,12
9957dcf7-656f-4323-a23a-93f2a0eb6cee,model.options.HGU.cane.20.json,25,15,900,800,6
361c1f8f-2671-4df3-85d1-c13dd00de11d,model.options.HGU.cane.20.json,25,15,900,800,9
74b1d5b6-b532-4897-b250-457cf39fbea0,model.options.HGU.cane.20.json,25,15,900,800,12
3fad77ae-a285-44b2-b292-0d54591d0044,model.options.HGU.cane.20.json,25,15,900,1000,6
023a3ff2-4576-4fea-9f53-58bc8ec1be13,model.options.HGU.cane.20.json,25,15,900,1000,9
7220f5ee-8814-45d0-8267-6a2ada6bd6c6,model.options.HGU.cane.20.json,25,15,900,1000,12
660312ef-6504-4a16-bd30-0e5bbc8bacdf,model.options.HGU.cane.20.json,25,15,900,1200,6
56846f10-393d-4127-b7aa-a3f5e4e2093a,model.options.HGU.cane.20.json,25,15,900,1200,9
a96f84b1-4485-4899-848e-69533802f97c,model.options.HGU.cane.20.json,25,15,900,1200,12
044c00ff-c392-4a3e-ac57-cf707c9c123a,model.options.HGU.cane.20.json,25,15,1200,800,6
c04680a8-ca2c-44d9-8b84-a063601df28d,model.options.HGU.cane.20.json,25,15,1200,800,9
928f7b2d-00cd-471a-83b7-48d35704b110,model.options.HGU.cane.20.json,25,15,1200,800,12
5656af6e-8921-4fe5-a333-eda784473308,model.options.HGU.cane.20.json,25,15,1200,1000,6
3c163018-4e54-4ef0-8f10-5b521001535b,model.options.HGU.cane.20.json,25,15,1200,1000,9
78a8ea85-c693-4c45-b73b-d7f4d8d7510a,model.options.HGU.cane.20.json,25,15,1200,1000,12
08975a24-7b67-4684-a4d5-ed288a6724f2,model.options.HGU.cane.20.json,25,15,1200,1200,6
4ea522d1-c77e-47dc-952f-416b3ac1f7b5,model.options.HGU.cane.20.json,25,15,1200,1200,9
08e63732-63a1-4996-8998-85f569685377,model.options.HGU.cane.20.json,25,15,1200,1200,12
9d04318e-772b-4282-a7f5-f438eff9d32c,model.options.HGU.cane.20.json,25,17.5,400,800,6
c18cd1a2-2c7f-4420-a362-036481e6a9a0,model.options.HGU.cane.20.json,25,17.5,400,800,9
22d8dfe6-1a3f-4e6a-bad7-309fc4ed765d,model.options.HGU.cane.20.json,25,17.5,400,800,12
fdc4a981-2801-4139-8acc-068bd110dbb3,model.options.HGU.cane.20.json,25,17.5,400,1000,6
637d3575-e86d-4cac-aaf2-9f7d51e2ec03,model.options.HGU.cane.20.json,25,17.5,400,1000,9
a9160342-e137-4d1b-89fd-6ba9dfbd3909,model.options.HGU.cane.20.json,25,17.5,400,1000,12
f5668265-2973-4bc9-ae88-98c1a3a8ee83,model.options.HGU.cane.20.json,25,17.5,400,1200,6
952092a8-775e-4e44-8ecc-6dee27c11e43,model.options.HGU.cane.20.json,25,17.5,400,1200,9
d9b40bdf-9c87-4106-98ad-0fbf08d33e2a,model.options.HGU.cane.20.json,25,17.5,400,1200,12
505ac32a-0645-40f9-965c-ee925ab63f0a,model.options.HGU.cane.20.json,25,17.5,650,800,6
2de02c07-b2dd-48ea-a469-980426953d1f,model.options.HGU.cane.20.json,25,17.5,650,800,9
1ffcd4bd-5a56-4a2b-94e5-36178857ce72,model.options.HGU.cane.20.json,25,17.5,650,800,12
40bb18f0-fe23-4d4b-8882-d2cf0e4902cc,model.options.HGU.cane.20.json,25,17.5,650,1000,6
06e1fb3d-27ec-4c5d-b302-f568dc7d2c93,model.options.HGU.cane.20.json,25,17.5,650,1000,9
8def9c0c-2d90-4db8-a9f5-64567d77756d,model.options.HGU.cane.20.json,25,17.5,650,1000,12
01b5f999-0c9c-4326-9bf0-db2dc611d827,model.options.HGU.cane.20.json,25,17.5,650,1200,6
ac6cafea-8708-4f0c-8616-c4ff107d3042,model.options.HGU.cane.20.json,25,17.5,650,1200,9
534098ca-4e6c-45e8-a6e8-4e031d1c0dfa,model.options.HGU.cane.20.json,25,17.5,650,1200,12
2ea8df43-7073-4b85-8227-b39bd217125e,model.options.HGU.cane.20.json,25,17.5,900,800,6
02ea7429-734e-406b-bc3f-b4c76241a09c,model.options.HGU.cane.20.json,25,17.5,900,800,9
c5566eb3-c5dc-4ce9-a6ce-fe9ac7d4285c,model.options.HGU.cane.20.json,25,17.5,900,800,12
e8fc6248-3d65-474b-bb97-d8c14aa8d286,model.options.HGU.cane.20.json,25,17.5,900,1000,6
b5b43e12-a77c-4c15-abf9-3c1a4a6d7b7a,model.options.HGU.cane.20.json,25,17.5,900,1000,9
21afcdd6-1da4-4b5a-b021-7a61a8a1230e,model.options.HGU.cane.20.json,25,17.5,900,1000,12
dfdcb2b1-ff1b-4e9a-adbf-3906fc48bff0,model.options.HGU.cane.20.json,25,17.5,900,1200,6
4a14be73-d3e1-4578-a090-d08cd35da786,model.options.HGU.cane.20.json,25,17.5,900,1200,9
1b60286d-dab4-44f1-b986-7714c2f723a0,model.options.HGU.cane.20.json,25,17.5,900,1200,12
0327d94d-631d-4b72-9c9d-a144b396b2ef,model.options.HGU.cane.20.json,25,17.5,1200,800,6
1cbf2f9d-3999-41b2-ad96-8a42de3d2691,model.options.HGU.cane.20.json,25,17.5,1200,800,9
bd2291ca-6140-44e9-b165-9c5c55deaac0,model.options.HGU.cane.20.json,25,17.5,1200,800,12
fb10ca5d-07ee-4954-9d5c-0198661e2f13,model.options.HGU.cane.20.json,25,17.5,1200,1000,6
1ded7b81-296c-4839-a115-0006e6353615,model.options.HGU.cane.20.json,25,17.5,1200,1000,9
6f490bae-bc19-4fc3-9840-7f9285bdb9f6,model.options.HGU.cane.20.json,25,17.5,1200,1000,12
473706b9-4b02-47fa-8c68-b0dc2d3ec738,model.options.HGU.cane.20.json,25,17.5,1200,1200,6
5a1c1231-a5da-44ee-a6b3-8ae0d5133f6b,model.options.HGU.cane.20.json,25,17.5,1200,1200,9
2038dabd-5aec-4c73-84ad-763979502707,model.options.HGU.cane.20.json,25,17.5,1200,1200,12
ab658e82-8953-4e25-8292-7beda59c41cd,model.options.HGU.cane.20.json,25,20,400,800,6
fc3ba901-f276-4d31-bd71-6746ac1ff977,model.options.HGU.cane.20.json,25,20,400,800,9
e12971a0-e174-4b9f-acd0-0b80343e589f,model.options.HGU.cane.20.json,25,20,400,800,12
bf77d9f9-4f68-4550-a965-6e04adbd6346,model.options.HGU.cane.20.json,25,20,400,1000,6
734ab7cc-1afe-4edc-9149-d24d7803f847,model.options.HGU.cane.20.json,25,20,400,1000,9
1e6c0fe2-cfcf-4acd-91b7-94d01cb589ad,model.options.HGU.cane.20.json,25,20,400,1000,12
e2f3cdb2-e932-4249-aa68-8c74bf4be2b8,model.options.HGU.cane.20.json,25,20,400,1200,6
cc6ef4f1-f36e-4715-8bbc-f3e3f8dfd8a4,model.options.HGU.cane.20.json,25,20,400,1200,9
5f5159f0-44fd-4c4b-b820-650977f8e3be,model.options.HGU.cane.20.json,25,20,400,1200,12
7c2baec2-4e0f-44bf-a655-969ba46d0a07,model.options.HGU.cane.20.json,25,20,650,800,6
0d0f6115-b4d0-4664-934f-5db2de19ceff,model.options.HGU.cane.20.json,25,20,650,800,9
9dd8d701-4246-443a-a5e6-776ce3759220,model.options.HGU.cane.20.json,25,20,650,800,12
6748164c-81ae-493b-be7a-6f48c81d22d3,model.options.HGU.cane.20.json,25,20,650,1000,6
bd65eba2-89f1-4b2f-bf7e-13e42b0ee4d0,model.options.HGU.cane.20.json,25,20,650,1000,9
6be2e09e-0a53-48e4-96c3-bc07e964a340,model.options.HGU.cane.20.json,25,20,650,1000,12
9fdd0c1d-e754-4f7c-92c0-60eb4e86bf4d,model.options.HGU.cane.20.json,25,20,650,1200,6
12f7acd0-baf5-467d-b747-44558d5e839a,model.options.HGU.cane.20.json,25,20,650,1200,9
3b04c911-cc38-4522-bbf7-0d5cc27601df,model.options.HGU.cane.20.json,25,20,650,1200,12
918284ed-f355-4dbc-bc9c-4e30367c6728,model.options.HGU.cane.20.json,25,20,900,800,6
346b962f-7bb6-4367-a42d-6453527214aa,model.options.HGU.cane.20.json,25,20,900,800,9
235b9029-edf3-418b-b611-a6a6ce0cf9f4,model.options.HGU.cane.20.json,25,20,900,800,12
b208f900-d9d0-41a3-9345-1aad819b0520,model.options.HGU.cane.20.json,25,20,900,1000,6
022b0577-27d1-4026-8286-f47ec9cf2c85,model.options.HGU.cane.20.json,25,20,900,1000,9
ae49c439-fe59-4a5f-91ca-df3ba42712d9,model.options.HGU.cane.20.json,25,20,900,1000,12
a874a949-2bfe-4a15-b7cb-1fe4c05f28a6,model.options.HGU.cane.20.json,25,20,900,1200,6
864d8da8-05e9-4d8b-a2dd-22cd58d9e455,model.options.HGU.cane.20.json,25,20,900,1200,9
714ea070-1673-4ca4-be3d-d95628a26cb1,model.options.HGU.cane.20.json,25,20,900,1200,12
11b5edc6-10f0-48c5-bd87-06c066a44f59,model.options.HGU.cane.20.json,25,20,1200,800,6
5cdb4f65-ba28-42ee-b2fe-ca69614dcafb,model.options.HGU.cane.20.json,25,20,1200,800,9
d54df22b-ac86-4a94-a139-25d9fc43dd77,model.options.HGU.cane.20.json,25,20,1200,800,12
375e83e4-ac1d-4559-aa25-4843bdd54243,model.options.HGU.cane.20.json,25,20,1200,1000,6
9813edc9-c85b-499d-9c82-4a4e6382016f,model.options.HGU.cane.20.json,25,20,1200,1000,9
accab17e-ff18-4018-897a-5ce6fba53d69,model.options.HGU.cane.20.json,25,20,1200,1000,12
51c9ddf1-1682-475d-8677-1b1c3a682659,model.options.HGU.cane.20.json,25,20,1200,1200,6
2aca5106-dc26-4708-a073-aaa60ac68077,model.options.HGU.cane.20.json,25,20,1200,1200,9
32bd2330-21ba-40c5-aee5-ec398487eb71,model.options.HGU.cane.20.json,25,20,1200,1200,12
459332e7-8bdc-4a8d-ab7c-9347394a3162,model.options.HGU.cane.20.json,27.5,15,400,800,6
9b18759b-788d-48aa-92af-6e05da5c8fea,model.options.HGU.cane.20.json,27.5,15,400,800,9
99e7abb2-abb2-4798-abab-985d278509a0,model.options.HGU.cane.20.json,27.5,15,400,800,12
b9da9290-6931-4e16-998c-3296ffe8ea8f,model.options.HGU.cane.20.json,27.5,15,400,1000,6
6a60a950-491d-45d3-a315-0bc11a005884,model.options.HGU.cane.20.json,27.5,15,400,1000,9
df919ace-210a-4d94-90bb-dcf90cfc18d8,model.options.HGU.cane.20.json,27.5,15,400,1000,12
3b6c2c27-96be-4dd1-a9cf-219aa45517e0,model.options.HGU.cane.20.json,27.5,15,400,1200,6
08c04b50-0095-436b-89e0-88bf934b5d55,model.options.HGU.cane.20.json,27.5,15,400,1200,9
705066bf-bb85-4aae-b125-3d58591cb276,model.options.HGU.cane.20.json,27.5,15,400,1200,12
4d2f2730-55d1-4937-b3cd-10457424111a,model.options.HGU.cane.20.json,27.5,15,650,800,6
e30b376d-89b0-4803-a1a8-3ea90709312b,model.options.HGU.cane.20.json,27.5,15,650,800,9
8683b600-8c68-4f06-a1d8-6a0458197477,model.options.HGU.cane.20.json,27.5,15,650,800,12
e8f7bfbe-996a-4359-834a-961de71bcaed,model.options.HGU.cane.20.json,27.5,15,650,1000,6
bd9b8bf0-b2e1-4e35-b93f-ba805bb34253,model.options.HGU.cane.20.json,27.5,15,650,1000,9
6ca85ab4-393a-41fe-9f71-85f37ecd0a99,model.options.HGU.cane.20.json,27.5,15,650,1000,12
c35e50ff-826e-4938-af30-a01934414e5b,model.options.HGU.cane.20.json,27.5,15,650,1200,6
c01270f0-b21b-432a-8bcc-0942f7b632cb,model.options.HGU.cane.20.json,27.5,15,650,1200,9
7b3099ee-e09c-4446-b821-eaec7310e7b5,model.options.HGU.cane.20.json,27.5,15,650,1200,12
8138d0b6-a7c0-4252-99a8-929ae45dcd73,model.options.HGU.cane.20.json,27.5,15,900,800,6
d76e0205-eeab-4d73-8d5b-61e4026063c2,model.options.HGU.cane.20.json,27.5,15,900,800,9
28cde6f1-f9fc-46ae-a4e5-d1594fbac17b,model.options.HGU.cane.20.json,27.5,15,900,800,12
247e7898-a5f5-4da5-af5f-4d55036c2eb3,model.options.HGU.cane.20.json,27.5,15,900,1000,6
bb08527e-820e-45b8-9533-7efc536cbc10,model.options.HGU.cane.20.json,27.5,15,900,1000,9
6f94954e-4920-4c12-a209-9871eece7f55,model.options.HGU.cane.20.json,27.5,15,900,1000,12
e274dce6-06e4-4962-b88c-8f0324d125ab,model.options.HGU.cane.20.json,27.5,15,900,1200,6
d353bb07-adb8-4466-8f80-4e5f9fab7569,model.options.HGU.cane.20.json,27.5,15,900,1200,9
e3fb5931-1778-4f6b-84a8-891965fa8725,model.options.HGU.cane.20.json,27.5,15,900,1200,12
5fbe9848-5a8a-48c1-859c-af6390b5d686,model.options.HGU.cane.20.json,27.5,15,1200,800,6
4c6d013c-5932-4079-869c-7fd07814cd6c,model.options.HGU.cane.20.json,27.5,15,1200,800,9
c0fd6d06-dc50-489c-9d51-5ad8f6bb60bd,model.options.HGU.cane.20.json,27.5,15,1200,800,12
d626c2b2-e16a-4a64-bcfd-374209329cca,model.options.HGU.cane.20.json,27.5,15,1200,1000,6
7ceced68-1090-478a-9e20-aa0befc0d089,model.options.HGU.cane.20.json,27.5,15,1200,1000,9
5f5e221b-129b-49ce-aa76-e256b21a2908,model.options.HGU.cane.20.json,27.5,15,1200,1000,12
5939df04-9a6c-401a-aebf-5eb5cf27115d,model.options.HGU.cane.20.json,27.5,15,1200,1200,6
6bf660c5-b62d-45c9-a4a2-229e7450ae53,model.options.HGU.cane.20.json,27.5,15,1200,1200,9
5ed8c89a-7eab-46c6-9abd-cda7ba094902,model.options.HGU.cane.20.json,27.5,15,1200,1200,12
55e4098a-3384-4314-8463-43c6622d7980,model.options.HGU.cane.20.json,27.5,17.5,400,800,6
89350777-337e-4d6c-b2d0-5c99a6879828,model.options.HGU.cane.20.json,27.5,17.5,400,800,9
ecc86ae6-8323-4584-abaa-82d8b0a19f26,model.options.HGU.cane.20.json,27.5,17.5,400,800,12
ddc5337f-84ac-4c04-91ca-e0ac10b72a08,model.options.HGU.cane.20.json,27.5,17.5,400,1000,6
0a4ca200-b97b-4af3-a59c-b32b003808b4,model.options.HGU.cane.20.json,27.5,17.5,400,1000,9
2a6ca21c-04d0-4e63-bfe6-704da6059cfc,model.options.HGU.cane.20.json,27.5,17.5,400,1000,12
23b5e6cf-ff03-4cf4-b491-379a455bdbf7,model.options.HGU.cane.20.json,27.5,17.5,400,1200,6
b8c57b96-c224-436f-ab46-e17fc29f86dd,model.options.HGU.cane.20.json,27.5,17.5,400,1200,9
b9bf3f85-150d-46e3-ad15-6cb1a35f604e,model.options.HGU.cane.20.json,27.5,17.5,400,1200,12
81e11e5d-90e2-4c20-a3d7-d920823a0d65,model.options.HGU.cane.20.json,27.5,17.5,650,800,6
aa983c5d-2382-437f-a004-ea1f53ae431d,model.options.HGU.cane.20.json,27.5,17.5,650,800,9
3c04b78f-470e-4877-bfa2-308933df0069,model.options.HGU.cane.20.json,27.5,17.5,650,800,12
f0d725c2-e558-4fea-9dfd-9b5463a1656f,model.options.HGU.cane.20.json,27.5,17.5,650,1000,6
d7d570d2-3598-457a-bbd2-26baa43e67d9,model.options.HGU.cane.20.json,27.5,17.5,650,1000,9
f4c63091-0762-4df5-a0ad-ea3ff34d0f77,model.options.HGU.cane.20.json,27.5,17.5,650,1000,12
04804c34-446e-4b2e-900d-38f1a46246c6,model.options.HGU.cane.20.json,27.5,17.5,650,1200,6
0fe77f1d-7a47-4c19-9e43-c0fdcb439189,model.options.HGU.cane.20.json,27.5,17.5,650,1200,9
5d68ad57-8ad0-4583-b31f-1887620f21f3,model.options.HGU.cane.20.json,27.5,17.5,650,1200,12
3d952edc-6625-4393-a0a0-27e9e1831719,model.options.HGU.cane.20.json,27.5,17.5,900,800,6
0b72c649-5ac8-4571-b8f1-0f59be148b82,model.options.HGU.cane.20.json,27.5,17.5,900,800,9
745218d4-0ada-4741-ab0a-030d5d79a290,model.options.HGU.cane.20.json,27.5,17.5,900,800,12
82e2a588-0fbb-4bfe-bacd-ffbdc399c8dd,model.options.HGU.cane.20.json,27.5,17.5,900,1000,6
f392a6a9-433e-4a29-b993-68e4b6237b87,model.options.HGU.cane.20.json,27.5,17.5,900,1000,9
57937590-95ef-4b2f-879b-e0291ed43d46,model.options.HGU.cane.20.json,27.5,17.5,900,1000,12
7c48e8ff-f42e-40d3-b0ec-4ba5f399591c,model.options.HGU.cane.20.json,27.5,17.5,900,1200,6
147279cc-5b5e-45e7-982e-ca450a368ccc,model.options.HGU.cane.20.json,27.5,17.5,900,1200,9
ac1ae9cf-68e8-4528-80a4-e822dcbbdfbc,model.options.HGU.cane.20.json,27.5,17.5,900,1200,12
7b9f951c-2146-4a4f-a498-054afc26b414,model.options.HGU.cane.20.json,27.5,17.5,1200,800,6
11524c18-3788-4abf-8ef9-bd0101dc9c30,model.options.HGU.cane.20.json,27.5,17.5,1200,800,9
2bb29784-f322-405b-9965-3d2bf9c7676c,model.options.HGU.cane.20.json,27.5,17.5,1200,800,12
453ee3ab-57fc-4e56-8df5-c2cd7dc61398,model.options.HGU.cane.20.json,27.5,17.5,1200,1000,6
7bb0339a-d123-4fb8-9d84-66c52f3a0fbe,model.options.HGU.cane.20.json,27.5,17.5,1200,1000,9
f5c7e600-8908-4ac3-a467-f9a68fe93124,model.options.HGU.cane.20.json,27.5,17.5,1200,1000,12
04b09338-11dd-406d-aab4-50b9048ad286,model.options.HGU.cane.20.json,27.5,17.5,1200,1200,6
ced216f2-9b7e-4f6b-a397-6f1335d4ccd0,model.options.HGU.cane.20.json,27.5,17.5,1200,1200,9
c4f80dd7-4e29-489b-b152-a13cc9df7384,model.options.HGU.cane.20.json,27.5,17.5,1200,1200,12
3b6d333d-17fc-4cd3-bf25-8f4da2e397bb,model.options.HGU.cane.20.json,27.5,20,400,800,6
acc9a320-b032-4c45-8fdf-a5f4f0053064,model.options.HGU.cane.20.json,27.5,20,400,800,9
6e2230ae-5481-4c93-b612-393fb5c2f480,model.options.HGU.cane.20.json,27.5,20,400,800,12
e2e5badf-93e6-4187-a9ed-694c079010c1,model.options.HGU.cane.20.json,27.5,20,400,1000,6
9097b096-0123-4c84-89d3-d0c95fcc3263,model.options.HGU.cane.20.json,27.5,20,400,1000,9
5a0e996c-9670-471b-a13b-da91367ec75b,model.options.HGU.cane.20.json,27.5,20,400,1000,12
3c3ec6bb-673e-466c-873e-33fecc91dd75,model.options.HGU.cane.20.json,27.5,20,400,1200,6
582f6315-9ee0-4137-aed4-6dd818f02b16,model.options.HGU.cane.20.json,27.5,20,400,1200,9
fc4b79fd-73a0-427e-84c1-27b51e52c31c,model.options.HGU.cane.20.json,27.5,20,400,1200,12
0c7b2123-97cf-4815-ade0-c2f19247f805,model.options.HGU.cane.20.json,27.5,20,650,800,6
ae783112-1baf-4d2f-a86b-9a4a3bcbe98b,model.options.HGU.cane.20.json,27.5,20,650,800,9
5ad80a87-892f-4438-90bd-11f55972cda5,model.options.HGU.cane.20.json,27.5,20,650,800,12
e72e211d-642e-4749-9555-5a074e239375,model.options.HGU.cane.20.json,27.5,20,650,1000,6
bd815da7-f37c-4320-9aff-8abb5f46600d,model.options.HGU.cane.20.json,27.5,20,650,1000,9
09b653fc-f33c-4ac1-9dd1-e7106b182ef2,model.options.HGU.cane.20.json,27.5,20,650,1000,12
5cb0d913-4023-4c7a-a5aa-421814174451,model.options.HGU.cane.20.json,27.5,20,650,1200,6
18d6b817-bcbb-4ca8-ba61-34dd0183d39e,model.options.HGU.cane.20.json,27.5,20,650,1200,9
e18c2b09-da2b-4ce7-9ab3-7ae5838fad68,model.options.HGU.cane.20.json,27.5,20,650,1200,12
c44355d5-a5d6-438f-a259-b7ffae05dacb,model.options.HGU.cane.20.json,27.5,20,900,800,6
f957741b-aabd-4d32-82b0-61a055702558,model.options.HGU.cane.20.json,27.5,20,900,800,9
5025a54f-ebd4-4d21-8ad8-e1f031cb8b71,model.options.HGU.cane.20.json,27.5,20,900,800,12
a4d50632-2fc7-4ba7-a275-3abf724e97c2,model.options.HGU.cane.20.json,27.5,20,900,1000,6
8b573bcb-abb2-4e30-8fb5-2f5b18549d5b,model.options.HGU.cane.20.json,27.5,20,900,1000,9
f4c29ac6-558d-4024-a00b-7d17858e29da,model.options.HGU.cane.20.json,27.5,20,900,1000,12
847a60af-15fd-4f2a-990f-563b8943dbf9,model.options.HGU.cane.20.json,27.5,20,900,1200,6
720791d9-5613-4c17-a2d5-8cf74142992d,model.options.HGU.cane.20.json,27.5,20,900,1200,9
a3884249-0de8-4532-8cd2-ee87a7709d5d,model.options.HGU.cane.20.json,27.5,20,900,1200,12
524dc427-4095-45d6-ab12-c4afd3b9b170,model.options.HGU.cane.20.json,27.5,20,1200,800,6
f619f9ea-349b-45c6-bd76-b5414f43fc9f,model.options.HGU.cane.20.json,27.5,20,1200,800,9
56440359-ced9-409a-a985-549a2225baf8,model.options.HGU.cane.20.json,27.5,20,1200,800,12
f9f2ba56-a675-4cbd-b5c5-fcf3bfa2bb14,model.options.HGU.cane.20.json,27.5,20,1200,1000,6
361cd18e-3129-494e-882d-fb783a6acedf,model.options.HGU.cane.20.json,27.5,20,1200,1000,9
9459b4bb-f5c2-4fdc-8409-74e4103b4dc5,model.options.HGU.cane.20.json,27.5,20,1200,1000,12
eb08a5d4-19ab-4222-a1b8-1f1a08c91243,model.options.HGU.cane.20.json,27.5,20,1200,1200,6
0de8fd28-a310-4cea-a238-02266e73a62a,model.options.HGU.cane.20.json,27.5,20,1200,1200,9
aee626c7-5dcf-4411-becf-3c9821c180a4,model.options.HGU.cane.20.json,27.5,20,1200,1200,12
7d9752ae-f390-40cf-8bc0-f04010a6eb9e,model.options.HGU.cane.20.json,30,15,400,800,6
74d059a4-c250-46be-9f57-71f3ecb58c75,model.options.HGU.cane.20.json,30,15,400,800,9
798ada44-e331-454c-8092-9dafa91bb969,model.options.HGU.cane.20.json,30,15,400,800,12
a628fe05-b425-439d-82ab-8ac62ca3fd46,model.options.HGU.cane.20.json,30,15,400,1000,6
c7be8af8-25be-4560-8133-d72df240793f,model.options.HGU.cane.20.json,30,15,400,1000,9
b6ea05a8-6c55-40ad-a102-617c88f049ca,model.options.HGU.cane.20.json,30,15,400,1000,12
9dd96620-2ecf-4e94-a50d-c44484b29709,model.options.HGU.cane.20.json,30,15,400,1200,6
31998e32-073f-4bd1-a4a4-1e9b1e32c5c5,model.options.HGU.cane.20.json,30,15,400,1200,9
f7323fb3-7808-41c1-a820-c434433fe73e,model.options.HGU.cane.20.json,30,15,400,1200,12
86564045-abdf-4ead-89c9-8a6cdddc97d7,model.options.HGU.cane.20.json,30,15,650,800,6
b1865ac3-f99a-435e-ae54-1a07e0703103,model.options.HGU.cane.20.json,30,15,650,800,9
30c00a5a-690d-4eff-be53-987d9843dfa2,model.options.HGU.cane.20.json,30,15,650,800,12
8863c074-da2e-4f2a-8d15-300ceb0aceaf,model.options.HGU.cane.20.json,30,15,650,1000,6
0243a87d-8d6a-460e-8506-fbf4e386fbaf,model.options.HGU.cane.20.json,30,15,650,1000,9
1b1fa848-679f-41c6-9a39-0cf06e16edd1,model.options.HGU.cane.20.json,30,15,650,1000,12
f6ff12ff-9b06-48c1-9306-48ec24b22b1e,model.options.HGU.cane.20.json,30,15,650,1200,6
3f61d3d4-11df-4bb4-9c67-bd1033b7bb0f,model.options.HGU.cane.20.json,30,15,650,1200,9
36df67ab-aec1-4217-af78-70f3a8135a81,model.options.HGU.cane.20.json,30,15,650,1200,12
2eec6e89-c52d-4c33-b118-ffebd62ef7b3,model.options.HGU.cane.20.json,30,15,900,800,6
303f536e-8775-4d63-ba28-574302369a6c,model.options.HGU.cane.20.json,30,15,900,800,9
944366b3-cc61-42c0-ae7b-768b165e4705,model.options.HGU.cane.20.json,30,15,900,800,12
ad42f3af-5314-488a-90d1-b4cd0c750189,model.options.HGU.cane.20.json,30,15,900,1000,6
ab6586b6-035f-46a7-9168-ce72346c7450,model.options.HGU.cane.20.json,30,15,900,1000,9
ba574740-1fcc-42d6-baa1-60d6c374fd14,model.options.HGU.cane.20.json,30,15,900,1000,12
d1ff76bb-45f7-4bb4-80dd-c287e2eea78c,model.options.HGU.cane.20.json,30,15,900,1200,6
f04ca6fd-1d59-4dff-ab79-0f04ec67dc59,model.options.HGU.cane.20.json,30,15,900,1200,9
74ac952a-00f0-4116-a7e9-fba6c0e2163d,model.options.HGU.cane.20.json,30,15,900,1200,12
dae15404-0b0d-46e1-84cf-d8787cb6a203,model.options.HGU.cane.20.json,30,15,1200,800,6
4f98f475-3d7b-40e9-8e59-11d2b1a08383,model.options.HGU.cane.20.json,30,15,1200,800,9
eb91815c-7cf6-4f60-90eb-6ac85baac8e3,model.options.HGU.cane.20.json,30,15,1200,800,12
479172fa-b4df-442d-af0c-822d81f84b86,model.options.HGU.cane.20.json,30,15,1200,1000,6
7c8d21bc-1716-46c8-af5d-40881186e519,model.options.HGU.cane.20.json,30,15,1200,1000,9
90d5b407-f97f-4a4a-ada1-ad2170400965,model.options.HGU.cane.20.json,30,15,1200,1000,12
2e1b0d3e-a51b-4886-b3bb-07895be8220c,model.options.HGU.cane.20.json,30,15,1200,1200,6
a69a7dfc-f60e-40bd-9512-2b5809f0990c,model.options.HGU.cane.20.json,30,15,1200,1200,9
4eab2875-de52-433d-9be7-cb036c0d31ab,model.options.HGU.cane.20.json,30,15,1200,1200,12
a0076e55-676f-4291-b62b-a74779ff7024,model.options.HGU.cane.20.json,30,17.5,400,800,6
76f5593b-986e-47c2-a43c-a1ca8352ed19,model.options.HGU.cane.20.json,30,17.5,400,800,9
8a4e58ce-6b92-4d26-9cba-c97095cb91bc,model.options.HGU.cane.20.json,30,17.5,400,800,12
b3fe7664-556e-4f22-9c4c-e1ca9f27df31,model.options.HGU.cane.20.json,30,17.5,400,1000,6
de38a9f1-293f-472c-8497-0bea6af68d73,model.options.HGU.cane.20.json,30,17.5,400,1000,9
2e63593d-e768-4745-a8ad-a74be3b6620e,model.options.HGU.cane.20.json,30,17.5,400,1000,12
803bc577-deaf-407c-8c81-cc4001a3bff0,model.options.HGU.cane.20.json,30,17.5,400,1200,6
24056863-d220-459b-a067-ef073a831b07,model.options.HGU.cane.20.json,30,17.5,400,1200,9
67da072c-9c04-4465-b83a-5e35f6c6c28d,model.options.HGU.cane.20.json,30,17.5,400,1200,12
1d6bba17-bf18-4d65-a84a-a346a636f3e3,model.options.HGU.cane.20.json,30,17.5,650,800,6
a644b0c9-09cb-4c75-b8c4-a1f175cb08d2,model.options.HGU.cane.20.json,30,17.5,650,800,9
b97a7ccc-f229-4bbc-ac37-3ca96879c1c6,model.options.HGU.cane.20.json,30,17.5,650,800,12
71f0bec7-e174-4b96-b3e1-2ee39a0c4d6d,model.options.HGU.cane.20.json,30,17.5,650,1000,6
6237beb4-4364-4062-83e2-3a72de603fe6,model.options.HGU.cane.20.json,30,17.5,650,1000,9
d741aed5-9587-433e-b971-c00b0881d0e2,model.options.HGU.cane.20.json,30,17.5,650,1000,12
8bf7d122-3d2f-41eb-8499-07719d95413c,model.options.HGU.cane.20.json,30,17.5,650,1200,6
f818c4f6-38a9-4c6b-a014-23da1f2fec48,model.options.HGU.cane.20.json,30,17.5,650,1200,9
ea2816cc-1c60-4587-acee-d27b01c1aa8a,model.options.HGU.cane.20.json,30,17.5,650,1200,12
ccf2e77d-dd52-480d-80ac-1cd88683dc33,model.options.HGU.cane.20.json,30,17.5,900,800,6
11e6a567-04c5-49d1-a3ae-173d5c988c9c,model.options.HGU.cane.20.json,30,17.5,900,800,9
70c74d29-3a49-4d69-92ad-19cf43fd49aa,model.options.HGU.cane.20.json,30,17.5,900,800,12
e28e0169-4b98-470b-8cd9-397905f1555f,model.options.HGU.cane.20.json,30,17.5,900,1000,6
4457d685-da71-4879-b644-a65ab42eb95e,model.options.HGU.cane.20.json,30,17.5,900,1000,9
2b7ab4bc-3d02-4de4-aca8-28b90fa3145a,model.options.HGU.cane.20.json,30,17.5,900,1000,12
7138ffbf-8f9f-4911-9c20-587d8a1b1a3a,model.options.HGU.cane.20.json,30,17.5,900,1200,6
507554bf-5072-4a33-b850-5deab6a7f6f9,model.options.HGU.cane.20.json,30,17.5,900,1200,9
a273749c-9849-4fb7-be43-3b8ebaa95754,model.options.HGU.cane.20.json,30,17.5,900,1200,12
a7045f82-004f-4ece-b11e-88694da3e831,model.options.HGU.cane.20.json,30,17.5,1200,800,6
04ef0d35-451c-4463-af55-bc1978929db8,model.options.HGU.cane.20.json,30,17.5,1200,800,9
358a4766-c455-46f9-82d1-2db8bab8cc13,model.options.HGU.cane.20.json,30,17.5,1200,800,12
44fece63-e1e7-48c9-ab75-b581bbb0b3f9,model.options.HGU.cane.20.json,30,17.5,1200,1000,6
05bd4af3-80f0-493c-b39c-f67b193073cb,model.options.HGU.cane.20.json,30,17.5,1200,1000,9
09a6f867-9547-47db-9ba6-21e0795c9820,model.options.HGU.cane.20.json,30,17.5,1200,1000,12
c91449ce-2d8d-4095-ada6-bfc63aaa7371,model.options.HGU.cane.20.json,30,17.5,1200,1200,6
372d3e48-0545-4b59-abd6-0e4fc1db5da4,model.options.HGU.cane.20.json,30,17.5,1200,1200,9
6f2b1eb0-de8d-4dd6-b74e-848c7c7405fd,model.options.HGU.cane.20.json,30,17.5,1200,1200,12
2aaeb51f-1928-4fd9-b874-191b12a51c07,model.options.HGU.cane.20.json,30,20,400,800,6
41b3626c-47fa-49a9-a270-3ce9237a4fe7,model.options.HGU.cane.20.json,30,20,400,800,9
0e594722-f245-4ea5-9b0f-f4ccd61bc7e1,model.options.HGU.cane.20.json,30,20,400,800,12
8d7c4ab3-0c08-4382-9992-c75cdd5c6e46,model.options.HGU.cane.20.json,30,20,400,1000,6
59170063-73e7-41bf-9278-84d8b6518f78,model.options.HGU.cane.20.json,30,20,400,1000,9
2018aa4e-e1f2-4431-b24f-2ab9dd8f02c5,model.options.HGU.cane.20.json,30,20,400,1000,12
84e175a6-c45c-4a17-ae97-da7b0c6dd9fc,model.options.HGU.cane.20.json,30,20,400,1200,6
aea54144-762c-4e3a-a9b7-df6887b34489,model.options.HGU.cane.20.json,30,20,400,1200,9
4404cad7-3953-4dfe-83ec-bf4773db12c6,model.options.HGU.cane.20.json,30,20,400,1200,12
e6ceb5d3-8895-4b88-a385-cd999652e843,model.options.HGU.cane.20.json,30,20,650,800,6
cae7b602-7fe6-4ade-8388-78208424179a,model.options.HGU.cane.20.json,30,20,650,800,9
e7e7a4e2-a7f6-4228-b50e-5c23c7f7def4,model.options.HGU.cane.20.json,30,20,650,800,12
68c3108b-b58a-4bcd-b6fa-8661cb25fd59,model.options.HGU.cane.20.json,30,20,650,1000,6
aacdd3b6-ab42-4fd5-88bc-077627817d0a,model.options.HGU.cane.20.json,30,20,650,1000,9
6950f38d-dd82-47ac-a9a3-444afbeff8a9,model.options.HGU.cane.20.json,30,20,650,1000,12
9621776e-3518-45f7-aee8-1814afb3d694,model.options.HGU.cane.20.json,30,20,650,1200,6
b33e6cd3-6d6a-4071-aff6-d43041ffcd41,model.options.HGU.cane.20.json,30,20,650,1200,9
5545cc85-3674-4f9c-adc8-e8cf267e1765,model.options.HGU.cane.20.json,30,20,650,1200,12
9b0afcd0-ce15-4bcb-bd4b-22b1d980d106,model.options.HGU.cane.20.json,30,20,900,800,6
d3dbc3b2-98dc-4bc5-9e38-39fafa94fdcb,model.options.HGU.cane.20.json,30,20,900,800,9
a5e7b9a7-f6bf-4ad9-b63c-902b344ec225,model.options.HGU.cane.20.json,30,20,900,800,12
57ea5a5a-3ddf-4cca-8d5a-17d5ae867f61,model.options.HGU.cane.20.json,30,20,900,1000,6
07d131d5-2704-47cf-9a14-7d1fae4615c5,model.options.HGU.cane.20.json,30,20,900,1000,9
fbbef224-82f2-45ae-8aa9-c65f3f11877a,model.options.HGU.cane.20.json,30,20,900,1000,12
26a06411-89f4-4e41-bdbf-ebe7d697a894,model.options.HGU.cane.20.json,30,20,900,1200,6
c16100cb-544c-4864-bd03-d454acca77af,model.options.HGU.cane.20.json,30,20,900,1200,9
bee1bbfe-0bde-419b-a649-a05375244175,model.options.HGU.cane.20.json,30,20,900,1200,12
dfae5789-4273-4c5f-a9e2-510bfed43865,model.options.HGU.cane.20.json,30,20,1200,800,6
09d11a5a-90d3-49e3-9689-de28056b50a6,model.options.HGU.cane.20.json,30,20,1200,800,9
16825bf8-3a99-4b9c-96a1-558f1a96382e,model.options.HGU.cane.20.json,30,20,1200,800,12
d43c043b-2846-4188-a3f8-18807607d528,model.options.HGU.cane.20.json,30,20,1200,1000,6
c3608c78-f2bf-4716-bdd6-8d36417f87a4,model.options.HGU.cane.20.json,30,20,1200,1000,9
cfdbabe6-e813-42d1-8226-5ac0282b285a,model.options.HGU.cane.20.json,30,20,1200,1000,12
96b6cea7-398c-4400-94e6-7e981222ecbb,model.options.HGU.cane.20.json,30,20,1200,1200,6
f65933b5-a0ec-493f-beed-7ac33bda7ddc,model.options.HGU.cane.20.json,30,20,1200,1200,9
246e4593-3aa5-40a0-83eb-82631024ae5b,model.options.HGU.cane.20.json,30,20,1200,1200,12
a99f77d4-b99e-444a-b4ae-dee1de388756,model.options.HGU.cane.30.json,27.5,17.5,900,800,9
62a1be91-90fc-461a-bcd7-4a3e1ccd1043,model.options.HGU.cane.30.json,27.5,17.5,900,800,12
03bce839-37f2-454c-958e-11d0f80a04fa,model.options.HGU.cane.30.json,27.5,17.5,900,1000,9
1b329e7f-f429-4ca6-ae00-fce46f3e7b74,model.options.HGU.cane.30.json,27.5,17.5,900,1000,12
6da5ce02-6b68-4a1a-8e62-e6eaca4a974d,model.options.HGU.cane.30.json,27.5,17.5,900,1200,9
c74c26c2-4fef-490f-8b40-9e0be938903b,model.options.HGU.cane.30.json,27.5,17.5,900,1200,12
2d7be28a-272e-45e9-9cba-019e6c014528,model.options.HGU.cane.30.json,27.5,17.5,1200,800,9
6b4e4308-c220-4cd7-b5c6-b9b4e07aae3e,model.options.HGU.cane.30.json,27.5,17.5,1200,800,12
ff8bccda-c90c-4507-bff5-aa2e52eea80f,model.options.HGU.cane.30.json,27.5,17.5,1200,1000,9
a3a462dc-18ab-4378-93b6-720aac6c9566,model.options.HGU.cane.30.json,27.5,17.5,1200,1000,12
fa380244-4e4b-42ec-9e10-d29658012fc9,model.options.HGU.cane.30.json,27.5,17.5,1200,1200,9
5e57c255-ffb3-4bf6-a383-1c104d00855a,model.options.HGU.cane.30.json,27.5,17.5,1200,1200,12
41b6a8c9-245e-4222-a168-a7a35d4be499,model.options.HGU.spur.json,25,15,400,400,3
2a5b8b7c-b5cd-4e90-9404-2255a58ab803,model.options.HGU.spur.json,25,15,400,400,6
ed5ff8f9-979f-4fd8-9713-df8876fcfaf1,model.options.HGU.spur.json,25,15,400,400,9
5e9d55da-5210-46e3-af04-768838b90d7f,model.options.HGU.spur.json,25,15,400,400,12
7aa2ed4f-cc9d-45cd-8e30-483731860ab3,model.options.HGU.spur.json,25,15,400,600,3
74bd36be-8591-49d7-9412-c6d16035effd,model.options.HGU.spur.json,25,15,400,600,6
591e1483-4825-476d-af0a-415eec87ee7d,model.options.HGU.spur.json,25,15,400,600,9
d23a7645-045e-466c-97fc-d731fe6996da,model.options.HGU.spur.json,25,15,400,600,12
ed2b8161-8c66-4216-b6a9-e61af98f4f62,model.options.HGU.spur.json,25,15,400,800,3
93fc133f-d1b4-45ca-a933-ab0a0c262409,model.options.HGU.spur.json,25,15,400,800,6
b89f268a-6492-449a-b890-72624e7d92de,model.options.HGU.spur.json,25,15,400,800,9
62a5b5e8-2b67-4000-b220-56ca64264d65,model.options.HGU.spur.json,25,15,400,800,12
e463bdf9-b016-41fb-ba2f-03af420ae846,model.options.HGU.spur.json,25,15,400,1000,3
47873458-6fb2-44f2-808e-7eb505d7360f,model.options.HGU.spur.json,25,15,400,1000,6
852bd6e9-a85e-4752-bede-077ce3072aaf,model.options.HGU.spur.json,25,15,400,1000,9
5f0b6ff0-d94e-40eb-b3f8-aab88517130f,model.options.HGU.spur.json,25,15,400,1000,12
52d66c86-ed3a-4936-b8ca-e6fd7718f663,model.options.HGU.spur.json,25,15,400,1200,3
23619490-f886-4d94-9f8d-506e51685f45,model.options.HGU.spur.json,25,15,400,1200,6
f0898bd5-b30b-4c2d-a3e3-e272a5da0794,model.options.HGU.spur.json,25,15,400,1200,9
99d45113-0255-4e9a-ae8f-899d67f2b699,model.options.HGU.spur.json,25,15,400,1200,12
35bc7a16-b999-4490-b67a-1ec5b194d01b,model.options.HGU.spur.json,25,15,650,400,3
d2f72fba-0f48-4bce-a69a-db79fa066591,model.options.HGU.spur.json,25,15,650,400,6
12787f07-5de9-47ea-85ce-83a54d590e73,model.options.HGU.spur.json,25,15,650,400,9
ff647c16-e21e-4706-81b4-b85a071d1117,model.options.HGU.spur.json,25,15,650,400,12
66ed1728-fa35-4767-a4db-a2d689e4da76,model.options.HGU.spur.json,25,15,650,600,3
42dd51e2-daab-4718-93fa-1dea2629f0b1,model.options.HGU.spur.json,25,15,650,600,6
5b078e56-3e15-48de-919f-b68021f0eb40,model.options.HGU.spur.json,25,15,650,600,9
b4d8b47e-ed5e-4c79-8b40-adf65a69a714,model.options.HGU.spur.json,25,15,650,600,12
8aa9b8a6-c7ba-4c62-815f-dfd7c8a760ee,model.options.HGU.spur.json,25,15,650,800,3
20c11537-7e66-441e-bb30-36371f4b2b79,model.options.HGU.spur.json,25,15,650,800,6
f19b2162-73b6-4dc6-a6d9-5f6aba593b6f,model.options.HGU.spur.json,25,15,650,800,9
bbf0fc2a-f785-407c-8ca1-09b790f69d7d,model.options.HGU.spur.json,25,15,650,800,12
3e6c342f-a512-4d56-a0d1-e8c9c36d1f32,model.options.HGU.spur.json,25,15,650,1000,3
6ab69f76-9842-479f-811b-b38252674091,model.options.HGU.spur.json,25,15,650,1000,6
8e0f8122-21b3-4193-bfca-916b55a57060,model.options.HGU.spur.json,25,15,650,1000,9
d67f87bd-7140-416d-9dfe-829c55ffb353,model.options.HGU.spur.json,25,15,650,1000,12
68f347fa-d274-420f-b6f4-ebc01bbcbd6d,model.options.HGU.spur.json,25,15,650,1200,3
4b6b8163-ce29-44be-bae2-2449139bad6d,model.options.HGU.spur.json,25,15,650,1200,6
5d8c7bec-9827-4eea-9934-3738e7474936,model.options.HGU.spur.json,25,15,650,1200,9
81c59ad2-6dcd-4a1b-b696-bc962baa334d,model.options.HGU.spur.json,25,15,650,1200,12
e2d45d7b-158b-4bff-84de-9fcf82553d0c,model.options.HGU.spur.json,25,15,900,400,3
412a54da-9c98-444f-ba29-247061968cde,model.options.HGU.spur.json,25,15,900,400,6
39be570d-a45b-491b-8014-3bdc0816df1f,model.options.HGU.spur.json,25,15,900,400,9
39d34e85-3f75-45de-8c8a-b8260949c2b4,model.options.HGU.spur.json,25,15,900,400,12
2ccc334c-8a1a-4796-8ce8-b0eeca6667a6,model.options.HGU.spur.json,25,15,900,600,3
72e9973a-bdec-4e5e-89bd-b31ca666172a,model.options.HGU.spur.json,25,15,900,600,6
c72342f1-05de-4338-9d9f-7bd8146e695d,model.options.HGU.spur.json,25,15,900,600,9
d5c93822-6e4c-4e5a-90d7-920a37eca3c9,model.options.HGU.spur.json,25,15,900,600,12
9a773484-9649-448d-a33f-798a3b0e5797,model.options.HGU.spur.json,25,15,900,800,3
3fcfd90c-7631-40b2-816d-f6631979b5c2,model.options.HGU.spur.json,25,15,900,800,6
3f0eab36-7b44-40b2-aae5-add0c81f538c,model.options.HGU.spur.json,25,15,900,800,9
59c70a8c-f405-4c99-85da-669f00e0f2bc,model.options.HGU.spur.json,25,15,900,800,12
d9d63e09-0bc2-40a8-9226-0479186d838e,model.options.HGU.spur.json,25,15,900,1000,3
a7b98b8c-0731-4dfa-ac0b-68a81d808ce6,model.options.HGU.spur.json,25,15,900,1000,6
c3dd5f05-7558-4ccb-8820-eb455e6b3ad6,model.options.HGU.spur.json,25,15,900,1000,9
b82feeb0-d4d1-4ee2-86c1-bd104d65bbb0,model.options.HGU.spur.json,25,15,900,1000,12
f5d9c71c-1e8d-487c-9e6e-1065aa1c4cc0,model.options.HGU.spur.json,25,15,900,1200,3
5acb9e2e-9b60-4a51-9e94-25604563c6e4,model.options.HGU.spur.json,25,15,900,1200,6
53a943e7-d4f9-4f71-84fc-d749a57bffbf,model.options.HGU.spur.json,25,15,900,1200,9
87b1f569-083c-4b70-a8ea-5b130e50b4a1,model.options.HGU.spur.json,25,15,900,1200,12
b3925deb-219f-40a1-b783-fca3515f66d9,model.options.HGU.spur.json,25,15,1200,400,3
9b6188d4-8aaa-4efd-bdd1-b3e39428e36b,model.options.HGU.spur.json,25,15,1200,400,6
06a8ea07-051c-4fad-9184-9ee727525f89,model.options.HGU.spur.json,25,15,1200,400,9
9a29e43f-492a-4e2d-bb0e-d8ba775f1ca3,model.options.HGU.spur.json,25,15,1200,400,12
650db450-0fd4-46bd-a73e-0244cb563a60,model.options.HGU.spur.json,25,15,1200,600,3
814887da-f3eb-4d06-931e-001774100cb1,model.options.HGU.spur.json,25,15,1200,600,6
6f0250fc-517c-4723-92e7-671c2a3bcedc,model.options.HGU.spur.json,25,15,1200,600,9
e48944cc-7adf-4374-954f-253dcd3dfc60,model.options.HGU.spur.json,25,15,1200,600,12
abb204a3-9fc1-4a38-8f78-be1b0b13bbdf,model.options.HGU.spur.json,25,15,1200,800,3
11e7379c-df1e-46a8-9e22-1c9cfc2be911,model.options.HGU.spur.json,25,15,1200,800,6
6566bbc2-ff0a-45f2-815b-79f59ba034e9,model.options.HGU.spur.json,25,15,1200,800,9
f80bb222-17be-4c8c-afc9-ff9b562debef,model.options.HGU.spur.json,25,15,1200,800,12
f6379d17-2bfd-4e90-bfd2-efc4cfdace4b,model.options.HGU.spur.json,25,15,1200,1000,3
43d1b365-154b-4dd3-a3c3-855b7ce1afd0,model.options.HGU.spur.json,25,15,1200,1000,6
4125d17a-9274-4759-b0e4-7de623fa3614,model.options.HGU.spur.json,25,15,1200,1000,9
0291c88a-fdcb-410b-9097-4aab980603a6,model.options.HGU.spur.json,25,15,1200,1000,12
6babe614-7384-437b-beb0-8aec9c344ba7,model.options.HGU.spur.json,25,15,1200,1200,3
643afb6d-bb96-4727-ae22-4e9420fa9cdf,model.options.HGU.spur.json,25,15,1200,1200,6
d9313d8d-13fc-478b-a09b-5d07e76fa2d0,model.options.HGU.spur.json,25,15,1200,1200,9
96edaa84-e5ec-49f6-8e07-6063295e064b,model.options.HGU.spur.json,25,15,1200,1200,12
d17b5943-0228-41b4-90e0-b14b45c22904,model.options.HGU.spur.json,25,17.5,400,400,3
f8e13f80-cca4-4e2f-a895-03acabb0de9d,model.options.HGU.spur.json,25,17.5,400,400,6
03566904-4954-4434-954d-7dc19ff6469d,model.options.HGU.spur.json,25,17.5,400,400,9
509dcc00-c21e-4f50-a66a-4c13192a6d0e,model.options.HGU.spur.json,25,17.5,400,400,12
4b38e462-2be2-4e85-8382-ee1991c3de71,model.options.HGU.spur.json,25,17.5,400,600,3
5f0f5e0c-8c02-4e60-8a73-6dc9506d3296,model.options.HGU.spur.json,25,17.5,400,600,6
be51c399-13f8-4d49-9b76-f50f29c569e9,model.options.HGU.spur.json,25,17.5,400,600,9
7db395be-122b-4151-9e79-29c271b59ed2,model.options.HGU.spur.json,25,17.5,400,600,12
85791273-925e-4383-8416-738341d2542c,model.options.HGU.spur.json,25,17.5,400,800,3
e8f8f77d-5a51-417d-999b-75d5344c373b,model.options.HGU.spur.json,25,17.5,400,800,6
eb70899b-0197-4f67-805a-71bffb12d409,model.options.HGU.spur.json,25,17.5,400,800,9
daa3a94b-d99a-4f0f-bffe-527c35dab766,model.options.HGU.spur.json,25,17.5,400,800,12
96cdd74b-0b74-4cba-a7c2-834d75b680b5,model.options.HGU.spur.json,25,17.5,400,1000,3
ccb26e71-f960-41da-a9cf-87e99ce3f9c6,model.options.HGU.spur.json,25,17.5,400,1000,6
aaf927a5-7bd7-423b-ad5d-faa76a089c06,model.options.HGU.spur.json,25,17.5,400,1000,9
43834960-e7eb-4f39-bc3e-c3c53c6aa145,model.options.HGU.spur.json,25,17.5,400,1000,12
77df5946-d758-4072-8656-5b682e17a3b5,model.options.HGU.spur.json,25,17.5,400,1200,3
0c275e63-d945-4920-ae3a-c211a287378c,model.options.HGU.spur.json,25,17.5,400,1200,6
223d5cd7-492b-4ba8-a7e5-541319f7ce28,model.options.HGU.spur.json,25,17.5,400,1200,9
bd3147cc-887d-467d-8cc1-54e666515d62,model.options.HGU.spur.json,25,17.5,400,1200,12
9a7ccc0e-8684-4e34-b15f-a84f6f88873f,model.options.HGU.spur.json,25,17.5,650,400,3
1a875239-65f1-4eb2-b1ae-3d958e62373b,model.options.HGU.spur.json,25,17.5,650,400,6
acf601cb-d035-4e01-86ca-f06a9b5e85bf,model.options.HGU.spur.json,25,17.5,650,400,9
d41f2908-3366-457c-a433-91c819545f46,model.options.HGU.spur.json,25,17.5,650,400,12
87f249e7-6b65-487a-a5ff-5530d2e3212e,model.options.HGU.spur.json,25,17.5,650,600,3
cd36d6dd-ee97-4f7b-b777-1c1b71fb045f,model.options.HGU.spur.json,25,17.5,650,600,6
10f356e4-f8de-4a2d-8250-8bbc24c6fbd9,model.options.HGU.spur.json,25,17.5,650,600,9
454286dd-13b5-4800-a695-dd3798ee86a2,model.options.HGU.spur.json,25,17.5,650,600,12
cabc3e41-b97b-4cae-9ca5-2b93dd48e35d,model.options.HGU.spur.json,25,17.5,650,800,3
5ec22148-7a9f-48ef-b910-420b3d02608b,model.options.HGU.spur.json,25,17.5,650,800,6
ec37b92a-b8b8-4bf2-b4cd-02004f5d6e03,model.options.HGU.spur.json,25,17.5,650,800,9
25f84a6d-0969-412e-8e5f-d554af4bd544,model.options.HGU.spur.json,25,17.5,650,800,12
f465fde5-75ad-4f8f-8809-c0c125fc2820,model.options.HGU.spur.json,25,17.5,650,1000,3
76c11dc8-ca2a-4fdd-9323-5e29b34337d4,model.options.HGU.spur.json,25,17.5,650,1000,6
d1c254e0-08ec-428e-8535-90c4e281a586,model.options.HGU.spur.json,25,17.5,650,1000,9
de12fc6c-b621-4c0b-8fc6-8bbc8ff4e690,model.options.HGU.spur.json,25,17.5,650,1000,12
4f49dd3d-2fe0-442c-b37c-1775a187141c,model.options.HGU.spur.json,25,17.5,650,1200,3
8be5cc0d-d81d-4885-866f-acc374011b07,model.options.HGU.spur.json,25,17.5,650,1200,6
0fce0f6c-4fda-4890-8eb1-f3ebb6864564,model.options.HGU.spur.json,25,17.5,650,1200,9
435814a6-701b-4a52-bfb4-30c63c8f5ee3,model.options.HGU.spur.json,25,17.5,650,1200,12
2e3b8511-2fd9-4df5-a77f-4b85c6421486,model.options.HGU.spur.json,25,17.5,900,400,3
01c5472f-9262-4d06-aa45-5136263ffdc9,model.options.HGU.spur.json,25,17.5,900,400,6
c3b2dda7-ba24-407a-911f-a88e5ae264fe,model.options.HGU.spur.json,25,17.5,900,400,9
e8626da4-2972-4cc9-803d-31b94c56eedb,model.options.HGU.spur.json,25,17.5,900,400,12
2d1b1a85-7ec8-42ea-bb91-4901e4c1b4f8,model.options.HGU.spur.json,25,17.5,900,600,3
901d0a62-53f4-434b-997a-1ee53794e8c0,model.options.HGU.spur.json,25,17.5,900,600,6
cad5f8c0-7e4a-456d-876f-355731a13108,model.options.HGU.spur.json,25,17.5,900,600,9
1d8a682b-b167-4826-86a6-6f4d8ee3cae2,model.options.HGU.spur.json,25,17.5,900,600,12
ce8bef66-3024-4099-8abf-616c64f34a4c,model.options.HGU.spur.json,25,17.5,900,800,3
180c8d25-3581-4593-a438-65c5adc8bd85,model.options.HGU.spur.json,25,17.5,900,800,6
ec6fa9a8-9204-4ae3-8b7d-12632954465b,model.options.HGU.spur.json,25,17.5,900,800,9
01a0a243-3d03-4111-a4aa-1627e2a9b55f,model.options.HGU.spur.json,25,17.5,900,800,12
fa65818a-ed0d-4cba-ab3f-a2057b10eb54,model.options.HGU.spur.json,25,17.5,900,1000,3
a55501a4-c709-4f44-a1d3-b3fcbebcd8cd,model.options.HGU.spur.json,25,17.5,900,1000,6
1d29459e-663c-4a56-aad7-b8ad47b3a48b,model.options.HGU.spur.json,25,17.5,900,1000,9
6e5757e6-cff1-4108-9e1a-702f5e19ecb2,model.options.HGU.spur.json,25,17.5,900,1000,12
87e9a010-32a9-40b1-ab46-d7c970ec418d,model.options.HGU.spur.json,25,17.5,900,1200,3
2908daaf-1fc2-468a-bd97-12d0b8f263ca,model.options.HGU.spur.json,25,17.5,900,1200,6
bdda39de-4c76-4290-ae5e-b5b1e4c04964,model.options.HGU.spur.json,25,17.5,900,1200,9
508475ca-0443-4f7d-80c1-8727cf36b5f0,model.options.HGU.spur.json,25,17.5,900,1200,12
d23d0c08-d1b0-43ea-9254-27734f3ce4df,model.options.HGU.spur.json,25,17.5,1200,400,3
86553f1c-d541-4619-925a-12381b7a9a29,model.options.HGU.spur.json,25,17.5,1200,400,6
c44affea-0e23-43b9-a0d8-6f5e8eef3d69,model.options.HGU.spur.json,25,17.5,1200,400,9
0091570d-af3c-48a6-9c7a-2badd11a0ece,model.options.HGU.spur.json,25,17.5,1200,400,12
b69334e6-2ed9-42a9-8eff-25fbc7655620,model.options.HGU.spur.json,25,17.5,1200,600,3
271c5974-bd9a-4b0f-b324-e4a9a2ec5c2c,model.options.HGU.spur.json,25,17.5,1200,600,6
6cb82c8a-d9ae-4e5c-99ef-57cd04a4aa53,model.options.HGU.spur.json,25,17.5,1200,600,9
d4a353b8-03d6-4770-beba-c15b51f19386,model.options.HGU.spur.json,25,17.5,1200,600,12
fc3cb09e-5ded-4707-9485-d1ac9e7eb14c,model.options.HGU.spur.json,25,17.5,1200,800,3
2a0a80e5-41ff-47e0-9ae1-16500ee5568f,model.options.HGU.spur.json,25,17.5,1200,800,6
7404134b-dc8c-4ec8-81f2-f7e6d1aa4910,model.options.HGU.spur.json,25,17.5,1200,800,9
0e14ee3b-c724-4643-9a33-8f72caeea811,model.options.HGU.spur.json,25,17.5,1200,800,12
df1b4c36-8386-4f93-8dbd-47910f10ea65,model.options.HGU.spur.json,25,17.5,1200,1000,3
f796fbb0-a371-4a90-9264-91dcbd77a438,model.options.HGU.spur.json,25,17.5,1200,1000,6
668b7be6-c71e-4acb-b63a-10bc52330841,model.options.HGU.spur.json,25,17.5,1200,1000,9
8448bcea-24a9-4f32-9aee-33a0b037108c,model.options.HGU.spur.json,25,17.5,1200,1000,12
0983b9aa-a6f3-4b44-a5dc-66a832835859,model.options.HGU.spur.json,25,17.5,1200,1200,3
6c45d46d-8b33-42b2-87d6-4defdb9f5204,model.options.HGU.spur.json,25,17.5,1200,1200,6
0c53674b-61b6-4858-bf9f-e511ca469fd4,model.options.HGU.spur.json,25,17.5,1200,1200,9
ee2505b0-d75c-44e5-809b-47aae169d597,model.options.HGU.spur.json,25,17.5,1200,1200,12
ac8bd881-1ad1-4a97-96a9-63952cf90f21,model.options.HGU.spur.json,25,20,400,400,3
2f2eb06c-917c-4c30-8990-cdb1d9c2e65b,model.options.HGU.spur.json,25,20,400,400,6
66746b7f-b225-4abd-9bcc-27976e7052c9,model.options.HGU.spur.json,25,20,400,400,9
7be801bc-63b1-4646-b745-c674d9ed5cfc,model.options.HGU.spur.json,25,20,400,400,12
a477c7cf-af12-471e-8d85-983bedc7a190,model.options.HGU.spur.json,25,20,400,600,3
4cd16a98-1a89-409f-b3d3-05dcc551fc01,model.options.HGU.spur.json,25,20,400,600,6
71f9bd7f-1dc0-47d4-9e9e-0f8465af7697,model.options.HGU.spur.json,25,20,400,600,9
59eed422-5d65-4d49-8a2b-0b9797ad2a84,model.options.HGU.spur.json,25,20,400,600,12
f95b59b8-04cb-4fef-b00e-374442c975a1,model.options.HGU.spur.json,25,20,400,800,3
f3747f65-65d0-4e11-929c-1f015a8c4ce0,model.options.HGU.spur.json,25,20,400,800,6
2b1cf98c-e978-4dfe-b884-84613eabea62,model.options.HGU.spur.json,25,20,400,800,9
e84f9e2d-4cec-4413-9368-fb33ef47e7c1,model.options.HGU.spur.json,25,20,400,800,12
1f7ebf0f-d85d-4542-bb7c-65cbceee76b2,model.options.HGU.spur.json,25,20,400,1000,3
8b5cf048-f846-49df-8080-d13a6a7dc3ba,model.options.HGU.spur.json,25,20,400,1000,6
536d19d7-e9d2-4fbf-8e6a-db0af1ac7c3f,model.options.HGU.spur.json,25,20,400,1000,9
4575b07f-4742-4eb5-9725-2bfa6e8a174a,model.options.HGU.spur.json,25,20,400,1000,12
af4d734d-ee08-4e91-af8d-222e10c9dd35,model.options.HGU.spur.json,25,20,400,1200,3
48d06ac1-58ab-4451-9134-ecb4a80671c6,model.options.HGU.spur.json,25,20,400,1200,6
3c26cbfd-89d4-4c6c-a769-df9b5953b537,model.options.HGU.spur.json,25,20,400,1200,9
23afaceb-b2ae-466a-a74f-600deab505dc,model.options.HGU.spur.json,25,20,400,1200,12
55779750-db96-4a0b-9be8-2dfc410b1d47,model.options.HGU.spur.json,25,20,650,400,3
5747c04b-e1ca-498b-a51e-c5ba8538d377,model.options.HGU.spur.json,25,20,650,400,6
8cf17b91-7b81-483e-bdf9-9485a84a9edd,model.options.HGU.spur.json,25,20,650,400,9
e66567ce-db2a-4349-a363-a438a39474e5,model.options.HGU.spur.json,25,20,650,400,12
14349510-42c2-4dcb-afad-d8ace0ee7273,model.options.HGU.spur.json,25,20,650,600,3
d3961687-6946-446c-b575-0bb88ce4f3e2,model.options.HGU.spur.json,25,20,650,600,6
d18a0a58-b161-4e38-b24e-acaa4812fc17,model.options.HGU.spur.json,25,20,650,600,9
b20ba561-3ce7-4e80-b9ae-2e701dc35880,model.options.HGU.spur.json,25,20,650,600,12
f549d040-7ccb-46ed-9d8d-24b86d17c811,model.options.HGU.spur.json,25,20,650,800,3
23341d97-e375-4da4-9a40-2af2dc4e1d0d,model.options.HGU.spur.json,25,20,650,800,6
99e88237-e706-42e3-ab74-728b8e9afa12,model.options.HGU.spur.json,25,20,650,800,9
b609bee1-4f7b-4778-bd48-8e6ddb776b49,model.options.HGU.spur.json,25,20,650,800,12
d53de57e-6a1d-42eb-8e65-34aa7b0b7878,model.options.HGU.spur.json,25,20,650,1000,3
720bc53a-3278-4cd7-addb-ad85b510b44f,model.options.HGU.spur.json,25,20,650,1000,6
c8e763c5-7970-42ea-ac37-b8ef10f2eea7,model.options.HGU.spur.json,25,20,650,1000,9
daec8cae-ce5e-49d5-bb1a-78ffb873a466,model.options.HGU.spur.json,25,20,650,1000,12
e11968a5-f617-4b5e-a97e-f7f2b18b5a30,model.options.HGU.spur.json,25,20,650,1200,3
e05379bc-b568-4bbd-873c-ab9cfda1ba37,model.options.HGU.spur.json,25,20,650,1200,6
2d64faaf-22f4-4367-b5c7-2d9d0cbce7c0,model.options.HGU.spur.json,25,20,650,1200,9
7b7eb585-2e3f-45d9-b90f-4a997d9cf4aa,model.options.HGU.spur.json,25,20,650,1200,12
1a25c26d-905d-4326-a28a-dcbf1b1443a9,model.options.HGU.spur.json,25,20,900,400,3
8f98e598-64b6-4769-842d-43e6d47a0b1a,model.options.HGU.spur.json,25,20,900,400,6
242f94a0-98f9-461b-818d-79db6963050a,model.options.HGU.spur.json,25,20,900,400,9
86e0b87c-1875-4df8-9358-4d998d5992b7,model.options.HGU.spur.json,25,20,900,400,12
a4aaef44-c23d-4ad2-b188-d34e99e28e8b,model.options.HGU.spur.json,25,20,900,600,3
2eca5796-ddfa-4ce2-b9be-a71e9c2e463b,model.options.HGU.spur.json,25,20,900,600,6
2ec12530-ca67-42d4-954f-7a00eff1f866,model.options.HGU.spur.json,25,20,900,600,9
5d83eee1-60c8-499c-842f-062c65f5c4b9,model.options.HGU.spur.json,25,20,900,600,12
acdd5ab3-017d-4ef4-ac6f-277b54d15b68,model.options.HGU.spur.json,25,20,900,800,3
d519c319-c47e-4a36-b4a6-f7a860797b44,model.options.HGU.spur.json,25,20,900,800,6
dd632796-a8db-4c14-ac82-4a7e695062c5,model.options.HGU.spur.json,25,20,900,800,9
273f6550-cc88-4a8d-88c2-49ff77de9d5d,model.options.HGU.spur.json,25,20,900,800,12
63374691-79ac-47c3-bc22-8a8b2e12173d,model.options.HGU.spur.json,25,20,900,1000,3
40e7b973-8074-41d3-b450-7ea92805289d,model.options.HGU.spur.json,25,20,900,1000,6
db89a866-6ebb-45c6-81fa-9307e2c899f7,model.options.HGU.spur.json,25,20,900,1000,9
28cf2304-f339-4e8d-9a3c-505e09f57a44,model.options.HGU.spur.json,25,20,900,1000,12
f3902def-20aa-4e0f-a51a-d1739217ca1b,model.options.HGU.spur.json,25,20,900,1200,3
5473e762-0fef-4fb9-8dea-34c9143ae505,model.options.HGU.spur.json,25,20,900,1200,6
b66168f2-5e0a-49d3-b0d0-ec3def752a0b,model.options.HGU.spur.json,25,20,900,1200,9
a652d386-4393-4787-8f61-cb76d216f3ae,model.options.HGU.spur.json,25,20,900,1200,12
9401d2bb-fb5b-4ec9-8c01-fcb1f654ecac,model.options.HGU.spur.json,25,20,1200,400,3
4b273825-913d-41e7-ad57-3b9548423a48,model.options.HGU.spur.json,25,20,1200,400,6
8a38a07a-4839-476f-8c57-819710f47f11,model.options.HGU.spur.json,25,20,1200,400,9
310528ec-f820-4c6a-baaf-939fc96af0df,model.options.HGU.spur.json,25,20,1200,400,12
06acfff0-56de-416d-a8c8-72c66840a642,model.options.HGU.spur.json,25,20,1200,600,3
5da28527-6bc9-4a31-9d3e-8f133befe391,model.options.HGU.spur.json,25,20,1200,600,6
11b3e4bf-8813-4620-9107-cb5926d082dc,model.options.HGU.spur.json,25,20,1200,600,9
db80de4c-7a16-478f-bd4d-99b4f7e8d632,model.options.HGU.spur.json,25,20,1200,600,12
2a6b05bc-e1b2-444d-af24-e781ae55ff20,model.options.HGU.spur.json,25,20,1200,800,3
fe320261-f900-4e7f-9540-a62cd4dd17da,model.options.HGU.spur.json,25,20,1200,800,6
0961f834-a130-41c2-92d8-63b870b77675,model.options.HGU.spur.json,25,20,1200,800,9
ee930e2b-acfc-4f9f-bccd-bf6a6d3ca5fe,model.options.HGU.spur.json,25,20,1200,800,12
a31e92d6-c33c-461c-939a-faaff9b82940,model.options.HGU.spur.json,25,20,1200,1000,3
07123fe1-9724-48fc-8613-4a638a0bcb54,model.options.HGU.spur.json,25,20,1200,1000,6
bb62d68f-a9bb-40d7-85d5-05e678b0dfb6,model.options.HGU.spur.json,25,20,1200,1000,9
41eba275-8821-4bb5-8c19-8befaa92997c,model.options.HGU.spur.json,25,20,1200,1000,12
027dcb74-c1b6-4974-8a68-098fb75a89ce,model.options.HGU.spur.json,25,20,1200,1200,3
51614938-43f6-400c-a517-9813309b253d,model.options.HGU.spur.json,25,20,1200,1200,6
b2f7ef0f-de1c-425c-8380-906722c31b48,model.options.HGU.spur.json,25,20,1200,1200,9
3f2fcb28-6129-4b2e-a9a9-3c9f6086f3fc,model.options.HGU.spur.json,25,20,1200,1200,12
df49b26a-9469-4956-8dc1-fc8c6db9eb57,model.options.HGU.spur.json,27.5,15,400,400,3
2c4958a6-a6b3-4153-a5df-190dbd3745bf,model.options.HGU.spur.json,27.5,15,400,400,6
7d2de537-443d-4c49-8180-1bc23eadce4d,model.options.HGU.spur.json,27.5,15,400,400,9
501b7567-858b-408c-89cd-8fd46075e437,model.options.HGU.spur.json,27.5,15,400,400,12
90c0e0f1-192e-4775-a537-11f03104b567,model.options.HGU.spur.json,27.5,15,400,600,3
4977fede-0466-4245-ba88-4cf5cb5e7a5a,model.options.HGU.spur.json,27.5,15,400,600,6
9d102666-3ac7-420e-bc84-5bd7f2a3767c,model.options.HGU.spur.json,27.5,15,400,600,9
da09bc69-847f-4f45-ab00-18ad8e615dcf,model.options.HGU.spur.json,27.5,15,400,600,12
c23e388b-e14e-40d8-be06-cefac3aac808,model.options.HGU.spur.json,27.5,15,400,800,3
f08246fe-6e41-4867-903e-7ce3f75ea6cf,model.options.HGU.spur.json,27.5,15,400,800,6
28222bd4-572d-4b2e-943a-63db8777a6d0,model.options.HGU.spur.json,27.5,15,400,800,9
da3976ab-1a52-4bd0-ae13-43414bbd1ee8,model.options.HGU.spur.json,27.5,15,400,800,12
3baf3c8b-51b9-4c5f-ae65-550536bf8779,model.options.HGU.spur.json,27.5,15,400,1000,3
b0d19d1a-65b9-4ceb-ba66-05348eadd0d4,model.options.HGU.spur.json,27.5,15,400,1000,6
f512f263-309e-49ac-aac2-5a08ccb5e448,model.options.HGU.spur.json,27.5,15,400,1000,9
b49c2ec6-38b8-4879-ae9b-b260679217fd,model.options.HGU.spur.json,27.5,15,400,1000,12
ee3d689e-1b08-4001-91ad-8f32c8ae3d60,model.options.HGU.spur.json,27.5,15,400,1200,3
b3007da5-fda6-48bc-a588-aecba2985aca,model.options.HGU.spur.json,27.5,15,400,1200,6
3dc8267d-c3e1-40fc-b079-c76ea9d0229f,model.options.HGU.spur.json,27.5,15,400,1200,9
639c97f1-7fdc-49d3-bb51-ef785e2eb034,model.options.HGU.spur.json,27.5,15,400,1200,12
fcb9f1d2-1b2a-4bee-b439-0fbfed4a2fd0,model.options.HGU.spur.json,27.5,15,650,400,3
26b5dce4-42c8-4b37-8c12-daf2da205e5c,model.options.HGU.spur.json,27.5,15,650,400,6
b18920f5-471a-4bfd-bbe0-8195925a17e6,model.options.HGU.spur.json,27.5,15,650,400,9
16dd6c7b-e1d9-40a8-adab-684e9edf3829,model.options.HGU.spur.json,27.5,15,650,400,12
4dcd6298-e8e1-4f21-9490-24a7ceb6077f,model.options.HGU.spur.json,27.5,15,650,600,3
d2b5d5f0-ee11-4cb1-8253-7de2d4ffd50f,model.options.HGU.spur.json,27.5,15,650,600,6
127e5725-d030-43fb-9444-a182915e87f3,model.options.HGU.spur.json,27.5,15,650,600,9
a04dfaf3-5329-4324-90cf-36480500aaf6,model.options.HGU.spur.json,27.5,15,650,600,12
4ef481ea-7ba3-4545-bcd7-5bcd79e6a888,model.options.HGU.spur.json,27.5,15,650,800,3
349624d0-7787-4d7d-880f-3ba64e1410b8,model.options.HGU.spur.json,27.5,15,650,800,6
791f0989-e1b5-478b-9959-8626f80edca8,model.options.HGU.spur.json,27.5,15,650,800,9
e8ed7dab-e1ff-4d9e-92d1-0183ba2f7139,model.options.HGU.spur.json,27.5,15,650,800,12
1b0d4d35-a32e-44f1-aa40-cd2b4eec0c00,model.options.HGU.spur.json,27.5,15,650,1000,3
a1244283-14c7-4f65-8d88-015b8fec3e37,model.options.HGU.spur.json,27.5,15,650,1000,6
cf5a7f32-e5c8-4fa3-9af2-994f6dfb6aad,model.options.HGU.spur.json,27.5,15,650,1000,9
1b007902-e3d4-4a2d-b701-9d85270c41d1,model.options.HGU.spur.json,27.5,15,650,1000,12
2fc80760-af06-4d81-baee-347e06eb9348,model.options.HGU.spur.json,27.5,15,650,1200,3
556700a2-2587-4756-ad38-3cb04e549aff,model.options.HGU.spur.json,27.5,15,650,1200,6
b5254cb9-de7f-45e5-9201-d12863829633,model.options.HGU.spur.json,27.5,15,650,1200,9
6f04dd6e-b234-4e38-a0a0-45c534f460eb,model.options.HGU.spur.json,27.5,15,650,1200,12
df36520f-8c31-420f-a36f-f7401a7fc845,model.options.HGU.spur.json,27.5,15,900,400,3
a8e06508-8176-4c35-b75b-2864c8c9216a,model.options.HGU.spur.json,27.5,15,900,400,6
c2f63c44-e823-42e1-985d-a170e6dcee96,model.options.HGU.spur.json,27.5,15,900,400,9
d664d3b0-e853-45b1-a84d-e647c3066566,model.options.HGU.spur.json,27.5,15,900,400,12
71a5fc2b-65ba-4d11-a781-513a364bf673,model.options.HGU.spur.json,27.5,15,900,600,3
a14ae4c9-d83b-4a59-8c71-a167b7b774a8,model.options.HGU.spur.json,27.5,15,900,600,6
8bdd0bd5-1c6b-4cbe-8598-10037ca99090,model.options.HGU.spur.json,27.5,15,900,600,9
f52f3815-a33a-4929-9051-869ef9c4501f,model.options.HGU.spur.json,27.5,15,900,600,12
58da8679-7e98-4a0c-bd71-5a0f0d5bd4ab,model.options.HGU.spur.json,27.5,15,900,800,3
b5d39082-2083-4ece-9a4d-587ef7b24ea0,model.options.HGU.spur.json,27.5,15,900,800,6
8d4aab90-76b0-4812-b2fb-28defc1fc275,model.options.HGU.spur.json,27.5,15,900,800,9
9e1cbe0f-57d4-40f5-bc20-34f64c5c412a,model.options.HGU.spur.json,27.5,15,900,800,12
0ae21a73-6b37-41fb-9079-709cb83536d9,model.options.HGU.spur.json,27.5,15,900,1000,3
e9ebc962-1dae-4336-afeb-584bbfe542c3,model.options.HGU.spur.json,27.5,15,900,1000,6
a98e07de-174c-4679-a731-3d7dfc0970ea,model.options.HGU.spur.json,27.5,15,900,1000,9
7e716f97-a32e-4051-abd8-c5ba7a500e49,model.options.HGU.spur.json,27.5,15,900,1000,12
fc96b8f9-e135-4150-9062-d83cc99d9ee9,model.options.HGU.spur.json,27.5,15,900,1200,3
c5f7501a-dc90-4be0-96b9-a5fd7ec0dd5f,model.options.HGU.spur.json,27.5,15,900,1200,6
43e4f247-750d-4c06-80b5-9e8e0123734b,model.options.HGU.spur.json,27.5,15,900,1200,9
0e9d2114-6de4-4299-964a-c4f4f663d932,model.options.HGU.spur.json,27.5,15,900,1200,12
96d77894-913d-41d9-9652-dafb5628bcca,model.options.HGU.spur.json,27.5,15,1200,400,3
75a75d05-957d-4d96-88f4-1d773f4b4ef6,model.options.HGU.spur.json,27.5,15,1200,400,6
33ebab6e-dd02-46b0-bfd2-25ab506431cb,model.options.HGU.spur.json,27.5,15,1200,400,9
da29ee1e-499d-41cb-a47b-ce0f8af4be37,model.options.HGU.spur.json,27.5,15,1200,400,12
0f31e608-ac33-4b44-af83-2b2324653e17,model.options.HGU.spur.json,27.5,15,1200,600,3
511f4ae8-4a5c-4ae9-bdc3-c81f61a5d996,model.options.HGU.spur.json,27.5,15,1200,600,6
5cff35d5-8525-4e4a-b9ed-af2a13429e6d,model.options.HGU.spur.json,27.5,15,1200,600,9
80451e29-8529-4249-ae5b-14873161e6b4,model.options.HGU.spur.json,27.5,15,1200,600,12
38d2b6d8-b83d-4274-b02c-df461194c814,model.options.HGU.spur.json,27.5,15,1200,800,3
0d93c35b-f947-49c6-acd5-560162bf6ac8,model.options.HGU.spur.json,27.5,15,1200,800,6
d2f306f6-f252-44ae-bf62-71967fc8ffe0,model.options.HGU.spur.json,27.5,15,1200,800,9
3a5ee37e-7d6e-4b27-9b2c-94a4a43c5764,model.options.HGU.spur.json,27.5,15,1200,800,12
cc635ea3-54ec-4906-b4d2-d6b8961fd0ad,model.options.HGU.spur.json,27.5,15,1200,1000,3
54ca460f-3dd3-4373-ba38-c9e084b6a397,model.options.HGU.spur.json,27.5,15,1200,1000,6
cdbdaaaa-8e53-4c73-948a-853317fbfe75,model.options.HGU.spur.json,27.5,15,1200,1000,9
fd08c081-713f-46f9-aab6-80bdf57d7825,model.options.HGU.spur.json,27.5,15,1200,1000,12
abd15983-4c2d-4c47-b1c5-1ebe6a5b110b,model.options.HGU.spur.json,27.5,15,1200,1200,3
d01dc6b3-f30e-450e-bda9-85738bede29b,model.options.HGU.spur.json,27.5,15,1200,1200,6
1014bbf7-881d-4ec1-92af-7d9508b7649d,model.options.HGU.spur.json,27.5,15,1200,1200,9
c6c0e5b0-2d31-4887-bc59-46575fe26885,model.options.HGU.spur.json,27.5,15,1200,1200,12
24c41704-518a-4a7f-9a9d-3dcf58c1784f,model.options.HGU.spur.json,27.5,17.5,400,400,3
7b61f037-b575-4d35-91ad-a7c122f54117,model.options.HGU.spur.json,27.5,17.5,400,400,6
a780677e-3ece-4678-bd20-d37b24c7d23d,model.options.HGU.spur.json,27.5,17.5,400,400,9
17ce9cb8-43cc-430c-ac2b-bea4c1b4f143,model.options.HGU.spur.json,27.5,17.5,400,400,12
dfe31305-67de-48b8-a91e-f0ca1b959331,model.options.HGU.spur.json,27.5,17.5,400,600,3
7ab9b103-ca94-4d2a-9ead-8885b56554f6,model.options.HGU.spur.json,27.5,17.5,400,600,6
ae45e54a-dd65-4b25-8fd5-cadf4bd8eeec,model.options.HGU.spur.json,27.5,17.5,400,600,9
1845a6a3-14cb-431b-89be-e5644679cafb,model.options.HGU.spur.json,27.5,17.5,400,600,12
5113efb0-a750-416a-b9db-cf7eeb5f4d00,model.options.HGU.spur.json,27.5,17.5,400,800,3
5046acc9-19db-4662-9c4f-15cce15e609b,model.options.HGU.spur.json,27.5,17.5,400,800,6
95366a10-2feb-407a-9132-23c42f3750dd,model.options.HGU.spur.json,27.5,17.5,400,800,9
ea4d7a9d-0d80-469e-ad52-49581b88b177,model.options.HGU.spur.json,27.5,17.5,400,800,12
e0fa262d-2c4a-4ce2-83cf-98fdc9fbf1e8,model.options.HGU.spur.json,27.5,17.5,400,1000,3
f8c830ee-57a0-4edf-a8e6-6a297fa611a8,model.options.HGU.spur.json,27.5,17.5,400,1000,6
55b88ac2-9643-47c3-8484-3ffc169a1d92,model.options.HGU.spur.json,27.5,17.5,400,1000,9
f88cf4e8-2567-453e-8040-552f2b380f52,model.options.HGU.spur.json,27.5,17.5,400,1000,12
e3c5d9a8-531e-49ca-a467-c1b115a1b66d,model.options.HGU.spur.json,27.5,17.5,400,1200,3
27d11abd-89a7-4108-ae3e-722033da7e44,model.options.HGU.spur.json,27.5,17.5,400,1200,6
64a6f2c8-c29d-43cc-a43c-24eff164f5ad,model.options.HGU.spur.json,27.5,17.5,400,1200,9
17241650-9d9a-41ec-81b6-9fb1191a0a91,model.options.HGU.spur.json,27.5,17.5,400,1200,12
127b47a1-8892-4dce-9d92-89a6569e1d66,model.options.HGU.spur.json,27.5,17.5,650,400,3
6d6e33f3-d75c-40e8-9dce-9aff4a7541ae,model.options.HGU.spur.json,27.5,17.5,650,400,6
478df63f-96ea-467d-af81-9a7068f62f7e,model.options.HGU.spur.json,27.5,17.5,650,400,9
8277f49b-19de-45c0-98ca-fbab22175f0f,model.options.HGU.spur.json,27.5,17.5,650,400,12
84a90b37-c784-4c08-9487-20f916d15e90,model.options.HGU.spur.json,27.5,17.5,650,600,3
2e18072e-a42e-41e0-848e-02486e0f1c93,model.options.HGU.spur.json,27.5,17.5,650,600,6
277513c6-fcc2-434e-b7f1-88d8596adbf6,model.options.HGU.spur.json,27.5,17.5,650,600,9
cc3eb6e8-9aee-4553-831a-e0098b4eb577,model.options.HGU.spur.json,27.5,17.5,650,600,12
8da288ec-1fc3-4f83-94ba-d5243521ffb3,model.options.HGU.spur.json,27.5,17.5,650,800,3
6b4267bd-9689-4701-aa05-55551099125f,model.options.HGU.spur.json,27.5,17.5,650,800,6
91b7c2a0-e6ec-4128-b847-ba1adfdd8173,model.options.HGU.spur.json,27.5,17.5,650,800,9
afd37dd5-64d7-425d-9035-45d009735781,model.options.HGU.spur.json,27.5,17.5,650,800,12
d906275d-7266-4afe-ae3c-1ae5fda04813,model.options.HGU.spur.json,27.5,17.5,650,1000,3
5a635bcb-3c13-4f88-b8c3-bd7f17375811,model.options.HGU.spur.json,27.5,17.5,650,1000,6
7c1cfc5b-b501-4f79-81c7-622a796a2253,model.options.HGU.spur.json,27.5,17.5,650,1000,9
82b32dd1-7b10-4a7d-9965-9af042f90346,model.options.HGU.spur.json,27.5,17.5,650,1000,12
ab448467-16d9-4acf-a06c-91489f22e567,model.options.HGU.spur.json,27.5,17.5,650,1200,3
f89b81cb-98dd-453d-a6e7-406b01650218,model.options.HGU.spur.json,27.5,17.5,650,1200,6
b4f6b000-5ea1-4177-95f6-0fcfa73cebf1,model.options.HGU.spur.json,27.5,17.5,650,1200,9
37bc4222-8c4e-44b7-b604-26dc07d6121c,model.options.HGU.spur.json,27.5,17.5,650,1200,12
a7461470-a72b-4ea3-bb85-3a82d43a2777,model.options.HGU.spur.json,27.5,17.5,900,400,3
176034e5-9028-4021-96d4-648cba5ef005,model.options.HGU.spur.json,27.5,17.5,900,400,6
fe3fe53a-d8f2-4a88-8ffb-87922b64e2f7,model.options.HGU.spur.json,27.5,17.5,900,400,9
d4152297-9107-47b6-9895-1ec43e93f45e,model.options.HGU.spur.json,27.5,17.5,900,400,12
b3c86bd0-bcfd-48ca-b2ba-e34497896ba7,model.options.HGU.spur.json,27.5,17.5,900,600,3
198602ee-4ab2-45bc-a872-b1a6f9871375,model.options.HGU.spur.json,27.5,17.5,900,600,6
51e45c16-73e8-4dbd-9f36-fd0af2b83114,model.options.HGU.spur.json,27.5,17.5,900,600,9
54555343-6e1c-4c6c-abf9-f35b07885431,model.options.HGU.spur.json,27.5,17.5,900,600,12
bb6b036e-53a7-4c03-a4a6-ea51f797eda5,model.options.HGU.spur.json,27.5,17.5,900,800,3
7d56a8dc-a928-4563-aadc-1f7d26d00864,model.options.HGU.spur.json,27.5,17.5,900,800,6
f9d2ef20-8779-4b97-aba0-d9c47b5a43da,model.options.HGU.spur.json,27.5,17.5,900,800,9
eb15ec4f-4bf3-4b50-b6fc-3bb8b930b4e3,model.options.HGU.spur.json,27.5,17.5,900,800,12
f4a3c730-dec9-4a6a-a700-6944759006ba,model.options.HGU.spur.json,27.5,17.5,900,1000,3
fdf85d2b-d82d-4034-aced-c899ec04637b,model.options.HGU.spur.json,27.5,17.5,900,1000,6
5feaddde-21f7-40bc-aad4-056950ee57c6,model.options.HGU.spur.json,27.5,17.5,900,1000,9
3211da7e-debd-4cc9-9cf8-8690df17b752,model.options.HGU.spur.json,27.5,17.5,900,1000,12
cea81a87-45dd-4a43-a40a-4e32e0071935,model.options.HGU.spur.json,27.5,17.5,900,1200,3
aecb929a-e03b-449f-a6a9-949f7a33bf1b,model.options.HGU.spur.json,27.5,17.5,900,1200,6
b8a70847-39fc-4dfa-b9dd-f76b92646977,model.options.HGU.spur.json,27.5,17.5,900,1200,9
04c5aa44-0598-44e5-bf7d-2dca882c84db,model.options.HGU.spur.json,27.5,17.5,900,1200,12
51d0fe99-deea-4af3-8742-9ce5ce18f36e,model.options.HGU.spur.json,27.5,17.5,1200,400,3
8d4bd1e3-5d8d-4f07-a614-aa7ecfd9e221,model.options.HGU.spur.json,27.5,17.5,1200,400,6
7537de38-2d33-4f92-a46e-e778daa798b9,model.options.HGU.spur.json,27.5,17.5,1200,400,9
d4bf65f0-57ac-4793-a566-ebb93488665b,model.options.HGU.spur.json,27.5,17.5,1200,400,12
d08b2aa0-441c-4a51-80a8-1383e3d14c19,model.options.HGU.spur.json,27.5,17.5,1200,600,3
ee675a66-98ed-4198-b1a8-1a4a52bebe34,model.options.HGU.spur.json,27.5,17.5,1200,600,6
fa45dd12-924e-4edc-b3eb-90fe46f0b615,model.options.HGU.spur.json,27.5,17.5,1200,600,9
efd587bc-d840-4909-8724-4d7b33741b6f,model.options.HGU.spur.json,27.5,17.5,1200,600,12
e2f3709d-b49d-44ae-8543-9c31fed6a991,model.options.HGU.spur.json,27.5,17.5,1200,800,3
f3881d4b-37c6-4dc4-b09a-70bac3f48476,model.options.HGU.spur.json,27.5,17.5,1200,800,6
ac9c1461-0926-4dec-accf-d1a545346dd5,model.options.HGU.spur.json,27.5,17.5,1200,800,9
42782126-13bc-4fbd-9c3f-a16f29c6599e,model.options.HGU.spur.json,27.5,17.5,1200,800,12
2f5bb99e-aca6-4d6e-8499-2ba715125702,model.options.HGU.spur.json,27.5,17.5,1200,1000,3
f74721f9-62f2-4cde-8ae4-0dd6e742540e,model.options.HGU.spur.json,27.5,17.5,1200,1000,6
3d93104a-2768-4785-abf0-2c8a9bd16fe2,model.options.HGU.spur.json,27.5,17.5,1200,1000,9
d0dd9a6e-6bb6-478b-9c51-9691e1420073,model.options.HGU.spur.json,27.5,17.5,1200,1000,12
aa827fea-5fde-4e36-97f3-1de871f67144,model.options.HGU.spur.json,27.5,17.5,1200,1200,3
26a3b993-56d3-416f-84ad-ba7a4a6831c1,model.options.HGU.spur.json,27.5,17.5,1200,1200,6
c4792be1-7433-4a31-855f-d5a9edec561a,model.options.HGU.spur.json,27.5,17.5,1200,1200,9
d064dea0-ab06-47e5-830c-4ee6ffc03243,model.options.HGU.spur.json,27.5,17.5,1200,1200,12
81728359-28ee-45d3-8c32-59eb5b540244,model.options.HGU.spur.json,27.5,20,400,400,3
b1779c5f-9cab-4d9e-8eca-30be0a92a911,model.options.HGU.spur.json,27.5,20,400,400,6
be793e9e-cad7-48e4-90d3-2c01e4af2970,model.options.HGU.spur.json,27.5,20,400,400,9
fca0c302-3c1c-4ce0-8c6d-8391bceb27f7,model.options.HGU.spur.json,27.5,20,400,400,12
0a0969db-03cf-4584-8801-2ef483f2190c,model.options.HGU.spur.json,27.5,20,400,600,3
b24887ec-f9dd-4cd9-a45b-a8bc2669d3cb,model.options.HGU.spur.json,27.5,20,400,600,6
c81b5784-eb1f-4cb8-8d0d-4af73eb9fa78,model.options.HGU.spur.json,27.5,20,400,600,9
55de7ffa-094e-4b81-ad2c-626803d82f58,model.options.HGU.spur.json,27.5,20,400,600,12
183d1b04-9ffd-4f79-bb60-9beb01734759,model.options.HGU.spur.json,27.5,20,400,800,3
05ea451f-04d6-4731-9187-fb373515b4e4,model.options.HGU.spur.json,27.5,20,400,800,6
b14b8d3d-7574-4be1-a553-a0cb87fe6208,model.options.HGU.spur.json,27.5,20,400,800,9
a929fd1b-8f38-4132-97ac-e7b4544dfc7d,model.options.HGU.spur.json,27.5,20,400,800,12
03a0164c-2f08-412a-9e61-e7e6b214d6da,model.options.HGU.spur.json,27.5,20,400,1000,3
6f3c682d-1924-4732-a537-d79785664964,model.options.HGU.spur.json,27.5,20,400,1000,6
a73b008f-9059-4d4d-9d1a-69051e0f262a,model.options.HGU.spur.json,27.5,20,400,1000,9
81153eb2-9c55-412e-a9a5-ae43627d05f1,model.options.HGU.spur.json,27.5,20,400,1000,12
a221bcd0-817c-4b57-8ea8-7432b8c47be1,model.options.HGU.spur.json,27.5,20,400,1200,3
70a744c2-c945-4560-b6b1-c88545f3d134,model.options.HGU.spur.json,27.5,20,400,1200,6
a569810b-1da9-4b45-9b2f-e49fb6f63545,model.options.HGU.spur.json,27.5,20,400,1200,9
ce074a82-3297-4626-a2c7-8f90a7f3c12a,model.options.HGU.spur.json,27.5,20,400,1200,12
5c6f06f0-38d4-4a77-ad50-830e060b9b3f,model.options.HGU.spur.json,27.5,20,650,400,3
06b93a4a-227d-4dee-aea5-b4d9d74485d2,model.options.HGU.spur.json,27.5,20,650,400,6
ab97499c-9131-4667-8fd1-815514da11b5,model.options.HGU.spur.json,27.5,20,650,400,9
fdddb996-869a-4612-ac90-d065083ebe1f,model.options.HGU.spur.json,27.5,20,650,400,12
0cfb8f18-9944-474e-a5df-a5f2b7510742,model.options.HGU.spur.json,27.5,20,650,600,3
7637c8cd-bdc8-4440-8a2e-806e91d28a09,model.options.HGU.spur.json,27.5,20,650,600,6
3eb2123e-2bf5-4dbf-bdf6-664607165a74,model.options.HGU.spur.json,27.5,20,650,600,9
26bd19c8-39e6-4c18-8db1-e0dfcf0df51d,model.options.HGU.spur.json,27.5,20,650,600,12
db94281f-a4af-4075-88c3-0d3630b4e2b8,model.options.HGU.spur.json,27.5,20,650,800,3
6b23ace9-8a4d-4a9c-a03c-dc270fe5d25c,model.options.HGU.spur.json,27.5,20,650,800,6
c9ed2d3b-9d5b-4c88-bb90-41a45ccf2c22,model.options.HGU.spur.json,27.5,20,650,800,9
051394f7-ef31-47f4-a4c8-783e99db038d,model.options.HGU.spur.json,27.5,20,650,800,12
f2a2db8b-33a2-41c9-92c2-3dec4e1f09ec,model.options.HGU.spur.json,27.5,20,650,1000,3
606a92ea-9eaf-4911-862b-7d25150d63d9,model.options.HGU.spur.json,27.5,20,650,1000,6
5d48bc29-5b97-4f17-8de3-ef647c54c12f,model.options.HGU.spur.json,27.5,20,650,1000,9
fa8c0a17-a8b3-4ca0-8e87-01a625e8416a,model.options.HGU.spur.json,27.5,20,650,1000,12
996eaf56-59fa-4524-86ac-6d368e7d3a05,model.options.HGU.spur.json,27.5,20,650,1200,3
50775a99-0072-4a72-af5c-cac510a79543,model.options.HGU.spur.json,27.5,20,650,1200,6
ffafe5e3-b10d-4864-861e-43c82953b781,model.options.HGU.spur.json,27.5,20,650,1200,9
0579760e-9c8c-4e98-b2b5-685ce3731e78,model.options.HGU.spur.json,27.5,20,650,1200,12
335b168f-2bf7-4344-926e-2900ea928359,model.options.HGU.spur.json,27.5,20,900,400,3
aefe9d70-10d7-4bc6-8c5a-97b1d7895b3c,model.options.HGU.spur.json,27.5,20,900,400,6
2da2cd30-3f0f-431c-be9a-7927f06cb796,model.options.HGU.spur.json,27.5,20,900,400,9
91ce82cb-db41-433c-81a1-0dd12ab1b82a,model.options.HGU.spur.json,27.5,20,900,400,12
4aac36fd-0ef2-403a-95b1-264df4cbb0de,model.options.HGU.spur.json,27.5,20,900,600,3
fab43a0a-ce2a-480d-9ff2-297b02357d48,model.options.HGU.spur.json,27.5,20,900,600,6
204a355a-021f-463e-9247-9877053e3a25,model.options.HGU.spur.json,27.5,20,900,600,9
402d4357-5b10-4d91-9f76-f683f97eac71,model.options.HGU.spur.json,27.5,20,900,600,12
46d5b3a5-9e4f-488f-8eaf-623d942985fe,model.options.HGU.spur.json,27.5,20,900,800,3
b6d95094-90bb-4878-97be-fceef2f5d7d5,model.options.HGU.spur.json,27.5,20,900,800,6
5a2449ab-c3c5-40e3-a17b-4c4ca20aac0d,model.options.HGU.spur.json,27.5,20,900,800,9
029c4c03-7cba-451c-a926-9d7553c3fa98,model.options.HGU.spur.json,27.5,20,900,800,12
b5a6f6b6-0c79-47da-99a0-8dded9a7bcf3,model.options.HGU.spur.json,27.5,20,900,1000,3
90ae8be5-a66d-4139-9967-e99254b3315e,model.options.HGU.spur.json,27.5,20,900,1000,6
32ebdee4-e839-4710-bf78-fb34f41a12d0,model.options.HGU.spur.json,27.5,20,900,1000,9
8e962096-da4b-4d6a-982e-2ea525f83e26,model.options.HGU.spur.json,27.5,20,900,1000,12
38b9653a-acf2-4fc7-a149-362e50a0c757,model.options.HGU.spur.json,27.5,20,900,1200,3
dd21bad2-f5fc-4913-90f2-cf4c50d50c8f,model.options.HGU.spur.json,27.5,20,900,1200,6
11b12d18-db61-4abe-af52-df63464f561a,model.options.HGU.spur.json,27.5,20,900,1200,9
7fd07dc5-0695-4e2a-8e4b-4b257297f672,model.options.HGU.spur.json,27.5,20,900,1200,12
b3dde20b-3327-4486-876e-4c90539407b4,model.options.HGU.spur.json,27.5,20,1200,400,3
0a3bb35d-dd89-474a-a30d-3e7b8f120edf,model.options.HGU.spur.json,27.5,20,1200,400,6
0c3a15ce-e70a-4487-98b3-c0b57e04ece2,model.options.HGU.spur.json,27.5,20,1200,400,9
c24fd5a7-185e-4d15-a0fd-a96aff600c6e,model.options.HGU.spur.json,27.5,20,1200,400,12
1a33085e-1b38-49f0-9798-89c88bd3f926,model.options.HGU.spur.json,27.5,20,1200,600,3
e6a63a29-0431-4f8d-9172-b3f0fc523b61,model.options.HGU.spur.json,27.5,20,1200,600,6
204d7229-40a4-4eb3-a458-bec42bfb2cb3,model.options.HGU.spur.json,27.5,20,1200,600,9
d62bac80-9f26-4505-b086-1111cbec1be7,model.options.HGU.spur.json,27.5,20,1200,600,12
237a6671-7760-4d91-8de7-2976b47080fe,model.options.HGU.spur.json,27.5,20,1200,800,3
d7b33285-823c-4d8e-aa0c-edd665ee0d8c,model.options.HGU.spur.json,27.5,20,1200,800,6
bf96c6cc-3516-4b96-b7bc-8fd3325d0bec,model.options.HGU.spur.json,27.5,20,1200,800,9
f190e4b4-0fc2-4e66-a8db-d2dcbfd15a7b,model.options.HGU.spur.json,27.5,20,1200,800,12
91abb0a6-9885-40f8-aa99-b132ef1bdd05,model.options.HGU.spur.json,27.5,20,1200,1000,3
0564e02f-614e-41a1-a24b-ba1307b56eb1,model.options.HGU.spur.json,27.5,20,1200,1000,6
2e77a9fe-dbd7-47b2-a864-b80d45935fd5,model.options.HGU.spur.json,27.5,20,1200,1000,9
0030da79-24a2-4916-be59-2018bcf148ea,model.options.HGU.spur.json,27.5,20,1200,1000,12
219341e8-db5a-410b-93d2-6cd89ce6e833,model.options.HGU.spur.json,27.5,20,1200,1200,3
34814c59-5076-4b71-a4a2-13d6cf5dba0a,model.options.HGU.spur.json,27.5,20,1200,1200,6
f80a2794-4bbb-4cc0-b3ca-c476522f0283,model.options.HGU.spur.json,27.5,20,1200,1200,9
ece347c4-6f11-46ab-84e9-fe295ece6d0f,model.options.HGU.spur.json,27.5,20,1200,1200,12
b13ca693-a4ec-46e3-99e9-38b4f275f33c,model.options.HGU.spur.json,30,15,400,400,3
db211da1-800f-42cd-860d-6a1f92ec8a14,model.options.HGU.spur.json,30,15,400,400,6
f3de1f50-8b0c-4b4e-9722-b782f35ff741,model.options.HGU.spur.json,30,15,400,400,9
b4c1e601-9cd2-4b8d-a17f-df7d68ca2be7,model.options.HGU.spur.json,30,15,400,400,12
ff33943d-9a04-4d5b-93f4-bcbebb436ce9,model.options.HGU.spur.json,30,15,400,600,3
7e9ca54f-3fd3-4460-a8ad-601dcb0b8458,model.options.HGU.spur.json,30,15,400,600,6
320322ce-0fcf-481d-abb6-a2b5ee7805e8,model.options.HGU.spur.json,30,15,400,600,9
2f4da2c5-3257-4cbc-bc96-4bd496a8a563,model.options.HGU.spur.json,30,15,400,600,12
eede552b-95d4-4717-bce1-944d16068a9c,model.options.HGU.spur.json,30,15,400,800,3
1e29d807-b37f-45a0-9566-4499f6b4964d,model.options.HGU.spur.json,30,15,400,800,6
6f683a3a-c47a-4d1b-9378-7b8e2e9a216e,model.options.HGU.spur.json,30,15,400,800,9
8a646ee5-4551-48f7-aa1d-b35b946c8842,model.options.HGU.spur.json,30,15,400,800,12
e1d26619-9fe8-4a7c-baae-f822cebd7534,model.options.HGU.spur.json,30,15,400,1000,3
888de5df-9253-4f10-89ee-c49e3e912309,model.options.HGU.spur.json,30,15,400,1000,6
c0fd3d02-f313-40c7-b7fa-820679cb64ff,model.options.HGU.spur.json,30,15,400,1000,9
68dffea4-4424-41b2-a13a-8b57a27e5b69,model.options.HGU.spur.json,30,15,400,1000,12
23e30894-6cf4-4c9a-b1d2-dbc15dc13a0e,model.options.HGU.spur.json,30,15,400,1200,3
b24cc625-af86-4dc1-b297-2e55581d3fc6,model.options.HGU.spur.json,30,15,400,1200,6
a0b16ce2-1bae-4b7e-bddc-2dfcb3da0c5f,model.options.HGU.spur.json,30,15,400,1200,9
7ae0f58c-7d04-4587-9b0b-680d0348fe27,model.options.HGU.spur.json,30,15,400,1200,12
75802863-00a7-4489-aa75-5eeff00f2d1c,model.options.HGU.spur.json,30,15,650,400,3
3211531b-5c5f-4020-b882-c12106acbff3,model.options.HGU.spur.json,30,15,650,400,6
e14b70a9-aaa3-4e18-824c-b6ea65c94cbd,model.options.HGU.spur.json,30,15,650,400,9
6b24330f-f7cc-417c-90b6-e97bfe86f806,model.options.HGU.spur.json,30,15,650,400,12
8ff7e5e9-25ea-4ccf-b9a6-5a873ce4cdd8,model.options.HGU.spur.json,30,15,650,600,3
71b98b59-ce73-47b8-9913-a0dfc6020dda,model.options.HGU.spur.json,30,15,650,600,6
11276979-7639-4fc6-8cac-7b2ea87e1649,model.options.HGU.spur.json,30,15,650,600,9
2d3790fc-315e-402f-922f-c00a5caf0d63,model.options.HGU.spur.json,30,15,650,600,12
015d220f-3b40-4f3d-b4b3-221c888158f9,model.options.HGU.spur.json,30,15,650,800,3
190c7406-668e-41cd-9141-54a1efd29d52,model.options.HGU.spur.json,30,15,650,800,6
a1dff174-e448-451e-a881-513f495432ac,model.options.HGU.spur.json,30,15,650,800,9
b4be1fa9-4370-40b6-87e0-b0ecb2ca0164,model.options.HGU.spur.json,30,15,650,800,12
6fdedf10-bb03-4af9-958e-08798e564b4b,model.options.HGU.spur.json,30,15,650,1000,3
f60ec872-90b2-4149-93c9-8124c2d6742a,model.options.HGU.spur.json,30,15,650,1000,6
d3367beb-83d2-428c-8b25-ce0253433821,model.options.HGU.spur.json,30,15,650,1000,9
f87e70f1-563b-494b-b65c-7c5e0f322bb1,model.options.HGU.spur.json,30,15,650,1000,12
4f2e4ed2-5fc4-4bdb-b895-695bc5c4fe2e,model.options.HGU.spur.json,30,15,650,1200,3
fd384239-b60b-4a64-a12e-a0eb4dfce82a,model.options.HGU.spur.json,30,15,650,1200,6
10b70a8f-b7ee-4777-bc55-615f75611cdd,model.options.HGU.spur.json,30,15,650,1200,9
c3cee5ba-7ad7-436e-bd29-e26b12fa7364,model.options.HGU.spur.json,30,15,650,1200,12
f8b998cd-cea9-4506-8b26-a2ec801d373b,model.options.HGU.spur.json,30,15,900,400,3
e7d0ccd8-2020-428e-b1f9-d00e272763af,model.options.HGU.spur.json,30,15,900,400,6
218984d8-6aac-4d26-a7c1-b372f221e3a5,model.options.HGU.spur.json,30,15,900,400,9
3805e8cc-a44f-4fb4-93f2-dc533fbfad89,model.options.HGU.spur.json,30,15,900,400,12
322bbd8b-9b87-4a39-abe1-137bd59ffce8,model.options.HGU.spur.json,30,15,900,600,3
1ae65dc7-36c8-4210-9072-dade4a0ec7ec,model.options.HGU.spur.json,30,15,900,600,6
02dd78c1-d617-4d09-9308-4423a99ddb4a,model.options.HGU.spur.json,30,15,900,600,9
ca5a24db-ec12-48b2-ad4b-35ded5421c77,model.options.HGU.spur.json,30,15,900,600,12
c5b375e8-1a76-4d58-a755-5bd0b7fcfe60,model.options.HGU.spur.json,30,15,900,800,3
50375da8-f65e-4f64-8c5b-4155122dfb7f,model.options.HGU.spur.json,30,15,900,800,6
6447e48d-f1cb-4a7e-9f62-9b8de2867961,model.options.HGU.spur.json,30,15,900,800,9
bac92611-fff4-4c89-8c71-72e1410cf405,model.options.HGU.spur.json,30,15,900,800,12
a6b36199-884f-4fb8-9d8c-ce6e7eb14f9e,model.options.HGU.spur.json,30,15,900,1000,3
b9cb268b-fab5-4bcd-9f01-a2f235bbc160,model.options.HGU.spur.json,30,15,900,1000,6
126ca401-9087-4c0f-8f64-a0bc29b49464,model.options.HGU.spur.json,30,15,900,1000,9
3950897b-a4d9-4367-94f6-5d79b35edb2d,model.options.HGU.spur.json,30,15,900,1000,12
887011ae-e883-4e78-9193-a86fb86ae37a,model.options.HGU.spur.json,30,15,900,1200,3
714eee37-2c15-4339-8d34-928441b0554a,model.options.HGU.spur.json,30,15,900,1200,6
f57023c5-d67a-4046-a94e-752392cb33c5,model.options.HGU.spur.json,30,15,900,1200,9
0c42b88c-7623-4d68-9878-a8a69013894e,model.options.HGU.spur.json,30,15,900,1200,12
a1ae60ce-f136-4cc7-911d-f1ea88891b18,model.options.HGU.spur.json,30,15,1200,400,3
949764bb-e8fb-40e0-bbaa-4cb37e9af189,model.options.HGU.spur.json,30,15,1200,400,6
f244cbf9-9532-434f-80e2-216126082ea3,model.options.HGU.spur.json,30,15,1200,400,9
5c37fca3-3228-4a21-b490-c6476277c2ca,model.options.HGU.spur.json,30,15,1200,400,12
52b6dcd8-f371-4c46-a13b-6ce5a90a9673,model.options.HGU.spur.json,30,15,1200,600,3
265c9661-cbe5-4404-bce0-cc383ae7382a,model.options.HGU.spur.json,30,15,1200,600,6
28607ac3-9d4b-4388-bbe7-80ca5eb7b03f,model.options.HGU.spur.json,30,15,1200,600,9
162a3b18-4672-416c-8bca-337bf4639ced,model.options.HGU.spur.json,30,15,1200,600,12
7ce5f851-c39c-40ef-a04e-5a0a8bcde029,model.options.HGU.spur.json,30,15,1200,800,3
561ad5a5-cc16-496a-8e5f-6341e78e0553,model.options.HGU.spur.json,30,15,1200,800,6
7acffd73-626b-4b6e-989a-b3db62274fd9,model.options.HGU.spur.json,30,15,1200,800,9
ab5f3bfe-4742-45ab-be0b-71422c8f49ee,model.options.HGU.spur.json,30,15,1200,800,12
2c01fe4a-74d4-4f56-8145-0e61b02ca295,model.options.HGU.spur.json,30,15,1200,1000,3
88a8f6c0-d5e4-4c6f-ba5f-12df12ab666e,model.options.HGU.spur.json,30,15,1200,1000,6
e9f9fe23-6143-47dd-ae8f-26581e269ab7,model.options.HGU.spur.json,30,15,1200,1000,9
4257d485-a2f9-41a9-a709-6e66a01e8eb7,model.options.HGU.spur.json,30,15,1200,1000,12
0f5c0d19-2a4c-4856-9407-3fd2f56641df,model.options.HGU.spur.json,30,15,1200,1200,3
e78310cf-6d91-4caf-9ebf-c2c5ab191089,model.options.HGU.spur.json,30,15,1200,1200,6
f9fcafca-b1fc-4473-95d5-c0a9d52e4cf7,model.options.HGU.spur.json,30,15,1200,1200,9
12c1976b-51e4-44f2-bb46-1ef186b71a1a,model.options.HGU.spur.json,30,15,1200,1200,12
b135941f-eab1-43b0-9f9f-8e6bbe7b4fe2,model.options.HGU.spur.json,30,17.5,400,400,3
b0a74c84-394a-4da9-8c46-2380c841b9a7,model.options.HGU.spur.json,30,17.5,400,400,6
8b135ccf-aa8d-4396-837c-66728378d79e,model.options.HGU.spur.json,30,17.5,400,400,9
c5129a9f-5040-494b-a15f-67a572d4ad02,model.options.HGU.spur.json,30,17.5,400,400,12
e1d77c8e-fcf1-4f37-bb1f-29fd57ca5e6c,model.options.HGU.spur.json,30,17.5,400,600,3
35fc8589-aaeb-4acd-996e-f174dc308a1f,model.options.HGU.spur.json,30,17.5,400,600,6
8f01d46e-485b-4490-86ba-111fdf4049f2,model.options.HGU.spur.json,30,17.5,400,600,9
ecff0bbf-0742-47b6-9813-519aaaff9230,model.options.HGU.spur.json,30,17.5,400,600,12
01aa8319-8e59-4e0a-bbd8-04a673277655,model.options.HGU.spur.json,30,17.5,400,800,3
b50a5612-5a3b-488a-a04c-5a5f79120406,model.options.HGU.spur.json,30,17.5,400,800,6
7cc44e50-458c-402c-8a57-9532b36bf240,model.options.HGU.spur.json,30,17.5,400,800,9
2762f78b-3d88-48a4-94c9-8b387ea414b1,model.options.HGU.spur.json,30,17.5,400,800,12
87313872-afef-42bd-8588-6f69d7ee4bea,model.options.HGU.spur.json,30,17.5,400,1000,3
b3f86c40-848b-446a-a40f-448b49c658e2,model.options.HGU.spur.json,30,17.5,400,1000,6
8b39518f-bab4-42e9-8ffc-5425da190f7f,model.options.HGU.spur.json,30,17.5,400,1000,9
d58d5f28-2b4a-415e-a614-4e954e8e1b27,model.options.HGU.spur.json,30,17.5,400,1000,12
e2e81ca7-f686-4d77-8840-d17b299d3ca6,model.options.HGU.spur.json,30,17.5,400,1200,3
4a018c36-c934-4596-9351-dcde1af3a3d1,model.options.HGU.spur.json,30,17.5,400,1200,6
c394e75b-e822-4165-bf6e-23f70fe6e36f,model.options.HGU.spur.json,30,17.5,400,1200,9
0f4f0067-c7aa-45ef-a333-4dfcdea9069f,model.options.HGU.spur.json,30,17.5,400,1200,12
e0da13f6-b2f5-4358-be5f-ff280fac6bd1,model.options.HGU.spur.json,30,17.5,650,400,3
53b04a87-027b-40ba-8a35-c3b885d60e29,model.options.HGU.spur.json,30,17.5,650,400,6
3397300b-5869-4bd4-9763-f071a246f107,model.options.HGU.spur.json,30,17.5,650,400,9
a77114d8-4232-4a03-adfa-c46f926f3bad,model.options.HGU.spur.json,30,17.5,650,400,12
2d35f936-7e61-4bb5-86b6-6a39ddc4a5e5,model.options.HGU.spur.json,30,17.5,650,600,3
8dc7d0cb-01e8-441c-8aa8-f36e4e854f33,model.options.HGU.spur.json,30,17.5,650,600,6
2390340c-47af-47a0-b604-63532542ef3f,model.options.HGU.spur.json,30,17.5,650,600,9
e78ef934-1890-4702-8e84-1197dccd8d48,model.options.HGU.spur.json,30,17.5,650,600,12
2808b1e5-c239-4c37-9451-5b5e87653084,model.options.HGU.spur.json,30,17.5,650,800,3
564f9016-0d16-4586-85de-a713714e2878,model.options.HGU.spur.json,30,17.5,650,800,6
bb42ced1-1b92-4ca1-8385-493e535344f5,model.options.HGU.spur.json,30,17.5,650,800,9
61e461fc-3177-4b88-be1f-f16dfc8accf5,model.options.HGU.spur.json,30,17.5,650,800,12
17f35138-81bf-4e06-8b13-b9f6cf2461e2,model.options.HGU.spur.json,30,17.5,650,1000,3
b5390d98-7d68-4ece-b62f-3a62a634c688,model.options.HGU.spur.json,30,17.5,650,1000,6
1aa1771a-4fb9-42e9-a7c2-07406f13966d,model.options.HGU.spur.json,30,17.5,650,1000,9
cebb4e69-47aa-4133-9aa2-8f973c6970f1,model.options.HGU.spur.json,30,17.5,650,1000,12
fe3fdd93-68f2-490f-a9de-7ddc5f2c085a,model.options.HGU.spur.json,30,17.5,650,1200,3
df657315-feab-489b-9c78-0db36895cdc5,model.options.HGU.spur.json,30,17.5,650,1200,6
93f6211f-beed-4416-8185-166377ae1092,model.options.HGU.spur.json,30,17.5,650,1200,9
e0be2155-1550-4e94-8466-4acd71474196,model.options.HGU.spur.json,30,17.5,650,1200,12
3d929bf8-d489-4920-885a-b2fc4227be28,model.options.HGU.spur.json,30,17.5,900,400,3
35e07221-f26a-4635-a744-241eead07ce8,model.options.HGU.spur.json,30,17.5,900,400,6
9922b4c3-d38c-4c23-8ebf-630673424ec8,model.options.HGU.spur.json,30,17.5,900,400,9
19e1496e-75b1-4425-842b-1d000e4bdcb7,model.options.HGU.spur.json,30,17.5,900,400,12
ceed6795-5eea-488e-8314-3cb62d82fab7,model.options.HGU.spur.json,30,17.5,900,600,3
7dd1a565-f895-483a-b891-696cee1b8efb,model.options.HGU.spur.json,30,17.5,900,600,6
4a21a7b9-e2d9-4667-b234-0ee57ace9f62,model.options.HGU.spur.json,30,17.5,900,600,9
d314cd47-b0be-416a-8b2e-e2fee2c2347e,model.options.HGU.spur.json,30,17.5,900,600,12
a59b977b-e3b0-405f-8ad1-e4132c33b7b2,model.options.HGU.spur.json,30,17.5,900,800,3
9f37e80b-b6ed-4808-9be3-ce15a6bab110,model.options.HGU.spur.json,30,17.5,900,800,6
f3f02a37-4769-438e-aed7-cd0f6951e781,model.options.HGU.spur.json,30,17.5,900,800,9
9f572ed1-fc37-4186-bc8e-266a8f95d4fa,model.options.HGU.spur.json,30,17.5,900,800,12
6079b52d-0e61-4a74-b298-8dda9d358965,model.options.HGU.spur.json,30,17.5,900,1000,3
0afe5ab7-fac0-4b36-9e67-191471eb9d53,model.options.HGU.spur.json,30,17.5,900,1000,6
a214eedd-4706-4d39-b01d-94b7884e5b82,model.options.HGU.spur.json,30,17.5,900,1000,9
eee35226-e68a-49f4-b085-c9c97644fc40,model.options.HGU.spur.json,30,17.5,900,1000,12
5a64bef8-26dd-4f7d-abda-e4e2ab1e7f1e,model.options.HGU.spur.json,30,17.5,900,1200,3
d0f552fe-c79f-4d99-ba0a-90aa9972cc45,model.options.HGU.spur.json,30,17.5,900,1200,6
7ea6fc29-7ee7-4ed7-9c78-221f755526fb,model.options.HGU.spur.json,30,17.5,900,1200,9
8d7b3a41-96c0-4ca2-b6a3-119cdcfc8ffb,model.options.HGU.spur.json,30,17.5,900,1200,12
15948846-1ea0-430e-9a8a-bf4682e44473,model.options.HGU.spur.json,30,17.5,1200,400,3
9cd96427-3935-4727-bd2e-b9a7c769ccd4,model.options.HGU.spur.json,30,17.5,1200,400,6
753820ef-6653-43e1-ae9d-a50e22b7b60f,model.options.HGU.spur.json,30,17.5,1200,400,9
db6e5fb3-7c60-4d6f-9b8d-697eb90defe5,model.options.HGU.spur.json,30,17.5,1200,400,12
9b3c73a0-50bd-4a36-a773-3a6a5a2cf251,model.options.HGU.spur.json,30,17.5,1200,600,3
88cca938-4230-4eee-b4f6-786c25cb12d5,model.options.HGU.spur.json,30,17.5,1200,600,6
79d78d14-e4ce-4b60-870e-9e9d70e67041,model.options.HGU.spur.json,30,17.5,1200,600,9
182a7d8a-2a4c-4556-9b2b-0e31d7f3bff2,model.options.HGU.spur.json,30,17.5,1200,600,12
d29a1afc-ce3b-4a52-85f5-076d7efa8435,model.options.HGU.spur.json,30,17.5,1200,800,3
d03cb240-7e4e-4846-b033-216f48cfc20f,model.options.HGU.spur.json,30,17.5,1200,800,6
8d93e515-3c29-4a16-b945-a247142b3558,model.options.HGU.spur.json,30,17.5,1200,800,9
ad35b56e-5dc8-4ce6-a8c7-c0c507254166,model.options.HGU.spur.json,30,17.5,1200,800,12
a0d57f70-1934-4eed-8010-316c2f57a941,model.options.HGU.spur.json,30,17.5,1200,1000,3
a0902e1b-48d2-4271-b509-4626c2aafa5a,model.options.HGU.spur.json,30,17.5,1200,1000,6
60ac5a4d-e19b-4844-82ac-434a39d62a6f,model.options.HGU.spur.json,30,17.5,1200,1000,9
27a52dce-6b06-4577-a098-5331c20b7a08,model.options.HGU.spur.json,30,17.5,1200,1000,12
3dae9267-89da-482a-9130-98c90d2fc1d5,model.options.HGU.spur.json,30,17.5,1200,1200,3
009d4ea3-8fa3-41de-8f03-6fdfb7cfac9e,model.options.HGU.spur.json,30,17.5,1200,1200,6
cdd49992-6501-4a7b-bf99-8bc21c2cb8a1,model.options.HGU.spur.json,30,17.5,1200,1200,9
d4e99e65-352a-4dcd-a7fc-68fd186c85b3,model.options.HGU.spur.json,30,17.5,1200,1200,12
529d5f68-3927-4b90-95ea-e8da752b5cdc,model.options.HGU.spur.json,30,20,400,400,3
b72b2a8f-7962-41d1-ae61-68b1529858a1,model.options.HGU.spur.json,30,20,400,400,6
7046734a-077b-4f93-b29a-fb22e89a1c63,model.options.HGU.spur.json,30,20,400,400,9
cc275f05-7180-4422-b2d7-18a9791732e7,model.options.HGU.spur.json,30,20,400,400,12
66bde438-f574-42e0-8238-308f8f36ac1d,model.options.HGU.spur.json,30,20,400,600,3
9558b87f-9b5b-48d9-a790-390fd1e20a01,model.options.HGU.spur.json,30,20,400,600,6
c2a831b6-640c-4d38-b17f-037e7913af41,model.options.HGU.spur.json,30,20,400,600,9
6f0fd262-5ede-4859-a1dc-bd68307fb31b,model.options.HGU.spur.json,30,20,400,600,12
22dbe728-acf6-4ef1-b26b-c1edd1baf338,model.options.HGU.spur.json,30,20,400,800,3
2ed09c59-07ca-48fa-afe7-389d77dd6830,model.options.HGU.spur.json,30,20,400,800,6
28d688f9-12c8-4b10-90ca-d799d02a2622,model.options.HGU.spur.json,30,20,400,800,9
338d43cb-acd6-4c91-8ca4-7a75823633ba,model.options.HGU.spur.json,30,20,400,800,12
bd220a90-e355-4d78-a85d-61772a8f795b,model.options.HGU.spur.json,30,20,400,1000,3
3318fa5b-8ea4-4cea-950c-1bc17f28d206,model.options.HGU.spur.json,30,20,400,1000,6
429a77fd-2f3b-4845-9b34-080481a49b03,model.options.HGU.spur.json,30,20,400,1000,9
da7f0a68-466e-4404-a936-d671dbd1a25c,model.options.HGU.spur.json,30,20,400,1000,12
7d78ad3b-139e-41b7-9d41-f6e85f6b1dea,model.options.HGU.spur.json,30,20,400,1200,3
649916b8-4ea2-48bd-8b16-9a85b347547d,model.options.HGU.spur.json,30,20,400,1200,6
35768f3d-e6a6-48ea-8d36-6b5e422b9c58,model.options.HGU.spur.json,30,20,400,1200,9
dd08b28f-4b8e-4e5d-9ab6-aea9d648b589,model.options.HGU.spur.json,30,20,400,1200,12
305ae9d3-f707-43f6-9249-b88160b70964,model.options.HGU.spur.json,30,20,650,400,3
afce7b7f-1ca9-4b9a-b13e-e9273d8cc9d4,model.options.HGU.spur.json,30,20,650,400,6
facfb23e-ddd1-46ff-9669-11d3b0f36d0c,model.options.HGU.spur.json,30,20,650,400,9
3cf7467c-8637-406b-97d4-ca15b3b8cd9d,model.options.HGU.spur.json,30,20,650,400,12
6662cc5a-ed1f-41ff-8bad-83638d0380bc,model.options.HGU.spur.json,30,20,650,600,3
69f3a3ed-e322-4b44-abb8-881ee945b382,model.options.HGU.spur.json,30,20,650,600,6
3554d1e3-d029-4296-8a11-a9d1b42d1f81,model.options.HGU.spur.json,30,20,650,600,9
32d52cea-450c-43c0-ab4b-74e400c571bb,model.options.HGU.spur.json,30,20,650,600,12
fc57f281-b970-4af7-b762-bd117f9549ab,model.options.HGU.spur.json,30,20,650,800,3
7d4227ad-1b48-466e-9935-588d3060d0f4,model.options.HGU.spur.json,30,20,650,800,6
16181a5b-20fb-4b3a-8dfa-d65a62349b6d,model.options.HGU.spur.json,30,20,650,800,9
049e3f3d-f1f7-4a67-9f2f-179e7c6aaba1,model.options.HGU.spur.json,30,20,650,800,12
edfce9ef-3721-4dc1-99f9-e7f75c2a29fd,model.options.HGU.spur.json,30,20,650,1000,3
5d4e3a06-6cdc-451c-9a7c-00b13e82d353,model.options.HGU.spur.json,30,20,650,1000,6
78842629-9e54-4710-b7cb-f4954a546058,model.options.HGU.spur.json,30,20,650,1000,9
d397510b-69c5-41d0-aa62-350bc8c44e74,model.options.HGU.spur.json,30,20,650,1000,12
1adb96ed-88f7-4157-8314-b0d7c6501617,model.options.HGU.spur.json,30,20,650,1200,3
29f3ee70-7cc5-414f-b996-fe9f06cb2c8c,model.options.HGU.spur.json,30,20,650,1200,6
b624c8c4-2f78-4d8f-bde7-5711539dd2f4,model.options.HGU.spur.json,30,20,650,1200,9
62e60c8d-26c6-4db8-9f75-c6d3c251ed4d,model.options.HGU.spur.json,30,20,650,1200,12
1249a5af-17e4-4de1-ab95-e43e0d96d063,model.options.HGU.spur.json,30,20,900,400,3
045e6866-4291-4a35-a4ad-d36fcb703249,model.options.HGU.spur.json,30,20,900,400,6
d7c846fe-18c1-40bb-94ac-6ebcaf2ed146,model.options.HGU.spur.json,30,20,900,400,9
152ba490-99c3-4dc9-875c-292afbce5d19,model.options.HGU.spur.json,30,20,900,400,12
292108b8-9681-41cd-aac4-918d1d5d7957,model.options.HGU.spur.json,30,20,900,600,3
9d00103a-823e-4cb4-9768-1095dcd755a6,model.options.HGU.spur.json,30,20,900,600,6
9dc861d8-e131-434f-90de-a271c36fa90c,model.options.HGU.spur.json,30,20,900,600,9
4db4c777-ceaa-42ed-bad4-80a6e9f1133a,model.options.HGU.spur.json,30,20,900,600,12
bfcea3f6-6ed9-47ac-8233-f5c059501768,model.options.HGU.spur.json,30,20,900,800,3
00c51dab-0075-4207-97e1-103dc456fa18,model.options.HGU.spur.json,30,20,900,800,6
72cb847e-e2dc-4c97-ba76-9a1d5983fa1d,model.options.HGU.spur.json,30,20,900,800,9
583b206c-4e19-4b27-adc3-de8864109bc0,model.options.HGU.spur.json,30,20,900,800,12
4aab37f1-9cf1-4aa0-a4d8-22b235d5aa70,model.options.HGU.spur.json,30,20,900,1000,3
b2c389c2-54ca-4712-be26-bc91f3bdaf32,model.options.HGU.spur.json,30,20,900,1000,6
4f1a9994-079e-4c7e-a7ff-b9a717c152ef,model.options.HGU.spur.json,30,20,900,1000,9
c15bac1b-f3fe-46e8-8e11-99f8ea3ac8ff,model.options.HGU.spur.json,30,20,900,1000,12
0416e9b6-e645-4924-99df-2ac3ece76f28,model.options.HGU.spur.json,30,20,900,1200,3
31354bd7-de57-4e20-add2-30307986c5b4,model.options.HGU.spur.json,30,20,900,1200,6
21857a48-522a-4114-9bf3-5a48a5358b0b,model.options.HGU.spur.json,30,20,900,1200,9
f949c698-f6f6-4118-b07a-2c7bebce3753,model.options.HGU.spur.json,30,20,900,1200,12
86bb0220-58d6-4693-90e9-a8a0ed49cc56,model.options.HGU.spur.json,30,20,1200,400,3
c7f2e6fa-6f32-49bd-a509-35f4e4554eda,model.options.HGU.spur.json,30,20,1200,400,6
7d8467f3-9534-478d-95b6-26cd6b8185b3,model.options.HGU.spur.json,30,20,1200,400,9
bf92e8ef-44b7-473f-879d-cfb48b2c33ee,model.options.HGU.spur.json,30,20,1200,400,12
38d480b7-fc13-46e4-8672-fefaac59cc9d,model.options.HGU.spur.json,30,20,1200,600,3
6427ec5a-c2c2-4a8b-b8de-63f26e349f36,model.options.HGU.spur.json,30,20,1200,600,6
4022ff3b-77e7-4b23-8067-93ca7d270819,model.options.HGU.spur.json,30,20,1200,600,9
326ae444-2592-43a5-a3ed-ec06fb93b5d7,model.options.HGU.spur.json,30,20,1200,600,12
cdcbc20a-de4e-4fd7-8680-9d5584cd70c3,model.options.HGU.spur.json,30,20,1200,800,3
ca99f73a-a7c7-4d1f-83d0-1408f8cd74ff,model.options.HGU.spur.json,30,20,1200,800,6
5f632254-9335-48d2-8fb3-9dc9927771c9,model.options.HGU.spur.json,30,20,1200,800,9
c7792d7b-e467-4a1b-bfb6-ee8e5cee4f6e,model.options.HGU.spur.json,30,20,1200,800,12
d1569123-6989-46a1-b2a6-b1d4dd8f1b15,model.options.HGU.spur.json,30,20,1200,1000,3
2170666a-1b15-4006-a27c-3b2f89a45ef6,model.options.HGU.spur.json,30,20,1200,1000,6
423aabbc-1e63-4bdf-bdf0-0ae09c990245,model.options.HGU.spur.json,30,20,1200,1000,9
a7272518-dcf2-4c83-a023-0beb73fc77f5,model.options.HGU.spur.json,30,20,1200,1000,12
44d3d23e-8205-42c3-8f85-1f9975f93ef4,model.options.HGU.spur.json,30,20,1200,1200,3
b094bcbd-0dc2-4710-9c13-31959201f8d9,model.options.HGU.spur.json,30,20,1200,1200,6
f903497d-8e54-4de7-be1b-90dd7279e673,model.options.HGU.spur.json,30,20,1200,1200,9
0e1f5da5-4e19-4a67-b285-134344f252e7,model.options.HGU.spur.json,30,20,1200,1200,12
d9a42236-6800-40c2-9176-e9331c838d1f,model.options.HGU.spur.70.json,27.5,17.5,900,800,9
a677e261-ba42-4d3c-a97e-628d1385f03d,model.options.HGU.spur.70.json,27.5,17.5,900,800,12
75be45e3-ce15-44fb-8e20-5d9d8245cb76,model.options.HGU.spur.70.json,27.5,17.5,900,1000,9
b8fc8dcb-bf95-410f-b433-7f1ab0e62943,model.options.HGU.spur.70.json,27.5,17.5,900,1000,12
34ef1469-effc-47f2-a48b-d86258df8f1d,model.options.HGU.spur.70.json,27.5,17.5,900,1200,9
5ade7784-4d9c-4eed-a34d-2c8e37eaf6f2,model.options.HGU.spur.70.json,27.5,17.5,900,1200,12
5420c6c5-7e87-4c3c-804c-363b3da2954c,model.options.HGU.spur.70.json,27.5,17.5,1200,800,9
3d2b3ddb-ac97-46a5-8c3d-3ae14bb78b34,model.options.HGU.spur.70.json,27.5,17.5,1200,800,12
8033e9b4-beb5-4919-9d3b-45d11647ab6c,model.options.HGU.spur.70.json,27.5,17.5,1200,1000,9
c5775cf7-5461-46e1-9d2c-241d788e360c,model.options.HGU.spur.70.json,27.5,17.5,1200,1000,12
947ea79e-4e29-49c2-b02b-de7573b9c13f,model.options.HGU.spur.70.json,27.5,17.5,1200,1200,9
79da6f6d-8974-4d8b-a542-026dd166acfb,model.options.HGU.spur.70.json,27.5,17.5,1200,1200,12
68919e65-6f77-430c-a889-4226a339c0c6,model.options.HGU.cane.30.json,25,15,400,400,3
187d260c-9033-4727-8367-c0b7e1a0222b,model.options.HGU.cane.30.json,25,15,400,400,6
747d1dfd-a598-42cc-90ef-9b1300ff7718,model.options.HGU.cane.30.json,25,15,400,400,9
b1c5ad38-0ab0-4d8e-b642-0d4c6b84754a,model.options.HGU.cane.30.json,25,15,400,400,12
65f6870a-6c75-4bfc-af18-dc7854020544,model.options.HGU.cane.30.json,25,15,400,600,3
bfa503eb-449d-44be-a37b-df2310e6fdca,model.options.HGU.cane.30.json,25,15,400,600,6
4ab1f4f2-42ee-4854-a6b6-42e87c7f9b4a,model.options.HGU.cane.30.json,25,15,400,600,9
13d554c3-9dcf-4a67-989a-fbb7d28c933f,model.options.HGU.cane.30.json,25,15,400,600,12
d11b541a-3223-4ee2-98fa-c4b5bed28113,model.options.HGU.cane.30.json,25,15,400,1000,3
4784b696-9f3e-42f6-af5f-13061f79765f,model.options.HGU.cane.30.json,25,15,400,1000,6
e41e84cc-8d44-4c1e-87d4-1242a07adb71,model.options.HGU.cane.30.json,25,15,400,1000,9
b2705b43-e179-48d2-96b9-b0c3d100b669,model.options.HGU.cane.30.json,25,15,400,1000,12
5905fae6-18e0-417d-b547-348aef8c9335,model.options.HGU.cane.30.json,25,15,400,1200,3
6b78320b-afec-496c-b692-1b4616bb3089,model.options.HGU.cane.30.json,25,15,400,1200,6
20dbba08-c520-42c6-bca4-6f1501d5ebbe,model.options.HGU.cane.30.json,25,15,400,1200,9
e735d578-418a-4d0c-ac7c-25f539414dcc,model.options.HGU.cane.30.json,25,15,400,1200,12
a9679a2c-2071-40e1-9a6a-67fd661213c6,model.options.HGU.cane.30.json,25,15,650,400,3
fd1702fd-3cbf-4494-952a-9926c1203173,model.options.HGU.cane.30.json,25,15,650,400,6
257bd747-67d5-4eaa-8a57-5da66cbfe203,model.options.HGU.cane.30.json,25,15,650,400,9
c3a531c4-db87-4492-9e7d-78081f769236,model.options.HGU.cane.30.json,25,15,650,400,12
f22d0fd2-5dab-4bf8-bc80-cb1f43039ab6,model.options.HGU.cane.30.json,25,15,650,600,3
a2cb4bf8-ca9f-4c84-81fa-7b755dbe0169,model.options.HGU.cane.30.json,25,15,650,600,6
afdc3d48-ce9b-4c18-9572-61bc6b868d59,model.options.HGU.cane.30.json,25,15,650,600,9
01a065a4-0a73-4ecb-9a2a-359cbf43435d,model.options.HGU.cane.30.json,25,15,650,600,12
18ff0bb5-a58b-4dfa-875a-3242b448a8ea,model.options.HGU.cane.30.json,25,15,650,1000,3
adc32bc5-ed8d-45b4-900a-e49f3466fb23,model.options.HGU.cane.30.json,25,15,650,1000,6
8fe63a22-bb12-42c0-9de6-f8f3640f9dd5,model.options.HGU.cane.30.json,25,15,650,1000,9
6b5bea5a-d469-44de-8520-e5235451da36,model.options.HGU.cane.30.json,25,15,650,1000,12
ce84a7cd-225e-4acc-a027-62973fbd4437,model.options.HGU.cane.30.json,25,15,650,1200,3
70075624-ab7a-417f-b16d-0404adfa983c,model.options.HGU.cane.30.json,25,15,650,1200,6
5f640067-f30a-49be-96c5-35b5119bb0c6,model.options.HGU.cane.30.json,25,15,650,1200,9
cf8021d8-3708-43dc-beff-83305e161caf,model.options.HGU.cane.30.json,25,15,650,1200,12
eaebff86-ee69-402e-8476-446119ea3a94,model.options.HGU.cane.30.json,25,15,900,400,3
cd472000-65b2-4a60-b63e-a0420a3eaafe,model.options.HGU.cane.30.json,25,15,900,400,6
c47dcd32-9c00-4181-a48a-99b99a953be1,model.options.HGU.cane.30.json,25,15,900,400,9
62d547ce-6735-43cd-8fd3-7c055a2edee9,model.options.HGU.cane.30.json,25,15,900,400,12
3068f731-7983-467a-8f8c-88460c003580,model.options.HGU.cane.30.json,25,15,900,600,3
b83722a1-d783-48c8-a07e-ec4991f1cee3,model.options.HGU.cane.30.json,25,15,900,600,6
03348a58-efe3-4e28-9799-1d5323a3b46b,model.options.HGU.cane.30.json,25,15,900,600,9
08b7437e-781a-4a1c-8844-c49c37e1f5eb,model.options.HGU.cane.30.json,25,15,900,600,12
fed6abe6-aaac-4317-8098-1d23d2516146,model.options.HGU.cane.30.json,25,15,900,1000,3
2c0afc13-c2fe-4e85-b3b1-e1f1770acdd6,model.options.HGU.cane.30.json,25,15,900,1000,6
c86592b9-6e16-4b89-a0c1-42eafb57eec9,model.options.HGU.cane.30.json,25,15,900,1000,9
424da0e3-781b-479e-a4a4-777542d7bc95,model.options.HGU.cane.30.json,25,15,900,1000,12
fe7f144c-fe9b-4e73-98e6-90cf5420f0cb,model.options.HGU.cane.30.json,25,15,900,1200,3
3fc531c4-c4e4-4570-a5cd-c0487ec33d85,model.options.HGU.cane.30.json,25,15,900,1200,6
b5ff39d5-0092-465e-8d0e-bbf337588ac7,model.options.HGU.cane.30.json,25,15,900,1200,9
75a7540c-b28c-4421-befd-92e7ca20808d,model.options.HGU.cane.30.json,25,15,900,1200,12
9779bc7b-8708-4b39-9ef3-021b102f06e3,model.options.HGU.cane.30.json,25,15,1200,400,3
3c1e227b-03c2-413f-bb25-1ebf8d67e1f1,model.options.HGU.cane.30.json,25,15,1200,400,6
5171d5f7-7a17-4ab5-8a88-db24f76f7165,model.options.HGU.cane.30.json,25,15,1200,400,9
f3dc71e5-bff5-44a7-b000-cf9d46daad69,model.options.HGU.cane.30.json,25,15,1200,400,12
da871f06-28f5-49d6-8053-a0c30555da20,model.options.HGU.cane.30.json,25,15,1200,600,3
bec9592d-9545-45ec-840d-316b4bfdb05f,model.options.HGU.cane.30.json,25,15,1200,600,6
af8bf012-b13c-4811-bb1e-012c83bd5941,model.options.HGU.cane.30.json,25,15,1200,600,9
e1108ffd-0416-48d7-a55c-99217dd98263,model.options.HGU.cane.30.json,25,15,1200,600,12
3b895918-5f4a-4606-b8da-9ea084ea6ec9,model.options.HGU.cane.30.json,25,15,1200,1000,3
12782b39-297f-44aa-8006-92356b37a6fb,model.options.HGU.cane.30.json,25,15,1200,1000,6
4046d540-6d52-4fb5-8778-e05fc29b3648,model.options.HGU.cane.30.json,25,15,1200,1000,9
619b43e2-0a6c-465f-ad51-e6dad78aabe0,model.options.HGU.cane.30.json,25,15,1200,1000,12
8bb437ed-993a-4fbf-917a-d67b8c3bae82,model.options.HGU.cane.30.json,25,15,1200,1200,3
4bd5eefc-0a83-4a4b-9724-8d96a2a9f48c,model.options.HGU.cane.30.json,25,15,1200,1200,6
ed0f41da-3a12-4059-8b3b-10623cac8dda,model.options.HGU.cane.30.json,25,15,1200,1200,9
ca9e94e8-b36a-4051-bcdd-f11b6309d6cc,model.options.HGU.cane.30.json,25,15,1200,1200,12
37a90163-cfd5-4d56-9186-9d3ebdf7cda1,model.options.HGU.cane.30.json,25,20,400,400,3
bc98f17f-a833-493e-9f70-20e929d80d38,model.options.HGU.cane.30.json,25,20,400,400,6
3c7a4f59-3348-4f9a-a882-4434dfc76234,model.options.HGU.cane.30.json,25,20,400,400,9
830c261c-0bb7-40be-b710-ff33b78571f2,model.options.HGU.cane.30.json,25,20,400,400,12
4d334b52-7f73-4d63-bead-196b7ab466a5,model.options.HGU.cane.30.json,25,20,400,600,3
dc07bd4e-8b4c-45d5-8f6d-7a07e8152406,model.options.HGU.cane.30.json,25,20,400,600,6
e96b9ea8-0cb5-460d-b919-affc458c60a3,model.options.HGU.cane.30.json,25,20,400,600,9
a05ec33a-0eef-4449-9c58-7eca934c353b,model.options.HGU.cane.30.json,25,20,400,600,12
d351ea95-9433-46c9-bc74-921fd63a539e,model.options.HGU.cane.30.json,25,20,400,1000,3
8ec18c8c-9a92-4546-beed-41bc2e436d60,model.options.HGU.cane.30.json,25,20,400,1000,6
9bf22e09-7448-401d-8f32-7d31359f4ebb,model.options.HGU.cane.30.json,25,20,400,1000,9
272b44e4-b313-408d-966e-ed5cd06e78c3,model.options.HGU.cane.30.json,25,20,400,1000,12
badda81f-0aa7-41ea-b753-27360a71d07b,model.options.HGU.cane.30.json,25,20,400,1200,3
5d8edbc9-11b8-40c7-888a-482be002b231,model.options.HGU.cane.30.json,25,20,400,1200,6
4cde24d9-9a2c-4856-9661-f397ef223823,model.options.HGU.cane.30.json,25,20,400,1200,9
f7e15ecb-80fe-406f-8647-910c2cd319ab,model.options.HGU.cane.30.json,25,20,400,1200,12
21821577-fe10-409f-b75f-6ff3ec2cb7fb,model.options.HGU.cane.30.json,25,20,650,400,3
a24abdf7-3814-405f-abf1-94bf70ae1518,model.options.HGU.cane.30.json,25,20,650,400,6
68dc00e4-e091-41a1-bd93-86351b0dfaed,model.options.HGU.cane.30.json,25,20,650,400,9
9546ab00-f130-4d2f-b7f7-1b0969f7a986,model.options.HGU.cane.30.json,25,20,650,400,12
48595176-8e6e-4ced-a5c1-97c2facdec4d,model.options.HGU.cane.30.json,25,20,650,600,3
c063d7a1-ada0-4834-9b16-8f9b723e670c,model.options.HGU.cane.30.json,25,20,650,600,6
e36b408b-5cf4-4135-97f3-9baa2a871d7b,model.options.HGU.cane.30.json,25,20,650,600,9
5fd35d11-fc19-4b5e-83b3-51f23694055e,model.options.HGU.cane.30.json,25,20,650,600,12
9cdcb8c2-b3cf-4962-8840-ecc84352b86a,model.options.HGU.cane.30.json,25,20,650,1000,3
443047bd-07a4-40a0-a406-a59b1a45faf1,model.options.HGU.cane.30.json,25,20,650,1000,6
5dff87a3-2cfe-49b3-8bfd-cb32dfb7ceec,model.options.HGU.cane.30.json,25,20,650,1000,9
81115e6a-0dbe-4230-87f8-89e203a7af52,model.options.HGU.cane.30.json,25,20,650,1000,12
e0cf56b6-e411-4939-b4df-9d3fffe85dbd,model.options.HGU.cane.30.json,25,20,650,1200,3
4a638fe5-db2e-45c4-bd5e-dbe48289802b,model.options.HGU.cane.30.json,25,20,650,1200,6
3fec2c95-1a8b-4b80-9f31-fa340cf4e753,model.options.HGU.cane.30.json,25,20,650,1200,9
6501d0d3-453f-403b-96b6-fcea0dbe10a3,model.options.HGU.cane.30.json,25,20,650,1200,12
ecbcda85-f69d-4612-9c60-75c4084a48b0,model.options.HGU.cane.30.json,25,20,900,400,3
5ecfe8d6-7900-4586-ab37-909f00dee842,model.options.HGU.cane.30.json,25,20,900,400,6
bc9ae86c-3f81-4663-8ec6-56c5358ff848,model.options.HGU.cane.30.json,25,20,900,400,9
b91a97bd-a0b6-45bd-8a8e-442bca2c3c66,model.options.HGU.cane.30.json,25,20,900,400,12
fda0c437-b0e1-416e-987a-371a007d1ed9,model.options.HGU.cane.30.json,25,20,900,600,3
6b73d2a5-ef0d-4b5f-bb6e-f83d5c1f85f8,model.options.HGU.cane.30.json,25,20,900,600,6
b90b05af-cc80-4db7-8c02-431536f96d5b,model.options.HGU.cane.30.json,25,20,900,600,9
062039bd-5823-4913-8191-dc491eec38aa,model.options.HGU.cane.30.json,25,20,900,600,12
db67055e-46ed-4295-817f-0e160520f7f0,model.options.HGU.cane.30.json,25,20,900,1000,3
3f1b2838-50b1-4813-9fc3-9215992ae2c1,model.options.HGU.cane.30.json,25,20,900,1000,6
0c63ec29-0afa-464d-9922-da582cefca38,model.options.HGU.cane.30.json,25,20,900,1000,9
7178e7e6-7be4-41cd-9deb-4ffcc1e523f6,model.options.HGU.cane.30.json,25,20,900,1000,12
10d6ace1-6c99-4078-ac73-35824f616061,model.options.HGU.cane.30.json,25,20,900,1200,3
aa7d2e82-e9f7-4558-8a5f-8cc9b95a451f,model.options.HGU.cane.30.json,25,20,900,1200,6
55f99718-1558-4a15-96d9-bb9c541bc859,model.options.HGU.cane.30.json,25,20,900,1200,9
ce315254-9259-46a1-a25c-68808d306fb7,model.options.HGU.cane.30.json,25,20,900,1200,12
329db30b-4ae8-4fe5-b39d-340537ca8e4a,model.options.HGU.cane.30.json,25,20,1200,400,3
d4dffb72-3bb8-4c33-b45e-ad82c04b0411,model.options.HGU.cane.30.json,25,20,1200,400,6
10de9b13-3d08-46b6-8a8a-146769a5b2cc,model.options.HGU.cane.30.json,25,20,1200,400,9
738067d4-ba60-460d-8c92-ae08b2fef0b4,model.options.HGU.cane.30.json,25,20,1200,400,12
dc789425-b4ca-4dc9-9d02-0c1a440f8602,model.options.HGU.cane.30.json,25,20,1200,600,3
11c65bd0-dad3-4ac7-bc02-3de6ad80ada6,model.options.HGU.cane.30.json,25,20,1200,600,6
3197727f-79d5-4bfc-a06f-d341b052bfaf,model.options.HGU.cane.30.json,25,20,1200,600,9
39ba6aff-6885-4bee-bee9-a499a307867e,model.options.HGU.cane.30.json,25,20,1200,600,12
4ca99d06-1f8f-47a9-bcc2-9feca1724faf,model.options.HGU.cane.30.json,25,20,1200,1000,3
9b94e781-ac88-4bef-b831-1081781f3d3c,model.options.HGU.cane.30.json,25,20,1200,1000,6
9eac328e-5093-4413-abc5-5f5815f57297,model.options.HGU.cane.30.json,25,20,1200,1000,9
a17ebd5a-af5b-4c09-b3c6-3c1242454097,model.options.HGU.cane.30.json,25,20,1200,1000,12
35c269d3-52b3-4f29-b30c-5c995e5e744d,model.options.HGU.cane.30.json,25,20,1200,1200,3
12f10d8e-b962-40c5-9163-22fec5dfe8f7,model.options.HGU.cane.30.json,25,20,1200,1200,6
dcc1c3b3-9220-4d00-a601-d8c4ea22f525,model.options.HGU.cane.30.json,25,20,1200,1200,9
e7a4ff01-e26a-43b7-81e7-8f362fb87d10,model.options.HGU.cane.30.json,25,20,1200,1200,12
34877bfe-d528-4a8e-af34-96ad11008144,model.options.HGU.cane.30.json,30,15,400,400,3
5625d422-53fc-4830-8064-cd1f0b2dfe87,model.options.HGU.cane.30.json,30,15,400,400,6
600664af-24ca-4a84-877d-d835478e8389,model.options.HGU.cane.30.json,30,15,400,400,9
081c3cc6-3098-4242-97a9-5330506b5a0b,model.options.HGU.cane.30.json,30,15,400,400,12
13742cde-9759-4266-8885-93e4d119b03e,model.options.HGU.cane.30.json,30,15,400,600,3
675e5c47-deff-4402-87a7-ea4b9f637ef3,model.options.HGU.cane.30.json,30,15,400,600,6
59023acc-f150-44f9-8476-0f15d0237d0b,model.options.HGU.cane.30.json,30,15,400,600,9
e0b14e83-9f90-4f26-82f6-25e978e4cfa5,model.options.HGU.cane.30.json,30,15,400,600,12
5581d473-a02a-4b8d-a38a-2b9c161af34d,model.options.HGU.cane.30.json,30,15,400,1000,3
6d216d25-a60f-4e75-a67b-75bd8b97f801,model.options.HGU.cane.30.json,30,15,400,1000,6
49d348b7-14d4-4165-ba0b-fd329e979ef8,model.options.HGU.cane.30.json,30,15,400,1000,9
19ec9bfd-cdb4-476a-84b6-1ecc41b9ca47,model.options.HGU.cane.30.json,30,15,400,1000,12
eaa25b9c-696b-4814-952c-bc059c4e533c,model.options.HGU.cane.30.json,30,15,400,1200,3
cd9bf7fe-4930-41f4-a0fc-9d7b7014b755,model.options.HGU.cane.30.json,30,15,400,1200,6
974cd1a0-929c-48e8-a9e4-198af6dc1ce2,model.options.HGU.cane.30.json,30,15,400,1200,9
1e230582-c201-4aaf-afe5-d922501a2ff9,model.options.HGU.cane.30.json,30,15,400,1200,12
0f8677d9-7921-40ae-86d3-76909a9fa534,model.options.HGU.cane.30.json,30,15,650,400,3
6294914a-ca16-48d0-ade9-9c74ed22ba3e,model.options.HGU.cane.30.json,30,15,650,400,6
e280115e-f2f4-44a4-86b4-b096094cc3ba,model.options.HGU.cane.30.json,30,15,650,400,9
1284451b-1492-4782-a46d-b40f9fafb312,model.options.HGU.cane.30.json,30,15,650,400,12
6cd131c9-3db0-4d1a-bc7f-952585f82245,model.options.HGU.cane.30.json,30,15,650,600,3
b7af5937-00da-40bf-93c4-d7aefd6f0a8a,model.options.HGU.cane.30.json,30,15,650,600,6
f9bb6523-5d54-472e-9640-0d008464df88,model.options.HGU.cane.30.json,30,15,650,600,9
319842b5-f570-41d9-b3a0-96c80841dd16,model.options.HGU.cane.30.json,30,15,650,600,12
4ef4eff8-f14b-4236-a4c8-aedff627cac6,model.options.HGU.cane.30.json,30,15,650,1000,3
b0d13adb-4295-4284-8457-b921626b40ae,model.options.HGU.cane.30.json,30,15,650,1000,6
0093c160-ab63-4c46-b0a7-7564543a9e7e,model.options.HGU.cane.30.json,30,15,650,1000,9
62f8371f-e8c0-4c26-a945-05801cbb90ef,model.options.HGU.cane.30.json,30,15,650,1000,12
2f996e9e-2e0c-4ede-af41-43fcb9b13c09,model.options.HGU.cane.30.json,30,15,650,1200,3
6b6df824-ab61-431a-8c97-acbc8db22de4,model.options.HGU.cane.30.json,30,15,650,1200,6
ba024a27-d0c7-4efb-a667-587c930361c7,model.options.HGU.cane.30.json,30,15,650,1200,9
7680b73f-f618-4f53-aaf3-86bcf9893ce3,model.options.HGU.cane.30.json,30,15,650,1200,12
1eae1659-f867-4d70-8201-3ba148d17364,model.options.HGU.cane.30.json,30,15,900,400,3
7a1c626d-2c4e-41d8-a313-670c2f735895,model.options.HGU.cane.30.json,30,15,900,400,6
a338fcfe-c88c-493d-aa04-2ad1174674ef,model.options.HGU.cane.30.json,30,15,900,400,9
6b7e2b58-c0fa-44c1-8483-1fcffeee169c,model.options.HGU.cane.30.json,30,15,900,400,12
b9fc7369-e45a-4ee5-b490-f3d6edb41d8d,model.options.HGU.cane.30.json,30,15,900,600,3
597a89ff-4d01-426a-9b86-e0a70f126663,model.options.HGU.cane.30.json,30,15,900,600,6
84899d68-0196-4324-a7c5-6e826b3f65b6,model.options.HGU.cane.30.json,30,15,900,600,9
dbacd92c-0341-4e52-8556-c5df203cca5b,model.options.HGU.cane.30.json,30,15,900,600,12
cd73502a-45f4-4bb4-9194-3b8ef714df3d,model.options.HGU.cane.30.json,30,15,900,1000,3
3b16c35c-a79d-4277-b480-44816e6f92ae,model.options.HGU.cane.30.json,30,15,900,1000,6
d43b58ec-ed7a-4998-811d-de0cd543869d,model.options.HGU.cane.30.json,30,15,900,1000,9
b2cf2046-05bb-45e8-9b37-7464d65364aa,model.options.HGU.cane.30.json,30,15,900,1000,12
58ec8bf1-bb47-438f-8f8c-d752e842501c,model.options.HGU.cane.30.json,30,15,900,1200,3
9488ff66-9119-4d90-88ee-0d8561574919,model.options.HGU.cane.30.json,30,15,900,1200,6
5081c34a-285b-4d37-b3ea-42a887b31ed8,model.options.HGU.cane.30.json,30,15,900,1200,9
081fef8d-4dac-48af-9efb-b78d365f27ad,model.options.HGU.cane.30.json,30,15,900,1200,12
4bdd6c48-9ae8-42db-ab47-ee51c9d4a328,model.options.HGU.cane.30.json,30,15,1200,400,3
a2ff9f5f-952b-44af-a307-2f413a096e49,model.options.HGU.cane.30.json,30,15,1200,400,6
7cb84cdc-ea0e-47ec-967e-77f6b0f5627a,model.options.HGU.cane.30.json,30,15,1200,400,9
10ccf50a-ada3-4bba-aba1-3cf8b94f198c,model.options.HGU.cane.30.json,30,15,1200,400,12
ea553348-0c55-4289-81a2-58d560555d48,model.options.HGU.cane.30.json,30,15,1200,600,3
e6ffc8f2-882e-4b8c-a417-8db006f18d27,model.options.HGU.cane.30.json,30,15,1200,600,6
fc6cb10d-506d-4af1-87f0-e096a96f0b3b,model.options.HGU.cane.30.json,30,15,1200,600,9
6e5e33c0-98df-4f77-9cce-f346d219d7a5,model.options.HGU.cane.30.json,30,15,1200,600,12
4e48fd1f-af78-4ea5-a2d7-2580f8a06f7e,model.options.HGU.cane.30.json,30,15,1200,1000,3
a69fd049-7630-41e5-a4ee-6bf9ce4def29,model.options.HGU.cane.30.json,30,15,1200,1000,6
7b8e7aff-5186-4b96-98b3-e106db1cf0a5,model.options.HGU.cane.30.json,30,15,1200,1000,9
af0570ca-eac2-40cc-8946-be22c8a8f10e,model.options.HGU.cane.30.json,30,15,1200,1000,12
59938ad5-9592-4ec8-a2ca-ef15c90edc57,model.options.HGU.cane.30.json,30,15,1200,1200,3
934bae29-ac0d-4ac7-ac9b-d25574466258,model.options.HGU.cane.30.json,30,15,1200,1200,6
e34a6b31-ed8b-484d-9714-79644243fc26,model.options.HGU.cane.30.json,30,15,1200,1200,9
8a7c5330-6013-401c-86b2-75af347de2f3,model.options.HGU.cane.30.json,30,15,1200,1200,12
0086e92d-59e7-4f43-a6e6-eaa8055732cf,model.options.HGU.cane.30.json,30,20,400,400,3
1c0f642c-26f1-421e-bbcb-80d33b72420f,model.options.HGU.cane.30.json,30,20,400,400,6
762e7837-13a0-4727-8d04-7fb42a390b9b,model.options.HGU.cane.30.json,30,20,400,400,9
effac7b3-0cd6-46ee-9fbd-1a87433f4ab1,model.options.HGU.cane.30.json,30,20,400,400,12
8695d6f4-298d-48b6-89b4-b720b3dc6f3e,model.options.HGU.cane.30.json,30,20,400,600,3
7d5520f3-6def-4153-bdcc-7bda9cc6a2f7,model.options.HGU.cane.30.json,30,20,400,600,6
25972a1c-c5b7-4e9e-95d6-417343952ade,model.options.HGU.cane.30.json,30,20,400,600,9
13b76c3d-46e3-403b-aa06-877262453356,model.options.HGU.cane.30.json,30,20,400,600,12
56a9cea5-23a7-4a0e-a8b1-4d7a50174f5b,model.options.HGU.cane.30.json,30,20,400,1000,3
e4eacc61-0ea3-44b5-a1b4-e8659fc0866b,model.options.HGU.cane.30.json,30,20,400,1000,6
d18a3c67-0f11-4ccb-a0c5-00f4422d10da,model.options.HGU.cane.30.json,30,20,400,1000,9
4710fb39-c083-4f2d-84fc-0cfb68c16f4a,model.options.HGU.cane.30.json,30,20,400,1000,12
6fd877d5-95c6-4e9e-8b76-5e66f982c74c,model.options.HGU.cane.30.json,30,20,400,1200,3
0521c537-39d1-4b7b-90e8-b1da4058938d,model.options.HGU.cane.30.json,30,20,400,1200,6
4b6c5be2-c004-4b57-b02f-8be1eb0ef453,model.options.HGU.cane.30.json,30,20,400,1200,9
c60c8a00-1e95-4efd-a49a-95398c19414d,model.options.HGU.cane.30.json,30,20,400,1200,12
2eeecc44-f631-41d5-83bb-04b77fc50943,model.options.HGU.cane.30.json,30,20,650,400,3
663a339a-87f7-4f52-b55d-16973ec2efe5,model.options.HGU.cane.30.json,30,20,650,400,6
51354aa1-c21d-4083-bdcb-d180aecd630e,model.options.HGU.cane.30.json,30,20,650,400,9
8c478355-6e84-46da-a739-280abaf6218e,model.options.HGU.cane.30.json,30,20,650,400,12
f9280d8a-e385-4ccb-8b0c-98ff5986eff6,model.options.HGU.cane.30.json,30,20,650,600,3
bece8d5c-d44a-4f96-9a75-0d5c07db7b80,model.options.HGU.cane.30.json,30,20,650,600,6
68d55afa-c4ec-4124-954d-79a2533f8006,model.options.HGU.cane.30.json,30,20,650,600,9
1b84425c-5c1b-4909-93ad-06ee83434da0,model.options.HGU.cane.30.json,30,20,650,600,12
5703ec1b-f4f5-4b4c-8e87-b9bb176458dd,model.options.HGU.cane.30.json,30,20,650,1000,3
06ca1f60-21f0-4825-927b-d5c5cfa92392,model.options.HGU.cane.30.json,30,20,650,1000,6
29ea2a2d-b24e-4386-86ad-67db9987bc94,model.options.HGU.cane.30.json,30,20,650,1000,9
7ce2e0dd-da73-44fe-b396-3c950b3870ed,model.options.HGU.cane.30.json,30,20,650,1000,12
3ab80914-652c-4302-b974-306aa737a65c,model.options.HGU.cane.30.json,30,20,650,1200,3
3f3aa212-00ec-4dea-ad13-802f8df96eb8,model.options.HGU.cane.30.json,30,20,650,1200,6
cd6de78b-d18e-4082-a62b-d9d805ec7473,model.options.HGU.cane.30.json,30,20,650,1200,9
2bb9e97e-27c0-4f12-ac9c-e820f975b4e1,model.options.HGU.cane.30.json,30,20,650,1200,12
1605cd6f-bebe-435b-9242-dbd1180a5a72,model.options.HGU.cane.30.json,30,20,900,400,3
a6926dc9-6ddb-4252-812d-afac8444c6db,model.options.HGU.cane.30.json,30,20,900,400,6
e6ec0bb0-067b-426b-b05f-16c16906032d,model.options.HGU.cane.30.json,30,20,900,400,9
49d141b1-5c2d-47c6-8357-ab6a08bea694,model.options.HGU.cane.30.json,30,20,900,400,12
7dcef175-9174-4146-827d-5551bd2b7d0d,model.options.HGU.cane.30.json,30,20,900,600,3
63bf8f70-0bb5-4c91-a965-2270177d21d3,model.options.HGU.cane.30.json,30,20,900,600,6
e83d5951-5af9-4d55-bc46-3cfb3a8b24af,model.options.HGU.cane.30.json,30,20,900,600,9
b0349e55-3ce2-4683-ac2d-ad4fded959b7,model.options.HGU.cane.30.json,30,20,900,600,12
7c80411c-4a9a-4158-9950-971537a2d2f3,model.options.HGU.cane.30.json,30,20,900,1000,3
7ea11da0-8b65-4d78-96c1-c890675ed5f8,model.options.HGU.cane.30.json,30,20,900,1000,6
d85a8867-0884-484d-a471-220d541c63ce,model.options.HGU.cane.30.json,30,20,900,1000,9
4d0edb5b-caa8-4edb-93b9-dde2fc13a2a2,model.options.HGU.cane.30.json,30,20,900,1000,12
864cb40d-49e2-4fa9-852d-4ac9399c1baf,model.options.HGU.cane.30.json,30,20,900,1200,3
c23b00ed-4634-4a76-a0f4-b211a8a9b1ce,model.options.HGU.cane.30.json,30,20,900,1200,6
fe014e2b-7b97-4563-96fd-adad4eee3205,model.options.HGU.cane.30.json,30,20,900,1200,9
438f43c3-6105-4cff-911c-d2ba8b0ddd2c,model.options.HGU.cane.30.json,30,20,900,1200,12
b62de816-8ec0-453b-91b8-3e0a5f6f8cf1,model.options.HGU.cane.30.json,30,20,1200,400,3
a3882692-ceb5-48bc-828d-fd6430f39f4d,model.options.HGU.cane.30.json,30,20,1200,400,6
72d78a51-fba9-4f88-b5d5-9454f866a4f0,model.options.HGU.cane.30.json,30,20,1200,400,9
9dcbd6d3-310b-479f-afdc-8e5648de01f9,model.options.HGU.cane.30.json,30,20,1200,400,12
0b665d86-40cd-4264-b53f-0245859b1512,model.options.HGU.cane.30.json,30,20,1200,600,3
c711ca23-10bb-46d8-a06e-3714e9efeed3,model.options.HGU.cane.30.json,30,20,1200,600,6
d7201f5e-2335-4c1c-a451-01b7de367725,model.options.HGU.cane.30.json,30,20,1200,600,9
f412eb48-3cb0-481d-bdf3-b9dbe780b60c,model.options.HGU.cane.30.json,30,20,1200,600,12
08f457fe-630c-41b8-a3d9-b2a2da48c3e9,model.options.HGU.cane.30.json,30,20,1200,1000,3
c748176b-559f-43c8-8867-288f92084bba,model.options.HGU.cane.30.json,30,20,1200,1000,6
d5fb784f-ea2b-449e-8855-d4816e4eeb78,model.options.HGU.cane.30.json,30,20,1200,1000,9
a0a34e58-89bd-4a87-b8f5-4361d481f228,model.options.HGU.cane.30.json,30,20,1200,1000,12
8c339158-369d-4fc1-89dc-11c89414f314,model.options.HGU.cane.30.json,30,20,1200,1200,3
4e89d6af-0b45-4104-a9a1-9e7c10c6e5c3,model.options.HGU.cane.30.json,30,20,1200,1200,6
5ab2c718-978e-46fa-8959-3e00dd6ebfc8,model.options.HGU.cane.30.json,30,20,1200,1200,9
5727cc91-3fec-4ed0-b00b-5a6b6545ac74,model.options.HGU.cane.30.json,30,20,1200,1200,12
d2672485-4c24-4da3-b5cd-c0b49344c68b,model.options.HGU.cane.40.json,25,15,400,400,3
06a2e9cb-3366-430f-bb36-7fdb2139f20c,model.options.HGU.cane.40.json,25,15,400,400,6
22b57b35-bc00-428d-98ae-c377043484e1,model.options.HGU.cane.40.json,25,15,400,400,9
a0d81f39-978e-4485-9ad7-dcd9aa26cb5d,model.options.HGU.cane.40.json,25,15,400,400,12
7ffc2143-179e-4e89-9d26-35d67efaebab,model.options.HGU.cane.40.json,25,15,400,600,3
764078d3-9c37-4abf-9971-946388cb4a69,model.options.HGU.cane.40.json,25,15,400,600,6
21a6ed11-c471-4a22-b118-08313af7aa59,model.options.HGU.cane.40.json,25,15,400,600,9
1f0e95c6-e5e3-4cab-bf00-d6fc6a3e53e9,model.options.HGU.cane.40.json,25,15,400,600,12
13508025-7e84-479a-91e9-b8c011989c46,model.options.HGU.cane.40.json,25,15,400,1000,3
189f7236-d349-4f36-8834-f0eda85978dc,model.options.HGU.cane.40.json,25,15,400,1000,6
b8c6c134-7b12-49a6-93e0-4b9531fde411,model.options.HGU.cane.40.json,25,15,400,1000,9
062e1a3b-6b08-44c3-82fd-13879b8c9690,model.options.HGU.cane.40.json,25,15,400,1000,12
dbb463c8-895c-4e6e-ac2d-9a08dcd9acbf,model.options.HGU.cane.40.json,25,15,400,1200,3
8db609b8-64ca-4f23-b3b7-a90548ab3c8c,model.options.HGU.cane.40.json,25,15,400,1200,6
cf658152-8ff3-4e13-8244-6925cf39156b,model.options.HGU.cane.40.json,25,15,400,1200,9
27cae7c6-715e-4b69-8767-97f03b3e8a1a,model.options.HGU.cane.40.json,25,15,400,1200,12
0babc1f0-444d-43fb-807c-6c3912367068,model.options.HGU.cane.40.json,25,15,650,400,3
2152326a-4371-4701-a93a-d71176a1a7b8,model.options.HGU.cane.40.json,25,15,650,400,6
bc6cb825-1cbb-45b9-801c-adb6a79a5559,model.options.HGU.cane.40.json,25,15,650,400,9
3e6af23a-c093-4f6b-8d20-e1a262f20ea0,model.options.HGU.cane.40.json,25,15,650,400,12
a7c2c2e0-c8b3-4788-8dbe-39267c82a215,model.options.HGU.cane.40.json,25,15,650,600,3
a04cf7b8-eacc-41cf-9626-6e8dfa20c462,model.options.HGU.cane.40.json,25,15,650,600,6
61d8ef12-d241-4c78-ab21-c9176a1a256d,model.options.HGU.cane.40.json,25,15,650,600,9
b0402bf6-83f2-49f4-a950-989031e3fe74,model.options.HGU.cane.40.json,25,15,650,600,12
f0a53ef5-1616-4d41-b5ae-f27326ff255e,model.options.HGU.cane.40.json,25,15,650,1000,3
4bb82995-d364-47ae-9115-409037e3ba39,model.options.HGU.cane.40.json,25,15,650,1000,6
5ce46ae4-6a39-49ca-9823-2f37a69bd0e0,model.options.HGU.cane.40.json,25,15,650,1000,9
e44580dc-0058-4c7e-adbb-176ab26100de,model.options.HGU.cane.40.json,25,15,650,1000,12
f5d24176-da75-40a0-b000-2de666b9c630,model.options.HGU.cane.40.json,25,15,650,1200,3
8866ab80-0b8a-4793-b565-1d6d7bb3efc1,model.options.HGU.cane.40.json,25,15,650,1200,6
84a549c1-4831-4255-a1bd-ba2e39d46be4,model.options.HGU.cane.40.json,25,15,650,1200,9
4b660469-3733-4277-a913-3d11f822315d,model.options.HGU.cane.40.json,25,15,650,1200,12
f0a489c5-b12d-4d9b-97b8-7d016a7a3ce4,model.options.HGU.cane.40.json,25,15,900,400,3
ef19b889-051e-4672-9684-0584ff4cf2c8,model.options.HGU.cane.40.json,25,15,900,400,6
a4b8248b-c4e8-4ae2-b882-ab6c6e5ad477,model.options.HGU.cane.40.json,25,15,900,400,9
cc5f8c2e-170e-42d9-bd7c-5675393e518a,model.options.HGU.cane.40.json,25,15,900,400,12
37eba638-7170-43ad-b95c-965df9bea98e,model.options.HGU.cane.40.json,25,15,900,600,3
f5489840-6577-4c58-8b4e-de70d7941cf1,model.options.HGU.cane.40.json,25,15,900,600,6
fdf403bc-1cde-4641-b0ab-2359eb4303c4,model.options.HGU.cane.40.json,25,15,900,600,9
edd8d111-50a1-42be-b833-ea97bfda5d07,model.options.HGU.cane.40.json,25,15,900,600,12
c85cb960-e686-4ba2-b653-8232c62a5e68,model.options.HGU.cane.40.json,25,15,900,1000,3
cac7972d-5e5f-4a45-9b37-e2ba3dc0181c,model.options.HGU.cane.40.json,25,15,900,1000,6
89047543-a324-42b9-be10-c402d51af73e,model.options.HGU.cane.40.json,25,15,900,1000,9
2189fad2-a5c0-4a11-87f6-34c949926e4b,model.options.HGU.cane.40.json,25,15,900,1000,12
fd06d592-994e-4b79-81ef-0c63962d9928,model.options.HGU.cane.40.json,25,15,900,1200,3
345e0edd-b057-4a4a-9a23-a50b5de6a61e,model.options.HGU.cane.40.json,25,15,900,1200,6
f4554cf4-fa07-47bf-827f-12b938bbf47b,model.options.HGU.cane.40.json,25,15,900,1200,9
a0961e4a-bd6a-4eac-8f2e-dbbf38c284d9,model.options.HGU.cane.40.json,25,15,900,1200,12
5d21f497-70ea-49c1-a81d-8a039c06a3b8,model.options.HGU.cane.40.json,25,15,1200,400,3
b24fb865-992d-4f5f-8405-ed6e444d2272,model.options.HGU.cane.40.json,25,15,1200,400,6
b2006a65-5d9e-4c0d-a6aa-b4a7c4a47258,model.options.HGU.cane.40.json,25,15,1200,400,9
ebe21f80-8a4b-4092-a4a5-9883d6732069,model.options.HGU.cane.40.json,25,15,1200,400,12
344a498e-3df7-40f1-ac03-6f99a313a7fe,model.options.HGU.cane.40.json,25,15,1200,600,3
36b723bf-3875-4445-bcb3-5d508c237f48,model.options.HGU.cane.40.json,25,15,1200,600,6
9e3a2cef-1cf3-4e2c-b876-4532fe04c6f3,model.options.HGU.cane.40.json,25,15,1200,600,9
0e73343d-6d67-42c4-abe2-7c5cf99a9b90,model.options.HGU.cane.40.json,25,15,1200,600,12
54598c06-1c09-445d-bdac-28b45152bd39,model.options.HGU.cane.40.json,25,15,1200,1000,3
a118cfc9-d546-4af4-a682-72e0f6ab9fd7,model.options.HGU.cane.40.json,25,15,1200,1000,6
1a0261d7-901f-47cc-9853-6134a3610ef8,model.options.HGU.cane.40.json,25,15,1200,1000,9
4b7268a5-3de1-472c-ae2a-08dbe181ca43,model.options.HGU.cane.40.json,25,15,1200,1000,12
5d9b86dc-799f-47f4-ae71-5b75e06c3c04,model.options.HGU.cane.40.json,25,15,1200,1200,3
0ebb4950-d6fa-445c-9f52-8395b2c45dc7,model.options.HGU.cane.40.json,25,15,1200,1200,6
8a044cf5-684b-468b-ae77-c70f750736db,model.options.HGU.cane.40.json,25,15,1200,1200,9
20c99779-c2ea-4a60-92ad-c69bde186e28,model.options.HGU.cane.40.json,25,15,1200,1200,12
eaa6cefe-6ea3-497d-9322-5dfda8cdecbf,model.options.HGU.cane.40.json,25,20,400,400,3
1c7b4cfd-2df4-4f3f-b429-dd4c70e2a34a,model.options.HGU.cane.40.json,25,20,400,400,6
5ed3434f-f64a-4541-95ad-7c460406c822,model.options.HGU.cane.40.json,25,20,400,400,9
eb98e5cc-cc21-42ad-8e99-11a5b0680323,model.options.HGU.cane.40.json,25,20,400,400,12
80b0bbca-c1db-4853-802a-950f490a5c21,model.options.HGU.cane.40.json,25,20,400,600,3
66297161-31b2-4aba-8eac-ae91193f2884,model.options.HGU.cane.40.json,25,20,400,600,6
ca7d4ad1-76de-4f01-b37e-3c13d44c672c,model.options.HGU.cane.40.json,25,20,400,600,9
a133cc8b-cf1d-4090-985f-ba2ac8349490,model.options.HGU.cane.40.json,25,20,400,600,12
0ca27ed7-a890-49a1-b6d2-93d999aebbb3,model.options.HGU.cane.40.json,25,20,400,1000,3
81db636f-fc3b-46fb-a067-31008e508ee2,model.options.HGU.cane.40.json,25,20,400,1000,6
3db8214d-79cb-4cf5-b222-294f6a5649ba,model.options.HGU.cane.40.json,25,20,400,1000,9
1cb7f6fe-b3ee-453d-b994-659a117cbed0,model.options.HGU.cane.40.json,25,20,400,1000,12
26e5209b-a2fc-43dc-8f85-4eb941457644,model.options.HGU.cane.40.json,25,20,400,1200,3
9907a5c0-4a90-4dcd-84e9-f81001a95644,model.options.HGU.cane.40.json,25,20,400,1200,6
dd4bc485-bc70-42d1-af63-c52ba320753c,model.options.HGU.cane.40.json,25,20,400,1200,9
0355ff31-2181-4ef6-85a1-5aa148884df4,model.options.HGU.cane.40.json,25,20,400,1200,12
02dd78b3-9ffd-43fc-bed2-c800e020a5ff,model.options.HGU.cane.40.json,25,20,650,400,3
e902cef8-d027-48a1-939e-3cc4de0cdc55,model.options.HGU.cane.40.json,25,20,650,400,6
1467f1bd-bbdd-4bc2-b8b4-190c0d4db777,model.options.HGU.cane.40.json,25,20,650,400,9
b5239b81-224b-41bb-8a5d-ede8259b0705,model.options.HGU.cane.40.json,25,20,650,400,12
1d7d49ef-d04b-4d03-bc07-914a1450564b,model.options.HGU.cane.40.json,25,20,650,600,3
5e084379-99e1-4de9-ae04-283a6abd965b,model.options.HGU.cane.40.json,25,20,650,600,6
9b8d24d6-112a-4eb6-bb04-3849e7095d20,model.options.HGU.cane.40.json,25,20,650,600,9
028bab40-d12d-4ee6-b7e7-fe158d44b093,model.options.HGU.cane.40.json,25,20,650,600,12
2839ebbc-ee8e-4eb6-a6bd-baf798b20898,model.options.HGU.cane.40.json,25,20,650,1000,3
9a426e97-397b-4682-86ec-4ba93a768b66,model.options.HGU.cane.40.json,25,20,650,1000,6
70a38efb-52a0-47e9-8586-6dfbf98d97f2,model.options.HGU.cane.40.json,25,20,650,1000,9
83e8175e-aea3-4d4d-93b3-018d38237764,model.options.HGU.cane.40.json,25,20,650,1000,12
ea3a4fac-0099-436b-a07c-ff841deaa172,model.options.HGU.cane.40.json,25,20,650,1200,3
9b4dc44f-6c6f-4c8b-8593-33207baf3cf8,model.options.HGU.cane.40.json,25,20,650,1200,6
785833e1-0610-418e-92ea-b0c827cb8d8e,model.options.HGU.cane.40.json,25,20,650,1200,9
6b023ac9-6449-4b6f-8a84-c6467275fa75,model.options.HGU.cane.40.json,25,20,650,1200,12
0f26cf42-a339-4895-a228-743252de1a55,model.options.HGU.cane.40.json,25,20,900,400,3
78a30dc8-c80f-4da6-a785-6f6fe098d453,model.options.HGU.cane.40.json,25,20,900,400,6
ae3fd58c-82ce-481b-a996-4e52682a6686,model.options.HGU.cane.40.json,25,20,900,400,9
4e38aa7a-8bb0-4cb7-96d2-77b15a731d9d,model.options.HGU.cane.40.json,25,20,900,400,12
07c3a87e-529d-44da-b696-4e0af688781e,model.options.HGU.cane.40.json,25,20,900,600,3
f7c31ca4-594e-4cdb-b6fa-203779ebf52e,model.options.HGU.cane.40.json,25,20,900,600,6
79f2eb1b-03ce-47d6-bb66-4d5ba2c9992d,model.options.HGU.cane.40.json,25,20,900,600,9
36233a65-7610-4f30-ac62-f2747a785e59,model.options.HGU.cane.40.json,25,20,900,600,12
70c99cf6-2e5b-4d5f-be63-74f9253396cb,model.options.HGU.cane.40.json,25,20,900,1000,3
660acd5d-7487-47ce-b099-f7a91b4dfa84,model.options.HGU.cane.40.json,25,20,900,1000,6
e41d8a49-9a01-4e62-8f88-83129cbe6792,model.options.HGU.cane.40.json,25,20,900,1000,9
26e20378-412b-4bcc-9465-8da0d6d825f9,model.options.HGU.cane.40.json,25,20,900,1000,12
e2310499-fc89-4d6c-945e-6da34ff6a981,model.options.HGU.cane.40.json,25,20,900,1200,3
63bd6320-68ea-41db-b418-4c21ec8788bd,model.options.HGU.cane.40.json,25,20,900,1200,6
1497289e-f0f8-42f3-8fba-dd8ee46234d1,model.options.HGU.cane.40.json,25,20,900,1200,9
18df6cfc-1306-4ecc-8ac3-7beaa1a46888,model.options.HGU.cane.40.json,25,20,900,1200,12
9e14d618-0275-49e5-9616-b53abde07672,model.options.HGU.cane.40.json,25,20,1200,400,3
8b34de61-66c6-4dd8-ac8e-d340eeac45da,model.options.HGU.cane.40.json,25,20,1200,400,6
eb4e2747-2ee0-4ecc-8d49-bc19ca565cf8,model.options.HGU.cane.40.json,25,20,1200,400,9
bc9f1977-d4f0-4e82-80d5-a539236a039f,model.options.HGU.cane.40.json,25,20,1200,400,12
0ccb6c34-f320-4732-bc36-0483c63a3ea0,model.options.HGU.cane.40.json,25,20,1200,600,3
c1b54cd2-bacc-4b2b-87ad-4a9724c450c7,model.options.HGU.cane.40.json,25,20,1200,600,6
7be0f699-4125-493c-8303-e96ebdd1138a,model.options.HGU.cane.40.json,25,20,1200,600,9
2539dd3b-4d99-4ed1-9f1b-038a1ae96182,model.options.HGU.cane.40.json,25,20,1200,600,12
ca980153-a348-4dba-8fa3-d67d3daa4fe6,model.options.HGU.cane.40.json,25,20,1200,1000,3
40d19e7d-2b2e-4d58-8461-7fd9edd0e085,model.options.HGU.cane.40.json,25,20,1200,1000,6
365a467f-35ca-4aaf-aabc-31b69f8ae372,model.options.HGU.cane.40.json,25,20,1200,1000,9
f73d6007-0d10-420c-ad0d-af4054a958ae,model.options.HGU.cane.40.json,25,20,1200,1000,12
9536aa87-c498-48fd-b401-13ca6b4cb431,model.options.HGU.cane.40.json,25,20,1200,1200,3
e34f5f9c-7c09-42df-a905-465178a421b7,model.options.HGU.cane.40.json,25,20,1200,1200,6
de6c4045-19e9-43f4-b12e-fe43711c61c9,model.options.HGU.cane.40.json,25,20,1200,1200,9
444e551b-cc04-41f2-a602-b3a0462622dc,model.options.HGU.cane.40.json,25,20,1200,1200,12
ce4a9d07-1578-4a1a-b759-12d10d0e1a31,model.options.HGU.cane.40.json,30,15,400,400,3
ecc4263c-e891-453b-96d7-0fcb0c5bd83e,model.options.HGU.cane.40.json,30,15,400,400,6
cd3b3a14-83d9-4a7a-8a0e-cdf78ccfbc69,model.options.HGU.cane.40.json,30,15,400,400,9
40c3e4aa-59ff-4f1f-84b7-e06d801023b9,model.options.HGU.cane.40.json,30,15,400,400,12
d1094a62-be0a-4882-a3d8-b29cd59b921d,model.options.HGU.cane.40.json,30,15,400,600,3
7c475287-7250-4e49-8c57-f1c5e81acefa,model.options.HGU.cane.40.json,30,15,400,600,6
a5dfcfa4-c225-472b-a10b-3ff98ca3f7f2,model.options.HGU.cane.40.json,30,15,400,600,9
cbbc5117-d836-45db-9562-af81909d5984,model.options.HGU.cane.40.json,30,15,400,600,12
8e90ae9a-6558-42c4-845c-e9cd77019fc0,model.options.HGU.cane.40.json,30,15,400,1000,3
8fd4f59e-97b2-40cb-8bc2-3a918933ea2c,model.options.HGU.cane.40.json,30,15,400,1000,6
552cc3cd-226e-4b11-bfb2-31d1cb34672d,model.options.HGU.cane.40.json,30,15,400,1000,9
d1c675ad-695b-4cb0-a449-244d8abb9551,model.options.HGU.cane.40.json,30,15,400,1000,12
209288e5-a3c3-4414-ac3d-962fe8e30c11,model.options.HGU.cane.40.json,30,15,400,1200,3
331dec6c-7f1a-45f8-983e-7acc83483a3f,model.options.HGU.cane.40.json,30,15,400,1200,6
1beffb5d-5674-4359-89c6-39f630f613aa,model.options.HGU.cane.40.json,30,15,400,1200,9
a790e015-ec35-46b1-bf55-9c1469234b76,model.options.HGU.cane.40.json,30,15,400,1200,12
6a24ffb2-d107-4622-b487-f16af3e8571a,model.options.HGU.cane.40.json,30,15,650,400,3
41d78ffe-f73b-4d5b-ba08-e6f7ba771571,model.options.HGU.cane.40.json,30,15,650,400,6
068ca883-7715-446d-bea7-a243e95d9f0f,model.options.HGU.cane.40.json,30,15,650,400,9
ef259235-ee66-4436-a46c-881e6c6f81be,model.options.HGU.cane.40.json,30,15,650,400,12
f295f353-4ad7-4566-b5b4-ea02c81a88a4,model.options.HGU.cane.40.json,30,15,650,600,3
299a15a9-b194-4d7d-8256-eb8643910df0,model.options.HGU.cane.40.json,30,15,650,600,6
6575fe99-d739-403a-987b-2e8256380f80,model.options.HGU.cane.40.json,30,15,650,600,9
544b1ca9-f600-4867-b2fd-f032e790b46d,model.options.HGU.cane.40.json,30,15,650,600,12
ffabfdd5-d7eb-4173-ad4e-603417bbdcdb,model.options.HGU.cane.40.json,30,15,650,1000,3
577eaf0a-e99a-4680-9762-d0c8054ce546,model.options.HGU.cane.40.json,30,15,650,1000,6
2e503c53-d504-4b56-af17-8714e1712bee,model.options.HGU.cane.40.json,30,15,650,1000,9
2b52d26e-83ed-4b80-9d32-8343073b4811,model.options.HGU.cane.40.json,30,15,650,1000,12
03f20a07-de64-4bed-aa0f-52c1e9ec9c96,model.options.HGU.cane.40.json,30,15,650,1200,3
be54cb28-9acc-4d68-bb38-43601b13fd9d,model.options.HGU.cane.40.json,30,15,650,1200,6
b71914bb-1186-426c-bba9-d416fbffeb3e,model.options.HGU.cane.40.json,30,15,650,1200,9
0197f44d-a184-466d-80ad-1cf54eec035c,model.options.HGU.cane.40.json,30,15,650,1200,12
8103b6c4-a0e7-486c-a633-b0fb8b5b5a18,model.options.HGU.cane.40.json,30,15,900,400,3
07b5f844-0809-42d5-a3d8-66fd64842df2,model.options.HGU.cane.40.json,30,15,900,400,6
40c10e0f-db55-4843-99aa-3e561e8dcecf,model.options.HGU.cane.40.json,30,15,900,400,9
0177f0f0-07ef-4f72-b564-927dcdcc203e,model.options.HGU.cane.40.json,30,15,900,400,12
c81d7d05-fb3d-494d-98ed-f342bf672524,model.options.HGU.cane.40.json,30,15,900,600,3
ef4be80b-092a-4d2c-a3cd-57189c44d4f9,model.options.HGU.cane.40.json,30,15,900,600,6
b2aa880e-00f5-457f-85a3-d08005277bc5,model.options.HGU.cane.40.json,30,15,900,600,9
d8490aa1-b71e-495f-af3c-21b1148662f1,model.options.HGU.cane.40.json,30,15,900,600,12
ac6f857c-5fa9-4632-97c4-abcd17567564,model.options.HGU.cane.40.json,30,15,900,1000,3
f705526a-7e17-466c-baa2-c37922a69efa,model.options.HGU.cane.40.json,30,15,900,1000,6
409aa83d-76b7-474c-95a4-6c8c7d52a149,model.options.HGU.cane.40.json,30,15,900,1000,9
3eb48cc1-f91a-40c9-9df4-5895661bb149,model.options.HGU.cane.40.json,30,15,900,1000,12
f7a5904b-43fa-4250-915c-98fe901ad3cf,model.options.HGU.cane.40.json,30,15,900,1200,3
3563c0e3-e8c6-464e-af02-933321e05f8c,model.options.HGU.cane.40.json,30,15,900,1200,6
8452d883-08d1-4f84-81f9-83abec558c01,model.options.HGU.cane.40.json,30,15,900,1200,9
9d3e4c82-fe8b-4d41-a84d-bb0717e980da,model.options.HGU.cane.40.json,30,15,900,1200,12
7d6f3f87-5831-464a-b307-674f5051609e,model.options.HGU.cane.40.json,30,15,1200,400,3
d8034842-7892-4955-8f43-e250e9f66a5c,model.options.HGU.cane.40.json,30,15,1200,400,6
f33ddc03-21fe-49ff-820f-0a2000d39de2,model.options.HGU.cane.40.json,30,15,1200,400,9
719e3f29-6b12-4a9d-8614-d940674dec2a,model.options.HGU.cane.40.json,30,15,1200,400,12
e25e3938-3a21-4368-8bf3-eedb5bbc91ce,model.options.HGU.cane.40.json,30,15,1200,600,3
be390c99-7770-4da4-aa4a-d6aaa894159d,model.options.HGU.cane.40.json,30,15,1200,600,6
7f578283-a54d-4af4-b755-69e259862e1f,model.options.HGU.cane.40.json,30,15,1200,600,9
324ae3d6-a219-48db-83e0-17ecb2e920f2,model.options.HGU.cane.40.json,30,15,1200,600,12
2e6d797d-3d58-4638-ba8a-a1189e1f2e53,model.options.HGU.cane.40.json,30,15,1200,1000,3
88118a99-0d21-4c28-ba9f-2cef4e9ca780,model.options.HGU.cane.40.json,30,15,1200,1000,6
678092da-bc59-4107-9bcb-427ae880392f,model.options.HGU.cane.40.json,30,15,1200,1000,9
13c27970-f2f1-40bd-850f-8a2ea4be4c15,model.options.HGU.cane.40.json,30,15,1200,1000,12
c76cdaca-6dee-4627-bac2-e331fcc9de8a,model.options.HGU.cane.40.json,30,15,1200,1200,3
0efa6b5e-ccf4-4493-b2b0-b89551c4df01,model.options.HGU.cane.40.json,30,15,1200,1200,6
ed607132-394f-4741-89ba-801577c80240,model.options.HGU.cane.40.json,30,15,1200,1200,9
b37660dd-f8d2-4e07-85cd-7bae3a37dfb4,model.options.HGU.cane.40.json,30,15,1200,1200,12
f9fb71ff-0c0c-478e-95d2-7ee916764c8b,model.options.HGU.cane.40.json,30,20,400,400,3
90b85fbc-e7de-49b2-b6ae-9f70c4c22516,model.options.HGU.cane.40.json,30,20,400,400,6
81f87258-0497-4d25-9dae-7f118e9a21c7,model.options.HGU.cane.40.json,30,20,400,400,9
5ac6b9b7-3770-4bce-8d38-de056120dba8,model.options.HGU.cane.40.json,30,20,400,400,12
0b90e7b9-4261-4ce3-a9ed-ad2e124ca39a,model.options.HGU.cane.40.json,30,20,400,600,3
ae1cd92d-f958-4d96-9846-23825fbb015e,model.options.HGU.cane.40.json,30,20,400,600,6
ffef5924-0104-4f70-9f50-8f65b9dab3bb,model.options.HGU.cane.40.json,30,20,400,600,9
9e8344a5-331c-4deb-a76d-16a939473698,model.options.HGU.cane.40.json,30,20,400,600,12
5ba824d8-55b1-47b0-9973-7b30899e7329,model.options.HGU.cane.40.json,30,20,400,1000,3
89eeb51d-5b24-4461-9ef7-261515cf500c,model.options.HGU.cane.40.json,30,20,400,1000,6
a3b4ee48-e870-4d18-9efb-971744b63fb1,model.options.HGU.cane.40.json,30,20,400,1000,9
f6d5ee80-c13a-4ffe-886b-ae3df550093e,model.options.HGU.cane.40.json,30,20,400,1000,12
732fb84b-2957-4e7e-aa76-347e7bf44f3c,model.options.HGU.cane.40.json,30,20,400,1200,3
bbf34297-ea2c-494a-bdaa-55c40820a57b,model.options.HGU.cane.40.json,30,20,400,1200,6
29f97409-99a2-4a4e-8f04-ecff30344449,model.options.HGU.cane.40.json,30,20,400,1200,9
b4152034-c653-45d7-b755-64f16184bc3e,model.options.HGU.cane.40.json,30,20,400,1200,12
f52d1376-e057-49b4-acfc-e103155fc5b8,model.options.HGU.cane.40.json,30,20,650,400,3
e36d83d3-6102-45fb-b567-3ce95c750110,model.options.HGU.cane.40.json,30,20,650,400,6
df2bde7c-1597-4656-859c-17d04d49ec17,model.options.HGU.cane.40.json,30,20,650,400,9
ef4f7222-610f-450b-94eb-93b98b6d5f32,model.options.HGU.cane.40.json,30,20,650,400,12
99a95e48-8077-439e-a217-1ff3cd3e7cf8,model.options.HGU.cane.40.json,30,20,650,600,3
248800e4-ebcf-4d5c-bd18-a377bcf44b13,model.options.HGU.cane.40.json,30,20,650,600,6
6b281025-a8ab-43e0-8c47-f3026a91b87e,model.options.HGU.cane.40.json,30,20,650,600,9
0ba8bfe6-0335-4d1f-a271-bfa0f61313b3,model.options.HGU.cane.40.json,30,20,650,600,12
1bc43654-cbba-4272-a458-196b2a49a500,model.options.HGU.cane.40.json,30,20,650,1000,3
bdd88061-f066-4dff-aac4-fe6ed47cfffb,model.options.HGU.cane.40.json,30,20,650,1000,6
5d6c5fa4-0af7-453b-8403-f924ed2e7d4d,model.options.HGU.cane.40.json,30,20,650,1000,9
542ec415-676a-4868-a167-c1c4bb6f648a,model.options.HGU.cane.40.json,30,20,650,1000,12
b32af566-a8bd-4e2b-9c77-c9ed660e2e66,model.options.HGU.cane.40.json,30,20,650,1200,3
4cd78e3c-0bc9-4d23-bfc8-a0fdb6e9c0ff,model.options.HGU.cane.40.json,30,20,650,1200,6
3ba36429-688b-4df0-ae0e-4eaa48039119,model.options.HGU.cane.40.json,30,20,650,1200,9
f5581f10-33e5-4d33-b921-85792f7dc81c,model.options.HGU.cane.40.json,30,20,650,1200,12
4969d686-cb33-418c-adbc-2d8e0d3c1da5,model.options.HGU.cane.40.json,30,20,900,400,3
f0a2a752-7591-4de6-9948-427cdf961f08,model.options.HGU.cane.40.json,30,20,900,400,6
a9ba34c7-a2f5-4ef5-a092-8733d8e3ae6a,model.options.HGU.cane.40.json,30,20,900,400,9
ce6707ab-8425-4ac6-ad1e-a4bb27e8c746,model.options.HGU.cane.40.json,30,20,900,400,12
6d9d95b4-4bf1-413f-be9f-b1faf909dd6c,model.options.HGU.cane.40.json,30,20,900,600,3
fbbb12eb-d563-43c1-ba7a-f2c0eedb0668,model.options.HGU.cane.40.json,30,20,900,600,6
d4fdf717-7405-44b8-8346-608f72e71983,model.options.HGU.cane.40.json,30,20,900,600,9
50bcad26-1d62-42db-88c3-666af655f255,model.options.HGU.cane.40.json,30,20,900,600,12
d8510f03-01b2-45df-b8d3-5dd7d0cbea00,model.options.HGU.cane.40.json,30,20,900,1000,3
941cffd6-d7da-458c-b0b9-8bcf5e7edc47,model.options.HGU.cane.40.json,30,20,900,1000,6
9adca9d1-a301-485b-b3c3-5a595651f76b,model.options.HGU.cane.40.json,30,20,900,1000,9
28404b84-faaf-4f73-b2a1-58089b90e7ec,model.options.HGU.cane.40.json,30,20,900,1000,12
3b25b2e8-1c9e-4dee-8145-f4439db132ad,model.options.HGU.cane.40.json,30,20,900,1200,3
fbe094c5-c0aa-4b02-9e30-6b638f9b42cb,model.options.HGU.cane.40.json,30,20,900,1200,6
8e84119e-4450-430f-a492-cef19d74bdf1,model.options.HGU.cane.40.json,30,20,900,1200,9
8aaa551c-906c-434d-a0d8-0c94df0a336b,model.options.HGU.cane.40.json,30,20,900,1200,12
81aa18c6-1d2a-4288-98b4-8b572c1b37ff,model.options.HGU.cane.40.json,30,20,1200,400,3
0f5cb319-2dda-4258-9f01-1968bb9692ac,model.options.HGU.cane.40.json,30,20,1200,400,6
72950841-b140-4d3b-aaa6-675b66e215e0,model.options.HGU.cane.40.json,30,20,1200,400,9
283554df-de57-4dc8-bf1d-18a0ae0861fd,model.options.HGU.cane.40.json,30,20,1200,400,12
5bfdfb68-c966-40b0-bdb5-c48482a8c0c3,model.options.HGU.cane.40.json,30,20,1200,600,3
42691e9c-aae3-446d-8500-288a0179cda5,model.options.HGU.cane.40.json,30,20,1200,600,6
ab33782c-420d-4b33-8676-10283b136e88,model.options.HGU.cane.40.json,30,20,1200,600,9
d994df00-ac4b-45c8-b0d1-bdc78d7dc73e,model.options.HGU.cane.40.json,30,20,1200,600,12
9a18fb4b-5962-42bf-bf0f-2d7c03b7f576,model.options.HGU.cane.40.json,30,20,1200,1000,3
caeabe80-b79e-46ca-9bad-d50cd2c43947,model.options.HGU.cane.40.json,30,20,1200,1000,6
e070abfa-8c12-4cd3-9508-0bab88306ce9,model.options.HGU.cane.40.json,30,20,1200,1000,9
b10f93d7-d771-4202-966f-23162fe63d0c,model.options.HGU.cane.40.json,30,20,1200,1000,12
5681b1cd-7e50-43fe-bf06-71c469d93e53,model.options.HGU.cane.40.json,30,20,1200,1200,3
dfcb349e-6340-414e-bc6d-e451c756ac0e,model.options.HGU.cane.40.json,30,20,1200,1200,6
5c4e920c-0842-410e-9dbf-c475bfa944e1,model.options.HGU.cane.40.json,30,20,1200,1200,9
1af82d1c-7544-4515-bce1-b0fff3abd077,model.options.HGU.cane.40.json,30,20,1200,1200,12
b83ea26d-9c9a-43df-8039-8ea8022b2391,model.options.HGU.cane.50.json,25,15,400,400,3
35097e2f-cebc-46c0-a522-a510e7c4359c,model.options.HGU.cane.50.json,25,15,400,400,6
3a841e12-9d7e-4ae1-a785-fb9b309b7b4e,model.options.HGU.cane.50.json,25,15,400,400,9
10b27b44-d808-4fd9-8b40-b17bdf3813ae,model.options.HGU.cane.50.json,25,15,400,400,12
09ddf049-fd09-4cd2-800b-ae6aa7c498c5,model.options.HGU.cane.50.json,25,15,400,600,3
f5790262-5620-42cf-a78b-913f0f27daaf,model.options.HGU.cane.50.json,25,15,400,600,6
c0c10758-26d7-4747-bcfd-f03bbd7a8450,model.options.HGU.cane.50.json,25,15,400,600,9
2d3a489f-63be-4489-98bc-93f033711d05,model.options.HGU.cane.50.json,25,15,400,600,12
5286cf64-bca9-48d5-bbc1-930917dc6475,model.options.HGU.cane.50.json,25,15,400,1000,3
d3fd8809-d708-4c0e-b178-818ee341e981,model.options.HGU.cane.50.json,25,15,400,1000,6
5252564c-7bf8-4863-bcfb-32b1f7ededfd,model.options.HGU.cane.50.json,25,15,400,1000,9
ba2fea12-132d-482b-9752-adae643bc01a,model.options.HGU.cane.50.json,25,15,400,1000,12
8619987a-6326-4a01-b321-34f0440d81dd,model.options.HGU.cane.50.json,25,15,400,1200,3
9414b155-b141-49d5-8e3a-5869ec7bfbf1,model.options.HGU.cane.50.json,25,15,400,1200,6
33a21f63-0ee4-4284-bbec-d0f8537f2e36,model.options.HGU.cane.50.json,25,15,400,1200,9
5fad170f-51a9-4ba1-b2cd-7057435d04b8,model.options.HGU.cane.50.json,25,15,400,1200,12
c1a15f2d-196f-45dd-ba11-5a9d95641205,model.options.HGU.cane.50.json,25,15,650,400,3
dcbbe9c3-0ec2-4361-89da-5d3e7f553f81,model.options.HGU.cane.50.json,25,15,650,400,6
504b0cd6-15a5-4c0f-a26e-01a493ca3c93,model.options.HGU.cane.50.json,25,15,650,400,9
8a121cf5-bf83-497f-9f68-9614a48c33fe,model.options.HGU.cane.50.json,25,15,650,400,12
e31081d7-0cf6-48da-a4c0-5aa04e24a95b,model.options.HGU.cane.50.json,25,15,650,600,3
08df069d-0098-4d08-8d8c-15c01b0f3dec,model.options.HGU.cane.50.json,25,15,650,600,6
667bc336-367f-46aa-82d2-719bcff65d83,model.options.HGU.cane.50.json,25,15,650,600,9
5d58b7aa-152c-4cad-8ec0-49cbf5566738,model.options.HGU.cane.50.json,25,15,650,600,12
4672f314-e944-467c-8c98-f9e33c670c5b,model.options.HGU.cane.50.json,25,15,650,1000,3
b1f762eb-0a48-41d7-bdb7-d9a99f1c97fd,model.options.HGU.cane.50.json,25,15,650,1000,6
f1506589-39c9-45b6-9a57-08d2d388b0c2,model.options.HGU.cane.50.json,25,15,650,1000,9
49bc8dac-753c-432f-803a-2366e5da3776,model.options.HGU.cane.50.json,25,15,650,1000,12
50af3142-92df-495c-9031-3cf6225f2d2f,model.options.HGU.cane.50.json,25,15,650,1200,3
561de9d3-19ae-426b-aeb7-2c4432943d6a,model.options.HGU.cane.50.json,25,15,650,1200,6
40014eb1-8646-47bd-b2c5-f5a03ed54b9e,model.options.HGU.cane.50.json,25,15,650,1200,9
2c1eb8f7-3a74-463b-8170-b2d45a569f93,model.options.HGU.cane.50.json,25,15,650,1200,12
b2d89384-24c3-457c-b00f-fe71139fb8e7,model.options.HGU.cane.50.json,25,15,900,400,3
62c6349a-f6d3-4712-a519-78797c7bfe6b,model.options.HGU.cane.50.json,25,15,900,400,6
cc560cf7-0575-41f2-901c-4182e3c1b661,model.options.HGU.cane.50.json,25,15,900,400,9
0223b0f1-0dbf-45c6-8e10-4e6f45afb26c,model.options.HGU.cane.50.json,25,15,900,400,12
4eaaeab9-46ab-475e-8724-b7dc19c65210,model.options.HGU.cane.50.json,25,15,900,600,3
616dee2f-bddb-4259-bd5e-20de40c55c89,model.options.HGU.cane.50.json,25,15,900,600,6
3b261e85-e690-43e2-82b8-fc1dd1590f87,model.options.HGU.cane.50.json,25,15,900,600,9
6ca3326c-e139-4d9b-a8f0-bd826370f14a,model.options.HGU.cane.50.json,25,15,900,600,12
f5fec710-ac82-41bc-9032-1559261eefec,model.options.HGU.cane.50.json,25,15,900,1000,3
da038c7a-929a-4495-b5ec-5be6a99eb76f,model.options.HGU.cane.50.json,25,15,900,1000,6
7c528dd1-3a47-4119-8119-c158db97c0ad,model.options.HGU.cane.50.json,25,15,900,1000,9
c33f146e-f074-4975-bec0-4d23e8801a1e,model.options.HGU.cane.50.json,25,15,900,1000,12
effebb8f-e838-43b9-b26e-8ce460e40375,model.options.HGU.cane.50.json,25,15,900,1200,3
1f03fe21-f5d3-4e13-a17d-194d2593951a,model.options.HGU.cane.50.json,25,15,900,1200,6
facc1ef1-2c91-410b-b2cd-3bef13aadc08,model.options.HGU.cane.50.json,25,15,900,1200,9
6d0e5976-8eaf-4cce-8885-fb3e5cb2e225,model.options.HGU.cane.50.json,25,15,900,1200,12
23aaee56-a3f6-49e9-bc1e-b428d3edbec7,model.options.HGU.cane.50.json,25,15,1200,400,3
1ef1dcfc-20cb-4f55-bd9d-29af57ad934f,model.options.HGU.cane.50.json,25,15,1200,400,6
514c8d7d-ebc6-414b-81ca-63fc6e291fd6,model.options.HGU.cane.50.json,25,15,1200,400,9
9108b49f-b980-499d-826e-1bd58f5e475a,model.options.HGU.cane.50.json,25,15,1200,400,12
727ed58a-eca2-4984-9ff0-ddeb40ea7fd8,model.options.HGU.cane.50.json,25,15,1200,600,3
144b90f1-bce8-439c-ad9c-f4ff53549ba8,model.options.HGU.cane.50.json,25,15,1200,600,6
ebb9c1c3-673f-4960-a7a3-a4fe4b4304ee,model.options.HGU.cane.50.json,25,15,1200,600,9
38bb546e-ae90-4752-946c-58924877e6c5,model.options.HGU.cane.50.json,25,15,1200,600,12
ec620598-13d0-4941-b93c-f77ca52ace84,model.options.HGU.cane.50.json,25,15,1200,1000,3
6dd6d93a-0868-4fd6-b5f8-2a2f887a3b04,model.options.HGU.cane.50.json,25,15,1200,1000,6
adf2063e-58a7-4d07-a659-10b2db58cc37,model.options.HGU.cane.50.json,25,15,1200,1000,9
9a98c130-1801-4b57-bc86-208a086a46d4,model.options.HGU.cane.50.json,25,15,1200,1000,12
0b3057ca-2c7d-4690-8adf-1cf29f6fd871,model.options.HGU.cane.50.json,25,15,1200,1200,3
468cc6c2-c943-4576-87f7-ef863861fed0,model.options.HGU.cane.50.json,25,15,1200,1200,6
10fc3c20-57b9-4460-9754-bc42431aa887,model.options.HGU.cane.50.json,25,15,1200,1200,9
f1921995-a64f-4806-a314-003b83a05604,model.options.HGU.cane.50.json,25,15,1200,1200,12
7293b26c-dddb-4bbe-913e-77260636f6da,model.options.HGU.cane.50.json,25,20,400,400,3
fc3d0ac4-d531-41e7-b4e1-b6b4221cfe6f,model.options.HGU.cane.50.json,25,20,400,400,6
3343c237-d443-4554-b975-e4d1168c2f9b,model.options.HGU.cane.50.json,25,20,400,400,9
69d4214e-26ff-4eff-847b-344d12a0f513,model.options.HGU.cane.50.json,25,20,400,400,12
3fcb9d88-6038-40d3-83dd-1e77efb6aabd,model.options.HGU.cane.50.json,25,20,400,600,3
b837483a-45dd-4337-a5f9-c21c7d94031d,model.options.HGU.cane.50.json,25,20,400,600,6
65bda9a2-c668-408e-a28d-908d8b8b1566,model.options.HGU.cane.50.json,25,20,400,600,9
e6bf83c2-08da-4deb-9fb2-9e5e26556b15,model.options.HGU.cane.50.json,25,20,400,600,12
78aa7ece-1fea-41e2-a73e-899def5999ad,model.options.HGU.cane.50.json,25,20,400,1000,3
6fd81842-aa84-4341-a1f5-6728fd3f4b38,model.options.HGU.cane.50.json,25,20,400,1000,6
efdced3a-63f8-4758-bfe6-f64861a9820c,model.options.HGU.cane.50.json,25,20,400,1000,9
22a95549-3d00-409b-9c24-ba7179100e18,model.options.HGU.cane.50.json,25,20,400,1000,12
fa6fc237-ef24-46c6-bac5-7e01e54c3f2c,model.options.HGU.cane.50.json,25,20,400,1200,3
5ecbd28d-cbab-42d4-ab9f-396ca1202160,model.options.HGU.cane.50.json,25,20,400,1200,6
ec5f93c9-d78d-49e9-bda9-cd5346d84e8f,model.options.HGU.cane.50.json,25,20,400,1200,9
d3f909ed-296c-4f67-8723-8b82a01ca028,model.options.HGU.cane.50.json,25,20,400,1200,12
c2d0b0fe-d91f-4224-842a-dc49530b7284,model.options.HGU.cane.50.json,25,20,650,400,3
82bba30b-1fb5-422f-85bc-f267acacefd2,model.options.HGU.cane.50.json,25,20,650,400,6
5afca18d-e9c7-4b58-ade9-d72d09270654,model.options.HGU.cane.50.json,25,20,650,400,9
be6cb5a6-47fb-4741-a3d1-e222440e16e8,model.options.HGU.cane.50.json,25,20,650,400,12
6c048efc-81bc-43cd-bdd7-efc1aa8186c9,model.options.HGU.cane.50.json,25,20,650,600,3
664d4601-36c4-475a-b836-f53f37919053,model.options.HGU.cane.50.json,25,20,650,600,6
afac5045-2fa0-4ac8-ae36-cc1cea081d90,model.options.HGU.cane.50.json,25,20,650,600,9
1ac7b320-3962-4670-ba58-b18f02f9439f,model.options.HGU.cane.50.json,25,20,650,600,12
8c65f428-9d30-4bc6-8b99-29ffbee00564,model.options.HGU.cane.50.json,25,20,650,1000,3
e7c68f35-6ed1-41c6-9bfe-9a8057cf8ed3,model.options.HGU.cane.50.json,25,20,650,1000,6
5df06356-15fc-4256-a0d5-45c9ba8002eb,model.options.HGU.cane.50.json,25,20,650,1000,9
475eb840-c74a-4940-95b0-2d688a16b348,model.options.HGU.cane.50.json,25,20,650,1000,12
2f6bc440-7553-47d7-a7a8-bb9aa794827e,model.options.HGU.cane.50.json,25,20,650,1200,3
2b670a9e-6a24-40b0-a1dc-b03e360d5fbf,model.options.HGU.cane.50.json,25,20,650,1200,6
456d3aa8-01e5-4157-b4f6-94ee103f1eaa,model.options.HGU.cane.50.json,25,20,650,1200,9
980f1ec3-67dd-4395-ac9a-8cc7e76b11ce,model.options.HGU.cane.50.json,25,20,650,1200,12
3fd5cd51-5e32-475e-8250-522415a5350f,model.options.HGU.cane.50.json,25,20,900,400,3
256b8be4-8989-46c1-9006-42d5ea1929a5,model.options.HGU.cane.50.json,25,20,900,400,6
d004df9e-22f1-4105-a7a7-07e330383b78,model.options.HGU.cane.50.json,25,20,900,400,9
a13c2c08-6af0-4289-a78e-827f44dfdd03,model.options.HGU.cane.50.json,25,20,900,400,12
11f0ed43-add1-4d3f-aef2-35bc8456dbc1,model.options.HGU.cane.50.json,25,20,900,600,3
2085ba81-58d1-424b-85ec-310f388c7c6e,model.options.HGU.cane.50.json,25,20,900,600,6
46521b78-73c4-41ab-8a1a-44d7388ea448,model.options.HGU.cane.50.json,25,20,900,600,9
54a790d5-6c7f-4acc-95ab-aa1329009263,model.options.HGU.cane.50.json,25,20,900,600,12
ea5ded33-d0fb-4aee-8fc7-eb7d6f999ab7,model.options.HGU.cane.50.json,25,20,900,1000,3
03765ad8-3aff-426d-b8ba-88196a04e83c,model.options.HGU.cane.50.json,25,20,900,1000,6
3e296f07-e9df-4672-af17-42ebe0061c5c,model.options.HGU.cane.50.json,25,20,900,1000,9
2e0bf6cc-6bbb-4d91-90ee-d0c8534c1c7e,model.options.HGU.cane.50.json,25,20,900,1000,12
ceba6a4c-eceb-4bdd-9b95-8f7905ac321f,model.options.HGU.cane.50.json,25,20,900,1200,3
ef437a77-305d-41b7-b25b-bf775b615d54,model.options.HGU.cane.50.json,25,20,900,1200,6
22f07b3d-f4f4-43fe-a389-0ec139430d58,model.options.HGU.cane.50.json,25,20,900,1200,9
86f925e9-26ee-4dca-9172-561944a98c15,model.options.HGU.cane.50.json,25,20,900,1200,12
b1b30601-8c6a-47ad-9053-c0cd9b6d2292,model.options.HGU.cane.50.json,25,20,1200,400,3
f684499a-4887-44bf-9700-0f9b474d58f6,model.options.HGU.cane.50.json,25,20,1200,400,6
0f2c6a17-4c82-49f6-9fad-d75a6d9dbfd1,model.options.HGU.cane.50.json,25,20,1200,400,9
d0034797-ae43-401d-8c4c-aa474af14362,model.options.HGU.cane.50.json,25,20,1200,400,12
bf55a091-cf22-43a4-942c-0c7352aff303,model.options.HGU.cane.50.json,25,20,1200,600,3
6ca77b74-c2a5-4334-ad61-a537a814df76,model.options.HGU.cane.50.json,25,20,1200,600,6
e0bc436f-6d4f-41fa-b952-125f923b5af2,model.options.HGU.cane.50.json,25,20,1200,600,9
acd7d3b0-050b-49e8-964a-000a1d87088b,model.options.HGU.cane.50.json,25,20,1200,600,12
1090a679-f52c-405b-b864-340b4926e100,model.options.HGU.cane.50.json,25,20,1200,1000,3
dc64a6dd-23a1-4481-a021-afa5e61b71c7,model.options.HGU.cane.50.json,25,20,1200,1000,6
ec449d9c-4570-458d-950d-0bff7cb44fd3,model.options.HGU.cane.50.json,25,20,1200,1000,9
020d44c1-0ec6-4206-8a4c-7bcfcf8af3b8,model.options.HGU.cane.50.json,25,20,1200,1000,12
e4485822-e4b2-43d4-9b6a-4fc0ddf5bf1b,model.options.HGU.cane.50.json,25,20,1200,1200,3
e958ffc6-5e79-450d-af0b-9f50eb6b8271,model.options.HGU.cane.50.json,25,20,1200,1200,6
99ed2d2a-2797-47f8-bd5b-60a8103676f3,model.options.HGU.cane.50.json,25,20,1200,1200,9
506c38ba-9ea4-4ed6-917f-267c71bd6344,model.options.HGU.cane.50.json,25,20,1200,1200,12
5206ce1f-595d-4a1b-aece-7beb9e6d6086,model.options.HGU.cane.50.json,30,15,400,400,3
f28ed3f7-6307-4151-a4b0-82bc3c8d7c43,model.options.HGU.cane.50.json,30,15,400,400,6
cb919636-03c1-4383-9ccb-8cfbc0890f2b,model.options.HGU.cane.50.json,30,15,400,400,9
2e29a0b2-57ab-4919-be8b-a6f73464adf9,model.options.HGU.cane.50.json,30,15,400,400,12
d1d424bd-90d3-4df5-9944-c14eecdd2d9d,model.options.HGU.cane.50.json,30,15,400,600,3
daa4ec89-4b3d-4d4f-85f4-2b734cf051df,model.options.HGU.cane.50.json,30,15,400,600,6
afd1889f-16b3-47a1-87a7-e94126571dba,model.options.HGU.cane.50.json,30,15,400,600,9
1a6a4d76-4ed7-40af-a165-f54927696c0e,model.options.HGU.cane.50.json,30,15,400,600,12
a3a6da3b-1100-4e24-888f-b990a19d1ed8,model.options.HGU.cane.50.json,30,15,400,1000,3
ad641f45-3659-4470-9c63-1eb779ff605b,model.options.HGU.cane.50.json,30,15,400,1000,6
fe6c93cd-720b-40f2-88a0-248c2a5de651,model.options.HGU.cane.50.json,30,15,400,1000,9
6d6bbf06-be45-46ca-ac53-5d2aeb16cd50,model.options.HGU.cane.50.json,30,15,400,1000,12
53173d3c-a885-4f42-a836-3ab4d808dbc2,model.options.HGU.cane.50.json,30,15,400,1200,3
4624b2b9-1c28-45a2-a676-ac6f0ea6b2d3,model.options.HGU.cane.50.json,30,15,400,1200,6
c7a9cc3a-2366-4d89-bdb1-c6a6785d6e1d,model.options.HGU.cane.50.json,30,15,400,1200,9
851f4004-08dd-45b0-b1d1-09fbaed1cd2d,model.options.HGU.cane.50.json,30,15,400,1200,12
5a43288e-cb46-4494-8f91-288727089d19,model.options.HGU.cane.50.json,30,15,650,400,3
cabc2559-ff96-4ae8-9026-419caf5ed902,model.options.HGU.cane.50.json,30,15,650,400,6
b99f8151-b09d-45f7-a590-57dacabae499,model.options.HGU.cane.50.json,30,15,650,400,9
39e043d6-d5b7-4ac6-8b39-9c7e1f672384,model.options.HGU.cane.50.json,30,15,650,400,12
ba8e2dea-c60e-4cd3-9013-d7c883a0a5ad,model.options.HGU.cane.50.json,30,15,650,600,3
2053a7aa-fc0b-4a18-ad74-c09aa1da057c,model.options.HGU.cane.50.json,30,15,650,600,6
91bbdae9-e45f-4513-a522-bb21c9b20579,model.options.HGU.cane.50.json,30,15,650,600,9
50ba2c27-a080-4ccb-888d-3179ecf78147,model.options.HGU.cane.50.json,30,15,650,600,12
ca754c3f-a297-4ef7-8a81-6c0ac85b6a6f,model.options.HGU.cane.50.json,30,15,650,1000,3
f5eab177-d4f5-4933-aab7-ad1c500d80e8,model.options.HGU.cane.50.json,30,15,650,1000,6
3ea338de-f349-4d8b-a999-6e1a7822f17e,model.options.HGU.cane.50.json,30,15,650,1000,9
36636d38-cb4e-4c08-bc1f-c4f88c7ed3a0,model.options.HGU.cane.50.json,30,15,650,1000,12
a17a4fe5-f9e3-4ac6-9611-ad2c70865d72,model.options.HGU.cane.50.json,30,15,650,1200,3
0e3b24fb-6432-4137-840b-de247ba9747c,model.options.HGU.cane.50.json,30,15,650,1200,6
d25240a1-f419-4c3a-9c8c-e054dc9cd99a,model.options.HGU.cane.50.json,30,15,650,1200,9
e1e8bd05-b51b-450d-8162-8c7de75e616b,model.options.HGU.cane.50.json,30,15,650,1200,12
8e5597e7-bcb7-4895-9942-39c574049d46,model.options.HGU.cane.50.json,30,15,900,400,3
87d90ff5-f17d-43dd-a672-9e02e64fc436,model.options.HGU.cane.50.json,30,15,900,400,6
2ad9e97f-ab96-4060-a98e-b28fc23159ec,model.options.HGU.cane.50.json,30,15,900,400,9
a6252b46-c8f8-4b94-8181-c732b1ef170f,model.options.HGU.cane.50.json,30,15,900,400,12
8c39452b-4633-46b2-a6c9-48ff397ab736,model.options.HGU.cane.50.json,30,15,900,600,3
14f5dd6d-d54a-4a30-a76f-eebf66e43434,model.options.HGU.cane.50.json,30,15,900,600,6
97509901-bd89-4f55-a203-78c0bb067ec7,model.options.HGU.cane.50.json,30,15,900,600,9
718fe39a-4430-4341-939d-139a1812ceff,model.options.HGU.cane.50.json,30,15,900,600,12
aae5a4dd-f93d-4c1d-ad4e-3c05d11f7f84,model.options.HGU.cane.50.json,30,15,900,1000,3
75ec81e9-4cbc-40df-a836-c7c08cf89d44,model.options.HGU.cane.50.json,30,15,900,1000,6
62903173-26b8-4bca-b2ae-253c5e8ba3e7,model.options.HGU.cane.50.json,30,15,900,1000,9
be804dee-3d99-444f-8a8d-b6634c00c6e0,model.options.HGU.cane.50.json,30,15,900,1000,12
8bae9edd-7b4f-4414-88b8-a86ca489ea1d,model.options.HGU.cane.50.json,30,15,900,1200,3
5b85093d-afb0-485f-b072-e08040b72255,model.options.HGU.cane.50.json,30,15,900,1200,6
8babfcfb-5f3a-43f7-8638-b55d3fc99361,model.options.HGU.cane.50.json,30,15,900,1200,9
7af5aeab-ae17-4bfe-93c0-d720a6c4d3b8,model.options.HGU.cane.50.json,30,15,900,1200,12
b1da9d7d-f143-4372-9a45-de1c9a48167a,model.options.HGU.cane.50.json,30,15,1200,400,3
6bc17493-7ba1-4eff-8217-9e7e1096658c,model.options.HGU.cane.50.json,30,15,1200,400,6
9905d8c7-f45d-46b4-8db5-c51edd16ee43,model.options.HGU.cane.50.json,30,15,1200,400,9
867e0719-721b-4106-a5bc-fc5bbaaea6a8,model.options.HGU.cane.50.json,30,15,1200,400,12
b53c9cba-35b5-4cf5-9b7d-51880314620f,model.options.HGU.cane.50.json,30,15,1200,600,3
51e59d37-c4a6-402c-84f5-827b726460f9,model.options.HGU.cane.50.json,30,15,1200,600,6
c0b0a3f5-95b2-4fd5-995a-66e2fe86b08c,model.options.HGU.cane.50.json,30,15,1200,600,9
0e2e785c-ee30-4c78-a631-1562e399a843,model.options.HGU.cane.50.json,30,15,1200,600,12
0ac491dd-5c39-421d-858e-769cc21dcf4f,model.options.HGU.cane.50.json,30,15,1200,1000,3
36a3ef4c-2d17-4ff5-956f-8b9add478676,model.options.HGU.cane.50.json,30,15,1200,1000,6
ea39aab1-2e4a-43ce-88ed-f64f7585c018,model.options.HGU.cane.50.json,30,15,1200,1000,9
c0969a6f-fcad-47c4-83b0-99e2fb566ee2,model.options.HGU.cane.50.json,30,15,1200,1000,12
f6a8c840-f96f-4f89-bddd-291d3dad3a5c,model.options.HGU.cane.50.json,30,15,1200,1200,3
eeacade1-bed0-48a5-adbb-f9ca4f92e0e3,model.options.HGU.cane.50.json,30,15,1200,1200,6
f56e0699-9535-437b-a8bf-1b240863a0d4,model.options.HGU.cane.50.json,30,15,1200,1200,9
fa593a63-0c1a-4311-8b86-5bd87c9b4eec,model.options.HGU.cane.50.json,30,15,1200,1200,12
0af66521-b541-4d6b-ae92-2779002f28da,model.options.HGU.cane.50.json,30,20,400,400,3
b80cda7b-41a8-4284-a3b9-cecea2d54f6a,model.options.HGU.cane.50.json,30,20,400,400,6
11dc316c-5384-4a2a-897b-397384cef414,model.options.HGU.cane.50.json,30,20,400,400,9
a50acde3-63b4-4f7c-add8-daf8b2b09538,model.options.HGU.cane.50.json,30,20,400,400,12
46469301-8234-453e-b916-366f503667fe,model.options.HGU.cane.50.json,30,20,400,600,3
7dcdbfb1-cc3b-41cb-abd4-b3e2a026b221,model.options.HGU.cane.50.json,30,20,400,600,6
02fa1c52-7de6-423b-86ac-9bc450555ad4,model.options.HGU.cane.50.json,30,20,400,600,9
efbaa439-17ed-4ca6-a3dd-988e0e256a7c,model.options.HGU.cane.50.json,30,20,400,600,12
e6b32445-730e-4fc9-9f0c-ad3bc0faba2e,model.options.HGU.cane.50.json,30,20,400,1000,3
58d9c354-f3eb-4e09-93da-3ea07c1f1906,model.options.HGU.cane.50.json,30,20,400,1000,6
d959bb80-a0e2-414d-aec4-6d5b12ae0e5d,model.options.HGU.cane.50.json,30,20,400,1000,9
f23d8549-9ff0-4236-8fd9-f42c6e0f5d98,model.options.HGU.cane.50.json,30,20,400,1000,12
f056f676-445b-4ede-be88-3730c84afa7e,model.options.HGU.cane.50.json,30,20,400,1200,3
6647ef30-0a21-4623-a94c-49455f7204a5,model.options.HGU.cane.50.json,30,20,400,1200,6
7e201164-2b83-4113-945d-59f67caf54a9,model.options.HGU.cane.50.json,30,20,400,1200,9
e3649e9f-7d76-4339-bc5d-6327b7c445b1,model.options.HGU.cane.50.json,30,20,400,1200,12
a20d0887-1b24-4a71-ba3e-43006017d1a1,model.options.HGU.cane.50.json,30,20,650,400,3
2e3ac68d-0b8a-48f6-9e68-06ab53453aaf,model.options.HGU.cane.50.json,30,20,650,400,6
a89fb0d5-2ae3-42a5-ab90-f7ba30faddac,model.options.HGU.cane.50.json,30,20,650,400,9
7e121645-c7fd-4881-8583-efbec802e1f5,model.options.HGU.cane.50.json,30,20,650,400,12
7173a4f7-1caf-4c58-8bc3-36b95b7659c6,model.options.HGU.cane.50.json,30,20,650,600,3
02c448fd-d767-4294-9fe9-ce875bee65ce,model.options.HGU.cane.50.json,30,20,650,600,6
247fcb47-33a4-4579-a397-fe4c44308380,model.options.HGU.cane.50.json,30,20,650,600,9
58f078fd-916a-4e8c-916b-2ab5f7e1127c,model.options.HGU.cane.50.json,30,20,650,600,12
b113a92d-d24d-4efd-b49b-d72688058536,model.options.HGU.cane.50.json,30,20,650,1000,3
128f5685-d993-4c1c-b322-0dc04dae86ac,model.options.HGU.cane.50.json,30,20,650,1000,6
6cbaaf1f-da7a-43b7-b800-c0b89bc63f8a,model.options.HGU.cane.50.json,30,20,650,1000,9
28091227-c701-4eb9-bdaa-34fbb4fcfa1c,model.options.HGU.cane.50.json,30,20,650,1000,12
f77ac4b6-6803-4bb9-b550-102a94870748,model.options.HGU.cane.50.json,30,20,650,1200,3
7d2541ae-dea9-4d21-a0d8-299aff78fe00,model.options.HGU.cane.50.json,30,20,650,1200,6
530b0c99-ccb0-4708-b3db-33a7c50ef876,model.options.HGU.cane.50.json,30,20,650,1200,9
cb214614-1995-415a-b26c-b5f14a3adbee,model.options.HGU.cane.50.json,30,20,650,1200,12
cc3a50c6-4c9b-4bc4-b33e-d8a959cc0565,model.options.HGU.cane.50.json,30,20,900,400,3
316271be-bf2f-4c3a-a4c9-f0915100fde9,model.options.HGU.cane.50.json,30,20,900,400,6
b1d62035-ae36-4195-93b4-9af5c493b33f,model.options.HGU.cane.50.json,30,20,900,400,9
7232acec-5fe2-48eb-b7bc-a012f417bcbe,model.options.HGU.cane.50.json,30,20,900,400,12
67452740-0b6c-4b12-b2ce-e78aff57f1d7,model.options.HGU.cane.50.json,30,20,900,600,3
f38f8249-f8ec-4512-9f39-3ae72b8000a6,model.options.HGU.cane.50.json,30,20,900,600,6
3fb14a86-b9d2-41c4-a0c6-34b32e09c763,model.options.HGU.cane.50.json,30,20,900,600,9
3d70a382-10d5-4bf7-969d-b01a0f00abba,model.options.HGU.cane.50.json,30,20,900,600,12
97c4c252-6475-4a26-8ae8-89e322008ed4,model.options.HGU.cane.50.json,30,20,900,1000,3
80603da3-4c04-490e-90b4-b848bc3231b5,model.options.HGU.cane.50.json,30,20,900,1000,6
63e92306-af72-440e-bbb6-0348ca77fbfd,model.options.HGU.cane.50.json,30,20,900,1000,9
13af3dfb-07b9-43a2-b61f-40609342919b,model.options.HGU.cane.50.json,30,20,900,1000,12
37da3789-227b-46de-ba5e-b57a39a0a315,model.options.HGU.cane.50.json,30,20,900,1200,3
56915b0d-f724-4ee8-9060-d6be8b65ffbb,model.options.HGU.cane.50.json,30,20,900,1200,6
966f9ce2-ec75-4983-bbf7-d60fe538de1d,model.options.HGU.cane.50.json,30,20,900,1200,9
89611c1b-7c65-49ec-a029-05e6ba7e1f07,model.options.HGU.cane.50.json,30,20,900,1200,12
a99094c8-2bed-4315-b23f-71dea8b1de12,model.options.HGU.cane.50.json,30,20,1200,400,3
f6389b26-e814-4f39-a70d-0720ce491b3a,model.options.HGU.cane.50.json,30,20,1200,400,6
9214cd7b-8b19-48ac-9f25-0c87ab72faa9,model.options.HGU.cane.50.json,30,20,1200,400,9
b3e092e9-1405-4d99-a3f2-8f5120008fe9,model.options.HGU.cane.50.json,30,20,1200,400,12
da45c7e9-9f32-4d88-8e72-9e8659bb50ab,model.options.HGU.cane.50.json,30,20,1200,600,3
bc9487fa-4997-4118-bed7-56daf95d2a05,model.options.HGU.cane.50.json,30,20,1200,600,6
39bf8ad2-2f96-402c-a02f-6b61e4bebb85,model.options.HGU.cane.50.json,30,20,1200,600,9
2739ab7a-02eb-4ed1-b5a3-59dc831d148c,model.options.HGU.cane.50.json,30,20,1200,600,12
92fe0896-1a41-4bd6-ac9f-8ebcb53c0ac1,model.options.HGU.cane.50.json,30,20,1200,1000,3
52034218-a965-485d-8ce5-5052564f3f4a,model.options.HGU.cane.50.json,30,20,1200,1000,6
fb119445-c2b5-4c5c-9d69-596f0fccef6c,model.options.HGU.cane.50.json,30,20,1200,1000,9
ce955161-036b-4aa0-83e8-0e51f6da9d81,model.options.HGU.cane.50.json,30,20,1200,1000,12
5b862e8d-227e-4d24-a248-263f7ba2a630,model.options.HGU.cane.50.json,30,20,1200,1200,3
2050654a-4ebc-49ec-82bb-6f6a69c0284a,model.options.HGU.cane.50.json,30,20,1200,1200,6
cce46d13-114a-4c89-a2d7-704f2a63454c,model.options.HGU.cane.50.json,30,20,1200,1200,9
49c1a93d-c483-4f1e-9077-1839e753647d,model.options.HGU.cane.50.json,30,20,1200,1200,12
407959f0-f3a2-4e07-b773-6a0379ad2a4f,model.options.HGU.spur.70.json,25,15,400,400,3
e19ec073-a907-4be3-a81c-11fe14206afa,model.options.HGU.spur.70.json,25,15,400,400,6
08ec4c69-06e9-4855-986d-4addd3b6fe63,model.options.HGU.spur.70.json,25,15,400,400,9
e08551b7-0eab-444a-bd80-8cbb3eff1c9e,model.options.HGU.spur.70.json,25,15,400,400,12
41fd68ef-7f40-4bbc-ac23-f538b63a01de,model.options.HGU.spur.70.json,25,15,400,600,3
a7a4cdad-77b1-4f77-9dc8-3e96d9a52838,model.options.HGU.spur.70.json,25,15,400,600,6
1bbbba15-4444-452b-98cd-834c758f036b,model.options.HGU.spur.70.json,25,15,400,600,9
be5b7942-3147-4b70-bfe9-b0f076a68954,model.options.HGU.spur.70.json,25,15,400,600,12
99f6e32e-2243-4467-b8a3-9e27e097d879,model.options.HGU.spur.70.json,25,15,400,1000,3
2edf1c5c-6d08-4012-8b53-6999031ff4ca,model.options.HGU.spur.70.json,25,15,400,1000,6
838ed715-6a85-4ba2-947f-5b2ab72bd0e4,model.options.HGU.spur.70.json,25,15,400,1000,9
4daa2a2e-3f67-4873-bab1-cde726e3b161,model.options.HGU.spur.70.json,25,15,400,1000,12
7efb3f59-c5f4-454f-af2e-da8971c23375,model.options.HGU.spur.70.json,25,15,400,1200,3
8f85c7c6-7775-4c52-add7-2878c3156bea,model.options.HGU.spur.70.json,25,15,400,1200,6
9a6374ad-822f-444f-82a5-ed6b4bb6b8d5,model.options.HGU.spur.70.json,25,15,400,1200,9
d4b004ad-c8ce-4775-83af-9b60d87ec44f,model.options.HGU.spur.70.json,25,15,400,1200,12
a9bdeec7-3704-4cfc-898d-53182042905a,model.options.HGU.spur.70.json,25,15,650,400,3
339b3175-46d2-4c38-ac2b-f07e8422a7b7,model.options.HGU.spur.70.json,25,15,650,400,6
2f919335-0c6d-4a62-9115-0ca6a49afa38,model.options.HGU.spur.70.json,25,15,650,400,9
1fc2ab26-c805-4077-beac-d127a92cf52f,model.options.HGU.spur.70.json,25,15,650,400,12
7a2c4c9d-2066-462e-a2f6-9170fac8c544,model.options.HGU.spur.70.json,25,15,650,600,3
9fcdd22e-8b95-445b-a61a-9de22c31a69a,model.options.HGU.spur.70.json,25,15,650,600,6
726d02c2-03ab-4622-b16d-2bbc0f9344f2,model.options.HGU.spur.70.json,25,15,650,600,9
fef1f103-e2d0-41a6-8920-0a22899ba653,model.options.HGU.spur.70.json,25,15,650,600,12
bef4e7e8-0462-4668-8212-196b7aa6c129,model.options.HGU.spur.70.json,25,15,650,1000,3
3ab0923e-cde4-4add-a053-33eaadd047f2,model.options.HGU.spur.70.json,25,15,650,1000,6
ded390e2-81d4-437b-b6a0-e8011bd6540b,model.options.HGU.spur.70.json,25,15,650,1000,9
cf401b4f-c841-42b6-a4e7-933a5129d802,model.options.HGU.spur.70.json,25,15,650,1000,12
71f6cdc1-5eee-4fe9-81e8-12c380903513,model.options.HGU.spur.70.json,25,15,650,1200,3
c58802b3-2236-409d-a233-731af17fcb4a,model.options.HGU.spur.70.json,25,15,650,1200,6
c6734927-aa41-4c05-b01c-948be62cd352,model.options.HGU.spur.70.json,25,15,650,1200,9
0df78a42-0fec-4994-ae43-08c60aa63b15,model.options.HGU.spur.70.json,25,15,650,1200,12
645a6990-9cb4-4f3f-a3a1-60153e196af4,model.options.HGU.spur.70.json,25,15,900,400,3
36317a3b-c82f-4fee-8fde-d813e7140b0c,model.options.HGU.spur.70.json,25,15,900,400,6
1d9e2709-08da-4b26-88cb-1f2391319e48,model.options.HGU.spur.70.json,25,15,900,400,9
a54249f7-fc35-43ea-a0ab-e937db5b9fed,model.options.HGU.spur.70.json,25,15,900,400,12
757b1595-12c4-4eb8-9731-3f73c36b163b,model.options.HGU.spur.70.json,25,15,900,600,3
e1f5ee76-000d-4f60-b2f7-5649074bb0e4,model.options.HGU.spur.70.json,25,15,900,600,6
322cb539-249f-4fcc-b5a0-78170da075f5,model.options.HGU.spur.70.json,25,15,900,600,9
81f83104-5fdf-4df3-8548-e8fe3179dcc6,model.options.HGU.spur.70.json,25,15,900,600,12
c3f75d69-9558-4558-8de9-c955959258fe,model.options.HGU.spur.70.json,25,15,900,1000,3
e4f3bbed-3b7c-41bb-b3c8-b49f7f99c372,model.options.HGU.spur.70.json,25,15,900,1000,6
a2f66921-e0bd-4b17-8e42-54d8ff2b56de,model.options.HGU.spur.70.json,25,15,900,1000,9
bcad91a1-504d-4fe9-9781-fd2cd15da40d,model.options.HGU.spur.70.json,25,15,900,1000,12
f9dc39f6-56e1-4af3-ab8e-48504534b5bc,model.options.HGU.spur.70.json,25,15,900,1200,3
295969cb-a2c2-4f65-96cb-11675f7f58a3,model.options.HGU.spur.70.json,25,15,900,1200,6
8fc317cc-1fe3-4fd2-aaa8-c02f611cd495,model.options.HGU.spur.70.json,25,15,900,1200,9
ac46e707-6921-4f5e-af4c-494e235914e6,model.options.HGU.spur.70.json,25,15,900,1200,12
c49f06b7-8816-4f6e-b96b-7a511ccd7eac,model.options.HGU.spur.70.json,25,15,1200,400,3
183b9b30-9792-4415-b77b-8345dd56f271,model.options.HGU.spur.70.json,25,15,1200,400,6
92d7e6eb-f036-4075-9ad6-bff94bc1c996,model.options.HGU.spur.70.json,25,15,1200,400,9
771a9568-cbbe-4bf1-8c27-6712b87307ba,model.options.HGU.spur.70.json,25,15,1200,400,12
031238a2-447c-407d-b36d-b8804e051796,model.options.HGU.spur.70.json,25,15,1200,600,3
842fd1cb-c64c-4165-ba7e-2cd3a4244606,model.options.HGU.spur.70.json,25,15,1200,600,6
f6034ce2-eac3-429d-9255-83ba6af60104,model.options.HGU.spur.70.json,25,15,1200,600,9
6519ccd1-59bc-4266-9743-a6ff7ba02ca5,model.options.HGU.spur.70.json,25,15,1200,600,12
3c61cf74-64ae-4845-884e-f490f19827d1,model.options.HGU.spur.70.json,25,15,1200,1000,3
e30b152b-e56a-4a94-9817-2b6107c59167,model.options.HGU.spur.70.json,25,15,1200,1000,6
5d29b749-1a91-442b-afad-0c1f29f7bc60,model.options.HGU.spur.70.json,25,15,1200,1000,9
55fa7ac4-5103-4d16-859b-eec6dc52c418,model.options.HGU.spur.70.json,25,15,1200,1000,12
5f87a27b-79bb-4c8a-85a7-da2148a3d1b8,model.options.HGU.spur.70.json,25,15,1200,1200,3
4cf50f29-9314-4e75-894c-636590667044,model.options.HGU.spur.70.json,25,15,1200,1200,6
259d9177-09aa-45d1-92a5-d1dac93a02f2,model.options.HGU.spur.70.json,25,15,1200,1200,9
1918b52f-c2c6-4101-9f2f-923ae4142104,model.options.HGU.spur.70.json,25,15,1200,1200,12
2b874dc4-d05d-45c4-87e3-96f5ce9216ca,model.options.HGU.spur.70.json,25,20,400,400,3
a8e36d49-17d7-409a-9eb6-858297a01fd4,model.options.HGU.spur.70.json,25,20,400,400,6
b9e8eabd-26b8-492f-a339-c94079b9e2e2,model.options.HGU.spur.70.json,25,20,400,400,9
8c643835-8f27-42c0-bb8c-bf33c7aec347,model.options.HGU.spur.70.json,25,20,400,400,12
e6d805a9-e428-4b4b-8fad-1e5df9633f08,model.options.HGU.spur.70.json,25,20,400,600,3
5a821c8a-81e7-4d15-a97c-60295b90bfff,model.options.HGU.spur.70.json,25,20,400,600,6
5ada4536-d1bf-4635-a845-3561f1bcd279,model.options.HGU.spur.70.json,25,20,400,600,9
876500ab-e915-4532-9aa0-2cc74c0e66c6,model.options.HGU.spur.70.json,25,20,400,600,12
de0d7baf-bdd3-4897-8242-bbcab531563d,model.options.HGU.spur.70.json,25,20,400,1000,3
38955143-3abb-4ece-aa9d-ca37013d20c9,model.options.HGU.spur.70.json,25,20,400,1000,6
0212c8b4-bc7a-4e34-8230-dca356abcb2c,model.options.HGU.spur.70.json,25,20,400,1000,9
13d48fce-785c-49cd-b34a-30c4ed721db6,model.options.HGU.spur.70.json,25,20,400,1000,12
11eb5c2c-d9b5-4c0c-be1c-5ac0d91860bb,model.options.HGU.spur.70.json,25,20,400,1200,3
f7e724e6-b0a9-4f9e-b01e-5957821a37f5,model.options.HGU.spur.70.json,25,20,400,1200,6
1a3bbe42-3c7d-4c59-9796-2a04b1257194,model.options.HGU.spur.70.json,25,20,400,1200,9
2fda708f-7c56-4788-87ca-3ac7a636e1c5,model.options.HGU.spur.70.json,25,20,400,1200,12
650d068f-46e1-4817-9305-ad2860ba7f43,model.options.HGU.spur.70.json,25,20,650,400,3
b035d812-a7d4-4537-94b4-4843285ae06c,model.options.HGU.spur.70.json,25,20,650,400,6
70f441e1-f3e7-41db-ac12-247e5527b321,model.options.HGU.spur.70.json,25,20,650,400,9
a69b5278-91c9-472c-b88b-3bb6aa95f192,model.options.HGU.spur.70.json,25,20,650,400,12
dcc94b2e-6366-4ce0-b662-6ec57555501f,model.options.HGU.spur.70.json,25,20,650,600,3
1f3a9eaf-b479-428f-b4e4-d61334adddd0,model.options.HGU.spur.70.json,25,20,650,600,6
9b811cfa-a030-4d9e-a6d5-26be14c1fc63,model.options.HGU.spur.70.json,25,20,650,600,9
9e989e6c-71f0-4fd7-9e86-691a2f3c1650,model.options.HGU.spur.70.json,25,20,650,600,12
b620ecef-5ef7-4f7e-8c90-caaf1f874f37,model.options.HGU.spur.70.json,25,20,650,1000,3
27206c02-85bc-4d16-a474-f10da68cf70e,model.options.HGU.spur.70.json,25,20,650,1000,6
a5d76e00-f45a-43b7-b578-60eebb335eb5,model.options.HGU.spur.70.json,25,20,650,1000,9
16b28046-3e28-4c6c-98d7-96b33e65e366,model.options.HGU.spur.70.json,25,20,650,1000,12
faa98214-adf1-4418-b223-52699cc7b1d0,model.options.HGU.spur.70.json,25,20,650,1200,3
462e51a8-ec0e-4b8b-ac32-0dd1b2e8194a,model.options.HGU.spur.70.json,25,20,650,1200,6
a10e436c-7aaa-4003-ba3b-746f0aae4533,model.options.HGU.spur.70.json,25,20,650,1200,9
a1b3b9ba-4869-4bdf-9cd5-047dcb322f7a,model.options.HGU.spur.70.json,25,20,650,1200,12
c3f03a9d-b08c-45d4-af3d-bc075e331b7b,model.options.HGU.spur.70.json,25,20,900,400,3
c8cae66a-e792-42fd-8637-b487a90ffeed,model.options.HGU.spur.70.json,25,20,900,400,6
8b0e7942-986e-4446-9fb2-9ef166fab28e,model.options.HGU.spur.70.json,25,20,900,400,9
84ae6a38-385a-4c2d-89ad-c30e5708bb57,model.options.HGU.spur.70.json,25,20,900,400,12
a4c04c93-2c9a-4b8c-af99-57504459e4cd,model.options.HGU.spur.70.json,25,20,900,600,3
2c3e585b-c7c0-4fab-bb84-6d539c260c9a,model.options.HGU.spur.70.json,25,20,900,600,6
e1590756-476b-42ea-af6f-b18c29b877b3,model.options.HGU.spur.70.json,25,20,900,600,9
c84ba1f8-479c-4609-ad1c-546e226e241b,model.options.HGU.spur.70.json,25,20,900,600,12
38c8c662-e135-4deb-8e41-c69fdfa3520c,model.options.HGU.spur.70.json,25,20,900,1000,3
0369af9f-40ca-4436-b3de-2d24bcb7c930,model.options.HGU.spur.70.json,25,20,900,1000,6
22c513cc-2c4c-4a04-b4d2-4c933d516b05,model.options.HGU.spur.70.json,25,20,900,1000,9
e0083d66-398f-4743-b58b-599f107c1dc3,model.options.HGU.spur.70.json,25,20,900,1000,12
38acda2b-4ede-422d-bdaa-69ad8ed90ad2,model.options.HGU.spur.70.json,25,20,900,1200,3
90d1c302-e9d8-4c5e-b696-249c663b3ab3,model.options.HGU.spur.70.json,25,20,900,1200,6
1f6c4660-67ad-4344-a7f6-3c32915e554f,model.options.HGU.spur.70.json,25,20,900,1200,9
54325680-4d5a-4238-8e2b-ec066332a039,model.options.HGU.spur.70.json,25,20,900,1200,12
fed9f755-901f-4aef-b283-e36fc070c7ab,model.options.HGU.spur.70.json,25,20,1200,400,3
c49c3c1f-f8f7-42fa-9744-319ce081cb1c,model.options.HGU.spur.70.json,25,20,1200,400,6
0f0cbbdc-5f00-4187-b7a6-657b75412d4e,model.options.HGU.spur.70.json,25,20,1200,400,9
f03ff524-941f-47ae-9d95-967495553803,model.options.HGU.spur.70.json,25,20,1200,400,12
d9f704ba-c574-468e-8642-f96eb3f8fa15,model.options.HGU.spur.70.json,25,20,1200,600,3
a9bc205f-d371-4b01-89fc-b8db690a249a,model.options.HGU.spur.70.json,25,20,1200,600,6
26bb54d2-cbea-450b-8d2a-15c35ebc42b4,model.options.HGU.spur.70.json,25,20,1200,600,9
8cc7e237-288c-409d-b6c3-c78e70babc23,model.options.HGU.spur.70.json,25,20,1200,600,12
46f07325-a5ef-4465-b482-02cefd88b5cf,model.options.HGU.spur.70.json,25,20,1200,1000,3
d967caea-487a-41a6-8369-574b9447e897,model.options.HGU.spur.70.json,25,20,1200,1000,6
c67593ca-b354-4ada-abc9-9a1e772abc91,model.options.HGU.spur.70.json,25,20,1200,1000,9
c79640c7-6a9b-4fe9-87d5-85d04078a43e,model.options.HGU.spur.70.json,25,20,1200,1000,12
80cefcd5-6054-46b9-8ff1-ec2d886cd2bd,model.options.HGU.spur.70.json,25,20,1200,1200,3
50841df6-e167-41be-ae2a-cc9701d3aa32,model.options.HGU.spur.70.json,25,20,1200,1200,6
5ac7566d-1a8b-432f-b324-bcf7907510aa,model.options.HGU.spur.70.json,25,20,1200,1200,9
70d9ebb1-d1e1-4fc2-8a4a-7597b54fedf2,model.options.HGU.spur.70.json,25,20,1200,1200,12
1a940e40-3f5d-44a2-bb86-36dd9370dfbf,model.options.HGU.spur.70.json,30,15,400,400,3
8eebc0ad-1760-480d-8d4e-f387d95dec35,model.options.HGU.spur.70.json,30,15,400,400,6
0fc14d35-8947-4dd6-95f6-397ad997f0d1,model.options.HGU.spur.70.json,30,15,400,400,9
86618fab-b735-43a0-9cbb-80fdb0fe4046,model.options.HGU.spur.70.json,30,15,400,400,12
c783df9f-0a3a-4dcb-b070-2f1018cd727f,model.options.HGU.spur.70.json,30,15,400,600,3
5dcb71b9-1ee6-499a-b28e-7d7d9b36444d,model.options.HGU.spur.70.json,30,15,400,600,6
8b76d08b-2b78-4769-b53d-ff4fffb30d69,model.options.HGU.spur.70.json,30,15,400,600,9
6b79e51e-e1f7-42f0-807b-523d3bfc8138,model.options.HGU.spur.70.json,30,15,400,600,12
d8ec5e73-e6b1-4ebd-b5d6-4e87fb140a91,model.options.HGU.spur.70.json,30,15,400,1000,3
060606df-c4d1-436d-a842-9daef301293e,model.options.HGU.spur.70.json,30,15,400,1000,6
f0cda64a-8dbb-43d2-a443-5897e79da9a5,model.options.HGU.spur.70.json,30,15,400,1000,9
1b4cc00e-bde9-4618-ba0d-fb5a9a4b5933,model.options.HGU.spur.70.json,30,15,400,1000,12
a89ba641-fde2-4d69-b2aa-b076533f00e2,model.options.HGU.spur.70.json,30,15,400,1200,3
6e6858bf-7db4-49e0-93d1-8559151a6546,model.options.HGU.spur.70.json,30,15,400,1200,6
ef1d9630-53bd-4870-a867-1490db293367,model.options.HGU.spur.70.json,30,15,400,1200,9
5b839f8a-5edf-45a2-9bff-1a716a412fef,model.options.HGU.spur.70.json,30,15,400,1200,12
d736fc52-5625-4ce0-9df5-27ae859d9f16,model.options.HGU.spur.70.json,30,15,650,400,3
8620fd5f-c16a-4c29-8bcf-156f97b1bf8e,model.options.HGU.spur.70.json,30,15,650,400,6
6dc15b07-43cd-4b6f-85a1-34cbfcc3e74c,model.options.HGU.spur.70.json,30,15,650,400,9
aa57b052-77e8-43e7-b7be-2a36ac6906e5,model.options.HGU.spur.70.json,30,15,650,400,12
841dd094-ffe3-4b3e-bf13-41e23da2ca35,model.options.HGU.spur.70.json,30,15,650,600,3
eec52922-aff1-41cc-9c59-45aaf73b6211,model.options.HGU.spur.70.json,30,15,650,600,6
e0aa92d3-24ee-46b2-8293-f2305187f4bd,model.options.HGU.spur.70.json,30,15,650,600,9
9c320902-f50e-48ea-a6a9-48bba85a995e,model.options.HGU.spur.70.json,30,15,650,600,12
2c03a9be-884c-4824-b352-8b4993889760,model.options.HGU.spur.70.json,30,15,650,1000,3
bb8f2cc6-89f9-4844-92c6-f9ba71262df2,model.options.HGU.spur.70.json,30,15,650,1000,6
aaff8eb4-cc28-4345-a1f7-93116c6d7173,model.options.HGU.spur.70.json,30,15,650,1000,9
2dff0c93-ceca-4324-988c-c01ab52f2b8d,model.options.HGU.spur.70.json,30,15,650,1000,12
3006581e-63c1-4ebe-96c6-fa90f446cfd7,model.options.HGU.spur.70.json,30,15,650,1200,3
8152cc8a-0854-4017-af4c-2281a2b511a3,model.options.HGU.spur.70.json,30,15,650,1200,6
7f8aacba-7e07-4e4f-95f1-2c3ea93886b4,model.options.HGU.spur.70.json,30,15,650,1200,9
5ceec1c5-c666-48bb-9dd3-98b9cca418a1,model.options.HGU.spur.70.json,30,15,650,1200,12
1bda7520-0411-4967-8e5d-5d5b9a933523,model.options.HGU.spur.70.json,30,15,900,400,3
6dcae70a-dbf3-4677-acca-440ad2b1c3ec,model.options.HGU.spur.70.json,30,15,900,400,6
355c12f8-0130-4feb-99cf-253f22eab15a,model.options.HGU.spur.70.json,30,15,900,400,9
a9ec9bb6-8856-44b4-a5af-b1c311347eb6,model.options.HGU.spur.70.json,30,15,900,400,12
c21055f0-cd9b-4c4e-95eb-ca5e40e93619,model.options.HGU.spur.70.json,30,15,900,600,3
007caab8-346c-442d-a17d-0ee97cd578f4,model.options.HGU.spur.70.json,30,15,900,600,6
086dcdac-c300-4b98-b6f7-b0fe3ff71252,model.options.HGU.spur.70.json,30,15,900,600,9
5e07d864-a792-472d-92f1-fa3303d01526,model.options.HGU.spur.70.json,30,15,900,600,12
cbcbf616-fe35-471c-ac6c-3420a3d4092f,model.options.HGU.spur.70.json,30,15,900,1000,3
c807ee6a-257f-49a3-a01e-d5a456d00840,model.options.HGU.spur.70.json,30,15,900,1000,6
20635f0d-7ea2-4f0c-8533-131718daafe7,model.options.HGU.spur.70.json,30,15,900,1000,9
46af4cb2-75f9-43a1-8323-14808257560d,model.options.HGU.spur.70.json,30,15,900,1000,12
c46ce25e-637e-4686-90c1-890809415f51,model.options.HGU.spur.70.json,30,15,900,1200,3
56bab9dc-dc42-4990-97d7-e345a396bd73,model.options.HGU.spur.70.json,30,15,900,1200,6
3cd6adea-da84-4a6d-9f3b-46ca7478e4f0,model.options.HGU.spur.70.json,30,15,900,1200,9
dda00b49-7da0-4c00-80c0-8f8bf52af945,model.options.HGU.spur.70.json,30,15,900,1200,12
1f7c3e3a-8aed-46b1-8ad4-cb52a8ed81cc,model.options.HGU.spur.70.json,30,15,1200,400,3
ee0ad116-ab88-4496-99d0-3354017004f3,model.options.HGU.spur.70.json,30,15,1200,400,6
221f7adb-69c0-4cbe-9634-b64c7e7464c3,model.options.HGU.spur.70.json,30,15,1200,400,9
d9d39897-2e6f-439a-ac4c-a2e2d56ab384,model.options.HGU.spur.70.json,30,15,1200,400,12
92b846f4-1a7e-4020-9749-2b9193ae3112,model.options.HGU.spur.70.json,30,15,1200,600,3
6ca7a23a-188d-4801-b512-b2bfaec5f3e8,model.options.HGU.spur.70.json,30,15,1200,600,6
5a99d9c9-8e5a-4ecb-8a39-f5733178aa41,model.options.HGU.spur.70.json,30,15,1200,600,9
b9b828a7-9594-46f4-82c4-ccddec2a999c,model.options.HGU.spur.70.json,30,15,1200,600,12
327e6e33-3df4-434d-84aa-ab9c85fab625,model.options.HGU.spur.70.json,30,15,1200,1000,3
9c45d05d-8575-4b85-ba41-3c0bc94d8574,model.options.HGU.spur.70.json,30,15,1200,1000,6
9ae5fa50-eec3-4655-ae4c-2d8d8eaccf7f,model.options.HGU.spur.70.json,30,15,1200,1000,9
5db33c67-33ac-4055-a0d1-8dab3d826944,model.options.HGU.spur.70.json,30,15,1200,1000,12
f8f2d52d-9fab-4cb7-bd80-30264c3b2606,model.options.HGU.spur.70.json,30,15,1200,1200,3
5a132642-ce73-430c-829a-2445d3d19780,model.options.HGU.spur.70.json,30,15,1200,1200,6
fea9d542-a9a5-4192-a51b-f0e20520384f,model.options.HGU.spur.70.json,30,15,1200,1200,9
0a5679de-d3b7-4e91-8111-2bc4e57c80b7,model.options.HGU.spur.70.json,30,15,1200,1200,12
16c422ad-f38f-4588-8d90-26618af5be2e,model.options.HGU.spur.70.json,30,20,400,400,3
e518eb0a-543e-4c48-a99f-bc0bce56d827,model.options.HGU.spur.70.json,30,20,400,400,6
a0b7f9c0-75c9-46b5-a3b2-70f4d8bbb954,model.options.HGU.spur.70.json,30,20,400,400,9
e791a4f1-3cd1-42e0-a556-065f7e451ae7,model.options.HGU.spur.70.json,30,20,400,400,12
2d641994-f039-4979-a383-0b89712c864c,model.options.HGU.spur.70.json,30,20,400,600,3
20c814fd-3f18-4835-8e6c-30feb7ebe4c0,model.options.HGU.spur.70.json,30,20,400,600,6
acaaf777-bee7-4dc3-b3fd-6b1578d1638b,model.options.HGU.spur.70.json,30,20,400,600,9
620b3c09-739b-4bec-b431-b52c252b04fb,model.options.HGU.spur.70.json,30,20,400,600,12
f9b1b82e-b7d7-46de-ab84-716887a6ffae,model.options.HGU.spur.70.json,30,20,400,1000,3
1e531215-6390-4d82-a160-b36008e29973,model.options.HGU.spur.70.json,30,20,400,1000,6
e2a6e8a9-6d93-49f2-a9d7-8ebc9ecf8a97,model.options.HGU.spur.70.json,30,20,400,1000,9
10743c3b-f7c5-4705-803c-f43a478ac9d2,model.options.HGU.spur.70.json,30,20,400,1000,12
80de471d-bc74-49bc-ae85-b84a5b98c50a,model.options.HGU.spur.70.json,30,20,400,1200,3
6f0de3e5-a91a-4cfc-b939-23db77bf7532,model.options.HGU.spur.70.json,30,20,400,1200,6
5a9d2274-3a5b-4664-b937-ad4ff98e9ae9,model.options.HGU.spur.70.json,30,20,400,1200,9
905a40f0-05d9-4928-b7dd-094124178b16,model.options.HGU.spur.70.json,30,20,400,1200,12
753f2155-6ab1-4320-9ceb-38278f336cde,model.options.HGU.spur.70.json,30,20,650,400,3
f9945c47-1971-48af-a9f9-a19691091d7d,model.options.HGU.spur.70.json,30,20,650,400,6
1e37f521-06af-4f0e-8753-8225748e4da6,model.options.HGU.spur.70.json,30,20,650,400,9
eec7cad2-7bb9-4c3c-9282-65d61bd22cdf,model.options.HGU.spur.70.json,30,20,650,400,12
36e9b880-a1b5-4688-b408-75982f4ca9d8,model.options.HGU.spur.70.json,30,20,650,600,3
1e4259f0-22ba-4ee5-99a2-4eaad3b28361,model.options.HGU.spur.70.json,30,20,650,600,6
fab659dd-9f77-4b00-951c-517979762cae,model.options.HGU.spur.70.json,30,20,650,600,9
9b01b4d2-9dd2-4542-a173-f91c425800d3,model.options.HGU.spur.70.json,30,20,650,600,12
a7303868-9de2-4062-9ded-3aa023da7429,model.options.HGU.spur.70.json,30,20,650,1000,3
84a218a2-52f1-46d8-9525-3f82c8cf196c,model.options.HGU.spur.70.json,30,20,650,1000,6
066655f0-8cae-43e3-a25f-5281a0a592b6,model.options.HGU.spur.70.json,30,20,650,1000,9
83d35cdb-1384-4fae-986b-5c8d8a8b42a0,model.options.HGU.spur.70.json,30,20,650,1000,12
6cd1a4c5-689e-4c60-814f-ad415c28c33d,model.options.HGU.spur.70.json,30,20,650,1200,3
9c7c32ca-9901-4fcb-af8a-3c43b0be9a96,model.options.HGU.spur.70.json,30,20,650,1200,6
3c0f6078-e196-473f-a134-e3fd9e72145c,model.options.HGU.spur.70.json,30,20,650,1200,9
03282b60-2eb4-4f98-b312-0b8279244777,model.options.HGU.spur.70.json,30,20,650,1200,12
3f3cf5f7-21c6-430b-b1eb-c97911c447f6,model.options.HGU.spur.70.json,30,20,900,400,3
a6676b76-c3bc-45b7-9b59-d3757f4270a0,model.options.HGU.spur.70.json,30,20,900,400,6
b0f46a40-6081-46f8-8841-5617dc73a900,model.options.HGU.spur.70.json,30,20,900,400,9
75b9ad91-b7a6-47de-99eb-72176d96ddba,model.options.HGU.spur.70.json,30,20,900,400,12
0f109bdf-5acf-4900-849d-ac8928895c7c,model.options.HGU.spur.70.json,30,20,900,600,3
e5603dce-b5d3-4b55-9585-858861920299,model.options.HGU.spur.70.json,30,20,900,600,6
8a55a36b-cd8c-469e-94be-f2e38910870b,model.options.HGU.spur.70.json,30,20,900,600,9
12092779-7daa-4163-8b18-cc21f8591b93,model.options.HGU.spur.70.json,30,20,900,600,12
386878b9-131e-4874-88da-bcab11738265,model.options.HGU.spur.70.json,30,20,900,1000,3
e7a58522-182b-44ee-a933-69363115409f,model.options.HGU.spur.70.json,30,20,900,1000,6
242f8677-6b97-46f7-a20d-c17d817dd06c,model.options.HGU.spur.70.json,30,20,900,1000,9
26deb2d3-6d1e-4e96-9f83-14be731b255f,model.options.HGU.spur.70.json,30,20,900,1000,12
2f995d32-cb0f-4109-8eba-c9a07773a86a,model.options.HGU.spur.70.json,30,20,900,1200,3
3066be94-17c2-4272-a178-5fd19d618bc1,model.options.HGU.spur.70.json,30,20,900,1200,6
4e6e7e16-0382-4a46-8776-b36138a0260f,model.options.HGU.spur.70.json,30,20,900,1200,9
caab07ec-e2d7-4223-b8a3-c9237673d7d8,model.options.HGU.spur.70.json,30,20,900,1200,12
24954797-a705-4c87-8afa-d0bc0d1258bd,model.options.HGU.spur.70.json,30,20,1200,400,3
5951cbcb-3670-4b06-95da-3d0d9f2aac5f,model.options.HGU.spur.70.json,30,20,1200,400,6
bf7aa620-45f5-4fff-908e-d9003e7b6061,model.options.HGU.spur.70.json,30,20,1200,400,9
c171e780-528e-45a9-9b38-c715dbf8438b,model.options.HGU.spur.70.json,30,20,1200,400,12
a1bcf9e4-82a9-4aff-bce3-11b34a78fe2d,model.options.HGU.spur.70.json,30,20,1200,600,3
721de329-e765-4233-a90b-ed027afaf55a,model.options.HGU.spur.70.json,30,20,1200,600,6
33532ded-ae63-46d8-a96b-c006548feae3,model.options.HGU.spur.70.json,30,20,1200,600,9
6da4d48e-3120-41e5-8fbf-2635b3dde4cd,model.options.HGU.spur.70.json,30,20,1200,600,12
eb75bbf2-8437-42cd-a1b0-80652433237b,model.options.HGU.spur.70.json,30,20,1200,1000,3
b7b1ae78-5455-44db-b714-dda01d5c0014,model.options.HGU.spur.70.json,30,20,1200,1000,6
c8a46b78-69f7-472c-8899-6adb4bc64d82,model.options.HGU.spur.70.json,30,20,1200,1000,9
828241d6-325f-46a9-8533-bc2dffea07be,model.options.HGU.spur.70.json,30,20,1200,1000,12
ca2c33d8-dea0-484a-b543-04bd65163170,model.options.HGU.spur.70.json,30,20,1200,1200,3
9e95ce0d-24ad-423c-9b28-ae732d606467,model.options.HGU.spur.70.json,30,20,1200,1200,6
9aea51da-3480-4cef-a9b5-51bffb87d062,model.options.HGU.spur.70.json,30,20,1200,1200,9
b655bdc1-b8c0-4138-bebe-84a8a64b8500,model.options.HGU.spur.70.json,30,20,1200,1200,12
169fece2-6f44-444f-8450-35a3409dc840,model.options.HGU.spur.90.json,25,15,400,400,3
29f532f0-3a43-4ebf-80e3-58b6c7bbcb3d,model.options.HGU.spur.90.json,25,15,400,400,6
74b45c84-0668-4636-92ef-e9b787341605,model.options.HGU.spur.90.json,25,15,400,400,9
059c8554-e975-436e-98f3-ce42455b16e2,model.options.HGU.spur.90.json,25,15,400,400,12
2fac19ea-d39a-47f7-a963-f6cf1ffbe1a2,model.options.HGU.spur.90.json,25,15,400,600,3
52883f04-1fe8-4401-a577-0a8adcd6e06f,model.options.HGU.spur.90.json,25,15,400,600,6
9a713d33-f28c-413b-8813-0cf4d81bbc8a,model.options.HGU.spur.90.json,25,15,400,600,9
56f2479d-b4cf-45ff-afae-0d4594c8ed7b,model.options.HGU.spur.90.json,25,15,400,600,12
4d2726f1-25b5-4662-a9b3-f98793a12bd0,model.options.HGU.spur.90.json,25,15,400,1000,3
2fd6f1d2-cf33-4c18-be13-a777a921378e,model.options.HGU.spur.90.json,25,15,400,1000,6
d3c8d95c-e6dc-47b2-889b-f524e81d18cc,model.options.HGU.spur.90.json,25,15,400,1000,9
c90be59c-d4d7-4a3e-a17e-741ec69ff45e,model.options.HGU.spur.90.json,25,15,400,1000,12
2574bdd0-e334-4612-8534-b07a1bd3b5da,model.options.HGU.spur.90.json,25,15,400,1200,3
01b1dc4d-85a0-42ba-91e4-d4db91ad411c,model.options.HGU.spur.90.json,25,15,400,1200,6
f99fb0e6-a88f-41ca-9a9c-3e8719d3d733,model.options.HGU.spur.90.json,25,15,400,1200,9
312f5c53-e976-4430-b6ec-23f8de544e2d,model.options.HGU.spur.90.json,25,15,400,1200,12
ad917f17-ae07-4858-a004-fd96016e8b0f,model.options.HGU.spur.90.json,25,15,650,400,3
caf7f517-9c71-4cb5-a7c7-1cf932e3c31c,model.options.HGU.spur.90.json,25,15,650,400,6
a1c9b001-00cf-4e56-8920-dbca10ec6eec,model.options.HGU.spur.90.json,25,15,650,400,9
9e96edc1-4e7d-401e-8c24-95411dff3521,model.options.HGU.spur.90.json,25,15,650,400,12
9669fbca-0bb2-4c9f-9b7c-591e0f4bd893,model.options.HGU.spur.90.json,25,15,650,600,3
c480f735-c7fa-45f5-9c52-643ba7dfbcb9,model.options.HGU.spur.90.json,25,15,650,600,6
e61168ba-b538-4441-9ee9-17b14fb536fb,model.options.HGU.spur.90.json,25,15,650,600,9
76ba1445-39ce-41eb-aa47-d572410f9932,model.options.HGU.spur.90.json,25,15,650,600,12
5cbf1a47-e9cd-4db9-a893-b6dc10e1100e,model.options.HGU.spur.90.json,25,15,650,1000,3
6350c038-a6ee-4a76-afa9-78b7a5f98ecf,model.options.HGU.spur.90.json,25,15,650,1000,6
09167b98-af3c-42ec-a969-45cc77c6d636,model.options.HGU.spur.90.json,25,15,650,1000,9
3ea55983-95e8-4755-bea0-754641c339bc,model.options.HGU.spur.90.json,25,15,650,1000,12
20b10d50-1434-44f8-8a2e-7abc1daf6cf5,model.options.HGU.spur.90.json,25,15,650,1200,3
b2902e53-b44c-428e-8560-9e2cef217b65,model.options.HGU.spur.90.json,25,15,650,1200,6
eda31c55-3a5d-4248-806c-cda85e5124d3,model.options.HGU.spur.90.json,25,15,650,1200,9
69f4e705-cbbf-4149-a9a2-bd162cb3b8f6,model.options.HGU.spur.90.json,25,15,650,1200,12
08f4c0a1-2a59-4023-b784-1be5d1c13b76,model.options.HGU.spur.90.json,25,15,900,400,3
bab72838-197c-41bc-a6e4-d8e75bee76bc,model.options.HGU.spur.90.json,25,15,900,400,6
9316ac40-199d-41bd-a1ca-6bb6b9abf50c,model.options.HGU.spur.90.json,25,15,900,400,9
32198f72-3dc9-4350-aedc-6e3e997dcf6b,model.options.HGU.spur.90.json,25,15,900,400,12
6da93de1-82b7-4c8b-ad92-48cbe2414662,model.options.HGU.spur.90.json,25,15,900,600,3
ec23f5b2-d351-4222-9c62-eae41bf9588a,model.options.HGU.spur.90.json,25,15,900,600,6
1ac0ea98-7700-4567-909d-762537850d42,model.options.HGU.spur.90.json,25,15,900,600,9
b5e80b81-a90c-4785-ab7f-7eb29a3176fb,model.options.HGU.spur.90.json,25,15,900,600,12
7bbeb010-8731-4df9-8f6a-f0fc67352d97,model.options.HGU.spur.90.json,25,15,900,1000,3
c030cb68-6107-4b78-aa84-22656d388e2d,model.options.HGU.spur.90.json,25,15,900,1000,6
1f9591c2-d7bb-4098-a6cf-864a7952b617,model.options.HGU.spur.90.json,25,15,900,1000,9
02c05ab7-a693-4ef8-b237-6bef7407e2e2,model.options.HGU.spur.90.json,25,15,900,1000,12
603ee63d-2712-49b8-a39d-0988b89ea110,model.options.HGU.spur.90.json,25,15,900,1200,3
3525b8d0-a3ec-4f9e-8373-a08da54d6b0e,model.options.HGU.spur.90.json,25,15,900,1200,6
ec95fce6-cd0d-4786-af27-b51f7c64ab47,model.options.HGU.spur.90.json,25,15,900,1200,9
76fff763-4ed4-4a8b-beb3-741310038d16,model.options.HGU.spur.90.json,25,15,900,1200,12
092f8095-7af8-482d-bc95-7bd28740d7b0,model.options.HGU.spur.90.json,25,15,1200,400,3
853d4800-7940-43cd-91fa-90497d5e4130,model.options.HGU.spur.90.json,25,15,1200,400,6
e8c14bfa-54f6-4af0-91b1-e2791a56b2f1,model.options.HGU.spur.90.json,25,15,1200,400,9
5c070cad-5453-4109-9131-8c864b0722a6,model.options.HGU.spur.90.json,25,15,1200,400,12
9b37d08b-e919-488b-9d20-0791ea3e07ac,model.options.HGU.spur.90.json,25,15,1200,600,3
6bf9b3a8-b306-4264-917e-dea9037423c9,model.options.HGU.spur.90.json,25,15,1200,600,6
d6c60813-314f-42a4-8d76-ade8d1ee88c9,model.options.HGU.spur.90.json,25,15,1200,600,9
06806c5a-2ef0-4124-afbf-9f16118d23b7,model.options.HGU.spur.90.json,25,15,1200,600,12
554fe41a-e614-4eb4-9e12-2d13b7beb1f9,model.options.HGU.spur.90.json,25,15,1200,1000,3
05da60bf-917d-4e13-aa79-f7fb729a429f,model.options.HGU.spur.90.json,25,15,1200,1000,6
343f1603-1625-420b-9561-58abccd02420,model.options.HGU.spur.90.json,25,15,1200,1000,9
759b1abc-82f4-4629-a831-9faa474b9b18,model.options.HGU.spur.90.json,25,15,1200,1000,12
27ff6bdb-3def-4627-9b94-1583423e5509,model.options.HGU.spur.90.json,25,15,1200,1200,3
f49bd374-611d-4f6d-aed9-4fc7a543b5f3,model.options.HGU.spur.90.json,25,15,1200,1200,6
79cd578f-3f2f-4eae-892d-05b0615df6c6,model.options.HGU.spur.90.json,25,15,1200,1200,9
6e2922be-c9b3-46eb-bd0c-b22bf5f33c07,model.options.HGU.spur.90.json,25,15,1200,1200,12
775cc2c5-c14a-405f-8449-cf4db25ddc65,model.options.HGU.spur.90.json,25,20,400,400,3
f0957009-f52e-466b-b05e-fab7cdea138c,model.options.HGU.spur.90.json,25,20,400,400,6
c4c574fc-1df9-43ce-9245-aa38c8672bd6,model.options.HGU.spur.90.json,25,20,400,400,9
01d66578-bf89-4d7f-83fd-ff57ab9f6a37,model.options.HGU.spur.90.json,25,20,400,400,12
1216ea05-69df-4f0d-9c40-da3c1aa13306,model.options.HGU.spur.90.json,25,20,400,600,3
22c4cb72-b3b9-46ff-8ad9-f1e0d2d3b87b,model.options.HGU.spur.90.json,25,20,400,600,6
9e6056e4-8f96-4e59-8998-421298eb16c4,model.options.HGU.spur.90.json,25,20,400,600,9
c4247e41-731f-4d03-a2f5-fec9bf584173,model.options.HGU.spur.90.json,25,20,400,600,12
d7e7b2e5-2961-4e81-91fb-8ce68c16bda1,model.options.HGU.spur.90.json,25,20,400,1000,3
876b73d3-f06d-43ba-9c03-dee383503198,model.options.HGU.spur.90.json,25,20,400,1000,6
d7602457-04af-4df0-9ac9-5ee4fd2d6295,model.options.HGU.spur.90.json,25,20,400,1000,9
1adf9cb0-c4ba-4674-8c15-f4d061fc648a,model.options.HGU.spur.90.json,25,20,400,1000,12
0b86e48c-8d5b-45d7-9ec1-deac41e8b903,model.options.HGU.spur.90.json,25,20,400,1200,3
44b7c56f-d2da-4130-9f85-1bc1dc50a373,model.options.HGU.spur.90.json,25,20,400,1200,6
c38cdc9f-49ad-4e3f-b457-7275e33e0828,model.options.HGU.spur.90.json,25,20,400,1200,9
89cb8d3d-d12b-4bfb-a265-d5448e6cf2b4,model.options.HGU.spur.90.json,25,20,400,1200,12
6c5b516f-842d-4351-865c-535b903749d7,model.options.HGU.spur.90.json,25,20,650,400,3
18934dc7-355f-44f8-9def-6a1b7b655017,model.options.HGU.spur.90.json,25,20,650,400,6
b6c31b37-f8e5-4bdb-8824-0920b2daa5d9,model.options.HGU.spur.90.json,25,20,650,400,9
a75e7f97-1de1-4b0a-af6f-15a4c4e89f29,model.options.HGU.spur.90.json,25,20,650,400,12
07e31964-d58f-4c91-8148-00ecdf5a78b6,model.options.HGU.spur.90.json,25,20,650,600,3
4e492a45-5c95-4f93-888a-b5c059a6b8b1,model.options.HGU.spur.90.json,25,20,650,600,6
5ffc2647-67d2-4d01-b93c-0a8c1ea964b7,model.options.HGU.spur.90.json,25,20,650,600,9
60e7ab1b-a5a5-415b-a6bd-961538ea7bc6,model.options.HGU.spur.90.json,25,20,650,600,12
8c870b15-cf59-4035-bb04-b922910e9f6c,model.options.HGU.spur.90.json,25,20,650,1000,3
4e8d96d4-418e-4c8d-82ff-74fa1de12d39,model.options.HGU.spur.90.json,25,20,650,1000,6
12a48d13-d310-47c3-867f-fe2137814ec1,model.options.HGU.spur.90.json,25,20,650,1000,9
46f17758-f038-4090-9859-e169b7feedc3,model.options.HGU.spur.90.json,25,20,650,1000,12
97c417df-0cc9-496e-9d03-2884bd564717,model.options.HGU.spur.90.json,25,20,650,1200,3
957c79c4-7bcc-4574-96c8-f5d074f9d2a0,model.options.HGU.spur.90.json,25,20,650,1200,6
09c26c72-cdf2-480c-aab2-d39966c6f23c,model.options.HGU.spur.90.json,25,20,650,1200,9
e0c58d3f-8cec-4a15-91b1-30815202c653,model.options.HGU.spur.90.json,25,20,650,1200,12
6e1ab95c-9ee0-4857-9c55-b02aee594539,model.options.HGU.spur.90.json,25,20,900,400,3
aa3aae98-ccd6-42d5-9a44-6ed891e0f824,model.options.HGU.spur.90.json,25,20,900,400,6
1e84c768-f4b1-456b-9354-8cd044a61288,model.options.HGU.spur.90.json,25,20,900,400,9
88b9e8bc-472f-468a-9caf-5e78fd8d0d8d,model.options.HGU.spur.90.json,25,20,900,400,12
77a4587d-0f11-441f-a87a-7b6447b04bf0,model.options.HGU.spur.90.json,25,20,900,600,3
64968730-37b0-4907-8d24-c5f653725e29,model.options.HGU.spur.90.json,25,20,900,600,6
1e5e2957-e836-41b8-a99d-d259fe9f545c,model.options.HGU.spur.90.json,25,20,900,600,9
27ee38c5-8721-4568-b03e-63ae52bae085,model.options.HGU.spur.90.json,25,20,900,600,12
9bed259f-c38d-4fcf-baac-8ffb761f22ef,model.options.HGU.spur.90.json,25,20,900,1000,3
8095adc9-518e-4a92-a79a-9bbc2d4a5865,model.options.HGU.spur.90.json,25,20,900,1000,6
de78dbb1-8330-42b6-9bc9-485765251335,model.options.HGU.spur.90.json,25,20,900,1000,9
013b4d24-83a5-4396-a81d-c589e6ecbb55,model.options.HGU.spur.90.json,25,20,900,1000,12
c4c480ab-ec30-4557-9600-fa1acfc3b228,model.options.HGU.spur.90.json,25,20,900,1200,3
9899982c-d8ea-42c8-8af5-fff2749edf12,model.options.HGU.spur.90.json,25,20,900,1200,6
70b0ee1a-507f-4162-903e-d2acc6666b69,model.options.HGU.spur.90.json,25,20,900,1200,9
a07e61c8-bb86-4523-b6fd-cc05aa994df4,model.options.HGU.spur.90.json,25,20,900,1200,12
35962144-dddb-4bba-a667-7d3fc82c408d,model.options.HGU.spur.90.json,25,20,1200,400,3
b9da5d9f-29cc-427c-aba7-1f3d35ba194f,model.options.HGU.spur.90.json,25,20,1200,400,6
730e8137-7f03-4b0d-b0e2-2ac13149ae4a,model.options.HGU.spur.90.json,25,20,1200,400,9
2e4840c2-3401-4c71-a265-2a432b2893d0,model.options.HGU.spur.90.json,25,20,1200,400,12
b7b1327a-e2a8-4bff-8777-22f753630322,model.options.HGU.spur.90.json,25,20,1200,600,3
d83a3086-4061-43e7-8c23-ace135a5d6a3,model.options.HGU.spur.90.json,25,20,1200,600,6
c0d4043a-aea9-4bed-84c6-029a26ee6247,model.options.HGU.spur.90.json,25,20,1200,600,9
c654c4ff-e8a6-40e9-a9bd-7785f377b8ca,model.options.HGU.spur.90.json,25,20,1200,600,12
aa3a0871-347b-4613-a59b-bcad123d6036,model.options.HGU.spur.90.json,25,20,1200,1000,3
658160d4-5160-48d3-9bd2-f921b948a3b6,model.options.HGU.spur.90.json,25,20,1200,1000,6
23f0b3f7-f09d-4ca1-a387-2ed877c1ade6,model.options.HGU.spur.90.json,25,20,1200,1000,9
f1cf31c9-3260-42c5-bedb-de4f6e36ab3f,model.options.HGU.spur.90.json,25,20,1200,1000,12
92ed1b5f-6c9b-4cc0-9794-cdee7c9404ac,model.options.HGU.spur.90.json,25,20,1200,1200,3
d5c253b3-8a61-4268-8a5a-4cf61d0b0764,model.options.HGU.spur.90.json,25,20,1200,1200,6
1727ddc3-c989-4248-ad0c-95774a55600e,model.options.HGU.spur.90.json,25,20,1200,1200,9
6bf216a4-67d3-49b8-90dd-833ea9c2a87f,model.options.HGU.spur.90.json,25,20,1200,1200,12
954cc9ea-59f1-4e52-b7c9-206d923b1345,model.options.HGU.spur.90.json,30,15,400,400,3
dba147be-158f-4f0c-9fb8-adcbda631405,model.options.HGU.spur.90.json,30,15,400,400,6
90b438fe-3396-49bb-a144-3a1a6e07db14,model.options.HGU.spur.90.json,30,15,400,400,9
2c7bacb4-f12e-40d2-a001-e35da8701b3d,model.options.HGU.spur.90.json,30,15,400,400,12
e0cd24b0-cc4a-4d36-b6e4-0674b11a6151,model.options.HGU.spur.90.json,30,15,400,600,3
e0fb3dc5-c5f3-4c35-8571-d2ed051d5165,model.options.HGU.spur.90.json,30,15,400,600,6
6ad6f1ba-51fc-4fd4-bb3c-0efbef3b8bb0,model.options.HGU.spur.90.json,30,15,400,600,9
abda5ae4-bc42-45cc-a79d-76660d7e482d,model.options.HGU.spur.90.json,30,15,400,600,12
f4342ba6-87e6-4b00-bf91-82914484f734,model.options.HGU.spur.90.json,30,15,400,1000,3
24edb4a6-0bae-44ac-ab85-d5f19cb2b1d5,model.options.HGU.spur.90.json,30,15,400,1000,6
b7c856bc-591c-40d9-9e53-97811d3743a9,model.options.HGU.spur.90.json,30,15,400,1000,9
39e6e0f4-efc4-4619-8173-4023ecc79d64,model.options.HGU.spur.90.json,30,15,400,1000,12
94954932-17cd-4aa9-a8f4-6123356833e2,model.options.HGU.spur.90.json,30,15,400,1200,3
00d491ae-5d5f-4945-871c-81deec98ff49,model.options.HGU.spur.90.json,30,15,400,1200,6
876a176c-3149-4109-a640-584fdf26e0a1,model.options.HGU.spur.90.json,30,15,400,1200,9
42721896-4649-4aa9-9894-7552c5ed7611,model.options.HGU.spur.90.json,30,15,400,1200,12
7270e475-8377-44d9-a836-c2313a93c1f0,model.options.HGU.spur.90.json,30,15,650,400,3
98e5f817-24d9-4e33-9c28-22a48385cae1,model.options.HGU.spur.90.json,30,15,650,400,6
cb7da21f-819c-4bd5-8e48-d3735bced3fc,model.options.HGU.spur.90.json,30,15,650,400,9
9427968d-1688-4569-af19-1789f24c0fdd,model.options.HGU.spur.90.json,30,15,650,400,12
c8c3f59c-7772-4a51-ad3b-133ff6d0c94c,model.options.HGU.spur.90.json,30,15,650,600,3
bda3d49d-b075-4d25-b5dd-8e0269bd26df,model.options.HGU.spur.90.json,30,15,650,600,6
b2ff529c-8cb6-4e99-892d-936c48df8122,model.options.HGU.spur.90.json,30,15,650,600,9
0c417720-96eb-41a9-8206-c49408f5ea7a,model.options.HGU.spur.90.json,30,15,650,600,12
fde7bed5-a9b4-4369-b1b9-db96092c3fdb,model.options.HGU.spur.90.json,30,15,650,1000,3
478595b2-ecca-44ea-9ff9-7170ff7d74a3,model.options.HGU.spur.90.json,30,15,650,1000,6
b27a52eb-a263-488a-82ea-df4aa5f3758d,model.options.HGU.spur.90.json,30,15,650,1000,9
dacd923a-5e44-4a53-9f8f-95e5703d5a72,model.options.HGU.spur.90.json,30,15,650,1000,12
6e06ec5d-725e-4221-9b28-9bdb8c18f3ae,model.options.HGU.spur.90.json,30,15,650,1200,3
bdc0bb69-9d2a-4808-b2bc-cca8c5458659,model.options.HGU.spur.90.json,30,15,650,1200,6
bd696bd1-24f0-4441-90b6-d3d161fbaab5,model.options.HGU.spur.90.json,30,15,650,1200,9
5a43fd07-68be-4e28-8998-795c98f24605,model.options.HGU.spur.90.json,30,15,650,1200,12
0110d770-cc29-41ef-943b-d46dd0df263c,model.options.HGU.spur.90.json,30,15,900,400,3
7e16d9d1-3dc9-429d-8f0a-4bc8886a6e36,model.options.HGU.spur.90.json,30,15,900,400,6
b43c09ba-925d-486d-ba7e-a2b650b86477,model.options.HGU.spur.90.json,30,15,900,400,9
41830502-695b-46de-a35a-c03bdad5c803,model.options.HGU.spur.90.json,30,15,900,400,12
749ccd14-fac9-4e2c-83b5-2bdf24335b34,model.options.HGU.spur.90.json,30,15,900,600,3
7e5d6dca-aa0f-4f3d-896f-321add58f137,model.options.HGU.spur.90.json,30,15,900,600,6
cf9d0f68-b883-4eca-9b9c-a9d7ca107e0d,model.options.HGU.spur.90.json,30,15,900,600,9
717b7c1f-d387-4e18-b5a6-596ecde5f82d,model.options.HGU.spur.90.json,30,15,900,600,12
d3cef33e-4cf3-456e-9880-376befe28002,model.options.HGU.spur.90.json,30,15,900,1000,3
e2e1ad4d-be4b-4fa8-90f1-ff4a1a2a452e,model.options.HGU.spur.90.json,30,15,900,1000,6
856c8311-05de-402f-84ff-be894d85d36d,model.options.HGU.spur.90.json,30,15,900,1000,9
7d1de764-ac06-4709-8868-3b383d15f9c8,model.options.HGU.spur.90.json,30,15,900,1000,12
1e0aeb46-1de2-40bb-8e90-db2c54316fc7,model.options.HGU.spur.90.json,30,15,900,1200,3
822a927b-ed2b-44a4-b0c5-8d90f971b0ab,model.options.HGU.spur.90.json,30,15,900,1200,6
f7abd61c-69f7-4c0c-a681-830ab3b2e25a,model.options.HGU.spur.90.json,30,15,900,1200,9
2f0a88a3-6cbc-4e40-b218-c33a6d38bc6d,model.options.HGU.spur.90.json,30,15,900,1200,12
5c7680af-a274-4240-8a3e-5c71949f99c1,model.options.HGU.spur.90.json,30,15,1200,400,3
e3a8c9a9-6021-4174-ae01-5bb34954a401,model.options.HGU.spur.90.json,30,15,1200,400,6
0e7a16c4-1f70-4a3e-b382-47b6948f989b,model.options.HGU.spur.90.json,30,15,1200,400,9
104a89b3-0b77-4851-8f4e-395bc0101a05,model.options.HGU.spur.90.json,30,15,1200,400,12
60da52db-07df-4eb4-a341-6d1ba3e84cb4,model.options.HGU.spur.90.json,30,15,1200,600,3
c2a622d0-402b-4c7a-aa9b-107b0e666921,model.options.HGU.spur.90.json,30,15,1200,600,6
4fa075af-4be4-4f98-9660-7590c177959b,model.options.HGU.spur.90.json,30,15,1200,600,9
cfb4fe63-57ba-4804-8c4d-36bae5af8f17,model.options.HGU.spur.90.json,30,15,1200,600,12
bb235189-71e9-4a3c-a655-df9343f8de58,model.options.HGU.spur.90.json,30,15,1200,1000,3
d9098b6c-d31b-4e2d-8665-0a04ed697ba4,model.options.HGU.spur.90.json,30,15,1200,1000,6
7fcb7ef5-481d-4094-8202-6652e58513fe,model.options.HGU.spur.90.json,30,15,1200,1000,9
e704a2d9-b49e-45ed-b10b-5095c556bec9,model.options.HGU.spur.90.json,30,15,1200,1000,12
490ea002-90d1-45c7-99e3-792f07d89abf,model.options.HGU.spur.90.json,30,15,1200,1200,3
1be3a0b6-b2f6-495d-91c8-fb10b3776988,model.options.HGU.spur.90.json,30,15,1200,1200,6
bc74ae63-dd2f-44e7-8ba1-2c22e5c4f0f7,model.options.HGU.spur.90.json,30,15,1200,1200,9
b8ed6827-e8a3-45b2-abdd-a5f99c8d0d7f,model.options.HGU.spur.90.json,30,15,1200,1200,12
971adbd2-c51a-48a8-9be0-9f87271726c1,model.options.HGU.spur.90.json,30,20,400,400,3
35bcd5c0-1f76-45d8-9b02-0071223bdaa2,model.options.HGU.spur.90.json,30,20,400,400,6
d2802d07-a955-441a-afe1-c501a34af17e,model.options.HGU.spur.90.json,30,20,400,400,9
95793b6b-4352-46d9-bf8a-b28ad3938c4e,model.options.HGU.spur.90.json,30,20,400,400,12
aa781aa5-2a14-4c69-a86f-5c7267e8920e,model.options.HGU.spur.90.json,30,20,400,600,3
4a106739-fb25-46ac-96bf-9317e490fa1f,model.options.HGU.spur.90.json,30,20,400,600,6
560c35dd-6dda-401b-b813-9585193bd24c,model.options.HGU.spur.90.json,30,20,400,600,9
4fe1225f-0972-49c0-a755-d8ff976aeea5,model.options.HGU.spur.90.json,30,20,400,600,12
35684af9-1b26-46dd-b0be-f4f46ab9696a,model.options.HGU.spur.90.json,30,20,400,1000,3
a137e152-fb21-48b0-8e0a-50e1184d3189,model.options.HGU.spur.90.json,30,20,400,1000,6
81e2472b-0a91-4cbc-a3cf-04ca6ec4923d,model.options.HGU.spur.90.json,30,20,400,1000,9
332ed227-85b5-404b-a7aa-5b4b9a7a7ac3,model.options.HGU.spur.90.json,30,20,400,1000,12
6b29d4c8-a12d-4bb0-a525-7a72377cd241,model.options.HGU.spur.90.json,30,20,400,1200,3
4135e097-73e5-4bfd-a885-0c340a921dff,model.options.HGU.spur.90.json,30,20,400,1200,6
4aad8c1c-0e80-4615-9645-d4f49a396ec7,model.options.HGU.spur.90.json,30,20,400,1200,9
2a53b34f-beea-45fd-a4d2-05a828aa4cba,model.options.HGU.spur.90.json,30,20,400,1200,12
6191a2de-baf3-4f81-8388-097951e1dfbd,model.options.HGU.spur.90.json,30,20,650,400,3
1f472aa1-0ab5-4f42-a8e8-3d5c18fa8603,model.options.HGU.spur.90.json,30,20,650,400,6
77ba29b7-429f-4b65-8958-8a5e802f45f3,model.options.HGU.spur.90.json,30,20,650,400,9
a08ea38c-60b8-43dc-81ec-49d6dba8826f,model.options.HGU.spur.90.json,30,20,650,400,12
8b7a7877-7b5a-4e9f-914e-88fef002a064,model.options.HGU.spur.90.json,30,20,650,600,3
bfb21ae3-7e3f-47c2-8ae3-e5fa5a87611a,model.options.HGU.spur.90.json,30,20,650,600,6
8bcae38a-1fb1-40c5-a8b5-f311aae4a436,model.options.HGU.spur.90.json,30,20,650,600,9
0a356eb9-1305-4adb-a480-e220bc71eeff,model.options.HGU.spur.90.json,30,20,650,600,12
c446dfa9-790b-45b5-a907-122814e7a2ee,model.options.HGU.spur.90.json,30,20,650,1000,3
f9eaacce-3387-445b-9d3b-e40098222640,model.options.HGU.spur.90.json,30,20,650,1000,6
cc6d6ef8-0281-481b-b19e-768a51de8d97,model.options.HGU.spur.90.json,30,20,650,1000,9
8c7018d9-4561-432c-8e93-a87a9ce48470,model.options.HGU.spur.90.json,30,20,650,1000,12
1880bdaf-d021-453e-b1b3-ad5d630b1d08,model.options.HGU.spur.90.json,30,20,650,1200,3
2a8bda21-838e-4275-bb8d-a3f7b03e0317,model.options.HGU.spur.90.json,30,20,650,1200,6
3cdbd3db-ad03-4e8b-8e90-4d48e85e3433,model.options.HGU.spur.90.json,30,20,650,1200,9
af4df381-d7f7-46a1-9758-b4024653d4a5,model.options.HGU.spur.90.json,30,20,650,1200,12
80562ed3-c5b8-46c3-a18f-bd87d512a06b,model.options.HGU.spur.90.json,30,20,900,400,3
c0f5e4f2-90ea-49d5-a5a1-9fb7255fb8ef,model.options.HGU.spur.90.json,30,20,900,400,6
b3627f83-438c-4e20-8d63-1ed31854d19d,model.options.HGU.spur.90.json,30,20,900,400,9
990c2124-85d7-4671-81f3-45322f8b6da3,model.options.HGU.spur.90.json,30,20,900,400,12
912db099-cb07-4c22-80c7-e7befc0d79d3,model.options.HGU.spur.90.json,30,20,900,600,3
96997782-5f77-43f1-be8e-9e896bb537f7,model.options.HGU.spur.90.json,30,20,900,600,6
01550f82-5e19-42f7-b5d2-354aa7f11f4a,model.options.HGU.spur.90.json,30,20,900,600,9
288a2107-51d5-4356-bc80-00c49b2ebb6c,model.options.HGU.spur.90.json,30,20,900,600,12
188b7aa3-99b2-43bf-b2bd-166056c3c617,model.options.HGU.spur.90.json,30,20,900,1000,3
27d65d7a-5a6f-46da-887c-2c4dfcbdcfa8,model.options.HGU.spur.90.json,30,20,900,1000,6
731c8ccc-e137-4df2-8974-72e18c79a64e,model.options.HGU.spur.90.json,30,20,900,1000,9
1d07ae21-a78a-48dd-9024-0096c086f537,model.options.HGU.spur.90.json,30,20,900,1000,12
e0183828-eb20-4f01-98c3-890ff1275659,model.options.HGU.spur.90.json,30,20,900,1200,3
c16126fb-2ed9-4a43-9817-e792f3a9ff75,model.options.HGU.spur.90.json,30,20,900,1200,6
4f96b86f-5c4a-4563-baf6-77435b680cc3,model.options.HGU.spur.90.json,30,20,900,1200,9
3edeb111-4adb-472d-a5a8-6da2e0ff2e08,model.options.HGU.spur.90.json,30,20,900,1200,12
b393a3c7-6623-407e-a544-3da4221d4c1d,model.options.HGU.spur.90.json,30,20,1200,400,3
ae624b7b-eae5-4117-9433-8c237cee09df,model.options.HGU.spur.90.json,30,20,1200,400,6
11d550be-4651-4fe9-86e9-d2654bb0687a,model.options.HGU.spur.90.json,30,20,1200,400,9
edaaae5f-622f-4923-95b3-69f7568c5345,model.options.HGU.spur.90.json,30,20,1200,400,12
266dc69d-9f6d-4d6e-b148-ded0605fb58b,model.options.HGU.spur.90.json,30,20,1200,600,3
e051d04c-dea0-4a90-b585-30ac9ed7c5a0,model.options.HGU.spur.90.json,30,20,1200,600,6
95cb341c-755c-4264-bd67-4a939505e5b8,model.options.HGU.spur.90.json,30,20,1200,600,9
323869a2-2719-4a48-93e8-8c5fe2d8f83d,model.options.HGU.spur.90.json,30,20,1200,600,12
6799c974-9dfa-4963-8cf3-96a0977a6370,model.options.HGU.spur.90.json,30,20,1200,1000,3
4ae7f762-61e1-44f6-8e3a-9cc89e24db60,model.options.HGU.spur.90.json,30,20,1200,1000,6
3210ab94-fd6d-49ac-a32b-92bf17637977,model.options.HGU.spur.90.json,30,20,1200,1000,9
b0512d2d-00c3-4742-bde5-4e5572e8584f,model.options.HGU.spur.90.json,30,20,1200,1000,12
614b34b8-b49f-4ddb-82b7-9cd61433381d,model.options.HGU.spur.90.json,30,20,1200,1200,3
7a2edf8d-c8b8-4b74-83ab-c6532af4e6a8,model.options.HGU.spur.90.json,30,20,1200,1200,6
fa2e68a0-ddda-4bd9-a7ef-10f83a0720aa,model.options.HGU.spur.90.json,30,20,1200,1200,9
86ff645a-71d8-418d-a542-a353b97f435e,model.options.HGU.spur.90.json,30,20,1200,1200,12
bfc5a657-9c94-43ca-9231-fef7a52e5165,model.options.HGU.spur.110.json,25,15,400,400,3
58352181-fa19-4c9e-97a2-49b7f45787a3,model.options.HGU.spur.110.json,25,15,400,400,6
e29c8f88-6648-4c73-bd67-7887bab49998,model.options.HGU.spur.110.json,25,15,400,400,9
0a80f0e0-7519-4801-a07d-b8d8d9f202d3,model.options.HGU.spur.110.json,25,15,400,400,12
bcfd49cc-dc92-43da-8369-e8b5149632e6,model.options.HGU.spur.110.json,25,15,400,600,3
1286e173-8140-43d9-a3a2-03f26ad8434e,model.options.HGU.spur.110.json,25,15,400,600,6
796f6d5a-0695-4181-a71a-7a21270ff1d9,model.options.HGU.spur.110.json,25,15,400,600,9
f9213ab6-088e-483e-a07b-5e1cd1f8b7fe,model.options.HGU.spur.110.json,25,15,400,600,12
d93f1245-6046-4ece-ae91-3303b05e32b7,model.options.HGU.spur.110.json,25,15,400,1000,3
0a36fcd4-6613-45a2-a151-c367c3d83414,model.options.HGU.spur.110.json,25,15,400,1000,6
21779a97-da50-4c45-b40a-cf04be1897d8,model.options.HGU.spur.110.json,25,15,400,1000,9
97a84632-c1b8-4f58-a47a-174e349e88e9,model.options.HGU.spur.110.json,25,15,400,1000,12
8a600162-7440-45e1-8d61-0abd5f56224e,model.options.HGU.spur.110.json,25,15,400,1200,3
77a689fb-239e-4337-8eda-27fd88594c74,model.options.HGU.spur.110.json,25,15,400,1200,6
589f6aac-2e42-4cc3-a350-35a1076b7bdd,model.options.HGU.spur.110.json,25,15,400,1200,9
549706b9-4147-41f9-9eb1-cca4bf3fa7ec,model.options.HGU.spur.110.json,25,15,400,1200,12
e5cae13a-5b0c-4ea6-a0a5-c6677944fb5c,model.options.HGU.spur.110.json,25,15,650,400,3
ace1e79d-08b4-43dd-a6a3-0e82127ec7b6,model.options.HGU.spur.110.json,25,15,650,400,6
881947b1-87ca-46b9-8005-4592f4b86dbb,model.options.HGU.spur.110.json,25,15,650,400,9
dd53871e-f497-420a-b363-b645d9960223,model.options.HGU.spur.110.json,25,15,650,400,12
aaa4ea46-8d99-43f1-8d55-8965dfb2a091,model.options.HGU.spur.110.json,25,15,650,600,3
4f12a08f-6ed4-4dea-b521-0ca795951ca2,model.options.HGU.spur.110.json,25,15,650,600,6
5bf54c92-3040-4470-bb3c-2c401c05caf7,model.options.HGU.spur.110.json,25,15,650,600,9
1f35c468-6860-4797-8de7-3c7f9f15a62c,model.options.HGU.spur.110.json,25,15,650,600,12
b3b0bcbe-a1b0-4dec-9001-9daebd311a78,model.options.HGU.spur.110.json,25,15,650,1000,3
d46b1a2d-49fc-413b-837f-8d80e2a5f571,model.options.HGU.spur.110.json,25,15,650,1000,6
e1bfdaa1-455f-498e-8a48-0d95d203562d,model.options.HGU.spur.110.json,25,15,650,1000,9
17d203ae-7ebd-4dc1-b762-62c6fc64e1fb,model.options.HGU.spur.110.json,25,15,650,1000,12
dddb1514-8ac6-4127-96a3-14b94a3d4c11,model.options.HGU.spur.110.json,25,15,650,1200,3
df0743cf-62b0-4d60-8928-3a1c4a8f7d1f,model.options.HGU.spur.110.json,25,15,650,1200,6
39aaba15-463e-4886-9018-cfd409f9d2e4,model.options.HGU.spur.110.json,25,15,650,1200,9
d8376a10-62c9-46af-b15c-53e1c3540561,model.options.HGU.spur.110.json,25,15,650,1200,12
2101e40c-e04f-40ae-af82-10e56097ad82,model.options.HGU.spur.110.json,25,15,900,400,3
3252cc74-cf85-4214-8616-0a5468df26ef,model.options.HGU.spur.110.json,25,15,900,400,6
4e1e2c4a-25fd-4ae7-acdc-a185d6d74ccb,model.options.HGU.spur.110.json,25,15,900,400,9
4d784dd6-4d72-4782-a8cc-0d38ea0bed6a,model.options.HGU.spur.110.json,25,15,900,400,12
28a9ada3-033e-46b3-bf85-8b00fefcc762,model.options.HGU.spur.110.json,25,15,900,600,3
09f7d62f-fc17-445e-a300-2b12e48c6b1a,model.options.HGU.spur.110.json,25,15,900,600,6
37fa2609-b305-49a5-8fc1-d51f1907a89a,model.options.HGU.spur.110.json,25,15,900,600,9
842f6aac-632c-4e0a-93bd-d9d153c58180,model.options.HGU.spur.110.json,25,15,900,600,12
403113c0-38dd-4d91-a7f5-b3ae3529ee82,model.options.HGU.spur.110.json,25,15,900,1000,3
e360ff3f-3c57-4e37-aafd-44e9b4fcc0f3,model.options.HGU.spur.110.json,25,15,900,1000,6
0ff5f0ce-1300-4daa-aa8c-03138fd64689,model.options.HGU.spur.110.json,25,15,900,1000,9
07ad6eab-e59e-40bd-8462-3bba1f4ae900,model.options.HGU.spur.110.json,25,15,900,1000,12
cd4c9f19-c4d4-4990-bf4b-172778fdf122,model.options.HGU.spur.110.json,25,15,900,1200,3
7ef78b1d-7d59-4cd0-b483-bd1426d992e6,model.options.HGU.spur.110.json,25,15,900,1200,6
82c2f23b-d160-4442-adc3-48e60fd16278,model.options.HGU.spur.110.json,25,15,900,1200,9
256b15e2-25d2-4fd0-9e8a-81d8a52d8e0c,model.options.HGU.spur.110.json,25,15,900,1200,12
71366ba4-74f3-4df0-bcd2-d41df4976769,model.options.HGU.spur.110.json,25,15,1200,400,3
2999b721-a433-4b46-9536-fd9b1c7cf554,model.options.HGU.spur.110.json,25,15,1200,400,6
a5a1e786-0e53-4948-b73c-1b59cb3bf678,model.options.HGU.spur.110.json,25,15,1200,400,9
c59e5834-fe57-4a14-8019-ace1a755e757,model.options.HGU.spur.110.json,25,15,1200,400,12
50e0a14b-2728-4645-9960-5022b1ae603f,model.options.HGU.spur.110.json,25,15,1200,600,3
1fbd287c-283c-43a3-928b-23e9579c2724,model.options.HGU.spur.110.json,25,15,1200,600,6
2ee697b7-dcf0-48e3-b51d-4a4a90e7572a,model.options.HGU.spur.110.json,25,15,1200,600,9
cd1910f4-83dc-4dc2-b6e7-69e41d1a390f,model.options.HGU.spur.110.json,25,15,1200,600,12
60ec5b96-da6c-4df3-8dd0-a4b156829b4c,model.options.HGU.spur.110.json,25,15,1200,1000,3
afe8f5c0-b69f-452b-8177-1923a457dd86,model.options.HGU.spur.110.json,25,15,1200,1000,6
905c7ded-512a-4643-a4d7-cb5881c746f8,model.options.HGU.spur.110.json,25,15,1200,1000,9
2d795780-450e-4e61-8763-27d04627f91f,model.options.HGU.spur.110.json,25,15,1200,1000,12
53071b97-2eb4-4efb-9fba-fb8f0f073e48,model.options.HGU.spur.110.json,25,15,1200,1200,3
b8d7aea8-603c-4f24-9d14-7ca95a1b0833,model.options.HGU.spur.110.json,25,15,1200,1200,6
4f2d9215-012c-4315-bad3-ce8c464f369b,model.options.HGU.spur.110.json,25,15,1200,1200,9
4cf5045c-525e-466f-9bf9-3285d638952f,model.options.HGU.spur.110.json,25,15,1200,1200,12
4233fa8a-f7f7-4d18-b723-93acbda96f64,model.options.HGU.spur.110.json,25,20,400,400,3
151f59ab-cfaf-4f38-b03e-5f82a4d80714,model.options.HGU.spur.110.json,25,20,400,400,6
c520c978-09eb-491f-90ef-31749cc88d47,model.options.HGU.spur.110.json,25,20,400,400,9
0e945ba9-67e0-4b03-b5ab-1030250fb93d,model.options.HGU.spur.110.json,25,20,400,400,12
be54178d-b42a-448a-962e-95578e4d7148,model.options.HGU.spur.110.json,25,20,400,600,3
cf0e9301-bb0f-4072-96df-9463820d2391,model.options.HGU.spur.110.json,25,20,400,600,6
71da4fb5-ecab-4e6c-8819-6f5533e73e65,model.options.HGU.spur.110.json,25,20,400,600,9
f5c620a9-1c83-4772-8964-99ddcda8c8de,model.options.HGU.spur.110.json,25,20,400,600,12
653e64e8-639b-4029-9404-e809123670e9,model.options.HGU.spur.110.json,25,20,400,1000,3
1f49243b-1fde-4409-acc0-033d60cfa359,model.options.HGU.spur.110.json,25,20,400,1000,6
58d57d5e-e800-448f-a292-380e8045b316,model.options.HGU.spur.110.json,25,20,400,1000,9
51ea911b-446a-49c8-ae2b-2acd2307005f,model.options.HGU.spur.110.json,25,20,400,1000,12
d3c68347-d27d-46ef-b574-3d4936c67439,model.options.HGU.spur.110.json,25,20,400,1200,3
657dced4-4f1d-4289-b779-9e402f377a21,model.options.HGU.spur.110.json,25,20,400,1200,6
c0e11234-a3ea-4cdd-900e-f0f6ff279d6e,model.options.HGU.spur.110.json,25,20,400,1200,9
a14e4509-fbeb-4307-ae95-57536e25dbf2,model.options.HGU.spur.110.json,25,20,400,1200,12
fdf144e3-4a94-40ce-8ce1-f7bbb7839611,model.options.HGU.spur.110.json,25,20,650,400,3
fcb5b923-f480-4462-920e-885a9e16db02,model.options.HGU.spur.110.json,25,20,650,400,6
81f436d2-c70b-4ea3-9b46-f542f3db3c02,model.options.HGU.spur.110.json,25,20,650,400,9
1c481643-cac9-4439-807f-2ecb0bfc2cfd,model.options.HGU.spur.110.json,25,20,650,400,12
753d205e-7109-4086-a27a-c09eed61ed54,model.options.HGU.spur.110.json,25,20,650,600,3
1b995c14-9e71-4399-ada6-ff0186e5a696,model.options.HGU.spur.110.json,25,20,650,600,6
526f1a40-b770-4076-9d3e-07b97a28eb02,model.options.HGU.spur.110.json,25,20,650,600,9
4edda7f8-a152-4863-8e18-4465ea2535f8,model.options.HGU.spur.110.json,25,20,650,600,12
ec4a5817-217e-4554-ae22-d1c2114494c8,model.options.HGU.spur.110.json,25,20,650,1000,3
4198fb6d-c3b8-424f-abe8-3341d2141ba5,model.options.HGU.spur.110.json,25,20,650,1000,6
b85af8ea-640e-4314-8510-4bd7bbe103c8,model.options.HGU.spur.110.json,25,20,650,1000,9
bf2f140f-efa6-4a62-af0f-0ad55a916a75,model.options.HGU.spur.110.json,25,20,650,1000,12
54488881-369e-43b7-9568-0832f6f23717,model.options.HGU.spur.110.json,25,20,650,1200,3
27c2f228-3ed4-4099-aa8c-68d84b51b1d8,model.options.HGU.spur.110.json,25,20,650,1200,6
7758de6d-9f02-4c37-b0f8-3255e9e2c225,model.options.HGU.spur.110.json,25,20,650,1200,9
58f47d82-f3c8-4850-ad87-9b6c718682af,model.options.HGU.spur.110.json,25,20,650,1200,12
d22585e4-d2be-42e4-8a6f-f691cb44702c,model.options.HGU.spur.110.json,25,20,900,400,3
3e4ac639-3719-4535-a945-3ba9d0784132,model.options.HGU.spur.110.json,25,20,900,400,6
fb09306d-16f3-451a-8628-1cfb8ac35ffe,model.options.HGU.spur.110.json,25,20,900,400,9
4407b6b4-e104-4e40-8006-dd78d117202a,model.options.HGU.spur.110.json,25,20,900,400,12
417e3441-350d-44a4-93c1-78441fa56841,model.options.HGU.spur.110.json,25,20,900,600,3
b8ca05a1-f10d-4d34-8d88-eb5388211830,model.options.HGU.spur.110.json,25,20,900,600,6
0d8aa28a-e3b8-4bb8-8bd4-523eae72cd4d,model.options.HGU.spur.110.json,25,20,900,600,9
25ffc29f-2dc1-4c35-b9a3-cd2028860f0d,model.options.HGU.spur.110.json,25,20,900,600,12
dd5c9bdb-6781-426d-b712-96abb1669135,model.options.HGU.spur.110.json,25,20,900,1000,3
f5d679a3-a637-47a0-9ed1-c4bd27b0c52e,model.options.HGU.spur.110.json,25,20,900,1000,6
b6880a71-603a-4ea7-aa77-e52e3a0ae238,model.options.HGU.spur.110.json,25,20,900,1000,9
f8f6a8cd-b38a-483b-9e3f-3c85108af764,model.options.HGU.spur.110.json,25,20,900,1000,12
8701f197-11a4-45cb-bf31-5e84efae79f8,model.options.HGU.spur.110.json,25,20,900,1200,3
9ad87ede-743a-47a3-b81f-7ff830da5305,model.options.HGU.spur.110.json,25,20,900,1200,6
135d9fdf-441c-4224-a60d-ddbe1669db3d,model.options.HGU.spur.110.json,25,20,900,1200,9
b7d47498-1705-4692-8b9c-195b7b9fdf7e,model.options.HGU.spur.110.json,25,20,900,1200,12
96486ac6-a9aa-4141-8ecc-ac4e4cf7d309,model.options.HGU.spur.110.json,25,20,1200,400,3
331c1684-5980-41f5-88b5-e3a2fcfb8122,model.options.HGU.spur.110.json,25,20,1200,400,6
1e911a95-49ab-46c3-9cff-1b0c3c8ce8c4,model.options.HGU.spur.110.json,25,20,1200,400,9
3c5bc552-8d6a-41f9-8b8d-dc0f4cc76650,model.options.HGU.spur.110.json,25,20,1200,400,12
16cc8be5-36f9-4577-be83-b7d942fec21d,model.options.HGU.spur.110.json,25,20,1200,600,3
4f5fc497-f156-4744-af9a-1615b16c36de,model.options.HGU.spur.110.json,25,20,1200,600,6
9e8ebd5f-1b7c-47f1-86b6-12b4669bf6af,model.options.HGU.spur.110.json,25,20,1200,600,9
409cd8c2-c53e-486b-ace1-ec184f1527bd,model.options.HGU.spur.110.json,25,20,1200,600,12
33512097-f882-4307-99dc-c05ac7e645d4,model.options.HGU.spur.110.json,25,20,1200,1000,3
bc847d9b-129f-4265-9d3e-1b3eea746d44,model.options.HGU.spur.110.json,25,20,1200,1000,6
1b9664cd-fd96-4ac2-8fd9-c6059c25505c,model.options.HGU.spur.110.json,25,20,1200,1000,9
85ee7b1e-1471-45c8-ab18-fdf91e95a817,model.options.HGU.spur.110.json,25,20,1200,1000,12
21d7b21b-ebfb-42b3-82e4-86f7cb42f3ea,model.options.HGU.spur.110.json,25,20,1200,1200,3
4edc635d-a903-4bbf-aadd-db0f8ec7d6af,model.options.HGU.spur.110.json,25,20,1200,1200,6
e86481e8-f4e4-45f9-a050-8f10ec1d5dbc,model.options.HGU.spur.110.json,25,20,1200,1200,9
50901ed1-7c7c-405d-9a2d-dae0d6e37077,model.options.HGU.spur.110.json,25,20,1200,1200,12
f44e7eb7-9b01-4a98-a9e2-89e5a364bcca,model.options.HGU.spur.110.json,30,15,400,400,3
9bc9d7a8-5b72-4d0d-92d7-87fdfb3a434c,model.options.HGU.spur.110.json,30,15,400,400,6
0f0d3a24-f2d1-40e9-ab19-ddecf9f498e5,model.options.HGU.spur.110.json,30,15,400,400,9
00a70f8c-639a-4808-97c3-c6d89362c973,model.options.HGU.spur.110.json,30,15,400,400,12
72b46a52-0750-4b58-9c93-c187f75c14e7,model.options.HGU.spur.110.json,30,15,400,600,3
3b30dbe5-09eb-46d1-ad6e-27f621bc4ca1,model.options.HGU.spur.110.json,30,15,400,600,6
fd508edc-b093-4cf4-95e2-885e42e484dd,model.options.HGU.spur.110.json,30,15,400,600,9
a0b8f85b-a924-4e02-8c1e-55d198136652,model.options.HGU.spur.110.json,30,15,400,600,12
18ba1de0-4591-4b7e-bf21-810a06e38af0,model.options.HGU.spur.110.json,30,15,400,1000,3
13fe628c-a35e-45f8-af0d-e080c818fbd0,model.options.HGU.spur.110.json,30,15,400,1000,6
1ddc4196-4861-44b9-96bd-463e521b0736,model.options.HGU.spur.110.json,30,15,400,1000,9
26d28d82-7336-4cc7-ac37-b1d470c34176,model.options.HGU.spur.110.json,30,15,400,1000,12
272eff5d-8325-48e3-bf75-c5e3bdf47b86,model.options.HGU.spur.110.json,30,15,400,1200,3
ba96963b-07b8-4674-a449-bb3d5061c37c,model.options.HGU.spur.110.json,30,15,400,1200,6
f5c39d8f-63e8-4f32-9948-1a3cd5102e8d,model.options.HGU.spur.110.json,30,15,400,1200,9
7912015a-48ee-4a54-9fe7-11ab3372c50c,model.options.HGU.spur.110.json,30,15,400,1200,12
fa17e55b-8d2d-4dc3-a797-40bdde00bdca,model.options.HGU.spur.110.json,30,15,650,400,3
83efad34-faaf-486b-aeeb-c4c68a28a842,model.options.HGU.spur.110.json,30,15,650,400,6
0b87f459-0fc5-431c-9ac9-f13b916cc6f1,model.options.HGU.spur.110.json,30,15,650,400,9
22e20d2f-df56-452f-96f3-8e85560f98be,model.options.HGU.spur.110.json,30,15,650,400,12
4755e59e-ede6-4bf5-aa5b-6ed909ddf398,model.options.HGU.spur.110.json,30,15,650,600,3
2a3940f0-9077-4242-8b88-7bbcc8017836,model.options.HGU.spur.110.json,30,15,650,600,6
56c159a1-795e-4aa1-83e7-17eb3c74fc72,model.options.HGU.spur.110.json,30,15,650,600,9
f38222a9-a41c-4b9f-80e3-9c98cb63382d,model.options.HGU.spur.110.json,30,15,650,600,12
21e5b609-377b-435e-a873-c0aac2381800,model.options.HGU.spur.110.json,30,15,650,1000,3
f06de8b7-3484-4bd8-9c42-ba070761366e,model.options.HGU.spur.110.json,30,15,650,1000,6
d97a7201-eb7d-4e4f-99da-57e675d40a96,model.options.HGU.spur.110.json,30,15,650,1000,9
3790b3ac-1457-4f03-b095-1348a2696538,model.options.HGU.spur.110.json,30,15,650,1000,12
ea076502-8abe-45bb-927f-2b8084e2122a,model.options.HGU.spur.110.json,30,15,650,1200,3
9381496f-3484-46f2-9d76-25a7bb83b1d7,model.options.HGU.spur.110.json,30,15,650,1200,6
0aab6f00-48c8-40fd-9a0c-bf500501b037,model.options.HGU.spur.110.json,30,15,650,1200,9
597496cc-5f02-44b4-9763-fe19e982bbec,model.options.HGU.spur.110.json,30,15,650,1200,12
250af85d-bbac-452a-8cf9-a3d2cccdcc1a,model.options.HGU.spur.110.json,30,15,900,400,3
5ea1b64c-2d5c-4dd3-9636-cca3d12547df,model.options.HGU.spur.110.json,30,15,900,400,6
637af466-dafd-4bca-b37d-9586330fe062,model.options.HGU.spur.110.json,30,15,900,400,9
2a41c144-ad06-4269-a6db-5ab0a5d5a5fd,model.options.HGU.spur.110.json,30,15,900,400,12
f348bd69-51c8-4a5e-9c4c-ab28bb6d403e,model.options.HGU.spur.110.json,30,15,900,600,3
dd1a5945-1b56-4b24-a9a1-cbdffee7999e,model.options.HGU.spur.110.json,30,15,900,600,6
17ec3098-67ed-4d43-9c3b-fa4569e20ed6,model.options.HGU.spur.110.json,30,15,900,600,9
d0cc2116-0641-49fb-a61b-81ec5e63a641,model.options.HGU.spur.110.json,30,15,900,600,12
cfd95a18-0033-46d2-a610-0a562ae5984c,model.options.HGU.spur.110.json,30,15,900,1000,3
efcbec6f-e4e8-403b-a076-42884d4c9fa8,model.options.HGU.spur.110.json,30,15,900,1000,6
479c4c43-9730-46d7-9e03-0db090bb56c7,model.options.HGU.spur.110.json,30,15,900,1000,9
9cbb4ec4-9659-4c55-9327-7d2abae1a6f8,model.options.HGU.spur.110.json,30,15,900,1000,12
80ad6675-d110-46bd-a3d1-dd2ad9bbbc99,model.options.HGU.spur.110.json,30,15,900,1200,3
e990a8c1-1134-42e5-96c6-ec61e4be4ce1,model.options.HGU.spur.110.json,30,15,900,1200,6
68cfdfff-df0c-4473-8226-94fa58e414be,model.options.HGU.spur.110.json,30,15,900,1200,9
a1a53abb-2208-420d-b5ed-9b1fb0eb2483,model.options.HGU.spur.110.json,30,15,900,1200,12
3944d914-d81d-4abe-971a-0a6fa909c770,model.options.HGU.spur.110.json,30,15,1200,400,3
983fc4c0-bca8-418c-84e2-7661e642818c,model.options.HGU.spur.110.json,30,15,1200,400,6
84370744-2b12-4a16-994e-716ce19296db,model.options.HGU.spur.110.json,30,15,1200,400,9
02869265-5d5c-457f-9acc-c4fe5ae4d6d5,model.options.HGU.spur.110.json,30,15,1200,400,12
316ea9f7-932b-4a66-973b-06846338627a,model.options.HGU.spur.110.json,30,15,1200,600,3
4d54f13b-d66a-41dc-9cdc-a9d43539ad39,model.options.HGU.spur.110.json,30,15,1200,600,6
df016081-1f2b-4872-8909-0e4627d9dad5,model.options.HGU.spur.110.json,30,15,1200,600,9
36b54762-47ea-4664-8ec4-8e7c48eb4564,model.options.HGU.spur.110.json,30,15,1200,600,12
b10a2485-1e6e-46b4-a919-cdb451f71bc4,model.options.HGU.spur.110.json,30,15,1200,1000,3
1174903c-c4fa-4976-bbf0-d48ee5c45b83,model.options.HGU.spur.110.json,30,15,1200,1000,6
c57b368e-9722-4b22-83dd-10895233d6ce,model.options.HGU.spur.110.json,30,15,1200,1000,9
98bdb023-982e-4571-ab55-9fa2a24bf7ad,model.options.HGU.spur.110.json,30,15,1200,1000,12
50625f1e-727a-4843-a5f7-1688cbc5853f,model.options.HGU.spur.110.json,30,15,1200,1200,3
e33da09b-e18c-4175-bac0-95b62c5297f0,model.options.HGU.spur.110.json,30,15,1200,1200,6
f9c9b60e-bb2b-44cc-bf2e-405b2db084cd,model.options.HGU.spur.110.json,30,15,1200,1200,9
70e4780f-9647-47a4-82e0-9f3a92b9c1bf,model.options.HGU.spur.110.json,30,15,1200,1200,12
bf18d996-1737-47ea-829b-ce2fb574dd28,model.options.HGU.spur.110.json,30,20,400,400,3
a73d6a91-1484-4f35-8254-25db71205185,model.options.HGU.spur.110.json,30,20,400,400,6
1492ae6e-31e9-4c84-8498-ed23f0242572,model.options.HGU.spur.110.json,30,20,400,400,9
c67953e4-87f2-49b5-ae9d-c0742c6bf67f,model.options.HGU.spur.110.json,30,20,400,400,12
0fdd4ccb-7be3-43b1-b14e-63772cf64d81,model.options.HGU.spur.110.json,30,20,400,600,3
08225c4f-b853-4088-bb74-461f43b5e53b,model.options.HGU.spur.110.json,30,20,400,600,6
614b7310-2800-4b1a-bd3e-16801a6aba48,model.options.HGU.spur.110.json,30,20,400,600,9
f4addc5c-3aac-4eeb-821b-fcf5abf92e25,model.options.HGU.spur.110.json,30,20,400,600,12
4a08005f-3cc1-40c2-835b-4a71a34ca2e7,model.options.HGU.spur.110.json,30,20,400,1000,3
562ed6a4-50d1-4f2b-a811-8d95b8849bf2,model.options.HGU.spur.110.json,30,20,400,1000,6
667b2c81-9e4f-450a-93db-136581f79f6f,model.options.HGU.spur.110.json,30,20,400,1000,9
177cf1b1-f788-4ee0-adf9-6813934d3d17,model.options.HGU.spur.110.json,30,20,400,1000,12
9e3adc51-29cd-4d30-a74e-93a7b53da86d,model.options.HGU.spur.110.json,30,20,400,1200,3
3b8f69f4-ecc4-4435-9f85-29724b78fc44,model.options.HGU.spur.110.json,30,20,400,1200,6
2aa915cd-db36-406e-9ff9-98a542a6892e,model.options.HGU.spur.110.json,30,20,400,1200,9
ab7cffd8-f679-4ef0-991f-99c82f87b95c,model.options.HGU.spur.110.json,30,20,400,1200,12
c8426515-c8bf-4252-954f-a480d3323e0d,model.options.HGU.spur.110.json,30,20,650,400,3
4889a587-a105-4fd9-92c4-35f9564992bd,model.options.HGU.spur.110.json,30,20,650,400,6
81b8d356-370c-4509-aeeb-c391e874868b,model.options.HGU.spur.110.json,30,20,650,400,9
43a12912-dbf1-4e1a-928a-ecd55709a91d,model.options.HGU.spur.110.json,30,20,650,400,12
16cf82c6-5bfa-4cf9-bfa6-5fb698f3ab3d,model.options.HGU.spur.110.json,30,20,650,600,3
758d85fa-73e0-4e0e-bfb4-05ef066b97ff,model.options.HGU.spur.110.json,30,20,650,600,6
f5d1f940-d6a3-4c67-8a03-b509b54f7921,model.options.HGU.spur.110.json,30,20,650,600,9
8fd5da8f-de71-4698-a79e-98bafa1348a8,model.options.HGU.spur.110.json,30,20,650,600,12
5dc0a2b7-3cc0-4def-bd12-0b107f808987,model.options.HGU.spur.110.json,30,20,650,1000,3
a8d79668-558f-42e2-8923-948ce6db48c3,model.options.HGU.spur.110.json,30,20,650,1000,6
d63ddcdc-c362-491e-8c7f-a3f53377912f,model.options.HGU.spur.110.json,30,20,650,1000,9
da3c927a-f379-4344-9c1f-2f297fd4ef0b,model.options.HGU.spur.110.json,30,20,650,1000,12
6c858bd2-4738-4063-a005-190c8e7da9e1,model.options.HGU.spur.110.json,30,20,650,1200,3
54b3949b-b93d-435f-84fe-61f7cfa6deb0,model.options.HGU.spur.110.json,30,20,650,1200,6
afc6619d-65e2-4c7e-9aff-fb39e261e307,model.options.HGU.spur.110.json,30,20,650,1200,9
91d01887-d105-48aa-9271-5217786cc400,model.options.HGU.spur.110.json,30,20,650,1200,12
68d21101-27c2-4f28-9155-04492759034e,model.options.HGU.spur.110.json,30,20,900,400,3
2fc5e854-8c51-4873-a7b6-da844421a58f,model.options.HGU.spur.110.json,30,20,900,400,6
56ec5ac4-628b-4480-a0fb-61b6f5465ebd,model.options.HGU.spur.110.json,30,20,900,400,9
a3dbb751-f4dd-468e-bb1d-688c11b334ce,model.options.HGU.spur.110.json,30,20,900,400,12
8712b8db-995d-44fc-9822-abe0f4568479,model.options.HGU.spur.110.json,30,20,900,600,3
450d1715-9393-43df-a1a1-63da2b9a69d6,model.options.HGU.spur.110.json,30,20,900,600,6
1f36f8b7-4d1b-4fd4-9163-e713184e122d,model.options.HGU.spur.110.json,30,20,900,600,9
dc2a8f10-3f2e-4bc3-b704-aacd29a89bbd,model.options.HGU.spur.110.json,30,20,900,600,12
d91f8749-18c5-4021-ad0e-60208a9bb0fc,model.options.HGU.spur.110.json,30,20,900,1000,3
d91db57f-2811-4a09-b4f5-b145b9409749,model.options.HGU.spur.110.json,30,20,900,1000,6
ab0b0e8c-78d3-4a12-816d-707401da44fa,model.options.HGU.spur.110.json,30,20,900,1000,9
9d5194e6-6a6a-4cf6-a2be-a679e7795dae,model.options.HGU.spur.110.json,30,20,900,1000,12
4f3447fe-c355-48fe-a181-df94847648f7,model.options.HGU.spur.110.json,30,20,900,1200,3
b431ed2a-3e73-424e-a3fa-1943f2a4227b,model.options.HGU.spur.110.json,30,20,900,1200,6
a44f90fe-a9bb-4417-8226-12272a6e9c09,model.options.HGU.spur.110.json,30,20,900,1200,9
08eb1b48-77d2-4574-9da5-b697bc571bf9,model.options.HGU.spur.110.json,30,20,900,1200,12
5f90fc93-6a71-466d-b7d2-f17f040d955b,model.options.HGU.spur.110.json,30,20,1200,400,3
7ee8997e-b68b-4dd7-b59d-b6748000b309,model.options.HGU.spur.110.json,30,20,1200,400,6
39226abd-7b14-4075-999a-15b694ae23e1,model.options.HGU.spur.110.json,30,20,1200,400,9
9edc8b69-53ee-4253-b3b8-295ed528123b,model.options.HGU.spur.110.json,30,20,1200,400,12
30d1dfed-6741-445a-b850-9a9eb4cfa5e2,model.options.HGU.spur.110.json,30,20,1200,600,3
72e5a4df-d5c4-44d8-8409-e1a93971e67e,model.options.HGU.spur.110.json,30,20,1200,600,6
91328096-0661-4824-9e87-bbe790c970fa,model.options.HGU.spur.110.json,30,20,1200,600,9
3d7fe911-64d0-44b1-bfd8-e516a2108cfa,model.options.HGU.spur.110.json,30,20,1200,600,12
57df86a1-cf41-4300-87d6-cc0e55417983,model.options.HGU.spur.110.json,30,20,1200,1000,3
b7529abc-a1c0-4ea2-a5c8-04632e1dbf58,model.options.HGU.spur.110.json,30,20,1200,1000,6
6d6be6ad-8fe0-4f43-9e03-351359b0a05b,model.options.HGU.spur.110.json,30,20,1200,1000,9
aaddf655-d57c-4fcd-a975-9432e81272b6,model.options.HGU.spur.110.json,30,20,1200,1000,12
5f5a53ff-1876-408e-b855-ab44970b759b,model.options.HGU.spur.110.json,30,20,1200,1200,3
f5210d8b-6085-431c-884d-03ba08df8142,model.options.HGU.spur.110.json,30,20,1200,1200,6
f0999d7f-c108-4e50-a2d3-d3c9fc6387a1,model.options.HGU.spur.110.json,30,20,1200,1200,9
3c434082-162b-415f-a49b-53cbd9700e12,model.options.HGU.spur.110.json,30,20,1200,1200,12
584a9f5e-6923-440d-9bb0-473d91d7fbff,model.options.HGU.spur.json,25,15,400,400,3
eba34e21-265c-4953-bc53-49f7f259def9,model.options.HGU.spur.json,25,15,400,400,6
7de1352f-ad3a-41aa-9da6-a96fcf170f04,model.options.HGU.spur.json,25,15,400,400,9
b15ef73a-73ca-40ae-a4ec-a0eebaf569c9,model.options.HGU.spur.json,25,15,400,400,12
ad917dc4-e13f-445f-ba78-b98a1f76b27e,model.options.HGU.spur.json,25,15,400,600,3
21fe5fbc-7549-46e2-8529-40cb50cf9c30,model.options.HGU.spur.json,25,15,400,600,6
1f36db03-a39c-476c-b4c9-0bff416ff7be,model.options.HGU.spur.json,25,15,400,600,9
ab2bf8aa-e823-450b-b43e-e1e3c63574f2,model.options.HGU.spur.json,25,15,400,600,12
c2f6c2fb-86a5-445d-81d0-1e7055e98729,model.options.HGU.spur.json,25,15,400,1000,3
f073a568-4328-4c90-8e73-9ab6a54bb8de,model.options.HGU.spur.json,25,15,400,1000,6
79456368-4e9e-4587-91b2-ee124ec20447,model.options.HGU.spur.json,25,15,400,1000,9
5f46b9f9-e602-4099-8b9f-d5ee72c181ef,model.options.HGU.spur.json,25,15,400,1000,12
74f3f8f4-e9c8-4a99-a9d5-868fcd717790,model.options.HGU.spur.json,25,15,400,1200,3
9045f608-f48b-4cc6-9e7e-15c0b4810c9c,model.options.HGU.spur.json,25,15,400,1200,6
0a32ff04-1c34-4276-81a1-5d5c4e5953e4,model.options.HGU.spur.json,25,15,400,1200,9
e8cc314a-3776-499f-a8cf-0d0e68052f2e,model.options.HGU.spur.json,25,15,400,1200,12
d90ac6ac-2843-48c3-8628-97b5ac06c484,model.options.HGU.spur.json,25,15,650,400,3
13f8f38f-5b03-4a67-963d-4f7f9cd12f56,model.options.HGU.spur.json,25,15,650,400,6
21a75fb1-3725-4354-ae31-19052e3e1c0a,model.options.HGU.spur.json,25,15,650,400,9
741ba9b4-3f30-4161-bde3-56a4b5bc3d13,model.options.HGU.spur.json,25,15,650,400,12
311a366d-0280-43ef-ac73-622b68abe29c,model.options.HGU.spur.json,25,15,650,600,3
1b01820d-c177-4dbf-a2eb-5056f300abef,model.options.HGU.spur.json,25,15,650,600,6
dd70fde0-fbf6-4039-871a-a5036bede4bc,model.options.HGU.spur.json,25,15,650,600,9
0e3b41a9-9cc5-4260-b0ed-85ffab7c6eab,model.options.HGU.spur.json,25,15,650,600,12
293d5116-9e27-4408-bb8e-c902f63ada1a,model.options.HGU.spur.json,25,15,650,1000,3
db43268a-c24e-4a63-9434-33cb6ffcf755,model.options.HGU.spur.json,25,15,650,1000,6
e9d9a8bd-4e2c-41bd-b218-6fbd70f0763d,model.options.HGU.spur.json,25,15,650,1000,9
36589477-07f4-47b1-a5de-7bd6904a3ef9,model.options.HGU.spur.json,25,15,650,1000,12
f05c4d5a-bb19-4552-8027-3753f28437f2,model.options.HGU.spur.json,25,15,650,1200,3
04b068f7-ff65-40b5-9a93-261e4d2ad3ee,model.options.HGU.spur.json,25,15,650,1200,6
56516b0c-96d0-4acd-adc4-7d574b22af66,model.options.HGU.spur.json,25,15,650,1200,9
538ac339-b697-4668-9284-dd67cb7c9263,model.options.HGU.spur.json,25,15,650,1200,12
2143662f-990c-4b37-83fc-a834d77da820,model.options.HGU.spur.json,25,15,900,400,3
2e92e5ad-8b9f-4643-985e-1beea1bf03b2,model.options.HGU.spur.json,25,15,900,400,6
6ace9b92-6601-4feb-a3b3-4aa82992f420,model.options.HGU.spur.json,25,15,900,400,9
dcccd3d6-ded1-4c95-99e7-959eaa817986,model.options.HGU.spur.json,25,15,900,400,12
e05c6179-4c19-4bbc-8845-a0a77a8ef3c1,model.options.HGU.spur.json,25,15,900,600,3
3ed448cf-6f02-477a-bc72-2f6c8cd34129,model.options.HGU.spur.json,25,15,900,600,6
4a66fe2a-65c2-4d64-acf6-15927d1d005d,model.options.HGU.spur.json,25,15,900,600,9
059a2f2a-0a51-4b08-bcd5-ab7687319ae5,model.options.HGU.spur.json,25,15,900,600,12
143f57a5-5867-4933-8bbf-871a47e9a795,model.options.HGU.spur.json,25,15,900,1000,3
093743b0-c462-411a-a92f-3ef76b44e54a,model.options.HGU.spur.json,25,15,900,1000,6
db06b4ff-32e2-48c2-bc74-76fe00f05094,model.options.HGU.spur.json,25,15,900,1000,9
adbba663-bff6-43bf-8f18-49f349fab555,model.options.HGU.spur.json,25,15,900,1000,12
99f467cf-4fc6-43db-bdc6-1032daae602b,model.options.HGU.spur.json,25,15,900,1200,3
68291376-2afd-400e-815c-b08b6d14703c,model.options.HGU.spur.json,25,15,900,1200,6
6b7336e4-a9c4-4521-8f13-d576412cae8d,model.options.HGU.spur.json,25,15,900,1200,9
fa30aad4-818e-40db-a90e-c7e8c61ef075,model.options.HGU.spur.json,25,15,900,1200,12
c2785c5b-d3e1-4fbd-b453-07da1fd553e5,model.options.HGU.spur.json,25,15,1200,400,3
44862ee4-5670-4542-8372-17a22ed6764b,model.options.HGU.spur.json,25,15,1200,400,6
d23df16d-ccdc-4848-8157-d5b70c9d3b51,model.options.HGU.spur.json,25,15,1200,400,9
268a4975-04cf-4432-8dd1-a87e99f689a5,model.options.HGU.spur.json,25,15,1200,400,12
f337ac32-89b7-440a-9c68-13fdea6e8426,model.options.HGU.spur.json,25,15,1200,600,3
7aadb217-284d-4cd7-9581-6e08d99b7424,model.options.HGU.spur.json,25,15,1200,600,6
9b5540ff-8fa8-4a11-8551-987bc660d521,model.options.HGU.spur.json,25,15,1200,600,9
510f4794-ecaf-435a-8ad2-1f6029a26e54,model.options.HGU.spur.json,25,15,1200,600,12
a8145093-8e09-4e93-935e-666a414c9dc9,model.options.HGU.spur.json,25,15,1200,1000,3
cea37354-5ae3-4696-8585-289351f16cf5,model.options.HGU.spur.json,25,15,1200,1000,6
acd9893a-50b7-4ca5-a9a1-72849125797b,model.options.HGU.spur.json,25,15,1200,1000,9
8fd39344-241b-46c5-a4e2-24cbdc96424c,model.options.HGU.spur.json,25,15,1200,1000,12
d48e8c6a-71eb-48cf-a9b6-c38acf61a91b,model.options.HGU.spur.json,25,15,1200,1200,3
cf9a7bb6-e9dc-41ca-91c0-60bc574a7411,model.options.HGU.spur.json,25,15,1200,1200,6
9ec75a4a-8523-4513-9961-950372a54bec,model.options.HGU.spur.json,25,15,1200,1200,9
52d455f6-9b47-45b0-986a-8fd9658f7165,model.options.HGU.spur.json,25,15,1200,1200,12
f2ed6119-3543-4c82-87bb-b47797967b8d,model.options.HGU.spur.json,25,20,400,400,3
a5fd9a16-a059-457c-a3ec-d1edf8b4e256,model.options.HGU.spur.json,25,20,400,400,6
1ea68095-1319-4330-981e-94d8a5b0c6a5,model.options.HGU.spur.json,25,20,400,400,9
836765d6-a940-4884-ba7f-58dc353e8c6c,model.options.HGU.spur.json,25,20,400,400,12
91650e33-b58a-4c0c-b64f-289442dababc,model.options.HGU.spur.json,25,20,400,600,3
9a813de6-4442-441c-a1de-e7dbe142738d,model.options.HGU.spur.json,25,20,400,600,6
16f1f2be-de77-43af-8b5b-43e102868412,model.options.HGU.spur.json,25,20,400,600,9
bb2453e4-559e-434f-88ea-de00f83a3553,model.options.HGU.spur.json,25,20,400,600,12
7add2a1b-718b-48a0-835f-f799362cf2eb,model.options.HGU.spur.json,25,20,400,1000,3
763c1e40-0155-4e4f-991d-a2463500cb28,model.options.HGU.spur.json,25,20,400,1000,6
6bc758f5-54e0-4042-ac4b-42824ca505f3,model.options.HGU.spur.json,25,20,400,1000,9
0a2fbeb3-14c8-4188-8278-912af5ce83b0,model.options.HGU.spur.json,25,20,400,1000,12
c9c367d7-c337-422d-a35d-cebfc482071b,model.options.HGU.spur.json,25,20,400,1200,3
921225db-968b-4353-acf4-65be0a0c38a5,model.options.HGU.spur.json,25,20,400,1200,6
97271e33-6934-4b3a-b083-812b198453cd,model.options.HGU.spur.json,25,20,400,1200,9
f2bbe09d-1b0b-4d68-a041-4d6d177403b0,model.options.HGU.spur.json,25,20,400,1200,12
2230e4ec-4665-4756-bbec-c84f43a25ec4,model.options.HGU.spur.json,25,20,650,400,3
e7d6fe4d-f592-4dcf-b36b-3e23ca4ade21,model.options.HGU.spur.json,25,20,650,400,6
91afade7-9c63-4078-bb68-85da603f244f,model.options.HGU.spur.json,25,20,650,400,9
7512f9c2-70d3-492b-a27c-d05a8260200d,model.options.HGU.spur.json,25,20,650,400,12
28917cd9-7b6c-4828-b0f0-144f247800b6,model.options.HGU.spur.json,25,20,650,600,3
29ebda1f-ed10-4bf8-a7c0-b731a2f398cd,model.options.HGU.spur.json,25,20,650,600,6
0386e2f3-811e-4eda-ac68-4369feddfb73,model.options.HGU.spur.json,25,20,650,600,9
83183cb1-31d2-48cd-8d15-42c298b69f33,model.options.HGU.spur.json,25,20,650,600,12
80eb073c-a7a8-457b-8036-a8e9b693e979,model.options.HGU.spur.json,25,20,650,1000,3
00e434a3-81f0-4b02-9f29-fe20d2880bdf,model.options.HGU.spur.json,25,20,650,1000,6
36117dba-3b66-4feb-b90d-a99ff33a8748,model.options.HGU.spur.json,25,20,650,1000,9
ed308ac6-fcdf-41a8-81f3-ee18415274bf,model.options.HGU.spur.json,25,20,650,1000,12
4cf3145c-befb-4d2a-91b9-53fa7841969c,model.options.HGU.spur.json,25,20,650,1200,3
903a7970-2e57-439b-936c-fd1478b1d1d3,model.options.HGU.spur.json,25,20,650,1200,6
1dea8e4d-1e13-45bc-85b4-f9e7edd5d654,model.options.HGU.spur.json,25,20,650,1200,9
dbde8cd0-94c2-4294-a1bd-cf237a99201c,model.options.HGU.spur.json,25,20,650,1200,12
697d0352-396e-4aaf-8cc8-1cd99a97b56b,model.options.HGU.spur.json,25,20,900,400,3
a570cc19-bef4-4633-b157-8e0b9f6035d5,model.options.HGU.spur.json,25,20,900,400,6
9add6ed7-29cc-47b0-ada4-bdb955c447fa,model.options.HGU.spur.json,25,20,900,400,9
e74eb2cf-e3f2-43a8-a31a-308cef073b3e,model.options.HGU.spur.json,25,20,900,400,12
286d0b62-6fd9-42e8-a5ca-a8c3740ae1b3,model.options.HGU.spur.json,25,20,900,600,3
ca7bb577-f0ea-40da-9cf9-0d0bc2350933,model.options.HGU.spur.json,25,20,900,600,6
128749fe-d8b7-4557-85f0-06795523afcd,model.options.HGU.spur.json,25,20,900,600,9
85ac9b04-f905-44da-af81-a1b8d3d67c35,model.options.HGU.spur.json,25,20,900,600,12
14e1550f-578e-44c6-b4bd-e320d4d15db8,model.options.HGU.spur.json,25,20,900,1000,3
f6ea2ca0-1c22-4ad0-9ae1-eb5dadca9a17,model.options.HGU.spur.json,25,20,900,1000,6
8d402452-d9a6-42f1-ac51-9b38797748de,model.options.HGU.spur.json,25,20,900,1000,9
c5af5c29-9887-4338-b234-1d2dd5348170,model.options.HGU.spur.json,25,20,900,1000,12
e5ed437c-8712-4ec0-b2fc-561d97d7f477,model.options.HGU.spur.json,25,20,900,1200,3
d452e6c9-3ac5-4e96-ae8e-ed3be57d74ae,model.options.HGU.spur.json,25,20,900,1200,6
b23d94c9-3cad-4f62-ad28-75633118e0a4,model.options.HGU.spur.json,25,20,900,1200,9
e4f33015-d695-47bf-a282-19c55ef6089b,model.options.HGU.spur.json,25,20,900,1200,12
87b2139d-3312-4453-aff5-4b37e08d8cee,model.options.HGU.spur.json,25,20,1200,400,3
d1c19185-bbb7-4bf2-b4c3-631c181b7d20,model.options.HGU.spur.json,25,20,1200,400,6
425218f0-ac52-49f1-8a52-e7f9e11be5d2,model.options.HGU.spur.json,25,20,1200,400,9
ad9631a8-b8c2-4e25-ad2a-1677e5dd3950,model.options.HGU.spur.json,25,20,1200,400,12
348f1a05-6a5a-40e8-853e-64b9abf7c985,model.options.HGU.spur.json,25,20,1200,600,3
5f10e6b0-b0de-46f0-a9b4-152c21cf36a1,model.options.HGU.spur.json,25,20,1200,600,6
82064742-a9df-4660-b96f-8b5f83ce963d,model.options.HGU.spur.json,25,20,1200,600,9
19098ec0-7b2a-4d0c-b5e1-9716e7177a87,model.options.HGU.spur.json,25,20,1200,600,12
7b466df5-4b45-4ef6-8749-80c87d485626,model.options.HGU.spur.json,25,20,1200,1000,3
b6852e60-00cb-430f-bcf1-bd41f61142a7,model.options.HGU.spur.json,25,20,1200,1000,6
29780e34-7072-4289-9a71-0cdb1b7bf79b,model.options.HGU.spur.json,25,20,1200,1000,9
40313de7-5499-42e5-a056-10b277bcc3e1,model.options.HGU.spur.json,25,20,1200,1000,12
d9b236b4-eb19-4bed-9af8-a75bbf694e87,model.options.HGU.spur.json,25,20,1200,1200,3
4481ea3c-bfcf-4c38-a06e-e4f9dc706227,model.options.HGU.spur.json,25,20,1200,1200,6
8c6f1fcb-d0f7-4a39-a089-8a3b06d71f5d,model.options.HGU.spur.json,25,20,1200,1200,9
0721d805-cee0-4fc9-b2a0-043dc704dfc1,model.options.HGU.spur.json,25,20,1200,1200,12
494bb558-dbd7-443d-aad9-3d58f311f172,model.options.HGU.spur.json,30,15,400,400,3
45504450-df67-4daa-86bc-c4877f437ff2,model.options.HGU.spur.json,30,15,400,400,6
7dbaa71d-3bad-40a2-95ba-797da8b12430,model.options.HGU.spur.json,30,15,400,400,9
ff056fd5-c8d2-4c6c-8fa1-129f3a24facd,model.options.HGU.spur.json,30,15,400,400,12
a9622e02-1a33-4ed6-bb27-3acdeadbed05,model.options.HGU.spur.json,30,15,400,600,3
abc11666-2dca-48d6-ad8d-e91e17b6e4a3,model.options.HGU.spur.json,30,15,400,600,6
6b018fa6-a109-4206-a338-558a488f5153,model.options.HGU.spur.json,30,15,400,600,9
32d82af3-1d08-47dc-a854-3575ad5a3993,model.options.HGU.spur.json,30,15,400,600,12
d7e345a2-130a-400e-875a-8186294600de,model.options.HGU.spur.json,30,15,400,1000,3
0bf7cfba-5fa0-4b9e-af6e-c5b00924809e,model.options.HGU.spur.json,30,15,400,1000,6
fa5ccd6f-60ea-4fe1-91b6-9bf4a1bfdb7e,model.options.HGU.spur.json,30,15,400,1000,9
11b6c221-a66a-4733-98de-07dabb5b2922,model.options.HGU.spur.json,30,15,400,1000,12
bc583213-11a9-47ab-88e3-85070fde6dbd,model.options.HGU.spur.json,30,15,400,1200,3
b102ffc8-26b6-4595-8cd3-5a8acb3fab89,model.options.HGU.spur.json,30,15,400,1200,6
5abf12c7-db28-4346-8bef-81df60d5d480,model.options.HGU.spur.json,30,15,400,1200,9
f0ce7209-37bb-45d1-b545-21d45f7969c5,model.options.HGU.spur.json,30,15,400,1200,12
e2e35a54-58a4-48c3-b77e-c6bc56cc6d54,model.options.HGU.spur.json,30,15,650,400,3
b84510f8-c26f-48b0-8062-f7b61de1b489,model.options.HGU.spur.json,30,15,650,400,6
2f579143-25eb-49a7-8994-ad9e44ba22fd,model.options.HGU.spur.json,30,15,650,400,9
b30b1936-7431-49d5-9769-43c8fe420031,model.options.HGU.spur.json,30,15,650,400,12
0d596e25-3eef-4900-86e0-56eac5db4e7a,model.options.HGU.spur.json,30,15,650,600,3
c649ab86-4442-4f24-a88c-9312af45f98a,model.options.HGU.spur.json,30,15,650,600,6
efc0f595-0bdf-465b-8844-afff49b60f38,model.options.HGU.spur.json,30,15,650,600,9
92eb0bc8-8987-44f3-b08c-4aedec3cd4ce,model.options.HGU.spur.json,30,15,650,600,12
8f2f2642-404b-4752-8bd0-70599d529f94,model.options.HGU.spur.json,30,15,650,1000,3
d5f0389b-fb54-4fe9-8c27-f2d9bb2c5a98,model.options.HGU.spur.json,30,15,650,1000,6
f9af2e52-ac0f-45bd-ae56-dbd4a3f4e0b1,model.options.HGU.spur.json,30,15,650,1000,9
74dcf15f-dfe1-499e-b03a-644a31afa95c,model.options.HGU.spur.json,30,15,650,1000,12
21ef266f-2cd5-4045-b33e-9907a84de71e,model.options.HGU.spur.json,30,15,650,1200,3
31d0e48d-d29f-41b5-8612-5046f1441f2e,model.options.HGU.spur.json,30,15,650,1200,6
892dac49-1c4f-4112-8fa8-875b447635f0,model.options.HGU.spur.json,30,15,650,1200,9
6156403e-7716-4ba2-8e04-1fa31c2e132c,model.options.HGU.spur.json,30,15,650,1200,12
8ebc8f8a-d9a4-4bd2-bde2-0c5d7215d8d1,model.options.HGU.spur.json,30,15,900,400,3
1bf1100e-877f-4150-94ff-7f16012bd6d2,model.options.HGU.spur.json,30,15,900,400,6
550c78d9-5947-4c79-a542-5683b873bd21,model.options.HGU.spur.json,30,15,900,400,9
b19579c5-fd1e-4fc4-82b8-8b9f9d8a4a10,model.options.HGU.spur.json,30,15,900,400,12
0959a5e8-d355-4991-be92-05c03c0f9571,model.options.HGU.spur.json,30,15,900,600,3
0c2c6621-ec1c-4ccd-9f3c-4feec026b346,model.options.HGU.spur.json,30,15,900,600,6
36d536a5-b658-4562-a918-395102d53b2b,model.options.HGU.spur.json,30,15,900,600,9
671bbf0f-504c-408a-ba36-1339ef65e58b,model.options.HGU.spur.json,30,15,900,600,12
4e676270-3a01-41b6-9857-6d37e1a05cdc,model.options.HGU.spur.json,30,15,900,1000,3
081dbc67-cebd-4a88-a91d-f79d9434fed9,model.options.HGU.spur.json,30,15,900,1000,6
b99e5ca7-110c-4693-8b65-fa5366d88238,model.options.HGU.spur.json,30,15,900,1000,9
5defb4b5-64d5-4eb3-b638-03b44c6b88d6,model.options.HGU.spur.json,30,15,900,1000,12
a4852d21-763b-4c34-b663-4472ce319d51,model.options.HGU.spur.json,30,15,900,1200,3
d528b588-5273-4781-97cf-19cf667c4fef,model.options.HGU.spur.json,30,15,900,1200,6
f648d82c-54a1-44e6-9058-9f1d1d058afc,model.options.HGU.spur.json,30,15,900,1200,9
63a05806-cd1b-48ac-9242-cab98bb3f39f,model.options.HGU.spur.json,30,15,900,1200,12
69f81ac8-86df-4f4a-ab8d-6f73d42573cf,model.options.HGU.spur.json,30,15,1200,400,3
2978543a-2f5a-4071-8e7b-aae2ddec65c3,model.options.HGU.spur.json,30,15,1200,400,6
db5decf9-be8f-41e6-b19f-cde647baad2f,model.options.HGU.spur.json,30,15,1200,400,9
e0cc21d6-2a2e-473b-9e86-8433c6905bf3,model.options.HGU.spur.json,30,15,1200,400,12
42097367-44d2-4d59-a344-9db12adf65b5,model.options.HGU.spur.json,30,15,1200,600,3
063362ed-bba0-42dc-b92d-1e65d1271b36,model.options.HGU.spur.json,30,15,1200,600,6
8d207889-8e21-4b3a-bdc2-2ba96d9e8eff,model.options.HGU.spur.json,30,15,1200,600,9
2811cc8a-6339-413d-b821-ed20eab80e5e,model.options.HGU.spur.json,30,15,1200,600,12
7a2b375c-e075-498a-bd47-423a5db5df50,model.options.HGU.spur.json,30,15,1200,1000,3
4878d5e2-05bd-441a-8364-08a9e9d8e570,model.options.HGU.spur.json,30,15,1200,1000,6
4874668f-24cc-479e-b9a8-522c341204a3,model.options.HGU.spur.json,30,15,1200,1000,9
20745c77-bfc1-424a-8104-bed180759c18,model.options.HGU.spur.json,30,15,1200,1000,12
48a821b0-eeea-4f01-8163-a7d19d6d8176,model.options.HGU.spur.json,30,15,1200,1200,3
6cb29701-6429-4c4a-a660-03001bd986ea,model.options.HGU.spur.json,30,15,1200,1200,6
37128ad8-beba-4803-9750-73eface05495,model.options.HGU.spur.json,30,15,1200,1200,9
68bd31b9-cf49-4d48-9413-a6385eab411e,model.options.HGU.spur.json,30,15,1200,1200,12
be531476-5253-4ff8-a8e7-fec6f11d5cd3,model.options.HGU.spur.json,30,20,400,400,3
e7656381-0eb8-4db1-a458-b57bb0568d0e,model.options.HGU.spur.json,30,20,400,400,6
4299e321-22de-4537-9a54-bd621bb1f586,model.options.HGU.spur.json,30,20,400,400,9
e1b1d2fc-8042-44ce-96a9-373e296fc3e2,model.options.HGU.spur.json,30,20,400,400,12
47f173f6-3d45-4c5e-9d14-b5f3d4b1b3de,model.options.HGU.spur.json,30,20,400,600,3
62706c34-6e47-4426-9d3d-41fed007b009,model.options.HGU.spur.json,30,20,400,600,6
adefa5ff-15f4-46d1-937d-1af65ef65715,model.options.HGU.spur.json,30,20,400,600,9
2a2f0758-65a3-453f-a2a6-bdc64bd66d47,model.options.HGU.spur.json,30,20,400,600,12
3e7bd33e-d8b2-48fb-9dc3-578794be0296,model.options.HGU.spur.json,30,20,400,1000,3
e4822e11-d0b2-4a2a-a198-6f2e0dcdb285,model.options.HGU.spur.json,30,20,400,1000,6
9b8803d9-81ce-4acf-b1b1-062b8023db05,model.options.HGU.spur.json,30,20,400,1000,9
d40c4d3a-1531-4867-a5db-3ba280884627,model.options.HGU.spur.json,30,20,400,1000,12
0883044c-f9e8-4bca-acc9-2695e724ddd8,model.options.HGU.spur.json,30,20,400,1200,3
687da579-87fd-460c-a153-6d445ee442d4,model.options.HGU.spur.json,30,20,400,1200,6
a3bd5c15-4465-415b-b22c-574750e921c2,model.options.HGU.spur.json,30,20,400,1200,9
8f642feb-324b-4010-a7c6-8adb9637c21a,model.options.HGU.spur.json,30,20,400,1200,12
2c574ab2-8134-400c-90fa-f9860b76db8e,model.options.HGU.spur.json,30,20,650,400,3
91082279-60a6-458f-bb8b-79fb122bdf78,model.options.HGU.spur.json,30,20,650,400,6
5da7ff7f-1f60-4b6c-9534-7685cb91ee16,model.options.HGU.spur.json,30,20,650,400,9
c7a97a1b-1bda-4f91-ad7b-e2980f05139d,model.options.HGU.spur.json,30,20,650,400,12
cad7f465-e02c-42b0-9fca-d32962bca73c,model.options.HGU.spur.json,30,20,650,600,3
8450f9d5-3a17-4ffe-bc70-05fff703dcef,model.options.HGU.spur.json,30,20,650,600,6
e4e714d7-4672-4af2-8fd8-6730b4970282,model.options.HGU.spur.json,30,20,650,600,9
e6ceed99-f69d-4076-bf4f-983d004c5904,model.options.HGU.spur.json,30,20,650,600,12
300b6b5c-6358-4fa0-8299-1ba5eb69aec0,model.options.HGU.spur.json,30,20,650,1000,3
9575170b-b7a0-4dc6-81fa-95f64bafde3b,model.options.HGU.spur.json,30,20,650,1000,6
851940cf-68c7-4e5b-8cfe-86d71fb1115c,model.options.HGU.spur.json,30,20,650,1000,9
cc492514-f00a-4736-8ce5-f0b8686676fc,model.options.HGU.spur.json,30,20,650,1000,12
76d54b07-aedb-4fab-9a7b-d3173158a076,model.options.HGU.spur.json,30,20,650,1200,3
736ef7f1-4e26-45de-a36a-7fdfe586f94a,model.options.HGU.spur.json,30,20,650,1200,6
1eba7627-628d-4c49-b3cb-5407073b7a0b,model.options.HGU.spur.json,30,20,650,1200,9
a1be04f9-ba2f-4209-90ab-798f6d3ac859,model.options.HGU.spur.json,30,20,650,1200,12
f9b6e316-1c1b-4a53-ade5-6908d795f000,model.options.HGU.spur.json,30,20,900,400,3
b3635b61-512c-43e7-9b31-52dfbe4964fb,model.options.HGU.spur.json,30,20,900,400,6
674fd88c-f833-4531-b65f-5d36b2f7a221,model.options.HGU.spur.json,30,20,900,400,9
658bf64c-1f92-44a3-8467-605e2cca188c,model.options.HGU.spur.json,30,20,900,400,12
236f10fe-3771-440f-bc12-b7e7c159c20e,model.options.HGU.spur.json,30,20,900,600,3
7d69db4b-7ba1-461c-80e1-d40b840eaf73,model.options.HGU.spur.json,30,20,900,600,6
9a3e8dcf-7402-4962-9a81-6c032f8d1f8a,model.options.HGU.spur.json,30,20,900,600,9
16c480e6-36cb-489a-9d41-b294ce7220ca,model.options.HGU.spur.json,30,20,900,600,12
b972e98f-a828-4717-8040-f461b737d80f,model.options.HGU.spur.json,30,20,900,1000,3
119255b7-efef-45b1-a5fa-f5d0b5bb3313,model.options.HGU.spur.json,30,20,900,1000,6
d2dd6223-7092-4bba-8265-38ee9d4e75f0,model.options.HGU.spur.json,30,20,900,1000,9
208158be-8806-4874-a912-16a3d37d4097,model.options.HGU.spur.json,30,20,900,1000,12
d9a84e7f-40dc-492e-9ddf-2babc1592c5e,model.options.HGU.spur.json,30,20,900,1200,3
a3d5b346-06c5-47e2-9a70-49d9bd0b6e65,model.options.HGU.spur.json,30,20,900,1200,6
6a939fee-dadf-4d03-aa17-9e6f62823d91,model.options.HGU.spur.json,30,20,900,1200,9
d8be0b29-ada6-4ab4-a395-52587cb5aede,model.options.HGU.spur.json,30,20,900,1200,12
7fcd51e0-55bf-45b3-acb6-92f4beee9558,model.options.HGU.spur.json,30,20,1200,400,3
ecc07615-d346-4265-ab2a-b7272ddf409e,model.options.HGU.spur.json,30,20,1200,400,6
5b30c608-1edb-462f-9427-f023bb928dbc,model.options.HGU.spur.json,30,20,1200,400,9
620e8f88-3b47-46fe-a394-3e7178fe7a52,model.options.HGU.spur.json,30,20,1200,400,12
d992e8c0-0aef-4b5b-9ca1-299c7bad4921,model.options.HGU.spur.json,30,20,1200,600,3
9fef98d7-c24f-482c-92d4-729d707b8acd,model.options.HGU.spur.json,30,20,1200,600,6
ce2021cf-7b88-4b8f-a384-2c15fe431103,model.options.HGU.spur.json,30,20,1200,600,9
91951770-e918-44f9-9390-921739ecf0e0,model.options.HGU.spur.json,30,20,1200,600,12
3f18268b-39b3-4f28-8044-ded4bd53ee2a,model.options.HGU.spur.json,30,20,1200,1000,3
ed22c9fd-df6e-441a-bec3-15e3a8267dd3,model.options.HGU.spur.json,30,20,1200,1000,6
2a5d0131-97e7-4394-9470-b32d49f86187,model.options.HGU.spur.json,30,20,1200,1000,9
6fd540a4-0a0a-42a6-9b66-c69c5b69c110,model.options.HGU.spur.json,30,20,1200,1000,12
b4a40f73-933c-4d93-9abf-a80143889904,model.options.HGU.spur.json,30,20,1200,1200,3
127ef5a5-d0c7-49e9-9c86-cb08fa28f647,model.options.HGU.spur.json,30,20,1200,1200,6
846912c8-de8f-4c9f-95ba-7352a9aedb34,model.options.HGU.spur.json,30,20,1200,1200,9
376b96fe-2bfc-46f6-9261-eeec89560ef1,model.options.HGU.spur.json,30,20,1200,1200,12
48b78098-4009-4d63-bdf2-8fe28f40c43c,model.options.HGU.cane.20.json,25,15,400,400,3
2cfaecf8-f8d6-4675-9bfc-6a25c8002263,model.options.HGU.cane.20.json,25,15,400,400,6
2e4af3e8-d9a0-4dc4-ba8b-19f63b5590c9,model.options.HGU.cane.20.json,25,15,400,400,9
9efd6646-17ad-4fef-8441-8db728f57fde,model.options.HGU.cane.20.json,25,15,400,400,12
d1d47909-0820-481a-ab3a-dd656680797a,model.options.HGU.cane.20.json,25,15,400,600,3
d2a17603-0154-4866-b70b-a877161b9b1e,model.options.HGU.cane.20.json,25,15,400,600,6
1998f9a8-ce88-45bd-8c2f-04c8fb841398,model.options.HGU.cane.20.json,25,15,400,600,9
4619238f-b3f9-4dda-8e62-d194e7ae69ab,model.options.HGU.cane.20.json,25,15,400,600,12
7f5cf757-5f97-41ba-9de4-01532ca5d298,model.options.HGU.cane.20.json,25,15,400,1000,3
02f26936-03cc-42fa-9697-032e93ec537c,model.options.HGU.cane.20.json,25,15,400,1000,6
04de2a16-4501-48a8-9ae8-357f41c90b6a,model.options.HGU.cane.20.json,25,15,400,1000,9
2be161bd-a25a-4e23-ac88-c492dd151e0e,model.options.HGU.cane.20.json,25,15,400,1000,12
7cca50d9-5da7-4190-8388-ed370ba09bf6,model.options.HGU.cane.20.json,25,15,400,1200,3
da509980-2757-4a33-a233-a63d2a40ab58,model.options.HGU.cane.20.json,25,15,400,1200,6
946e8f3a-02c1-4658-acfb-41eb6f1cf903,model.options.HGU.cane.20.json,25,15,400,1200,9
5916a317-26a8-405e-8b11-d1946c96f03a,model.options.HGU.cane.20.json,25,15,400,1200,12
92c632fd-9f31-42c9-b4bb-e151daca0de8,model.options.HGU.cane.20.json,25,15,650,400,3
7d64850e-95b7-4659-8a0b-2e7165a8d01f,model.options.HGU.cane.20.json,25,15,650,400,6
c30cc6bb-fbce-4cf6-a982-ef529c10ab52,model.options.HGU.cane.20.json,25,15,650,400,9
5d855d77-d4cf-464f-a3cb-9d8603f16b5e,model.options.HGU.cane.20.json,25,15,650,400,12
90452b62-6194-45a1-b5ca-574af1e98ba6,model.options.HGU.cane.20.json,25,15,650,600,3
322b0f56-ba8d-4121-a54b-57892105851f,model.options.HGU.cane.20.json,25,15,650,600,6
be1932fa-ded5-4ae1-88af-2aa78fda5d78,model.options.HGU.cane.20.json,25,15,650,600,9
9d02ddfb-6bec-486f-960f-9954a08a3789,model.options.HGU.cane.20.json,25,15,650,600,12
8430e305-e752-43b5-9216-884fb1d9f719,model.options.HGU.cane.20.json,25,15,650,1000,3
013bf894-f70e-49c2-af67-64b54702a18c,model.options.HGU.cane.20.json,25,15,650,1000,6
82c74d9e-b30b-43ff-b6da-7c8c54a458cd,model.options.HGU.cane.20.json,25,15,650,1000,9
c73abf46-abbd-494e-a0b0-027681b05533,model.options.HGU.cane.20.json,25,15,650,1000,12
d9065984-8d2d-4c4d-b48c-0ee6d63e5075,model.options.HGU.cane.20.json,25,15,650,1200,3
2d272895-46fa-4913-aaee-095af2816585,model.options.HGU.cane.20.json,25,15,650,1200,6
a1e2f845-e235-4c6e-8e1f-085052b8aaa4,model.options.HGU.cane.20.json,25,15,650,1200,9
501a621f-567a-4b71-a5a1-9a6149604c2c,model.options.HGU.cane.20.json,25,15,650,1200,12
1b635b50-6989-4621-b3fc-b95d093bde48,model.options.HGU.cane.20.json,25,15,900,400,3
bc2aa0bf-e1bb-4a08-9b48-880cf923ad62,model.options.HGU.cane.20.json,25,15,900,400,6
ef708a42-4c5a-4c4e-90f0-675bec1b455e,model.options.HGU.cane.20.json,25,15,900,400,9
12cbb649-2db7-4f9f-85eb-52fc8b740ecd,model.options.HGU.cane.20.json,25,15,900,400,12
83f59d6f-9e43-44b9-a887-9d0a5117a961,model.options.HGU.cane.20.json,25,15,900,600,3
c6a20c41-71a6-4bb6-a5a7-5985c2131871,model.options.HGU.cane.20.json,25,15,900,600,6
28082366-f290-48ff-8329-89e3c0d1b006,model.options.HGU.cane.20.json,25,15,900,600,9
755af422-0b19-4ca2-81fe-8247dcf6e5e9,model.options.HGU.cane.20.json,25,15,900,600,12
e8cebe80-2d22-4050-a1c7-3d208307e4e3,model.options.HGU.cane.20.json,25,15,900,1000,3
9ceed649-95ef-4d1f-afa2-83708ca0baf4,model.options.HGU.cane.20.json,25,15,900,1000,6
a09661c4-522d-4480-a766-5ca6c448d1ab,model.options.HGU.cane.20.json,25,15,900,1000,9
505cf71a-52d3-4a32-bbde-ee7446fa22d7,model.options.HGU.cane.20.json,25,15,900,1000,12
cf0ec0ca-86f4-4fff-a7b5-cce664663894,model.options.HGU.cane.20.json,25,15,900,1200,3
f6390ecd-b180-4339-83ee-5c59237978d3,model.options.HGU.cane.20.json,25,15,900,1200,6
7d2073ca-80a6-4567-a578-fa3c7a7ebc57,model.options.HGU.cane.20.json,25,15,900,1200,9
b2127908-6b55-4960-91e8-27fa9fab87a2,model.options.HGU.cane.20.json,25,15,900,1200,12
6b08d0ee-8845-4bb4-93e8-8b75b038a881,model.options.HGU.cane.20.json,25,15,1200,400,3
7077f78b-592d-4aed-accb-debc16038e6d,model.options.HGU.cane.20.json,25,15,1200,400,6
1a792206-d649-47cc-b8ae-a60c0fdd68da,model.options.HGU.cane.20.json,25,15,1200,400,9
394bd038-f885-406d-821f-64971e29dac4,model.options.HGU.cane.20.json,25,15,1200,400,12
c56c5e14-6377-4de6-b8d4-e359635e63dd,model.options.HGU.cane.20.json,25,15,1200,600,3
aa4f5eaa-4e6d-42d5-a742-65add41467dd,model.options.HGU.cane.20.json,25,15,1200,600,6
02ffc30c-2700-4e94-958c-d7de8807fc76,model.options.HGU.cane.20.json,25,15,1200,600,9
bc0d11b4-935f-4d05-8285-dd16feda0875,model.options.HGU.cane.20.json,25,15,1200,600,12
8a56d83b-3a38-4ae0-932a-2657b6a7e665,model.options.HGU.cane.20.json,25,15,1200,1000,3
77b6f3ed-81bb-43e2-85a3-07362865d362,model.options.HGU.cane.20.json,25,15,1200,1000,6
b3e5ac1a-0fda-4156-93b9-983a5916fa4d,model.options.HGU.cane.20.json,25,15,1200,1000,9
ca704ebc-a45d-438d-9f16-609fcb5be098,model.options.HGU.cane.20.json,25,15,1200,1000,12
42c930dc-df1f-422e-9210-a8a70aa43c25,model.options.HGU.cane.20.json,25,15,1200,1200,3
cd6db1af-0f3f-4d25-98de-e41e61255bae,model.options.HGU.cane.20.json,25,15,1200,1200,6
234cc33f-e090-4d63-af3d-d84ccf566497,model.options.HGU.cane.20.json,25,15,1200,1200,9
0aa8573a-a727-44ad-98e6-eb4472512ad8,model.options.HGU.cane.20.json,25,15,1200,1200,12
8f6213e4-0efe-4968-8a00-23b8a2f121dc,model.options.HGU.cane.20.json,25,20,400,400,3
391f69bf-d796-4414-a324-0b9d2f203c9a,model.options.HGU.cane.20.json,25,20,400,400,6
c62c8992-ef52-4577-83f6-990b81ba740d,model.options.HGU.cane.20.json,25,20,400,400,9
fe1ac963-1c6d-4d40-961c-8705f611ea6a,model.options.HGU.cane.20.json,25,20,400,400,12
70d0ced0-61a0-40ac-9030-dc412e768bc0,model.options.HGU.cane.20.json,25,20,400,600,3
b5ad7b20-8455-4557-bff4-38d3446cf44d,model.options.HGU.cane.20.json,25,20,400,600,6
60b0b899-ea2e-4589-8af3-19ec9319e27e,model.options.HGU.cane.20.json,25,20,400,600,9
13aac165-b9c0-4fe5-80fd-07c197b4c9fd,model.options.HGU.cane.20.json,25,20,400,600,12
3e533ebc-2cd1-476e-ac82-3214b296ea1d,model.options.HGU.cane.20.json,25,20,400,1000,3
25a84f66-43d8-4d0f-b5dd-58ce928ea7da,model.options.HGU.cane.20.json,25,20,400,1000,6
7a8993b9-67af-407c-b1f7-836242d25b4d,model.options.HGU.cane.20.json,25,20,400,1000,9
8629f670-ef9b-4b78-a7fa-1a8c6c183130,model.options.HGU.cane.20.json,25,20,400,1000,12
beff4f0b-3ef5-4eb8-9374-276e8383cdab,model.options.HGU.cane.20.json,25,20,400,1200,3
27a88fd1-c609-43b1-b3e7-b5b31a19889e,model.options.HGU.cane.20.json,25,20,400,1200,6
f1e82d1a-5a10-4262-8a0c-9aad1ffb0f3a,model.options.HGU.cane.20.json,25,20,400,1200,9
2d434d60-d2d4-4449-9b73-fcf03cf06bb7,model.options.HGU.cane.20.json,25,20,400,1200,12
12056267-823c-45ae-8089-dc8747837ae2,model.options.HGU.cane.20.json,25,20,650,400,3
2f91fe4c-7a62-411e-af85-fd695a422f48,model.options.HGU.cane.20.json,25,20,650,400,6
61eba551-a19b-406c-b969-147dd5f4817a,model.options.HGU.cane.20.json,25,20,650,400,9
30f9cc03-c369-4dc7-abbc-8a3fac9cd545,model.options.HGU.cane.20.json,25,20,650,400,12
cb74cda4-877c-45f5-b79c-5da2770fda0b,model.options.HGU.cane.20.json,25,20,650,600,3
43cb943f-1c28-4d97-8f20-766fa3697a9f,model.options.HGU.cane.20.json,25,20,650,600,6
227784bd-094b-4a51-9457-04facac18c68,model.options.HGU.cane.20.json,25,20,650,600,9
e82cb08e-3001-40c6-afdd-42377eeb6483,model.options.HGU.cane.20.json,25,20,650,600,12
c6e04565-d2da-4a07-9762-cff8bab4990e,model.options.HGU.cane.20.json,25,20,650,1000,3
1025176d-0318-4c9b-a6d5-6a3388c2f57a,model.options.HGU.cane.20.json,25,20,650,1000,6
332cfb5b-b5d2-4abf-b93d-58ce24f6a793,model.options.HGU.cane.20.json,25,20,650,1000,9
2e821adb-cce7-4f34-a6ce-b6daf723f38d,model.options.HGU.cane.20.json,25,20,650,1000,12
5bad93c7-3299-4302-9dfe-02735729fe26,model.options.HGU.cane.20.json,25,20,650,1200,3
a46e2052-91d2-4150-93f1-34faac6c3967,model.options.HGU.cane.20.json,25,20,650,1200,6
6e172b14-c68c-4dcc-8a71-822199b3bc7d,model.options.HGU.cane.20.json,25,20,650,1200,9
188e272c-6734-408c-ad1e-80445f971622,model.options.HGU.cane.20.json,25,20,650,1200,12
c19caa55-cb72-421a-862f-09009e7a7c81,model.options.HGU.cane.20.json,25,20,900,400,3
15b1cc36-a555-4422-a729-41f0282fdd40,model.options.HGU.cane.20.json,25,20,900,400,6
e30cec57-d017-45f1-8c08-40a5e6b970d5,model.options.HGU.cane.20.json,25,20,900,400,9
39743b9c-7dd1-45d8-b41f-cbebfbd33af7,model.options.HGU.cane.20.json,25,20,900,400,12
628a40aa-f26e-4977-ab52-2417ebeebb04,model.options.HGU.cane.20.json,25,20,900,600,3
b91f291d-e0d8-45bb-991b-e2d9ce265762,model.options.HGU.cane.20.json,25,20,900,600,6
e53d70a1-5486-4fc8-a756-0577b2be82fb,model.options.HGU.cane.20.json,25,20,900,600,9
b199255c-64a1-40e1-811a-de84331b265e,model.options.HGU.cane.20.json,25,20,900,600,12
1cc4a44c-f30c-4398-a351-02fe6f539e73,model.options.HGU.cane.20.json,25,20,900,1000,3
752b5848-7087-4438-976f-07b28300c467,model.options.HGU.cane.20.json,25,20,900,1000,6
984a5332-aebb-4437-a9b0-499c69292458,model.options.HGU.cane.20.json,25,20,900,1000,9
ce65d956-1f46-429b-8f9c-e5a285d20920,model.options.HGU.cane.20.json,25,20,900,1000,12
10ad3487-7c88-4cda-8229-5a9a4f79993d,model.options.HGU.cane.20.json,25,20,900,1200,3
c3de0dcf-1eb2-437a-82b8-08f4bf6d8eef,model.options.HGU.cane.20.json,25,20,900,1200,6
5c10b1d8-558d-42d0-94eb-522bf6d9cf4f,model.options.HGU.cane.20.json,25,20,900,1200,9
18e131a2-e0b5-4163-aa4d-57737dadb3f7,model.options.HGU.cane.20.json,25,20,900,1200,12
0af9b5c7-1e65-4a6b-935a-db2bd5f95ce3,model.options.HGU.cane.20.json,25,20,1200,400,3
a69dbbd9-464d-44db-8289-ea2702c26c15,model.options.HGU.cane.20.json,25,20,1200,400,6
f968efa1-d334-4b51-9b86-daf2a7cb563e,model.options.HGU.cane.20.json,25,20,1200,400,9
5892d438-ce0d-4a64-a8cc-86ecf466554b,model.options.HGU.cane.20.json,25,20,1200,400,12
592c8915-6819-4251-bfe8-4aa4759fb8c9,model.options.HGU.cane.20.json,25,20,1200,600,3
a247795f-3c68-4b02-a085-7d855d87876d,model.options.HGU.cane.20.json,25,20,1200,600,6
939b73b1-a790-4cd3-a317-0bc9e9890d3e,model.options.HGU.cane.20.json,25,20,1200,600,9
0c50fe7c-e5a2-4d47-a7fe-734030c71d41,model.options.HGU.cane.20.json,25,20,1200,600,12
c4ca5bca-b610-48a0-8409-25c294450bcf,model.options.HGU.cane.20.json,25,20,1200,1000,3
1a42d4ac-4320-43e5-99be-2b8719be7a15,model.options.HGU.cane.20.json,25,20,1200,1000,6
ec3c3d52-8ed3-44d5-b4b5-7571d3024551,model.options.HGU.cane.20.json,25,20,1200,1000,9
543ba6b8-61ce-4cf0-b184-d4bf108b675e,model.options.HGU.cane.20.json,25,20,1200,1000,12
631e6369-0666-4b8f-92b7-467d48c4656f,model.options.HGU.cane.20.json,25,20,1200,1200,3
a8224884-4cc7-4b1b-8fa1-d428d7b75c10,model.options.HGU.cane.20.json,25,20,1200,1200,6
6d54819a-643b-42a8-b349-64f54a86c4d4,model.options.HGU.cane.20.json,25,20,1200,1200,9
ca1b8298-452a-4469-9aee-600e41754461,model.options.HGU.cane.20.json,25,20,1200,1200,12
8798e272-83be-4978-8214-d252ba8df4ba,model.options.HGU.cane.20.json,30,15,400,400,3
0768f23a-2830-4e5e-8974-471af0b6f98f,model.options.HGU.cane.20.json,30,15,400,400,6
df339cc5-88eb-4002-877c-20501fd15f0b,model.options.HGU.cane.20.json,30,15,400,400,9
2c981ac2-164a-4e82-9817-3db177e01a43,model.options.HGU.cane.20.json,30,15,400,400,12
bc619de6-d570-4e3f-bbcf-efe76c8be76b,model.options.HGU.cane.20.json,30,15,400,600,3
8d1db6e9-3f3a-4d74-82ad-bd22654e8838,model.options.HGU.cane.20.json,30,15,400,600,6
526bac4b-6aab-4322-84e2-fa1253b710ee,model.options.HGU.cane.20.json,30,15,400,600,9
69983ff3-1a5a-4526-97b2-c533008354eb,model.options.HGU.cane.20.json,30,15,400,600,12
a0aad1de-969e-45aa-a209-b1b994d9476b,model.options.HGU.cane.20.json,30,15,400,1000,3
545d9203-1065-4796-8abd-02044def6cb4,model.options.HGU.cane.20.json,30,15,400,1000,6
5fb80563-7190-4bfa-a758-1f30de002fc4,model.options.HGU.cane.20.json,30,15,400,1000,9
0154e752-0db7-46b0-956a-c07c4eb17577,model.options.HGU.cane.20.json,30,15,400,1000,12
53e1f13b-8a33-4da0-b5fd-ccc5be5338cf,model.options.HGU.cane.20.json,30,15,400,1200,3
cb837598-e77f-4718-bb00-2587ded92c60,model.options.HGU.cane.20.json,30,15,400,1200,6
68f6f008-19c1-4729-b284-e866cb2ffab4,model.options.HGU.cane.20.json,30,15,400,1200,9
ddd0c2cc-c4d3-44dc-a10f-f58a7995fb0f,model.options.HGU.cane.20.json,30,15,400,1200,12
e9c028f2-1dc4-48f3-8493-fc6bad91c025,model.options.HGU.cane.20.json,30,15,650,400,3
9edf33dc-d00b-4cc5-8f80-1260e72900c9,model.options.HGU.cane.20.json,30,15,650,400,6
d607ce3c-a5d3-47f6-9892-4c42c62f8c6e,model.options.HGU.cane.20.json,30,15,650,400,9
d790aaa7-5102-40c6-82ab-f32294b6937b,model.options.HGU.cane.20.json,30,15,650,400,12
af075b1f-f311-4cc6-ac03-7cdba340cf91,model.options.HGU.cane.20.json,30,15,650,600,3
b78ef842-cd26-4bc2-b961-2f8a869921d3,model.options.HGU.cane.20.json,30,15,650,600,6
63902f0a-2d20-4fda-a330-2a39bb33a446,model.options.HGU.cane.20.json,30,15,650,600,9
a728d37d-e5b8-4a3b-b76d-d75058ac383a,model.options.HGU.cane.20.json,30,15,650,600,12
de82cba3-595f-401d-99eb-fbde57429209,model.options.HGU.cane.20.json,30,15,650,1000,3
cd24ead4-e05f-4061-abd5-53add92d3487,model.options.HGU.cane.20.json,30,15,650,1000,6
ed20bc46-9b90-4a97-85f4-a68f40c72fb9,model.options.HGU.cane.20.json,30,15,650,1000,9
7e700728-62c0-4596-8cbc-436d5bc92f61,model.options.HGU.cane.20.json,30,15,650,1000,12
54bd7553-2ccc-41ac-804e-9ba0d32dab9e,model.options.HGU.cane.20.json,30,15,650,1200,3
210528e1-f83b-442d-ac7b-5270a79fa81f,model.options.HGU.cane.20.json,30,15,650,1200,6
7de511eb-e010-4cc5-83d5-4d78f1cbcfd9,model.options.HGU.cane.20.json,30,15,650,1200,9
4109f0ea-1142-4b89-b1e8-db23713fd1b0,model.options.HGU.cane.20.json,30,15,650,1200,12
b49a3cfc-3498-4bc2-839b-7a889d032e8e,model.options.HGU.cane.20.json,30,15,900,400,3
385f8ecd-5c82-4a58-bc13-389acb7c6d7c,model.options.HGU.cane.20.json,30,15,900,400,6
1bdd4509-225a-40e5-8539-1da0a3793d04,model.options.HGU.cane.20.json,30,15,900,400,9
eb397d1f-aa72-4a86-894b-d3289293834e,model.options.HGU.cane.20.json,30,15,900,400,12
6cb11450-f6bd-4cce-a152-762b324337e8,model.options.HGU.cane.20.json,30,15,900,600,3
ac372bc2-be61-43c3-b305-02be1c391ae3,model.options.HGU.cane.20.json,30,15,900,600,6
3d5cbc85-18a4-41a1-aa47-249633126f8d,model.options.HGU.cane.20.json,30,15,900,600,9
0c6b6565-30e0-4470-ae67-5bd483a3abd4,model.options.HGU.cane.20.json,30,15,900,600,12
eefb3a22-5c55-4f00-bc7c-69662cb521c5,model.options.HGU.cane.20.json,30,15,900,1000,3
aaba34d4-8a3b-4945-ae99-e7eacdc3327e,model.options.HGU.cane.20.json,30,15,900,1000,6
da0cdb98-92d5-4eed-967c-c27aa23c8f1b,model.options.HGU.cane.20.json,30,15,900,1000,9
bafe2ca9-6f4e-4c08-95c2-80d4bfff0b75,model.options.HGU.cane.20.json,30,15,900,1000,12
2a4e78e7-a56a-4dfc-a87a-5d85269c9466,model.options.HGU.cane.20.json,30,15,900,1200,3
8d5d0890-9905-4abb-ad8c-28ba5f0efd05,model.options.HGU.cane.20.json,30,15,900,1200,6
230a06ea-4d85-43c4-9764-be397702d49d,model.options.HGU.cane.20.json,30,15,900,1200,9
1f34ce1b-16c7-43f7-8e89-f0aa5cd57af4,model.options.HGU.cane.20.json,30,15,900,1200,12
d29038e4-3e1a-4006-abf3-ffd0565d77cc,model.options.HGU.cane.20.json,30,15,1200,400,3
be3f219b-3df9-4976-bebd-e33fb44e9b27,model.options.HGU.cane.20.json,30,15,1200,400,6
40e8cee6-f69f-48da-83ff-eb90be4f75e5,model.options.HGU.cane.20.json,30,15,1200,400,9
b2bdc220-1107-442a-abf8-b80574ccdda7,model.options.HGU.cane.20.json,30,15,1200,400,12
cce3e6f6-7582-4424-a91b-8e86d39183f6,model.options.HGU.cane.20.json,30,15,1200,600,3
8c32d79e-e2cf-4df1-9f6e-e9352a34c6a1,model.options.HGU.cane.20.json,30,15,1200,600,6
987e4738-c7e4-4893-a92e-8cf8543dce09,model.options.HGU.cane.20.json,30,15,1200,600,9
b1e69c1b-7eab-41ed-b85f-0ba8f6b1249d,model.options.HGU.cane.20.json,30,15,1200,600,12
f6931b56-4bff-40ed-a569-45ae610692be,model.options.HGU.cane.20.json,30,15,1200,1000,3
9f8191c7-a81a-4798-b66a-71e3f0457815,model.options.HGU.cane.20.json,30,15,1200,1000,6
5b0a31e0-9c7c-420c-bfa1-be4129ed2406,model.options.HGU.cane.20.json,30,15,1200,1000,9
6b6efc34-df75-4677-90bf-2dcc17fcbc40,model.options.HGU.cane.20.json,30,15,1200,1000,12
f90a15b0-43e3-4536-8bcd-c92aecf541a5,model.options.HGU.cane.20.json,30,15,1200,1200,3
2b7b340d-8472-4e5a-85cd-9e33b67faae2,model.options.HGU.cane.20.json,30,15,1200,1200,6
e8c689af-28d6-4443-b039-d319d5793332,model.options.HGU.cane.20.json,30,15,1200,1200,9
279e527e-b497-49b7-806f-c766b3d9219f,model.options.HGU.cane.20.json,30,15,1200,1200,12
52821c80-4c08-4609-ab47-0ce04090d2fe,model.options.HGU.cane.20.json,30,20,400,400,3
7022679f-1c7b-4004-8a9c-295a2d0b9490,model.options.HGU.cane.20.json,30,20,400,400,6
c313a65a-5e88-498b-9934-6be5a96d0eb1,model.options.HGU.cane.20.json,30,20,400,400,9
804aed86-a8c2-4099-ada7-2fa70471386c,model.options.HGU.cane.20.json,30,20,400,400,12
fcf1dca0-c826-46cc-923f-eb8556d9341f,model.options.HGU.cane.20.json,30,20,400,600,3
a8ac81d0-0d01-4d84-8439-48e9d34e1500,model.options.HGU.cane.20.json,30,20,400,600,6
5a509e1a-44cb-400f-9d41-26c2e81bf0a1,model.options.HGU.cane.20.json,30,20,400,600,9
c1b9d610-12ba-4f6a-b6cd-4cf973d6114e,model.options.HGU.cane.20.json,30,20,400,600,12
6435d1ed-64a6-44f0-9fd2-8394367cccaf,model.options.HGU.cane.20.json,30,20,400,1000,3
eeaa9bb3-4dc4-48dd-a380-69d9df149fee,model.options.HGU.cane.20.json,30,20,400,1000,6
db3cc752-0702-4d62-b7eb-3ae895d90282,model.options.HGU.cane.20.json,30,20,400,1000,9
a0648e0e-79ec-4231-946b-cdc3f9f4d9ba,model.options.HGU.cane.20.json,30,20,400,1000,12
a23dab09-8ca8-408f-8805-2cc603807541,model.options.HGU.cane.20.json,30,20,400,1200,3
2e8b63ee-e2d5-41f9-bb08-21bc9959396d,model.options.HGU.cane.20.json,30,20,400,1200,6
aba8888e-48a2-4cb1-9b8e-c23299c8dd1e,model.options.HGU.cane.20.json,30,20,400,1200,9
7a7aba42-84a4-4a40-a42b-9c696d318a73,model.options.HGU.cane.20.json,30,20,400,1200,12
93ddf14e-dae4-40c7-8844-68d613d55e22,model.options.HGU.cane.20.json,30,20,650,400,3
56c74c40-1719-4dbf-bdcc-69188155e1b0,model.options.HGU.cane.20.json,30,20,650,400,6
24c5a395-cde1-4173-b652-302626a952c2,model.options.HGU.cane.20.json,30,20,650,400,9
5f63f030-7b6a-4ebc-be3d-0d016a360350,model.options.HGU.cane.20.json,30,20,650,400,12
7313f419-6ebd-46a6-8a06-743a6d1eb3f0,model.options.HGU.cane.20.json,30,20,650,600,3
afda2514-c120-40d8-ab04-dd137356e892,model.options.HGU.cane.20.json,30,20,650,600,6
022262e9-c35e-4371-859a-9676b09168a3,model.options.HGU.cane.20.json,30,20,650,600,9
8d6c2cba-152e-46e5-bbf4-adf1e221d4cc,model.options.HGU.cane.20.json,30,20,650,600,12
d1147801-d8bd-4345-8ed4-e6b8438d4873,model.options.HGU.cane.20.json,30,20,650,1000,3
8a05f4e2-dbab-42d0-9774-1bed8692b655,model.options.HGU.cane.20.json,30,20,650,1000,6
b700f237-0027-4ab5-9941-71cd08e5812b,model.options.HGU.cane.20.json,30,20,650,1000,9
29a9af33-0065-4dc6-8507-03e81c0898d0,model.options.HGU.cane.20.json,30,20,650,1000,12
2817760f-b01b-489b-9f44-a57c56b18ffc,model.options.HGU.cane.20.json,30,20,650,1200,3
e33d34bf-b33a-4acc-ba06-8951fd42812e,model.options.HGU.cane.20.json,30,20,650,1200,6
70ac5ec8-5a7c-46c2-8468-06b5c253e004,model.options.HGU.cane.20.json,30,20,650,1200,9
708347c8-3fce-4b7e-846a-b068c094f13d,model.options.HGU.cane.20.json,30,20,650,1200,12
effd9383-eeec-42d4-9f41-ef2024eb19c7,model.options.HGU.cane.20.json,30,20,900,400,3
0122a94f-d855-431b-a285-e3fdab982333,model.options.HGU.cane.20.json,30,20,900,400,6
7f9924d1-7133-456a-abbe-7c5bfb448101,model.options.HGU.cane.20.json,30,20,900,400,9
1c54ef22-0ae9-4e51-b3b1-7425601fb747,model.options.HGU.cane.20.json,30,20,900,400,12
ba276e88-a7f8-44f0-9963-db2e9bb1a7a5,model.options.HGU.cane.20.json,30,20,900,600,3
d9ba2a75-67b4-4f10-9d6b-c130864227b4,model.options.HGU.cane.20.json,30,20,900,600,6
9b5418b5-58d8-4c67-aed8-30a3d2a7af18,model.options.HGU.cane.20.json,30,20,900,600,9
92e87eb4-6699-4401-a610-55e6cfaded46,model.options.HGU.cane.20.json,30,20,900,600,12
4512a9fe-a287-43d4-acf0-ef5e6eec5356,model.options.HGU.cane.20.json,30,20,900,1000,3
af1078b1-1c21-4e07-83f8-15df716d682b,model.options.HGU.cane.20.json,30,20,900,1000,6
ed521c0b-059a-457b-9a8f-3ee1e18e5add,model.options.HGU.cane.20.json,30,20,900,1000,9
90419172-1914-491d-b33d-8a9b8007fdaa,model.options.HGU.cane.20.json,30,20,900,1000,12
f9900dc3-56c8-4184-a4ca-69ab36008166,model.options.HGU.cane.20.json,30,20,900,1200,3
408a53a5-e135-463f-852c-7d1cd7421848,model.options.HGU.cane.20.json,30,20,900,1200,6
2f9beb0b-8b23-4b89-b52b-67098fa7bece,model.options.HGU.cane.20.json,30,20,900,1200,9
e3cc98c4-c63a-4d11-a370-421732ba543b,model.options.HGU.cane.20.json,30,20,900,1200,12
5d5b732c-5191-4fc5-833c-0aa75af3d4a6,model.options.HGU.cane.20.json,30,20,1200,400,3
1310da6f-469e-4316-adfa-9875dcf91612,model.options.HGU.cane.20.json,30,20,1200,400,6
1305f089-6a84-4546-9a39-edefe80b1227,model.options.HGU.cane.20.json,30,20,1200,400,9
a5278f3f-3a5c-4ec2-89ba-906146e6f52f,model.options.HGU.cane.20.json,30,20,1200,400,12
c72ebd81-79bd-4293-87cc-2c760088276d,model.options.HGU.cane.20.json,30,20,1200,600,3
19e9cbbb-cc19-4979-a219-9e9fe1ee5337,model.options.HGU.cane.20.json,30,20,1200,600,6
b4f943ae-4b19-4cb3-939b-299923d44148,model.options.HGU.cane.20.json,30,20,1200,600,9
e4b638d2-3a19-4dcd-93e2-b5be1852f43e,model.options.HGU.cane.20.json,30,20,1200,600,12
192c0398-e42e-46d9-b233-216001d9f80c,model.options.HGU.cane.20.json,30,20,1200,1000,3
b246ca2e-09cc-4709-9071-141a9655ff4c,model.options.HGU.cane.20.json,30,20,1200,1000,6
307e1efe-f239-4866-878b-525446855e17,model.options.HGU.cane.20.json,30,20,1200,1000,9
ed1abe36-7d10-4841-b169-8a246675e0a4,model.options.HGU.cane.20.json,30,20,1200,1000,12
ac62b6b0-0dc9-400e-952b-d5404c8f6a9d,model.options.HGU.cane.20.json,30,20,1200,1200,3
d073648a-4b13-4df3-ab0d-cdb47ec47e53,model.options.HGU.cane.20.json,30,20,1200,1200,6
5bdb7956-79f2-4142-9bce-ed5d50530371,model.options.HGU.cane.20.json,30,20,1200,1200,9
56ff827e-388d-414a-ae87-a6758c446a94,model.options.HGU.cane.20.json,30,20,1200,1200,12
